site_uid,source,source_site_id,agency,aoe_seed,seed_exclusion_reason,nldi_basin_km2,nldi_basin_flag,nldi_basin_method,nitrate_begin,nitrate_end,physical_gauge_group,is_group_canonical,merge_rule,merge_sep_m,merge_shared_days,merge_r,merge_median_diff,merge_seam_date,merge_decided_by,lat,lon,datum,state,county,huc,tz,station_name,source_drainage_area_km2,altitude_m,site_type_raw,first_day,last_day,n_nitrate_days,longest_gap_d,regime,pcodes,params_available,reported_units,channels_declared,census_source,fetch_skip_reason,detection_limit,comid,catchment_comid,comid_agree,snap_dist_m,snap_pos_m,snap_status,snap_rule,stream_order,stream_level,terminal_path,pathlength_km,totma_d,catchment_area_km2,site_type,site_type_source,site_type_conflict,nearest_nitrate_sensor_m,nearest_gauge_m,excluded_reason,channels_present,n_days_nitrate,n_days_discharge,n_days_gage_height,n_days_water_temp,n_days_spec_cond,n_days_turbidity_fnu,n_days_turbidity_ntu,n_days_turbidity_unknown,n_days_diss_oxy,n_days_ph,n_days_fdom,n_days_fchl,n_days_fpc,n_days_orthophosphate,FTYPE,WBAreaType,WBAREACOMI,LakeFract,Tidal,StreamOrde,ambiguity
USGS:00004263,USGS,00004263,USGS,False,no_nitrate_series,,,,,,USGS:00004263,True,singleton,,,,,,n/a,29.7694722222222,-91.1721111111111,,la,St. Martin Parish,080903020303,America/Chicago,SSS-RT-005 Jean Lafitte,,,Stream,,,,,continuous,,,,gage_height,census,,,15182047,11063681,False,570.48,3505.61,far,nearest,4,2,350002528,42.0,-9999.0,13.7952,stream,usgs_site_type,nhd_tidal,1296.5445399240502,,,,,,,,,,,,,,,,,,ArtificialPath,StreamRiver,120049891,,1.0,4.0,conflict_tidal
USGS:00004264,USGS,00004264,USGS,False,no_nitrate_series,,,,,,USGS:00004264,True,singleton,,,,,,n/a,30.5496111111111,-91.8590833333333,,la,St. Landry Parish,080801010203,America/Chicago,"Bayou Des Families on Hwy 3134 N Jean Lafitte, La",,,Stream,,,,,continuous,,,,gage_height,census,,,938080287,938080287,True,374.72,1294.92,ok,nearest,1,4,350002528,200.0,-9999.0,2.1096,stream,usgs_site_type,nhd_tidal,592.926979396715,,,,,,,,,,,,,,,,,,StreamRiver, ,0,,1.0,1.0,conflict_tidal
USGS:00004267,USGS,00004267,USGS,False,no_nitrate_series,,,,,,USGS:00004267,True,singleton,,,,,,n/a,29.7869444444444,-91.5224166666667,,la,St. Mary Parish,080801020903,America/Chicago,Baro 1,,,Stream,,,,,continuous,,,,gage_height+spec_cond+water_temp,census,,,25386919,15154384,False,2330.85,19095.65,far,nearest,6,2,350002528,56.0,-9999.0,109.5741,stream,usgs_site_type,nhd_tidal,2327.8151188612796,,,,,,,,,,,,,,,,,,ArtificialPath,StreamRiver,22370845,,1.0,6.0,conflict_tidal
USGS:01069800,USGS,01069800,USGS,False,no_nitrate_series,,,,,,USGS:01069800,True,singleton,,,,,,n/a,43.3327222222222,-70.5707861111111,NGVD29,me,York County,010600031102,America/New_York,"BLACKSMITH BROOK AT WELLS, ME",7.0965671200000005,12.192,Stream,,,,,continuous,,,,discharge,census,,,5845750,5844562,False,284.19,0.0,ok,area,1,2,150013230,1.0,-9999.0,0.9675,stream,usgs_site_type,nhd_tidal,5283.239318197003,,,,,,,,,,,,,,,,,,ArtificialPath, ,5843738,0.456337164816,1.0,1.0,conflict_tidal
USGS:01073785,USGS,01073785,USGS,False,no_nitrate_series,,,,,,USGS:01073785,True,singleton,,,,,,n/a,43.0358333333333,-70.8475,NAVD88,nh,Rockingham County,010600030901,America/New_York,"WINNICUT RIVER AT GREENLAND, NR PORTSMOUTH, NH",36.518830799999996,1.609344,Stream,,,0,,continuous,,00060_dv,,discharge+gage_height,census,,,5845268,5845268,True,31.38,1832.33,ok,nearest,2,3,150004358,23.0,-9999.0,1.9872,stream,usgs_site_type,nhd_tidal,104.51397788325508,,,discharge,0,6800,0,0,0,0,0,0,0,0,0,0,0,0,StreamRiver, ,0,,1.0,2.0,conflict_tidal
USGS:01073822,USGS,01073822,USGS,False,no_nitrate_series,,,,,,USGS:01073822,True,singleton,,,,,,n/a,42.964812174387,-70.7969969304715,NGVD29,nh,Rockingham County,010600031005,America/New_York,"LITTLE RIVER AT WOODLAND ROAD, NEAR HAMPTON, NH",15.85072656,4.572,Stream,,,,,continuous,,,,discharge+gage_height,census,,,931060010,931060010,True,38.7,285.55,ok,nearest,2,1,150020748,0.0,-9999.0,1.854,stream,usgs_site_type,nhd_tidal,8866.101420587953,,,,,,,,,,,,,,,,,,StreamRiver, ,0,,1.0,2.0,conflict_tidal
USGS:01100671,USGS,01100671,USGS,False,no_nitrate_series,,,,,,USGS:01100671,True,singleton,,,,,,n/a,42.7674444444444,-71.1111111111111,NAVD88,ma,Essex County,010700061402,America/New_York,"MERRIMACK RIVER DS STANLEY ISLAND. HAVERHILL, MA",12561.4418,1.8288000000000002,Stream,,,0,,continuous,,00010+00095+00300,,diss_oxy+spec_cond+water_temp,census,,,6745920,6745920,True,13.8,1688.06,ok,nearest,7,1,150002552,31.0,-9999.0,8.4348,stream,usgs_site_type,nhd_tidal,2359.1227741017965,,,water_temp+spec_cond+diss_oxy,0,0,0,58,29,0,0,0,58,0,0,0,0,0,ArtificialPath,StreamRiver,120049678,,1.0,7.0,conflict_tidal
USGS:01100693,USGS,01100693,USGS,False,no_nitrate_series,,,,,,USGS:01100693,True,singleton,,,,,,n/a,42.772777777777776,-71.08305555555555,NAVD88,ma,Essex County,01090002,America/New_York,"MERRIMACK R 0.3 MILES U.S.RT 125 AT HAVERHILL,MA",12561.4418,-0.24384000000000003,Stream,,,0,,continuous,,00065_dv,,gage_height,census,,,6745900,6745900,True,79.54,162.27,ok,nearest,7,1,150002552,28.0,-9999.0,3.8286,stream,usgs_site_type,nhd_tidal,2359.1227741017965,,,gage_height,0,0,6107,0,0,0,0,0,0,0,0,0,0,0,ArtificialPath,StreamRiver,120049678,,1.0,7.0,conflict_tidal
USGS:01102029,USGS,01102029,USGS,False,no_nitrate_series,,,,,,USGS:01102029,True,singleton,,,,,,n/a,42.6517617662602,-70.6300440165245,NGVD29,ma,Essex County,010900010305,America/New_York,"MILL BROOK AT PUMP HOUSE AT ROCKPORT, MA",1.4244934,18.288,Stream,,,,,continuous,,,,discharge,census,,,5860417,5860417,True,26.01,315.07,ok,nearest,1,1,150001940,0.0,-9999.0,1.9593,stream,usgs_site_type,nhd_tidal,2225.4679719422634,,,,,,,,,,,,,,,,,,StreamRiver, ,0,,1.0,1.0,conflict_tidal
USGS:01102500,USGS,01102500,USGS,False,no_nitrate_series,,,,,,USGS:01102500,True,singleton,,,,,,n/a,42.4474567984868,-71.1380815588903,NAVD88,ma,Middlesex County,010900010501,America/New_York,"ABERJONA RIVER AT WINCHESTER, MA",63.454706,-0.24384000000000003,Stream,,,0,,continuous,,00060_dv+00065_dv,,discharge+gage_height,census,,,5867393,5867393,True,25.73,798.81,ok,nearest,3,1,150010033,13.0,-9999.0,2.3409,stream,usgs_site_type,nhd_tidal,3018.8306707503025,,,discharge,0,6794,0,0,0,0,0,0,0,0,0,0,0,0,StreamRiver, ,0,,1.0,3.0,conflict_tidal
USGS:01103010,USGS,01103010,USGS,False,no_nitrate_series,,,,,,USGS:01103010,True,singleton,,,,,,n/a,42.42066666666666,-71.14269444444444,,ma,Middlesex County,010900010502,America/New_York,"MYSTIC RIVER AT ARLINGTON, MA",,,Stream,,,0,,continuous,,00060_dv,,discharge,census,,,5866399,5866399,True,1.07,289.9,ok,nearest,3,1,150010033,9.0,-9999.0,1.5237,stream,usgs_site_type,nhd_tidal,1696.9333487820359,,,discharge,0,893,0,0,0,0,0,0,0,0,0,0,0,0,StreamRiver, ,0,,1.0,3.0,conflict_tidal
USGS:01103038,USGS,01103038,USGS,False,no_nitrate_series,,,,,,USGS:01103038,True,distinct,2302.98,66,-0.1568,-1.5192,,rule,42.4177777777778,-71.0731666666667,,ma,Middlesex County,010900010502,America/New_York,"MALDEN RIVER AT MALDEN, MA",,,Stream,,,0,,continuous,,00060_dv,,discharge,census,,,5867675,5867675,True,2168.29,2781.43,far,nearest,3,1,150010033,3.0,-9999.0,40.8996,stream,usgs_site_type,nhd_tidal,2302.98351992381,,,discharge,0,66,0,0,0,0,0,0,0,0,0,0,0,0,ArtificialPath,StreamRiver,9344157,,1.0,3.0,conflict_tidal
USGS:01103040,USGS,01103040,USGS,False,no_nitrate_series,,,,,,USGS:01103040,True,distinct,2302.98,66,-0.1568,-1.5192,,rule,42.4057222222222,-71.096,,ma,Middlesex County,010900010502,America/New_York,"MYSTIC RIVER RT 16 AT MEDFORD, MA",,,Stream,,,0,,continuous,,00060_dv,,discharge,census,,,5867675,5867675,True,28.39,1218.55,ok,nearest,3,1,150010033,3.0,-9999.0,40.8996,stream,usgs_site_type,nhd_tidal,2060.282438894448,,,discharge,0,350,0,0,0,0,0,0,0,0,0,0,0,0,ArtificialPath,StreamRiver,9344157,,1.0,3.0,conflict_tidal
USGS:01104630,USGS,01104630,USGS,False,no_nitrate_series,,,,,,USGS:01104630,True,singleton,,,,,,n/a,42.3356526569277,-71.1958877610399,NGVD29,ma,Middlesex County,010900010704,America/New_York,"LAUNDRY BROOK AT NEWTON CENTER, MA",0.93239568,42.062400000000004,Stream,,,,,continuous,,,,discharge,census,,,5867725,5867403,False,3010.58,240.43,far,nearest,4,1,150004875,12.0,-9999.0,1.017,stream,usgs_site_type,nhd_tidal,3299.3360711425717,,,,,,,,,,,,,,,,,,ArtificialPath,StreamRiver,9344177,,1.0,4.0,conflict_tidal
USGS:01104660,USGS,01104660,USGS,False,no_nitrate_series,,,,,,USGS:01104660,True,singleton,,,,,,n/a,42.3562081102117,-71.1550534879348,NGVD29,ma,Suffolk County,010900010704,America/New_York,"FANEUIL BROOK AT BRIGHTON, MA",3.884982,6.096,Stream,,,,,continuous,,,,discharge,census,,,5867719,5867719,True,385.06,1241.78,ok,nearest,4,1,150004875,6.0,-9999.0,17.5401,stream,usgs_site_type,nhd_tidal,3000.4749892021155,,,,,,,,,,,,,,,,,,ArtificialPath,StreamRiver,9344177,,1.0,4.0,conflict_tidal
USGS:01104687,USGS,01104687,USGS,False,no_nitrate_series,,,,,,USGS:01104687,True,singleton,,,,,,n/a,42.3181534130903,-71.1022739765455,NGVD29,ma,Suffolk County,010900010704,America/New_York,"STONY BROOK AT ROXBURY, MA",33.98064256,9.144,Stream,,,,,continuous,,,,discharge,census,,,5867717,5867717,True,3821.48,2391.77,far,nearest,4,1,150004875,0.0,-9999.0,76.0644,stream,usgs_site_type,nhd_tidal,2249.2815192701514,,,,,,,,,,,,,,,,,,ArtificialPath,StreamRiver,9344177,,1.0,4.0,conflict_tidal
USGS:0110587880,USGS,0110587880,USGS,False,no_nitrate_series,,,,,,USGS:0110587880,True,singleton,,,,,,n/a,41.75747491277105,-70.5002818250568,,ma,Barnstable County,010900020201,America/New_York,"MILL CREEK AT SANDWICH, MA",,,Stream,,,0,,continuous,,00060_dv+00065_dv,,discharge+gage_height,census,,,5878875,5878875,True,16.09,108.21,ok,nearest,1,1,150029947,0.0,-9999.0,2.1249,stream,usgs_site_type,nhd_tidal,10923.859741312934,,,discharge,0,396,0,0,0,0,0,0,0,0,0,0,0,0,StreamRiver, ,0,,1.0,1.0,conflict_tidal
USGS:0110588374,USGS,0110588374,USGS,False,no_nitrate_series,,,,,,USGS:0110588374,True,singleton,,,,,,n/a,41.5781646664166,-70.563362327426,,ma,Barnstable County,010900020203,America/New_York,"BACKUS RIVER, AT RT. 28, NEAR E. FALMOUTH, MA",4.73967804,,Stream,,,,,continuous,,,,discharge,census,,,5879063,5879819,False,847.87,0.0,far,nearest,1,1,150026436,0.0,-9999.0,5.5368,stream,usgs_site_type,nhd_tidal,2386.881316741833,,,,,,,,,,,,,,,,,,ArtificialPath, ,5878495,1.0,1.0,1.0,conflict_tidal
USGS:01105885,USGS,01105885,USGS,False,no_nitrate_series,,,,,,USGS:01105885,True,singleton,,,,,,n/a,41.7756603112363,-70.6303099590069,,ma,Plymouth County,010900020304,America/New_York,"RED BROOK BELOW RT 25 NEAR WAREHAM, MA",23.67249032,,Stream,,,,,continuous,,,,discharge+gage_height,census,,,5879349,5879349,True,1287.26,1506.17,far,nearest,-9,-9,150000002,-9999.0,-9999.0,39.0168,stream,usgs_site_type,nhd_tidal,10266.028119838,,,,,,,,,,,,,,,,,,Coastline, ,0,,0.0,-9.0,conflict_tidal
USGS:01109100,USGS,01109100,USGS,False,no_nitrate_series,,,,,,USGS:01109100,True,singleton,,,,,,n/a,41.7587131471939,-71.1164332497006,,ma,Bristol County,010900040804,America/New_York,"TAUNTON RIVER TRIBUTARY NEAR FALL RIVER, MA",0.59569724,,Stream,,,,,continuous,,,,discharge+gage_height,census,,,6130117,6130117,True,893.9,400.22,far,mainstem,5,1,150004991,8.0,-9999.0,2.4012,stream,usgs_site_type,nhd_tidal,3021.632299633545,,,,,,,,,,,,,,,,,,ArtificialPath,StreamRiver,6167230,,1.0,5.0,conflict_tidal
USGS:01109220,USGS,01109220,USGS,False,no_nitrate_series,,,,,,USGS:01109220,True,singleton,,,,,,n/a,41.8092676660746,-71.277827867264,,ma,Bristol County,010900040701,America/New_York,"PALMER RIVER AT SOUTH REHOBOTH, MA",80.03062919999999,,Stream,,,0,,continuous,,00060_dv+00065_dv,,discharge+gage_height,census,,,6128729,6128729,True,46.64,92.14,ok,nearest,3,2,150008947,14.0,-9999.0,0.5049,stream,usgs_site_type,nhd_tidal,4816.0035692340625,,,discharge,0,652,0,0,0,0,0,0,0,0,0,0,0,0,StreamRiver, ,0,,1.0,3.0,conflict_tidal
USGS:01109300,USGS,01109300,USGS,False,no_nitrate_series,,,,,,USGS:01109300,True,singleton,,,,,,n/a,41.8053783322936,-71.3731100657579,,ri,Providence County,010900040901,America/New_York,"METACOMET BROOK AT EAST PROVIDENCE, RI",2.12379016,,Stream,,,,,continuous,,,,discharge+gage_height,census,,,6134063,6134063,True,1270.41,1734.4,far,nearest,5,1,150003572,4.0,-9999.0,19.4895,stream,usgs_site_type,nhd_tidal,3421.3053460462716,,,,,,,,,,,,,,,,,,ArtificialPath,StreamRiver,6166924,,1.0,5.0,conflict_tidal
USGS:01114000,USGS,01114000,USGS,False,no_nitrate_series,,,,,,USGS:01114000,True,singleton,,,,,,n/a,41.8339890034243,-71.410612084192,NAVD88,ri,Providence County,010900040501,America/New_York,"MOSHASSUCK RIVER AT PROVIDENCE, RI",59.8287228,2.16408,Stream,,,0,,continuous,,00060_dv+00065_dv,,discharge+gage_height,census,,,167237335,167237335,True,44.73,1185.9,ok,nearest,2,3,150003572,13.0,-9999.0,2.7558,stream,usgs_site_type,nhd_tidal,4451.343499398537,,,discharge,0,6597,0,0,0,0,0,0,0,0,0,0,0,0,StreamRiver, ,0,,1.0,2.0,conflict_tidal
USGS:01118700,USGS,01118700,USGS,False,no_nitrate_series,,,,,,USGS:01118700,True,singleton,,,,,,n/a,41.39470723169179,-71.96060963071643,NAVD88,ct,Southeastern Connecticut Planning Region,011000030301,America/New_York,"WHITFORD BK AT OLD MYSTIC,CT.",38.3318224,2.6609040000000004,Stream,,,0,,continuous,,00060_dv+00065_dv,,discharge+gage_height,census,,,6168776,6168776,True,38.3,263.6,ok,nearest,3,1,150013117,5.0,-9999.0,0.7065,stream,usgs_site_type,nhd_tidal,1537.584685184777,,,discharge+gage_height,0,1180,1180,0,0,0,0,0,0,0,0,0,0,0,StreamRiver, ,0,,1.0,3.0,conflict_tidal
USGS:01119000,USGS,01119000,USGS,False,no_nitrate_series,,,,,,USGS:01119000,True,singleton,,,,,,n/a,41.3491524537638,-72.03755690635064,NAVD88,ct,Southeastern Connecticut Planning Region,011000030302,America/New_York,GREAT BK AT POQUONOCK BRIDGE CT,36.518830799999996,3.3528000000000002,Stream,,,,,continuous,,,,discharge+gage_height,census,,,6170530,6170530,True,14.62,170.54,ok,nearest,3,1,150014226,0.0,-9999.0,0.3978,stream,usgs_site_type,nhd_tidal,51.107199500352266,,,,,,,,,,,,,,,,,,StreamRiver, ,0,,1.0,3.0,conflict_tidal
USGS:01119001,USGS,01119001,USGS,False,no_nitrate_series,,,,,,USGS:01119001,True,singleton,,,,,,n/a,41.34890277777778,-72.03807222222223,NAVD88,ct,Southeastern Connecticut Planning Region,011000030302,America/New_York,"POQUONNOCK RIVER AT LONG HILL, CT",39.8858152,-0.85344,Stream,,,,,continuous,,,,discharge+gage_height,census,,,6170530,6170530,True,6.4,217.12,ok,nearest,3,1,150014226,0.0,-9999.0,0.3978,stream,usgs_site_type,nhd_tidal,51.107199500352266,,,,,,,,,,,,,,,,,,StreamRiver, ,0,,1.0,3.0,conflict_tidal
USGS:011277916,USGS,011277916,USGS,False,no_nitrate_series,,,,,,USGS:011277916,True,singleton,,,,,,n/a,41.35944444444445,-72.17527777777778,NAVD88,ct,Southeastern Connecticut Planning Region,011000030304,America/New_York,"Stony Brook at Rt 1 near Flanders, CT",4.81737768,6.7056000000000004,Stream,,,0,,continuous,,00010_dv+00060_dv+00065_dv,,discharge+gage_height+water_temp,census,,,6170302,6170302,True,3.24,3560.98,ok,nearest,1,2,150008406,4.0,-9999.0,5.5998,stream,usgs_site_type,nhd_tidal,2050.791360021364,,,discharge+water_temp,0,1466,0,1314,0,0,0,0,0,0,0,0,0,0,StreamRiver, ,0,,1.0,1.0,conflict_tidal
USGS:01192700,USGS,01192700,USGS,False,no_nitrate_series,,,,,,USGS:01192700,True,singleton,,,,,,n/a,41.61887498826707,-72.71285451854595,NAVD88,ct,Capitol Planning Region,010802050603,America/New_York,"MATTABESSET R AT EAST BERLIN, CT",120.434442,8.8392,Stream,,,,,continuous,,,,discharge+gage_height,census,,,7700366,7700366,True,40.34,1160.75,ok,nearest,3,2,150002258,59.0,-9999.0,4.7466,stream,usgs_site_type,nhd_tidal,1226.2077516754355,,,,,,,,,,,,,,,,,,StreamRiver, ,0,,1.0,3.0,conflict_tidal
USGS:01192704,USGS,01192704,USGS,False,no_nitrate_series,,,,,,USGS:01192704,True,singleton,,,,,,n/a,41.60804176386078,-72.71507689306593,NAVD88,ct,Capitol Planning Region,010802050603,America/New_York,MATTABESSET RIVER AT ROUTE 372 AT EAST BERLIN,124.5784228,4.2672,Stream,,,,,continuous,,,,discharge+gage_height+water_temp,census,,,7700366,7700366,True,7.95,2578.63,ok,nearest,3,2,150002258,59.0,-9999.0,4.7466,stream,usgs_site_type,nhd_tidal,1226.2077516754355,,,,,,,,,,,,,,,,,,StreamRiver, ,0,,1.0,3.0,conflict_tidal
USGS:01193630,USGS,01193630,USGS,False,no_nitrate_series,,,,,,USGS:01193630,True,singleton,,,,,,n/a,41.51693052611044,-72.48257002659771,NAVD88,ct,Lower Connecticut River Valley Planning Region,010802050805,America/New_York,"SALMON R, AT LEESVILLE FISHWAY, AT LEESVILLE, CT",287.488668,3.3528000000000002,Stream,,,,,continuous,,,,water_temp,census,,,7700526,7701238,False,59.55,6.07,ok,mainstem,4,2,150002258,33.0,-9999.0,0.414,stream,usgs_site_type,nhd_tidal,4817.5910721044,,,,,,,,,,,,,,,,,,StreamRiver, ,0,,1.0,4.0,conflict_tidal
USGS:01194825,USGS,01194825,USGS,False,no_nitrate_series,,,,,,USGS:01194825,True,singleton,,,,,,n/a,41.26304349869282,-72.34284518083554,NAVD88,ct,Lower Connecticut River Valley Planning Region,020302030000,America/New_York,"CONNECTICUT RIVER NR OLD SAYBROOK, CT",29186.574772,-1.2192,Stream,,,,,continuous,,,,discharge+gage_height,census,,,6178582,,,623.9,5541.02,far,nearest,-9,-9,150000002,-9999.0,-9999.0,1.1286,stream,usgs_site_type,nhd_tidal,5540.863378936326,,,,,,,,,,,,,,,,,,Coastline, ,0,,0.0,-9.0,conflict_tidal
USGS:01195200,USGS,01195200,USGS,False,no_nitrate_series,,,,,,USGS:01195200,True,singleton,,,,,,n/a,41.28248891237071,-72.61924284929347,NAVD88,ct,South Central Connecticut Planning Region,011000040203,America/New_York,"NECK R NR MADISON, CT.",16.9644214,3.6576000000000004,Stream,,,,,continuous,,,,discharge+gage_height,census,,,6177942,6177942,True,42.28,267.11,ok,nearest,2,2,150011460,2.0,-9999.0,1.5102,stream,usgs_site_type,nhd_tidal,7794.705052080943,,,,,,,,,,,,,,,,,,StreamRiver, ,0,,1.0,2.0,conflict_tidal
USGS:01301000,USGS,01301000,USGS,False,no_nitrate_series,,,,,,USGS:01301000,True,singleton,,,,,,n/a,40.9543333333333,-73.7345833333333,NGVD29,ny,Westchester County,020301020202,America/New_York,MAMARONECK RIVER AT MAMARONECK NY,58.533728800000006,3.4930080000000006,Stream,,,,,continuous,,,,discharge+gage_height,census,,,6241841,6241841,True,18.01,191.33,ok,nearest,3,1,200025171,0.0,-9999.0,0.6237,stream,usgs_site_type,nhd_tidal,1610.5842515735985,,,,,,,,,,,,,,,,,,StreamRiver, ,0,,1.0,3.0,conflict_tidal
USGS:01302050,USGS,01302050,USGS,False,no_nitrate_series,,,,,,USGS:01302050,True,singleton,,,,,,n/a,40.756417,-73.746417,,ny,Queens County,020302010101,America/New_York,ALLEY CREEK NEAR OAKLAND GARDENS NY,1.7611918400000002,,Stream,,,0,,continuous,,00060_dv+00065_dv,,discharge+gage_height,census,,,9509830,9509830,True,154.94,0.0,ok,nearest,1,1,200073612,0.0,-9999.0,2.4246,stream,usgs_site_type,nhd_tidal,1883.959678920573,,,discharge+gage_height,0,1947,397,0,0,0,0,0,0,0,0,0,0,0,ArtificialPath, ,9508820,1.0,1.0,1.0,conflict_tidal
USGS:01302125,USGS,01302125,USGS,False,no_nitrate_series,,,,,,USGS:01302125,True,singleton,,,,,,n/a,40.7731666666667,-73.7443333333333,NGVD29,ny,Queens County,020302010101,America/New_York,GABBLERS CREEK AT LITTLE NECK NY,1.34679376,3.048,Stream,,,0,,continuous,,00060_dv+00065_dv,,discharge+gage_height,census,,,9510054,9510048,False,761.6,1399.42,far,nearest,-9,-9,150000002,-9999.0,0.0,1.1898,stream,usgs_site_type,nhd_tidal,1883.959678920573,,,discharge,0,1368,0,0,0,0,0,0,0,0,0,0,0,0,Coastline, ,0,,0.0,-9.0,conflict_tidal
USGS:01303000,USGS,01303000,USGS,False,no_nitrate_series,,,,,,USGS:01303000,True,singleton,,,,,,n/a,40.8874166666667,-73.5631944444444,NGVD29,ny,Nassau County,020302010201,America/New_York,MILL NECK CREEK AT MILL NECK NY,22.22209704,1.9781520000000001,Stream,,,0,,continuous,,00060_dv+00065_dv,,discharge+gage_height,census,,,9509162,9509792,False,74.7,0.0,ok,mainstem,1,1,200034644,0.0,-9999.0,0.0018,stream,usgs_site_type,nhd_tidal,2452.1959021941866,,,discharge,0,5706,0,0,0,0,0,0,0,0,0,0,0,0,StreamRiver, ,0,,1.0,1.0,conflict_tidal
USGS:01303500,USGS,01303500,USGS,False,no_nitrate_series,,,,,,USGS:01303500,True,singleton,,,,,,n/a,40.8571666666667,-73.4635555555556,NGVD29,ny,Nassau County,020302010202,America/New_York,COLD SPRING BROOK AT COLD SPRING HARBOR NY,20.27960604,1.639824,Stream,,,0,,continuous,,00060_dv+00065_dv,,discharge+gage_height,census,,,9509194,9509194,True,5.77,15.14,ok,mainstem,1,1,200047091,0.0,-9999.0,0.0522,stream,usgs_site_type,nhd_tidal,2168.0575744571156,,,discharge,0,6801,0,0,0,0,0,0,0,0,0,0,0,0,StreamRiver, ,0,,1.0,1.0,conflict_tidal
USGS:01304000,USGS,01304000,USGS,False,no_nitrate_series,,,,,,USGS:01304000,True,singleton,,,,,,n/a,40.84991666666667,-73.22422222222222,NGVD29,ny,Suffolk County,020302010302,America/New_York,NISSEQUOGUE RIVER NEAR SMITHTOWN NY,69.929676,2.923032,Stream,,,0,,continuous,,00010+00060+00065+00095+00300,,discharge+diss_oxy+gage_height+spec_cond+water_temp,census,,,9509670,9509670,True,32.6,229.98,ok,nearest,2,1,200028570,9.0,-9999.0,2.2941,stream,usgs_site_type,nhd_tidal,2488.7651018164374,,,discharge+gage_height+water_temp+spec_cond+diss_oxy,0,4986,4986,525,525,0,0,0,525,0,0,0,0,0,StreamRiver, ,0,,1.0,2.0,conflict_tidal
USGS:01304010,USGS,01304010,USGS,False,no_nitrate_series,,,,,,USGS:01304010,True,singleton,,,,,,n/a,40.863583,-73.20075,,ny,Suffolk County,020302010302,America/New_York,"NISSEQUOGUE RIVER AT LANDING AVE AT SMITHTOWN, NY",,,Stream,,,0,,continuous,,00010+00095+00300+00400+63680,,diss_oxy+ph+spec_cond+turbidity_fnu+water_temp,census,,,9509666,9509666,True,20.55,1447.75,ok,nearest,2,1,200028570,7.0,-9999.0,6.8706,stream,usgs_site_type,nhd_tidal,2488.7651018164374,,,water_temp+spec_cond+turbidity_fnu+diss_oxy+ph,0,0,0,6,6,6,0,0,6,6,0,0,0,0,StreamRiver, ,0,,1.0,2.0,conflict_tidal
USGS:01304500,USGS,01304500,USGS,False,no_nitrate_series,,,,,,USGS:01304500,True,singleton,,,,,,n/a,40.9136944444444,-72.6869444444444,NGVD29,ny,Suffolk County,020302020503,America/New_York,PECONIC RIVER AT RIVERHEAD NY,193.4721036,1.993392,Stream,,,0,,continuous,,00060_dv+00065_dv,,discharge+gage_height,census,,,9496622,9496622,True,25.89,2333.29,ok,nearest,3,1,200016572,4.0,-9999.0,33.9048,stream,usgs_site_type,nhd_tidal,4059.114190651219,,,discharge,0,6799,0,0,0,0,0,0,0,0,0,0,0,0,ArtificialPath,StreamRiver,9508436,,1.0,3.0,conflict_tidal
USGS:0130469525,USGS,0130469525,USGS,False,no_nitrate_series,,,,,,USGS:0130469525,True,singleton,,,,,,n/a,40.9530833333333,-72.1843888888889,,ny,Suffolk County,020302020606,America/New_York,"Hook Pond (QW Site 10) at East Hampton, NY",,,"Lake, Reservoir, Impoundment",,,0,,continuous,,00010+00095,,spec_cond+water_temp,census,,,9496914,9496914,True,660.97,4591.59,far,nearest,-9,-9,150000002,-9999.0,0.0,25.3872,lake,usgs_site_type,nhd_tidal,15057.770412927504,,,water_temp+spec_cond,0,0,0,358,324,0,0,0,0,0,0,0,0,0,Coastline, ,0,,0.0,-9.0,conflict_tidal
USGS:01305500,USGS,01305500,USGS,False,no_nitrate_series,,,,,,USGS:01305500,True,singleton,,,,,,n/a,40.76725,-72.9938333333333,NGVD29,ny,Suffolk County,020302020304,America/New_York,SWAN RIVER AT EAST PATCHOGUE NY,20.90120316,0.865632,Stream,,,0,,continuous,,00060_dv+00065_dv,,discharge+gage_height,census,,,9496468,9496468,True,0.72,77.62,ok,nearest,1,1,200052776,1.0,-9999.0,0.3348,stream,usgs_site_type,nhd_tidal,2245.1929089906694,,,discharge,0,6802,0,0,0,0,0,0,0,0,0,0,0,0,StreamRiver, ,0,,1.0,1.0,conflict_tidal
USGS:01306000,USGS,01306000,USGS,False,no_nitrate_series,,,,,,USGS:01306000,True,singleton,,,,,,n/a,40.76555555555556,-73.02055555555556,NGVD29,ny,Suffolk County,020302020303,America/New_York,PATCHOGUE RIVER AT PATCHOGUE NY,34.7058392,0.1524,Stream,,,,,continuous,,,,discharge+gage_height,census,,,9499616,9499616,True,15.72,237.58,ok,nearest,1,1,200042874,1.0,-9999.0,0.6552,stream,usgs_site_type,nhd_tidal,2245.1929089906694,,,,,,,,,,,,,,,,,,StreamRiver, ,0,,1.0,1.0,conflict_tidal
USGS:01306495,USGS,01306495,USGS,False,no_nitrate_series,,,,,,USGS:01306495,True,distinct,9.75,2805,0.4417,-0.2048,,rule,40.747583,-73.150389,,ny,Suffolk County,020302020401,America/New_York,CONNETQUOT RIVER DISTRIBUTARY NEAR OAKDALE NY,71.63906808,,Stream,,,0,,continuous,,00010+00060+00065+00095+00300+00400+63680,,discharge+diss_oxy+gage_height+ph+spec_cond+turbidity_fnu+water_temp,census,,,9499636,9499636,True,20.96,326.63,ok,nearest,2,1,200029815,5.0,-9999.0,0.2511,stream,usgs_site_type,nhd_tidal,0.0384739548813093,,,discharge+gage_height+water_temp+spec_cond+turbidity_fnu+diss_oxy+ph,0,2807,2913,76,76,76,0,0,76,76,0,0,0,0,StreamRiver, ,0,,1.0,2.0,conflict_tidal
USGS:01306499,USGS,01306499,USGS,False,no_nitrate_series,,,,,,USGS:01306499,True,distinct,9.78,2829,0.9423,-0.4531,,rule,40.74749661014772,-73.15037486497847,,ny,Suffolk County,020302020401,America/New_York,CONNETQUOT RIVER NEAR NORTH GREAT RIVER NY,,,Stream,,,0,,continuous,,00060_dv+00065_dv,,discharge+gage_height,census,,,9499636,9499636,True,22.56,336.25,ok,nearest,2,1,200029815,5.0,-9999.0,0.2511,stream,usgs_site_type,nhd_tidal,9.747427014008252,,,discharge,0,2829,0,0,0,0,0,0,0,0,0,0,0,0,StreamRiver, ,0,,1.0,2.0,conflict_tidal
USGS:01306500,USGS,01306500,USGS,False,no_nitrate_series,,,,,,USGS:01306500,True,distinct,9.78,2829,0.9423,-0.4531,,rule,40.7475833333333,-73.1503888888889,,ny,Suffolk County,020302020401,America/New_York,CONNETQUOT RIVER NEAR OAKDALE NY,63.454706,,Stream,,,0,,continuous,,00060_dv,,discharge,census,,,9499636,9499636,True,20.97,326.6,ok,nearest,2,1,200029815,5.0,-9999.0,0.2511,stream,usgs_site_type,nhd_tidal,0.0384739548813093,,,discharge,0,6802,0,0,0,0,0,0,0,0,0,0,0,0,StreamRiver, ,0,,1.0,2.0,conflict_tidal
USGS:01307500,USGS,01307500,USGS,False,no_nitrate_series,,,,,,USGS:01307500,True,singleton,,,,,,n/a,40.7269444444444,-73.2441666666667,NGVD29,ny,Suffolk County,020302020402,America/New_York,PENATAQUIT CREEK AT BAY SHORE NY,13.597437,2.023872,Stream,,,,,continuous,,,,discharge+gage_height,census,,,9499660,9499660,True,0.49,247.02,ok,nearest,2,1,200052750,0.0,-9999.0,0.6498,stream,usgs_site_type,nhd_tidal,3731.8098152775433,,,,,,,,,,,,,,,,,,StreamRiver, ,0,,1.0,2.0,conflict_tidal
USGS:01308500,USGS,01308500,USGS,False,no_nitrate_series,,,,,,USGS:01308500,True,singleton,,,,,,n/a,40.70897222222222,-73.32880555555555,NGVD29,ny,Suffolk County,020302020404,America/New_York,CARLLS RIVER AT BABYLON NY,91.68557519999999,3.2400240000000005,Stream,,,0,,continuous,,00010+00060+00065+00095+00300+00400+63680,,discharge+diss_oxy+gage_height+ph+spec_cond+turbidity_fnu+water_temp,census,,,9499682,9499682,True,10.87,58.06,ok,nearest,2,1,200036386,0.0,-9999.0,5.166,stream,usgs_site_type,nhd_tidal,1371.7351831189449,,,discharge+gage_height+water_temp+spec_cond+turbidity_fnu+diss_oxy+ph,0,6463,6073,54,54,54,0,0,54,54,0,0,0,0,StreamRiver, ,0,,1.0,2.0,conflict_tidal
USGS:01309500,USGS,01309500,USGS,False,no_nitrate_series,,,,,,USGS:01309500,True,singleton,,,,,,n/a,40.689,-73.4553888888889,NGVD29,ny,Nassau County,020302020201,America/New_York,MASSAPEQUA CREEK AT MASSAPEQUA NY,99.9735368,5.580888,Stream,,,0,,continuous,,00010_dv+00060_dv+00065_dv,,discharge+gage_height+water_temp,census,,,9499694,9499694,True,48.27,52.29,ok,nearest,1,1,200028571,3.0,-9999.0,1.5642,stream,usgs_site_type,nhd_tidal,3166.776010472928,,,discharge+water_temp,0,6071,0,919,0,0,0,0,0,0,0,0,0,0,StreamRiver, ,0,,1.0,1.0,conflict_tidal
USGS:01309950,USGS,01309950,USGS,False,no_nitrate_series,,,,,,USGS:01309950,True,distinct,289.29,5339,0.8071,0.0903,,rule,40.678666666666665,-73.51586111111111,NAVD88,ny,Nassau County,020302020207,America/New_York,BELLMORE CREEK NEAR BELLMORE NY,,4.178808,Stream,,,0,,continuous,,00060_dv+00065_dv,,discharge+gage_height,census,,,9499700,9499700,True,33.33,232.19,ok,nearest,1,1,200029813,4.0,-9999.0,0.1377,stream,usgs_site_type,nhd_tidal,26.357430935033104,,,discharge,0,5339,0,0,0,0,0,0,0,0,0,0,0,0,StreamRiver, ,0,,1.0,1.0,conflict_tidal
USGS:01309990,USGS,01309990,USGS,False,no_nitrate_series,,,,,,USGS:01309990,True,distinct,289.29,5339,0.8071,0.0903,,rule,40.6801111111111,-73.513,NGVD29,ny,Nassau County,020302020207,America/New_York,BELLMORE CREEK TRIBUTARY AT BELLMORE NY,,5.169408000000001,Stream,,,0,,continuous,,00060_dv+00065_dv,,discharge+gage_height,census,,,9499700,9500030,False,215.88,85.29,ok,nearest,1,1,200029813,4.0,-9999.0,0.1377,stream,usgs_site_type,nhd_tidal,272.23303909562213,,,discharge,0,5372,0,0,0,0,0,0,0,0,0,0,0,0,StreamRiver, ,0,,1.0,1.0,conflict_tidal
USGS:01310000,USGS,01310000,USGS,False,no_nitrate_series,,,,,,USGS:01310000,True,distinct,272.23,5338,0.9471,-0.1155,,rule,40.6786111111111,-73.5155555555556,,ny,Nassau County,020302020207,America/New_York,BELLMORE CREEK AT BELLMORE NY,36.88142912,,Stream,,,0,,continuous,,00060_dv+00065_dv,,discharge+gage_height,census,,,9499700,9499700,True,8.14,239.96,ok,nearest,1,1,200029813,4.0,-9999.0,0.1377,stream,usgs_site_type,nhd_tidal,26.357430935033104,,,discharge,0,5338,0,0,0,0,0,0,0,0,0,0,0,0,StreamRiver, ,0,,1.0,1.0,conflict_tidal
USGS:01311500,USGS,01311500,USGS,False,no_nitrate_series,,,,,,USGS:01311500,True,singleton,,,,,,n/a,40.6638055555556,-73.7045277777778,NAVD88,ny,Nassau County,020301040501,America/New_York,VALLEY STREAM AT VALLEY STREAM NY,9.76425476,1.92024,Stream,,,0,,continuous,,00060_dv+00065_dv,,discharge+gage_height,census,,,9500102,9499706,False,496.94,550.65,ok,area,1,1,200026492,6.0,-9999.0,1.8621,stream,usgs_site_type,nhd_tidal,3259.210259889758,,,discharge,0,6802,0,0,0,0,0,0,0,0,0,0,0,0,ArtificialPath, ,9497900,1.0,1.0,1.0,conflict_tidal
USGS:01335754,USGS,01335754,USGS,False,no_nitrate_series,,,,,,USGS:01335754,True,singleton,,,,,,n/a,42.82955555555556,-73.66625,NGVD29,ny,Saratoga County,020200031106,America/New_York,HUDSON RIVER ABOVE LOCK 1 NEAR WATERFORD NY,11926.89474,0.0,Stream,,,0,,continuous,,00060_dv+00065_dv,,discharge+gage_height,census,,,22290555,22290555,True,174.6,352.53,ok,nearest,6,1,200005762,259.0,-9999.0,4.0194,stream,usgs_site_type,nhd_tidal,674.4166651859476,,,discharge,0,6800,0,0,0,0,0,0,0,0,0,0,0,0,ArtificialPath,StreamRiver,22744057,,1.0,6.0,conflict_tidal
USGS:01335755,USGS,01335755,USGS,False,no_nitrate_series,,,,,,USGS:01335755,True,singleton,,,,,,n/a,42.82483333333334,-73.66108333333334,,ny,Saratoga County,020200031106,America/New_York,HUDSON RIVER AT LOCK 1 NEAR WATERFORD NY,11929.484728,,Stream,,,,,continuous,,,,gage_height,census,,,22290557,22290555,False,112.77,0.0,ok,mainstem,6,1,200005762,258.0,-9999.0,4.5531,stream,usgs_site_type,nhd_tidal,674.4166651859476,,,,,,,,,,,,,,,,,,ArtificialPath,StreamRiver,120049691,,1.0,6.0,conflict_tidal
USGS:01358000,USGS,01358000,USGS,False,no_nitrate_series,,,,,,USGS:01358000,True,singleton,,,,,,n/a,42.75225,-73.68908333333334,NAVD88,ny,Albany County,020200031107,America/New_York,HUDSON RIVER AT GREEN ISLAND NY,20953.00292,-0.280416,Stream,,,0,,continuous,,00010+00060+00065+00095+63680,,discharge+gage_height+spec_cond+turbidity_fnu+water_temp,census,,,6186156,6186156,True,202.53,3.5,ok,mainstem,7,1,200005762,246.0,-9999.0,20.5092,stream,usgs_site_type,nhd_tidal,4003.445456263082,,,discharge+gage_height+water_temp+spec_cond+turbidity_fnu,0,3944,3974,42,42,42,0,0,0,0,0,0,0,0,ArtificialPath,StreamRiver,120049691,,1.0,7.0,conflict_tidal
USGS:01359133,USGS,01359133,USGS,False,no_nitrate_series,,,,,,USGS:01359133,True,distinct,2707.32,,,,,rule,42.6713888888889,-73.7555555555556,NGVD29,ny,Albany County,020200060302,America/New_York,PATROON CR AT NORTHERN BLVD AT ALBANY NY,33.9288428,37.7952,Stream,,,0,,continuous,,00060,,discharge+gage_height+spec_cond+water_temp,census,,,6186206,6186206,True,2099.2,1939.98,far,nearest,7,1,200005762,236.0,-9999.0,67.0644,stream,usgs_site_type,nhd_tidal,1244.076253030633,,,discharge,0,455,0,0,0,0,0,0,0,0,0,0,0,0,ArtificialPath,StreamRiver,120049691,,1.0,7.0,conflict_tidal
USGS:01359135,USGS,01359135,USGS,False,no_nitrate_series,,,,,,USGS:01359133,False,distinct,1751.86,,,,,rule,42.6634444444444,-73.7448611111111,NAVD88,ny,Albany County,020200060302,America/New_York,PATROON CREEK AT ALBANY NY,35.7418344,7.58952,Stream,,,0,,continuous,,00060_dv+00065_dv,,discharge+gage_height,census,,,6186206,6186206,True,856.45,1939.98,far,nearest,7,1,200005762,236.0,-9999.0,67.0644,stream,usgs_site_type,nhd_tidal,1244.076253030633,,,discharge,0,2793,0,0,0,0,0,0,0,0,0,0,0,0,ArtificialPath,StreamRiver,120049691,,1.0,7.0,conflict_tidal
USGS:0135980207,USGS,0135980207,USGS,False,no_nitrate_series,,,,,,USGS:0135980207,True,singleton,,,,,,n/a,42.4996111111111,-73.7768055555556,,ny,Rensselaer County,020200060405,America/New_York,HUDSON RIVER NEAR SCHODACK LANDING NY,22258.356872,,Stream,,,0,,continuous,,00010+00095+00300+00400+63680,,diss_oxy+ph+spec_cond+turbidity_fnu+water_temp,census,,,6189040,6186248,False,236.95,0.0,ok,mainstem,7,1,200005762,216.0,-9999.0,3.5046,stream,usgs_site_type,nhd_tidal,4687.169148021303,,,water_temp+spec_cond+turbidity_fnu+diss_oxy+ph,0,0,0,2065,2185,2071,0,0,2214,2125,0,0,0,0,ArtificialPath,StreamRiver,120049691,,1.0,7.0,conflict_tidal
USGS:01362090,USGS,01362090,USGS,False,no_nitrate_series,,,,,,USGS:01362090,True,singleton,,,,,,n/a,42.22325,-73.8854166666667,NGVD29,ny,Greene County,020200060808,America/New_York,CATSKILL CREEK NEAR CATSKILL NY,1048.94514,1.207008,Stream,,,0,,continuous,,00060_dv+00065_dv,,discharge+gage_height,census,,,6189208,6189208,True,29.64,258.32,ok,nearest,4,2,200005762,186.0,-9999.0,2.0268,stream,usgs_site_type,nhd_tidal,8506.819174441034,,,discharge,0,1491,0,0,0,0,0,0,0,0,0,0,0,0,ArtificialPath,StreamRiver,120049691,,1.0,4.0,conflict_tidal
USGS:01372007,USGS,01372007,USGS,False,no_nitrate_series,,,,,,USGS:01372007,True,singleton,,,,,,n/a,41.918139,-73.981722,NAVD88,ny,Ulster County,020200070605,America/New_York,RONDOUT CREEK AT RONDOUT NY,3069.13578,-1.2801600000000002,Stream,,,0,,continuous,,00060_dv+00065_dv,,discharge+gage_height,census,,,6206826,6206826,True,43.19,887.48,ok,nearest,5,2,200005762,149.0,-9999.0,4.3632,stream,usgs_site_type,nhd_tidal,4510.591669447056,,,gage_height,0,0,2919,0,0,0,0,0,0,0,0,0,0,0,ArtificialPath,StreamRiver,120049692,,1.0,5.0,conflict_tidal
USGS:01376307,USGS,01376307,USGS,False,no_nitrate_series,,,,,,USGS:01376307,True,singleton,,,,,,n/a,40.93625,-73.904306,,ny,Westchester County,020301010404,America/New_York,HUDSON RIVER AT WATER GRANT STREET AT YONKERS NY,,,Stream,,,0,,continuous,,00010+00095+00300+00400+63680,,diss_oxy+ph+spec_cond+turbidity_fnu+water_temp,census,,,932030062,932030062,True,67.55,78.61,ok,nearest,2,2,200005762,28.0,-9999.0,1.0818,stream,usgs_site_type,nhd_tidal,1509.3010358308322,,,water_temp+spec_cond+turbidity_fnu+diss_oxy+ph,0,0,0,1357,1329,1358,0,0,1358,1357,0,0,0,0,ArtificialPath,StreamRiver,120049693,,1.0,2.0,conflict_tidal
USGS:01376515,USGS,01376515,USGS,False,no_nitrate_series,,,,,,USGS:01376515,True,singleton,,,,,,n/a,40.764639,-74.003194,NAVD88,ny,New York County,020301010405,America/New_York,HUDSON RIVER AT PIER 84 AT NEW YORK NY,,0.0,Stream,,,0,,continuous,,00010+00095+00300+00400+63680,,diss_oxy+ph+spec_cond+turbidity_fnu+water_temp,census,,,6232982,6232982,True,399.01,1394.42,ok,nearest,7,1,200005762,6.0,-9999.0,8.8821,stream,usgs_site_type,nhd_tidal,4939.0103962539715,,,water_temp+spec_cond+turbidity_fnu+diss_oxy+ph,0,0,0,1813,1039,1265,0,0,1517,1717,0,0,0,0,ArtificialPath,StreamRiver,120049693,,1.0,7.0,conflict_tidal
USGS:01376520,USGS,01376520,USGS,False,no_nitrate_series,,,,,,USGS:01376520,True,singleton,,,,,,n/a,40.7215277777778,-74.0156111111111,NAVD88,ny,New York County,020301010405,America/New_York,HUDSON RIVER AT PIER 25 AT NEW YORK NY,,0.0,Stream,,,0,,continuous,,00010+00095+00300+00400+63680,,diss_oxy+ph+spec_cond+turbidity_fnu+water_temp,census,,,6232984,6232984,True,598.04,4035.0,far,nearest,7,1,200005762,0.0,-9999.0,26.6301,stream,usgs_site_type,nhd_tidal,4939.0103962539715,,,water_temp+spec_cond+turbidity_fnu+diss_oxy+ph,0,0,0,1704,1658,1687,0,0,1723,1789,0,0,0,0,ArtificialPath,StreamRiver,120049693,,1.0,7.0,conflict_tidal
USGS:01376558,USGS,01376558,USGS,False,no_nitrate_series,,,,,,USGS:01376558,True,singleton,,,,,,n/a,40.525416666666665,-74.2093888888889,,ny,Richmond County,020301040404,America/New_York,LEMON CREEK AT AMBOY ROAD AT PLEASANT PLAINS NY,3.1079855999999997,,Stream,,,0,,continuous,,00060_dv+00065_dv,,discharge+gage_height,census,,,6261576,6261576,True,23.08,2094.0,ok,nearest,1,1,200004431,0.0,-9999.0,6.2235,stream,usgs_site_type,nhd_tidal,5051.543190413604,,,discharge+gage_height,0,894,425,0,0,0,0,0,0,0,0,0,0,0,StreamRiver, ,0,,1.0,1.0,conflict_tidal
USGS:01378500,USGS,01378500,USGS,False,no_nitrate_series,,,,,,USGS:01378500,True,singleton,,,,,,n/a,40.9483333333333,-74.0266666666667,NAVD88,nj,Bergen County,020301030905,America/New_York,Hackensack River at New Milford NJ,292.668644,1.5727680000000002,Stream,,,0,,continuous,,00060_dv+00065_dv,,discharge+gage_height,census,,,6249582,6249558,False,15.25,10.18,ok,mainstem,4,2,200010039,34.0,-9999.0,0.1422,stream,usgs_site_type,nhd_tidal,0.0,,,discharge,0,6801,0,0,0,0,0,0,0,0,0,0,0,0,StreamRiver, ,0,,1.0,4.0,conflict_tidal
USGS:01378501,USGS,01378501,USGS,False,no_nitrate_series,,,,,,USGS:01378501,True,singleton,,,,,,n/a,40.9483333333333,-74.0266666666667,NGVD29,nj,Bergen County,020301030905,America/New_York,Hackensack River below dam at New Milford NJ,292.668644,0.0,Stream,,,,,continuous,,,,gage_height,census,,,6249582,6249558,False,15.25,10.18,ok,mainstem,4,2,200010039,34.0,-9999.0,0.1422,stream,usgs_site_type,nhd_tidal,0.0,,,,,,,,,,,,,,,,,,StreamRiver, ,0,,1.0,4.0,conflict_tidal
USGS:01378560,USGS,01378560,USGS,False,no_nitrate_series,,,,,,USGS:01378560,True,singleton,,,,,,n/a,40.9111111111111,-74.0402777777778,,nj,Bergen County,020301030905,America/New_York,Coles Bk at Hackensack NJ,18.129916,,Stream,,,,,continuous,,,,diss_oxy+ph+spec_cond+water_temp,census,,,6249726,6249726,True,9.89,158.62,ok,nearest,2,2,200010039,30.0,-9999.0,0.8685,stream,usgs_site_type,nhd_tidal,3275.9888555858947,,,,,,,,,,,,,,,,,,StreamRiver, ,0,,1.0,2.0,conflict_tidal
USGS:01378590,USGS,01378590,USGS,False,no_nitrate_series,,,,,,USGS:01378590,True,singleton,,,,,,n/a,40.9080555555556,-73.9863888888889,NGVD29,nj,Bergen County,020301030904,America/New_York,Metzler Brook at Englewood NJ,3.98858152,13.136880000000001,Stream,,,,,continuous,,,,discharge+gage_height,census,,,6247956,6247956,True,833.08,0.0,far,nearest,1,3,200010039,29.0,-9999.0,5.9256,stream,usgs_site_type,nhd_tidal,4206.967753109917,,,,,,,,,,,,,,,,,,StreamRiver, ,0,,1.0,1.0,conflict_tidal
USGS:01392590,USGS,01392590,USGS,False,no_nitrate_series,,,,,,USGS:01392590,True,singleton,,,,,,n/a,40.7333333333333,-74.1580555555556,NAVD88,nj,Essex County,020301030805,America/New_York,Passaic River at Newark NJ,2390.558924,0.0,Stream,,,,,continuous,,,,discharge+gage_height,census,,,6251384,6251384,True,66.25,5703.91,ok,nearest,6,1,200008458,0.0,-9999.0,48.7647,stream,usgs_site_type,nhd_tidal,3844.315113710185,,,,,,,,,,,,,,,,,,ArtificialPath,StreamRiver,9513908,,1.0,6.0,conflict_tidal
USGS:01396000,USGS,01396000,USGS,False,no_nitrate_series,,,,,,USGS:01396000,True,singleton,,,,,,n/a,40.6058333333333,-74.2997222222222,NAVD88,nj,Union County,020301040102,America/New_York,Robinsons Branch at Rahway NJ,55.9437408,5.812536000000001,Stream,,,,,continuous,,,,discharge+gage_height,census,,,6261558,6261662,False,95.22,0.0,ok,mainstem,3,2,200016419,17.0,-9999.0,1.5714,stream,usgs_site_type,nhd_tidal,491.4268397851472,,,,,,,,,,,,,,,,,,StreamRiver, ,0,,1.0,3.0,conflict_tidal
USGS:01396001,USGS,01396001,USGS,False,no_nitrate_series,,,,,,USGS:01396001,True,singleton,,,,,,n/a,40.6072222222222,-74.2941666666667,NGVD29,nj,Union County,020301040102,America/New_York,Robinsons Branch at Maple Ave at Rahway NJ,55.9437408,3.44424,Stream,,,,,continuous,,,,discharge+gage_height,census,,,6261558,6261558,True,12.09,525.09,ok,nearest,3,2,200016419,17.0,-9999.0,1.5714,stream,usgs_site_type,nhd_tidal,491.4268397851472,,,,,,,,,,,,,,,,,,StreamRiver, ,0,,1.0,3.0,conflict_tidal
USGS:01396050,USGS,01396050,USGS,False,no_nitrate_series,,,,,,USGS:01396050,True,singleton,,,,,,n/a,40.5427777777778,-74.2769444444444,NAVD88,nj,Middlesex County,020301040201,America/New_York,Spa Spring Creek at Perth Amboy NJ,1.65759232,7.62,Stream,,,,,continuous,,,,discharge+gage_height,census,,,6261412,6261412,True,719.13,3306.65,far,nearest,2,2,200016276,4.0,-9999.0,13.4802,stream,usgs_site_type,nhd_tidal,4014.8466568556832,,,,,,,,,,,,,,,,,,StreamRiver, ,0,,1.0,2.0,conflict_tidal
USGS:01403060,USGS,01403060,USGS,False,no_nitrate_series,,,,,,USGS:01403060,True,singleton,,,,,,n/a,40.5511111111111,-74.5483333333333,NAVD88,nj,Somerset County,020301050506,America/New_York,Raritan River below Calco Dam at Bound Brook NJ,2033.14058,-0.32918400000000003,Stream,,,0,,continuous,,00060_dv+00065_dv,,discharge+gage_height,census,,,9514010,26606993,False,60.27,3.42,ok,area,6,1,200008645,32.0,-9999.0,0.2853,stream,usgs_site_type,nhd_tidal,309.55626191757204,,,discharge,0,6799,0,0,0,0,0,0,0,0,0,0,0,0,ArtificialPath,StreamRiver,120049340,,1.0,6.0,conflict_tidal
USGS:01404100,USGS,01404100,USGS,False,no_nitrate_series,,,,,,USGS:01404100,True,singleton,,,,,,n/a,40.5405666666667,-74.5138083333333,NGVD29,nj,Somerset County,020301050506,America/New_York,Raritan River near South Bound Brook NJ,2263.649512,0.006096000000000001,Stream,,,,,continuous,,,,discharge+diss_oxy+gage_height+ph+spec_cond+water_temp,census,,,9514020,9514020,True,88.39,684.69,ok,nearest,6,1,200008645,27.0,-9999.0,3.0753,stream,usgs_site_type,nhd_tidal,2408.7897338965113,,,,,,,,,,,,,,,,,,ArtificialPath,StreamRiver,120049340,,1.0,6.0,conflict_tidal
USGS:01405400,USGS,01405400,USGS,False,no_nitrate_series,,,,,,USGS:01405400,True,singleton,,,,,,n/a,40.3894444444444,-74.3905555555556,NAVD88,nj,Middlesex County,020301050401,America/New_York,Manalapan Brook at Spotswood NJ,105.4125116,-0.362712,Stream,,,0,,continuous,,00060_dv+00065_dv,,discharge+gage_height,census,,,9515956,9515956,True,42.55,490.02,ok,nearest,3,3,200008645,29.0,-9999.0,0.4644,stream,usgs_site_type,nhd_tidal,1256.9417969279027,,,discharge,0,6796,0,0,0,0,0,0,0,0,0,0,0,0,ArtificialPath, ,9514370,1.0,1.0,3.0,conflict_tidal
USGS:01405500,USGS,01405500,USGS,False,no_nitrate_series,,,,,,USGS:01405500,True,singleton,,,,,,n/a,40.4061111111111,-74.3686111111111,NGVD29,nj,Middlesex County,020301050405,America/New_York,South River at Old Bridge NJ,245.0128648,0.0,Stream,,,,,continuous,,,,discharge+gage_height,census,,,9514916,9515800,False,71.91,43.47,ok,mainstem,4,2,200008645,24.0,-9999.0,3.4416,stream,usgs_site_type,nhd_tidal,1318.931672664942,,,,,,,,,,,,,,,,,,StreamRiver, ,0,,1.0,4.0,conflict_tidal
USGS:01405700,USGS,01405700,USGS,False,no_nitrate_series,,,,,,USGS:01405700,True,singleton,,,,,,n/a,40.4166666666667,-74.3616666666667,NGVD29,nj,Middlesex County,020301050405,America/New_York,South River below Duhernal Dam at Old Bridge NJ,248.37984920000002,0.0,Stream,,,,,continuous,,,,discharge+gage_height,census,,,9514916,9514916,True,8.79,2573.45,ok,nearest,4,2,200008645,24.0,-9999.0,3.4416,stream,usgs_site_type,nhd_tidal,1091.1204588612259,,,,,,,,,,,,,,,,,,StreamRiver, ,0,,1.0,4.0,conflict_tidal
USGS:01406680,USGS,01406680,USGS,False,no_nitrate_series,,,,,,USGS:01406680,True,singleton,,,,,,n/a,40.4961111111111,-74.3261111111111,NGVD29,nj,Middlesex County,020301050507,America/New_York,Raritan R at Old Raritan Arsenal at Metuchen NJ,2848.9868,0.0,Stream,,,,,continuous,,,,discharge+gage_height,census,,,9515736,9514116,False,557.67,5583.63,far,area,6,1,200008645,4.0,-9999.0,26.4348,stream,usgs_site_type,nhd_tidal,3236.309591674984,,,,,,,,,,,,,,,,,,ArtificialPath,StreamRiver,120049340,,1.0,6.0,conflict_tidal
USGS:01407000,USGS,01407000,USGS,False,no_nitrate_series,,,,,,USGS:01407000,True,singleton,,,,,,n/a,40.4155555555556,-74.2325,NGVD29,nj,Monmouth County,020301040401,America/New_York,Matawan C at Matawan NJ,15.824826680000001,4.2611040000000004,Stream,,,,,continuous,,,,discharge+gage_height,census,,,6262674,6263290,False,35.21,0.0,ok,mainstem,2,1,200030381,1.0,-9999.0,1.3428,stream,usgs_site_type,nhd_tidal,3088.8466193358813,,,,,,,,,,,,,,,,,,StreamRiver, ,0,,1.0,2.0,conflict_tidal
USGS:01407500,USGS,01407500,USGS,False,no_nitrate_series,,,,,,USGS:01407500,True,singleton,,,,,,n/a,40.3197222222222,-74.1155555555555,NAVD88,nj,Monmouth County,020301040302,America/New_York,Swimming River near Red Bank NJ,127.4274096,8.741664,Stream,,,0,,continuous,,00060_dv+00065_dv,,discharge+gage_height,census,,,6263222,6263222,True,68.83,32.9,ok,mainstem,4,2,200019988,19.0,-9999.0,4.2525,stream,usgs_site_type,nhd_tidal,5924.455850482419,,,discharge,0,6802,0,0,0,0,0,0,0,0,0,0,0,0,StreamRiver, ,0,,1.0,4.0,conflict_tidal
USGS:01407639,USGS,01407639,USGS,False,no_nitrate_series,,,,,,USGS:01407639,True,sequential,1476.29,0,,,2023-04-04..2023-09-12,rule,40.23758333333333,-74.008,NAVD88,nj,Monmouth County,020403010103,America/New_York,Harvey Brook US Corlies Av at Allenhurst NJ,,0.6096,Stream,,,0,,continuous,,00010+00095+00300+00400+63680,,diss_oxy+ph+spec_cond+turbidity_fnu+water_temp,census,,,6261966,6261966,True,1120.31,1723.92,far,nearest,-9,-9,150000002,-9999.0,0.0,18.5913,stream,usgs_site_type,nhd_tidal,719.8537727214559,,,water_temp+spec_cond+turbidity_fnu+diss_oxy+ph,0,0,0,15,15,15,0,0,15,15,0,0,0,0,Coastline, ,0,,0.0,-9.0,conflict_tidal
USGS:01407705,USGS,01407705,USGS,False,no_nitrate_series,,,,,,USGS:01407705,True,singleton,,,,,,n/a,40.1986111111111,-74.07,NAVD88,nj,Monmouth County,02030104,America/New_York,Shark River near Neptune City NJ,25.79628048,1.7099280000000001,Stream,,,0,,continuous,,00060_dv+00065_dv,,discharge+gage_height,census,,,6262928,6262928,True,2.59,473.33,ok,nearest,2,1,200033546,5.0,-9999.0,1.3167,stream,usgs_site_type,nhd_tidal,635.2382614572988,,,discharge,0,6801,0,0,0,0,0,0,0,0,0,0,0,0,StreamRiver, ,0,,1.0,2.0,conflict_tidal
USGS:01408029,USGS,01408029,USGS,False,no_nitrate_series,,,,,,USGS:01408029,True,singleton,,,,,,n/a,40.1466666666667,-74.1222222222222,NAVD88,nj,Monmouth County,020403010105,America/New_York,Manasquan River near Allenwood NJ,163.9462404,-0.32308800000000004,Stream,,,0,,continuous,,00010+00060+00065+00095+63680,,discharge+gage_height+spec_cond+turbidity_fnu+water_temp,census,,,9441199,9441199,True,51.9,1373.94,ok,nearest,3,1,200021701,13.0,-9999.0,3.0573,stream,usgs_site_type,nhd_tidal,584.7999857599741,,,discharge+gage_height+water_temp+spec_cond+turbidity_fnu,0,6781,6788,6571,6557,6437,0,0,0,0,0,0,0,0,StreamRiver, ,0,,1.0,3.0,conflict_tidal
USGS:01408030,USGS,01408030,USGS,False,no_nitrate_series,,,,,,USGS:01408030,True,singleton,,,,,,n/a,40.1430555555556,-74.1172222222222,NGVD29,nj,Monmouth County,020403010105,America/New_York,Manasquan River at Allenwood NJ,165.5002332,1.085088,Stream,,,,,continuous,,,,discharge+gage_height,census,,,9442099,9442099,True,14.28,551.89,ok,nearest,3,1,200021701,9.0,-9999.0,7.7967,stream,usgs_site_type,nhd_tidal,584.7999857599741,,,,,,,,,,,,,,,,,,StreamRiver, ,0,,1.0,3.0,conflict_tidal
USGS:01408120,USGS,01408120,USGS,False,no_nitrate_series,,,,,,USGS:01408120,True,singleton,,,,,,n/a,40.0916666666667,-74.1525,NAVD88,nj,Ocean County,020403010201,America/New_York,North Branch Metedeconk River near Lakewood NJ,90.3905812,0.737616,Stream,,,0,,continuous,,00060_dv+00065_dv,,discharge+gage_height,census,,,9442143,9442143,True,6.79,61.34,ok,nearest,4,1,200020251,10.0,-9999.0,1.1106,stream,usgs_site_type,nhd_tidal,2494.9174565957505,,,discharge,0,6803,0,0,0,0,0,0,0,0,0,0,0,0,StreamRiver, ,0,,1.0,4.0,conflict_tidal
USGS:01408592,USGS,01408592,USGS,False,no_nitrate_series,,,,,,USGS:01408592,True,singleton,,,,,,n/a,39.9647222222222,-74.2438888888889,,nj,Ocean County,020403010304,America/New_York,Wrangle Brook at Mule Rd near Toms River NJ,37.036828400000005,,Stream,,,,,continuous,,,,discharge+gage_height,census,,,9453759,9453759,True,59.99,965.18,ok,nearest,3,2,200017112,12.0,-9999.0,0.9531,stream,usgs_site_type,nhd_tidal,2593.5270119990887,,,,,,,,,,,,,,,,,,StreamRiver, ,0,,1.0,3.0,conflict_tidal
USGS:01408900,USGS,01408900,USGS,False,no_nitrate_series,,,,,,USGS:01408900,True,distinct,2235.32,1582,1.0,-0.1727,,rule,39.8791666666667,-74.1905555555556,NAVD88,nj,Ocean County,020403010403,America/New_York,Cedar Creek at Western Blvd near Lanoka Harbor NJ,129.2404012,0.5516880000000001,Stream,,,0,,continuous,,00060_dv+00065_dv,,discharge+gage_height,census,,,9453855,9453855,True,1.63,456.59,ok,nearest,4,1,200016581,2.0,-9999.0,9.162,stream,usgs_site_type,nhd_tidal,2235.3241525142166,,,discharge,0,6803,0,0,0,0,0,0,0,0,0,0,0,0,StreamRiver, ,0,,1.0,4.0,conflict_tidal
USGS:01409000,USGS,01409000,USGS,False,no_nitrate_series,,,,,,USGS:01409000,True,distinct,2235.32,1582,1.0,-0.1727,,rule,39.8675,-74.1691666666667,NAVD88,nj,Ocean County,020403010403,America/New_York,Cedar Creek at Lanoka Harbor NJ,138.0463604,-0.368808,Stream,,,0,,continuous,,00060_dv+00065_dv,,discharge+gage_height,census,,,9453855,9453855,True,41.97,3538.01,ok,nearest,4,1,200016581,2.0,-9999.0,9.162,stream,usgs_site_type,nhd_tidal,2235.3241525142166,,,discharge,0,1582,0,0,0,0,0,0,0,0,0,0,0,0,StreamRiver, ,0,,1.0,4.0,conflict_tidal
USGS:01409210,USGS,01409210,USGS,False,no_nitrate_series,,,,,,USGS:01409210,True,singleton,,,,,,n/a,39.6952777777778,-74.2597222222222,NAVD88,nj,Ocean County,020403010701,America/New_York,Mill Ck at Manahawkin NJ,52.835755199999994,3.922776,Stream,,,0,,continuous,,00060_dv+00065_dv,,discharge+gage_height,census,,,9454463,9454463,True,23.77,97.32,ok,nearest,3,1,200021683,4.0,-9999.0,3.7683,stream,usgs_site_type,nhd_tidal,4971.050922735981,,,discharge,0,1218,0,0,0,0,0,0,0,0,0,0,0,0,StreamRiver, ,0,,1.0,3.0,conflict_tidal
USGS:0140928290,USGS,0140928290,USGS,False,no_nitrate_series,,,,,,USGS:0140928290,True,singleton,,,,,,n/a,39.6227194444444,-74.2805388888889,,nj,Ocean County,020403010702,America/New_York,Westecunk Crk Trib at Dock Rd near West Creek NJ,,,Stream,,,0,,continuous,,00095,,diss_oxy+spec_cond+turbidity_fnu+water_temp,census,,,9455277,9455277,True,28.46,0.0,ok,mainstem,1,2,200026526,1.0,-9999.0,0.0162,stream,usgs_site_type,nhd_tidal,632.582775955158,,,spec_cond,0,0,0,0,7,0,0,0,0,0,0,0,0,0,ArtificialPath,StreamRiver,9479006,,1.0,1.0,conflict_tidal
USGS:0140928320,USGS,0140928320,USGS,False,no_nitrate_series,,,,,,USGS:0140928320,True,singleton,,,,,,n/a,39.6205277777778,-74.2736861111111,,nj,Ocean County,020403010702,America/New_York,Westecunk Crk 3700 ft US of mouth nr West Creek NJ,,,Stream,,,0,,continuous,,00010+00095+00300+63680,,diss_oxy+spec_cond+turbidity_fnu+water_temp,census,,,9455287,9455287,True,12.0,603.49,ok,nearest,3,1,200026526,0.0,-9999.0,0.5013,stream,usgs_site_type,nhd_tidal,632.582775955158,,,water_temp+spec_cond+turbidity_fnu+diss_oxy,0,0,0,7,7,7,0,0,7,0,0,0,0,0,ArtificialPath,StreamRiver,9479006,,1.0,3.0,conflict_tidal
USGS:01409500,USGS,01409500,USGS,False,no_nitrate_series,,,,,,USGS:01409500,True,singleton,,,,,,n/a,39.6416666666667,-74.6502777777778,NGVD29,nj,Burlington County,020403010605,America/New_York,Batsto River at Batsto NJ,175.6011864,0.42672,Stream,,,,,continuous,,,,discharge+gage_height,census,,,9454589,9454589,True,45.88,183.62,ok,nearest,4,2,200011165,33.0,-9999.0,0.8982,stream,usgs_site_type,nhd_tidal,1207.1332698433434,,,,,,,,,,,,,,,,,,StreamRiver, ,0,,1.0,4.0,conflict_tidal
USGS:01409510,USGS,01409510,USGS,False,no_nitrate_series,,,,,,USGS:01409510,True,singleton,,,,,,n/a,39.6319444444444,-74.6441666666667,NGVD29,nj,Burlington County,020403010605,America/New_York,Batsto River at Pleasant Mills NJ,190.6231168,0.0,Stream,,,,,continuous,,,,discharge+gage_height,census,,,9448875,9448875,True,4.57,129.98,ok,nearest,4,2,200011165,32.0,-9999.0,0.3267,stream,usgs_site_type,nhd_tidal,1207.1332698433434,,,,,,,,,,,,,,,,,,StreamRiver, ,0,,1.0,4.0,conflict_tidal
USGS:01410000,USGS,01410000,USGS,False,no_nitrate_series,,,,,,USGS:01410000,True,singleton,,,,,,n/a,39.6639444444444,-74.5234444444445,NAVD88,nj,Burlington County,020403010502,America/New_York,Oswego River at Harrisville NJ,187.77412999999999,1.075944,Stream,,,0,,continuous,,00060_dv+00065_dv,,discharge+gage_height,census,,,9454525,9455279,False,32.02,0.0,ok,mainstem,3,3,200011165,27.0,-9999.0,0.2412,stream,usgs_site_type,nhd_tidal,3417.1894701469314,,,discharge,0,6800,0,0,0,0,0,0,0,0,0,0,0,0,StreamRiver, ,0,,1.0,3.0,conflict_tidal
USGS:01410150,USGS,01410150,USGS,False,no_nitrate_series,,,,,,USGS:01410150,True,singleton,,,,,,n/a,39.6230555555556,-74.4413888888889,NGVD29,nj,Burlington County,020403010608,America/New_York,East Branch Bass River near New Gretna NJ,21.004802679999997,0.33528,Stream,,,0,,continuous,,00060_dv+00065_dv,,discharge+gage_height,census,,,9454631,9454631,True,45.03,948.7,ok,nearest,2,2,200011165,13.0,-9999.0,3.105,stream,usgs_site_type,nhd_tidal,8348.157831659542,,,discharge,0,6802,0,0,0,0,0,0,0,0,0,0,0,0,StreamRiver, ,0,,1.0,2.0,conflict_tidal
USGS:01410225,USGS,01410225,USGS,False,no_nitrate_series,,,,,,USGS:01410225,True,singleton,,,,,,n/a,39.5063888888889,-74.5055555555556,NAVD88,nj,Atlantic County,020403010609,America/New_York,Morses Mill Stream at Port Republic NJ,21.367401,3.048,Stream,,,,,continuous,,,,discharge+gage_height,census,,,9453443,9453443,True,30.49,924.51,ok,nearest,1,3,200011165,15.0,-9999.0,1.9773,stream,usgs_site_type,nhd_tidal,5957.421890532744,,,,,,,,,,,,,,,,,,StreamRiver, ,0,,1.0,1.0,conflict_tidal
USGS:01410500,USGS,01410500,USGS,False,no_nitrate_series,,,,,,USGS:01410500,True,singleton,,,,,,n/a,39.4302777777778,-74.5205555555556,NGVD29,nj,Atlantic County,020403020401,America/New_York,Absecon Creek at Absecon NJ,46.360785199999995,0.0,Stream,,,0,,continuous,,00010_dv+00060_dv+00065_dv,,discharge+gage_height+water_temp,census,,,9436375,9436375,True,17.6,25.98,ok,mainstem,2,1,200029923,5.0,-9999.0,0.2124,stream,usgs_site_type,nhd_tidal,1931.1825248438893,,,discharge,0,3817,0,0,0,0,0,0,0,0,0,0,0,0,StreamRiver, ,0,,1.0,2.0,conflict_tidal
USGS:01411300,USGS,01411300,USGS,False,no_nitrate_series,,,,,,USGS:01411300,True,singleton,,,,,,n/a,39.3069444444444,-74.8205555555556,NGVD29,nj,Cape May County,020403020301,America/New_York,Tuckahoe River at Head of River NJ,79.7716304,0.0,Stream,,,0,,continuous,,00060_dv+00065_dv,,discharge+gage_height,census,,,9436435,9436435,True,32.25,880.26,ok,nearest,3,1,200024893,21.0,-9999.0,1.1169,stream,usgs_site_type,nhd_tidal,12936.042972843214,,,discharge,0,6252,0,0,0,0,0,0,0,0,0,0,0,0,StreamRiver, ,0,,1.0,3.0,conflict_tidal
USGS:01411356,USGS,01411356,USGS,False,no_nitrate_series,,,,,,USGS:01411356,True,singleton,,,,,,n/a,39.0855555555556,-74.8208333333333,NGVD29,nj,Cape May County,020403020405,America/New_York,Crooked Creek at Cape May Court House NJ,3.31518464,0.46329600000000004,Stream,,,,,continuous,,,,discharge+gage_height,census,,,9437123,9437123,True,1430.22,1017.82,far,nearest,-9,-9,150000002,-9999.0,0.0,6.7869,stream,usgs_site_type,nhd_tidal,5760.977251247752,,,,,,,,,,,,,,,,,,Coastline, ,0,,0.0,-9.0,conflict_tidal
USGS:01411400,USGS,01411400,USGS,False,no_nitrate_series,,,,,,USGS:01411400,True,singleton,,,,,,n/a,39.0275,-74.8963888888889,,nj,Cape May County,020402060701,America/New_York,Fishing C at Rio Grande NJ,5.93107252,,Stream,,,,,continuous,,,,diss_oxy+ph+spec_cond+water_temp,census,,,9483666,9483520,False,83.84,322.29,ok,area,1,1,200042944,4.0,-9999.0,1.0665,stream,usgs_site_type,nhd_tidal,5359.5814124454455,,,,,,,,,,,,,,,,,,ArtificialPath, ,9483198,1.0,1.0,1.0,conflict_tidal
USGS:01411878,USGS,01411878,USGS,False,no_nitrate_series,,,,,,USGS:01411878,True,singleton,,,,,,n/a,39.4011111111111,-75.055,NGVD29,nj,Cumberland County,020402060502,America/New_York,Maurice R at Union Lake dam at Millville NJ,559.437408,0.0,"Lake, Reservoir, Impoundment",,,,,continuous,,,,discharge+gage_height,census,,,9485522,9485856,False,87.91,0.0,ok,mainstem,4,1,200009573,35.0,-9999.0,4.0248,lake,usgs_site_type,nhd_tidal,1395.2279310060824,,,,,,,,,,,,,,,,,,StreamRiver, ,0,,1.0,4.0,conflict_tidal
USGS:01412350,USGS,01412350,USGS,False,no_nitrate_series,,,,,,USGS:01412350,True,singleton,,,,,,n/a,39.305416666666666,-75.37655555555556,NAVD88,nj,Cumberland County,020402040000,America/New_York,Delaware Bay at Ship John Shoal Lighthouse NJ,,0.0,Stream,,,0,,continuous,,00010+00095+00300,,diss_oxy+spec_cond+water_temp,census,,,24946864,24946864,True,334.44,6009.52,ok,nearest,3,2,200005438,5.0,-9999.0,13.473,stream,usgs_site_type,nhd_tidal,9046.301932031187,,,water_temp+spec_cond+diss_oxy,0,0,0,1742,1742,0,0,0,1742,0,0,0,0,0,ArtificialPath,StreamRiver,120049797,,1.0,3.0,conflict_tidal
USGS:01460400,USGS,01460400,USGS,False,no_nitrate_series,,,,,,USGS:01460400,True,singleton,,,,,,n/a,40.2447222222222,-74.8191666666667,,nj,Mercer County,020401050911,America/New_York,Del and Rar Ca feed at L Ferry Rd at Trenton NJ,,,Stream,,,,,continuous,,,,spec_cond+turbidity_ntu+water_temp,census,,,2590277,2590277,True,503.68,1315.29,far,nearest,6,1,200005438,163.0,-9999.0,29.9709,stream,usgs_site_type,nhd_tidal,1402.5943004456738,,,,,,,,,,,,,,,,,,ArtificialPath,StreamRiver,120049794,,1.0,6.0,conflict_tidal
USGS:01463000,USGS,01463000,USGS,False,no_nitrate_series,,,,,,USGS:01463000,True,singleton,,,,,,n/a,40.2459417186018,-74.8357190863301,NGVD29,pa,Bucks County,020401050911,America/New_York,Delaware River at Yardley PA,17539.398736,0.0,Stream,,,,,continuous,,,,discharge+gage_height,census,,,2590277,2590277,True,14.73,2.57,ok,mainstem,6,1,200005438,163.0,-9999.0,29.9709,stream,usgs_site_type,nhd_tidal,1402.5943004456738,,,,,,,,,,,,,,,,,,ArtificialPath,StreamRiver,120049794,,1.0,6.0,conflict_tidal
USGS:01463450,USGS,01463450,USGS,False,no_nitrate_series,,,,,,USGS:01463450,True,singleton,,,,,,n/a,40.2244444444444,-74.7888888888889,NAVD88,pa,Bucks County,020401050911,America/New_York,Delaware River near Morrisville PA,17560.11864,0.0,Stream,,,,,continuous,,,,diss_oxy+ph+spec_cond+water_temp,census,,,2590277,2590277,True,150.76,4722.81,ok,nearest,6,1,200005438,163.0,-9999.0,29.9709,stream,usgs_site_type,nhd_tidal,965.4325574308106,,,,,,,,,,,,,,,,,,ArtificialPath,StreamRiver,120049794,,1.0,6.0,conflict_tidal
USGS:01464000,USGS,01464000,USGS,False,no_nitrate_series,,,,,,USGS:01464000,True,singleton,,,,,,n/a,40.2241666666667,-74.7491666666667,NGVD29,nj,Mercer County,020401050803,America/New_York,Assunpink Creek at Trenton NJ,234.65291279999997,7.546848000000001,Stream,,,0,,continuous,,00060_dv+00065_dv,,discharge+gage_height,census,,,2590137,2590137,True,27.62,1354.76,ok,nearest,3,2,200005438,163.0,-9999.0,7.4619,stream,usgs_site_type,nhd_tidal,1815.5334464824025,,,discharge,0,6801,0,0,0,0,0,0,0,0,0,0,0,0,StreamRiver, ,0,,1.0,3.0,conflict_tidal
USGS:01464020,USGS,01464020,USGS,False,no_nitrate_series,,,,,,USGS:01464020,True,singleton,,,,,,n/a,40.2172222222222,-74.7686111111111,,nj,Mercer County,020401050803,America/New_York,Assunpink Creek at Peace St at Trenton NJ,236.7249032,,Stream,,,,,continuous,,,,water_temp,census,,,2590137,2590137,True,32.38,3347.26,ok,nearest,3,2,200005438,163.0,-9999.0,7.4619,stream,usgs_site_type,nhd_tidal,939.5645644205937,,,,,,,,,,,,,,,,,,StreamRiver, ,0,,1.0,3.0,conflict_tidal
USGS:01464504,USGS,01464504,USGS,False,no_nitrate_series,,,,,,USGS:01464504,True,singleton,,,,,,n/a,40.1672222222222,-74.6775,,nj,Mercer County,020402010105,America/New_York,Crosswicks Creek at Groveville Rd at Groveville NJ,253.818824,,Stream,,,0,,continuous,,00010_dv,,water_temp,census,,,4481599,4481599,True,7.79,137.78,ok,nearest,3,2,200005438,163.0,-9999.0,0.7965,stream,usgs_site_type,nhd_tidal,770.1154567214707,,,water_temp,0,0,0,379,0,0,0,0,0,0,0,0,0,0,StreamRiver, ,0,,1.0,3.0,conflict_tidal
USGS:01464505,USGS,01464505,USGS,False,no_nitrate_series,,,,,,USGS:01464505,True,singleton,,,,,,n/a,40.1738888888889,-74.6797222222222,,nj,Mercer County,020402010105,America/New_York,Crosswicks C at Groveville NJ,254.3368216,,Stream,,,,,continuous,,,,discharge+gage_height,census,,,4481599,4481599,True,8.39,1458.96,ok,nearest,3,2,200005438,163.0,-9999.0,0.7965,stream,usgs_site_type,nhd_tidal,770.1154567214707,,,,,,,,,,,,,,,,,,StreamRiver, ,0,,1.0,3.0,conflict_tidal
USGS:01464570,USGS,01464570,USGS,False,no_nitrate_series,,,,,,USGS:01464570,True,singleton,,,,,,n/a,40.14211111111111,-74.81205555555556,NAVD88,pa,Bucks County,020402010403,America/New_York,"Martins Creek at Tullytown, PA",29.266864400000003,0.0,Stream,,,,,continuous,,,,gage_height,census,,,4481053,4481053,True,32.48,1323.17,ok,nearest,2,2,200005438,145.0,-9999.0,1.1952,stream,usgs_site_type,nhd_tidal,7094.007716506337,,,,,,,,,,,,,,,,,,StreamRiver, ,0,,1.0,2.0,conflict_tidal
USGS:01464600,USGS,01464600,USGS,False,no_nitrate_series,,,,,,USGS:01464600,True,singleton,,,,,,n/a,40.0820552160694,-74.8657205631755,,pa,Bucks County,020402010407,America/New_York,"Delaware River at Bristol, PA",18552.084044,,Stream,,,,,continuous,,,,diss_oxy+ph+spec_cond+water_temp,census,,,4481907,4481907,True,9.95,455.69,ok,nearest,6,1,200005438,136.0,-9999.0,1.5156,stream,usgs_site_type,nhd_tidal,371.3148899470558,,,,,,,,,,,,,,,,,,ArtificialPath,StreamRiver,120049794,,1.0,6.0,conflict_tidal
USGS:01465798,USGS,01465798,USGS,False,no_nitrate_series,,,,,,USGS:01465798,True,singleton,,,,,,n/a,40.05695572943445,-74.98516031202179,NAVD88,pa,Philadelphia County,020402020301,America/New_York,"Poquessing Creek at Grant Ave. at Philadelphia, PA",55.42574319999999,0.57912,Stream,,,0,,continuous,,00010+00060+00065+00095+00300+00400+63680,,discharge+diss_oxy+gage_height+ph+spec_cond+turbidity_fnu+water_temp,census,,,4488242,4488242,True,84.23,1027.61,ok,nearest,3,2,200005438,127.0,-9999.0,2.1978,stream,usgs_site_type,nhd_tidal,1114.4507005759858,,,discharge+gage_height+water_temp+spec_cond+turbidity_fnu+diss_oxy+ph,0,6805,6803,1074,1074,976,0,0,1039,1075,0,0,0,0,StreamRiver, ,0,,1.0,3.0,conflict_tidal
USGS:01465850,USGS,01465850,USGS,False,no_nitrate_series,,,,,,USGS:01465850,True,singleton,,,,,,n/a,39.94,-74.7630555555556,NAVD88,nj,Burlington County,020402020204,America/New_York,South Branch Rancocas Creek at Vincentown NJ,167.054226,3.5814000000000004,Stream,,,0,,continuous,,00010+00060+00065+00095+63680,,discharge+gage_height+spec_cond+turbidity_fnu+water_temp,census,,,4492122,4492122,True,42.83,1621.06,ok,nearest,4,2,200005438,150.0,-9999.0,5.9661,stream,usgs_site_type,nhd_tidal,1726.2996202106833,,,discharge+gage_height+water_temp+spec_cond+turbidity_fnu,0,6737,6771,1776,1776,547,0,0,0,0,0,0,0,0,StreamRiver, ,0,,1.0,4.0,conflict_tidal
USGS:01465854,USGS,01465854,USGS,False,no_nitrate_series,,,,,,USGS:01465854,True,singleton,,,,,,n/a,39.9469444444444,-74.7908333333333,,nj,Burlington County,020402020204,America/New_York,South Branch Rancocas Creek at Eayrestown NJ,171.9752032,,Stream,,,,,continuous,,,,water_temp,census,,,4492122,4492122,True,14.35,5496.0,ok,nearest,4,2,200005438,150.0,-9999.0,5.9661,stream,usgs_site_type,nhd_tidal,705.7144331534968,,,,,,,,,,,,,,,,,,StreamRiver, ,0,,1.0,4.0,conflict_tidal
USGS:01465900,USGS,01465900,USGS,False,no_nitrate_series,,,,,,USGS:01465900,True,singleton,,,,,,n/a,39.9469444444444,-74.7991666666667,,nj,Burlington County,020402020203,America/New_York,SWB Rancocas C at Eayrestown NJ,196.839088,,Stream,,,0,,continuous,,00010_dv,,water_temp,census,,,4490858,4490858,True,11.83,985.11,ok,nearest,4,3,200005438,150.0,-9999.0,0.3978,stream,usgs_site_type,nhd_tidal,705.7144331534968,,,water_temp,0,0,0,337,0,0,0,0,0,0,0,0,0,0,StreamRiver, ,0,,1.0,4.0,conflict_tidal
USGS:01465905,USGS,01465905,USGS,False,no_nitrate_series,,,,,,USGS:01465905,True,singleton,,,,,,n/a,39.9611666666667,-74.8075833333333,NAVD88,nj,Burlington County,020402020204,America/New_York,"South Branch Rancocas Creek at Lumberton, NJ",,1.524,Stream,,,0,,continuous,,00010_dv,,water_temp,census,,,4491914,4491914,True,16.26,264.87,ok,nearest,5,2,200005438,146.0,-9999.0,0.8604,stream,usgs_site_type,nhd_tidal,1745.7096744230544,,,water_temp,0,0,0,387,0,0,0,0,0,0,0,0,0,0,StreamRiver, ,0,,1.0,5.0,conflict_tidal
USGS:01467016,USGS,01467016,USGS,False,no_nitrate_series,,,,,,USGS:01467016,True,singleton,,,,,,n/a,40.0088888888889,-74.8891666666667,NGVD29,nj,Burlington County,020402020302,America/New_York,Rancocas Creek at Willingboro NJ,846.926076,1.524,Stream,,,,,continuous,,,,diss_oxy+ph+spec_cond+water_temp,census,,,4488298,4488298,True,82.1,691.4,ok,nearest,5,2,200005438,135.0,-9999.0,2.4867,stream,usgs_site_type,nhd_tidal,3042.330902182877,,,,,,,,,,,,,,,,,,ArtificialPath,StreamRiver,120049793,,1.0,5.0,conflict_tidal
USGS:014670261,USGS,014670261,USGS,False,no_nitrate_series,,,,,,USGS:014670261,True,singleton,,,,,,n/a,40.0385,-74.9936111111111,NAVD88,pa,Philadelphia County,020402020305,America/New_York,Delaware River at Pennypack Woods PA,20201.9064,3.048,Stream,,,0,,continuous,,00010+00095+00300+00400+63680,,diss_oxy+ph+spec_cond+turbidity_fnu+water_temp,census,,,4488286,4488286,True,335.65,772.88,ok,nearest,6,1,200005438,124.0,-9999.0,1.7091,stream,usgs_site_type,nhd_tidal,836.1805227959507,,,water_temp+spec_cond+turbidity_fnu+diss_oxy+ph,0,0,0,2826,2826,2815,0,0,2826,5394,0,0,0,0,ArtificialPath,StreamRiver,120049793,,1.0,6.0,conflict_tidal
USGS:01467057,USGS,01467057,USGS,False,no_nitrate_series,,,,,,USGS:01467057,True,singleton,,,,,,n/a,40.0030555555556,-74.9830555555556,NGVD29,nj,Burlington County,020402020403,America/New_York,Pompeston Creek at Cinnaminson NJ,14.944230759999998,3.462528,Stream,,,,,continuous,,,,discharge+gage_height,census,,,4488064,4488064,True,35.74,513.05,ok,nearest,2,2,200005438,124.0,-9999.0,2.8026,stream,usgs_site_type,nhd_tidal,3228.472155358941,,,,,,,,,,,,,,,,,,StreamRiver, ,0,,1.0,2.0,conflict_tidal
USGS:01467060,USGS,01467060,USGS,False,no_nitrate_series,,,,,,USGS:01467060,True,singleton,,,,,,n/a,40.0181674845249,-75.0373940430575,NGVD29,pa,Philadelphia County,020402020403,America/New_York,Delaware River at Palmyra NJ,20331.4058,0.0,Stream,,,,,continuous,,,,discharge+gage_height,census,,,4489200,4489200,True,391.1,1653.31,ok,nearest,6,1,200005438,118.0,-9999.0,17.9784,stream,usgs_site_type,nhd_tidal,1700.842239780967,,,,,,,,,,,,,,,,,,ArtificialPath,StreamRiver,120049793,,1.0,6.0,conflict_tidal
USGS:01467069,USGS,01467069,USGS,False,no_nitrate_series,,,,,,USGS:01467069,True,singleton,,,,,,n/a,39.9519444444445,-74.9691666666667,NGVD29,nj,Burlington County,020402020401,America/New_York,NB Pennsauken Creek near Moorestown NJ,33.151846400000004,1.7983200000000001,Stream,,,,,continuous,,,,discharge+gage_height,census,,,4491942,4491942,True,24.05,44.13,ok,mainstem,2,2,200005438,124.0,-9999.0,7.7076,stream,usgs_site_type,nhd_tidal,1682.1090274944652,,,,,,,,,,,,,,,,,,StreamRiver, ,0,,1.0,2.0,conflict_tidal
USGS:01467081,USGS,01467081,USGS,False,no_nitrate_series,,,,,,USGS:01467081,True,singleton,,,,,,n/a,39.9416666666667,-75.0011111111111,NAVD88,nj,Burlington County,020402020401,America/New_York,South Branch Pennsauken Creek at Cherry Hill NJ,23.25809224,2.078736,Stream,,,0,,continuous,,00010+00060+00065+00095,,discharge+gage_height+spec_cond+water_temp,census,,,4495672,4495672,True,27.39,142.03,ok,nearest,1,3,200005438,128.0,-9999.0,0.2169,stream,usgs_site_type,nhd_tidal,1654.1413950925566,,,discharge+gage_height+water_temp+spec_cond,0,6675,6804,1949,1669,0,0,0,0,0,0,0,0,0,StreamRiver, ,0,,1.0,1.0,conflict_tidal
USGS:01467150,USGS,01467150,USGS,False,no_nitrate_series,,,,,,USGS:01467150,True,singleton,,,,,,n/a,39.9030555555556,-75.0213888888889,NAVD88,nj,Camden County,020402020404,America/New_York,Cooper River at Haddonfield NJ,44.029796,2.322576,Stream,,,0,,continuous,,00010+00060+00065+00095,,discharge+gage_height+spec_cond+water_temp,census,,,4494690,4495892,False,25.56,9.99,ok,mainstem,2,2,200005438,123.0,-9999.0,0.2637,stream,usgs_site_type,nhd_tidal,982.8567785373563,,,discharge+gage_height+water_temp+spec_cond,0,6365,6413,2360,2357,0,0,0,0,0,0,0,0,0,StreamRiver, ,0,,1.0,2.0,conflict_tidal
USGS:01467180,USGS,01467180,USGS,False,no_nitrate_series,,,,,,USGS:01467180,True,singleton,,,,,,n/a,39.9075,-75.0113888888889,NGVD29,nj,Camden County,020402020404,America/New_York,North Branch Cooper River at Ellisburg NJ,27.194874,2.9870400000000004,Stream,,,,,continuous,,,,discharge+gage_height,census,,,4494686,4494686,True,24.98,1138.56,ok,nearest,1,3,200005438,123.0,-9999.0,4.0149,stream,usgs_site_type,nhd_tidal,982.8567785373563,,,,,,,,,,,,,,,,,,StreamRiver, ,0,,1.0,1.0,conflict_tidal
USGS:01467190,USGS,01467190,USGS,False,no_nitrate_series,,,,,,USGS:01467190,True,singleton,,,,,,n/a,39.9263888888889,-75.0838888888889,,nj,Camden County,020402020404,America/New_York,Cooper River at Camden NJ,91.1675776,,Stream,,,,,continuous,,,,discharge+gage_height,census,,,4495874,4495874,True,8.66,2513.51,ok,nearest,2,2,200005438,115.0,-9999.0,12.3705,stream,usgs_site_type,nhd_tidal,2947.822575422363,,,,,,,,,,,,,,,,,,ArtificialPath,StreamRiver,120049793,,1.0,2.0,conflict_tidal
USGS:01467312,USGS,01467312,USGS,False,no_nitrate_series,,,,,,USGS:01467312,True,singleton,,,,,,n/a,39.9013888888889,-75.0947222222222,NGVD29,nj,Camden County,020402020405,America/New_York,Newton C at West Collingswood NJ,11.68084588,1.231392,Stream,,,,,continuous,,,,discharge+gage_height,census,,,4494710,4494710,True,37.58,34.74,ok,mainstem,2,2,200005438,107.0,-9999.0,0.6606,stream,usgs_site_type,nhd_tidal,2947.822575422363,,,,,,,,,,,,,,,,,,StreamRiver, ,0,,1.0,2.0,conflict_tidal
USGS:01467330,USGS,01467330,USGS,False,no_nitrate_series,,,,,,USGS:01467330,True,singleton,,,,,,n/a,39.8047222222222,-75.0755555555556,NGVD29,nj,Camden County,020402020502,America/New_York,South Branch Big Timber Creek at Blackwood NJ,50.763764800000004,2.563368,Stream,,,,,continuous,,,,discharge+gage_height,census,,,4495766,4495766,True,12.17,0.0,ok,mainstem,3,2,200005438,112.0,-9999.0,3.1617,stream,usgs_site_type,nhd_tidal,3409.733362911436,,,,,,,,,,,,,,,,,,StreamRiver, ,0,,1.0,3.0,conflict_tidal
USGS:01467351,USGS,01467351,USGS,False,no_nitrate_series,,,,,,USGS:01467351,True,singleton,,,,,,n/a,39.8186111111111,-75.0152777777778,NGVD29,nj,Camden County,020402020501,America/New_York,"NB Big Timber C at Laurel Rd, Laurel Springs NJ",18.57021396,8.196072000000001,Stream,,,,,continuous,,,,discharge+gage_height,census,,,4495046,4495046,True,23.27,38.95,ok,mainstem,3,3,200005438,116.0,-9999.0,1.8666,stream,usgs_site_type,nhd_tidal,1281.111441546649,,,,,,,,,,,,,,,,,,StreamRiver, ,0,,1.0,3.0,conflict_tidal
USGS:01467359,USGS,01467359,USGS,False,no_nitrate_series,,,,,,USGS:01467359,True,singleton,,,,,,n/a,39.8344444444444,-75.0669444444444,,nj,Camden County,020402020501,America/New_York,North Branch Big Timber Creek at Glendora NJ,48.6917744,,Stream,,,,,continuous,,,,diss_oxy+ph+spec_cond+water_temp,census,,,4494968,4494968,True,18.02,239.22,ok,nearest,3,3,200005438,109.0,-9999.0,2.5956,stream,usgs_site_type,nhd_tidal,3338.283797502287,,,,,,,,,,,,,,,,,,StreamRiver, ,0,,1.0,3.0,conflict_tidal
USGS:01473800,USGS,01473800,USGS,False,no_nitrate_series,,,,,,USGS:01473800,True,singleton,,,,,,n/a,40.0262388888889,-75.227925,NAVD88,pa,Philadelphia County,020402031007,America/New_York,"Schuylkill River at Manayunk, Philadelphia, PA",4713.77816,0.0,Stream,,,0,,continuous,,00065_dv,,gage_height,census,,,4782627,4782627,True,24.96,1924.55,ok,nearest,6,2,200005438,117.0,-9999.0,12.8466,stream,usgs_site_type,nhd_tidal,2165.263055653804,,,gage_height,0,0,3460,0,0,0,0,0,0,0,0,0,0,0,ArtificialPath,StreamRiver,120049792,,1.0,6.0,conflict_tidal
USGS:01474501,USGS,01474501,USGS,False,no_nitrate_series,,,,,,USGS:01474501,True,singleton,,,,,,n/a,39.9566388888889,-75.1803055555556,NAVD88,pa,Philadelphia County,020402031008,America/New_York,"Schuylkill River near 30th St at Philadelphia, PA",4895.07732,0.0,Stream,,,0,,continuous,,00065_dv,,gage_height,census,,,4784835,4784835,True,57.83,1075.73,ok,nearest,6,2,200005438,104.0,-9999.0,28.2771,stream,usgs_site_type,nhd_tidal,1429.2803021374432,,,gage_height,0,0,3418,0,0,0,0,0,0,0,0,0,0,0,ArtificialPath,StreamRiver,120049792,,1.0,6.0,conflict_tidal
USGS:01474703,USGS,01474703,USGS,False,no_nitrate_series,,,,,,USGS:01474703,True,singleton,,,,,,n/a,39.8792798113556,-75.2026802872892,,pa,Philadelphia County,020402020507,America/New_York,"Delaware River at Fort Mifflin at Philadelphia, PA",25824.770348,,Stream,,,0,,continuous,,00010+00095,,spec_cond+water_temp,census,,,4496040,4496040,True,616.85,157.01,far,mainstem,7,1,200005438,95.0,-9999.0,0.7677,stream,usgs_site_type,nhd_tidal,1754.422356949469,,,water_temp+spec_cond,0,0,0,3062,3061,0,0,0,0,0,0,0,0,0,ArtificialPath,StreamRiver,120049793,,1.0,7.0,conflict_tidal
USGS:01475019,USGS,01475019,USGS,False,no_nitrate_series,,,,,,USGS:01475019,True,singleton,,,,,,n/a,39.7702777777778,-75.1327777777778,NGVD29,nj,Gloucester County,020402020506,America/New_York,Mantua Creek at Salina NJ,36.518830799999996,3.557016,Stream,,,,,continuous,,,,discharge+gage_height,census,,,4495208,4495208,True,35.64,323.45,ok,nearest,3,2,200005438,107.0,-9999.0,3.7089,stream,usgs_site_type,nhd_tidal,2314.332623193729,,,,,,,,,,,,,,,,,,StreamRiver, ,0,,1.0,3.0,conflict_tidal
USGS:01475553,USGS,01475553,USGS,False,no_nitrate_series,,,,,,USGS:01475553,True,singleton,,,,,,n/a,39.8986111111111,-75.2552777777778,NAVD88,pa,Philadelphia County,020402020505,America/New_York,"Darby Creek at 84th St Bridge at Eastwick,PA",162.1332488,0.0,Stream,,,0,,continuous,,00065,,gage_height+spec_cond+water_temp,census,,,4495692,4495692,True,20.24,875.46,ok,nearest,3,2,200005438,92.0,-9999.0,2.0673,stream,usgs_site_type,nhd_tidal,1400.0058374092969,,,gage_height,0,0,3526,0,0,0,0,0,0,0,0,0,0,0,StreamRiver, ,0,,1.0,3.0,conflict_tidal
USGS:01477120,USGS,01477120,USGS,False,no_nitrate_series,,,,,,USGS:01477120,True,singleton,,,,,,n/a,39.7405555555556,-75.2591666666667,NAVD88,nj,Gloucester County,020402020606,America/New_York,Raccoon Creek near Swedesboro NJ,69.6706772,-0.41452800000000006,Stream,,,0,,continuous,,00010+00060+00065+00095,,discharge+gage_height+spec_cond+water_temp,census,,,4495818,4495818,True,2.83,80.85,ok,nearest,3,2,200005438,94.0,-9999.0,0.4014,stream,usgs_site_type,nhd_tidal,980.8704505260558,,,discharge+gage_height+water_temp+spec_cond,0,6611,6766,2248,2148,0,0,0,0,0,0,0,0,0,StreamRiver, ,0,,1.0,3.0,conflict_tidal
USGS:01477200,USGS,01477200,USGS,False,no_nitrate_series,,,,,,USGS:01477200,True,singleton,,,,,,n/a,39.811918401657,-75.4091376903061,,pa,Delaware County,020402020607,America/New_York,"Delaware River at Marcus Hook, PA",26858.17556,,Stream,,,0,,continuous,,00010+00095,,spec_cond+water_temp,census,,,4496368,4496368,True,584.46,135.98,far,nearest,2,2,200005438,75.0,-9999.0,1.3473,stream,usgs_site_type,nhd_tidal,4578.726665146973,,,water_temp+spec_cond,0,0,0,870,870,0,0,0,0,0,0,0,0,0,ArtificialPath,StreamRiver,120049793,,1.0,2.0,conflict_tidal
USGS:01477500,USGS,01477500,USGS,False,no_nitrate_series,,,,,,USGS:01477500,True,singleton,,,,,,n/a,39.6908333333333,-75.3177777777778,NGVD29,nj,Salem County,020402020608,America/New_York,Oldmans Creek near Woodstown NJ,47.914778,3.9624,Stream,,,,,continuous,,,,discharge+gage_height,census,,,9480518,9480518,True,17.94,263.9,ok,nearest,3,2,200005438,91.0,-9999.0,3.006,stream,usgs_site_type,nhd_tidal,673.6306200445786,,,,,,,,,,,,,,,,,,StreamRiver, ,0,,1.0,3.0,conflict_tidal
USGS:01478040,USGS,01478040,USGS,False,no_nitrate_series,,,,,,USGS:01478040,True,singleton,,,,,,n/a,39.6367786384462,-75.6810418780349,,de,New Castle County,020402050503,America/New_York,"CHRISTINA RIVER NEAR BEAR, DE",105.1535128,,Stream,,,,,continuous,,,,discharge+gage_height,census,,,4651470,4651470,True,7.22,2017.68,ok,nearest,4,2,200005438,88.0,-9999.0,5.544,stream,usgs_site_type,nhd_tidal,3777.9260393943173,,,,,,,,,,,,,,,,,,StreamRiver, ,0,,1.0,4.0,conflict_tidal
USGS:01479000,USGS,01479000,USGS,False,no_nitrate_series,,,,,,USGS:01479000,True,singleton,,,,,,n/a,39.6992222222222,-75.6750277777778,NAVD88,de,New Castle County,020402050308,America/New_York,"WHITE CLAY CREEK NEAR NEWARK, DE",230.7679308,2.395728,Stream,,,0,,continuous,,00010+00060+00065+00095,,discharge+gage_height+spec_cond+water_temp,census,,,4651938,4651938,True,32.2,1712.64,ok,nearest,4,3,200005438,81.0,-9999.0,9.4662,stream,usgs_site_type,nhd_tidal,1908.4853075125516,,,discharge+gage_height+water_temp+spec_cond,0,6596,6781,2817,2786,0,0,0,0,0,0,0,0,0,StreamRiver, ,0,,1.0,4.0,conflict_tidal
USGS:01480025,USGS,01480025,USGS,False,no_nitrate_series,,,,,,USGS:01480025,True,singleton,,,,,,n/a,39.70594444444445,-75.64577777777778,NAVD88,de,New Castle County,020402050308,America/New_York,"WHITE CLAY CREEK AT STANTON, DE",,-0.347472,Stream,,,0,,continuous,,00010+00065+00095,,gage_height+spec_cond+water_temp,census,,,4651374,4651374,True,10.18,248.94,ok,nearest,5,3,200005438,78.0,-9999.0,2.8206,stream,usgs_site_type,nhd_tidal,1205.424054059888,,,gage_height+water_temp+spec_cond,0,0,4340,1815,1812,0,0,0,0,0,0,0,0,0,StreamRiver, ,0,,1.0,5.0,conflict_tidal
USGS:01482220,USGS,01482220,USGS,False,no_nitrate_series,,,,,,USGS:01482220,True,singleton,,,,,,n/a,39.6514444444444,-75.5868888888889,NAVD88,de,New Castle County,020402050702,America/New_York,"ARMY CREEK AT NEW CASTLE, DE",,0.0,Stream,,,,,continuous,,,,gage_height,census,,,24902766,24902766,True,45.7,0.0,ok,mainstem,2,2,200005438,51.0,-9999.0,4.0122,stream,usgs_site_type,nhd_tidal,6.658777103505917,,,,,,,,,,,,,,,,,,ArtificialPath,StreamRiver,120049797,,1.0,2.0,conflict_tidal
USGS:01482537,USGS,01482537,USGS,False,no_nitrate_series,,,,,,USGS:01482537,True,singleton,,,,,,n/a,39.6605555555556,-75.4091666666667,,nj,Salem County,020402060102,America/New_York,Salem River at Courses Landing NJ,92.98056919999999,,Stream,,,0,,continuous,,00010+00095+00300+00400,,diss_oxy+ph+spec_cond+water_temp,census,,,9481984,9481984,True,34.15,1034.09,ok,nearest,3,2,200005438,73.0,-9999.0,0.8694,stream,usgs_site_type,nhd_tidal,3228.9639931917645,,,water_temp+spec_cond+diss_oxy+ph,0,0,0,57,57,0,0,0,57,57,0,0,0,0,ArtificialPath,StreamRiver,9479774,,1.0,3.0,conflict_tidal
USGS:01482705,USGS,01482705,USGS,False,no_nitrate_series,,,,,,USGS:01482705,True,singleton,,,,,,n/a,39.555,-75.5194444444444,NGVD29,nj,Salem County,020402060203,America/New_York,Delaware River at Oakwood Beach NJ,,0.0,Stream,,,,,continuous,,,,discharge+gage_height,census,,,24903558,24903558,True,1046.91,395.84,far,nearest,7,1,200005438,37.0,-9999.0,9.3267,stream,usgs_site_type,nhd_tidal,4374.865082116918,,,,,,,,,,,,,,,,,,ArtificialPath,StreamRiver,120049797,,1.0,7.0,conflict_tidal
USGS:01482970,USGS,01482970,USGS,False,no_nitrate_series,,,,,,USGS:01482970,True,singleton,,,,,,n/a,39.5622222222222,-75.3502777777778,,nj,Salem County,020402060201,America/New_York,Cedar Bk at Alloway NJ,10.2304526,,Stream,,,,,continuous,,,,discharge+gage_height,census,,,9482232,9481058,False,34.51,0.0,ok,mainstem,2,3,200005438,60.0,-9999.0,0.0441,stream,usgs_site_type,nhd_tidal,951.4266377166167,,,,,,,,,,,,,,,,,,ArtificialPath, ,9480058,0.0161287566511,1.0,2.0,conflict_tidal
USGS:01483000,USGS,01483000,USGS,False,no_nitrate_series,,,,,,USGS:01483000,True,singleton,,,,,,n/a,39.5655555555556,-75.3605555555555,NGVD29,nj,Salem County,020402060201,America/New_York,Alloway Creek at Alloway NJ,52.5767564,4.255008,Stream,,,,,continuous,,,,discharge+gage_height,census,,,9481056,9482230,False,44.97,21.15,ok,mainstem,3,2,200005438,58.0,-9999.0,0.702,stream,usgs_site_type,nhd_tidal,951.4266377166167,,,,,,,,,,,,,,,,,,StreamRiver, ,0,,1.0,3.0,conflict_tidal
USGS:01483153,USGS,01483153,USGS,False,no_nitrate_series,,,,,,USGS:01483153,True,singleton,,,,,,n/a,39.4334444444444,-75.6832777777778,,de,New Castle County,020402050802,America/New_York,"NOXONTOWN LAKE OUTLET NEAR MIDDLETOWN, DE",22.921393799999997,,Stream,,,,,continuous,,,,discharge+gage_height,census,,,4653608,4653608,True,54.24,20.31,ok,mainstem,1,2,200005438,46.0,-9999.0,0.3033,stream,usgs_site_type,nhd_tidal,2251.294518148861,,,,,,,,,,,,,,,,,,StreamRiver, ,0,,1.0,1.0,conflict_tidal
USGS:01483170,USGS,01483170,USGS,False,no_nitrate_series,,,,,,USGS:01483170,True,singleton,,,,,,n/a,39.4626111111111,-75.6877222222222,NAVD88,de,New Castle County,020402050802,America/New_York,"DOVE NEST BRANCH NEAR ODESSA, DE",12.121143839999998,0.673608,Stream,,,0,,continuous,,00060_dv+00065_dv,,discharge+gage_height,census,,,4653600,4653600,True,3.1,557.24,ok,nearest,2,4,200005438,44.0,-9999.0,5.4981,stream,usgs_site_type,nhd_tidal,2596.3692273681513,,,discharge,0,821,0,0,0,0,0,0,0,0,0,0,0,0,StreamRiver, ,0,,1.0,2.0,conflict_tidal
USGS:01483620,USGS,01483620,USGS,False,no_nitrate_series,,,,,,USGS:01483620,True,singleton,,,,,,n/a,39.154056,-75.489194,NAVD88,de,Kent County,020402070205,America/New_York,"MORGAN BRANCH NEAR DOVER, DE",6.8634682,2.02692,Stream,,,,,continuous,,,,discharge+gage_height,census,,,8075244,8074668,False,202.07,0.0,ok,area,2,2,200044492,6.0,-9999.0,1.6533,stream,usgs_site_type,nhd_tidal,2778.851500452833,,,,,,,,,,,,,,,,,,StreamRiver, ,0,,1.0,2.0,conflict_tidal
USGS:01483625,USGS,01483625,USGS,False,no_nitrate_series,,,,,,USGS:01483625,True,singleton,,,,,,n/a,39.136556,-75.458833,NAVD88,de,Kent County,020402070304,America/New_York,"PIPE ELM BRANCH NEAR DOVER, DE",,-0.036576,Stream,,,,,continuous,,,,gage_height,census,,,8075248,8075248,True,34.37,687.28,ok,nearest,1,2,200044492,3.0,-9999.0,6.0462,stream,usgs_site_type,nhd_tidal,3256.7160609912066,,,,,,,,,,,,,,,,,,StreamRiver, ,0,,1.0,1.0,conflict_tidal
USGS:01483700,USGS,01483700,USGS,False,no_nitrate_series,,,,,,USGS:01483700,True,singleton,,,,,,n/a,39.16372222222222,-75.51908333333333,NAVD88,de,Kent County,020402070301,America/New_York,"ST JONES RIVER AT DOVER, DE",82.6206172,-0.237744,Stream,,,0,,continuous,,00010+00060+00065+00095,,discharge+gage_height+spec_cond+water_temp,census,,,8074660,8074660,True,16.73,557.07,ok,nearest,3,1,200014505,17.0,-9999.0,6.525,stream,usgs_site_type,nhd_tidal,2778.851500452833,,,discharge+gage_height+water_temp+spec_cond,0,5954,6803,1938,1934,0,0,0,0,0,0,0,0,0,StreamRiver, ,0,,1.0,3.0,conflict_tidal
USGS:01484270,USGS,01484270,USGS,False,no_nitrate_series,,,,,,USGS:01484270,True,singleton,,,,,,n/a,38.7615011735579,-75.2671335417732,NGVD29,de,Sussex County,020402070603,America/New_York,"BEAVERDAM CREEK NEAR MILTON, DE",17.741417799999997,0.277368,Stream,,,,,continuous,,,,discharge+gage_height,census,,,8077692,8077692,True,21.12,2778.0,ok,nearest,1,2,200015268,17.0,-9999.0,5.9922,stream,usgs_site_type,nhd_tidal,1865.1613648257514,,,,,,,,,,,,,,,,,,StreamRiver, ,0,,1.0,1.0,conflict_tidal
USGS:01484272,USGS,01484272,USGS,False,no_nitrate_series,,,,,,USGS:01484272,True,singleton,,,,,,n/a,38.791,-75.2507777777778,NAVD88,de,Sussex County,020402070603,America/New_York,"BROADKILL RIVER NEAR MILTON, DE",,0.0,Stream,,,0,,continuous,,00010+00095+00300+00400,,diss_oxy+gage_height+ph+spec_cond+water_temp,census,,,8077942,8077942,True,8.3,313.35,ok,nearest,3,1,200015268,8.0,-9999.0,6.0507,stream,usgs_site_type,nhd_tidal,1710.7843312391294,,,water_temp+spec_cond+diss_oxy+ph,0,0,0,3503,3502,0,0,0,3485,3500,0,0,0,0,ArtificialPath,StreamRiver,9437675,,1.0,3.0,conflict_tidal
USGS:01484300,USGS,01484300,USGS,False,no_nitrate_series,,,,,,USGS:01484300,True,singleton,,,,,,n/a,38.8142792815918,-75.3271366463402,NGVD29,de,Sussex County,020402070602,America/New_York,"SOWBRIDGE BRANCH NEAR MILTON, DE",18.33711504,1.0454640000000002,Stream,,,,,continuous,,,,discharge+gage_height,census,,,8077194,8077194,True,49.26,1726.7,ok,nearest,2,2,200015268,24.0,-9999.0,3.7278,stream,usgs_site_type,nhd_tidal,7068.727061333621,,,,,,,,,,,,,,,,,,StreamRiver, ,0,,1.0,2.0,conflict_tidal
USGS:01484525,USGS,01484525,USGS,False,no_nitrate_series,,,,,,USGS:01484525,True,singleton,,,,,,n/a,38.594556,-75.291028,NAVD88,de,Sussex County,020403030202,America/New_York,"MILLSBORO POND OUTLET AT MILLSBORO, DE",159.8022596,0.41452800000000006,Stream,,,0,,continuous,,00010+00060+00065+00095+00300+00400,,discharge+diss_oxy+gage_height+ph+spec_cond+water_temp,census,,,8407597,8407597,True,3.75,46.11,ok,nearest,4,1,200020347,11.0,-9999.0,0.2241,stream,usgs_site_type,nhd_tidal,3936.73972290006,,,discharge+gage_height+water_temp+spec_cond+diss_oxy+ph,0,6680,6712,5485,5476,0,0,0,5481,5470,0,0,0,0,StreamRiver, ,0,,1.0,4.0,conflict_tidal
USGS:01484548,USGS,01484548,USGS,False,no_nitrate_series,,,,,,USGS:01484548,True,singleton,,,,,,n/a,38.5290020524183,-75.2021314343161,NGVD29,de,Sussex County,020403030204,America/New_York,"VINES CREEK AT OMAR, DE",35.2238368,1.3716000000000002,Stream,,,,,continuous,,,,discharge+gage_height,census,,,8407965,8408977,False,424.41,0.0,ok,area,3,1,200026760,5.0,-9999.0,2.1654,stream,usgs_site_type,nhd_tidal,3827.7145525561655,,,,,,,,,,,,,,,,,,StreamRiver, ,0,,1.0,3.0,conflict_tidal
USGS:01484600,USGS,01484600,USGS,False,no_nitrate_series,,,,,,USGS:01484600,True,singleton,,,,,,n/a,38.5453905656439,-75.1632408050988,NGVD29,de,Sussex County,020403030205,America/New_York,"BLACKWATER CREEK NEAR CLARKESVILLE, DE",8.98725836,3.048,Stream,,,,,continuous,,,,discharge+gage_height,census,,,8407833,8407833,True,9.77,1091.37,ok,nearest,2,1,200026761,4.0,-9999.0,1.665,stream,usgs_site_type,nhd_tidal,3721.429325152112,,,,,,,,,,,,,,,,,,StreamRiver, ,0,,1.0,2.0,conflict_tidal
USGS:01484668,USGS,01484668,USGS,False,no_nitrate_series,,,,,,USGS:01484668,True,singleton,,,,,,n/a,38.7309454615191,-75.1207378913725,NGVD29,de,Sussex County,020403030104,America/New_York,"MUNCHY BRANCH NEAR REHOBOTH BEACH, DE",1.34679376,3.048,Stream,,,,,continuous,,,,discharge+gage_height,census,,,8408901,8409259,False,1959.16,0.0,far,nearest,1,1,200037571,1.0,-9999.0,2.4975,stream,usgs_site_type,nhd_tidal,4141.413286459068,,,,,,,,,,,,,,,,,,StreamRiver, ,0,,1.0,1.0,conflict_tidal
USGS:01484695,USGS,01484695,USGS,False,no_nitrate_series,,,,,,USGS:01484695,True,singleton,,,,,,n/a,38.5214444444444,-75.1333888888889,NAVD88,de,Sussex County,020403030301,America/New_York,"BEAVERDAM DITCH NEAR MILLVILLE, DE",5.8015731200000005,0.451104,Stream,,,0,,continuous,,00060_dv+00065_dv,,discharge+gage_height,census,,,8408255,8408571,False,298.49,0.0,ok,nearest,1,2,200035252,9.0,-9999.0,4.635,stream,usgs_site_type,nhd_tidal,3721.429325152112,,,discharge,0,6500,0,0,0,0,0,0,0,0,0,0,0,0,StreamRiver, ,0,,1.0,1.0,conflict_tidal
USGS:01484716,USGS,01484716,USGS,False,no_nitrate_series,,,,,,USGS:01484716,True,singleton,,,,,,n/a,38.316711,-75.2163,NAVD88,md,Worcester County,020403030401,America/New_York,"BOTTLE BRANCH AT BERLIN, MD",0.9064958,7.62,Stream,,,,,continuous,,,,gage_height,census,,,8410267,8410267,True,15.37,3307.11,ok,nearest,1,2,200035249,10.0,-9999.0,5.4396,stream,usgs_site_type,nhd_tidal,5960.601062183691,,,,,,,,,,,,,,,,,,StreamRiver, ,0,,1.0,1.0,conflict_tidal
USGS:01485500,USGS,01485500,USGS,False,no_nitrate_series,,,,,,USGS:01485500,True,singleton,,,,,,n/a,38.228917,-75.471444,NAVD88,md,Worcester County,020801110102,America/New_York,"NASSAWANGO CREEK NEAR SNOW HILL, MD",116.2904612,3.3710880000000003,Stream,,,0,,continuous,,00060_dv+00065_dv,,discharge+gage_height,census,,,8401785,8401785,True,13.58,730.39,ok,nearest,2,2,200013659,55.0,-9999.0,6.9921,stream,usgs_site_type,nhd_tidal,16447.406448388596,,,discharge,0,6800,0,0,0,0,0,0,0,0,0,0,0,0,StreamRiver, ,0,,1.0,2.0,conflict_tidal
USGS:01486500,USGS,01486500,USGS,False,no_nitrate_series,,,,,,USGS:01486500,True,singleton,,,,,,n/a,38.3531111111111,-75.5725555555556,NAVD88,md,Wicomico County,020801100302,America/New_York,"BEAVERDAM CREEK NEAR SALISBURY, MD",50.504766,2.048256,Stream,,,0,,continuous,,00060_dv+00065_dv,,discharge+gage_height,census,,,8384071,8384071,True,10.58,307.48,ok,nearest,3,2,200017790,36.0,-9999.0,2.1978,stream,usgs_site_type,nhd_tidal,10472.308832948642,,,discharge,0,3561,0,0,0,0,0,0,0,0,0,0,0,0,StreamRiver, ,0,,1.0,3.0,conflict_tidal
USGS:01487000,USGS,01487000,USGS,False,no_nitrate_series,,,,,,USGS:01487000,True,singleton,,,,,,n/a,38.728333,-75.561861,NAVD88,de,Sussex County,020801090404,America/New_York,"NANTICOKE RIVER NEAR BRIDGEVILLE, DE",195.2850952,3.84048,Stream,,,0,,continuous,,00060+00065,,discharge+diss_oxy+gage_height+ph+spec_cond+water_temp,census,,,8392898,8392898,True,15.8,78.28,ok,nearest,4,1,200009334,82.0,-9999.0,0.0558,stream,usgs_site_type,nhd_tidal,3505.9273515937207,,,discharge+gage_height,0,1001,996,0,0,0,0,0,0,0,0,0,0,0,StreamRiver, ,0,,1.0,4.0,conflict_tidal
USGS:01489500,USGS,01489500,USGS,False,no_nitrate_series,,,,,,USGS:01489500,True,singleton,,,,,,n/a,38.4112290952065,-75.7538203129967,NGVD29,md,Wicomico County,020801090502,America/New_York,"REWASTICO CREEK NEAR HEBRON, MD",31.597853599999997,0.54864,Stream,,,,,continuous,,,,discharge+gage_height,census,,,8393746,8393746,True,8.78,0.0,ok,mainstem,1,2,200009334,29.0,-9999.0,8.0586,stream,usgs_site_type,nhd_tidal,15160.741320401052,,,,,,,,,,,,,,,,,,StreamRiver, ,0,,1.0,1.0,conflict_tidal
USGS:01490000,USGS,01490000,USGS,False,no_nitrate_series,,,,,,USGS:01490000,True,singleton,,,,,,n/a,38.5116666666667,-75.8799166666667,NAVD88,md,Dorchester County,020801100102,America/New_York,"CHICAMACOMICO RIVER NEAR SALEM, MD",38.84982,0.877824,Stream,,,0,,continuous,,00060_dv+00065_dv,,discharge+gage_height,census,,,8382361,8382361,True,68.77,57.48,ok,mainstem,2,2,200014484,36.0,-9999.0,5.7735,stream,usgs_site_type,nhd_tidal,14265.399404244838,,,discharge,0,6801,0,0,0,0,0,0,0,0,0,0,0,0,StreamRiver, ,0,,1.0,2.0,conflict_tidal
USGS:01490120,USGS,01490120,USGS,False,no_nitrate_series,,,,,,USGS:01490120,True,singleton,,,,,,n/a,38.5016666666667,-76.0941666666667,NAVD88,md,Dorchester County,020801100202,America/New_York,"LITTLE BLACKWATER RIVER NR CAMBRIDGE, MD",39.6268164,-0.381,Stream,,,,,continuous,,,,gage_height+spec_cond+water_temp,census,,,8382883,8382883,True,37.75,3371.92,ok,nearest,2,2,200010353,39.0,-9999.0,4.815,stream,usgs_site_type,nhd_tidal,6382.543008527629,,,,,,,,,,,,,,,,,,StreamRiver, ,0,,1.0,2.0,conflict_tidal
USGS:01490140,USGS,01490140,USGS,False,no_nitrate_series,,,,,,USGS:01490140,True,singleton,,,,,,n/a,38.4452777777778,-76.0838888888889,NAVD88,md,Dorchester County,020801100202,America/New_York,"LITTLE BLACKWATER RIVER AT SEWARD, MD",78.2176376,1.524,Stream,,,0,,continuous,,00060,,discharge+gage_height+spec_cond+water_temp,census,,,8385829,8385829,True,10.69,1824.82,ok,nearest,2,2,200010353,28.0,-9999.0,6.3864,stream,usgs_site_type,nhd_tidal,6382.543008527629,,,discharge,0,5,0,0,0,0,0,0,0,0,0,0,0,0,ArtificialPath,StreamRiver,11908856,,1.0,2.0,conflict_tidal
USGS:01491500,USGS,01491500,USGS,False,no_nitrate_series,,,,,,USGS:01491500,True,singleton,,,,,,n/a,38.966806,-75.943056,NAVD88,md,Queen Anne's County,020600050104,America/New_York,"TUCKAHOE CREEK NEAR RUTHSBURG, MD",220.6669776,3.041904,Stream,,,0,,continuous,,00060_dv+00065_dv,,discharge+gage_height,census,,,9407582,9407582,True,28.96,127.29,ok,nearest,4,2,200008421,91.0,-9999.0,0.315,stream,usgs_site_type,nhd_tidal,11601.34364373799,,,discharge,0,6792,0,0,0,0,0,0,0,0,0,0,0,0,StreamRiver, ,0,,1.0,4.0,conflict_tidal
USGS:01492050,USGS,01492050,USGS,False,no_nitrate_series,,,,,,USGS:01492050,True,singleton,,,,,,n/a,38.6817820486756,-75.8977135823879,,md,Dorchester County,020600050303,America/New_York,"GRAVEL RUN AT BEULAH, MD",21.7558992,,Stream,,,,,continuous,,,,discharge+gage_height,census,,,9407960,9407960,True,36.67,102.89,ok,nearest,3,3,200008421,42.0,-9999.0,0.8964,stream,usgs_site_type,nhd_tidal,9695.81900220959,,,,,,,,,,,,,,,,,,StreamRiver, ,0,,1.0,3.0,conflict_tidal
USGS:01492550,USGS,01492550,USGS,False,no_nitrate_series,,,,,,USGS:01492550,True,singleton,,,,,,n/a,38.9167802540008,-76.0613316808707,,md,Talbot County,020600020601,America/New_York,"MILL CREEK NEAR SKIPTON, MD",11.9139448,,Stream,,,,,continuous,,,,discharge+gage_height,census,,,4768940,4768940,True,13.84,989.38,ok,nearest,2,4,200017558,18.0,-9999.0,1.2195,stream,usgs_site_type,nhd_tidal,6761.207250266693,,,,,,,,,,,,,,,,,,StreamRiver, ,0,,1.0,2.0,conflict_tidal
USGS:01493000,USGS,01493000,USGS,False,no_nitrate_series,,,,,,USGS:01493000,True,singleton,,,,,,n/a,39.2499444444444,-75.8615,NAVD88,md,Queen Anne's County,020600020403,America/New_York,"UNICORN BRANCH NEAR MILLINGTON, MD",51.0227636,0.847344,Stream,,,0,,continuous,,00060_dv+00065_dv,,discharge+gage_height,census,,,4765354,4765354,True,14.27,288.59,ok,nearest,2,2,200010302,66.0,-9999.0,1.1799,stream,usgs_site_type,nhd_tidal,6770.962266383175,,,discharge,0,6802,0,0,0,0,0,0,0,0,0,0,0,0,StreamRiver, ,0,,1.0,2.0,conflict_tidal
USGS:01493500,USGS,01493500,USGS,False,no_nitrate_series,,,,,,USGS:01493500,True,singleton,,,,,,n/a,39.2800277777778,-76.0145555555556,NAVD88,md,Kent County,020600020405,America/New_York,"MORGAN CREEK NEAR KENNEDYVILLE, MD",32.892847599999996,0.29565600000000003,Stream,,,0,,continuous,,00060_dv+00065_dv,,discharge+gage_height,census,,,4766828,4766828,True,4.48,283.14,ok,nearest,3,2,200010302,57.0,-9999.0,1.0458,stream,usgs_site_type,nhd_tidal,6862.751320257041,,,discharge,0,6798,0,0,0,0,0,0,0,0,0,0,0,0,StreamRiver, ,0,,1.0,3.0,conflict_tidal
USGS:01494000,USGS,01494000,USGS,False,no_nitrate_series,,,,,,USGS:01494000,True,singleton,,,,,,n/a,39.1326109133454,-75.9804967936745,NGVD29,md,Queen Anne's County,020600020407,America/New_York,"SOUTHEAST CREEK AT CHURCH HILL, MD",32.37485,6.096,Stream,,,,,continuous,,,,discharge+gage_height,census,,,4765404,4765404,True,36.39,189.8,ok,nearest,3,2,200010302,46.0,-9999.0,1.0755,stream,usgs_site_type,nhd_tidal,10856.29825671542,,,,,,,,,,,,,,,,,,StreamRiver, ,0,,1.0,3.0,conflict_tidal
USGS:01494150,USGS,01494150,USGS,False,no_nitrate_series,,,,,,USGS:01494150,True,singleton,,,,,,n/a,39.0540833333333,-76.0546666666667,NAVD88,md,Queen Anne's County,020600020409,America/New_York,"THREE BRIDGES BRANCH AT CENTREVILLE, MD",24.604886,0.10668,Stream,,,0,,continuous,,00060_dv+00065_dv,,discharge+gage_height,census,,,4766680,4766680,True,11.07,2110.27,ok,nearest,2,3,200010302,33.0,-9999.0,5.5692,stream,usgs_site_type,nhd_tidal,10856.29825671542,,,discharge,0,3561,0,0,0,0,0,0,0,0,0,0,0,0,StreamRiver, ,0,,1.0,2.0,conflict_tidal
USGS:01495965,USGS,01495965,USGS,False,no_nitrate_series,,,,,,USGS:01495965,True,singleton,,,,,,n/a,39.4354722222222,-75.9779722222222,NAVD88,md,Cecil County,020600020207,America/New_York,"PEARCE CREEK AT CRYSTAL BEACH, MD",15.61762764,3.048,"Lake, Reservoir, Impoundment",,,,,continuous,,,,gage_height,census,,,4764796,4764796,True,3.07,33.01,ok,nearest,2,2,200014752,2.0,-9999.0,0.1215,lake,usgs_site_type,nhd_tidal,14895.22689306569,,,,,,,,,,,,,,,,,,StreamRiver, ,0,,1.0,2.0,conflict_tidal
USGS:01581757,USGS,01581757,USGS,False,no_nitrate_series,,,,,,USGS:01581757,True,singleton,,,,,,n/a,39.4392777777778,-76.3060277777778,NAVD88,md,Harford County,020600030105,America/New_York,"OTTER POINT CREEK NEAR EDGEWOOD, MD",144.0033328,1.435608,Stream,,,0,,continuous,,00060_dv+00065_dv,,discharge+gage_height,census,,,11688674,11688674,True,23.87,85.56,ok,nearest,3,2,200014963,19.0,-9999.0,0.2079,stream,usgs_site_type,nhd_tidal,3990.9813547278395,,,discharge,0,4740,0,0,0,0,0,0,0,0,0,0,0,0,StreamRiver, ,0,,1.0,3.0,conflict_tidal
USGS:01585075,USGS,01585075,USGS,False,no_nitrate_series,,,,,,USGS:01585075,True,singleton,,,,,,n/a,39.40852777777778,-76.34263888888889,NAVD88,md,Harford County,020600030602,America/New_York,"FOSTER BRANCH NEAR JOPPATOWNE, MD",4.73967804,0.07924800000000001,Stream,,,0,,continuous,,00010+00060+00065+00095+63680,,discharge+gage_height+spec_cond+turbidity_fnu+water_temp,census,,,11689678,11689678,True,3.02,2476.63,ok,nearest,1,2,200010762,13.0,-9999.0,5.7321,stream,usgs_site_type,nhd_tidal,2956.4993058736177,,,discharge+gage_height+water_temp+spec_cond+turbidity_fnu,0,996,993,967,965,936,0,0,0,0,0,0,0,0,StreamRiver, ,0,,1.0,1.0,conflict_tidal
USGS:01585140,USGS,01585140,USGS,False,no_nitrate_series,,,,,,USGS:01585140,True,singleton,,,,,,n/a,39.4037193336794,-76.3085686671519,NGVD29,md,Harford County,020600030602,America/New_York,"WEST BRANCH CANAL CR AT ABERDEEN PROVING GROUND,MD",1.37269364,2.4384,Stream,,,,,continuous,,,,discharge+gage_height,census,,,11688892,11688892,True,6.66,259.53,ok,nearest,1,2,200010762,12.0,-9999.0,3.1356,stream,usgs_site_type,nhd_tidal,2956.4993058736177,,,,,,,,,,,,,,,,,,StreamRiver, ,0,,1.0,1.0,conflict_tidal
USGS:01585175,USGS,01585175,USGS,False,no_nitrate_series,,,,,,USGS:01585175,True,singleton,,,,,,n/a,39.33227777777778,-76.42777777777778,NAVD88,md,Baltimore County,020600030701,America/New_York,"Unnamed Ditch on Wilson Pt Rd at Middle River, MD",0.22014898000000002,0.0,Ditch,,,,,continuous,,,,gage_height,census,,,11690586,11690586,True,1405.24,0.0,far,nearest,1,1,200046655,2.0,-9999.0,15.408,ditch,usgs_site_type,nhd_tidal,3843.5817433401835,,,,,,,,,,,,,,,,,,ArtificialPath,StreamRiver,22336543,,1.0,1.0,conflict_tidal
USGS:01589512,USGS,01589512,USGS,False,no_nitrate_series,,,,,,USGS:01589512,True,singleton,,,,,,n/a,39.1831637482549,-76.6138550547848,NGVD29,md,Anne Arundel County,020600031202,America/New_York,"SAWMILL CREEK AT CRAIN HWY AT GLEN BURNIE, MD",21.34150112,1.524,Stream,,,,,continuous,,,,discharge+gage_height,census,,,11689404,11689404,True,7.13,821.9,ok,nearest,3,2,200009667,22.0,-9999.0,2.0133,stream,usgs_site_type,nhd_tidal,2057.5928027804716,,,,,,,,,,,,,,,,,,StreamRiver, ,0,,1.0,3.0,conflict_tidal
USGS:01589522,USGS,01589522,USGS,False,no_nitrate_series,,,,,,USGS:01589522,True,singleton,,,,,,n/a,39.1437199173017,-76.6066322961691,NGVD29,md,Anne Arundel County,020600031202,America/New_York,"MARLEY CREEK AT HARUNDALE, MD",12.40604252,1.524,Stream,,,,,continuous,,,,discharge+gage_height,census,,,11689472,11689472,True,2.5,823.91,ok,nearest,2,3,200009667,25.0,-9999.0,2.9349,stream,usgs_site_type,nhd_tidal,3590.3251836436657,,,,,,,,,,,,,,,,,,StreamRiver, ,0,,1.0,2.0,conflict_tidal
USGS:01590000,USGS,01590000,USGS,False,no_nitrate_series,,,,,,USGS:01590000,True,singleton,,,,,,n/a,38.9859444886732,-76.622187136042,NGVD29,md,Anne Arundel County,020600040301,America/New_York,"NORTH RIVER NEAR ANNAPOLIS, MD",22.014898,2.051304,Stream,,,,,continuous,,,,discharge+gage_height,census,,,8376819,8376819,True,2.57,876.89,ok,nearest,3,1,200016903,17.0,-9999.0,2.1546,stream,usgs_site_type,nhd_tidal,1925.12540032684,,,,,,,,,,,,,,,,,,StreamRiver, ,0,,1.0,3.0,conflict_tidal
USGS:01594440,USGS,01594440,USGS,False,no_nitrate_series,,,,,,USGS:01594440,True,singleton,,,,,,n/a,38.95591666666667,-76.69369444444445,NAVD88,md,Anne Arundel County,020600060402,America/New_York,"PATUXENT RIVER NEAR BOWIE, MD",901.315824,3.7551360000000003,Stream,,,0,,continuous,,00060_dv+00065_dv,,discharge+gage_height,census,,,11907758,11907758,True,12.49,1225.35,ok,nearest,5,1,200007003,99.0,-9999.0,2.5938,stream,usgs_site_type,nhd_tidal,1023.2409830118295,,,discharge,0,6799,0,0,0,0,0,0,0,0,0,0,0,0,StreamRiver, ,0,,1.0,5.0,conflict_tidal
USGS:01594526,USGS,01594526,USGS,False,no_nitrate_series,,,,,,USGS:01594526,True,singleton,,,,,,n/a,38.81422222222222,-76.74872222222223,NAVD88,md,Prince George's County,020600060304,America/New_York,"WESTERN BRANCH AT UPPER MARLBORO, MD",232.3219236,1.319784,Stream,,,0,,continuous,,00060_dv+00065_dv,,discharge+gage_height,census,,,11908364,11908364,True,4.24,796.85,ok,nearest,3,2,200007003,78.0,-9999.0,5.8626,stream,usgs_site_type,nhd_tidal,8140.412431293815,,,discharge,0,6802,0,0,0,0,0,0,0,0,0,0,0,0,StreamRiver, ,0,,1.0,3.0,conflict_tidal
USGS:01594670,USGS,01594670,USGS,False,no_nitrate_series,,,,,,USGS:01594670,True,singleton,,,,,,n/a,38.5840096522177,-76.6052365325075,NGVD29,md,Calvert County,020600060505,America/New_York,"HUNTING CREEK NEAR HUNTINGTOWN, MD",24.294087440000002,3.048,Stream,,,,,continuous,,,,discharge+gage_height,census,,,11908470,11908470,True,29.17,427.4,ok,nearest,2,2,200007003,52.0,-9999.0,0.2016,stream,usgs_site_type,nhd_tidal,6878.273932827011,,,,,,,,,,,,,,,,,,StreamRiver, ,0,,1.0,2.0,conflict_tidal
USGS:01594800,USGS,01594800,USGS,False,no_nitrate_series,,,,,,USGS:01594800,True,singleton,,,,,,n/a,38.4489166666667,-76.4951388888889,NGVD29,md,Calvert County,020600060603,America/New_York,"ST LEONARD CREEK NEAR ST LEONARD, MD",17.430619240000002,1.524,Stream,,,,,continuous,,,,discharge+gage_height,census,,,11909440,11909440,True,4.37,2059.26,ok,nearest,2,2,200007003,23.0,-9999.0,4.8069,stream,usgs_site_type,nhd_tidal,17880.479446652454,,,,,,,,,,,,,,,,,,StreamRiver, ,0,,1.0,2.0,conflict_tidal
USGS:01649500,USGS,01649500,USGS,False,no_nitrate_series,,,,,,USGS:01649500,True,singleton,,,,,,n/a,38.96025,-76.9259722222222,NAVD88,md,Prince George's County,020700100203,America/New_York,"NORTHEAST BRANCH ANACOSTIA RIVER AT RIVERDALE, MD",188.5511264,3.5204400000000002,Stream,,,0,,continuous,,00010+00060+00065+00095+00300+00400+63680,,discharge+diss_oxy+gage_height+ph+spec_cond+turbidity_fnu+water_temp,census,,,22337975,22337975,True,15.63,83.91,ok,nearest,4,2,200004858,192.0,-9999.0,6.5385,stream,usgs_site_type,nhd_tidal,2888.4021897302687,,,discharge+gage_height+water_temp+spec_cond+turbidity_fnu+diss_oxy+ph,0,6716,6785,6721,6683,6364,0,0,6679,6652,0,0,0,0,StreamRiver, ,0,,1.0,4.0,conflict_tidal
USGS:01651770,USGS,01651770,USGS,False,no_nitrate_series,,,,,,USGS:01651770,True,singleton,,,,,,n/a,38.9161111111111,-76.9688611111111,NAVD88,dc,District of Columbia,020700100204,America/New_York,"HICKEY RUN AT NATIONAL ARBORETUM AT WASHINGTON, DC",2.61588788,4.962144,Stream,,,0,,continuous,,00010+00060+00065+00095+63680,,discharge+gage_height+spec_cond+turbidity_fnu+water_temp,census,,,22338125,22338125,True,1269.57,225.54,far,nearest,4,3,200004858,184.0,-9999.0,27.8298,stream,usgs_site_type,nhd_tidal,1402.652828357201,,,discharge+gage_height+water_temp+spec_cond+turbidity_fnu,0,5016,5050,4926,4915,4476,0,0,0,0,0,0,0,0,ArtificialPath,StreamRiver,120049842,,1.0,4.0,conflict_tidal
USGS:01653800,USGS,01653800,USGS,False,no_nitrate_series,,,,,,USGS:01653800,True,singleton,,,,,,n/a,38.7190039754795,-77.128590552388,NGVD29,va,Fairfax County,020700100306,America/New_York,"DOGUE CREEK NEAR ACCOTINK, VA",27.9718704,0.813816,Stream,,,,,continuous,,,,discharge+gage_height,census,,,22339517,22339517,True,3.03,523.14,ok,nearest,2,2,200004858,158.0,-9999.0,0.9675,stream,usgs_site_type,nhd_tidal,4127.119992632988,,,,,,,,,,,,,,,,,,StreamRiver, ,0,,1.0,2.0,conflict_tidal
USGS:01661000,USGS,01661000,USGS,False,no_nitrate_series,,,,,,USGS:01661000,True,singleton,,,,,,n/a,38.3792926392512,-76.7819116168447,NGVD29,md,St. Mary's County,020700110503,America/New_York,"CHAPTICO CREEK AT CHAPTICO, MD",26.9358752,4.572,Stream,,,,,continuous,,,,discharge+gage_height,census,,,4530785,4530785,True,18.6,57.61,ok,nearest,2,4,200004858,82.0,-9999.0,0.0891,stream,usgs_site_type,nhd_tidal,7130.066212178641,,,,,,,,,,,,,,,,,,StreamRiver, ,0,,1.0,2.0,conflict_tidal
USGS:01661350,USGS,01661350,USGS,False,no_nitrate_series,,,,,,USGS:01661350,True,singleton,,,,,,n/a,38.3040555555555,-76.6565555555556,NAVD88,md,St. Mary's County,020700110702,America/New_York,"MCINTOSH RUN NEAR LEONARDTOWN, MD",76.6636448,0.0,Stream,,,,,continuous,,,,gage_height,census,,,4531021,4531021,True,28.6,549.47,ok,nearest,4,2,200004858,61.0,-9999.0,1.0467,stream,usgs_site_type,nhd_tidal,6773.899948964606,,,,,,,,,,,,,,,,,,StreamRiver, ,0,,1.0,4.0,conflict_tidal
USGS:01661430,USGS,01661430,USGS,False,no_nitrate_series,,,,,,USGS:01661430,True,singleton,,,,,,n/a,38.1945711323039,-76.5199549997432,,md,St. Mary's County,020700110704,America/New_York,"GLEBE BRANCH AT VALLEY LEE, MD",0.7769963999999999,,Stream,,,,,continuous,,,,discharge+gage_height,census,,,4531285,4531285,True,261.76,571.0,ok,nearest,2,2,200004858,39.0,-9999.0,1.0458,stream,usgs_site_type,nhd_tidal,5473.46353374928,,,,,,,,,,,,,,,,,,StreamRiver, ,0,,1.0,2.0,conflict_tidal
USGS:01661500,USGS,01661500,USGS,False,no_nitrate_series,,,,,,USGS:01661500,True,singleton,,,,,,n/a,38.24175,-76.503667,NAVD88,md,St. Mary's County,020700110901,America/New_York,"St Marys River at Great Mills, MD",62.159712,1.959864,Stream,,,0,,continuous,,00060_dv+00065_dv,,discharge+gage_height,census,,,4531857,4531853,False,28.22,0.0,ok,mainstem,3,2,200004858,40.0,-9999.0,0.5346,stream,usgs_site_type,nhd_tidal,2864.2336733356274,,,discharge,0,6800,0,0,0,0,0,0,0,0,0,0,0,0,StreamRiver, ,0,,1.0,3.0,conflict_tidal
USGS:01661600,USGS,01661600,USGS,False,no_nitrate_series,,,,,,USGS:01661600,True,singleton,,,,,,n/a,37.8876329945378,-76.4496730194324,,va,Northumberland County,020801020102,America/New_York,"GREAT WICOMICO RIVER NEAR HORSE HEAD, VA",18.20761564,,Stream,,,,,continuous,,,,discharge+gage_height,census,,,8457194,8457194,True,35.11,567.52,ok,nearest,3,1,200019501,17.0,-9999.0,2.088,stream,usgs_site_type,nhd_tidal,4104.205955805696,,,,,,,,,,,,,,,,,,StreamRiver, ,0,,1.0,3.0,conflict_tidal
USGS:01668500,USGS,01668500,USGS,False,no_nitrate_series,,,,,,USGS:01668500,True,singleton,,,,,,n/a,38.0398547606472,-76.8269071541,NGVD29,va,Richmond County,020801040402,America/New_York,"CAT POINT CREEK NEAR MONTROSS, VA",118.1034528,0.8930640000000001,Stream,,,,,continuous,,,,discharge+gage_height,census,,,8475208,8475208,True,9.29,25.05,ok,mainstem,4,2,200006168,91.0,-9999.0,2.1267,stream,usgs_site_type,nhd_tidal,13779.218043753443,,,,,,,,,,,,,,,,,,StreamRiver, ,0,,1.0,4.0,conflict_tidal
USGS:01669000,USGS,01669000,USGS,False,no_nitrate_series,,,,,,USGS:01669000,True,singleton,,,,,,n/a,37.8770819280717,-76.9005210183905,NAVD88,va,Essex County,020801040405,America/New_York,"PISCATAWAY CREEK NEAR TAPPAHANNOCK, VA",72.26066519999999,-0.18288000000000001,Stream,,,0,,continuous,,00010+00060+00065+00095,,discharge+gage_height+spec_cond+water_temp,census,,,8479268,8479268,True,34.25,1293.95,ok,nearest,3,2,200006168,78.0,-9999.0,5.7753,stream,usgs_site_type,nhd_tidal,7318.398028858375,,,discharge+gage_height+water_temp+spec_cond,0,6605,6733,291,181,0,0,0,0,0,0,0,0,0,StreamRiver, ,0,,1.0,3.0,conflict_tidal
USGS:01669800,USGS,01669800,USGS,False,no_nitrate_series,,,,,,USGS:01669800,True,singleton,,,,,,n/a,37.5762503625866,-76.5246730117174,NGVD29,va,Middlesex County,020801020301,America/New_York,"MY LADYS SWAMP NEAR SALUDA, VA",12.742740959999999,1.2679680000000002,Stream,,,,,continuous,,,,discharge+gage_height,census,,,8456918,8456918,True,12.25,585.44,ok,nearest,2,2,200010485,26.0,-9999.0,4.1427,stream,usgs_site_type,nhd_tidal,12296.324825869551,,,,,,,,,,,,,,,,,,StreamRiver, ,0,,1.0,2.0,conflict_tidal
USGS:01677000,USGS,01677000,USGS,False,no_nitrate_series,,,,,,USGS:01677000,True,singleton,,,,,,n/a,37.4382012791702,-76.7863496602331,NGVD29,va,James City County,020801070101,America/New_York,"WARE CREEK NEAR TOANO, VA",16.29102452,3.048,Stream,,,,,continuous,,,,discharge+gage_height,census,,,9896768,9896768,True,17.51,81.74,ok,nearest,3,2,200006022,53.0,-9999.0,1.6227,stream,usgs_site_type,nhd_tidal,14018.760253388096,,,,,,,,,,,,,,,,,,StreamRiver, ,0,,1.0,3.0,conflict_tidal
USGS:0203873175,USGS,0203873175,USGS,False,no_nitrate_series,,,,,,USGS:0203873175,True,singleton,,,,,,n/a,37.422006,-77.309306,NAVD88,va,Henrico County,020802060104,America/New_York,"FOURMILE CREEK AT KINGSLAND RD NR VARINA, VA",33.9288428,0.896112,Stream,,,,,continuous,,,,gage_height,census,,,10067225,10067225,True,34.49,52.39,ok,nearest,3,3,200004444,140.0,-9999.0,1.5606,stream,usgs_site_type,nhd_tidal,4135.959600337907,,,,,,,,,,,,,,,,,,StreamRiver, ,0,,1.0,3.0,conflict_tidal
USGS:02042500,USGS,02042500,USGS,False,no_nitrate_series,,,,,,USGS:02042500,True,singleton,,,,,,n/a,37.4362576491275,-77.0608027101883,NAVD88,va,New Kent County,020802060505,America/New_York,"CHICKAHOMINY RIVER NEAR PROVIDENCE FORGE, VA",650.086988,1.4538959999999999,Stream,,,0,,continuous,,00010+00060+00065+00095,,discharge+gage_height+spec_cond+water_temp,census,,,10067073,10067073,True,14.52,3312.26,ok,nearest,4,2,200004444,124.0,-9999.0,5.5053,stream,usgs_site_type,nhd_tidal,3781.282635889484,,,discharge+gage_height+water_temp+spec_cond,0,6763,6793,5735,5674,0,0,0,0,0,0,0,0,0,StreamRiver, ,0,,1.0,4.0,conflict_tidal
USGS:02043120,USGS,02043120,USGS,False,no_nitrate_series,,,,,,USGS:02043120,True,singleton,,,,,,n/a,36.7179277923153,-76.1002110133934,,va,Virginia Beach City,030102051201,America/New_York,"ALBEMARLE AND CHESAPEAKE CN NR PRINCESS ANNE, VA",,,Stream,,,,,continuous,,,,discharge+gage_height+spec_cond+water_temp,census,,,10476435,10476435,True,17.14,1230.12,ok,nearest,2,2,250012984,36.0,-9999.0,6.1794,stream,usgs_site_type,nhd_tidal,5807.442564769979,,,,,,,,,,,,,,,,,,ArtificialPath,StreamRiver,120049905,,1.0,2.0,conflict_tidal
USGS:02043190,USGS,02043190,USGS,False,no_nitrate_series,,,,,,USGS:02043190,True,singleton,,,,,,n/a,36.7557053931003,-76.0407649183657,,va,Virginia Beach City,03010205,America/New_York,"WEST NECK CR AT RT 149 AT PRINCESS ANNE, VA WN1",,,Stream,,,,,continuous,,,,discharge+spec_cond+water_temp,census,,,10476853,10476853,True,80.77,398.33,ok,nearest,3,2,250012984,39.0,-9999.0,9.7893,stream,usgs_site_type,nhd_tidal,3572.5252934705877,,,,,,,,,,,,,,,,,,StreamRiver, ,0,,1.0,3.0,conflict_tidal
USGS:02043200,USGS,02043200,USGS,False,no_nitrate_series,,,,,,USGS:02043200,True,singleton,,,,,,n/a,36.7212615533184,-76.0338198774601,,va,Virginia Beach City,030102051202,America/New_York,"WEST NECK CREEK AT INDIAN RIVER RD AT PUNGO, VA",62.9367084,,Stream,,,,,continuous,,,,discharge+gage_height+spec_cond+water_temp,census,,,10470167,10470167,True,68.06,335.43,ok,nearest,3,2,250012984,36.0,-9999.0,0.3951,stream,usgs_site_type,nhd_tidal,1206.1895835627224,,,,,,,,,,,,,,,,,,StreamRiver, ,0,,1.0,3.0,conflict_tidal
USGS:02043210,USGS,02043210,USGS,False,no_nitrate_series,,,,,,USGS:02043210,True,singleton,,,,,,n/a,36.6959841315984,-76.0407642614734,,va,Virginia Beach City,03010205,America/New_York,"W. NECK CR AT W. NECK RD NR PLEASANT RDG, VA WN3",,,Stream,,,,,continuous,,,,gage_height+spec_cond+water_temp,census,,,10476697,10476697,True,26.33,54.51,ok,nearest,3,2,250012984,33.0,-9999.0,0.1017,stream,usgs_site_type,nhd_tidal,2897.817796231092,,,,,,,,,,,,,,,,,,ArtificialPath,StreamRiver,120049905,,1.0,3.0,conflict_tidal
USGS:02047000,USGS,02047000,USGS,False,no_nitrate_series,,,,,,USGS:02047000,True,singleton,,,,,,n/a,36.7704276281019,-77.1660778265545,NAVD88,va,Southampton County,030102011201,America/New_York,"NOTTOWAY RIVER NEAR SEBRELL, VA",3732.172708,1.414272,Stream,,,0,,continuous,,00060_dv+00065_dv,,discharge+gage_height,census,,,8725915,8725915,True,55.19,1626.0,ok,nearest,6,1,250006568,136.0,-9999.0,4.6593,stream,usgs_site_type,nhd_tidal,5951.208722034976,,,discharge,0,6801,0,0,0,0,0,0,0,0,0,0,0,0,StreamRiver, ,0,,1.0,6.0,conflict_tidal
USGS:02047783,USGS,02047783,USGS,False,no_nitrate_series,,,,,,USGS:02047783,True,singleton,,,,,,n/a,36.906538678484,-76.8199593904323,NAVD88,va,Isle of Wight County,030102020304,America/New_York,"BLACKWATER RIVER AT ROUTE 620 NEAR ZUNI, VA",1087.79496,0.0,Stream,,,0,,continuous,,00010_dv+00060_dv+00065_dv,,discharge+gage_height+water_temp,census,,,11585220,11585220,True,104.69,977.94,ok,nearest,5,2,250006568,151.0,-9999.0,4.0518,stream,usgs_site_type,nhd_tidal,4494.522865719637,,,discharge,0,4861,0,0,0,0,0,0,0,0,0,0,0,0,StreamRiver, ,0,,1.0,5.0,conflict_tidal
USGS:02048000,USGS,02048000,USGS,False,no_nitrate_series,,,,,,USGS:02048000,True,singleton,,,,,,n/a,36.8682054155864,-76.8349594801982,NGVD29,va,Isle of Wight County,030102020304,America/New_York,"BLACKWATER RIVER AT ZUNI, VA",1168.084588,2.6090880000000003,Stream,,,,,continuous,,,,discharge+gage_height+water_temp,census,,,11585592,11585592,True,10.84,1856.79,ok,nearest,5,2,250006568,145.0,-9999.0,1.3896,stream,usgs_site_type,nhd_tidal,4494.522865719637,,,,,,,,,,,,,,,,,,StreamRiver, ,0,,1.0,5.0,conflict_tidal
USGS:02048500,USGS,02048500,USGS,False,no_nitrate_series,,,,,,USGS:02048500,True,singleton,,,,,,n/a,36.8209833052031,-76.883015628795,NGVD29,va,Southampton County,030102020403,America/New_York,"SEACOCK CREEK AT UNITY, VA",264.17877599999997,2.8102560000000003,Stream,,,,,continuous,,,,discharge+gage_height,census,,,11585290,11585290,True,3.16,158.98,ok,nearest,4,3,250006568,134.0,-9999.0,3.1419,stream,usgs_site_type,nhd_tidal,2622.4598431315653,,,,,,,,,,,,,,,,,,StreamRiver, ,0,,1.0,4.0,conflict_tidal
USGS:02049000,USGS,02049000,USGS,False,no_nitrate_series,,,,,,USGS:02049000,True,singleton,,,,,,n/a,36.8043165787968,-76.8621819985457,NGVD29,va,Southampton County,030102020501,America/New_York,"BLACKWATER RIVER NEAR BURDETTE, VA",1497.013064,0.582168,Stream,,,,,continuous,,,,discharge+gage_height,census,,,11584664,11584664,True,44.29,2321.2,ok,nearest,5,2,250006568,132.0,-9999.0,2.8413,stream,usgs_site_type,nhd_tidal,2622.4598431315653,,,,,,,,,,,,,,,,,,StreamRiver, ,0,,1.0,5.0,conflict_tidal
USGS:02049500,USGS,02049500,USGS,False,no_nitrate_series,,,,,,USGS:02049500,True,singleton,,,,,,n/a,36.7626499083449,-76.8982936897527,NAVD88,va,Southampton County,030102020501,America/New_York,"BLACKWATER RIVER NEAR FRANKLIN, VA",1587.662644,0.0,Stream,,,0,,continuous,,00060_dv+00065_dv,,discharge+gage_height,census,,,11585318,11585318,True,46.33,4126.59,ok,nearest,5,2,250006568,123.0,-9999.0,6.156,stream,usgs_site_type,nhd_tidal,4235.500139221838,,,discharge,0,6801,0,0,0,0,0,0,0,0,0,0,0,0,StreamRiver, ,0,,1.0,5.0,conflict_tidal
USGS:02481325,USGS,02481325,USGS,False,no_nitrate_series,,,,,,USGS:02481325,True,singleton,,,,,,n/a,30.3424186559802,-89.264488524624,,ms,Harrison County,031700091306,America/Chicago,"BAYOU PORTAGE AT HENDERSON AVE NR DE LISLE, MS",,,Stream,,,,,continuous,,,,gage_height,census,,,18077378,,,71.9,2399.64,ok,mainstem,-9,-9,150000002,-9999.0,0.0,0.9837,stream,usgs_site_type,nhd_tidal,1928.5938274404539,,,,,,,,,,,,,,,,,,Coastline, ,0,,0.0,-9.0,conflict_tidal
USGS:0248152650,USGS,0248152650,USGS,False,no_nitrate_series,,,,,,USGS:0248152650,True,singleton,,,,,,n/a,30.358,-89.2733611111111,,ms,Harrison County,031700091203,America/Chicago,"WOLF RIVR AT HENDERSON ROAD AT DELISLE, MS",,,Stream,,,,,continuous,,,,gage_height,census,,,18077192,18077192,True,31.35,220.73,ok,nearest,5,1,290006675,0.0,-9999.0,0.6273,stream,usgs_site_type,nhd_tidal,1928.5938274404539,,,,,,,,,,,,,,,,,,ArtificialPath,StreamRiver,22760174,,1.0,5.0,conflict_tidal
USGS:02481570,USGS,02481570,USGS,False,no_nitrate_series,,,,,,USGS:02481570,True,singleton,,,,,,n/a,30.4071379402565,-89.5383893118868,,ms,Hancock County,031700090905,America/Chicago,"CATAHOULA CREEK NR SANTA ROSA, MS",401.44813999999997,,Stream,,,,,continuous,,,,discharge+gage_height,census,,,18076190,18076190,True,4.67,233.16,ok,nearest,4,1,290009306,30.0,-9999.0,0.5535,stream,usgs_site_type,nhd_tidal,9563.508512106619,,,,,,,,,,,,,,,,,,StreamRiver, ,0,,1.0,4.0,conflict_tidal
USGS:02481660,USGS,02481660,USGS,False,no_nitrate_series,,,,,,USGS:02481660,True,singleton,,,,,,n/a,30.3872222222222,-89.4413888888889,NAVD88,ms,Hancock County,031700091304,America/Chicago,"JOURDAN RIVER NR BAY ST LOUIS, MS",543.89748,0.0,Stream,,,0,,continuous,,00010_dv+00060_dv+00065_dv,,discharge+gage_height+water_temp,census,,,18077152,18077152,True,51.58,573.37,ok,nearest,4,1,290009306,16.0,-9999.0,1.5219,stream,usgs_site_type,nhd_tidal,4547.14310829988,,,gage_height,0,0,5564,0,0,0,0,0,0,0,0,0,0,0,ArtificialPath,StreamRiver,22762942,,1.0,4.0,conflict_tidal
USGS:0248166310,USGS,0248166310,USGS,False,no_nitrate_series,,,,,,USGS:0248166310,True,singleton,,,,,,n/a,30.4094444444444,-89.3444444444444,NGVD29,ms,Hancock County,031700091303,America/Chicago,"MILL CREEK AT FENTON, MS",,3.9624,Stream,,,,,continuous,,,,diss_oxy+gage_height+spec_cond+turbidity_fnu+water_temp,census,,,18076214,18076214,True,6.56,900.89,ok,nearest,2,3,290009306,18.0,-9999.0,5.8221,stream,usgs_site_type,nhd_tidal,7351.666515383158,,,,,,,,,,,,,,,,,,StreamRiver, ,0,,1.0,2.0,conflict_tidal
USGS:02481667,USGS,02481667,USGS,False,no_nitrate_series,,,,,,USGS:02481667,True,singleton,,,,,,n/a,30.3651949992595,-89.4014387551866,,ms,Hancock County,031700091304,America/Chicago,"JOURDAN RIVER AT I-10 NR KILN, MS",,,Stream,,,,,continuous,,,,gage_height,census,,,18082722,18082722,True,62.68,1547.62,ok,nearest,5,1,290009306,6.0,-9999.0,2.6442,stream,usgs_site_type,nhd_tidal,4547.14310829988,,,,,,,,,,,,,,,,,,ArtificialPath,StreamRiver,22762942,,1.0,5.0,conflict_tidal
USGS:02481670,USGS,02481670,USGS,False,no_nitrate_series,,,,,,USGS:02481670,True,singleton,,,,,,n/a,30.3238061172609,-89.4881081979612,,ms,Hancock County,031700091001,America/Chicago,"BAYOU LA CROIX NR CLERMONT HARBOR, MS",122.58413204,,Stream,,,,,continuous,,,,discharge+gage_height,census,,,18076982,18076982,True,11.38,2579.08,ok,nearest,2,2,290009306,14.0,-9999.0,7.5033,stream,usgs_site_type,nhd_tidal,8348.933575090914,,,,,,,,,,,,,,,,,,StreamRiver, ,0,,1.0,2.0,conflict_tidal
USGS:02492511,USGS,02492511,USGS,False,no_nitrate_series,,,,,,USGS:02492511,True,singleton,,,,,,n/a,30.4625,-89.695,NAVD88,la,St. Tammany Parish,031800041002,America/Chicago,"East Pearl River at I-59 near Nicholson, MS",,-1.210056,Stream,,,0,,continuous,,00065_dv,,gage_height,census,,,933180029,933180029,True,12.59,2051.9,ok,nearest,6,1,350003395,49.0,-9999.0,3.6873,stream,usgs_site_type,nhd_tidal,8148.623036926541,,,gage_height,0,0,4179,0,0,0,0,0,0,0,0,0,0,0,ArtificialPath,StreamRiver,120049961,,1.0,6.0,conflict_tidal
USGS:02492519,USGS,02492519,USGS,False,no_nitrate_series,,,,,,USGS:02492519,True,singleton,,,,,,n/a,30.4563888888889,-89.7797222222222,NAVD88,la,St. Tammany Parish,031800040705,America/Chicago,Pearl River Navigation Canal Lock and Dam No. 1,,-2.980944,Stream,,,0,,continuous,,00065_dv,,gage_height,census,,,15712831,15714289,False,19.57,0.0,ok,mainstem,3,3,350003472,50.0,-9999.0,0.0378,stream,usgs_site_type,nhd_tidal,8148.623036926541,,,gage_height,0,0,6614,0,0,0,0,0,0,0,0,0,0,0,CanalDitch, ,0,,1.0,3.0,conflict_tidal
USGS:02492600,USGS,02492600,USGS,False,no_nitrate_series,,,,,,USGS:02492600,True,singleton,,,,,,n/a,30.3851929966792,-89.7367303592814,NAVD88,la,St. Tammany Parish,031800041004,America/Chicago,"Pearl River at Pearl River, LA",21999.358072,-0.262128,Stream,,,0,,continuous,,00060_dv+00065_dv,,discharge+gage_height,census,,,15714333,15714333,True,18.6,152.99,ok,nearest,5,2,350003472,37.0,-9999.0,0.3978,stream,usgs_site_type,nhd_tidal,4906.397656192745,,,gage_height,0,0,6693,0,0,0,0,0,0,0,0,0,0,0,ArtificialPath,StreamRiver,120049961,,1.0,5.0,conflict_tidal
USGS:02492620,USGS,02492620,USGS,False,no_nitrate_series,,,,,,USGS:02492620,True,singleton,,,,,,n/a,30.3524160215733,-89.6458927390106,NAVD88,ms,Hancock County,031800041004,America/Chicago,"PEARL RIVER AT NSTL STATION, MS",,0.0,Stream,,,,,continuous,,,,gage_height,census,,,15714387,15714387,True,51.31,699.61,ok,nearest,6,1,350003395,32.0,-9999.0,0.4095,stream,usgs_site_type,nhd_tidal,8016.03071117079,,,,,,,,,,,,,,,,,,ArtificialPath,StreamRiver,120049961,,1.0,6.0,conflict_tidal
USGS:02492648,USGS,02492648,USGS,False,no_nitrate_series,,,,,,USGS:02492648,True,singleton,,,,,,n/a,30.3446379037904,-89.7570081469129,NAVD88,la,St. Tammany Parish,031800041004,America/Chicago,"Gum Bayou at Hwy 11 near Slidell, LA",,0.0,Stream,,,,,continuous,,,,gage_height,census,,,15714169,15714169,True,5.03,1921.14,ok,nearest,1,5,350003472,42.0,-9999.0,8.055,stream,usgs_site_type,nhd_tidal,637.3649206710201,,,,,,,,,,,,,,,,,,StreamRiver, ,0,,1.0,1.0,conflict_tidal
USGS:02492649,USGS,02492649,USGS,False,no_nitrate_series,,,,,,USGS:02492649,True,singleton,,,,,,n/a,30.3176938287385,-89.7278397911449,NAVD88,la,St. Tammany Parish,031800041004,America/Chicago,"Gum Bayou at Davis Landing Road near Slidell, LA",,0.0,Stream,,,,,continuous,,,,gage_height,census,,,15714177,15714177,True,14.8,2947.61,ok,nearest,1,3,350003472,25.0,-9999.0,10.4121,stream,usgs_site_type,nhd_tidal,444.5056407317879,,,,,,,,,,,,,,,,,,StreamRiver, ,0,,1.0,1.0,conflict_tidal
USGS:024926495,USGS,024926495,USGS,False,no_nitrate_series,,,,,,USGS:024926495,True,singleton,,,,,,n/a,30.3029718935968,-89.7067275648628,,la,St. Tammany Parish,031800041004,America/Chicago,"Pearl River at Crawford Landing near Slidell, LA",,,Stream,,,,,continuous,,,,gage_height,census,,,15714487,15714487,True,69.1,276.53,ok,nearest,5,2,350003472,20.0,-9999.0,7.173,stream,usgs_site_type,nhd_tidal,710.7009829185976,,,,,,,,,,,,,,,,,,ArtificialPath,StreamRiver,120049961,,1.0,5.0,conflict_tidal
USGS:02492662,USGS,02492662,USGS,False,no_nitrate_series,,,,,,USGS:02492662,True,singleton,,,,,,n/a,30.3149160663504,-89.7311732016679,,la,St. Tammany Parish,031800041004,America/Chicago,"Poor Boy Canal at Military Road near Slidell, LA",,,Stream,,,,,continuous,,,,gage_height,census,,,15714177,15714177,True,178.87,3297.99,ok,nearest,1,3,350003472,25.0,-9999.0,10.4121,stream,usgs_site_type,nhd_tidal,444.5056407317879,,,,,,,,,,,,,,,,,,StreamRiver, ,0,,1.0,1.0,conflict_tidal
USGS:02492663,USGS,02492663,USGS,False,no_nitrate_series,,,,,,USGS:02492663,True,singleton,,,,,,n/a,30.2946384989193,-89.7361729999324,,la,St. Tammany Parish,08090201,America/Chicago,"FRENCH BRANCH NEAR SLIDELL, LA.",,,Stream,,,,,continuous,,,,gage_height,census,,,18930256,18930256,True,93.51,66.33,ok,mainstem,2,3,350003472,26.0,-9999.0,3.5073,stream,usgs_site_type,nhd_tidal,801.7556395415419,,,,,,,,,,,,,,,,,,StreamRiver, ,0,,1.0,2.0,conflict_tidal
USGS:02492664,USGS,02492664,USGS,False,no_nitrate_series,,,,,,USGS:02492664,True,singleton,,,,,,n/a,30.2882497062954,-89.7322838339132,NAVD88,la,St. Tammany Parish,031800041005,America/Chicago,"W-15 Canal at Hwy 190 near Slidell, LA",,0.0,Stream,,,,,continuous,,,,gage_height,census,,,18930256,18930256,True,9.02,824.45,ok,nearest,2,3,350003472,26.0,-9999.0,3.5073,stream,usgs_site_type,nhd_tidal,801.7556395415419,,,,,,,,,,,,,,,,,,StreamRiver, ,0,,1.0,2.0,conflict_tidal
USGS:02492665,USGS,02492665,USGS,False,no_nitrate_series,,,,,,USGS:02492665,True,singleton,,,,,,n/a,30.2921384741375,-89.7458955523144,NAVD88,la,St. Tammany Parish,031800041005,America/Chicago,"Canal W-15 at Service Road, at Slidell, LA",,0.0,Stream,,,,,continuous,,,,gage_height,census,,,18930232,18930256,False,412.99,1747.65,ok,nearest,1,3,350003472,28.0,-9999.0,1.8342,stream,usgs_site_type,nhd_tidal,974.1492177528771,,,,,,,,,,,,,,,,,,StreamRiver, ,0,,1.0,1.0,conflict_tidal
USGS:02492666,USGS,02492666,USGS,False,no_nitrate_series,,,,,,USGS:02492666,True,singleton,,,,,,n/a,30.2685278085862,-89.7164495029286,,la,St. Tammany Parish,031800041005,America/Chicago,"French Branch at Old River Road at Slidell, LA",,,Stream,,,,,continuous,,,,gage_height,census,,,18930860,18930860,True,2.7,1691.51,ok,nearest,2,3,350003472,23.0,-9999.0,5.5602,stream,usgs_site_type,nhd_tidal,1133.0355536876941,,,,,,,,,,,,,,,,,,StreamRiver, ,0,,1.0,2.0,conflict_tidal
USGS:02492667,USGS,02492667,USGS,False,no_nitrate_series,,,,,,USGS:02492667,True,singleton,,,,,,n/a,30.2624167138994,-89.7258941928035,,la,St. Tammany Parish,03180004,America/Chicago,"Doubloon Bayou at Slidell, LA",,,Stream,,,,,continuous,,,,gage_height,census,,,18930872,18930872,True,6.18,3610.77,ok,nearest,1,4,350003472,23.0,-9999.0,5.4792,stream,usgs_site_type,nhd_tidal,1133.0355536876941,,,,,,,,,,,,,,,,,,StreamRiver, ,0,,1.0,1.0,conflict_tidal
USGS:02492670,USGS,02492670,USGS,False,no_nitrate_series,,,,,,USGS:02492670,True,singleton,,,,,,n/a,30.2390833333333,-89.6147777777778,,ms,Hancock County,031800041007,America/Chicago,"EAST PEARL RIVER AT HIGHWAY 90 AT PEARLINGTON, MS",,,Stream,,,,,continuous,,,,gage_height,census,,,15721081,15721081,True,6.89,697.17,ok,nearest,6,1,350003395,12.0,-9999.0,1.1961,stream,usgs_site_type,nhd_tidal,5569.961669845657,,,,,,,,,,,,,,,,,,ArtificialPath,StreamRiver,120049961,,1.0,6.0,conflict_tidal
USGS:02492700,USGS,02492700,USGS,False,no_nitrate_series,,,,,,USGS:02492700,True,singleton,,,,,,n/a,30.29788888888889,-89.70223055555556,NAVD88,la,St. Tammany Parish,03180004,America/Chicago,"Pearl River at I-10 near Slidell, LA",,0.100584,Stream,,,0,,continuous,,00060_dv+00065_dv,,discharge+gage_height,census,,,15714487,15714487,True,9.21,1005.91,ok,nearest,5,2,350003472,20.0,-9999.0,7.173,stream,usgs_site_type,nhd_tidal,710.7009829185976,,,discharge+gage_height,0,602,3567,0,0,0,0,0,0,0,0,0,0,0,ArtificialPath,StreamRiver,120049961,,1.0,5.0,conflict_tidal
USGS:04044796,USGS,04044796,USGS,False,no_nitrate_series,,,,,,USGS:04044796,True,singleton,,,,,,n/a,46.6761113371629,-85.6265332522392,NGVD29,mi,Luce County,040202010509,America/New_York,"MUSKALLONGE LAKE NEAR DEER PARK, MI",28.489868,186.836304,"Lake, Reservoir, Impoundment",,,,,continuous,,,,gage_height,census,,,12017782,12017782,True,343.05,0.0,ok,area,-9,-9,90000718,-9999.0,0.0,51.6321,lake,usgs_site_type,nhd_tidal,14324.759489384029,,,,,,,,,,,,,,,,,,Coastline, ,0,,0.0,-9.0,conflict_tidal
USGS:04072006,USGS,04072006,USGS,False,no_nitrate_series,,,,,,USGS:04072006,True,singleton,,,,,,n/a,44.586110344643274,-87.98169638452174,NAVD88,wi,Brown County,041900000200,America/Chicago,"LAKE MICHIGAN AT DEAD HORSE BAY NEAR GREEN BAY, WI",,177.39360000000002,"Lake, Reservoir, Impoundment",,,,,continuous,,,,gage_height,census,,,6802226,,,2582.47,5873.68,far,nearest,-9,-9,90000001,-9999.0,0.0,6.3873,lake,usgs_site_type,nhd_tidal,5567.790249535783,,,,,,,,,,,,,,,,,,Coastline, ,0,,0.0,-9.0,conflict_tidal
USGS:040874126,USGS,040874126,USGS,False,no_nitrate_series,,,,,,USGS:040874126,True,singleton,,,,,,n/a,42.1944692030044,-87.8003440408288,NGVD29,il,Lake County,040400020502,America/Chicago,"SW FORK OF S B OF RAVINE 10 AT HIGHLAND PARK, IL",0.49209772,198.12,Stream,,,,,continuous,,,,discharge,census,,,12170791,12170791,True,684.56,7513.09,far,nearest,-9,-9,90000001,-9999.0,0.0,11.7306,stream,usgs_site_type,nhd_tidal,3890.5811626605127,,,,,,,,,,,,,,,,,,Coastline, ,0,,0.0,-9.0,conflict_tidal
USGS:04087440,USGS,04087440,USGS,False,no_nitrate_series,,,,,,USGS:04087440,True,complementary,0.0,6403,0.033,0.7955,,rule,41.8892777777778,-87.6079444444444,NAVD88,il,Cook County,040602000000,America/Chicago,"LAKE MICHIGAN AT CHICAGO LOCK AT CHICAGO, IL",,176.54016000000001,"Lake, Reservoir, Impoundment",,,0,,continuous,,00065_dv,,gage_height,census,,,12171405,,,124.36,389.75,ok,nearest,-9,-9,90000001,-9999.0,0.0,0.2484,lake,usgs_site_type,nhd_tidal,0.0,,,gage_height,0,0,6596,0,0,0,0,0,0,0,0,0,0,0,Coastline, ,0,,0.0,-9.0,conflict_tidal
USGS:04092440,USGS,04092440,USGS,False,no_nitrate_series,,,,,,USGS:04092440,True,singleton,,,,,,n/a,41.7844444444444,-87.5675,,il,Cook County,040602000000,America/Chicago,"LAKE MICHIGAN AT JACKSON PARK AT HYDE PARK, IL",,,"Lake, Reservoir, Impoundment",,,0,,continuous,,00010+00095+00300+00400+32318+32319+63680,,diss_oxy+fchl+fpc+ph+spec_cond+turbidity_fnu+water_temp,census,,,3398564,,,365.63,834.15,ok,nearest,-9,-9,90000001,-9999.0,0.0,0.2529,lake,usgs_site_type,nhd_tidal,5616.94868949052,,,water_temp+spec_cond+turbidity_fnu+diss_oxy+ph+fchl+fpc,0,0,0,475,479,450,0,0,477,479,0,368,278,0,Coastline, ,0,,0.0,-9.0,conflict_tidal
USGS:04092788,USGS,04092788,USGS,False,no_nitrate_series,,,,,,USGS:04092788,True,singleton,,,,,,n/a,41.6519444444444,-87.4313888888889,,in,Lake County,040602000000,America/Chicago,"LAKE MICHIGAN AT JEORSE PARK AT GARY, IN",,,"Lake, Reservoir, Impoundment",,,0,,continuous,,00010+00095+00300+00400+32318+32319+63680,,diss_oxy+fchl+fpc+ph+spec_cond+turbidity_fnu+water_temp,census,,,3398598,,,201.91,19634.32,ok,nearest,-9,-9,90000001,-9999.0,0.0,16.0245,lake,usgs_site_type,nhd_tidal,3093.8639446962575,,,water_temp+spec_cond+turbidity_fnu+diss_oxy+ph+fchl+fpc,0,0,0,326,330,325,0,0,329,330,0,240,236,0,Coastline, ,0,,0.0,-9.0,conflict_tidal
USGS:04194085,USGS,04194085,USGS,False,no_nitrate_series,,,,,,USGS:04194085,True,singleton,,,,,,n/a,41.6756031041001,-83.3710411524429,NAVD88,oh,Lucas County,041000100704,America/New_York,Berger Ditch near Oregon OH,39.8858152,173.818296,Ditch,,,0,,continuous,,00060_dv+00065_dv,,discharge+gage_height,census,,,30726954,30726954,True,1148.88,132.38,far,nearest,-9,-9,90001566,-9999.0,0.0,44.4078,ditch,usgs_site_type,nhd_tidal,2733.4532443593807,,,discharge,0,2170,0,0,0,0,0,0,0,0,0,0,0,0,Coastline, ,0,,0.0,-9.0,conflict_tidal
USGS:04199170,USGS,04199170,USGS,False,no_nitrate_series,,,,,,USGS:04199170,True,singleton,,,,,,n/a,41.3858817421585,-82.5135041557251,,oh,Erie County,041202000300,America/New_York,Lake Erie at Huron OH,,,"Lake, Reservoir, Impoundment",,,,,continuous,,,,discharge+gage_height,census,,,27889996,,,168.95,300.88,ok,nearest,-9,-9,90001566,-9999.0,0.0,2.5335,lake,usgs_site_type,nhd_tidal,567.2033716664628,,,,,,,,,,,,,,,,,,Coastline, ,0,,0.0,-9.0,conflict_tidal
USGS:04208598,USGS,04208598,USGS,False,no_nitrate_series,,,,,,USGS:04208598,True,singleton,,,,,,n/a,41.5141666666667,-81.6183333333333,NAVD88,oh,Cuyahoga County,041100030504,America/New_York,Doan Brook at MLK Jr Dr at Cleveland OH,21.237901599999997,184.32475200000002,Stream,,,0,,continuous,,00060_dv+00065_dv,,discharge+gage_height,census,,,28123868,28123868,True,3149.65,10678.66,far,nearest,-9,-9,90001566,-9999.0,0.0,117.9639,stream,usgs_site_type,nhd_tidal,6008.208950631595,,,gage_height,0,0,3240,0,0,0,0,0,0,0,0,0,0,0,Coastline, ,0,,0.0,-9.0,conflict_tidal
USGS:04216000,USGS,04216000,USGS,False,no_nitrate_series,,,,,,USGS:04216000,True,singleton,,,,,,n/a,42.8777777777778,-78.9163888888889,,ny,Erie County,041202000300,America/New_York,NIAGARA RIVER AT BUFFALO NY,682979.8356,,Stream,,,0,,continuous,,00060_dv,,discharge,census,,,30833992,,,1987.08,0.0,far,nearest,-9,-9,90001566,-9999.0,0.0,0.0315,stream,usgs_site_type,nhd_tidal,5172.27239242755,,,discharge,0,6756,0,0,0,0,0,0,0,0,0,0,0,0,Coastline, ,0,,0.0,-9.0,conflict_tidal
USGS:05536121,USGS,05536121,USGS,False,no_nitrate_series,,,,,,USGS:04087440,False,complementary,0.0,6403,0.033,0.7955,,rule,41.8892777777778,-87.6079444444444,NAVD88,il,Cook County,07120003,America/Chicago,"CHICAGO RIVER AT CHICAGO LOCK AT CHICAGO, IL",,176.54016000000001,Stream,,,0,,continuous,,00065_dv,,gage_height,census,,,12171405,,,124.36,389.75,ok,nearest,-9,-9,90000001,-9999.0,0.0,0.2484,stream,usgs_site_type,nhd_tidal,0.0,,,gage_height,0,0,6606,0,0,0,0,0,0,0,0,0,0,0,Coastline, ,0,,0.0,-9.0,conflict_tidal
USGS:05536123,USGS,05536123,USGS,False,no_nitrate_series,,,,,,USGS:05536123,True,singleton,,,,,,n/a,41.8883662760279,-87.6211634260602,NAVD88,il,Cook County,071200030107,America/Chicago,"CHICAGO RIVER AT COLUMBUS DRIVE AT CHICAGO, IL",,176.54016000000001,Stream,,,0,,continuous,,00060_dv+00065_dv,,discharge+gage_height,census,,,12171407,14786223,False,251.91,750.1,ok,nearest,-9,-9,90000001,-9999.0,0.0,0.2556,stream,usgs_site_type,nhd_tidal,1093.9698885435262,,,gage_height,0,0,6782,0,0,0,0,0,0,0,0,0,0,0,Coastline, ,0,,0.0,-9.0,conflict_tidal
USGS:07374200,USGS,07374200,USGS,False,no_nitrate_series,,,,,,USGS:07374200,True,singleton,,,,,,n/a,30.1085321706587,-90.9875994492205,,la,Ascension Parish,080701000105,America/Chicago,"MISSISSIPPI RIVER AT DONALDSONVILLE,LA",,,Stream,,,,,continuous,,,,gage_height,census,,,19086175,19086175,True,454.76,1113.58,ok,mainstem,10,1,350002977,302.0,-9999.0,6.0138,stream,usgs_site_type,nhd_tidal,1019.4785919175762,,,,,,,,,,,,,,,,,,ArtificialPath,StreamRiver,120049893,,1.0,10.0,conflict_tidal
USGS:07374510,USGS,07374510,USGS,False,no_nitrate_series,,,,,,USGS:07374510,True,singleton,,,,,,n/a,29.934926896374,-90.1361848938299,,la,Orleans Parish,08070100,America/Chicago,"(COE) Mississippi River at New Orleans, LA",2926453.34108,,Stream,,,,,continuous,,,,discharge+gage_height,census,,,22799307,22799307,True,206.27,4905.05,ok,nearest,10,1,350002977,182.0,-9999.0,11.7972,stream,usgs_site_type,nhd_tidal,6033.422983306451,,,,,,,,,,,,,,,,,,ArtificialPath,StreamRiver,120049892,,1.0,10.0,conflict_tidal
USGS:07374515,USGS,07374515,USGS,False,no_nitrate_series,,,,,,USGS:07374515,True,singleton,,,,,,n/a,29.9121491191735,-89.9745133752123,,la,Orleans Parish,08090203,America/Chicago,INTRACOASTAL WATERWAY AT ALGIERS LA,,,Stream,,,,,continuous,,,,gage_height,census,,,22814575,22814575,True,82.18,3825.53,ok,nearest,1,2,350002977,166.0,-9999.0,78.6933,stream,usgs_site_type,nhd_tidal,6110.146392402841,,,,,,,,,,,,,,,,,,ArtificialPath,CanalDitch,120048760,,1.0,1.0,conflict_tidal
USGS:073745235,USGS,073745235,USGS,False,no_nitrate_series,,,,,,USGS:073745235,True,singleton,,,,,,n/a,29.9351944444444,-89.8365833333333,NAVD88,la,St. Bernard Parish,080902030302,America/Chicago,"Bayou Dupre Sector Gate near Violet, LA",,0.0,Stream,,,0,,continuous,,00065_dv,,gage_height,census,,,22770870,22770870,True,317.06,696.77,ok,nearest,3,1,350020122,16.0,-9999.0,0.8091,stream,usgs_site_type,nhd_tidal,10242.199668462647,,,gage_height,0,0,3439,0,0,0,0,0,0,0,0,0,0,0,ArtificialPath,CanalDitch,120048741,,1.0,3.0,conflict_tidal
USGS:073745245,USGS,073745245,USGS,False,no_nitrate_series,,,,,,USGS:073745245,True,distinct,6848.25,958,0.2648,-2.3961,,rule,29.8588888888889,-89.9069444444444,NAVD88,la,Plaquemines Parish,080902030505,America/Chicago,"Caernarvon Canal Sector Gate at Caernarvon, La",,0.0,Stream,,,0,,continuous,,00065_dv,,gage_height,census,,,22798749,22770974,False,1146.13,10218.35,far,nearest,10,1,350002977,142.0,-9999.0,22.8951,stream,usgs_site_type,nhd_tidal,596.0722612226616,,,gage_height,0,0,3493,0,0,0,0,0,0,0,0,0,0,0,ArtificialPath,StreamRiver,120049892,,1.0,10.0,conflict_tidal
USGS:07374525,USGS,07374525,USGS,False,no_nitrate_series,,,,,,USGS:07374525,True,distinct,6848.25,958,0.2648,-2.3961,,rule,29.857150844441,-89.977847053653,NAVD88,la,Plaquemines Parish,080901000101,America/Chicago,"Mississippi River at Belle Chasse, LA",2926686.44,-2.0055840000000003,Stream,,,0,,continuous,,00060+00065+63680,,discharge+gage_height+turbidity_fnu,census,,,22798749,22798749,True,34.74,18996.35,ok,nearest,10,1,350002977,142.0,-9999.0,22.8951,stream,usgs_site_type,nhd_tidal,6110.146392402841,,,discharge+gage_height+turbidity_fnu,0,958,958,0,0,932,0,0,0,0,0,0,0,0,ArtificialPath,StreamRiver,120049892,,1.0,10.0,conflict_tidal
USGS:07374530,USGS,07374530,USGS,False,no_nitrate_series,,,,,,USGS:07374530,True,singleton,,,,,,n/a,29.5713260747715,-89.7970107196255,,la,Plaquemines Parish,08070100,America/Chicago,MISSISSIPPI RIVER AT WEST POINTE A LA HACHE LA,,,Stream,,,,,continuous,,,,gage_height,census,,,22798751,22798751,True,245.24,28645.64,ok,nearest,10,1,350002977,90.0,-9999.0,39.0672,stream,usgs_site_type,nhd_tidal,8885.816694573765,,,,,,,,,,,,,,,,,,ArtificialPath,StreamRiver,120049892,,1.0,10.0,conflict_tidal
USGS:07374570,USGS,07374570,USGS,False,no_nitrate_series,,,,,,USGS:07374570,True,singleton,,,,,,n/a,30.2932497136942,-89.7667297753739,NGVD29,la,St. Tammany Parish,080902010307,America/Chicago,"CANAL W-14 AT ROBERTS RD., AT SLIDELL, LA",,0.0,Stream,,,,,continuous,,,,gage_height,census,,,18930308,18930308,True,68.11,743.91,ok,nearest,1,2,350003472,29.0,-9999.0,7.4088,stream,usgs_site_type,nhd_tidal,1977.0015839254847,,,,,,,,,,,,,,,,,,StreamRiver, ,0,,1.0,1.0,conflict_tidal
USGS:07374571,USGS,07374571,USGS,False,no_nitrate_series,,,,,,USGS:07374571,True,singleton,,,,,,n/a,30.3110272858458,-89.7678412711724,NAVD88,la,St. Tammany Parish,080902010307,America/Chicago,"W-14 Canal at Brown Switch Rd at Slidell, LA",,0.0,Stream,,,,,continuous,,,,gage_height,census,,,18930212,18930212,True,11.54,828.03,ok,nearest,1,2,350003472,34.0,-9999.0,5.0184,stream,usgs_site_type,nhd_tidal,1110.614833045032,,,,,,,,,,,,,,,,,,StreamRiver, ,0,,1.0,1.0,conflict_tidal
USGS:07374572,USGS,07374572,USGS,False,no_nitrate_series,,,,,,USGS:07374572,True,singleton,,,,,,n/a,30.2701944769945,-89.7703406042962,NAVD88,la,St. Tammany Parish,080902010307,America/Chicago,"CANAL W-14, AT DANEY ST., AT SLIDELL, LA.",,0.0,Stream,,,,,continuous,,,,gage_height,census,,,18930308,18930308,True,14.61,3448.82,ok,nearest,1,2,350003472,29.0,-9999.0,7.4088,stream,usgs_site_type,nhd_tidal,2221.685551528901,,,,,,,,,,,,,,,,,,StreamRiver, ,0,,1.0,1.0,conflict_tidal
USGS:07374573,USGS,07374573,USGS,False,no_nitrate_series,,,,,,USGS:07374573,True,singleton,,,,,,n/a,30.2576944259977,-89.7522840158235,NGVD29,la,St. Tammany Parish,080902010307,America/Chicago,"CANAL W-14, @ KINGSPOINT BLVD., AT SLIDELL, LA.",,2.410968,Stream,,,,,continuous,,,,discharge+gage_height,census,,,18930876,18930876,True,15.8,843.58,ok,nearest,2,2,350003472,24.0,-9999.0,8.0298,stream,usgs_site_type,nhd_tidal,2221.685551528901,,,,,,,,,,,,,,,,,,CanalDitch, ,0,,1.0,2.0,conflict_tidal
USGS:07374574,USGS,07374574,USGS,False,no_nitrate_series,,,,,,USGS:07374574,True,singleton,,,,,,n/a,30.3140831289139,-89.8039539288176,,la,St. Tammany Parish,080902010306,America/Chicago,"Vincent Creek at Infantry Road near Slidell, LA",,,Stream,,,,,continuous,,,,gage_height,census,,,18930228,18930228,True,34.55,2003.28,ok,nearest,1,2,350003472,48.0,-9999.0,5.7726,stream,usgs_site_type,nhd_tidal,2400.7039827439494,,,,,,,,,,,,,,,,,,StreamRiver, ,0,,1.0,1.0,conflict_tidal
USGS:07374575,USGS,07374575,USGS,False,no_nitrate_series,,,,,,USGS:07374575,True,singleton,,,,,,n/a,30.2913055274703,-89.7903418506054,,la,St. Tammany Parish,080902010306,America/Chicago,"VINCENT CREEK AT SLIDELL,LA",,,Stream,,,,,continuous,,,,gage_height,census,,,18930254,18930254,True,8.94,210.0,ok,nearest,2,2,350003472,46.0,-9999.0,1.5507,stream,usgs_site_type,nhd_tidal,721.8566061087927,,,,,,,,,,,,,,,,,,StreamRiver, ,0,,1.0,2.0,conflict_tidal
USGS:07374577,USGS,07374577,USGS,False,no_nitrate_series,,,,,,USGS:07374577,True,singleton,,,,,,n/a,30.2849167365421,-89.7917306849542,NAVD88,la,St. Tammany Parish,080902010306,America/Chicago,"BAYOU BONFOUCA @ WEST HALL RD, @ SLIDELL, LA",,0.0,Stream,,,,,continuous,,,,gage_height,census,,,18930254,18930254,True,9.81,1061.1,ok,nearest,2,2,350003472,46.0,-9999.0,1.5507,stream,usgs_site_type,nhd_tidal,721.8566061087927,,,,,,,,,,,,,,,,,,StreamRiver, ,0,,1.0,2.0,conflict_tidal
USGS:07374578,USGS,07374578,USGS,False,no_nitrate_series,,,,,,USGS:07374578,True,singleton,,,,,,n/a,30.2718613798217,-89.7942305616874,,la,St. Tammany Parish,080902010306,America/Chicago,"BAYOU BONFOUCA AT SLIDELL,LA",,,Stream,,,,,continuous,,,,gage_height,census,,,18930998,18930998,True,56.69,610.89,ok,nearest,3,2,350003472,43.0,-9999.0,1.1862,stream,usgs_site_type,nhd_tidal,1469.4174341826526,,,,,,,,,,,,,,,,,,ArtificialPath,StreamRiver,22762944,,1.0,3.0,conflict_tidal
USGS:073745803,USGS,073745803,USGS,False,no_nitrate_series,,,,,,USGS:073745803,True,singleton,,,,,,n/a,30.3358333333333,-89.8408333333333,NAVD88,la,St. Tammany Parish,080902010305,America/Chicago,"Bayou Liberty near Belair Blvd near Slidell, LA",,0.0,Stream,,,,,continuous,,,,gage_height,census,,,18930158,18930158,True,16.39,1659.08,ok,nearest,2,3,350003472,48.0,-9999.0,8.1999,stream,usgs_site_type,nhd_tidal,2008.362874878639,,,,,,,,,,,,,,,,,,StreamRiver, ,0,,1.0,2.0,conflict_tidal
USGS:073745805,USGS,073745805,USGS,False,no_nitrate_series,,,,,,USGS:073745805,True,singleton,,,,,,n/a,30.3183333333333,-89.8355555555555,NAVD88,la,St. Tammany Parish,080902010305,America/Chicago,"Bayou Liberty at Scenic Drive near Slidell, LA",,4.2123360000000005,Stream,,,,,continuous,,,,gage_height,census,,,18930238,18930238,True,5.33,1532.66,ok,nearest,2,3,350003472,42.0,-9999.0,21.5235,stream,usgs_site_type,nhd_tidal,857.174664282385,,,,,,,,,,,,,,,,,,StreamRiver, ,0,,1.0,2.0,conflict_tidal
USGS:073745807,USGS,073745807,USGS,False,no_nitrate_series,,,,,,USGS:073745807,True,singleton,,,,,,n/a,30.3108333333333,-89.8334444444444,NAVD88,la,St. Tammany Parish,080902010305,America/Chicago,"Bayou Liberty near Landis road near Slidell, LA",,0.0,Stream,,,,,continuous,,,,gage_height,census,,,18930238,18930238,True,1.41,2653.23,ok,nearest,2,3,350003472,42.0,-9999.0,21.5235,stream,usgs_site_type,nhd_tidal,857.174664282385,,,,,,,,,,,,,,,,,,StreamRiver, ,0,,1.0,2.0,conflict_tidal
USGS:07374581,USGS,07374581,USGS,False,no_nitrate_series,,,,,,USGS:07374581,True,singleton,,,,,,n/a,30.3013057798592,-89.8306214936131,NAVD88,la,St. Tammany Parish,080902010305,America/Chicago,"Bayou Liberty near Slidell,LA",,0.0,Stream,,,0,,continuous,,00065_dv,,gage_height,census,,,18930238,18930238,True,3.72,4063.37,ok,nearest,2,3,350003472,42.0,-9999.0,21.5235,stream,usgs_site_type,nhd_tidal,1092.1751803422592,,,gage_height,0,0,6430,0,0,0,0,0,0,0,0,0,0,0,StreamRiver, ,0,,1.0,2.0,conflict_tidal
USGS:073745813,USGS,073745813,USGS,False,no_nitrate_series,,,,,,USGS:073745813,True,singleton,,,,,,n/a,30.2794444444444,-89.8233333333333,NAVD88,la,St. Tammany Parish,080902010305,America/Chicago,"Bayou Liberty near Dubuisson road near Slidell, LA",,0.0,Stream,,,,,continuous,,,,gage_height,census,,,18930974,18930974,True,54.65,276.07,ok,nearest,2,3,350003472,41.0,-9999.0,0.1206,stream,usgs_site_type,nhd_tidal,2357.9189106229946,,,,,,,,,,,,,,,,,,ArtificialPath,StreamRiver,22762944,,1.0,2.0,conflict_tidal
USGS:073745815,USGS,073745815,USGS,False,no_nitrate_series,,,,,,USGS:073745815,True,singleton,,,,,,n/a,30.2686111111111,-89.8444444444444,NAVD88,la,St. Tammany Parish,080902010305,America/Chicago,"Bayou Liberty at Hwy 433 near Slidell, LA",,0.0,Stream,,,,,continuous,,,,gage_height,census,,,18931030,18931030,True,56.93,1822.08,ok,nearest,2,3,350003472,37.0,-9999.0,3.3876,stream,usgs_site_type,nhd_tidal,0.0,,,,,,,,,,,,,,,,,,ArtificialPath,StreamRiver,22762944,,1.0,2.0,conflict_tidal
USGS:073745817,USGS,073745817,USGS,False,no_nitrate_series,,,,,,USGS:073745817,True,singleton,,,,,,n/a,30.2686111111111,-89.8444444444444,NAVD88,la,St. Tammany Parish,080902010305,America/Chicago,"Bayou Liberty at Bonfouca Marina near Slidell, LA",,0.0,Stream,,,,,continuous,,,,gage_height,census,,,18931030,18931030,True,56.93,1822.08,ok,nearest,2,3,350003472,37.0,-9999.0,3.3876,stream,usgs_site_type,nhd_tidal,0.0,,,,,,,,,,,,,,,,,,ArtificialPath,StreamRiver,22762944,,1.0,2.0,conflict_tidal
USGS:07374585,USGS,07374585,USGS,False,no_nitrate_series,,,,,,USGS:07374585,True,singleton,,,,,,n/a,30.3651943542764,-89.9222927008666,NAVD88,la,St. Tammany Parish,080902010304,America/Chicago,"Bayou Lacombe at Krentel Road near Lacombe, LA",,0.0,Stream,,,,,continuous,,,,gage_height,census,,,18930130,18930130,True,1.61,1043.51,ok,nearest,2,2,350003472,61.0,-9999.0,12.591,stream,usgs_site_type,nhd_tidal,8470.693332961157,,,,,,,,,,,,,,,,,,StreamRiver, ,0,,1.0,2.0,conflict_tidal
USGS:07374598,USGS,07374598,USGS,False,no_nitrate_series,,,,,,USGS:07374598,True,singleton,,,,,,n/a,30.3796390131366,-90.0911875886598,NAVD88,la,St. Tammany Parish,080902010302,America/Chicago,"Bayou Chinchuba at Hwy 190 near Mandeville, LA",,-2.904744,Stream,,,,,continuous,,,,gage_height,census,,,18932190,18932190,True,15.93,4078.77,ok,nearest,2,2,350003472,82.0,-9999.0,8.4654,stream,usgs_site_type,nhd_tidal,1903.7429660502364,,,,,,,,,,,,,,,,,,StreamRiver, ,0,,1.0,2.0,conflict_tidal
USGS:07375050,USGS,07375050,USGS,False,no_nitrate_series,,,,,,USGS:07375050,True,singleton,,,,,,n/a,30.4941111111111,-90.1702222222222,NAVD88,la,St. Tammany Parish,080902010204,America/Chicago,"Tchefuncte River near Covington, LA",375.54825999999997,-0.134112,Stream,,,0,,continuous,,00060_dv+00065_dv,,discharge+gage_height,census,,,18931936,18931936,True,0.71,650.45,ok,nearest,4,1,350003472,109.0,-9999.0,2.6838,stream,usgs_site_type,nhd_tidal,6025.600809894533,,,discharge+gage_height,0,967,6532,0,0,0,0,0,0,0,0,0,0,0,StreamRiver, ,0,,1.0,4.0,conflict_tidal
USGS:07375060,USGS,07375060,USGS,False,no_nitrate_series,,,,,,USGS:07375060,True,singleton,,,,,,n/a,30.4640815697277,-90.1178557697037,NAVD88,la,St. Tammany Parish,080902010204,America/Chicago,"Tchefuncte River at Hwy 21 near Covington, LA",,0.0,Stream,,,,,continuous,,,,gage_height,census,,,18931998,18931998,True,23.07,172.77,ok,nearest,4,1,350003472,101.0,-9999.0,0.3924,stream,usgs_site_type,nhd_tidal,3046.7254754995047,,,,,,,,,,,,,,,,,,StreamRiver, ,0,,1.0,4.0,conflict_tidal
USGS:07375170,USGS,07375170,USGS,False,no_nitrate_series,,,,,,USGS:07375170,True,singleton,,,,,,n/a,30.4996363509197,-90.0845216239589,NAVD88,la,St. Tammany Parish,080902010106,America/Chicago,"Bogue Falaya at Covington, LA",228.4369416,0.0,Stream,,,0,,continuous,,00060_dv+00065_dv,,discharge+gage_height,census,,,18931908,18931908,True,8.92,104.69,ok,nearest,4,2,350003472,107.0,-9999.0,0.2763,stream,usgs_site_type,nhd_tidal,2625.2774580799305,,,gage_height,0,0,3781,0,0,0,0,0,0,0,0,0,0,0,StreamRiver, ,0,,1.0,4.0,conflict_tidal
USGS:07375175,USGS,07375175,USGS,False,no_nitrate_series,,,,,,USGS:07375175,True,singleton,,,,,,n/a,30.4763888888889,-90.0894444444444,NAVD88,la,St. Tammany Parish,080902010106,America/Chicago,"Bogue Falaya River at Boston St. at Covington, LA",,0.09753600000000001,Stream,,,0,,continuous,,00060_dv+00065_dv,,discharge+gage_height,census,,,18932398,18931952,False,8.4,7.92,ok,mainstem,4,2,350003472,103.0,-9999.0,0.0819,stream,usgs_site_type,nhd_tidal,1915.7559449821736,,,gage_height,0,0,6765,0,0,0,0,0,0,0,0,0,0,0,ArtificialPath,StreamRiver,22795707,,1.0,4.0,conflict_tidal
USGS:07375222,USGS,07375222,USGS,False,no_nitrate_series,,,,,,USGS:07375222,True,singleton,,,,,,n/a,30.4821367628022,-90.0389644480419,NAVD88,la,St. Tammany Parish,080902010105,America/Chicago,"Abita River north of Abita Springs, LA",119.3984468,-0.252984,Stream,,,0,,continuous,,00060_dv+00065_dv,,discharge+gage_height,census,,,18931956,18931942,False,58.71,0.0,ok,mainstem,4,3,350003472,109.0,-9999.0,0.4023,stream,usgs_site_type,nhd_tidal,4778.1600118526085,,,gage_height,0,0,3758,0,0,0,0,0,0,0,0,0,0,0,StreamRiver, ,0,,1.0,4.0,conflict_tidal
USGS:07375223,USGS,07375223,USGS,False,no_nitrate_series,,,,,,USGS:07375223,True,singleton,,,,,,n/a,30.4601927824961,-90.0825768159198,NAVD88,la,St. Tammany Parish,080902010105,America/Chicago,"Abita River at Hwy 190 near Covington, LA",,0.0,Stream,,,,,continuous,,,,gage_height,census,,,18932000,18932000,True,6.02,1160.07,ok,nearest,4,3,350003472,102.0,-9999.0,1.3311,stream,usgs_site_type,nhd_tidal,1915.7559449821736,,,,,,,,,,,,,,,,,,StreamRiver, ,0,,1.0,4.0,conflict_tidal
USGS:07375227,USGS,07375227,USGS,False,no_nitrate_series,,,,,,USGS:07375227,True,singleton,,,,,,n/a,30.4240824716007,-90.0853544085659,NAVD88,la,St. Tammany Parish,080902010206,America/Chicago,"Ponchitolawa Creek at Hwy 190 near Mandeville, LA",,0.0,Stream,,,,,continuous,,,,gage_height,census,,,18932070,18932070,True,18.4,1752.02,ok,nearest,2,2,350003472,97.0,-9999.0,1.7928,stream,usgs_site_type,nhd_tidal,2252.3368463013985,,,,,,,,,,,,,,,,,,StreamRiver, ,0,,1.0,2.0,conflict_tidal
USGS:07375230,USGS,07375230,USGS,False,no_nitrate_series,,,,,,USGS:07375230,True,singleton,,,,,,n/a,30.4040829038428,-90.1548009238243,NAVD88,la,St. Tammany Parish,080902010206,America/Chicago,"Tchefuncte River at Madisonville, LA",1062.9828749600001,0.033528,Stream,,,0,,continuous,,00060_dv+00065_dv,,discharge+gage_height,census,,,938090190,938090190,True,5.21,320.23,ok,nearest,5,1,350003472,81.0,-9999.0,17.01,stream,usgs_site_type,nhd_tidal,6021.553951456599,,,discharge+gage_height,0,969,3966,0,0,0,0,0,0,0,0,0,0,0,ArtificialPath,StreamRiver,22795707,,1.0,5.0,conflict_tidal
USGS:07375650,USGS,07375650,USGS,False,no_nitrate_series,,,,,,USGS:07375650,True,singleton,,,,,,n/a,30.4436944444444,-90.3345833333333,NAVD88,la,Tangipahoa Parish,080702050403,America/Chicago,"Tangipahoa River near Ponchatoula, LA",,-0.8382000000000001,Stream,,,0,,continuous,,00060_dv+00065_dv,,discharge+gage_height,census,,,18976333,18976333,True,17.33,1736.98,ok,nearest,5,2,350003472,101.0,-9999.0,3.7449,stream,usgs_site_type,nhd_tidal,7335.104940543142,,,discharge+gage_height,0,774,4879,0,0,0,0,0,0,0,0,0,0,0,StreamRiver, ,0,,1.0,5.0,conflict_tidal
USGS:07375690,USGS,07375690,USGS,False,no_nitrate_series,,,,,,USGS:07375690,True,singleton,,,,,,n/a,30.3591666666667,-90.2761111111111,,la,Tangipahoa Parish,080702050403,America/Chicago,"Tangipahoa R. below Bedico Cr. nr Madisonville, LA",,,Stream,,,,,continuous,,,,gage_height,census,,,18978481,18978481,True,86.97,227.82,ok,nearest,5,2,350003472,80.0,-9999.0,0.1314,stream,usgs_site_type,nhd_tidal,10935.997214927087,,,,,,,,,,,,,,,,,,ArtificialPath,StreamRiver,22795427,,1.0,5.0,conflict_tidal
USGS:07376250,USGS,07376250,USGS,False,no_nitrate_series,,,,,,USGS:07376250,True,singleton,,,,,,n/a,30.3432501777827,-90.5806457330109,,la,Livingston Parish,080702030403,America/Chicago,"KILLIAN BR NR MAUREPAS, LA",4.86917744,,Stream,,,,,continuous,,,,discharge+gage_height,census,,,20091478,20091478,True,9.73,2231.94,ok,nearest,1,4,350003472,117.0,-9999.0,4.9995,stream,usgs_site_type,nhd_tidal,4659.877789612549,,,,,,,,,,,,,,,,,,StreamRiver, ,0,,1.0,1.0,conflict_tidal
USGS:07376290,USGS,07376290,USGS,False,no_nitrate_series,,,,,,USGS:07376290,True,singleton,,,,,,n/a,30.4388034796103,-90.6103695486554,,la,Livingston Parish,080702030402,America/Chicago,"BLOOD R NR SPRINGFIELD, LA",68.8936808,,Stream,,,,,continuous,,,,discharge+gage_height,census,,,20091264,20091264,True,27.68,38.37,ok,mainstem,3,4,350003472,120.0,-9999.0,4.6368,stream,usgs_site_type,nhd_tidal,3116.8415019028866,,,,,,,,,,,,,,,,,,StreamRiver, ,0,,1.0,3.0,conflict_tidal
USGS:07376300,USGS,07376300,USGS,False,no_nitrate_series,,,,,,USGS:07376300,True,singleton,,,,,,n/a,30.3765555555556,-90.5511111111111,NAVD88,la,Livingston Parish,080702030403,America/Chicago,"Tickfaw River Near Springfield, La.",1261.324156,-0.48158400000000007,Stream,,,0,,continuous,,00060_dv+00065_dv,,discharge+gage_height,census,,,20091714,20091714,True,23.64,139.41,ok,nearest,5,3,350003472,109.0,-9999.0,1.0323,stream,usgs_site_type,nhd_tidal,4659.877789612549,,,discharge,0,1161,0,0,0,0,0,0,0,0,0,0,0,0,ArtificialPath,StreamRiver,22795713,,1.0,5.0,conflict_tidal
USGS:07376500,USGS,07376500,USGS,False,no_nitrate_series,,,,,,USGS:07376500,True,singleton,,,,,,n/a,30.5043579465024,-90.5459240151206,NAVD88,la,Tangipahoa Parish,080702030306,America/Chicago,"Natalbany River at Baptist, LA",205.904046,3.288792,Stream,,,0,,continuous,,00060_dv+00065_dv,,discharge+gage_height,census,,,20090348,20090348,True,4.54,432.46,ok,nearest,4,4,350003472,127.0,-9999.0,1.2195,stream,usgs_site_type,nhd_tidal,2261.848966264651,,,discharge+gage_height,0,6803,6797,0,0,0,0,0,0,0,0,0,0,0,StreamRiver, ,0,,1.0,4.0,conflict_tidal
USGS:07376615,USGS,07376615,USGS,False,no_nitrate_series,,,,,,USGS:07376615,True,singleton,,,,,,n/a,30.4560259589371,-90.4567545386765,,la,Tangipahoa Parish,080702030305,America/Chicago,"PONCHATOULA CREEK SOUTH OF HAMMOND, LA.",,,Stream,,,,,continuous,,,,gage_height,census,,,20091150,20091150,True,7.34,408.49,ok,nearest,3,6,350003472,118.0,-9999.0,1.1439,stream,usgs_site_type,nhd_tidal,5718.91833147588,,,,,,,,,,,,,,,,,,StreamRiver, ,0,,1.0,3.0,conflict_tidal
USGS:07378510,USGS,07378510,USGS,False,no_nitrate_series,,,,,,USGS:07378510,True,singleton,,,,,,n/a,30.4418574303893,-90.9723238032684,NGVD29,la,Livingston Parish,080702020904,America/Chicago,AMITE R AT 4H CAMP NR DENHAM SPRINGS,3341.08452,0.0,Stream,,,,,continuous,,,,gage_height,census,,,18996280,18996280,True,150.82,43.98,ok,mainstem,6,2,350003472,181.0,-9999.0,1.1673,stream,usgs_site_type,nhd_tidal,3014.7225497041736,,,,,,,,,,,,,,,,,,ArtificialPath,StreamRiver,120049521,,1.0,6.0,conflict_tidal
USGS:07378705,USGS,07378705,USGS,False,no_nitrate_series,,,,,,USGS:07378705,True,singleton,,,,,,n/a,30.4132470339327,-90.9762126140343,,la,East Baton Rouge Parish,080702020901,America/Chicago,"Jones Creek at Woodlake Dr. nr Baton Rouge, LA",,,Stream,,,,,continuous,,,,gage_height,census,,,18989696,18989696,True,59.74,2663.36,ok,nearest,2,3,350003472,176.0,-9999.0,4.0608,stream,usgs_site_type,nhd_tidal,1721.98707177265,,,,,,,,,,,,,,,,,,StreamRiver, ,0,,1.0,2.0,conflict_tidal
USGS:07378710,USGS,07378710,USGS,False,no_nitrate_series,,,,,,USGS:07378710,True,singleton,,,,,,n/a,30.3979696555048,-90.973156873532,,la,East Baton Rouge Parish,080702020904,America/Chicago,"AMITE RIVER NEAR BATON ROUGE, LA.",,,Stream,,,,,continuous,,,,gage_height,census,,,18990242,18990242,True,102.49,957.21,ok,nearest,6,2,350003472,169.0,-9999.0,11.0583,stream,usgs_site_type,nhd_tidal,1721.98707177265,,,,,,,,,,,,,,,,,,ArtificialPath,StreamRiver,120049521,,1.0,6.0,conflict_tidal
USGS:07378722,USGS,07378722,USGS,False,no_nitrate_series,,,,,,USGS:07378722,True,singleton,,,,,,n/a,30.3868587420605,-91.0073244206551,NAVD88,la,East Baton Rouge Parish,080702020904,America/Chicago,"Claycut Bayou at Antioch Rd near Baton Rouge, LA",,0.0,Stream,,,,,continuous,,,,gage_height,census,,,18991176,18991176,True,10.14,1178.11,ok,nearest,2,3,350003472,174.0,-9999.0,3.1788,stream,usgs_site_type,nhd_tidal,3090.355253941286,,,,,,,,,,,,,,,,,,StreamRiver, ,0,,1.0,2.0,conflict_tidal
USGS:07378725,USGS,07378725,USGS,False,no_nitrate_series,,,,,,USGS:07378725,True,singleton,,,,,,n/a,30.3732480741591,-90.969545499249,NAVD88,la,East Baton Rouge Parish,080702020904,America/Chicago,"Clay Cut Byu nr Hope Villa, LA",,0.0,Stream,,,,,continuous,,,,gage_height,census,,,18989778,18989778,True,9.28,108.93,ok,nearest,2,3,350003472,169.0,-9999.0,0.8865,stream,usgs_site_type,nhd_tidal,2767.487727677039,,,,,,,,,,,,,,,,,,StreamRiver, ,0,,1.0,2.0,conflict_tidal
USGS:07378745,USGS,07378745,USGS,False,no_nitrate_series,,,,,,USGS:07378745,True,singleton,,,,,,n/a,30.32125,-91.0207222222222,NAVD88,la,Ascension Parish,08070204,America/Chicago,"Alligator Bayou near Kleinpeter, LA",127.60870876,-0.1524,Stream,,,0,,continuous,,00065_dv,,gage_height,census,,,18991258,18991250,False,45.94,10768.44,ok,area,3,3,350003472,175.0,-9999.0,8.3295,stream,usgs_site_type,nhd_tidal,26.326194301003436,,,gage_height,0,0,5899,0,0,0,0,0,0,0,0,0,0,0,StreamRiver, ,0,,1.0,3.0,conflict_tidal
USGS:07378746,USGS,07378746,USGS,False,no_nitrate_series,,,,,,USGS:07378746,True,distinct,357.72,5950,0.0281,-0.0137,,rule,30.3213888888889,-91.0209444444444,NAVD88,la,Ascension Parish,080702020802,America/Chicago,"Bayou Manchac at Alligator B. near Kleinpeter, LA",133.95417935999998,-0.1524,Stream,,,0,,continuous,,00065_dv,,gage_height,census,,,18991248,18991250,False,19.93,0.0,ok,mainstem,3,3,350003472,174.0,-9999.0,0.1251,stream,usgs_site_type,nhd_tidal,26.326194301003436,,,gage_height,0,0,6674,0,0,0,0,0,0,0,0,0,0,0,StreamRiver, ,0,,1.0,3.0,conflict_tidal
USGS:07378748,USGS,07378748,USGS,False,no_nitrate_series,,,,,,USGS:07378748,True,distinct,357.72,5950,0.0281,-0.0137,,rule,30.3235270224777,-91.0181576483633,NAVD88,la,Ascension Parish,080702020802,America/Chicago,"Bluff Swamp near Kleinpeter, LA",,-0.1524,Stream,,,0,,continuous,,00065_dv,,gage_height,census,,,18991248,18991248,True,15.98,357.55,ok,nearest,3,3,350003472,174.0,-9999.0,0.1251,stream,usgs_site_type,nhd_tidal,352.933551535971,,,gage_height,0,0,6035,0,0,0,0,0,0,0,0,0,0,0,StreamRiver, ,0,,1.0,3.0,conflict_tidal
USGS:07378778,USGS,07378778,USGS,False,no_nitrate_series,,,,,,USGS:07378778,True,singleton,,,,,,n/a,30.3922222222222,-91.1611111111111,NAVD88,la,East Baton Rouge Parish,08090201,America/Chicago,"Bayou Fountain at Lee Drive at Baton Rouge, LA",,1.2161520000000001,Stream,,,,,continuous,,,,gage_height,census,,,18991174,18991174,True,2.11,15.38,ok,mainstem,2,4,350003472,191.0,-9999.0,0.2565,stream,usgs_site_type,nhd_tidal,104.49630837871433,,,,,,,,,,,,,,,,,,StreamRiver, ,0,,1.0,2.0,conflict_tidal
USGS:07378780,USGS,07378780,USGS,False,no_nitrate_series,,,,,,USGS:07378780,True,singleton,,,,,,n/a,30.3918587068344,-91.1601063501261,,la,East Baton Rouge Parish,080702020804,America/Chicago,"BAYOU FOUNTAIN AT BEN HUR RD. BATON ROUGE, LA.",,,Stream,,,,,continuous,,,,gage_height,census,,,18991174,18991174,True,8.98,122.74,ok,nearest,2,4,350003472,191.0,-9999.0,0.2565,stream,usgs_site_type,nhd_tidal,104.49630837871433,,,,,,,,,,,,,,,,,,StreamRiver, ,0,,1.0,2.0,conflict_tidal
USGS:07378788,USGS,07378788,USGS,False,no_nitrate_series,,,,,,USGS:07378788,True,singleton,,,,,,n/a,30.3576928552806,-91.1723286951456,,la,East Baton Rouge Parish,080702020804,America/Chicago,"Elbow Bayou at Baton Rouge, LA",,,Stream,,,,,continuous,,,,gage_height,census,,,18991614,18991614,True,32.04,4377.36,ok,nearest,1,5,350003472,191.0,-9999.0,12.3093,stream,usgs_site_type,nhd_tidal,1916.9299272714495,,,,,,,,,,,,,,,,,,StreamRiver, ,0,,1.0,1.0,conflict_tidal
USGS:07378790,USGS,07378790,USGS,False,no_nitrate_series,,,,,,USGS:07378790,True,singleton,,,,,,n/a,30.3749146689811,-91.1689953760832,,la,East Baton Rouge Parish,080702020804,America/Chicago,"Elbow Bayou Trib. at Baton Rouge, LA",,,Stream,,,,,continuous,,,,gage_height,census,,,18991212,18991212,True,6.0,377.07,ok,nearest,1,6,350003472,191.0,-9999.0,0.792,stream,usgs_site_type,nhd_tidal,1254.9265256575577,,,,,,,,,,,,,,,,,,StreamRiver, ,0,,1.0,1.0,conflict_tidal
USGS:07378792,USGS,07378792,USGS,False,no_nitrate_series,,,,,,USGS:07378792,True,singleton,,,,,,n/a,30.3693592409928,-91.157606146015,,la,East Baton Rouge Parish,080702020804,America/Chicago,"Elbow Bayou nr Baton Rouge, LA",,,Stream,,,,,continuous,,,,gage_height,census,,,18991610,18991610,True,8.55,83.57,ok,nearest,2,5,350003472,190.0,-9999.0,3.8529,stream,usgs_site_type,nhd_tidal,1254.9265256575577,,,,,,,,,,,,,,,,,,StreamRiver, ,0,,1.0,2.0,conflict_tidal
USGS:07378800,USGS,07378800,USGS,False,no_nitrate_series,,,,,,USGS:07378800,True,singleton,,,,,,n/a,30.3646371204234,-91.1212162456105,NAVD88,la,East Baton Rouge Parish,080702020804,America/Chicago,BAYOU FOUNTAIN AT GARDERE LANE NR. B. R. LA.,,0.0,Stream,,,,,continuous,,,,gage_height,census,,,18991608,18991608,True,2.93,2615.22,ok,nearest,3,4,350003472,185.0,-9999.0,6.1434,stream,usgs_site_type,nhd_tidal,1424.8678205121034,,,,,,,,,,,,,,,,,,StreamRiver, ,0,,1.0,3.0,conflict_tidal
USGS:07378805,USGS,07378805,USGS,False,no_nitrate_series,,,,,,USGS:07378805,True,singleton,,,,,,n/a,30.3501930205933,-91.0817706464335,,la,East Baton Rouge Parish,080702020804,America/Chicago,"BAYOU FOUNTAIN TRIB. NEAR BATON ROUGE, LA.",,,Stream,,,,,continuous,,,,gage_height,census,,,18991232,18991232,True,30.7,3254.26,ok,nearest,3,4,350003472,180.0,-9999.0,9.3843,stream,usgs_site_type,nhd_tidal,177.93220997846205,,,,,,,,,,,,,,,,,,StreamRiver, ,0,,1.0,3.0,conflict_tidal
USGS:07378810,USGS,07378810,USGS,False,no_nitrate_series,,,,,,USGS:07378810,True,singleton,,,,,,n/a,30.3585261543597,-91.1081602998632,NAVD88,la,East Baton Rouge Parish,080702020804,America/Chicago,"Bayou Fountain at Bluebonnet Blvd near  B.R., LA",,0.0,Stream,,,0,,continuous,,00065_dv,,gage_height,census,,,18991232,18991232,True,4.69,212.81,ok,nearest,3,4,350003472,180.0,-9999.0,9.3843,stream,usgs_site_type,nhd_tidal,1424.8678205121034,,,gage_height,0,0,4030,0,0,0,0,0,0,0,0,0,0,0,StreamRiver, ,0,,1.0,3.0,conflict_tidal
USGS:07378815,USGS,07378815,USGS,False,no_nitrate_series,,,,,,USGS:07378815,True,singleton,,,,,,n/a,30.35,-91.0836111111111,NGVD29,la,East Baton Rouge Parish,08090201,America/Chicago,"Bayou Fountain at Burbank Dr near Baton Rouge, LA",,0.0,Stream,,,,,continuous,,,,gage_height,census,,,18991232,18991232,True,53.87,3076.11,ok,nearest,3,4,350003472,180.0,-9999.0,9.3843,stream,usgs_site_type,nhd_tidal,177.93220997846205,,,,,,,,,,,,,,,,,,StreamRiver, ,0,,1.0,3.0,conflict_tidal
USGS:07379001,USGS,07379001,USGS,False,no_nitrate_series,,,,,,USGS:07379001,True,singleton,,,,,,n/a,30.3393599550771,-91.1431611286458,,la,East Baton Rouge Parish,080701000104,America/Chicago,WARD CREEK AT GOVERNMENT ST. (URBAN),,,Stream,,,,,continuous,,,,discharge,census,,,19086935,19086935,True,557.72,8309.73,far,nearest,10,1,350002977,371.0,-9999.0,12.1419,stream,usgs_site_type,nhd_tidal,3461.4655587454654,,,,,,,,,,,,,,,,,,ArtificialPath,StreamRiver,120049893,,1.0,10.0,conflict_tidal
USGS:07379060,USGS,07379060,USGS,False,no_nitrate_series,,,,,,USGS:07379060,True,singleton,,,,,,n/a,30.394105288140757,-91.08733684504395,NAVD88,la,East Baton Rouge Parish,080702020803,America/Chicago,"Ward Creek at Bluebonnet Blvd at Baton Rouge, LA",,1.758696,Stream,,,,,continuous,,,,gage_height,census,,,18991192,18991192,True,88.36,935.02,ok,nearest,3,5,350003472,183.0,-9999.0,1.8639,stream,usgs_site_type,nhd_tidal,1458.9338246014136,,,,,,,,,,,,,,,,,,StreamRiver, ,0,,1.0,3.0,conflict_tidal
USGS:07379075,USGS,07379075,USGS,False,no_nitrate_series,,,,,,USGS:07379075,True,singleton,,,,,,n/a,30.3551928846579,-91.01510220917,NAVD88,la,East Baton Rouge Parish,080702020803,America/Chicago,Old Ward Crk Div. at Highland Rd. nr Baton Rouge,,0.0,Stream,,,0,,continuous,,00065_dv,,gage_height,census,,,18991228,18991228,True,34.25,119.43,ok,nearest,3,4,350003472,171.0,-9999.0,2.7369,stream,usgs_site_type,nhd_tidal,2505.659006991723,,,gage_height,0,0,3179,0,0,0,0,0,0,0,0,0,0,0,StreamRiver, ,0,,1.0,3.0,conflict_tidal
USGS:07379507,USGS,07379507,USGS,False,no_nitrate_series,,,,,,USGS:07379507,True,singleton,,,,,,n/a,30.4040806464677,-91.1709400496284,,la,East Baton Rouge Parish,08070201,America/Chicago,"CORPORATION C.AT CAMPUS DR AT BATON ROUGE, LA.",4.24758032,,Stream,,,,,continuous,,,,gage_height,census,,,18991164,18991160,False,322.25,804.8,ok,nearest,1,5,350003472,192.0,-9999.0,1.6911,stream,usgs_site_type,nhd_tidal,686.0528246728072,,,,,,,,,,,,,,,,,,StreamRiver, ,0,,1.0,1.0,conflict_tidal
USGS:07379950,USGS,07379950,USGS,False,no_nitrate_series,,,,,,USGS:07379950,True,singleton,,,,,,n/a,30.3888031964032,-91.1117716945398,,la,East Baton Rouge Parish,080702020803,America/Chicago,"DAWSON CK. @ STARING LANE NR. BATON ROUGE, LA.",,,Stream,,,,,continuous,,,,gage_height,census,,,18991194,18991194,True,12.73,1966.98,ok,nearest,2,4,350003472,183.0,-9999.0,8.3421,stream,usgs_site_type,nhd_tidal,1822.6539840794803,,,,,,,,,,,,,,,,,,StreamRiver, ,0,,1.0,2.0,conflict_tidal
USGS:07379960,USGS,07379960,USGS,False,no_nitrate_series,,,,,,USGS:07379960,True,singleton,,,,,,n/a,30.3824144542305,-91.0942711830963,NAVD88,la,East Baton Rouge Parish,080702020803,America/Chicago,"Dawson Cr. at Bluebonnet Blvd near Baton Rouge, LA",39.13471868,0.0,Stream,,,0,,continuous,,00060_dv+00065_dv,,discharge+gage_height,census,,,18991194,18991194,True,110.17,3905.47,ok,nearest,2,4,350003472,183.0,-9999.0,8.3421,stream,usgs_site_type,nhd_tidal,1458.9338246014136,,,gage_height,0,0,1525,0,0,0,0,0,0,0,0,0,0,0,StreamRiver, ,0,,1.0,2.0,conflict_tidal
USGS:07380000,USGS,07380000,USGS,False,no_nitrate_series,,,,,,USGS:07380000,True,singleton,,,,,,n/a,30.375192398858,-91.0695482489841,NGVD29,la,East Baton Rouge Parish,080702020803,America/Chicago,"WARD CR AT SIEGENS LANE NR BATON ROUGE, LA.",103.59952,0.0,Stream,,,,,continuous,,,,discharge+gage_height,census,,,18991214,18991214,True,81.31,173.25,ok,nearest,3,4,350003472,179.0,-9999.0,5.9382,stream,usgs_site_type,nhd_tidal,2503.8757529280515,,,,,,,,,,,,,,,,,,StreamRiver, ,0,,1.0,3.0,conflict_tidal
USGS:07380100,USGS,07380100,USGS,False,no_nitrate_series,,,,,,USGS:07380100,True,singleton,,,,,,n/a,30.3429709937473,-90.9931570845035,,la,East Baton Rouge Parish,080702020804,America/Chicago,"BAYOU MANCHAC AT HOPE VILLA, LA.",357.418344,,Stream,,,,,continuous,,,,gage_height,census,,,18989882,18989882,True,28.62,108.34,ok,nearest,4,3,350003472,168.0,-9999.0,2.1114,stream,usgs_site_type,nhd_tidal,2416.954628094338,,,,,,,,,,,,,,,,,,StreamRiver, ,0,,1.0,4.0,conflict_tidal
USGS:07380101,USGS,07380101,USGS,False,no_nitrate_series,,,,,,USGS:07380101,True,singleton,,,,,,n/a,30.340471289985,-90.9173215741486,NAVD88,la,Ascension Parish,080702020804,America/Chicago,"Bayou Manchac near Little Prairie, LA",393.678176,-0.39014400000000005,Stream,,,0,,continuous,,00065_dv,,gage_height,census,,,18989888,18989888,True,32.43,2080.37,ok,nearest,4,3,350003472,161.0,-9999.0,2.5992,stream,usgs_site_type,nhd_tidal,2385.16297572867,,,gage_height,0,0,4514,0,0,0,0,0,0,0,0,0,0,0,StreamRiver, ,0,,1.0,4.0,conflict_tidal
USGS:07380102,USGS,07380102,USGS,False,no_nitrate_series,,,,,,USGS:07380102,True,singleton,,,,,,n/a,30.3368601123956,-90.9689896895597,NAVD88,la,Ascension Parish,080702020804,America/Chicago,"Welsh Gully at J. Broussard Rd nr Prairieville, LA",5.41307492,0.216408,Stream,,,0,,continuous,,00065_dv,,gage_height,census,,,18989910,18989910,True,34.09,0.0,ok,mainstem,2,4,350003472,166.0,-9999.0,1.6335,stream,usgs_site_type,nhd_tidal,2302.905146349531,,,gage_height,0,0,2826,0,0,0,0,0,0,0,0,0,0,0,StreamRiver, ,0,,1.0,2.0,conflict_tidal
USGS:07380103,USGS,07380103,USGS,False,no_nitrate_series,,,,,,USGS:07380103,True,singleton,,,,,,n/a,30.306027591963,-90.9589891998384,NAVD88,la,Ascension Parish,08070204,America/Chicago,"Muddy Creek at Prairieville, LA",,0.0,Stream,,,,,continuous,,,,gage_height,census,,,18989984,18989984,True,11.18,1148.63,ok,nearest,1,4,350003472,167.0,-9999.0,3.78,stream,usgs_site_type,nhd_tidal,1097.5538603235502,,,,,,,,,,,,,,,,,,StreamRiver, ,0,,1.0,1.0,conflict_tidal
USGS:07380106,USGS,07380106,USGS,False,no_nitrate_series,,,,,,USGS:07380106,True,singleton,,,,,,n/a,30.3205555555556,-90.9541666666667,NAVD88,la,Ascension Parish,080702020804,America/Chicago,"Muddy Creek at Hwy 42 near Oak Grove, LA",,1.475232,Stream,,,0,,continuous,,00065_dv,,gage_height,census,,,18989978,18989978,True,25.14,1338.58,ok,nearest,2,4,350003472,166.0,-9999.0,2.0142,stream,usgs_site_type,nhd_tidal,1151.9318358685655,,,gage_height,0,0,1459,0,0,0,0,0,0,0,0,0,0,0,StreamRiver, ,0,,1.0,2.0,conflict_tidal
USGS:07380107,USGS,07380107,USGS,False,no_nitrate_series,,,,,,USGS:07380107,True,singleton,,,,,,n/a,30.3285270585076,-90.9464889916389,NAVD88,la,Ascension Parish,08070204,America/Chicago,"Muddy Creek at Manchac Acres Rd near Oak Grove, LA",,0.0,Stream,,,0,,continuous,,00065_dv,,gage_height,census,,,18989948,18989948,True,44.04,1260.6,ok,nearest,2,4,350003472,161.0,-9999.0,7.515,stream,usgs_site_type,nhd_tidal,1151.9318358685655,,,gage_height,0,0,2216,0,0,0,0,0,0,0,0,0,0,0,StreamRiver, ,0,,1.0,2.0,conflict_tidal
USGS:07380108,USGS,07380108,USGS,False,no_nitrate_series,,,,,,USGS:07380108,True,singleton,,,,,,n/a,30.3454712388631,-90.8931542545098,NGVD29,la,Ascension Parish,080702020804,America/Chicago,"BAYOU MANCHAC AT PORT VINCENT, LA.",396.268164,0.0,Stream,,,,,continuous,,,,gage_height,census,,,18990258,18989898,False,35.55,0.0,ok,mainstem,4,3,350003472,158.0,-9999.0,0.0045,stream,usgs_site_type,nhd_tidal,669.3875271204965,,,,,,,,,,,,,,,,,,ArtificialPath,StreamRiver,120049521,,1.0,4.0,conflict_tidal
USGS:07380110,USGS,07380110,USGS,False,no_nitrate_series,,,,,,USGS:07380110,True,singleton,,,,,,n/a,30.3460268019898,-90.886209616434,,la,Livingston Parish,080702020904,America/Chicago,AMITE R AT JUNCT. WITH B.MANCHAC NR.PT.VI. LA.,,,Stream,,,,,continuous,,,,gage_height,census,,,18990266,18990266,True,48.65,732.29,ok,nearest,6,2,350003472,156.0,-9999.0,0.9747,stream,usgs_site_type,nhd_tidal,669.3875271204965,,,,,,,,,,,,,,,,,,ArtificialPath,StreamRiver,120049521,,1.0,6.0,conflict_tidal
USGS:07380120,USGS,07380120,USGS,False,no_nitrate_series,,,,,,USGS:07380120,True,singleton,,,,,,n/a,30.3326939052544,-90.8520418779796,NAVD88,la,Livingston Parish,080702020904,America/Chicago,"Amite River at Port Vincent, LA",4133.620848,-0.41452800000000006,Stream,,,0,,continuous,,00060_dv+00065_dv,,discharge+gage_height,census,,,18990284,18990280,False,2.56,9.99,ok,mainstem,6,2,350003472,152.0,-9999.0,0.5562,stream,usgs_site_type,nhd_tidal,1770.9759718451492,,,discharge+gage_height,0,2788,2817,0,0,0,0,0,0,0,0,0,0,0,ArtificialPath,StreamRiver,120049521,,1.0,6.0,conflict_tidal
USGS:07380122,USGS,07380122,USGS,False,no_nitrate_series,,,,,,USGS:07380122,True,singleton,,,,,,n/a,30.3015834152874,-90.9048209435426,,la,Ascension Parish,08070204,America/Chicago,"Henderson Bayou nr Duplessis, LA",,,Stream,,,,,continuous,,,,gage_height,census,,,15206143,15206143,True,15.73,37.94,ok,nearest,2,4,350003472,160.0,-9999.0,0.2961,stream,usgs_site_type,nhd_tidal,186.98409455091974,,,,,,,,,,,,,,,,,,StreamRiver, ,0,,1.0,2.0,conflict_tidal
USGS:07380124,USGS,07380124,USGS,False,no_nitrate_series,,,,,,USGS:07380124,True,singleton,,,,,,n/a,30.3032500393329,-90.9050987410766,,la,Ascension Parish,08070204,America/Chicago,"Henderson Bayou Trib. at Galvez, LA",,,Stream,,,,,continuous,,,,gage_height,census,,,15206137,15206137,True,92.96,1931.91,ok,nearest,1,5,350003472,160.0,-9999.0,1.4427,stream,usgs_site_type,nhd_tidal,186.98409455091974,,,,,,,,,,,,,,,,,,StreamRiver, ,0,,1.0,1.0,conflict_tidal
USGS:07380126,USGS,07380126,USGS,False,no_nitrate_series,,,,,,USGS:07380126,True,singleton,,,,,,n/a,30.297441615499512,-90.88371975354178,NAVD88,la,Ascension Parish,080702020904,America/Chicago,"Henderson Bayou near Port Vincent, LA",,0.0,Stream,,,0,,continuous,,00065_dv,,gage_height,census,,,15206145,15206145,True,10.66,1378.3,ok,nearest,3,3,350003472,157.0,-9999.0,1.8522,stream,usgs_site_type,nhd_tidal,2077.9454519123833,,,gage_height,0,0,6576,0,0,0,0,0,0,0,0,0,0,0,StreamRiver, ,0,,1.0,3.0,conflict_tidal
USGS:07380127,USGS,07380127,USGS,False,no_nitrate_series,,,,,,USGS:07380127,True,singleton,,,,,,n/a,30.31825,-90.8598611111111,NAVD88,la,Ascension Parish,080702020904,America/Chicago,"Henderson Bayou Pump Station near Port Vincent, LA",,0.0,Stream,,,0,,continuous,,00065_dv,,gage_height,census,,,18989968,18989968,True,103.22,627.8,ok,nearest,3,3,350003472,154.0,-9999.0,0.9405,stream,usgs_site_type,nhd_tidal,1770.9759718451492,,,gage_height,0,0,4076,0,0,0,0,0,0,0,0,0,0,0,StreamRiver, ,0,,1.0,3.0,conflict_tidal
USGS:07380185,USGS,07380185,USGS,False,no_nitrate_series,,,,,,USGS:07380185,True,singleton,,,,,,n/a,30.4215805434368,-90.8648206756906,NAVD88,la,Livingston Parish,080702020702,America/Chicago,"W Colyell Cr. at Joe May Rd near Port Vincent, LA",,0.0,Stream,,,0,,continuous,,00065_dv,,gage_height,census,,,18989704,18989704,True,11.32,164.44,ok,nearest,3,5,350003472,163.0,-9999.0,4.7916,stream,usgs_site_type,nhd_tidal,4946.632359564366,,,gage_height,0,0,583,0,0,0,0,0,0,0,0,0,0,0,StreamRiver, ,0,,1.0,3.0,conflict_tidal
USGS:07380200,USGS,07380200,USGS,False,no_nitrate_series,,,,,,USGS:07380200,True,singleton,,,,,,n/a,30.2754733015704,-90.779261561707,NAVD88,la,Livingston Parish,080702020905,America/Chicago,"Amite River near French Settlement, LA",4532.479,-0.277368,Stream,,,0,,continuous,,00065_dv,,gage_height,census,,,18990398,18990398,True,16.65,322.04,ok,nearest,6,2,350003472,133.0,-9999.0,6.246,stream,usgs_site_type,nhd_tidal,2761.1164394988887,,,gage_height,0,0,6618,0,0,0,0,0,0,0,0,0,0,0,ArtificialPath,StreamRiver,120049521,,1.0,6.0,conflict_tidal
USGS:07380210,USGS,07380210,USGS,False,no_nitrate_series,,,,,,USGS:07380210,True,singleton,,,,,,n/a,30.22686111111111,-90.68805555555556,NAVD88,la,Livingston Parish,080702040205,America/Chicago,"Amite River Diversion south of Whitehall, LA",,-1.728216,Stream,,,0,,continuous,,00060_dv+00065_dv,,discharge+gage_height,census,,,15208317,15208317,True,54.35,4720.4,ok,nearest,4,4,350003472,117.0,-9999.0,3.2427,stream,usgs_site_type,nhd_tidal,4635.670940697975,,,gage_height,0,0,682,0,0,0,0,0,0,0,0,0,0,0,ArtificialPath,CanalDitch,22795499,,1.0,4.0,conflict_tidal
USGS:07380215,USGS,07380215,USGS,False,no_nitrate_series,,,,,,USGS:07380215,True,singleton,,,,,,n/a,30.3076944444444,-90.6087222222222,NAVD88,la,Livingston Parish,080702020906,America/Chicago,"Amite River at Hwy 22 near Maurepas, LA",4597.2287,-0.420624,Stream,,,0,,continuous,,00065,,discharge+diss_oxy+gage_height+ph+spec_cond+turbidity_fnu+water_temp,census,,,18990328,18990328,True,11.83,10383.75,ok,nearest,6,2,350003472,101.0,-9999.0,53.0802,stream,usgs_site_type,nhd_tidal,4780.7939964341185,,,gage_height,0,0,5470,0,0,0,0,0,0,0,0,0,0,0,ArtificialPath,StreamRiver,120049521,,1.0,6.0,conflict_tidal
USGS:07380220,USGS,07380220,USGS,False,no_nitrate_series,,,,,,USGS:07380220,True,singleton,,,,,,n/a,30.2982512346517,-90.5598114660531,,la,Livingston Parish,08070204,America/Chicago,"L. MAUREPAS @ MOUTH OF AMITE R. NR. MAUREPAS, LA.",,,"Lake, Reservoir, Impoundment",,,,,continuous,,,,gage_height,census,,,15208267,18990328,False,172.57,0.0,ok,mainstem,6,2,350003472,90.0,-9999.0,74.4606,lake,usgs_site_type,nhd_tidal,4812.480560527238,,,,,,,,,,,,,,,,,,ArtificialPath, ,15205265,0.387841601233,1.0,6.0,conflict_tidal
USGS:073802220,USGS,073802220,USGS,False,no_nitrate_series,,,,,,USGS:073802220,True,singleton,,,,,,n/a,30.1707786379819,-90.91872062181734,NAVD88,la,Ascension Parish,080702040203,America/Chicago,"Panama Canal at Hwy 44 near Gonzales, LA",,0.0,Stream,,,0,,continuous,,00065_dv,,gage_height,census,,,15206613,15206631,False,1857.61,3270.02,far,nearest,2,6,350003472,152.0,-9999.0,3.5082,stream,usgs_site_type,nhd_tidal,5537.567146465245,,,gage_height,0,0,6696,0,0,0,0,0,0,0,0,0,0,0,StreamRiver, ,0,,1.0,2.0,conflict_tidal
USGS:073802225,USGS,073802225,USGS,False,no_nitrate_series,,,,,,USGS:073802225,True,singleton,,,,,,n/a,30.17327861197458,-90.8612189694035,NAVD88,la,Ascension Parish,080702040203,America/Chicago,"Bayou Conway near Sorrento, LA",142.44934,0.0,Stream,,,0,,continuous,,00065_dv,,gage_height,census,,,15206667,15206667,True,64.08,154.54,ok,nearest,2,7,350003472,152.0,-9999.0,0.5751,stream,usgs_site_type,nhd_tidal,5537.567146465245,,,gage_height,0,0,6736,0,0,0,0,0,0,0,0,0,0,0,StreamRiver, ,0,,1.0,2.0,conflict_tidal
USGS:0738022292,USGS,0738022292,USGS,False,no_nitrate_series,,,,,,USGS:0738022292,True,singleton,,,,,,n/a,30.2854724986383,-90.9803785711856,NAVD88,la,Ascension Parish,080702040103,America/Chicago,"Grand Goudine Bayou at Hwy 73 nr Prairieville, LA",,0.0,Stream,,,,,continuous,,,,gage_height,census,,,15206169,15206169,True,24.73,2433.71,ok,nearest,1,5,350003472,165.0,-9999.0,3.2238,stream,usgs_site_type,nhd_tidal,3056.8601512351147,,,,,,,,,,,,,,,,,,StreamRiver, ,0,,1.0,1.0,conflict_tidal
USGS:0738022295,USGS,0738022295,USGS,False,no_nitrate_series,,,,,,USGS:0738022295,True,singleton,,,,,,n/a,30.2621648038392,-90.96344423374518,NAVD88,la,Ascension Parish,080702040103,America/Chicago,"Grand Goudine at Babin Rd Near Duplessis, LA",15.280929200000001,0.0,Stream,,,0,,continuous,,00065_dv,,gage_height,census,,,15207903,15207903,True,7.08,113.46,ok,nearest,1,5,350003472,160.0,-9999.0,2.5965,stream,usgs_site_type,nhd_tidal,3056.8601512351147,,,gage_height,0,0,6295,0,0,0,0,0,0,0,0,0,0,0,StreamRiver, ,0,,1.0,1.0,conflict_tidal
USGS:07380223,USGS,07380223,USGS,False,no_nitrate_series,,,,,,USGS:07380223,True,singleton,,,,,,n/a,30.2368627811222,-90.9120428977258,NGVD29,la,Ascension Parish,080702040103,America/Chicago,NEW RIVER AT GONZALES,,0.0,Stream,,,,,continuous,,,,gage_height,census,,,15206369,15206369,True,1.23,2025.32,ok,nearest,3,4,350003472,148.0,-9999.0,4.1733,stream,usgs_site_type,nhd_tidal,1409.6476360095844,,,,,,,,,,,,,,,,,,StreamRiver, ,0,,1.0,3.0,conflict_tidal
USGS:0738022385,USGS,0738022385,USGS,False,no_nitrate_series,,,,,,USGS:0738022385,True,singleton,,,,,,n/a,30.2935279663401,-90.9387107538338,NAVD88,la,Ascension Parish,080702040102,America/Chicago,"Black Bayou at Hwy 929 near Prairieville, LA",,0.0,Stream,,,,,continuous,,,,gage_height,census,,,15206161,15206161,True,18.96,276.84,ok,nearest,2,5,350003472,160.0,-9999.0,1.4751,stream,usgs_site_type,nhd_tidal,591.4905611060383,,,,,,,,,,,,,,,,,,StreamRiver, ,0,,1.0,2.0,conflict_tidal
USGS:073802239,USGS,073802239,USGS,False,no_nitrate_series,,,,,,USGS:073802239,True,singleton,,,,,,n/a,30.2843615659676,-90.9262103298697,,la,Ascension Parish,080702040102,America/Chicago,BLACK BAYOU NORTHEAST OF DUPLESSIS LA,,,Stream,,,,,continuous,,,,gage_height,census,,,15206187,15206187,True,36.66,320.26,ok,nearest,2,5,350003472,158.0,-9999.0,2.1015,stream,usgs_site_type,nhd_tidal,974.9606689207694,,,,,,,,,,,,,,,,,,StreamRiver, ,0,,1.0,2.0,conflict_tidal
USGS:0738022395,USGS,0738022395,USGS,False,no_nitrate_series,,,,,,USGS:0738022395,True,singleton,,,,,,n/a,30.269444444444442,-90.91694444444445,NAVD88,la,Ascension Parish,080702040102,America/Chicago,"Black Bayou at Hwy 621 near Prairieville, LA",,0.0,Stream,,,0,,continuous,,00065_dv,,gage_height,census,,,15206199,15206199,True,42.89,441.6,ok,nearest,3,5,350003472,157.0,-9999.0,0.5814,stream,usgs_site_type,nhd_tidal,908.3459230803395,,,gage_height,0,0,5248,0,0,0,0,0,0,0,0,0,0,0,StreamRiver, ,0,,1.0,3.0,conflict_tidal
USGS:07380224,USGS,07380224,USGS,False,no_nitrate_series,,,,,,USGS:07380224,True,singleton,,,,,,n/a,30.2768617694323,-90.9209323473953,,la,Ascension Parish,080702040102,America/Chicago,"BLACK BYU NR DUPLESSIS, LA",9.47935608,,Stream,,,,,continuous,,,,discharge+gage_height,census,,,15206187,15206187,True,11.25,1362.53,ok,nearest,2,5,350003472,158.0,-9999.0,2.1015,stream,usgs_site_type,nhd_tidal,908.3459230803395,,,,,,,,,,,,,,,,,,StreamRiver, ,0,,1.0,2.0,conflict_tidal
USGS:073802245,USGS,073802245,USGS,False,no_nitrate_series,,,,,,USGS:073802245,True,singleton,,,,,,n/a,30.2374184389655,-90.8700972376452,NAVD88,la,Ascension Parish,080702040102,America/Chicago,"Black Bayou E of Gonzales, LA",,0.0,Stream,,,0,,continuous,,00065_dv,,gage_height,census,,,15206341,15206341,True,22.96,1511.56,ok,nearest,3,5,350003472,148.0,-9999.0,3.6819,stream,usgs_site_type,nhd_tidal,3040.011063946623,,,gage_height,0,0,6573,0,0,0,0,0,0,0,0,0,0,0,StreamRiver, ,0,,1.0,3.0,conflict_tidal
USGS:07380226,USGS,07380226,USGS,False,no_nitrate_series,,,,,,USGS:07380226,True,singleton,,,,,,n/a,30.2326961151286,-90.9470438783749,NAVD88,la,Ascension Parish,080702040103,America/Chicago,"Bayou Francois nr Gonzales, LA",,-0.39014400000000005,Stream,,,,,continuous,,,,gage_height,census,,,15206345,15206345,True,24.99,268.96,ok,nearest,2,5,350003472,158.0,-9999.0,0.0972,stream,usgs_site_type,nhd_tidal,2625.6094530946266,,,,,,,,,,,,,,,,,,StreamRiver, ,0,,1.0,2.0,conflict_tidal
USGS:07380227,USGS,07380227,USGS,False,no_nitrate_series,,,,,,USGS:07380227,True,singleton,,,,,,n/a,30.2265852229806,-90.9206541688901,NAVD88,la,Ascension Parish,080702040101,America/Chicago,"Bayou Francois at Gonzales, LA",,-0.12192000000000001,Stream,,,,,continuous,,,,gage_height,census,,,15206361,15206361,True,18.36,2072.14,ok,nearest,1,5,350003472,153.0,-9999.0,2.3949,stream,usgs_site_type,nhd_tidal,1409.6476360095844,,,,,,,,,,,,,,,,,,StreamRiver, ,0,,1.0,1.0,conflict_tidal
USGS:073802273,USGS,073802273,USGS,False,no_nitrate_series,,,,,,USGS:073802273,True,singleton,,,,,,n/a,30.2274185973636,-90.8995424526128,NAVD88,la,Ascension Parish,080702040101,America/Chicago,"Bayou Francois at Hwy 61 Near Gonzales, LA",,0.0,Stream,,,0,,continuous,,00010_dv+00065_dv,,gage_height+water_temp,census,,,15206375,15206375,True,121.25,1906.52,ok,nearest,2,5,350003472,149.0,-9999.0,3.8124,stream,usgs_site_type,nhd_tidal,1594.665767751976,,,gage_height,0,0,6699,0,0,0,0,0,0,0,0,0,0,0,StreamRiver, ,0,,1.0,2.0,conflict_tidal
USGS:07380228,USGS,07380228,USGS,False,no_nitrate_series,,,,,,USGS:07380228,True,singleton,,,,,,n/a,30.2188079273176,-90.8209289921917,NGVD29,la,Ascension Parish,080702040103,America/Chicago,"New River at Acy, LA",,1.1917680000000002,Stream,,,,,continuous,,,,gage_height,census,,,15206513,15206513,True,3.15,2142.38,ok,nearest,4,4,350003472,140.0,-9999.0,2.0484,stream,usgs_site_type,nhd_tidal,413.1107023317028,,,,,,,,,,,,,,,,,,StreamRiver, ,0,,1.0,4.0,conflict_tidal
USGS:073802280,USGS,073802280,USGS,False,no_nitrate_series,,,,,,USGS:073802280,True,singleton,,,,,,n/a,30.215194,-90.819906,NAVD88,la,Ascension Parish,080702040103,America/Chicago,"New River north of Sorrento, La",,0.0,Stream,,,,,continuous,,,,discharge+gage_height,census,,,15206513,15206513,True,21.32,2580.71,ok,nearest,4,4,350003472,140.0,-9999.0,2.0484,stream,usgs_site_type,nhd_tidal,413.1107023317028,,,,,,,,,,,,,,,,,,StreamRiver, ,0,,1.0,4.0,conflict_tidal
USGS:073802282,USGS,073802282,USGS,False,no_nitrate_series,,,,,,USGS:073802282,True,singleton,,,,,,n/a,30.1893643336399,-90.7862055393357,NAVD88,la,Ascension Parish,080702040103,America/Chicago,"New River Canal near Sorrento, LA",243.09627368,0.0,Stream,,,0,,continuous,,00065_dv,,gage_height,census,,,15207957,15207951,False,44.32,1209.74,ok,area,4,4,350003472,137.0,-9999.0,0.5787,stream,usgs_site_type,nhd_tidal,474.0311555964141,,,gage_height,0,0,6725,0,0,0,0,0,0,0,0,0,0,0,CanalDitch, ,0,,1.0,4.0,conflict_tidal
USGS:073802284,USGS,073802284,USGS,False,no_nitrate_series,,,,,,USGS:073802284,True,singleton,,,,,,n/a,30.18925,-90.7812777777778,NAVD88,la,Ascension Parish,080702040103,America/Chicago,"New River Canal east of Sorrento, LA",243.09627368,0.0,Stream,,,,,continuous,,,,discharge+gage_height,census,,,15207951,15207951,True,3.63,515.71,ok,nearest,4,4,350003472,131.0,-9999.0,11.3076,stream,usgs_site_type,nhd_tidal,474.0311555964141,,,,,,,,,,,,,,,,,,CanalDitch, ,0,,1.0,4.0,conflict_tidal
USGS:073802285,USGS,073802285,USGS,False,no_nitrate_series,,,,,,USGS:073802285,True,singleton,,,,,,n/a,30.1888090076272,-90.7178702952567,,la,Ascension Parish,080702040104,America/Chicago,PETITE AMITE RIVER NR ST PAUL LA.,,,Stream,,,,,continuous,,,,gage_height,census,,,15208533,15208533,True,16.56,58.11,ok,mainstem,4,4,350003472,127.0,-9999.0,9.6147,stream,usgs_site_type,nhd_tidal,5105.270787090418,,,,,,,,,,,,,,,,,,ArtificialPath,StreamRiver,22795711,,1.0,4.0,conflict_tidal
USGS:07380229,USGS,07380229,USGS,False,no_nitrate_series,,,,,,USGS:07380229,True,singleton,,,,,,n/a,30.2510294682537,-90.773983433308,,la,Livingston Parish,080702040104,America/Chicago,"BAYOU PIERRE NEAR ST. PAUL, LA",,,Stream,,,,,continuous,,,,gage_height,census,,,15208313,15208283,False,123.02,0.0,ok,mainstem,3,5,350003472,125.0,-9999.0,1.9818,stream,usgs_site_type,nhd_tidal,2761.1164394988887,,,,,,,,,,,,,,,,,,ArtificialPath,CanalDitch,22795499,,1.0,3.0,conflict_tidal
USGS:07380230,USGS,07380230,USGS,False,no_nitrate_series,,,,,,USGS:07380230,True,singleton,,,,,,n/a,30.2815853459209,-90.4003625661376,NGVD29,la,St. John the Baptist Parish,080702040400,America/Chicago,"(COE) Pass Manchac at Manchac, LA",,0.762,Stream,,,,,continuous,,,,gage_height,census,,,15208541,15208541,True,212.38,356.9,ok,nearest,2,3,350003472,84.0,-9999.0,21.8142,stream,usgs_site_type,nhd_tidal,327.35871326321177,,,,,,,,,,,,,,,,,,ArtificialPath,StreamRiver,22795709,,1.0,2.0,conflict_tidal
USGS:073802302,USGS,073802302,USGS,False,no_nitrate_series,,,,,,USGS:073802302,True,singleton,,,,,,n/a,30.28356666666667,-90.3978388888889,NAVD88,la,St. John the Baptist Parish,080702040504,America/Chicago,"Pass Manchac nr. Lake Maurepas, LA",,-0.054864,Stream,,,,,continuous,,,,gage_height,census,,,15212967,15212967,True,238.5,598.76,ok,nearest,7,2,350003472,82.0,-9999.0,3.0078,stream,usgs_site_type,nhd_tidal,327.35871326321177,,,,,,,,,,,,,,,,,,ArtificialPath,StreamRiver,22795709,,1.0,7.0,conflict_tidal
USGS:07380231,USGS,07380231,USGS,False,no_nitrate_series,,,,,,USGS:07380231,True,singleton,,,,,,n/a,29.9404825582514,-90.1984089078012,,la,Jefferson Parish,080902030102,America/Chicago,"SONIAT CANAL @ HARAHAN, LA",,,Stream,,,,,continuous,,,,gage_height,census,,,22799305,18910424,False,1517.02,24883.42,far,nearest,10,1,350002977,194.0,-9999.0,27.4077,stream,usgs_site_type,nhd_tidal,6033.422983306451,,,,,,,,,,,,,,,,,,ArtificialPath,StreamRiver,120049892,,1.0,10.0,conflict_tidal
USGS:07380232,USGS,07380232,USGS,False,no_nitrate_series,,,,,,USGS:07380232,True,singleton,,,,,,n/a,29.9932586869991,-90.1681301179048,,la,Jefferson Parish,080902030102,America/Chicago,"NAPOLEON CANAL AT TURNBULL STATION, AT KENNER",,,Stream,,,,,continuous,,,,gage_height,census,,,22799307,18910424,False,4454.57,1564.87,far,nearest,10,1,350002977,182.0,-9999.0,11.7972,stream,usgs_site_type,nhd_tidal,5950.745684900624,,,,,,,,,,,,,,,,,,ArtificialPath,StreamRiver,120049892,,1.0,10.0,conflict_tidal
USGS:073802331,USGS,073802331,USGS,False,no_nitrate_series,,,,,,USGS:073802331,True,singleton,,,,,,n/a,30.0218688900636,-90.1159066288583,,la,Orleans Parish,080902020100,America/Chicago,"(COE) Lake Pontchartrain at West End, LA",,,Stream,,,,,continuous,,,,gage_height,census,,,18910424,18910424,True,1976.19,0.0,far,nearest,1,2,350003472,60.0,-9999.0,164.1771,stream,usgs_site_type,nhd_tidal,644.4878068170776,,,,,,,,,,,,,,,,,,ArtificialPath, ,167166635,0.000276577634579,1.0,1.0,conflict_tidal
USGS:073802332,USGS,073802332,USGS,False,no_nitrate_series,,,,,,USGS:073802332,True,singleton,,,,,,n/a,30.0301388888889,-90.0341666666667,NAVD88,la,Orleans Parish,080902030302,America/Chicago,Inner Harbor Navigation Canal nr Seabrook bridge,,0.0,Stream,,,0,,continuous,,00065_dv,,gage_height,census,,,22764486,22764486,True,5.6,273.52,ok,nearest,2,1,350020122,39.0,-9999.0,2.385,stream,usgs_site_type,nhd_tidal,4726.168990205671,,,gage_height,0,0,3437,0,0,0,0,0,0,0,0,0,0,0,ArtificialPath,CanalDitch,120048742,,1.0,2.0,conflict_tidal
USGS:0738023325,USGS,0738023325,USGS,False,no_nitrate_series,,,,,,USGS:0738023325,True,singleton,,,,,,n/a,30.0704781840396,-89.9547907995363,NAVD88,la,Orleans Parish,080902020100,America/Chicago,LAKE PONTCHARTRAIN AT LINCOLN BEACH NR LITTLE WOOD,,0.0,"Lake, Reservoir, Impoundment",,,,,continuous,,,,gage_height,census,,,22763542,18910426,False,7411.28,4062.22,far,mainstem,2,1,350020122,29.0,-9999.0,2.6694,lake,usgs_site_type,nhd_tidal,8036.755671421922,,,,,,,,,,,,,,,,,,ArtificialPath,CanalDitch,120048741,,1.0,2.0,conflict_tidal
USGS:073802334,USGS,073802334,USGS,False,no_nitrate_series,,,,,,USGS:073802334,True,singleton,,,,,,n/a,30.1463091172325,-89.8614543220316,,la,Orleans Parish,08090202,America/Chicago,LAKE PONTCHARTRAIN (IRISH BAYOU) NR SOUTH SHORE,,,Stream,,,,,continuous,,,,gage_height,census,,,18909474,18909474,True,439.72,389.2,ok,nearest,1,2,350003472,19.0,-9999.0,11.4498,stream,usgs_site_type,nhd_tidal,566.0818305852366,,,,,,,,,,,,,,,,,,ArtificialPath, ,167166635,9.16284731308e-05,1.0,1.0,conflict_tidal
USGS:0738023365,USGS,0738023365,USGS,False,no_nitrate_series,,,,,,USGS:0738023365,True,singleton,,,,,,n/a,30.166585551501,-89.7175595698919,,la,Orleans Parish,08090203,America/Chicago,"Bayou Rigolets near Slidell, LA",,,Stream,,,,,continuous,,,,gage_height,census,,,22761510,22763182,False,282.13,657.75,ok,nearest,1,4,350003472,11.0,-9999.0,0.4887,stream,usgs_site_type,nhd_tidal,2212.299717651713,,,,,,,,,,,,,,,,,,StreamRiver, ,0,,1.0,1.0,conflict_tidal
USGS:073802337,USGS,073802337,USGS,False,no_nitrate_series,,,,,,USGS:073802337,True,singleton,,,,,,n/a,30.1360312445058,-89.6400563518953,,la,Orleans Parish,080902030400,America/Chicago,LAKE BORGNE AT RIGOLETS LA,,,Stream,,,,,continuous,,,,gage_height,census,,,27139752,,,227.25,4418.53,ok,nearest,-9,-9,150000002,0.0,0.0,1.1745,stream,usgs_site_type,nhd_tidal,2095.7125576083095,,,,,,,,,,,,,,,,,,Coastline, ,0,,0.0,-9.0,conflict_tidal
USGS:073802339,USGS,073802339,USGS,False,no_nitrate_series,,,,,,USGS:073802339,True,singleton,,,,,,n/a,30.0144444444444,-89.9019444444445,NAVD88,la,Orleans Parish,080902030302,America/Chicago,"GIWW East Storm Surge Barrier at New Orleans, LA",,0.0,Stream,,,0,,continuous,,00065_dv,,gage_height,census,,,22763532,22763532,True,54.09,3718.87,ok,nearest,2,2,350020122,29.0,-9999.0,4.4199,stream,usgs_site_type,nhd_tidal,2252.1406392371046,,,gage_height,0,0,3397,0,0,0,0,0,0,0,0,0,0,0,ArtificialPath,CanalDitch,120048741,,1.0,2.0,conflict_tidal
USGS:073802341,USGS,073802341,USGS,False,no_nitrate_series,,,,,,USGS:073802341,True,singleton,,,,,,n/a,29.9977777777778,-89.9152777777778,,la,Orleans Parish,080902030301,America/Chicago,"Bayou Bienvenue Floodgate near Chalmette, LA",,,Stream,,,,,continuous,,,,gage_height,census,,,22770786,22788700,False,356.26,0.0,ok,mainstem,2,1,350020122,22.0,-9999.0,8.586,stream,usgs_site_type,nhd_tidal,144.73951453554386,,,,,,,,,,,,,,,,,,ArtificialPath,CanalDitch,120048741,,1.0,2.0,conflict_tidal
USGS:073802344,USGS,073802344,USGS,False,no_nitrate_series,,,,,,USGS:073802344,True,singleton,,,,,,n/a,29.8502056247415,-89.6833923298708,,la,St. Bernard Parish,080902030302,America/Chicago,MISSISSIPPI RIVER-GULF OUTLET AT SHELL BEACH,,,Stream,,,,,continuous,,,,gage_height,census,,,22771560,22771560,True,866.72,1437.93,far,nearest,3,1,350018718,29.0,-9999.0,3.3543,stream,usgs_site_type,nhd_tidal,1324.8941275807738,,,,,,,,,,,,,,,,,,ArtificialPath,CanalDitch,120048741,,1.0,3.0,conflict_tidal
USGS:073802345,USGS,073802345,USGS,False,no_nitrate_series,,,,,,USGS:073802345,True,singleton,,,,,,n/a,29.7065957501842,-89.4269973621716,,la,St. Bernard Parish,080902030800,America/Chicago,BRETON SOUND NR GARDNER ISLAND,,,Stream,,,,,continuous,,,,gage_height,census,,,22771672,22771136,False,73.5,2168.87,ok,mainstem,2,1,350018718,0.0,-9999.0,1.6299,stream,usgs_site_type,nhd_tidal,15509.08296431479,,,,,,,,,,,,,,,,,,ArtificialPath,CanalDitch,120048741,,1.0,2.0,conflict_tidal
USGS:073802352,USGS,073802352,USGS,False,no_nitrate_series,,,,,,USGS:073802352,True,singleton,,,,,,n/a,29.9821467528697,-89.9464563977405,,la,Orleans Parish,080902030301,America/Chicago,"BAYOU BIENVENUE AT PARIS ROAD N.O. LA,",,,Stream,,,,,continuous,,,,gage_height,census,,,22768884,22788700,False,1809.75,288.25,far,nearest,1,2,350020122,33.0,-9999.0,4.1346,stream,usgs_site_type,nhd_tidal,3353.3752183345186,,,,,,,,,,,,,,,,,,StreamRiver, ,0,,1.0,1.0,conflict_tidal
USGS:073802354,USGS,073802354,USGS,False,no_nitrate_series,,,,,,USGS:073802354,True,singleton,,,,,,n/a,29.9965905231172,-89.9158995170247,,la,Orleans Parish,080902030301,America/Chicago,BAYOU BIENVENUE AT FLOODGATE WEST,,,Stream,,,,,continuous,,,,gage_height,census,,,22770786,22788700,False,487.74,0.0,ok,mainstem,2,1,350020122,22.0,-9999.0,8.586,stream,usgs_site_type,nhd_tidal,144.73951453554386,,,,,,,,,,,,,,,,,,ArtificialPath,CanalDitch,120048741,,1.0,2.0,conflict_tidal
USGS:073802358,USGS,073802358,USGS,False,no_nitrate_series,,,,,,USGS:073802358,True,singleton,,,,,,n/a,29.7640981504026,-89.7922856789574,,la,St. Bernard Parish,080902030505,America/Chicago,"BAYOU TERRE AUX BOEUFS AT DELACROIX,LA",,,Stream,,,,,continuous,,,,gage_height,census,,,22771102,22771102,True,31.77,238.25,ok,nearest,3,1,350024010,27.0,-9999.0,0.1584,stream,usgs_site_type,nhd_tidal,1465.217895934647,,,,,,,,,,,,,,,,,,ArtificialPath,StreamRiver,22798745,,1.0,3.0,conflict_tidal
USGS:073802375,USGS,073802375,USGS,False,no_nitrate_series,,,,,,USGS:073802375,True,singleton,,,,,,n/a,29.7713888888889,-90.1933333333333,NAVD88,la,Jefferson Parish,080903010312,America/Chicago,"Lake Salvador near Lafitte, LA",,-2.639568,"Lake, Reservoir, Impoundment",,,0,,continuous,,00010+00065+00095,,gage_height+spec_cond+water_temp,census,,,22370183,22370183,True,220.46,5883.48,ok,nearest,2,4,350011256,58.0,-9999.0,41.1354,lake,usgs_site_type,nhd_tidal,6600.033537701826,,,gage_height+water_temp+spec_cond,0,0,1989,2068,2070,0,0,0,0,0,0,0,0,0,ArtificialPath, ,22798811,0.0174540219311,1.0,2.0,conflict_tidal
USGS:07380238,USGS,07380238,USGS,False,no_nitrate_series,,,,,,USGS:07380238,True,distinct,25703.66,852,0.3303,1.0752,,rule,29.6991111111111,-89.9888611111111,NAVD88,la,Plaquemines Parish,080903010404,America/Chicago,"Naomi Diversion Canal near Naomi, LA",,-0.256032,Stream,,,0,,continuous,,00060_dv+00065_dv,,discharge+gage_height,census,,,22798751,22362571,False,1151.09,4253.06,far,nearest,10,1,350002977,90.0,-9999.0,39.0672,stream,usgs_site_type,nhd_tidal,10660.435122745232,,,discharge+gage_height,0,1130,5075,0,0,0,0,0,0,0,0,0,0,0,ArtificialPath,StreamRiver,120049892,,1.0,10.0,conflict_tidal
USGS:07380240,USGS,07380240,USGS,False,no_nitrate_series,,,,,,USGS:07380240,True,singleton,,,,,,n/a,29.7424325059569,-90.1336853542681,,la,Jefferson Parish,080903010401,America/Chicago,"BAYOU BARATARIA AT BAYOU BARATARIA, LA.",,,Stream,,,,,continuous,,,,gage_height,census,,,22370195,22370317,False,427.14,759.95,ok,nearest,1,3,350011256,66.0,-9999.0,0.441,stream,usgs_site_type,nhd_tidal,6600.033537701826,,,,,,,,,,,,,,,,,,ArtificialPath,CanalDitch,120048760,,1.0,1.0,conflict_tidal
USGS:07380241,USGS,07380241,USGS,False,no_nitrate_series,,,,,,USGS:07380241,True,singleton,,,,,,n/a,29.601,-89.9102222222222,,la,Plaquemines Parish,080903010408,America/Chicago,"Suzie Bayou at L. Hermitage Rd near Deer Range, LA",,,Stream,,,,,continuous,,,,gage_height,census,,,22798751,22362547,False,2115.9,17348.13,far,nearest,10,1,350002977,90.0,-9999.0,39.0672,stream,usgs_site_type,nhd_tidal,7854.6875213515605,,,,,,,,,,,,,,,,,,ArtificialPath,StreamRiver,120049892,,1.0,10.0,conflict_tidal
USGS:07380250,USGS,07380250,USGS,False,no_nitrate_series,,,,,,USGS:07380250,True,singleton,,,,,,n/a,29.6688236198841,-90.1106295650072,,la,Jefferson Parish,080903010401,America/Chicago,"BYU BARATARIA @ LAFITTE, LA",,,Stream,,,,,continuous,,,,gage_height,census,,,22370317,22370317,True,7.07,2912.71,ok,nearest,1,2,350011256,44.0,-9999.0,3.7044,stream,usgs_site_type,nhd_tidal,8462.161436597256,,,,,,,,,,,,,,,,,,ArtificialPath,CanalDitch,120048760,,1.0,1.0,conflict_tidal
USGS:07380255,USGS,07380255,USGS,False,no_nitrate_series,,,,,,USGS:07380255,True,singleton,,,,,,n/a,29.576733,-89.986408,NAVD88,la,Jefferson Parish,080903010408,America/Chicago,"Bayou Dupont nr Round Lake S of Myrtle Grove, LA",,-0.286512,Stream,,,0,,continuous,,00010+00065+00095+00300+00400+32316+63680,,diss_oxy+fchl+gage_height+ph+spec_cond+turbidity_fnu+water_temp,census,,,22362529,22362529,True,142.83,1800.69,ok,nearest,3,2,350026413,18.0,-9999.0,1.9782,stream,usgs_site_type,nhd_tidal,7854.6875213515605,,,gage_height+water_temp+spec_cond+turbidity_fnu+diss_oxy+ph+fchl,0,0,96,96,96,22,0,0,33,96,0,96,0,0,ArtificialPath,StreamRiver,120049545,,1.0,3.0,conflict_tidal
USGS:07380270,USGS,07380270,USGS,False,no_nitrate_series,,,,,,USGS:07380270,True,singleton,,,,,,n/a,29.9118719168471,-90.7300911165841,,la,St. James Parish,080903010201,America/Chicago,"Bayou Chevrevil nr Chgby, LA",,,Stream,,,,,continuous,,,,gage_height,census,,,22364683,22364683,True,34.39,310.86,ok,nearest,4,1,350011256,118.0,-9999.0,0.2331,stream,usgs_site_type,nhd_tidal,15111.199256879278,,,,,,,,,,,,,,,,,,StreamRiver, ,0,,1.0,4.0,conflict_tidal
USGS:07380300,USGS,07380300,USGS,False,no_nitrate_series,,,,,,USGS:07380300,True,singleton,,,,,,n/a,29.8240973464567,-90.4767505335878,,la,St. Charles Parish,080903010301,America/Chicago,"BYU DES ALLEMANDS @ DES ALLEMANDS, LA",,,Stream,,,,,continuous,,,,gage_height,census,,,22370105,22370105,True,28.48,1393.76,ok,nearest,5,1,350011256,86.0,-9999.0,1.143,stream,usgs_site_type,nhd_tidal,18482.58384201921,,,,,,,,,,,,,,,,,,ArtificialPath,StreamRiver,22798793,,1.0,5.0,conflict_tidal
USGS:07380325,USGS,07380325,USGS,False,no_nitrate_series,,,,,,USGS:07380325,True,singleton,,,,,,n/a,29.8158888888889,-90.0703055555555,,la,Plaquemines Parish,08090301,America/Chicago,"GIWW at West Closure Complex near Belle Chasse, LA",,,Stream,,,,,continuous,,,,gage_height,census,,,22370175,22370175,True,23.01,1618.56,ok,nearest,1,3,350011256,67.0,-9999.0,30.3246,stream,usgs_site_type,nhd_tidal,10033.892150804151,,,,,,,,,,,,,,,,,,ArtificialPath,CanalDitch,120048760,,1.0,1.0,conflict_tidal
USGS:07380335,USGS,07380335,USGS,False,no_nitrate_series,,,,,,USGS:07380335,True,singleton,,,,,,n/a,29.517743211065092,-90.18147659837665,NAVD88,la,Lafourche Parish,080903010410,America/Chicago,"Little Lake Near Cutoff, LA",,-0.06096000000000001,"Lake, Reservoir, Impoundment",,,0,,continuous,,00010+00065+00095,,gage_height+spec_cond+water_temp,census,,,22370681,22370687,False,1315.81,1395.72,far,nearest,5,1,350011256,20.0,-9999.0,12.1068,lake,usgs_site_type,nhd_tidal,5543.927225235448,,,gage_height+water_temp+spec_cond,0,0,4824,4836,4813,0,0,0,0,0,0,0,0,0,ArtificialPath, ,167806606,0.0793903259556,1.0,5.0,conflict_tidal
USGS:07380400,USGS,07380400,USGS,False,no_nitrate_series,,,,,,USGS:07380400,True,singleton,,,,,,n/a,30.1008888888889,-90.9934722222222,NAVD88,la,Ascension Parish,080903010101,America/Chicago,"Bayou Lafourche at Donaldsonville, LA",,-0.249936,Stream,,,0,,continuous,,00060_dv+00065_dv,,discharge+gage_height,census,,,22356915,22356915,True,3.34,662.11,ok,nearest,1,1,350012893,190.0,-9999.0,0.5328,stream,usgs_site_type,nhd_tidal,1019.4785919175762,,,discharge+gage_height,0,1587,2439,0,0,0,0,0,0,0,0,0,0,0,CanalDitch, ,0,,1.0,1.0,conflict_tidal
USGS:07380401,USGS,07380401,USGS,False,no_nitrate_series,,,,,,USGS:07380401,True,singleton,,,,,,n/a,30.0965879324841,-91.0059331695011,NAVD88,la,Ascension Parish,08070204,America/Chicago,"Bayou Lafourche SW of Donaldsonville, LA",,-0.249936,Stream,,,0,,continuous,,00060_dv+00065_dv,,discharge+gage_height,census,,,22357431,22357431,True,11.01,564.2,ok,nearest,1,1,350012893,188.0,-9999.0,0.3537,stream,usgs_site_type,nhd_tidal,1291.0831341315422,,,discharge+gage_height,0,5510,6724,0,0,0,0,0,0,0,0,0,0,0,StreamRiver, ,0,,1.0,1.0,conflict_tidal
USGS:073804751,USGS,073804751,USGS,False,no_nitrate_series,,,,,,USGS:073804751,True,singleton,,,,,,n/a,29.9947222222222,-90.8863888888889,,la,St. James Parish,080903010103,America/Chicago,"St James Canal at Hwy 3127 near Donaldsonville, LA",,,Stream,,,,,continuous,,,,gage_height,census,,,22363721,22363721,True,2.53,160.49,ok,nearest,3,2,350011256,146.0,-9999.0,0.0576,stream,usgs_site_type,nhd_tidal,14454.910108673632,,,,,,,,,,,,,,,,,,CanalDitch, ,0,,1.0,3.0,conflict_tidal
USGS:07380500,USGS,07380500,USGS,False,no_nitrate_series,,,,,,USGS:07380500,True,singleton,,,,,,n/a,29.9415,-91.0232222222222,NAVD88,la,Assumption Parish,080903010102,America/Chicago,"Bayou Lafourche at Napoleonville, LA",,0.0,Stream,,,0,,continuous,,00065_dv,,gage_height,census,,,22371265,22371265,True,24.01,1528.5,ok,nearest,1,1,350012893,163.0,-9999.0,1.2051,stream,usgs_site_type,nhd_tidal,12748.565592528748,,,gage_height,0,0,4374,0,0,0,0,0,0,0,0,0,0,0,StreamRiver, ,0,,1.0,1.0,conflict_tidal
USGS:07381000,USGS,07381000,USGS,False,no_nitrate_series,,,,,,USGS:07381000,True,distinct,472.62,1933,0.6934,0.4359,,rule,29.7979854289094,-90.8225932323343,NAVD88,la,Lafourche Parish,080903010202,America/Chicago,"Bayou Lafourche at Thibodaux, LA",,-0.381,Stream,,,0,,continuous,,00060_dv+00065_dv,,discharge+gage_height,census,,,22366581,22366581,True,5.28,810.02,ok,nearest,1,1,350012893,136.0,-9999.0,1.1043,stream,usgs_site_type,nhd_tidal,472.6157293085395,,,discharge+gage_height,0,6203,6539,0,0,0,0,0,0,0,0,0,0,0,CanalDitch, ,0,,1.0,1.0,conflict_tidal
USGS:07381002,USGS,07381002,USGS,False,no_nitrate_series,,,,,,USGS:07381002,True,distinct,472.62,1933,0.6934,0.4359,,rule,29.7990965598766,-90.8178708862779,NAVD88,la,Lafourche Parish,080903010202,America/Chicago,"Bayou Lafourche below weir at Thibodaux, LA",,0.0,Stream,,,0,,continuous,,00065_dv,,gage_height,census,,,22366581,22366581,True,31.69,1302.61,ok,nearest,1,1,350012893,136.0,-9999.0,1.1043,stream,usgs_site_type,nhd_tidal,472.6157293085395,,,gage_height,0,0,2095,0,0,0,0,0,0,0,0,0,0,0,CanalDitch, ,0,,1.0,1.0,conflict_tidal
USGS:07381150,USGS,07381150,USGS,False,no_nitrate_series,,,,,,USGS:07381150,True,singleton,,,,,,n/a,29.647055555555553,-90.53677777777777,NAVD88,la,Lafourche Parish,08090302,America/Chicago,"Bayou Lafourche at Lockport, LA",,-1.18872,Stream,,,0,,continuous,,00010+00065+00095,,gage_height+spec_cond+water_temp,census,,,22370529,22370529,True,26.93,269.87,ok,nearest,2,1,350013523,61.0,-9999.0,7.4457,stream,usgs_site_type,nhd_tidal,804.1282916721857,,,gage_height+water_temp+spec_cond,0,0,947,947,923,0,0,0,0,0,0,0,0,0,ArtificialPath,StreamRiver,22798913,,1.0,2.0,conflict_tidal
USGS:07381200,USGS,07381200,USGS,False,no_nitrate_series,,,,,,USGS:07381200,True,singleton,,,,,,n/a,29.5932707274031,-90.4736951253272,NGVD29,la,Lafourche Parish,080903010308,America/Chicago,"BAYOU LAFOURCHE @ VALENTINE, LA",,0.0,Stream,,,,,continuous,,,,gage_height,census,,,22370529,22370529,True,49.12,9532.59,ok,nearest,2,1,350013523,61.0,-9999.0,7.4457,stream,usgs_site_type,nhd_tidal,8536.416795129924,,,,,,,,,,,,,,,,,,ArtificialPath,StreamRiver,22798913,,1.0,2.0,conflict_tidal
USGS:07381235,USGS,07381235,USGS,False,no_nitrate_series,,,,,,USGS:07381235,True,singleton,,,,,,n/a,29.56888888888889,-90.38527777777779,NAVD88,la,Terrebonne Parish,08090302,America/Chicago,"GIWW West of Bayou Lafourche at Larose, LA",,-0.32308800000000004,Stream,,,0,,continuous,,00010+00060+00065+00095,,discharge+gage_height+spec_cond+water_temp,census,,,938090313,938090313,True,36.44,406.32,ok,nearest,2,2,350012893,92.0,-9999.0,8.055,stream,usgs_site_type,nhd_tidal,8981.549174956222,,,discharge+gage_height+water_temp+spec_cond,0,3538,4231,4224,4065,0,0,0,0,0,0,0,0,0,ArtificialPath,CanalDitch,120048759,,1.0,2.0,conflict_tidal
USGS:07381330,USGS,07381330,USGS,False,no_nitrate_series,,,,,,USGS:07381330,True,singleton,,,,,,n/a,29.5988250637411,-90.7100901562038,,la,Terrebonne Parish,080903020501,America/Chicago,"IWW @ HOUMA, LA",,,Stream,,,,,continuous,,,,gage_height,census,,,938090294,938090289,False,17.35,0.0,ok,mainstem,3,1,350012893,67.0,-9999.0,0.8433,stream,usgs_site_type,nhd_tidal,85.76054259251825,,,,,,,,,,,,,,,,,,ArtificialPath,CanalDitch,120048759,,1.0,3.0,conflict_tidal
USGS:07381331,USGS,07381331,USGS,False,no_nitrate_series,,,,,,USGS:07381331,True,singleton,,,,,,n/a,29.5980555555556,-90.71,NAVD88,la,Terrebonne Parish,080903020501,America/Chicago,"GIWW at Houma, LA",,-0.36576000000000003,Stream,,,0,,continuous,,00010+00060+00065+00095,,discharge+gage_height+spec_cond+water_temp,census,,,938090294,938090294,True,27.82,70.79,ok,nearest,3,1,350012893,67.0,-9999.0,0.8433,stream,usgs_site_type,nhd_tidal,85.76054259251825,,,discharge+gage_height+water_temp+spec_cond,0,4136,4270,4260,4206,0,0,0,0,0,0,0,0,0,ArtificialPath,CanalDitch,120048759,,1.0,3.0,conflict_tidal
USGS:07381350,USGS,07381350,USGS,False,no_nitrate_series,,,,,,USGS:07381350,True,distinct,2342.71,6360,0.7283,9.8152,,rule,29.645239080785693,-90.5448204516368,NAVD88,la,Lafourche Parish,080903020504,America/Chicago,"Company Canal at Hwy 1 at Lockport, LA",,-0.21336,Stream,,,0,,continuous,,00010+00065+00095,,gage_height+spec_cond+water_temp,census,,,11060645,11060645,True,2.08,2122.75,ok,nearest,2,2,350013523,80.0,-9999.0,2.6298,stream,usgs_site_type,nhd_tidal,804.1282916721857,,,gage_height+water_temp+spec_cond,0,0,6685,6736,6564,0,0,0,0,0,0,0,0,0,CanalDitch, ,0,,1.0,2.0,conflict_tidal
USGS:07381355,USGS,07381355,USGS,False,no_nitrate_series,,,,,,USGS:07381355,True,distinct,2342.71,6360,0.7283,9.8152,,rule,29.627333333333333,-90.55766666666666,NAVD88,la,Lafourche Parish,080903020504,America/Chicago,"Company Canal at Salt Barrier near Lockport, LA",,-0.359664,Stream,,,0,,continuous,,00010+00065+00095,,gage_height+spec_cond+water_temp,census,,,11060645,11060817,False,1970.58,1694.34,far,nearest,2,2,350013523,80.0,-9999.0,2.6298,stream,usgs_site_type,nhd_tidal,2342.7053370536346,,,gage_height+water_temp+spec_cond,0,0,6558,6763,6599,0,0,0,0,0,0,0,0,0,CanalDitch, ,0,,1.0,2.0,conflict_tidal
USGS:07381403,USGS,07381403,USGS,False,no_nitrate_series,,,,,,USGS:07381403,True,singleton,,,,,,n/a,30.557691608773,-91.657613538495,,la,Pointe Coupee Parish,08080101,America/Chicago,"E. PROTECTION LEVEE BORROW PIT AT LOTTIE, LA.",,,Stream,,,,,continuous,,,,gage_height,census,,,18715566,18715566,True,13.44,1314.37,ok,nearest,2,5,350002528,181.0,-9999.0,5.2335,stream,usgs_site_type,nhd_tidal,92.58517931358625,,,,,,,,,,,,,,,,,,StreamRiver, ,0,,1.0,2.0,conflict_tidal
USGS:073814031,USGS,073814031,USGS,False,no_nitrate_series,,,,,,USGS:073814031,True,singleton,,,,,,n/a,30.5568583047839,-91.6576135310425,,la,Pointe Coupee Parish,08080101,America/Chicago,E A B P L B P NR LOTTIE BELOW U S HWY 190,,,Stream,,,,,continuous,,,,gage_height,census,,,18715566,18715566,True,14.41,1406.95,ok,nearest,2,5,350002528,181.0,-9999.0,5.2335,stream,usgs_site_type,nhd_tidal,92.58517931358625,,,,,,,,,,,,,,,,,,StreamRiver, ,0,,1.0,2.0,conflict_tidal
USGS:07381405,USGS,07381405,USGS,False,no_nitrate_series,,,,,,USGS:07381405,True,singleton,,,,,,n/a,30.4668609031997,-91.5445550438051,,la,Iberville Parish,08080101,America/Chicago,"EAST PROT. LEVEE BORROW PIT NR. MARINQOUIN, LA.",,,Stream,,,,,continuous,,,,gage_height,census,,,18716992,18716992,True,16.02,80.69,ok,nearest,4,4,350002528,169.0,-9999.0,0.2232,stream,usgs_site_type,nhd_tidal,7956.366702681624,,,,,,,,,,,,,,,,,,CanalDitch, ,0,,1.0,4.0,conflict_tidal
USGS:07381406,USGS,07381406,USGS,False,no_nitrate_series,,,,,,USGS:07381406,True,singleton,,,,,,n/a,30.4015842512843,-91.5103884951988,,la,Iberville Parish,08080101,America/Chicago,"EAST PROTECTION LEVEE BORROW PIT AT RAMAH, LA.",,,Stream,,,,,continuous,,,,gage_height,census,,,18717494,18717494,True,14.45,1088.05,ok,nearest,4,4,350002528,158.0,-9999.0,1.2636,stream,usgs_site_type,nhd_tidal,7241.397954500965,,,,,,,,,,,,,,,,,,CanalDitch, ,0,,1.0,4.0,conflict_tidal
USGS:073814075,USGS,073814075,USGS,False,no_nitrate_series,,,,,,USGS:073814075,True,singleton,,,,,,n/a,30.2260308978474,-91.4234445213716,,la,Iberville Parish,08070300,America/Chicago,UPPER GRAND RIVER (FWS) AT DIKE LA,,,Stream,,,,,continuous,,,,gage_height,census,,,15175687,15175691,False,57.82,0.0,ok,mainstem,1,2,350002528,119.0,-9999.0,0.0063,stream,usgs_site_type,nhd_tidal,347.1019242669421,,,,,,,,,,,,,,,,,,ArtificialPath,StreamRiver,120049891,,1.0,1.0,conflict_tidal
USGS:07381408,USGS,07381408,USGS,False,no_nitrate_series,,,,,,USGS:07381408,True,singleton,,,,,,n/a,30.2260308618933,-91.4198333365403,,la,Iberville Parish,08080101,America/Chicago,"Upper Grand River at Dike, LA (Ls)",,,Stream,,,,,continuous,,,,gage_height,census,,,18719462,18719462,True,33.44,2618.11,ok,nearest,4,4,350002528,136.0,-9999.0,6.9768,stream,usgs_site_type,nhd_tidal,347.1019242669421,,,,,,,,,,,,,,,,,,ArtificialPath,StreamRiver,22357759,,1.0,4.0,conflict_tidal
USGS:07381412,USGS,07381412,USGS,False,no_nitrate_series,,,,,,USGS:07381412,True,singleton,,,,,,n/a,30.4322222222222,-91.2104722222222,NAVD88,la,West Baton Rouge Parish,080703000205,America/Chicago,INTRACOASTAL WATERWAY NR PORT ALLEN LA,,-0.17068800000000003,Stream,,,0,,continuous,,00065_dv,,gage_height,census,,,18719612,18719612,True,11.11,75.3,ok,nearest,10,3,350002528,161.0,-9999.0,0.1989,stream,usgs_site_type,nhd_tidal,2291.673296565642,,,gage_height,0,0,1780,0,0,0,0,0,0,0,0,0,0,0,ArtificialPath,CanalDitch,22357117,,1.0,10.0,conflict_tidal
USGS:07381413,USGS,07381413,USGS,False,no_nitrate_series,,,,,,USGS:07381413,True,singleton,,,,,,n/a,30.4451908581979,-91.2314974824282,,la,West Baton Rouge Parish,080703000205,America/Chicago,"INTRACOASTAL WATERWAY TRIB.NR PORT ALLEN, LA.",23.51709104,,Stream,,,,,continuous,,,,gage_height,census,,,18717088,18717088,True,30.54,0.0,ok,mainstem,2,4,350002528,159.0,-9999.0,0.1764,stream,usgs_site_type,nhd_tidal,2477.531280384173,,,,,,,,,,,,,,,,,,StreamRiver, ,0,,1.0,2.0,conflict_tidal
USGS:073814135,USGS,073814135,USGS,False,no_nitrate_series,,,,,,USGS:073814135,True,singleton,,,,,,n/a,30.39519302767,-91.3231648934583,,la,West Baton Rouge Parish,080703000206,America/Chicago,"Intracoastal Waterway at Morley, LA",,,Stream,,,,,continuous,,,,gage_height,census,,,18719286,18719286,True,12.62,652.55,ok,nearest,5,3,350002528,142.0,-9999.0,6.0984,stream,usgs_site_type,nhd_tidal,5896.867677720629,,,,,,,,,,,,,,,,,,ArtificialPath,CanalDitch,22357117,,1.0,5.0,conflict_tidal
USGS:07381427,USGS,07381427,USGS,False,no_nitrate_series,,,,,,USGS:07381427,True,singleton,,,,,,n/a,30.41472222222222,-91.43208333333334,NAVD88,la,Iberville Parish,080703000302,America/Chicago,"Bayou Grosse Tete S. of I10 at Grosse Tete, LA",,-0.9753600000000001,Stream,,,0,,continuous,,00060+00065,,discharge+diss_oxy+gage_height+spec_cond+turbidity_fnu+water_temp,census,,,18717420,18717420,True,20.67,2501.5,ok,nearest,3,4,350002528,154.0,-9999.0,4.7718,stream,usgs_site_type,nhd_tidal,3635.7527621338245,,,discharge+gage_height,0,1083,1767,0,0,0,0,0,0,0,0,0,0,0,StreamRiver, ,0,,1.0,3.0,conflict_tidal
USGS:07381429,USGS,07381429,USGS,False,no_nitrate_series,,,,,,USGS:07381429,True,singleton,,,,,,n/a,30.4438034806629,-91.3478872099816,NAVD88,la,Iberville Parish,080703000204,America/Chicago,"Choctaw Bayou at I-10 east of Grosse Tete, LA",,-3.282696,Stream,,,0,,continuous,,00060_dv+00065_dv,,discharge+gage_height,census,,,18717126,18717126,True,65.77,1012.29,ok,nearest,5,4,350002528,154.0,-9999.0,1.1133,stream,usgs_site_type,nhd_tidal,5896.867677720629,,,gage_height,0,0,1704,0,0,0,0,0,0,0,0,0,0,0,StreamRiver, ,0,,1.0,5.0,conflict_tidal
USGS:07381440,USGS,07381440,USGS,False,no_nitrate_series,,,,,,USGS:07381440,True,singleton,,,,,,n/a,30.4426939381392,-91.451776478186,NGVD29,la,Iberville Parish,080703000302,America/Chicago,"Bayou Grosse Tete at Rosedale, LA",,0.0,Stream,,,,,continuous,,,,discharge+gage_height,census,,,18717132,18717132,True,71.06,265.43,ok,nearest,3,4,350002528,160.0,-9999.0,0.3645,stream,usgs_site_type,nhd_tidal,3635.7527621338245,,,,,,,,,,,,,,,,,,StreamRiver, ,0,,1.0,3.0,conflict_tidal
USGS:07381444,USGS,07381444,USGS,False,no_nitrate_series,,,,,,USGS:07381444,True,singleton,,,,,,n/a,30.2921388164074,-91.2353855637318,,la,Iberville Parish,080703000208,America/Chicago,BAYOU PLAQUEMINE AT PLAQUEMINE LOCK,,,Stream,,,,,continuous,,,,gage_height,census,,,19086947,18719392,False,559.36,5830.36,far,nearest,10,1,350002977,354.0,-9999.0,24.867,stream,usgs_site_type,nhd_tidal,9467.99160955764,,,,,,,,,,,,,,,,,,ArtificialPath,StreamRiver,120049893,,1.0,10.0,conflict_tidal
USGS:07381450,USGS,07381450,USGS,False,no_nitrate_series,,,,,,USGS:07381450,True,singleton,,,,,,n/a,30.1557222222222,-91.3313888888889,NAVD88,la,Iberville Parish,080703000402,America/Chicago,"Lower Grand River at Bayou Sorrel, LA",,-1.2710160000000001,Stream,,,0,,continuous,,00060_dv+00065_dv,,discharge+gage_height,census,,,18719534,18719534,True,31.46,837.37,ok,nearest,5,3,350002528,118.0,-9999.0,1.3932,stream,usgs_site_type,nhd_tidal,2437.5170501814887,,,discharge+gage_height,0,1972,4596,0,0,0,0,0,0,0,0,0,0,0,ArtificialPath,StreamRiver,22357759,,1.0,5.0,conflict_tidal
USGS:07381451,USGS,07381451,USGS,False,no_nitrate_series,,,,,,USGS:07381451,True,singleton,,,,,,n/a,30.1371427214896,-91.3178861306363,,la,Iberville Parish,080703000402,America/Chicago,"LOWER GRAND R. AT B. SORREL LOCK, NR B. SORREL, LA",,,Stream,,,,,continuous,,,,gage_height,census,,,167203721,167203721,True,71.07,604.04,ok,nearest,5,3,350002528,109.0,-9999.0,4.7835,stream,usgs_site_type,nhd_tidal,894.8124272832248,,,,,,,,,,,,,,,,,,ArtificialPath,StreamRiver,22357759,,1.0,5.0,conflict_tidal
USGS:07381452,USGS,07381452,USGS,False,no_nitrate_series,,,,,,USGS:07381452,True,singleton,,,,,,n/a,30.126333333333335,-91.27627777777778,NAVD88,la,Iberville Parish,080703000402,America/Chicago,"Choctaw Bayou at Hwy 404 W of White Castle, LA",,-2.389632,Stream,,,0,,continuous,,00065_dv,,gage_height,census,,,18719200,18719200,True,1.61,36.95,ok,nearest,3,4,350002528,105.0,-9999.0,7.1919,stream,usgs_site_type,nhd_tidal,4179.84649305437,,,gage_height,0,0,1761,0,0,0,0,0,0,0,0,0,0,0,StreamRiver, ,0,,1.0,3.0,conflict_tidal
USGS:07381454,USGS,07381454,USGS,False,no_nitrate_series,,,,,,USGS:07381454,True,singleton,,,,,,n/a,29.9091111111111,-91.2158333333333,NAVD88,la,Assumption Parish,080903020107,America/Chicago,"Belle River at Hwy 70 near Pierre Part, LA",,0.04267200000000001,Stream,,,0,,continuous,,00060_dv+00065_dv,,discharge+gage_height,census,,,11065481,11065481,True,14.88,38.68,ok,nearest,1,3,350002528,79.0,-9999.0,0.009,stream,usgs_site_type,nhd_tidal,294.1686336862493,,,discharge+gage_height,0,1000,5720,0,0,0,0,0,0,0,0,0,0,0,ArtificialPath,StreamRiver,22371471,,1.0,1.0,conflict_tidal
USGS:07381457,USGS,07381457,USGS,False,no_nitrate_series,,,,,,USGS:07381457,True,singleton,,,,,,n/a,29.9638126953753,-91.2098260658663,,la,Assumption Parish,080903020103,America/Chicago,"PIERRE PASS AT PIERRE PASS, LA.",,,Stream,,,,,continuous,,,,gage_height,census,,,11062945,11062945,True,24.37,75.96,ok,nearest,5,3,350002528,85.0,-9999.0,0.5454,stream,usgs_site_type,nhd_tidal,5407.417219029605,,,,,,,,,,,,,,,,,,StreamRiver, ,0,,1.0,5.0,conflict_tidal
USGS:07381459,USGS,07381459,USGS,False,no_nitrate_series,,,,,,USGS:07381459,True,singleton,,,,,,n/a,29.8496488102742,-91.1026007742287,,la,Assumption Parish,080903020106,America/Chicago,"LK VERRET NR BELLWOOD, LA",,,"Lake, Reservoir, Impoundment",,,,,continuous,,,,gage_height,census,,,11065315,11065315,True,90.29,0.0,ok,mainstem,1,4,350002528,66.0,-9999.0,1.5282,lake,usgs_site_type,nhd_tidal,9147.399466637407,,,,,,,,,,,,,,,,,,ArtificialPath, ,11061197,8.15066493664e-05,1.0,1.0,conflict_tidal
USGS:07381460,USGS,07381460,USGS,False,no_nitrate_series,,,,,,USGS:07381460,True,singleton,,,,,,n/a,29.78025,-91.1669166666667,NAVD88,la,St. Martin Parish,080903020303,America/Chicago,"Bayou Milhomme near Stephensville, LA",,0.0,Stream,,,0,,continuous,,00065_dv,,gage_height,census,,,15182047,11063681,False,1049.87,1976.24,far,nearest,4,2,350002528,42.0,-9999.0,13.7952,stream,usgs_site_type,nhd_tidal,1296.5445399240502,,,gage_height,0,0,2872,0,0,0,0,0,0,0,0,0,0,0,ArtificialPath,StreamRiver,120049891,,1.0,4.0,conflict_tidal
USGS:07381464,USGS,07381464,USGS,False,no_nitrate_series,,,,,,USGS:07381464,True,singleton,,,,,,n/a,29.6832642154409,-91.1762136175423,,la,St. Mary Parish,080903020301,America/Chicago,BAYOU BOEUF(IWW) AT LOCK (WEST) NR MORGAN CITY,,,Stream,,,,,continuous,,,,gage_height,census,,,15181875,11065413,False,2899.77,0.0,far,nearest,1,3,350002528,27.0,-9999.0,3.7233,stream,usgs_site_type,nhd_tidal,241.88639967265826,,,,,,,,,,,,,,,,,,StreamRiver, ,0,,1.0,1.0,conflict_tidal
USGS:073814660,USGS,073814660,USGS,False,no_nitrate_series,,,,,,USGS:073814660,True,singleton,,,,,,n/a,29.7204851421339,-91.1878804459809,,la,St. Mary Parish,080903020301,America/Chicago,LAKE PALOUDE NR MORGAN CITY LA,,,Stream,,,,,continuous,,,,gage_height,census,,,15193397,11065407,False,2800.48,3272.68,far,nearest,8,1,350002528,33.0,-9999.0,4.6665,stream,usgs_site_type,nhd_tidal,3848.881029185552,,,,,,,,,,,,,,,,,,ArtificialPath, ,15181865,0.113130358146,1.0,8.0,conflict_tidal
USGS:073814675,USGS,073814675,USGS,False,no_nitrate_series,,,,,,USGS:073814675,True,singleton,,,,,,n/a,29.668333333333333,-91.09972222222221,NAVD88,la,Assumption Parish,080903020301,America/Chicago,"Bayou Boeuf at Railroad Bridge at Amelia, LA",,-0.32613600000000004,Stream,,,0,,continuous,,00010+00060+00065+00095,,discharge+gage_height+spec_cond+water_temp,census,,,11065419,11065419,True,38.42,3442.4,ok,nearest,5,2,350002528,38.0,-9999.0,2.4543,stream,usgs_site_type,nhd_tidal,6988.044517983726,,,discharge+gage_height+water_temp+spec_cond,0,971,979,979,979,0,0,0,0,0,0,0,0,0,ArtificialPath,StreamRiver,120049980,,1.0,5.0,conflict_tidal
USGS:073814690,USGS,073814690,USGS,False,no_nitrate_series,,,,,,USGS:073814690,True,singleton,,,,,,n/a,29.6832642188103,-91.1737135489498,,la,St. Mary Parish,080903020301,America/Chicago,BAYOU BOEUF(IWW) AT LOCK (EAST) NR MORGAN CITY,,,Stream,,,,,continuous,,,,gage_height,census,,,11063931,11065413,False,2828.62,1444.17,far,nearest,1,4,350002528,49.0,-9999.0,8.1666,stream,usgs_site_type,nhd_tidal,241.88639967265826,,,,,,,,,,,,,,,,,,StreamRiver, ,0,,1.0,1.0,conflict_tidal
USGS:07381483,USGS,07381483,USGS,False,no_nitrate_series,,,,,,USGS:07381483,True,singleton,,,,,,n/a,29.620767265621,-90.9042617416402,,la,Terrebonne Parish,080903020308,America/Chicago,"BAYOU BLACK AT GREENWOOD,LA",,,Stream,,,,,continuous,,,,gage_height,census,,,11059051,11059051,True,18.23,896.86,ok,nearest,2,3,350002528,58.0,-9999.0,73.6866,stream,usgs_site_type,nhd_tidal,952.2688546089199,,,,,,,,,,,,,,,,,,StreamRiver, ,0,,1.0,2.0,conflict_tidal
USGS:07381489,USGS,07381489,USGS,False,no_nitrate_series,,,,,,USGS:07381489,True,singleton,,,,,,n/a,29.6871533146172,-90.9914863488242,,la,Terrebonne Parish,080903020305,America/Chicago,BAYOU BLACK AT GIBSON LA,,,Stream,,,,,continuous,,,,gage_height,census,,,11058669,11058669,True,3.29,1772.11,ok,nearest,2,3,350002528,47.0,-9999.0,0.5841,stream,usgs_site_type,nhd_tidal,8466.12692146347,,,,,,,,,,,,,,,,,,StreamRiver, ,0,,1.0,2.0,conflict_tidal
USGS:07381500,USGS,07381500,USGS,False,no_nitrate_series,,,,,,USGS:07381500,True,singleton,,,,,,n/a,30.5468588149323,-91.7512263619071,NAVD88,la,St. Landry Parish,080801010205,America/Chicago,"Atchafalaya R @ Krotz Springs, LA",,0.813816,Stream,,,0,,continuous,,00060_dv+00065_dv,,discharge+gage_height,census,,,15169615,15169615,True,107.42,11865.74,ok,nearest,8,1,350002528,151.0,-9999.0,13.9275,stream,usgs_site_type,nhd_tidal,5255.293657812009,,,gage_height,0,0,1439,0,0,0,0,0,0,0,0,0,0,0,ArtificialPath,StreamRiver,120049891,,1.0,8.0,conflict_tidal
USGS:07381515,USGS,07381515,USGS,False,no_nitrate_series,,,,,,USGS:07381515,True,singleton,,,,,,n/a,30.2815863799276,-91.6867797432383,NAVD88,la,St. Martin Parish,080801010403,America/Chicago,"Atchafalaya River at Butte La Rose, LA",,-0.420624,Stream,,,0,,continuous,,00065_dv,,gage_height,census,,,15175029,15175029,True,91.25,5004.09,ok,nearest,2,2,350002528,125.0,-9999.0,2.5695,stream,usgs_site_type,nhd_tidal,222.28996645597843,,,gage_height,0,0,6305,0,0,0,0,0,0,0,0,0,0,0,ArtificialPath,StreamRiver,120049891,,1.0,2.0,conflict_tidal
USGS:07381517,USGS,07381517,USGS,False,no_nitrate_series,,,,,,USGS:07381517,True,singleton,,,,,,n/a,30.3285303628964,-91.7876145549314,,la,St. Martin Parish,080801010207,America/Chicago,W ATCHAFALAYA BASIN PRO LEVEE PIT(FWS)AT CLEON,,,Stream,,,,,continuous,,,,gage_height,census,,,15151006,938080201,False,237.25,4367.87,ok,nearest,5,3,350002528,168.0,-9999.0,15.9615,stream,usgs_site_type,nhd_tidal,1609.5595651906942,,,,,,,,,,,,,,,,,,ArtificialPath,CanalDitch,120048739,,1.0,5.0,conflict_tidal
USGS:073815190,USGS,073815190,USGS,False,no_nitrate_series,,,,,,USGS:073815190,True,singleton,,,,,,n/a,30.2335316897124,-91.6987242682462,,la,St. Martin Parish,08080102,America/Chicago,WABPL BARROW PIT(FWS)AT BAYOU MERSIER LA,,,Stream,,,,,continuous,,,,gage_height,census,,,15174461,15174461,True,33.45,1200.08,ok,nearest,4,5,350002528,133.0,-9999.0,0.4536,stream,usgs_site_type,nhd_tidal,2499.5024163874577,,,,,,,,,,,,,,,,,,StreamRiver, ,0,,1.0,4.0,conflict_tidal
USGS:07381532,USGS,07381532,USGS,False,no_nitrate_series,,,,,,USGS:07381532,True,singleton,,,,,,n/a,30.3932510712393,-91.6665020042715,,la,St. Martin Parish,080801010403,America/Chicago,WHISKEY BAY PILOT CHANNEL BELOW HEAD,,,Stream,,,,,continuous,,,,gage_height,census,,,15174849,15174849,True,102.21,1245.31,ok,nearest,8,1,350002528,129.0,-9999.0,1.6308,stream,usgs_site_type,nhd_tidal,8749.637655047998,,,,,,,,,,,,,,,,,,ArtificialPath,StreamRiver,120049891,,1.0,8.0,conflict_tidal
USGS:07381535,USGS,07381535,USGS,False,no_nitrate_series,,,,,,USGS:07381535,True,singleton,,,,,,n/a,30.2407536975156,-91.5651128271812,,la,St. Martin Parish,080801010403,America/Chicago,BLIND TENSAS CUT BELOW UPPER GRAND BAYOU,,,Stream,,,,,continuous,,,,gage_height,census,,,15175265,15175265,True,102.24,4513.75,ok,nearest,8,1,350002528,105.0,-9999.0,6.2847,stream,usgs_site_type,nhd_tidal,2849.4762529414006,,,,,,,,,,,,,,,,,,ArtificialPath,StreamRiver,120049891,,1.0,8.0,conflict_tidal
USGS:07381538,USGS,07381538,USGS,False,no_nitrate_series,,,,,,USGS:07381538,True,singleton,,,,,,n/a,30.2399203534976,-91.5265016437741,,la,St. Martin Parish,080801010402,America/Chicago,UPPER GRAND RIVER AT LITTLE TENSAS BAYOU,,,Stream,,,,,continuous,,,,gage_height,census,,,15175705,15175705,True,20.59,79.47,ok,nearest,2,2,350002528,108.0,-9999.0,0.7776,stream,usgs_site_type,nhd_tidal,3711.761586014844,,,,,,,,,,,,,,,,,,ArtificialPath,StreamRiver,120049891,,1.0,2.0,conflict_tidal
USGS:073815382,USGS,073815382,USGS,False,no_nitrate_series,,,,,,USGS:073815382,True,singleton,,,,,,n/a,30.2249206422585,-91.5884463039947,,la,St. Martin Parish,080801010405,America/Chicago,BAYOU LA ROMPE AT LAKE LONG LA,,,Stream,,,,,continuous,,,,gage_height,census,,,15175273,15175273,True,29.84,4262.32,ok,nearest,1,3,350002528,110.0,-9999.0,2.3139,stream,usgs_site_type,nhd_tidal,2849.4762529414006,,,,,,,,,,,,,,,,,,ArtificialPath,StreamRiver,120049891,,1.0,1.0,conflict_tidal
USGS:0738153841,USGS,0738153841,USGS,False,no_nitrate_series,,,,,,USGS:0738153841,True,singleton,,,,,,n/a,30.0965894217979,-91.5795581521519,,la,St. Martin Parish,080801010406,America/Chicago,"Bayou Eugene 10.1 miles NE of Loreauville, LA",,,Stream,,,,,continuous,,,,gage_height,census,,,15173271,15173271,True,9.43,1620.08,ok,nearest,2,3,350002528,107.0,-9999.0,1.1349,stream,usgs_site_type,nhd_tidal,2244.9952282899976,,,,,,,,,,,,,,,,,,StreamRiver, ,0,,1.0,2.0,conflict_tidal
USGS:0738153842,USGS,0738153842,USGS,False,no_nitrate_series,,,,,,USGS:0738153842,True,singleton,,,,,,n/a,30.0818672994472,-91.5312245931819,,la,St. Martin Parish,080801010406,America/Chicago,PIPELINE CANAL 13.7 MILES NE OF LOREAUVILLE,,,Stream,,,,,continuous,,,,gage_height,census,,,15175601,15175601,True,28.53,88.12,ok,nearest,1,3,350002528,94.0,-9999.0,10.1745,stream,usgs_site_type,nhd_tidal,775.5024657074458,,,,,,,,,,,,,,,,,,StreamRiver, ,0,,1.0,1.0,conflict_tidal
USGS:0738153843,USGS,0738153843,USGS,False,no_nitrate_series,,,,,,USGS:0738153843,True,singleton,,,,,,n/a,30.0446458151079,-91.5737250819544,,la,Iberia Parish,080801010406,America/Chicago,Si-Bon Canal 9.3 Miles NE of Loreauville,,,Stream,,,,,continuous,,,,gage_height,census,,,15175505,15173453,False,400.48,1915.9,ok,nearest,3,2,350002528,90.0,-9999.0,3.8007,stream,usgs_site_type,nhd_tidal,2410.9669272418832,,,,,,,,,,,,,,,,,,ArtificialPath,StreamRiver,120049891,,1.0,3.0,conflict_tidal
USGS:0738153844,USGS,0738153844,USGS,False,no_nitrate_series,,,,,,USGS:0738153844,True,singleton,,,,,,n/a,30.0329792623091,-91.5526138720725,,la,Iberia Parish,080801010406,America/Chicago,BAYOU GRAVENBURG 11.7 MI E OF LOREAUVILLE LA,,,Stream,,,,,continuous,,,,gage_height,census,,,15173625,15173625,True,88.85,146.13,ok,nearest,2,3,350002528,96.0,-9999.0,0.3006,stream,usgs_site_type,nhd_tidal,2410.9669272418832,,,,,,,,,,,,,,,,,,StreamRiver, ,0,,1.0,2.0,conflict_tidal
USGS:073815386,USGS,073815386,USGS,False,no_nitrate_series,,,,,,USGS:073815386,True,singleton,,,,,,n/a,30.1251998712671,-91.4995575518482,,la,St. Martin Parish,080801010404,America/Chicago,BAYOU CHENE BELOW BAYOU CHENE LA,,,Stream,,,,,continuous,,,,gage_height,census,,,15175425,15175425,True,21.34,400.87,ok,nearest,3,2,350002528,95.0,-9999.0,0.2133,stream,usgs_site_type,nhd_tidal,4334.6551773742685,,,,,,,,,,,,,,,,,,ArtificialPath,StreamRiver,120049891,,1.0,3.0,conflict_tidal
USGS:073815395,USGS,073815395,USGS,False,no_nitrate_series,,,,,,USGS:073815395,True,singleton,,,,,,n/a,30.0765895890318,-91.5259468044429,,la,Iberia Parish,08080102,America/Chicago,ARM OF GRAND LAKE NR CROOK CHENE COVE LA,,,Stream,,,,,continuous,,,,gage_height,census,,,15175603,15175603,True,12.9,298.07,ok,nearest,1,3,350002528,93.0,-9999.0,1.4184,stream,usgs_site_type,nhd_tidal,775.5024657074458,,,,,,,,,,,,,,,,,,StreamRiver, ,0,,1.0,1.0,conflict_tidal
USGS:073815397,USGS,073815397,USGS,False,no_nitrate_series,,,,,,USGS:073815397,True,singleton,,,,,,n/a,30.0610341084978,-91.4856684697794,,la,St. Martin Parish,080801010406,America/Chicago,CHICOT PASS AT WEST CHICOT PASS,,,Stream,,,,,continuous,,,,gage_height,census,,,15175481,15173409,False,306.23,6560.91,ok,nearest,8,1,350002528,86.0,-9999.0,4.7385,stream,usgs_site_type,nhd_tidal,2048.4115161640425,,,,,,,,,,,,,,,,,,ArtificialPath,StreamRiver,120049891,,1.0,8.0,conflict_tidal
USGS:073815450,USGS,073815450,USGS,False,no_nitrate_series,,,,,,USGS:073815450,True,singleton,,,,,,n/a,29.8927040554871,-91.4456662389444,NAVD88,la,St. Mary Parish,080801010408,America/Chicago,"Chicot Pass near Myette Point near Charenton, LA",,0.0,Stream,,,0,,continuous,,00065_dv,,gage_height,census,,,15181957,15181957,True,43.93,4962.62,ok,nearest,8,1,350002528,66.0,-9999.0,8.9001,stream,usgs_site_type,nhd_tidal,7264.783670534837,,,gage_height,0,0,5182,0,0,0,0,0,0,0,0,0,0,0,ArtificialPath,StreamRiver,120049891,,1.0,8.0,conflict_tidal
USGS:07381550,USGS,07381550,USGS,False,no_nitrate_series,,,,,,USGS:07381550,True,singleton,,,,,,n/a,30.0752010114737,-91.6203918837554,,la,St. Martin Parish,080801010405,America/Chicago,W ATCHAFALAYA BASIN PRO LEVEE PIT(FWS)L GRAND BY,,,Stream,,,,,continuous,,,,gage_height,census,,,15193445,15193445,True,62.72,694.16,ok,nearest,2,3,350002528,98.0,-9999.0,2.2131,stream,usgs_site_type,nhd_tidal,294.54764833454016,,,,,,,,,,,,,,,,,,ArtificialPath,StreamRiver,120049891,,1.0,2.0,conflict_tidal
USGS:073815640,USGS,073815640,USGS,False,no_nitrate_series,,,,,,USGS:073815640,True,singleton,,,,,,n/a,29.9857578908656,-91.5487250036592,,la,Iberia Parish,08080102,America/Chicago,WABPL(FWS)AT LITTLE LAKE LONG LA,,,Stream,,,,,continuous,,,,gage_height,census,,,15178043,15178043,True,104.29,1404.01,ok,nearest,1,3,350002528,88.0,-9999.0,2.4138,stream,usgs_site_type,nhd_tidal,2289.4691925184734,,,,,,,,,,,,,,,,,,StreamRiver, ,0,,1.0,1.0,conflict_tidal
USGS:073815660,USGS,073815660,USGS,False,no_nitrate_series,,,,,,USGS:073815660,True,singleton,,,,,,n/a,29.9338146755862,-91.5517801894232,,la,St. Mary Parish,080801020803,America/Chicago,W ATCHAFALAYA BASIN PRO LEVE PIT(LS)AT BIG PASS,,,Stream,,,,,continuous,,,,gage_height,census,,,15155060,15155060,True,10.28,172.55,ok,nearest,5,3,350002528,106.0,-9999.0,0.5553,stream,usgs_site_type,nhd_tidal,4107.481364278775,,,,,,,,,,,,,,,,,,ArtificialPath,CanalDitch,22370821,,1.0,5.0,conflict_tidal
USGS:073815668,USGS,073815668,USGS,False,no_nitrate_series,,,,,,USGS:073815668,True,singleton,,,,,,n/a,29.9810355803474,-91.5001133656516,,la,Iberia Parish,080801010407,America/Chicago,MILEPOINT BAYOU 8.0 MILES N OF CHARENTON,,,Stream,,,,,continuous,,,,gage_height,census,,,15177917,15181929,False,31.39,0.0,ok,nearest,1,4,350002528,82.0,-9999.0,0.0954,stream,usgs_site_type,nhd_tidal,719.6642938547488,,,,,,,,,,,,,,,,,,StreamRiver, ,0,,1.0,1.0,conflict_tidal
USGS:07381567,USGS,07381567,USGS,False,no_nitrate_series,,,,,,USGS:07381567,True,singleton,,,,,,n/a,29.9835356238315,-91.5251136411625,NAVD88,la,St. Martin Parish,080801010406,America/Chicago,"Buffalo Cove at Round Island near Charenton, LA",,0.0,Stream,,,0,,continuous,,00065_dv,,gage_height,census,,,15177909,15181893,False,3.05,66.07,ok,nearest,1,3,350002528,83.0,-9999.0,0.0594,stream,usgs_site_type,nhd_tidal,2289.4691925184734,,,gage_height,0,0,3576,0,0,0,0,0,0,0,0,0,0,0,StreamRiver, ,0,,1.0,1.0,conflict_tidal
USGS:073815720,USGS,073815720,USGS,False,no_nitrate_series,,,,,,USGS:073815720,True,singleton,,,,,,n/a,29.9057596723371,-91.5240017753644,,la,St. Mary Parish,08080102,America/Chicago,GRAND LAKE AT CHARENTON LA,,,Stream,,,,,continuous,,,,gage_height,census,,,15181949,15181949,True,171.81,3035.46,ok,nearest,2,3,350002528,74.0,-9999.0,4.3461,stream,usgs_site_type,nhd_tidal,526.8688345325544,,,,,,,,,,,,,,,,,,ArtificialPath, ,15181865,3.35018268504e-06,1.0,2.0,conflict_tidal
USGS:073815730,USGS,073815730,USGS,False,no_nitrate_series,,,,,,USGS:073815730,True,singleton,,,,,,n/a,29.9024264028535,-91.5201127948673,,la,St. Mary Parish,08080102,America/Chicago,GRAND LAKE AT CHARENTON FLOODGATE,,,Stream,,,,,continuous,,,,gage_height,census,,,15181955,15181955,True,49.57,44.53,ok,nearest,1,4,350002528,74.0,-9999.0,0.162,stream,usgs_site_type,nhd_tidal,526.8688345325544,,,,,,,,,,,,,,,,,,ArtificialPath, ,15181865,4.29019389676e-09,1.0,1.0,conflict_tidal
USGS:07381588,USGS,07381588,USGS,False,no_nitrate_series,,,,,,USGS:07381588,True,singleton,,,,,,n/a,29.92238888888889,-91.23936111111111,NAVD88,la,St. Martin Parish,080801010308,America/Chicago,"Intracoastal Waterway southwest of Pierre Part, LA",,0.554736,Stream,,,0,,continuous,,00060_dv+00065_dv,,discharge+gage_height,census,,,15181953,15181953,True,51.6,576.83,ok,nearest,4,2,350002528,58.0,-9999.0,2.7099,stream,usgs_site_type,nhd_tidal,2674.778915008189,,,discharge+gage_height,0,619,1344,0,0,0,0,0,0,0,0,0,0,0,ArtificialPath,StreamRiver,120049891,,1.0,4.0,conflict_tidal
USGS:07381590,USGS,07381590,USGS,False,no_nitrate_series,,,,,,USGS:07381590,True,singleton,,,,,,n/a,29.6979864537844,-91.3728854727044,NAVD88,la,St. Mary Parish,080801010408,America/Chicago,"Wax Lake Outlet at Calumet, LA",,-0.5455920000000001,Stream,,,0,,continuous,,00060_dv+00065_dv,,discharge+gage_height,census,,,15182085,15182085,True,97.14,276.41,ok,nearest,6,2,350008942,42.0,-9999.0,2.0232,stream,usgs_site_type,nhd_tidal,637.0723077169254,,,discharge+gage_height,0,2807,2810,0,0,0,0,0,0,0,0,0,0,0,ArtificialPath,CanalDitch,120048757,,1.0,6.0,conflict_tidal
USGS:073815925,USGS,073815925,USGS,False,no_nitrate_series,,,,,,USGS:073815925,True,singleton,,,,,,n/a,29.54,-91.4355555555556,,la,St. Mary Parish,080801010507,America/Chicago,"Crewboat Channel at Wax Lake Outlet nr Calumet, LA",,,Stream,,,0,,continuous,,00065_dv,,gage_height,census,,,15182533,,,147.01,1012.77,ok,nearest,-9,-9,150000002,0.0,0.0,3.3885,stream,usgs_site_type,nhd_tidal,4848.319043753878,,,gage_height,0,0,3191,0,0,0,0,0,0,0,0,0,0,0,Coastline, ,0,,0.0,-9.0,conflict_tidal
USGS:073815945,USGS,073815945,USGS,False,no_nitrate_series,,,,,,USGS:073815945,True,singleton,,,,,,n/a,29.702411666213,-91.36868577530174,NAVD88,la,St. Mary Parish,08080102,America/Chicago,"Bayou Teche E of Calumet Flood Gate at Calumet, LA",,-0.5516880000000001,Stream,,,0,,continuous,,00065_dv,,gage_height,census,,,25832204,25832204,True,313.3,257.66,ok,mainstem,6,2,350002528,55.0,-9999.0,0.2925,stream,usgs_site_type,nhd_tidal,447.17602497179496,,,gage_height,0,0,6298,0,0,0,0,0,0,0,0,0,0,0,StreamRiver, ,0,,1.0,6.0,conflict_tidal
USGS:073815960,USGS,073815960,USGS,False,no_nitrate_series,,,,,,USGS:073815960,True,singleton,,,,,,n/a,30.1301984506807,-91.3226084242108,,la,Iberville Parish,080801010304,America/Chicago,E.A.B.P.L.B.P. (FWS) AT BAYOU SORREL LOCK,,,Stream,,,,,continuous,,,,gage_height,census,,,18719528,18719528,True,13.94,37.97,ok,mainstem,5,4,350002528,90.0,-9999.0,0.1107,stream,usgs_site_type,nhd_tidal,894.8124272832248,,,,,,,,,,,,,,,,,,ArtificialPath,StreamRiver,120049891,,1.0,5.0,conflict_tidal
USGS:073815963,USGS,073815963,USGS,False,no_nitrate_series,,,,,,USGS:073815963,True,singleton,,,,,,n/a,30.1065555555556,-91.3854166666667,,la,Iberia Parish,080801010303,America/Chicago,"Murphy Lake near Bayou Sorrel, LA",,,"Lake, Reservoir, Impoundment",,,0,,continuous,,00010_dv+00065_dv,,gage_height+water_temp,census,,,15175597,15175597,True,69.6,169.76,ok,nearest,2,2,350002528,96.0,-9999.0,7.8543,lake,usgs_site_type,nhd_tidal,5907.585766449004,,,gage_height,0,0,6021,0,0,0,0,0,0,0,0,0,0,0,ArtificialPath, ,15170549,0.473101996552,1.0,2.0,conflict_tidal
USGS:073815970,USGS,073815970,USGS,False,no_nitrate_series,,,,,,USGS:073815970,True,singleton,,,,,,n/a,30.0768660855083,-91.3092743026674,,la,Iberville Parish,080801010304,America/Chicago,BIG BAYOU PIGEON(FWS) NR PIGEON LA,,,Stream,,,,,continuous,,,,gage_height,census,,,15175707,15175707,True,37.68,132.27,ok,nearest,3,5,350002528,91.0,-9999.0,0.4185,stream,usgs_site_type,nhd_tidal,6057.294958407208,,,,,,,,,,,,,,,,,,ArtificialPath,StreamRiver,120049891,,1.0,3.0,conflict_tidal
USGS:073815973,USGS,073815973,USGS,False,no_nitrate_series,,,,,,USGS:073815973,True,singleton,,,,,,n/a,30.0556944444444,-91.3673333333333,,la,Iberville Parish,080801010304,America/Chicago,"CROSS BAYOU @ BAYOU PIGEON NEAR BAYOU PIGEON, LA",,,Stream,,,,,continuous,,,,gage_height,census,,,15175613,15175613,True,14.62,1210.36,ok,nearest,3,2,350002528,89.0,-9999.0,1.1934,stream,usgs_site_type,nhd_tidal,5907.585766449004,,,,,,,,,,,,,,,,,,StreamRiver, ,0,,1.0,3.0,conflict_tidal
USGS:073815980,USGS,073815980,USGS,False,no_nitrate_series,,,,,,USGS:073815980,True,singleton,,,,,,n/a,29.9071472556254,-91.2178816211275,,la,Assumption Parish,08090302,America/Chicago,INTRACOASTAL WATERWAY NR PIERRE PASS,,,Stream,,,,,continuous,,,,gage_height,census,,,15181953,15181953,True,91.54,3368.69,ok,nearest,4,2,350002528,58.0,-9999.0,2.7099,stream,usgs_site_type,nhd_tidal,294.1686336862493,,,,,,,,,,,,,,,,,,ArtificialPath,StreamRiver,120049891,,1.0,4.0,conflict_tidal
USGS:073815990,USGS,073815990,USGS,False,no_nitrate_series,,,,,,USGS:073815990,True,singleton,,,,,,n/a,29.7965942426343,-91.1751023882719,,la,St. Martin Parish,080801010308,America/Chicago,LITTLE BY SORREL AT JUNCTION WITH GIWW,,,Stream,,,,,continuous,,,,gage_height,census,,,15182047,15182047,True,182.04,422.1,ok,nearest,4,2,350002528,42.0,-9999.0,13.7952,stream,usgs_site_type,nhd_tidal,1977.9133979234,,,,,,,,,,,,,,,,,,ArtificialPath,StreamRiver,120049891,,1.0,4.0,conflict_tidal
USGS:073816202,USGS,073816202,USGS,False,no_nitrate_series,,,,,,USGS:073816202,True,singleton,,,,,,n/a,29.6494444444444,-91.3041666666667,NAVD88,la,St. Mary Parish,080801010502,America/Chicago,"GIWW at Mile 103 S of Morgan City, LA",,-0.298704,Stream,,,0,,continuous,,00065_dv,,gage_height,census,,,15182159,25832210,False,765.11,69.3,far,nearest,1,2,350002528,26.0,-9999.0,3.0834,stream,usgs_site_type,nhd_tidal,1971.5830364350882,,,gage_height,0,0,3187,0,0,0,0,0,0,0,0,0,0,0,ArtificialPath,CanalDitch,120048757,,1.0,1.0,conflict_tidal
USGS:07381650,USGS,07381650,USGS,False,no_nitrate_series,,,,,,USGS:07381650,True,singleton,,,,,,n/a,29.5518799091886,-91.2448274525537,NGVD29,la,St. Mary Parish,080801010506,America/Chicago,LOWER ATCHAFALAYA RIV BL SWEET BAY LAKE,,0.0,Stream,,,,,continuous,,,,gage_height,census,,,15182439,15182439,True,346.95,693.41,ok,nearest,8,1,350002528,9.0,-9999.0,1.7397,stream,usgs_site_type,nhd_tidal,1474.1498364927018,,,,,,,,,,,,,,,,,,ArtificialPath,StreamRiver,120049981,,1.0,8.0,conflict_tidal
USGS:073816501,USGS,073816501,USGS,False,no_nitrate_series,,,,,,USGS:073816501,True,singleton,,,,,,n/a,29.5386111111111,-91.2458333333333,NAVD88,la,St. Mary Parish,08090302,America/Chicago,"Avoca Island Cutoff south of Morgan City, LA",,-0.618744,Stream,,,0,,continuous,,00065_dv,,gage_height,census,,,11065507,11065507,True,104.24,5582.04,ok,nearest,5,2,350002528,10.0,-9999.0,18.702,stream,usgs_site_type,nhd_tidal,1474.1498364927018,,,gage_height,0,0,3387,0,0,0,0,0,0,0,0,0,0,0,ArtificialPath,StreamRiver,120049980,,1.0,5.0,conflict_tidal
USGS:073816503,USGS,073816503,USGS,False,no_nitrate_series,,,,,,USGS:073816503,True,singleton,,,,,,n/a,29.5855555555556,-91.1552777777778,NAVD88,la,St. Mary Parish,080903020202,America/Chicago,"Bayou Penchant S of Morgan City, LA",,-0.45720000000000005,Stream,,,0,,continuous,,00060_dv+00065_dv,,discharge+gage_height,census,,,11064339,11064351,False,796.16,0.0,far,nearest,1,4,350002528,31.0,-9999.0,1.8801,stream,usgs_site_type,nhd_tidal,9445.232978397675,,,discharge,0,1808,0,0,0,0,0,0,0,0,0,0,0,0,StreamRiver, ,0,,1.0,1.0,conflict_tidal
USGS:073816505,USGS,073816505,USGS,False,no_nitrate_series,,,,,,USGS:073816505,True,singleton,,,,,,n/a,29.6269444444444,-91.0452777777778,NAVD88,la,Terrebonne Parish,080903020302,America/Chicago,"GIWW near Bay Wallace E of Morgan City, LA",,0.0,Stream,,,,,continuous,,,,discharge+gage_height,census,,,11064159,11064159,True,320.29,256.98,ok,nearest,1,4,350002528,37.0,-9999.0,0.7776,stream,usgs_site_type,nhd_tidal,6988.044517983726,,,,,,,,,,,,,,,,,,StreamRiver, ,0,,1.0,1.0,conflict_tidal
USGS:07381655,USGS,07381655,USGS,False,no_nitrate_series,,,,,,USGS:07381655,True,singleton,,,,,,n/a,29.6152117997405,-90.9117619222404,,la,Terrebonne Parish,080903020302,America/Chicago,"ELLIOT JONES CANAL AT GREENWOOD, LA.",,,Stream,,,,,continuous,,,,gage_height,census,,,11059051,11061079,False,930.12,1171.23,far,nearest,2,3,350002528,58.0,-9999.0,73.6866,stream,usgs_site_type,nhd_tidal,952.2688546089199,,,,,,,,,,,,,,,,,,StreamRiver, ,0,,1.0,2.0,conflict_tidal
USGS:07381660,USGS,07381660,USGS,False,no_nitrate_series,,,,,,USGS:07381660,True,singleton,,,,,,n/a,29.6424325495425,-91.3228844936931,,la,St. Mary Parish,080801010502,America/Chicago,WAX LAKE EAST DRAINAGE AREA AT CONT STR CALUMET,,,Stream,,,,,continuous,,,,gage_height,census,,,15182205,25832210,False,969.49,1606.72,far,nearest,1,2,350008942,18.0,-9999.0,3.1284,stream,usgs_site_type,nhd_tidal,1971.5830364350882,,,,,,,,,,,,,,,,,,ArtificialPath,StreamRiver,120049981,,1.0,1.0,conflict_tidal
USGS:07381670,USGS,07381670,USGS,False,no_nitrate_series,,,,,,USGS:07381670,True,singleton,,,,,,n/a,29.680833333333336,-91.47055555555556,NAVD88,la,St. Mary Parish,08080103,America/Chicago,"GIWW at Bayou Sale Ridge near Franklin, LA",,-0.368808,Stream,,,0,,continuous,,00060_dv+00065_dv,,discharge+gage_height,census,,,938080239,938080239,True,36.24,2356.89,ok,nearest,3,2,350009553,19.0,-9999.0,2.5902,stream,usgs_site_type,nhd_tidal,9638.650402076024,,,discharge+gage_height,0,2474,2601,0,0,0,0,0,0,0,0,0,0,0,ArtificialPath,CanalDitch,120048757,,1.0,3.0,conflict_tidal
USGS:07381695,USGS,07381695,USGS,False,no_nitrate_series,,,,,,USGS:07381695,True,singleton,,,,,,n/a,29.7710415756942,-91.8001182713365,,la,St. Mary Parish,080801030406,America/Chicago,"GIWW AT CYPREMORT, LA",,,Stream,,,,,continuous,,,,discharge+gage_height,census,,,21901793,21901793,True,202.25,484.86,ok,nearest,1,1,350054659,5.0,-9999.0,3.0033,stream,usgs_site_type,nhd_tidal,10064.370296034507,,,,,,,,,,,,,,,,,,StreamRiver, ,0,,1.0,1.0,conflict_tidal
USGS:07382495,USGS,07382495,USGS,False,no_nitrate_series,,,,,,USGS:07382495,True,singleton,,,,,,n/a,30.6482515940077,-92.0612296826599,NGVD29,la,St. Landry Parish,080801020605,America/Chicago,"BAYOU COURTABLEAU NEAR WASHINGTON, LA.",1815.581588,-0.237744,Stream,,,,,continuous,,,,gage_height,census,,,15148368,15148368,True,18.15,35.28,ok,mainstem,5,2,350002528,262.0,-9999.0,7.9776,stream,usgs_site_type,nhd_tidal,3375.7851534308516,,,,,,,,,,,,,,,,,,StreamRiver, ,0,,1.0,5.0,conflict_tidal
USGS:07382500,USGS,07382500,USGS,False,no_nitrate_series,,,,,,USGS:07382500,True,singleton,,,,,,n/a,30.6182517457648,-92.0556741232588,NAVD88,la,St. Landry Parish,080801020605,America/Chicago,"Bayou Courtableau at Washington, LA",1851.84142,-0.32004000000000005,Stream,,,0,,continuous,,00060_dv+00065_dv,,discharge+gage_height,census,,,15148368,15148368,True,23.4,5887.86,ok,nearest,5,2,350002528,262.0,-9999.0,7.9776,stream,usgs_site_type,nhd_tidal,854.879860102007,,,discharge+gage_height,0,6391,6462,0,0,0,0,0,0,0,0,0,0,0,StreamRiver, ,0,,1.0,5.0,conflict_tidal
USGS:07382790,USGS,07382790,USGS,False,no_nitrate_series,,,,,,USGS:07382790,True,singleton,,,,,,n/a,30.5585286787231,-91.9556722149747,,la,St. Landry Parish,08080101,America/Chicago,"BAYOU COURTABLEAU AT PORT BARRE, LA.",,,Stream,,,,,continuous,,,,gage_height,census,,,15147446,15147426,False,194.04,228.17,ok,mainstem,5,2,350002528,246.0,-9999.0,2.448,stream,usgs_site_type,nhd_tidal,224.52821800271968,,,,,,,,,,,,,,,,,,StreamRiver, ,0,,1.0,5.0,conflict_tidal
USGS:07384490,USGS,07384490,USGS,False,no_nitrate_series,,,,,,USGS:07384490,True,singleton,,,,,,n/a,30.5515827878027,-91.8648382826375,,la,St. Landry Parish,080801020606,America/Chicago,BIG D'ARBONNE(FWS)AT COURTABLEAU LA,,,Stream,,,,,continuous,,,,gage_height,census,,,938080287,938080287,True,92.27,1816.25,ok,nearest,1,4,350002528,200.0,-9999.0,2.1096,stream,usgs_site_type,nhd_tidal,53.188314951313146,,,,,,,,,,,,,,,,,,StreamRiver, ,0,,1.0,1.0,conflict_tidal
USGS:07384500,USGS,07384500,USGS,False,no_nitrate_series,,,,,,USGS:07384500,True,singleton,,,,,,n/a,30.5515827970934,-91.8653938421702,,la,St. Landry Parish,080801020606,America/Chicago,BIG D'ARBONNE BAYOU(LS) AT COURTABLEAU LA,,,Stream,,,,,continuous,,,,gage_height,census,,,938080287,938080287,True,86.0,1869.07,ok,nearest,1,4,350002528,200.0,-9999.0,2.1096,stream,usgs_site_type,nhd_tidal,53.188314951313146,,,,,,,,,,,,,,,,,,StreamRiver, ,0,,1.0,1.0,conflict_tidal
USGS:07384990,USGS,07384990,USGS,False,no_nitrate_series,,,,,,USGS:07384990,True,singleton,,,,,,n/a,30.5457497270013,-91.8745606022657,,la,St. Landry Parish,080801020607,America/Chicago,BAYOU COURTABLEAU AT COURTABLEAU LA,,,Stream,,,,,continuous,,,,gage_height,census,,,15147666,15147666,True,103.93,331.82,ok,nearest,5,3,350002528,196.0,-9999.0,1.5993,stream,usgs_site_type,nhd_tidal,960.6374950920886,,,,,,,,,,,,,,,,,,ArtificialPath,CanalDitch,19408378,,1.0,5.0,conflict_tidal
USGS:07385000,USGS,07385000,USGS,False,no_nitrate_series,,,,,,USGS:07385000,True,singleton,,,,,,n/a,30.5390830874106,-91.8681716968395,,la,St. Landry Parish,080801020607,America/Chicago,BAYOU COURTABLEAU AT WEIRS; NEAR KROTZ SPRINGS,,,Stream,,,,,continuous,,,,discharge+gage_height,census,,,15147666,15147666,True,119.85,1312.49,ok,nearest,5,3,350002528,196.0,-9999.0,1.5993,stream,usgs_site_type,nhd_tidal,960.6374950920886,,,,,,,,,,,,,,,,,,ArtificialPath,CanalDitch,19408378,,1.0,5.0,conflict_tidal
USGS:073850050,USGS,073850050,USGS,False,no_nitrate_series,,,,,,USGS:073850050,True,singleton,,,,,,n/a,30.5171389614427,-91.8598383946649,,la,St. Landry Parish,080801020607,America/Chicago,W ATCHAFALAYA BASIN PRO LEVEE B PIT COURTABLEAU,,,Stream,,,,,continuous,,,,gage_height,census,,,15147694,15147694,True,3.69,262.84,ok,nearest,5,3,350002528,192.0,-9999.0,1.2276,stream,usgs_site_type,nhd_tidal,1803.7146620999392,,,,,,,,,,,,,,,,,,ArtificialPath,CanalDitch,120048739,,1.0,5.0,conflict_tidal
USGS:073850060,USGS,073850060,USGS,False,no_nitrate_series,,,,,,USGS:073850060,True,singleton,,,,,,n/a,30.532971910569,-91.855671627717,,la,St. Landry Parish,08080102,America/Chicago,BAYOU COURTABLEAU OUTLET CH NR SW WINGWALL,,,Stream,,,,,continuous,,,,gage_height,census,,,15147674,15160224,False,167.05,0.0,ok,mainstem,5,3,350002528,196.0,-9999.0,0.0135,stream,usgs_site_type,nhd_tidal,123.44255004041587,,,,,,,,,,,,,,,,,,Connector, ,0,,1.0,5.0,conflict_tidal
USGS:073850061,USGS,073850061,USGS,False,no_nitrate_series,,,,,,USGS:073850061,True,singleton,,,,,,n/a,30.5340829985652,-91.8556716230979,,la,St. Landry Parish,08080102,America/Chicago,BAYOU COURTABLEAU OUTLET CH NR NW WINGWALL,,,Stream,,,,,continuous,,,,gage_height,census,,,15147674,15160224,False,206.18,0.0,ok,mainstem,5,3,350002528,196.0,-9999.0,0.0135,stream,usgs_site_type,nhd_tidal,123.44255004041587,,,,,,,,,,,,,,,,,,Connector, ,0,,1.0,5.0,conflict_tidal
USGS:073850080,USGS,073850080,USGS,False,no_nitrate_series,,,,,,USGS:073850080,True,singleton,,,,,,n/a,30.475195045219,-91.8390048865568,,la,St. Landry Parish,08080102,America/Chicago,BAYOU COURTABLEAU OUTLET CH AT STA 255+00(EAST),,,Stream,,,,,continuous,,,,gage_height,census,,,15174757,15170833,False,106.71,678.37,ok,nearest,2,6,350002528,168.0,-9999.0,0.4131,stream,usgs_site_type,nhd_tidal,2933.963351675528,,,,,,,,,,,,,,,,,,ArtificialPath,CanalDitch,120048738,,1.0,2.0,conflict_tidal
USGS:073851800,USGS,073851800,USGS,False,no_nitrate_series,,,,,,USGS:073851800,True,singleton,,,,,,n/a,30.280197516242,-91.6884464130886,,la,St. Martin Parish,080801010207,America/Chicago,BUTE LA ROSE BAY AT BUTE LA ROSE LA,,,Stream,,,,,continuous,,,,gage_height,census,,,15175029,15175131,False,313.46,5010.02,ok,nearest,2,2,350002528,125.0,-9999.0,2.5695,stream,usgs_site_type,nhd_tidal,222.28996645597843,,,,,,,,,,,,,,,,,,ArtificialPath,StreamRiver,120049891,,1.0,2.0,conflict_tidal
USGS:07385200,USGS,07385200,USGS,False,no_nitrate_series,,,,,,USGS:07385200,True,singleton,,,,,,n/a,30.314086182931,-91.7890033854529,,la,St. Martin Parish,080801020703,America/Chicago,WEST PRO. LEV.BORROW PIT CHAN. AT NEW HEND. LA.,,,Stream,,,,,continuous,,,,gage_height,census,,,15151008,15151008,True,3.65,256.5,ok,nearest,5,3,350002528,167.0,-9999.0,1.0881,stream,usgs_site_type,nhd_tidal,1609.5595651906942,,,,,,,,,,,,,,,,,,ArtificialPath,CanalDitch,120048739,,1.0,5.0,conflict_tidal
USGS:07385250,USGS,07385250,USGS,False,no_nitrate_series,,,,,,USGS:07385250,True,singleton,,,,,,n/a,30.2113098782165,-91.7028911529515,,la,St. Martin Parish,080801020703,America/Chicago,"CATAHOULA LAKE NEAR CATAHOULA, LA.",,,Stream,,,,,continuous,,,,gage_height,census,,,15151050,15151050,True,85.53,223.07,ok,nearest,5,3,350002528,150.0,-9999.0,0.7263,stream,usgs_site_type,nhd_tidal,2271.412442557194,,,,,,,,,,,,,,,,,,ArtificialPath,CanalDitch,22357639,,1.0,5.0,conflict_tidal
USGS:07385260,USGS,07385260,USGS,False,no_nitrate_series,,,,,,USGS:07385260,True,singleton,,,,,,n/a,30.1932546392724,-91.6917801748303,,la,St. Martin Parish,080801020703,America/Chicago,WEST PROTECTION LEV. BORROW PIT CHANNEL,,,Stream,,,,,continuous,,,,gage_height,census,,,15151160,15151158,False,46.53,0.0,ok,mainstem,5,3,350002528,148.0,-9999.0,0.0378,stream,usgs_site_type,nhd_tidal,2271.412442557194,,,,,,,,,,,,,,,,,,ArtificialPath,StreamRiver,22357685,,1.0,5.0,conflict_tidal
USGS:07385270,USGS,07385270,USGS,False,no_nitrate_series,,,,,,USGS:07385270,True,singleton,,,,,,n/a,30.0740899279523,-91.6231696879664,,la,St. Martin Parish,08080101,America/Chicago,"WABPL BORROW PIT(LS) AT LOWER GRAND BAYOU,LA.",,,Stream,,,,,continuous,,,,gage_height,census,,,15151086,15151086,True,374.41,2051.43,ok,mainstem,1,4,350002528,131.0,-9999.0,1.2006,stream,usgs_site_type,nhd_tidal,294.54764833454016,,,,,,,,,,,,,,,,,,ArtificialPath, ,167741446,0.000135283638153,1.0,1.0,conflict_tidal
USGS:07385450,USGS,07385450,USGS,False,no_nitrate_series,,,,,,USGS:07385450,True,singleton,,,,,,n/a,30.5580277777778,-91.9579444444445,NAVD88,la,St. Landry Parish,080801020607,America/Chicago,"Bayou Teche @ Port Barre, LA.",,-0.1524,Stream,,,0,,continuous,,00060_dv+00065_dv,,discharge+gage_height,census,,,15147446,15147446,True,8.03,329.66,ok,nearest,5,2,350002528,246.0,-9999.0,2.448,stream,usgs_site_type,nhd_tidal,224.52821800271968,,,discharge+gage_height,0,857,1532,0,0,0,0,0,0,0,0,0,0,0,StreamRiver, ,0,,1.0,5.0,conflict_tidal
USGS:07385470,USGS,07385470,USGS,False,no_nitrate_series,,,,,,USGS:07385470,True,singleton,,,,,,n/a,30.4468630928545,-91.9228947547977,NGVD29,la,St. Landry Parish,080801020705,America/Chicago,"BAYOU TECHE AT ROBIN, LA.",,0.0,Stream,,,,,continuous,,,,gage_height,census,,,15150836,15150836,True,107.0,1556.46,ok,nearest,5,2,350002528,222.0,-9999.0,1.8963,stream,usgs_site_type,nhd_tidal,5542.321747197631,,,,,,,,,,,,,,,,,,StreamRiver, ,0,,1.0,5.0,conflict_tidal
USGS:07385500,USGS,07385500,USGS,False,no_nitrate_series,,,,,,USGS:07385500,True,singleton,,,,,,n/a,30.3974195111786,-91.9306728199936,NAVD88,la,St. Landry Parish,080801020705,America/Chicago,"BAYOU TECHE @ ARNAUDVILLE, LA",3962.68164,-0.45720000000000005,Stream,,,0,,continuous,,00060_dv+00065_dv,,discharge+gage_height,census,,,15149802,15149708,False,95.15,0.0,ok,area,5,2,350002528,209.0,-9999.0,8.5068,stream,usgs_site_type,nhd_tidal,133.11078134016822,,,gage_height,0,0,1635,0,0,0,0,0,0,0,0,0,0,0,StreamRiver, ,0,,1.0,5.0,conflict_tidal
USGS:07385700,USGS,07385700,USGS,False,no_nitrate_series,,,,,,USGS:07385700,True,complementary,40.82,6368,0.9205,1.9233,,rule,30.0710353691076,-91.8292835996182,NAVD88,la,St. Martin Parish,080801020705,America/Chicago,"Bayou Teche at Keystone L&D nr St. Martinville, LA",,-0.6461760000000001,Stream,,,0,,continuous,,00060_dv+00065_dv,,discharge+gage_height,census,,,15150946,15150946,True,40.37,1299.11,ok,nearest,5,2,350002528,163.0,-9999.0,1.9359,stream,usgs_site_type,nhd_tidal,40.81744891019333,,,discharge+gage_height,0,6781,6678,0,0,0,0,0,0,0,0,0,0,0,StreamRiver, ,0,,1.0,5.0,conflict_tidal
USGS:07385702,USGS,07385702,USGS,False,no_nitrate_series,,,,,,USGS:07385700,False,complementary,40.82,6368,0.9205,1.9233,,rule,30.0707575945076,-91.8290058178456,NAVD88,la,St. Martin Parish,080801020804,America/Chicago,Bayou Teche below Keystone L&D nr St. Martinville,,-0.6461760000000001,Stream,,,0,,continuous,,00065_dv,,gage_height,census,,,15150946,15150946,True,28.56,1340.34,ok,nearest,5,2,350002528,163.0,-9999.0,1.9359,stream,usgs_site_type,nhd_tidal,40.81744891019333,,,gage_height,0,0,6491,0,0,0,0,0,0,0,0,0,0,0,StreamRiver, ,0,,1.0,5.0,conflict_tidal
USGS:07385765,USGS,07385765,USGS,False,no_nitrate_series,,,,,,USGS:07385765,True,singleton,,,,,,n/a,29.8793716323571,-91.5862247975604,NAVD88,la,St. Mary Parish,080801020804,America/Chicago,"Bayou Teche at Adeline Bridge near Jeanerette, LA",,0.0,Stream,,,0,,continuous,,00060_dv+00065_dv,,discharge+gage_height,census,,,15153858,15153858,True,26.07,4400.77,ok,nearest,5,2,350002528,106.0,-9999.0,3.3966,stream,usgs_site_type,nhd_tidal,6006.929960553063,,,discharge+gage_height,0,2400,2424,0,0,0,0,0,0,0,0,0,0,0,StreamRiver, ,0,,1.0,5.0,conflict_tidal
USGS:07385780,USGS,07385780,USGS,False,no_nitrate_series,,,,,,USGS:07385780,True,singleton,,,,,,n/a,29.891871116573,-91.5256683360153,,la,St. Mary Parish,080801020802,America/Chicago,"Charenton Drainage Canal at Charenton, LA",,,Stream,,,,,continuous,,,,gage_height,census,,,15155074,15154848,False,153.7,4868.93,ok,nearest,5,3,350002528,101.0,-9999.0,1.6911,stream,usgs_site_type,nhd_tidal,1287.947727096985,,,,,,,,,,,,,,,,,,ArtificialPath,CanalDitch,22370821,,1.0,5.0,conflict_tidal
USGS:07385790,USGS,07385790,USGS,False,no_nitrate_series,,,,,,USGS:07385790,True,singleton,,,,,,n/a,29.8230555555556,-91.5416666666667,NAVD88,la,St. Mary Parish,08080102,America/Chicago,"Charenton Drainage Canal at Baldwin, LA",,-0.24384000000000003,Stream,,,0,,continuous,,00060_dv+00065_dv,,discharge+gage_height,census,,,25386875,25386875,True,40.26,772.31,ok,nearest,6,1,350010260,0.0,-9999.0,72.4806,stream,usgs_site_type,nhd_tidal,4416.2208650672055,,,discharge+gage_height,0,2632,2726,0,0,0,0,0,0,0,0,0,0,0,ArtificialPath,CanalDitch,120048757,,1.0,6.0,conflict_tidal
USGS:07385795,USGS,07385795,USGS,False,no_nitrate_series,,,,,,USGS:07385795,True,singleton,,,,,,n/a,29.7552079260573,-91.6087246986047,,la,St. Mary Parish,08080102,America/Chicago,CHARENTON DRAINAGE CANAL AT MUD LAKE SW BALDWIN,,,Stream,,,,,continuous,,,,gage_height,census,,,15155226,15155226,True,3.79,475.93,ok,nearest,-9,-9,150000002,0.0,0.0,0.1827,stream,usgs_site_type,nhd_tidal,9053.924791077901,,,,,,,,,,,,,,,,,,Coastline, ,0,,0.0,-9.0,conflict_tidal
USGS:07385800,USGS,07385800,USGS,False,no_nitrate_series,,,,,,USGS:07385800,True,singleton,,,,,,n/a,29.7918733793011,-91.4990001105836,NGVD29,la,St. Mary Parish,080801020904,America/Chicago,"BAYOU TECHE NR FRANKLIN, LA",,0.0,Stream,,,,,continuous,,,,discharge+gage_height,census,,,25386919,25386919,True,4.15,19167.71,ok,nearest,6,2,350002528,56.0,-9999.0,109.5741,stream,usgs_site_type,nhd_tidal,2327.8151188612796,,,,,,,,,,,,,,,,,,ArtificialPath,StreamRiver,22370845,,1.0,6.0,conflict_tidal
USGS:07385820,USGS,07385820,USGS,False,no_nitrate_series,,,,,,USGS:07385820,True,singleton,,,,,,n/a,29.7040973598583,-91.3728854358587,NAVD88,la,St. Mary Parish,08080102,America/Chicago,"Bayou Teche W of Calumet Flood Gate at Calumet, LA",,-0.48768000000000006,Stream,,,0,,continuous,,00065_dv,,gage_height,census,,,25832214,25832214,True,136.5,4515.54,ok,nearest,2,3,350002528,56.0,-9999.0,9.1998,stream,usgs_site_type,nhd_tidal,447.17602497179496,,,gage_height,0,0,6153,0,0,0,0,0,0,0,0,0,0,0,ArtificialPath,CanalDitch,120048757,,1.0,2.0,conflict_tidal
USGS:07385835,USGS,07385835,USGS,False,no_nitrate_series,,,,,,USGS:07385835,True,singleton,,,,,,n/a,29.5968793065441,-91.5431681130533,,la,St. Mary Parish,080801030800,America/Chicago,"(COE) East Cote Blanche Bay at Lukes Landing, LA",,,Stream,,,,,continuous,,,,gage_height,census,,,15155200,,,68.59,91.28,ok,nearest,-9,-9,150000002,0.0,0.0,0.2511,stream,usgs_site_type,nhd_tidal,11664.63793436108,,,,,,,,,,,,,,,,,,Coastline, ,0,,0.0,-9.0,conflict_tidal
USGS:07385950,USGS,07385950,USGS,False,no_nitrate_series,,,,,,USGS:07385950,True,singleton,,,,,,n/a,29.950760890091,-91.9828993173176,,la,Iberia Parish,08080102,America/Chicago,"DELCAMBRE CANAL NEAR DELCAMBRE, LA.",,,Stream,,,,,continuous,,,,gage_height,census,,,21900597,21900597,True,5.75,552.21,ok,nearest,2,2,350028066,22.0,-9999.0,5.22,stream,usgs_site_type,nhd_tidal,215.7487989789818,,,,,,,,,,,,,,,,,,CanalDitch, ,0,,1.0,2.0,conflict_tidal
USGS:07385955,USGS,07385955,USGS,False,no_nitrate_series,,,,,,USGS:07385955,True,singleton,,,,,,n/a,29.9488164862445,-91.9828993294586,,la,Iberia Parish,080801030204,America/Chicago,DELCAMBRE CANAL AT DELCAMBRE LA,,,Stream,,,,,continuous,,,,gage_height,census,,,21900597,21900597,True,13.9,768.77,ok,nearest,2,2,350028066,22.0,-9999.0,5.22,stream,usgs_site_type,nhd_tidal,215.7487989789818,,,,,,,,,,,,,,,,,,CanalDitch, ,0,,1.0,2.0,conflict_tidal
USGS:07386000,USGS,07386000,USGS,False,no_nitrate_series,,,,,,USGS:07386000,True,singleton,,,,,,n/a,30.3765875834196,-92.0431755580185,,la,St. Landry Parish,080801030103,America/Chicago,"BYU CARENCRO NR SUNSET, LA",96.0885548,,Stream,,,,,continuous,,,,discharge+gage_height,census,,,21898521,21898521,True,30.06,1014.74,ok,nearest,2,3,350010478,116.0,-9999.0,4.9914,stream,usgs_site_type,nhd_tidal,5410.337213740758,,,,,,,,,,,,,,,,,,StreamRiver, ,0,,1.0,2.0,conflict_tidal
USGS:07386190,USGS,07386190,USGS,False,no_nitrate_series,,,,,,USGS:07386190,True,singleton,,,,,,n/a,30.396694444444442,-91.93177777777778,NAVD88,la,St. Martin Parish,080801030103,America/Chicago,"Bayou Fusilier Abv Weir at Arnaudville, La",,1.8775680000000001,Stream,,,0,,continuous,,00060_dv+00065_dv,,discharge+gage_height,census,,,21897169,21897169,True,11.8,4291.0,ok,nearest,2,3,350002528,218.0,-9999.0,1.9494,stream,usgs_site_type,nhd_tidal,133.11078134016822,,,discharge+gage_height,0,425,1095,0,0,0,0,0,0,0,0,0,0,0,StreamRiver, ,0,,1.0,2.0,conflict_tidal
USGS:07386200,USGS,07386200,USGS,False,no_nitrate_series,,,,,,USGS:07386200,True,singleton,,,,,,n/a,30.3988085229611,-91.9448397064087,NGVD29,la,St. Landry Parish,080801030103,America/Chicago,"Bayou Fusilier at weir near Arnaudville, LA",,0.0,Stream,,,,,continuous,,,,discharge+gage_height,census,,,21897169,21897169,True,24.18,2779.1,ok,nearest,2,3,350002528,218.0,-9999.0,1.9494,stream,usgs_site_type,nhd_tidal,81.52921032933068,,,,,,,,,,,,,,,,,,StreamRiver, ,0,,1.0,2.0,conflict_tidal
USGS:07386201,USGS,07386201,USGS,False,no_nitrate_series,,,,,,USGS:07386201,True,singleton,,,,,,n/a,30.3993640755375,-91.9453952680868,NGVD29,la,St. Landry Parish,080801030103,America/Chicago,"BAYOU FUSILIER BL WEIR, AT ARNAUDVILLE",,0.0,Stream,,,,,continuous,,,,gage_height,census,,,21897169,21897169,True,51.65,2707.53,ok,nearest,2,3,350002528,218.0,-9999.0,1.9494,stream,usgs_site_type,nhd_tidal,81.52921032933068,,,,,,,,,,,,,,,,,,StreamRiver, ,0,,1.0,2.0,conflict_tidal
USGS:07386600,USGS,07386600,USGS,False,no_nitrate_series,,,,,,USGS:07386600,True,singleton,,,,,,n/a,30.368253865623,-91.9876184025672,NAVD88,la,Lafayette Parish,080801030104,America/Chicago,"Vermilion River (B. Vermilion) near Carencro, LA",,0.0,Stream,,,0,,continuous,,00065_dv,,gage_height,census,,,21897999,21897999,True,88.9,68.29,ok,nearest,3,2,350010478,108.0,-9999.0,2.0358,stream,usgs_site_type,nhd_tidal,2113.050638084543,,,gage_height,0,0,6572,0,0,0,0,0,0,0,0,0,0,0,StreamRiver, ,0,,1.0,3.0,conflict_tidal
USGS:07386650,USGS,07386650,USGS,False,no_nitrate_series,,,,,,USGS:07386650,True,singleton,,,,,,n/a,30.350198515482,-91.9806739653039,,la,Lafayette Parish,080801030105,America/Chicago,"BAYOU VERMILION @ TONTONS BRIDGE, LA.",,,Stream,,,,,continuous,,,,gage_height,census,,,938080245,938080245,True,13.89,1189.41,ok,nearest,3,2,350010478,104.0,-9999.0,2.2482,stream,usgs_site_type,nhd_tidal,2113.050638084543,,,,,,,,,,,,,,,,,,StreamRiver, ,0,,1.0,3.0,conflict_tidal
USGS:07386655,USGS,07386655,USGS,False,no_nitrate_series,,,,,,USGS:07386655,True,singleton,,,,,,n/a,30.271916666666666,-91.98405555555556,NAVD88,la,Lafayette Parish,080801030105,America/Chicago,"Vermillion Rvr N. of I-10 at Lafayette, La",,-0.7315200000000001,Stream,,,0,,continuous,,00060_dv+00065_dv,,discharge+gage_height,census,,,21897317,21897317,True,10.78,533.83,ok,nearest,4,2,350010478,94.0,-9999.0,1.0971,stream,usgs_site_type,nhd_tidal,3986.995481815794,,,discharge+gage_height,0,973,1634,0,0,0,0,0,0,0,0,0,0,0,StreamRiver, ,0,,1.0,4.0,conflict_tidal
USGS:07386660,USGS,07386660,USGS,False,no_nitrate_series,,,,,,USGS:07386660,True,singleton,,,,,,n/a,30.2404778357755,-91.964007674916,,la,Lafayette Parish,08080102,America/Chicago,"VERMILION RIVER @ LONG BRIDGE, LA.",,,Stream,,,,,continuous,,,,gage_height,census,,,21897327,21897327,True,25.46,1001.06,ok,nearest,4,2,350010478,90.0,-9999.0,0.6912,stream,usgs_site_type,nhd_tidal,2468.460768740419,,,,,,,,,,,,,,,,,,StreamRiver, ,0,,1.0,4.0,conflict_tidal
USGS:07386700,USGS,07386700,USGS,False,no_nitrate_series,,,,,,USGS:07386700,True,singleton,,,,,,n/a,30.2432548989148,-91.8848389129092,NAVD88,la,St. Martin Parish,08080103,America/Chicago,"Ruth Canal near Ruth, LA",,-0.32004000000000005,Stream,,,0,,continuous,,00060_dv+00065_dv,,discharge+gage_height,census,,,21898017,21898017,True,19.24,460.65,ok,nearest,5,4,350010478,92.0,-9999.0,0.3321,stream,usgs_site_type,nhd_tidal,30.841456852552973,,,gage_height,0,0,1564,0,0,0,0,0,0,0,0,0,0,0,StreamRiver, ,0,,1.0,5.0,conflict_tidal
USGS:07386705,USGS,07386705,USGS,False,no_nitrate_series,,,,,,USGS:07386705,True,singleton,,,,,,n/a,30.2429771260991,-91.8848389154715,NGVD29,la,St. Martin Parish,08080103,America/Chicago,RUTH CANAL AT RUTH LA (WEST),,0.0,Stream,,,,,continuous,,,,gage_height,census,,,21898017,21898017,True,5.59,478.94,ok,nearest,5,4,350010478,92.0,-9999.0,0.3321,stream,usgs_site_type,nhd_tidal,30.841456852552973,,,,,,,,,,,,,,,,,,StreamRiver, ,0,,1.0,5.0,conflict_tidal
USGS:07386800,USGS,07386800,USGS,False,no_nitrate_series,,,,,,USGS:07386800,True,singleton,,,,,,n/a,30.2265890128794,-91.9431739159083,,la,St. Martin Parish,08080102,America/Chicago,"VERMILION RIVER @ RUTH CANAL, NEAR LONG BRIDGE",,,Stream,,,,,continuous,,,,gage_height,census,,,21897359,21898021,False,29.68,0.0,ok,mainstem,4,2,350010478,84.0,-9999.0,3.3633,stream,usgs_site_type,nhd_tidal,1466.8243431798376,,,,,,,,,,,,,,,,,,StreamRiver, ,0,,1.0,4.0,conflict_tidal
USGS:07386850,USGS,07386850,USGS,False,no_nitrate_series,,,,,,USGS:07386850,True,singleton,,,,,,n/a,30.2193670209453,-91.9559520865802,NAVD88,la,St. Martin Parish,080801030107,America/Chicago,"Vermilion River near Lafayette, LA",,0.0,Stream,,,0,,continuous,,00065_dv,,gage_height,census,,,21897359,21897359,True,37.69,1876.39,ok,nearest,4,2,350010478,84.0,-9999.0,3.3633,stream,usgs_site_type,nhd_tidal,1466.8243431798376,,,gage_height,0,0,6076,0,0,0,0,0,0,0,0,0,0,0,StreamRiver, ,0,,1.0,4.0,conflict_tidal
USGS:07386880,USGS,07386880,USGS,False,no_nitrate_series,,,,,,USGS:07386880,True,singleton,,,,,,n/a,30.2174229128911,-91.9928975036743,NAVD88,la,Lafayette Parish,080801030109,America/Chicago,"Vermilion River at Surrey St. at Lafayette, LA",,-0.8351520000000001,Stream,,,0,,continuous,,00010+00060+00065+00300+63680,,discharge+diss_oxy+gage_height+turbidity_fnu+water_temp,census,,,21897353,21897353,True,31.66,1696.99,ok,nearest,5,2,350010478,79.0,-9999.0,2.8809,stream,usgs_site_type,nhd_tidal,67.21170635286423,,,discharge+gage_height+water_temp+turbidity_fnu+diss_oxy,0,6703,6764,2935,0,2364,0,0,2894,0,0,0,0,0,StreamRiver, ,0,,1.0,5.0,conflict_tidal
USGS:07386900,USGS,07386900,USGS,False,no_nitrate_series,,,,,,USGS:07386900,True,singleton,,,,,,n/a,30.216867369009,-91.9931752930886,,la,Lafayette Parish,080801030109,America/Chicago,"VERMILION R @ LAFAYETTE, LA",,,Stream,,,,,continuous,,,,gage_height,census,,,21897353,21897353,True,23.27,1736.89,ok,nearest,5,2,350010478,79.0,-9999.0,2.8809,stream,usgs_site_type,nhd_tidal,67.21170635286423,,,,,,,,,,,,,,,,,,StreamRiver, ,0,,1.0,5.0,conflict_tidal
USGS:07386935,USGS,07386935,USGS,False,no_nitrate_series,,,,,,USGS:07386935,True,singleton,,,,,,n/a,30.1627021222243,-92.0556775950506,,la,Lafayette Parish,080801030109,America/Chicago,"VERMILION R @ ST HWY  3073 @ LAFAYETTE, LA",,,Stream,,,,,continuous,,,,gage_height,census,,,21898611,21898611,True,9.9,6620.73,ok,nearest,5,2,350010478,63.0,-9999.0,18.7065,stream,usgs_site_type,nhd_tidal,3008.441977149062,,,,,,,,,,,,,,,,,,StreamRiver, ,0,,1.0,5.0,conflict_tidal
USGS:07386940,USGS,07386940,USGS,False,no_nitrate_series,,,,,,USGS:07386940,True,singleton,,,,,,n/a,30.1418692821185,-92.0756783331881,NAVD88,la,Lafayette Parish,080801030109,America/Chicago,"Vermilion River at Hwy 733 near Lafayette, LA",,0.0,Stream,,,0,,continuous,,00065_dv,,gage_height,census,,,21898615,21898615,True,26.55,41.02,ok,nearest,5,2,350010478,62.0,-9999.0,0.9999,stream,usgs_site_type,nhd_tidal,80.18334693857203,,,gage_height,0,0,6510,0,0,0,0,0,0,0,0,0,0,0,StreamRiver, ,0,,1.0,5.0,conflict_tidal
USGS:07386950,USGS,07386950,USGS,False,no_nitrate_series,,,,,,USGS:07386950,True,singleton,,,,,,n/a,30.1813133635927,-92.1073457348597,,la,Lafayette Parish,080801030108,America/Chicago,"BAYOU ILE DES CANNES NEAR LAFAYETTE, LA.",77.69964,,Stream,,,,,continuous,,,,gage_height,census,,,21898603,21898591,False,167.0,0.0,ok,area,2,3,350010478,67.0,-9999.0,5.364,stream,usgs_site_type,nhd_tidal,5288.736841872945,,,,,,,,,,,,,,,,,,StreamRiver, ,0,,1.0,2.0,conflict_tidal
USGS:07386953,USGS,07386953,USGS,False,no_nitrate_series,,,,,,USGS:07386953,True,singleton,,,,,,n/a,30.1418692886512,-92.0765116915138,,la,Lafayette Parish,080801030109,America/Chicago,"VERMILION RIVER AT BROUSSARD BRDG NR MILTON, LA",,,Stream,,,,,continuous,,,,gage_height,census,,,21898615,21898615,True,44.41,74.02,ok,mainstem,5,2,350010478,62.0,-9999.0,0.9999,stream,usgs_site_type,nhd_tidal,80.18334693857203,,,,,,,,,,,,,,,,,,StreamRiver, ,0,,1.0,5.0,conflict_tidal
USGS:07386956,USGS,07386956,USGS,False,no_nitrate_series,,,,,,USGS:07386956,True,singleton,,,,,,n/a,30.10366666666667,-92.07980555555555,NAVD88,la,Vermilion Parish,080801030109,America/Chicago,"Vermilion River at Hwy 92 at Milton, LA",,-2.8315919999999997,Stream,,,0,,continuous,,00060_dv+00065_dv,,discharge+gage_height,census,,,21898661,21898661,True,24.82,3098.73,ok,nearest,5,2,350010478,57.0,-9999.0,13.392,stream,usgs_site_type,nhd_tidal,4238.537064925896,,,discharge+gage_height,0,331,332,0,0,0,0,0,0,0,0,0,0,0,StreamRiver, ,0,,1.0,5.0,conflict_tidal
USGS:07386960,USGS,07386960,USGS,False,no_nitrate_series,,,,,,USGS:07386960,True,singleton,,,,,,n/a,30.065481632341,-92.0792900180185,,la,Vermilion Parish,080801030302,America/Chicago,"VERMILION RIVER @ LANDRY BRDG. NEAR MILTON, LA.",,,Stream,,,,,continuous,,,,gage_height,census,,,21898735,21898735,True,13.7,2063.74,ok,nearest,5,2,350010478,49.0,-9999.0,12.6396,stream,usgs_site_type,nhd_tidal,482.20818459901864,,,,,,,,,,,,,,,,,,StreamRiver, ,0,,1.0,5.0,conflict_tidal
USGS:07386962,USGS,07386962,USGS,False,no_nitrate_series,,,,,,USGS:07386962,True,singleton,,,,,,n/a,30.06113888888889,-92.07913888888889,NAVD88,la,Vermilion Parish,080801030302,America/Chicago,"Vermilion River at Woodlawn, LA",,-0.984504,Stream,,,0,,continuous,,00065_dv,,gage_height,census,,,21898735,21898735,True,10.59,2608.58,ok,nearest,5,2,350010478,49.0,-9999.0,12.6396,stream,usgs_site_type,nhd_tidal,482.20818459901864,,,gage_height,0,0,1475,0,0,0,0,0,0,0,0,0,0,0,StreamRiver, ,0,,1.0,5.0,conflict_tidal
USGS:07386980,USGS,07386980,USGS,False,no_nitrate_series,,,,,,USGS:07386980,True,singleton,,,,,,n/a,29.9511111111111,-92.1563611111111,NAVD88,la,Vermilion Parish,080801030302,America/Chicago,"Vermilion River at Perry, LA",,-1.426464,Stream,,,0,,continuous,,00060_dv+00065_dv,,discharge+gage_height,census,,,21906189,21906189,True,45.44,756.31,ok,nearest,5,2,350010478,29.0,-9999.0,4.8906,stream,usgs_site_type,nhd_tidal,7858.279556281621,,,discharge+gage_height,0,2425,2504,0,0,0,0,0,0,0,0,0,0,0,ArtificialPath,StreamRiver,120049533,,1.0,5.0,conflict_tidal
USGS:07387000,USGS,07387000,USGS,False,no_nitrate_series,,,,,,USGS:07387000,True,singleton,,,,,,n/a,29.8849301204189,-92.1273481291501,,la,Vermilion Parish,080801030303,America/Chicago,"VERMILION R @ BANCKER FERRY NR ABBEVILLE, LA",,,Stream,,,,,continuous,,,,gage_height,census,,,21906243,21906243,True,56.04,569.01,ok,nearest,5,2,350010478,19.0,-9999.0,0.6453,stream,usgs_site_type,nhd_tidal,5053.957742026879,,,,,,,,,,,,,,,,,,ArtificialPath,StreamRiver,120049533,,1.0,5.0,conflict_tidal
USGS:07387005,USGS,07387005,USGS,False,no_nitrate_series,,,,,,USGS:07387005,True,singleton,,,,,,n/a,29.8393756337655,-92.1267929033269,,la,Vermilion Parish,080801030305,America/Chicago,VERMILION RIVER NR BANCKER LA,,,Stream,,,,,continuous,,,,gage_height,census,,,21906289,21906289,True,73.82,577.89,ok,nearest,5,2,350010478,10.0,-9999.0,9.09,stream,usgs_site_type,nhd_tidal,5053.957742026879,,,,,,,,,,,,,,,,,,ArtificialPath,StreamRiver,120049533,,1.0,5.0,conflict_tidal
USGS:07387040,USGS,07387040,USGS,False,no_nitrate_series,,,,,,USGS:07387040,True,singleton,,,,,,n/a,29.713291393574323,-91.88041432611097,NAVD88,la,St. Mary Parish,080801030406,America/Chicago,"Vermilion Bay near Cypremort Point, LA",,-0.451104,"Lake, Reservoir, Impoundment",,,0,,continuous,,00010+00065+00095,,gage_height+spec_cond+water_temp,census,,,21903539,21903539,True,18.34,387.38,ok,nearest,-9,-9,150000002,0.0,0.0,0.5292,lake,usgs_site_type,nhd_tidal,10064.370296034507,,,gage_height+water_temp+spec_cond,0,0,6649,6647,6578,0,0,0,0,0,0,0,0,0,Coastline, ,0,,0.0,-9.0,conflict_tidal
USGS:091300900,USGS,091300900,USGS,False,no_nitrate_series,,,,,,USGS:091300900,True,singleton,,,,,,n/a,29.9749246238768,-91.5026133236046,,la,Iberia Parish,080801010407,America/Chicago,PIPELINE CANAL 7.7 MILES N OF CHARENTON,,,Stream,,,,,continuous,,,,gage_height,census,,,15181913,15181913,True,103.66,1588.98,ok,nearest,3,2,350002528,80.0,-9999.0,1.1565,stream,usgs_site_type,nhd_tidal,719.6642938547488,,,,,,,,,,,,,,,,,,ArtificialPath, ,15181865,1.39484397991e-05,1.0,3.0,conflict_tidal
USGS:091303000,USGS,091303000,USGS,False,no_nitrate_series,,,,,,USGS:091303000,True,singleton,,,,,,n/a,29.9438142708865,-91.5084463880548,,la,St. Mary Parish,080801010407,America/Chicago,GRAND LAKE 4.0 MILES NNE OF CHARENTON,,,"Lake, Reservoir, Impoundment",,,,,continuous,,,,gage_height,census,,,15181929,15181929,True,44.19,4950.92,ok,nearest,3,2,350002528,75.0,-9999.0,19.1835,lake,usgs_site_type,nhd_tidal,3497.5634444251687,,,,,,,,,,,,,,,,,,ArtificialPath, ,15181865,5.57984275516e-05,1.0,3.0,conflict_tidal
USGS:091324000,USGS,091324000,USGS,False,no_nitrate_series,,,,,,USGS:091324000,True,singleton,,,,,,n/a,30.1235333387852,-91.5445578078039,,la,St. Martin Parish,080801010406,America/Chicago,Pipeline Canal near Bayou Crook Chene,,,Stream,,,,,continuous,,,,gage_height,census,,,15173011,15173011,True,20.87,746.12,ok,nearest,1,3,350002528,102.0,-9999.0,0.7326,stream,usgs_site_type,nhd_tidal,3716.163027100335,,,,,,,,,,,,,,,,,,StreamRiver, ,0,,1.0,1.0,conflict_tidal
USGS:091325300,USGS,091325300,USGS,False,no_nitrate_series,,,,,,USGS:091325300,True,singleton,,,,,,n/a,30.090200549225,-91.5481691053901,,la,St. Martin Parish,080801010406,America/Chicago,"Overbank area 14.6 miles NNW of Charenton, LA",,,"Lake, Reservoir, Impoundment",,,,,continuous,,,,gage_height,census,,,15173397,15173397,True,906.06,0.0,far,nearest,1,3,350002528,96.0,-9999.0,24.264,lake,usgs_site_type,nhd_tidal,1875.4052212137399,,,,,,,,,,,,,,,,,,StreamRiver, ,0,,1.0,1.0,conflict_tidal
USGS:091360000,USGS,091360000,USGS,False,no_nitrate_series,,,,,,USGS:091360000,True,singleton,,,,,,n/a,30.0790897727708,-91.6001139457273,NGVD29,la,St. Martin Parish,080801010405,America/Chicago,Lake Fausse Point Cut near Little Gonsolin Bayou,,0.6461760000000001,Stream,,,,,continuous,,,,gage_height,census,,,15175465,15175465,True,41.91,199.39,ok,nearest,3,2,350002528,98.0,-9999.0,0.2241,stream,usgs_site_type,nhd_tidal,696.8732754509276,,,,,,,,,,,,,,,,,,ArtificialPath,StreamRiver,120049891,,1.0,3.0,conflict_tidal
USGS:292859090004000,USGS,292859090004000,USGS,False,no_nitrate_series,,,,,,USGS:292859090004000,True,singleton,,,,,,n/a,29.4830555555556,-90.0111111111111,NAVD88,la,Jefferson Parish,080903010410,America/Chicago,"Barataria Waterway S of Lafitte, LA",,0.0,Stream,,,0,,continuous,,00010+00065+00095,,discharge+gage_height+spec_cond+water_temp,census,,,22392965,22392965,True,27.74,2145.07,ok,nearest,3,2,350026413,3.0,-9999.0,3.0429,stream,usgs_site_type,nhd_tidal,9660.54826247445,,,gage_height+water_temp+spec_cond,0,0,409,409,409,0,0,0,0,0,0,0,0,0,ArtificialPath, ,167806606,0.00160820868045,1.0,3.0,conflict_tidal
USGS:292952089453800,USGS,292952089453800,USGS,False,no_nitrate_series,,,,,,USGS:292952089453800,True,singleton,,,,,,n/a,29.4977777777778,-89.7605555555556,NAVD88,la,Plaquemines Parish,080903010511,America/Chicago,CRMS0282-H01-RT,,-0.384048,Wetland,,,0,,continuous,,00010+00065+00095,,gage_height+spec_cond+water_temp,census,,,22379829,22379829,True,171.88,1488.99,ok,nearest,2,2,350025722,19.0,-9999.0,1.4652,wetland_outflow,usgs_site_type,nhd_tidal,8885.816694573765,,,gage_height+water_temp+spec_cond,0,0,1009,1017,1016,0,0,0,0,0,0,0,0,0,StreamRiver, ,0,,1.0,2.0,conflict_tidal
USGS:292952090565300,USGS,292952090565300,USGS,False,no_nitrate_series,,,,,,USGS:292952090565300,True,singleton,,,,,,n/a,29.4977777777778,-90.9480555555556,NAVD88,la,Terrebonne Parish,080903020205,America/Chicago,CRMS0411-H01-RT,,-0.25908000000000003,Wetland,,,0,,continuous,,00010+00065+00095,,gage_height+spec_cond+water_temp,census,,,11097139,11097139,True,6717.69,0.0,far,nearest,1,4,350002528,52.0,-9999.0,150.5592,wetland_outflow,usgs_site_type,nhd_tidal,2676.3492019390255,,,gage_height+water_temp+spec_cond,0,0,1990,1990,1829,0,0,0,0,0,0,0,0,0,ArtificialPath, ,11057767,1.0,1.0,1.0,conflict_tidal
USGS:293229091230800,USGS,293229091230800,USGS,False,no_nitrate_series,,,,,,USGS:293229091230800,True,singleton,,,,,,n/a,29.541389,-91.385556,NAVD88,la,St. Mary Parish,080801010504,America/Chicago,CRMS0465-H01-RT,,0.027432,Wetland,,,0,,continuous,,00010+00065+00095,,gage_height+spec_cond+water_temp,census,,,15181199,15181199,True,1.26,1236.83,ok,nearest,1,2,350065775,1.0,-9999.0,1.179,wetland_outflow,usgs_site_type,nhd_tidal,4848.319043753878,,,gage_height+water_temp+spec_cond,0,0,949,960,960,0,0,0,0,0,0,0,0,0,StreamRiver, ,0,,1.0,1.0,conflict_tidal
USGS:294638089472600,USGS,294638089472600,USGS,False,no_nitrate_series,,,,,,USGS:294638089472600,True,singleton,,,,,,n/a,29.7772222222222,-89.7905555555556,NAVD88,la,Plaquemines Parish,080902030505,America/Chicago,"Lake Lery at Delacroix, LA",,0.0,"Lake, Reservoir, Impoundment",,,,,continuous,,,,discharge+gage_height,census,,,22771060,22771060,True,20.87,2797.2,ok,nearest,2,2,350024010,29.0,-9999.0,1.7946,lake,usgs_site_type,nhd_tidal,1465.217895934647,,,,,,,,,,,,,,,,,,ArtificialPath, ,22770396,0.00234964897807,1.0,2.0,conflict_tidal
USGS:294736091164200,USGS,294736091164200,USGS,False,no_nitrate_series,,,,,,USGS:294736091164200,True,singleton,,,,,,n/a,29.7933333333333,-91.2783333333333,,la,St. Martin Parish,080801010307,America/Chicago,American Pass at Little Bayou Sorrel,,,Stream,,,0,,continuous,,00010_dv+00065_dv,,gage_height+water_temp,census,,,15182045,15182035,False,65.16,0.0,ok,mainstem,3,2,350002528,39.0,-9999.0,2.8044,stream,usgs_site_type,nhd_tidal,5783.728626359662,,,gage_height+water_temp,0,0,2779,2720,0,0,0,0,0,0,0,0,0,0,ArtificialPath, ,15181865,3.99370657268e-05,1.0,3.0,conflict_tidal
USGS:294905089525100,USGS,294905089525100,USGS,False,no_nitrate_series,,,,,,USGS:294905089525100,True,singleton,,,,,,n/a,29.8180555555556,-89.8808333333333,,la,Plaquemines Parish,080902030505,America/Chicago,"Bayou Mandeville near Caernarvon, LA",,,Stream,,,,,continuous,,,,discharge+gage_height,census,,,22770982,22770982,True,6.61,279.91,ok,nearest,1,2,350024010,44.0,-9999.0,0.5976,stream,usgs_site_type,nhd_tidal,1013.7521511743103,,,,,,,,,,,,,,,,,,ArtificialPath,StreamRiver,22796373,,1.0,1.0,conflict_tidal
USGS:294925089532101,USGS,294925089532101,USGS,False,no_nitrate_series,,,,,,USGS:294925089532101,True,singleton,,,,,,n/a,29.82361111111111,-89.88916666666667,NAVD88,la,Plaquemines Parish,080902030505,America/Chicago,"Delacroix Canal near Caernarvon, LA",,-1.423416,Stream,,,,,continuous,,,,gage_height,census,,,22770972,22770974,False,581.96,279.04,far,nearest,1,2,350024010,46.0,-9999.0,13.6026,stream,usgs_site_type,nhd_tidal,1013.7521511743103,,,,,,,,,,,,,,,,,,ArtificialPath, ,22766102,1.0,1.0,1.0,conflict_tidal
USGS:295011091184300,USGS,295011091184300,USGS,False,no_nitrate_series,,,,,,USGS:295011091184300,True,singleton,,,,,,n/a,29.8365,-91.3119166666667,,la,St. Martin Parish,080801010307,America/Chicago,"Little Bayou Long North of Duck Lake, LA",,,Stream,,,0,,continuous,,00010_dv+00065_dv,,gage_height+water_temp,census,,,15179389,15179389,True,4.28,78.94,ok,nearest,1,4,350002528,49.0,-9999.0,0.8838,stream,usgs_site_type,nhd_tidal,5783.728626359662,,,gage_height+water_temp,0,0,6062,1752,0,0,0,0,0,0,0,0,0,0,StreamRiver, ,0,,1.0,1.0,conflict_tidal
USGS:295020089411600,USGS,295020089411600,USGS,False,no_nitrate_series,,,,,,USGS:295020089411600,True,singleton,,,,,,n/a,29.8388888888889,-89.6877777777778,NAVD88,la,St. Bernard Parish,080902030702,America/Chicago,"Bayou Laloutre at Yscloskey, LA",,0.0,Stream,,,,,continuous,,,,gage_height,census,,,22769456,22769456,True,3.63,337.56,ok,nearest,1,3,350024010,31.0,-9999.0,21.4542,stream,usgs_site_type,nhd_tidal,1324.8941275807738,,,,,,,,,,,,,,,,,,StreamRiver, ,0,,1.0,1.0,conflict_tidal
USGS:2951190901217,USGS,2951190901217,USGS,False,no_nitrate_series,,,,,,USGS:2951190901217,True,singleton,,,,,,n/a,29.85527777777778,-90.20472222222223,NAVD88,la,Jefferson Parish,080903010305,America/Chicago,"L. Cataouatche at Whiskey Canal S of Waggaman, LA",,-1.7861280000000002,"Lake, Reservoir, Impoundment",,,0,,continuous,,00010+00065+00095,,gage_height+spec_cond+water_temp,census,,,22370049,22370087,False,2811.64,2967.72,far,nearest,2,4,350011256,70.0,-9999.0,6.9849,lake,usgs_site_type,nhd_tidal,9370.159105818275,,,gage_height+water_temp+spec_cond,0,0,1911,1915,1905,0,0,0,0,0,0,0,0,0,ArtificialPath,StreamRiver,22798785,,1.0,2.0,conflict_tidal
USGS:295124089542100,USGS,295124089542100,USGS,False,no_nitrate_series,,,,,,USGS:295124089542100,True,distinct,6785.07,260,0.553,10935.2468,,rule,29.8535555555556,-89.9076944444444,NAVD88,la,Plaquemines Parish,080902030505,America/Chicago,"Caernarvon Outfall Channel at Caernarvon, LA",,-0.140208,Stream,,,0,,continuous,,00010+00060+00065+00095,,discharge+gage_height+spec_cond+water_temp,census,,,22798749,22770974,False,1683.3,10476.7,far,nearest,10,1,350002977,142.0,-9999.0,22.8951,stream,usgs_site_type,nhd_tidal,596.0722612226616,,,discharge+gage_height+water_temp+spec_cond,0,805,805,805,805,0,0,0,0,0,0,0,0,0,ArtificialPath,StreamRiver,120049892,,1.0,10.0,conflict_tidal
USGS:295447091191500,USGS,295447091191500,USGS,False,no_nitrate_series,,,,,,USGS:295447091191500,True,singleton,,,,,,n/a,29.9130555555556,-91.3208333333333,,la,St. Martin Parish,080801010306,America/Chicago,Middle Fork Bayou Long at Bayou Long,,,Stream,,,0,,continuous,,00010_dv+00065_dv,,gage_height+water_temp,census,,,15178955,15177541,False,2779.02,0.0,far,nearest,1,5,350002528,67.0,-9999.0,6.9741,stream,usgs_site_type,nhd_tidal,7928.245475526684,,,gage_height+water_temp,0,0,6373,2527,0,0,0,0,0,0,0,0,0,0,StreamRiver, ,0,,1.0,1.0,conflict_tidal
USGS:295501090190400,USGS,295501090190400,USGS,False,no_nitrate_series,,,,,,USGS:295501090190400,True,singleton,,,,,,n/a,29.916944444444447,-90.31777777777778,NAVD88,la,St. Charles Parish,080903010305,America/Chicago,"Davis Pond Freshwater Diversion near Boutte, LA",,-2.16408,Stream,,,0,,continuous,,00010+00060+00065+00095,,discharge+gage_height+spec_cond+water_temp,census,,,22799305,22365081,False,2155.17,7011.94,far,nearest,10,1,350002977,194.0,-9999.0,27.4077,stream,usgs_site_type,nhd_tidal,10127.986289487848,,,discharge+gage_height+water_temp+spec_cond,0,796,803,789,789,0,0,0,0,0,0,0,0,0,ArtificialPath,StreamRiver,120049892,,1.0,10.0,conflict_tidal
USGS:300003090163500,USGS,300003090163500,USGS,False,no_nitrate_series,,,,,,USGS:300003090163500,True,singleton,,,,,,n/a,30.0008333333333,-90.2763888888889,,la,St. Charles Parish,080902030102,America/Chicago,"Drainage Canal at I-10 nr Loyola Dr. at Kenner, LA",,,Stream,,,,,continuous,,,,gage_height,census,,,22799305,18910424,False,3577.79,13850.09,far,nearest,10,1,350002977,194.0,-9999.0,27.4077,stream,usgs_site_type,nhd_tidal,10068.565113257206,,,,,,,,,,,,,,,,,,ArtificialPath,StreamRiver,120049892,,1.0,10.0,conflict_tidal
USGS:300312091320000,USGS,300312091320000,USGS,False,no_nitrate_series,,,,,,USGS:300312091320000,True,singleton,,,,,,n/a,30.0538888888889,-91.5052777777778,NAVD88,la,St. Martin Parish,080801010406,America/Chicago,Arm of Grand Lake near Crook Chene Cove,,0.0,"Lake, Reservoir, Impoundment",,,0,,continuous,,00065_dv,,gage_height,census,,,15173461,15173461,True,5.61,1334.09,ok,nearest,3,2,350002528,89.0,-9999.0,0.8784,lake,usgs_site_type,nhd_tidal,2048.4115161640425,,,gage_height,0,0,5924,0,0,0,0,0,0,0,0,0,0,0,StreamRiver, ,0,,1.0,3.0,conflict_tidal
USGS:300507091355600,USGS,300507091355600,USGS,False,no_nitrate_series,,,,,,USGS:300507091355600,True,singleton,,,,,,n/a,30.0852777777778,-91.5988888888889,NAVD88,la,St. Martin Parish,080801010404,America/Chicago,Bayou Darby near Lake Fausse Point Cut,,-2.0147280000000003,Stream,,,0,,continuous,,00065_dv,,gage_height,census,,,15173295,15173295,True,8.08,360.25,ok,nearest,3,3,350002528,99.0,-9999.0,0.6066,stream,usgs_site_type,nhd_tidal,696.8732754509276,,,gage_height,0,0,5230,0,0,0,0,0,0,0,0,0,0,0,StreamRiver, ,0,,1.0,3.0,conflict_tidal
USGS:3005160902620,USGS,3005160902620,USGS,False,no_nitrate_series,,,,,,USGS:3005160902620,True,singleton,,,,,,n/a,30.0876666666667,-90.4388055555556,,la,St. John the Baptist Parish,080702040503,America/Chicago,"Drainage Can. at Junction I-55/I-10 at Laplace, LA",,,Stream,,,,,continuous,,,,gage_height,census,,,15208035,15208035,True,15.44,2661.01,ok,nearest,1,3,350003472,114.0,-9999.0,1.8108,stream,usgs_site_type,nhd_tidal,2658.4576627983915,,,,,,,,,,,,,,,,,,CanalDitch, ,0,,1.0,1.0,conflict_tidal
USGS:300602090375100,USGS,300602090375100,USGS,False,no_nitrate_series,,,,,,USGS:300602090375100,True,sequential,3145.55,0,,,2024-12-05..2025-06-06,rule,30.100556,-90.630833,NAVD88,la,St. John the Baptist Parish,080702040302,America/Chicago,CRMS5373-H01-RT,,-0.204216,Wetland,,,0,,continuous,,00010+00065+00095,,gage_height+spec_cond+water_temp,census,,,15207137,15207137,True,59.99,717.41,ok,nearest,2,5,350003472,117.0,-9999.0,46.719,wetland_outflow,usgs_site_type,nhd_tidal,3145.553038876704,,,gage_height+water_temp+spec_cond,0,0,3357,3288,3250,0,0,0,0,0,0,0,0,0,CanalDitch, ,0,,1.0,2.0,conflict_tidal
USGS:300703089522700,USGS,300703089522700,USGS,False,no_nitrate_series,,,,,,USGS:300703089522700,True,singleton,,,,,,n/a,30.1175,-89.8741666666667,NAVD88,la,Orleans Parish,080902030202,America/Chicago,"Y-Pipeline Cnl in Byu Sauvage NWR at N.O. East, LA",,-1.801368,Wetland,,,,,continuous,,,,gage_height,census,,,22761776,22762892,False,576.75,2379.3,far,nearest,1,3,350003472,34.0,-9999.0,3.717,wetland_outflow,usgs_site_type,nhd_tidal,2833.473190632061,,,,,,,,,,,,,,,,,,StreamRiver, ,0,,1.0,1.0,conflict_tidal
USGS:300713091362400,USGS,300713091362400,USGS,False,no_nitrate_series,,,,,,USGS:300713091362400,True,singleton,,,,,,n/a,30.1202777777778,-91.6066666666667,,la,St. Martin Parish,080801010404,America/Chicago,"Beau Bayou N. of Bayou Darby near Loreauville, LA",,,Stream,,,,,continuous,,,,gage_height+water_temp,census,,,15175805,15175805,True,47.37,970.98,ok,nearest,3,3,350002528,104.0,-9999.0,3.4524,stream,usgs_site_type,nhd_tidal,3704.3679187030893,,,,,,,,,,,,,,,,,,ArtificialPath, ,15170529,0.972893666695,1.0,3.0,conflict_tidal
USGS:3007220891501,USGS,3007220891501,USGS,False,no_nitrate_series,,,,,,USGS:3007220891501,True,singleton,,,,,,n/a,30.1227777777778,-89.2502777777778,,la,St. Bernard Parish,080902030400,America/Chicago,Mississippi Sound at Grand Pass,,,Stream,,,,,continuous,,,,gage_height,census,,,27139592,,,13949.99,11981.13,far,nearest,-9,-9,150000002,0.0,0.0,5.2461,stream,usgs_site_type,nhd_tidal,0.0,,,,,,,,,,,,,,,,,,Coastline, ,0,,0.0,-9.0,conflict_tidal
USGS:300740090382500,USGS,300740090382500,USGS,False,no_nitrate_series,,,,,,USGS:300602090375100,False,sequential,3145.55,0,,,2024-12-05..2025-06-06,rule,30.127661111111113,-90.64036944444445,,la,St. John the Baptist Parish,080702040302,America/Chicago,"Maurepas Swamp nr Hope Canal, N of Garyville, La",,,Wetland,,,0,,continuous,,00010+00065+00095+00300+00400,,diss_oxy+gage_height+ph+spec_cond+water_temp,census,,,15207137,15207137,True,46.27,4179.36,ok,nearest,2,5,350003472,117.0,-9999.0,46.719,wetland_outflow,usgs_site_type,nhd_tidal,3145.553038876704,,,gage_height+water_temp+spec_cond+diss_oxy+ph,0,0,439,438,423,0,0,0,436,438,0,0,0,0,CanalDitch, ,0,,1.0,2.0,conflict_tidal
USGS:300904090075200,USGS,300904090075200,USGS,False,no_nitrate_series,,,,,,USGS:300904090075200,True,singleton,,,,,,n/a,30.1511111111111,-90.1311111111111,,la,Orleans Parish,080902020100,America/Chicago,"Lk Pont. Causeway at mile 9 near Metairie, LA",,,"Lake, Reservoir, Impoundment",,,,,continuous,,,,diss_oxy+ph+spec_cond+turbidity_fnu+water_temp,census,,,938090144,938090144,True,797.91,25281.66,far,nearest,2,2,350003472,45.0,-9999.0,437.7438,lake,usgs_site_type,nhd_tidal,5446.969492592683,,,,,,,,,,,,,,,,,,ArtificialPath, ,167166635,0.0193520154966,1.0,2.0,conflict_tidal
USGS:301002091344100,USGS,301002091344100,USGS,False,no_nitrate_series,,,,,,USGS:301002091344100,True,singleton,,,,,,n/a,30.1672222222222,-91.5780555555556,,la,St. Martin Parish,080801010404,America/Chicago,"B Larose S of Pipeline Canal near Loreauville, LA",,,Stream,,,,,continuous,,,,gage_height+water_temp,census,,,15172669,15172669,True,32.71,1148.72,ok,nearest,1,4,350002528,106.0,-9999.0,9.8811,stream,usgs_site_type,nhd_tidal,5823.0296216544,,,,,,,,,,,,,,,,,,StreamRiver, ,0,,1.0,1.0,conflict_tidal
USGS:301140089351800,USGS,301140089351800,USGS,False,no_nitrate_series,,,,,,USGS:301140089351800,True,singleton,,,,,,n/a,30.1944444444444,-89.5883333333333,NGVD29,ms,Hancock County,031800041007,America/Chicago,USCG PEARL RIVER LIGHT 23A,,0.0,Stream,,,,,continuous,,,,gage_height+spec_cond+water_temp,census,,,15714569,15714569,True,168.61,450.34,ok,nearest,6,1,350003395,7.0,-9999.0,0.5571,stream,usgs_site_type,nhd_tidal,5208.520807424752,,,,,,,,,,,,,,,,,,ArtificialPath,StreamRiver,120049961,,1.0,6.0,conflict_tidal
USGS:301141089320300,USGS,301141089320300,USGS,False,no_nitrate_series,,,,,,USGS:301141089320300,True,singleton,,,,,,n/a,30.1947222222222,-89.5341666666667,NAVD88,ms,Hancock County,031800041007,America/Chicago,"EAST PEARL RIVER AT CSX RAILROAD NR CLAIBORNE, MS",22465.555912,-0.10363200000000002,Stream,,,0,,continuous,,00010+00060+00065+00095,,discharge+gage_height+spec_cond+turbidity_fnu+water_temp,census,,,15714553,15714553,True,20.84,823.71,ok,nearest,6,1,350003395,0.0,-9999.0,0.3636,stream,usgs_site_type,nhd_tidal,1472.886906521946,,,discharge+gage_height+water_temp+spec_cond,0,344,6647,6739,6533,0,0,0,0,0,0,0,0,0,ArtificialPath,StreamRiver,120049961,,1.0,6.0,conflict_tidal
USGS:301200090072400,USGS,301200090072400,USGS,False,no_nitrate_series,,,,,,USGS:301200090072400,True,singleton,,,,,,n/a,30.1996388888889,-90.12275,NAVD88,la,St. Tammany Parish,080902020100,America/Chicago,"L Pontchartrain at Crossover 4 near Mandeville, LA",,0.0,"Lake, Reservoir, Impoundment",,,0,,continuous,,00065_dv,,gage_height,census,,,18910398,18910398,True,882.46,5257.78,far,nearest,7,1,350003472,45.0,-9999.0,58.8537,lake,usgs_site_type,nhd_tidal,5446.969492592683,,,gage_height,0,0,3713,0,0,0,0,0,0,0,0,0,0,0,ArtificialPath, ,167166635,0.204055522778,1.0,7.0,conflict_tidal
USGS:301324090382400,USGS,301324090382400,USGS,False,no_nitrate_series,,,,,,USGS:301324090382400,True,singleton,,,,,,n/a,30.2233333333333,-90.64,NAVD88,la,Ascension Parish,080702040205,America/Chicago,CRMS0061-H01-RT,,-0.19812000000000002,Wetland,,,0,,continuous,,00010+00065+00095,,gage_height+spec_cond+water_temp,census,,,15206371,15206371,True,91.66,553.7,ok,nearest,4,3,350003472,114.0,-9999.0,2.0241,wetland_outflow,usgs_site_type,nhd_tidal,4635.670940697975,,,gage_height+water_temp+spec_cond,0,0,4639,4818,4750,0,0,0,0,0,0,0,0,0,StreamRiver, ,0,,1.0,4.0,conflict_tidal
USGS:301655091440800,USGS,301655091440800,USGS,False,no_nitrate_series,,,,,,USGS:301655091440800,True,singleton,,,,,,n/a,30.2819444444444,-91.7355555555555,NAVD88,la,St. Martin Parish,080801010207,America/Chicago,"Pontoon Bridge Canal near Butte Larose, LA",,1.054608,Stream,,,0,,continuous,,00065_dv,,gage_height,census,,,15175063,15175063,True,0.84,41.13,ok,nearest,4,5,350002528,141.0,-9999.0,0.0468,stream,usgs_site_type,nhd_tidal,4529.1919611211615,,,gage_height,0,0,5152,0,0,0,0,0,0,0,0,0,0,0,ArtificialPath, ,15170135,0.099941231834,1.0,4.0,conflict_tidal
USGS:302020091435700,USGS,302020091435700,USGS,False,no_nitrate_series,,,,,,USGS:302020091435700,True,singleton,,,,,,n/a,30.3388888888889,-91.7325,NAVD88,la,St. Martin Parish,080801010207,America/Chicago,"Lake Pelba at I-10 near Henderson, LA",,0.0,"Lake, Reservoir, Impoundment",,,0,,continuous,,00065_dv,,gage_height,census,,,15174953,15174953,True,41.71,48.22,ok,mainstem,3,6,350002528,151.0,-9999.0,0.6822,lake,usgs_site_type,nhd_tidal,5414.219449991112,,,gage_height,0,0,6635,0,0,0,0,0,0,0,0,0,0,0,ArtificialPath, ,15174009,0.0396060568643,1.0,3.0,conflict_tidal
USGS:302144090052401,USGS,302144090052401,USGS,False,no_nitrate_series,,,,,,USGS:302144090052401,True,singleton,,,,,,n/a,30.36251808362581,-90.09022193095603,NAVD88,la,St. Tammany Parish,080902020100,America/Chicago,Lake Pontchartrain at Mandeville,,-0.04267200000000001,"Lake, Reservoir, Impoundment",,,,,continuous,,,,gage_height,census,,,938090116,938090114,False,1767.2,0.0,far,mainstem,2,2,350003472,81.0,-9999.0,2.4039,lake,usgs_site_type,nhd_tidal,1903.7429660502364,,,,,,,,,,,,,,,,,,StreamRiver, ,0,,1.0,2.0,conflict_tidal
USGS:302320091465900,USGS,302320091465900,USGS,False,no_nitrate_series,,,,,,USGS:302320091465900,True,singleton,,,,,,n/a,30.3888888888889,-91.7830555555555,NAVD88,la,St. Martin Parish,080801010206,America/Chicago,"Bayou Fusilier of The Swamps near Henderson, LA",,-0.32613600000000004,Stream,,,0,,continuous,,00065_dv,,gage_height,census,,,15174855,15171363,False,72.14,0.0,ok,mainstem,3,5,350002528,155.0,-9999.0,0.3339,stream,usgs_site_type,nhd_tidal,6717.621799653973,,,gage_height,0,0,2133,0,0,0,0,0,0,0,0,0,0,0,ArtificialPath, ,15174009,0.0217700035821,1.0,3.0,conflict_tidal
USGS:3024260902559,USGS,3024260902559,USGS,False,no_nitrate_series,,,,,,USGS:3024260902559,True,singleton,,,,,,n/a,30.4071388888889,-90.4331666666667,NAVD88,la,Tangipahoa Parish,080702040501,America/Chicago,"Selsers Creek at I-55 near Ponchatoula, LA",,0.0,Stream,,,,,continuous,,,,gage_height,census,,,15207851,15207851,True,19.81,909.25,ok,nearest,4,3,350003472,105.0,-9999.0,0.6525,stream,usgs_site_type,nhd_tidal,5882.334279471313,,,,,,,,,,,,,,,,,,StreamRiver, ,0,,1.0,4.0,conflict_tidal
USGS:364145076245400,USGS,364145076245400,USGS,False,no_nitrate_series,,,,,,USGS:364145076245400,True,singleton,,,,,,n/a,36.6958333333333,-76.415,NAVD88,va,Chesapeake City,03010205,America/New_York,"JUNIPER DCH 150 YDS BL HARDWOOD DCH NR DEEP CR, VA",,0.0,Ditch,,,,,continuous,,,,gage_height,census,,,10054208,10054084,False,6188.99,0.0,far,nearest,1,3,200004444,37.0,-9999.0,0.657,ditch,usgs_site_type,nhd_tidal,3184.888444551049,,,,,,,,,,,,,,,,,,StreamRiver, ,0,,1.0,1.0,conflict_tidal
USGS:364259076262300,USGS,364259076262300,USGS,False,no_nitrate_series,,,,,,USGS:364259076262300,True,singleton,,,,,,n/a,36.7164611111111,-76.4397611111111,NAVD88,va,Chesapeake City,030102050604,America/New_York,"EAST DCH 2.1 MI BL WILLIAMSON DCH NR DEEP CR, VA",,0.0,Ditch,,,,,continuous,,,,gage_height,census,,,10054580,10471955,False,6654.71,526.33,far,nearest,1,4,200004444,49.0,-9999.0,1.0224,ditch,usgs_site_type,nhd_tidal,2867.6998100366127,,,,,,,,,,,,,,,,,,StreamRiver, ,0,,1.0,1.0,conflict_tidal
USGS:364312076211800,USGS,364312076211800,USGS,False,no_nitrate_series,,,,,,USGS:364312076211800,True,singleton,,,,,,n/a,36.72005,-76.35505,NAVD88,va,Chesapeake City,020802080202,America/New_York,"ROSEMARY DCH AB CS AT BIG ENTRY DCH NR DEEP CR, VA",,0.0,Ditch,,,,,continuous,,,,gage_height,census,,,10054136,10054084,False,322.79,0.0,ok,nearest,1,4,200004444,37.0,-9999.0,2.1744,ditch,usgs_site_type,nhd_tidal,74.01233901413772,,,,,,,,,,,,,,,,,,CanalDitch, ,0,,1.0,1.0,conflict_tidal
USGS:364314076211900,USGS,364314076211900,USGS,False,no_nitrate_series,,,,,,USGS:364314076211900,True,singleton,,,,,,n/a,36.72065,-76.3554,NAVD88,va,Chesapeake City,020802080202,America/New_York,"BIG ENTRY DCH ABOVE ROSEMARY DCH NR DEEP CREEK, VA",,0.0,Ditch,,,,,continuous,,,,gage_height,census,,,10054136,10054084,False,367.16,25.2,ok,nearest,1,4,200004444,37.0,-9999.0,2.1744,ditch,usgs_site_type,nhd_tidal,74.01233901413772,,,,,,,,,,,,,,,,,,CanalDitch, ,0,,1.0,1.0,conflict_tidal
USGS:364325076011501,USGS,364325076011501,USGS,False,no_nitrate_series,,,,,,USGS:364325076011501,True,singleton,,,,,,n/a,36.7237143886521,-76.0205472296478,NGVD29,va,Virginia Beach City,030102051202,America/New_York,62B 22,,3.048,Well,,,,,continuous,,,,spec_cond,census,non_surface_no_nitrate,,10470149,10476059,False,849.37,1875.98,far,mainstem,2,3,250012984,38.0,-9999.0,1.9188,well,usgs_site_type,nhd_tidal,1008.4819060856553,,,,,,,,,,,,,,,,,,StreamRiver, ,0,,1.0,2.0,conflict_tidal
USGS:364336076231300,USGS,364336076231300,USGS,False,no_nitrate_series,,,,,,USGS:364336076231300,True,singleton,,,,,,n/a,36.7266694444444,-76.3871305555556,NAVD88,va,Chesapeake City,03010205,America/New_York,"PORTSMOUTH DCH BL CS AT BIG ENTRY NR DEEP CR, VA",,0.0,Ditch,,,,,continuous,,,,gage_height,census,,,10054040,10054084,False,2583.33,0.0,far,nearest,1,4,200004444,35.0,-9999.0,2.7054,ditch,usgs_site_type,nhd_tidal,9.106484590110014,,,,,,,,,,,,,,,,,,StreamRiver, ,0,,1.0,1.0,conflict_tidal
USGS:364336076231400,USGS,364336076231400,USGS,False,no_nitrate_series,,,,,,USGS:364336076231400,True,singleton,,,,,,n/a,36.7265972222222,-76.3871777777778,NAVD88,va,Chesapeake City,03010205,America/New_York,"PORTSMOUTH DCH AB CS AT BIG ENTRY NR DEEP CR, VA",,0.0,Ditch,,,,,continuous,,,,gage_height,census,,,10054040,10054084,False,2589.48,0.0,far,nearest,1,4,200004444,35.0,-9999.0,2.7054,ditch,usgs_site_type,nhd_tidal,9.106484590110014,,,,,,,,,,,,,,,,,,StreamRiver, ,0,,1.0,1.0,conflict_tidal
USGS:364352076005401,USGS,364352076005401,USGS,False,no_nitrate_series,,,,,,USGS:364352076005401,True,singleton,,,,,,n/a,36.73140277777778,-76.01461944444445,NAVD88,va,Virginia Beach City,030102051301,America/New_York,62B  9,,2.980944,Well,,,,,continuous,,,,water_temp,census,non_surface_no_nitrate,,10470149,10470149,True,490.3,538.92,ok,nearest,2,3,250012984,38.0,-9999.0,1.9188,well,usgs_site_type,nhd_tidal,1008.4819060856553,,,,,,,,,,,,,,,,,,StreamRiver, ,0,,1.0,2.0,conflict_tidal
USGS:364355076245000,USGS,364355076245000,USGS,False,no_nitrate_series,,,,,,USGS:364355076245000,True,singleton,,,,,,n/a,36.7319,-76.4139111111111,NAVD88,va,Chesapeake City,03010205,America/New_York,"BIG ENTRY DCH W OF PORTSMOUTH DCH NR DEEP CR, VA",,0.0,Ditch,,,,,continuous,,,,gage_height,census,,,10054040,10054084,False,4864.12,0.0,far,nearest,1,4,200004444,35.0,-9999.0,2.7054,ditch,usgs_site_type,nhd_tidal,2438.820805689423,,,,,,,,,,,,,,,,,,StreamRiver, ,0,,1.0,1.0,conflict_tidal
USGS:364558076074401,USGS,364558076074401,USGS,False,no_nitrate_series,,,,,,USGS:364558076074401,True,singleton,,,,,,n/a,36.76603333333333,-76.12864444444443,NGVD29,va,Virginia Beach City,030102051203,America/New_York,61C 44 SOW 210B,,1.758696,Well,,,,,continuous,,,,spec_cond,census,non_surface_no_nitrate,,10475725,10475725,True,135.7,2067.99,ok,nearest,1,1,250012984,40.0,-9999.0,10.2456,well,usgs_site_type,nhd_tidal,2830.5581519976654,,,,,,,,,,,,,,,,,,StreamRiver, ,0,,1.0,1.0,conflict_tidal
USGS:364745076004303,USGS,364745076004303,USGS,False,no_nitrate_series,,,,,,USGS:364745076004303,True,singleton,,,,,,n/a,36.796277777777775,-76.01161388888889,NGVD29,va,Virginia Beach City,030102051301,America/New_York,62C 11 SOW 172C,,5.187696,Well,,,,,continuous,,,,spec_cond+water_temp,census,non_surface_no_nitrate,,10466387,10465915,False,1141.23,0.0,far,nearest,1,3,250024180,13.0,-9999.0,3.6432,well,usgs_site_type,nhd_tidal,5225.586729975617,,,,,,,,,,,,,,,,,,StreamRiver, ,0,,1.0,1.0,conflict_tidal
USGS:365307076055301,USGS,365307076055301,USGS,False,no_nitrate_series,,,,,,USGS:365307076055301,True,singleton,,,,,,n/a,36.8853166666667,-76.0979888888889,NGVD29,va,Virginia Beach City,020801080201,America/New_York,62D 24,,5.839968000000001,Well,,,,,continuous,,,,spec_cond+water_temp,census,non_surface_no_nitrate,,9891734,9891734,True,134.41,0.0,ok,nearest,1,3,200015390,3.0,-9999.0,0.1872,well,usgs_site_type,nhd_tidal,7358.831810038415,,,,,,,,,,,,,,,,,,ArtificialPath,StreamRiver,120049400,,1.0,1.0,conflict_tidal
USGS:380457075122302,USGS,380457075122302,USGS,False,no_nitrate_series,,,,,,USGS:380457075122302,True,singleton,,,,,,n/a,38.0826944444444,-75.2066111111111,NAVD88,md,Worcester County,020403030501,America/New_York,WO Ff 12,,0.9692640000000001,Well,,,,,continuous,,,,spec_cond+water_temp,census,non_surface_no_nitrate,,8411067,8411105,False,370.35,6968.08,ok,mainstem,-9,-9,200004089,-9999.0,-0.000102680814691,6.039,well,usgs_site_type,nhd_tidal,868.8135152249232,,,,,,,,,,,,,,,,,,Coastline, ,0,,0.0,-9.0,conflict_tidal
USGS:380512075125402,USGS,380512075125402,USGS,False,no_nitrate_series,,,,,,USGS:380512075125402,True,singleton,,,,,,n/a,38.0867777777778,-75.2151111111111,NAVD88,md,Worcester County,020403030403,America/New_York,WO Ef 37,,0.600456,Well,,,,,continuous,,,,spec_cond+water_temp,census,non_surface_no_nitrate,,8411105,8411103,False,354.5,268.37,ok,nearest,-9,-9,200004089,-9999.0,0.0,1.2789,well,usgs_site_type,nhd_tidal,554.0782733522984,,,,,,,,,,,,,,,,,,Coastline, ,0,,0.0,-9.0,conflict_tidal
USGS:380527075124101,USGS,380527075124101,USGS,False,no_nitrate_series,,,,,,USGS:380527075124101,True,singleton,,,,,,n/a,38.0908027777778,-75.2114083333333,NAVD88,md,Worcester County,020403030403,America/New_York,WO Ef  42,,0.45720000000000005,Well,,,,,continuous,,,,spec_cond+water_temp,census,non_surface_no_nitrate,,8411103,8411103,True,269.57,1147.08,ok,nearest,-9,-9,200004089,-9999.0,0.0,1.9827,well,usgs_site_type,nhd_tidal,0.0,,,,,,,,,,,,,,,,,,Coastline, ,0,,0.0,-9.0,conflict_tidal
USGS:380527075124102,USGS,380527075124102,USGS,False,no_nitrate_series,,,,,,USGS:380527075124102,True,singleton,,,,,,n/a,38.0908027777778,-75.2114083333333,NAVD88,md,Worcester County,020403030403,America/New_York,WO Ef  43,,0.50292,Well,,,,,continuous,,,,spec_cond+water_temp,census,non_surface_no_nitrate,,8411103,8411103,True,269.57,1147.08,ok,nearest,-9,-9,200004089,-9999.0,0.0,1.9827,well,usgs_site_type,nhd_tidal,0.0,,,,,,,,,,,,,,,,,,Coastline, ,0,,0.0,-9.0,conflict_tidal
USGS:380528075124301,USGS,380528075124301,USGS,False,no_nitrate_series,,,,,,USGS:380528075124301,True,singleton,,,,,,n/a,38.0911833333333,-75.2118111111111,NAVD88,md,Worcester County,020403030403,America/New_York,WO Ef  41,,0.6400800000000001,Well,,,,,continuous,,,,spec_cond+water_temp,census,non_surface_no_nitrate,,8411103,8411103,True,215.35,1136.9,ok,nearest,-9,-9,200004089,-9999.0,0.0,1.9827,well,usgs_site_type,nhd_tidal,55.16990306378623,,,,,,,,,,,,,,,,,,Coastline, ,0,,0.0,-9.0,conflict_tidal
USGS:381804075063402,USGS,381804075063402,USGS,False,no_nitrate_series,,,,,,USGS:381804075063402,True,singleton,,,,,,n/a,38.3013361111111,-75.1095111111111,NAVD88,md,Worcester County,020403030402,America/New_York,WO Cg 103,,1.4965680000000001,Well,,,,,continuous,,,,spec_cond+water_temp,census,non_surface_no_nitrate,,8411049,8411047,False,193.38,5982.53,ok,mainstem,-9,-9,200004089,-9999.0,0.0,1.3671,well,usgs_site_type,nhd_tidal,35.44976134834292,,,,,,,,,,,,,,,,,,Coastline, ,0,,0.0,-9.0,conflict_tidal
USGS:381805075063502,USGS,381805075063502,USGS,False,no_nitrate_series,,,,,,USGS:381805075063502,True,singleton,,,,,,n/a,38.3015,-75.1098611111111,NAVD88,md,Worcester County,020403030402,America/New_York,WO Cg 101,,3.1211520000000004,Well,,,,,continuous,,,,spec_cond+water_temp,census,non_surface_no_nitrate,,8411047,8411047,True,174.36,1113.95,ok,nearest,-9,-9,200004089,-9999.0,0.0,0.3483,well,usgs_site_type,nhd_tidal,35.44976134834292,,,,,,,,,,,,,,,,,,Coastline, ,0,,0.0,-9.0,conflict_tidal
USGS:381806075063201,USGS,381806075063201,USGS,False,no_nitrate_series,,,,,,USGS:381806075063201,True,singleton,,,,,,n/a,38.3016555555556,-75.1087527777778,NAVD88,md,Worcester County,020403030402,America/New_York,WO Cg 105,,1.892808,Well,,,,,continuous,,,,spec_cond+water_temp,census,non_surface_no_nitrate,,8411049,8411049,True,136.36,6030.97,ok,nearest,-9,-9,200004089,-9999.0,0.0,1.3671,well,usgs_site_type,nhd_tidal,46.89920055816262,,,,,,,,,,,,,,,,,,Coastline, ,0,,0.0,-9.0,conflict_tidal
USGS:381806075063301,USGS,381806075063301,USGS,False,no_nitrate_series,,,,,,USGS:381806075063301,True,singleton,,,,,,n/a,38.3017388888889,-75.1092833333333,NAVD88,md,Worcester County,020403030402,America/New_York,WO Cg 106,,1.725168,Well,,,,,continuous,,,,spec_cond+water_temp,census,non_surface_no_nitrate,,8411049,8411047,False,183.26,6030.75,ok,nearest,-9,-9,200004089,-9999.0,0.0,1.3671,well,usgs_site_type,nhd_tidal,46.89920055816262,,,,,,,,,,,,,,,,,,Coastline, ,0,,0.0,-9.0,conflict_tidal
USGS:381922076043001,USGS,381922076043001,USGS,False,no_nitrate_series,,,,,,USGS:381922076043001,True,singleton,,,,,,n/a,38.3226638888889,-76.0749583333333,NAVD88,md,Dorchester County,020801100205,America/New_York,DO Fe  44,,0.344424,Well,,,,,continuous,,,,spec_cond+water_temp,census,non_surface_no_nitrate,,8385657,8385667,False,416.06,1162.48,ok,nearest,1,1,200064405,4.0,-9999.0,1.4031,well,usgs_site_type,nhd_tidal,0.31135007374502954,,,,,,,,,,,,,,,,,,StreamRiver, ,0,,1.0,1.0,conflict_tidal
USGS:381922076043002,USGS,381922076043002,USGS,False,no_nitrate_series,,,,,,USGS:381922076043002,True,singleton,,,,,,n/a,38.3226666666667,-76.0749583333333,NAVD88,md,Dorchester County,020801100205,America/New_York,DO Fe  45,,0.353568,Well,,,,,continuous,,,,spec_cond+water_temp,census,non_surface_no_nitrate,,8385657,8385667,False,415.77,1162.48,ok,nearest,1,1,200064405,4.0,-9999.0,1.4031,well,usgs_site_type,nhd_tidal,0.31135007374502954,,,,,,,,,,,,,,,,,,StreamRiver, ,0,,1.0,1.0,conflict_tidal
USGS:383231076411301,USGS,383231076411301,USGS,False,no_nitrate_series,,,,,,USGS:383231076411301,True,singleton,,,,,,n/a,38.54206608757,-76.6866292966421,NGVD29,md,Prince George's County,020600060507,America/New_York,PG Hf  26,,4.2672,Well,,,,,continuous,,,,discharge,census,non_surface_no_nitrate,,11908782,11908782,True,520.83,1784.21,far,nearest,3,2,200007003,40.0,-9999.0,3.6819,well,usgs_site_type,nhd_tidal,361.0234675396485,,,,,,,,,,,,,,,,,,ArtificialPath,StreamRiver,120049845,,1.0,3.0,conflict_tidal
USGS:383238076412501,USGS,383238076412501,USGS,False,no_nitrate_series,,,,,,USGS:383238076412501,True,singleton,,,,,,n/a,38.5440104734984,-76.6899628270443,NGVD29,md,Prince George's County,020600060507,America/New_York,PG Hf  27,,4.8768,Well,,,,,continuous,,,,discharge,census,non_surface_no_nitrate,,11908782,11908782,True,400.39,1032.86,ok,nearest,3,2,200007003,40.0,-9999.0,3.6819,well,usgs_site_type,nhd_tidal,361.0234675396485,,,,,,,,,,,,,,,,,,ArtificialPath,StreamRiver,120049845,,1.0,3.0,conflict_tidal
USGS:383248076405302,USGS,383248076405302,USGS,False,no_nitrate_series,,,,,,USGS:383248076405302,True,singleton,,,,,,n/a,38.5467881910528,-76.6810735016932,NGVD29,md,Prince George's County,020600060506,America/New_York,PG Hf  36,,3.563112,Well,,,,,continuous,,,,discharge,census,non_surface_no_nitrate,,11908780,11908780,True,721.53,332.78,far,nearest,5,1,200007003,39.0,-9999.0,2.1357,well,usgs_site_type,nhd_tidal,62.2685816762539,,,,,,,,,,,,,,,,,,ArtificialPath,StreamRiver,120049845,,1.0,5.0,conflict_tidal
USGS:383248076405303,USGS,383248076405303,USGS,False,no_nitrate_series,,,,,,USGS:383248076405303,True,singleton,,,,,,n/a,38.5456666666667,-76.6807777777778,NGVD29,md,Prince George's County,020600060506,America/New_York,PG Hf  38,,3.53568,Well,,,,,continuous,,,,discharge,census,non_surface_no_nitrate,,11908782,11908780,False,1041.57,1977.65,far,nearest,3,2,200007003,40.0,-9999.0,3.6819,well,usgs_site_type,nhd_tidal,128.27438562866382,,,,,,,,,,,,,,,,,,ArtificialPath,StreamRiver,120049845,,1.0,3.0,conflict_tidal
USGS:383250076405302,USGS,383250076405302,USGS,False,no_nitrate_series,,,,,,USGS:383250076405302,True,singleton,,,,,,n/a,38.5473437315983,-76.6810735078649,NGVD29,md,Prince George's County,020600060506,America/New_York,PG Hf  33,,3.157728,Well,,,,,continuous,,,,discharge,census,non_surface_no_nitrate,,11908780,11908780,True,745.87,332.78,far,nearest,5,1,200007003,39.0,-9999.0,2.1357,well,usgs_site_type,nhd_tidal,62.2685816762539,,,,,,,,,,,,,,,,,,ArtificialPath,StreamRiver,120049845,,1.0,5.0,conflict_tidal
USGS:384526075091601,USGS,384526075091601,USGS,False,no_nitrate_series,,,,,,USGS:384526075091601,True,singleton,,,,,,n/a,38.7573222222222,-75.1544194444445,NGVD29,de,Sussex County,020402070604,America/New_York,Ni51-32,,4.209288000000001,Well,,,,,continuous,,,,diss_oxy+ph+spec_cond+water_temp,census,non_surface_no_nitrate,,8077292,8077292,True,146.49,495.24,ok,nearest,1,2,200015268,5.0,-9999.0,4.2939,well,usgs_site_type,nhd_tidal,4141.413286459068,,,,,,,,,,,,,,,,,,StreamRiver, ,0,,1.0,1.0,conflict_tidal
USGS:384639075153401,USGS,384639075153401,USGS,False,no_nitrate_series,,,,,,USGS:384639075153401,True,singleton,,,,,,n/a,38.777083,-75.259528,NAVD88,de,Sussex County,020402070603,America/New_York,DELYS-02S,,2.7432000000000003,Hyporheic-zone well,,,,,continuous,,,,spec_cond+water_temp,census,non_surface_no_nitrate,,8077678,8077678,True,27.4,241.27,ok,nearest,1,2,200015268,13.0,-9999.0,2.745,well,source_description,nhd_tidal,0.0,,,,,,,,,,,,,,,,,,StreamRiver, ,0,,1.0,1.0,conflict_tidal
USGS:384639075153402,USGS,384639075153402,USGS,False,no_nitrate_series,,,,,,USGS:384639075153402,True,singleton,,,,,,n/a,38.777083,-75.259528,NAVD88,de,Sussex County,020402070603,America/New_York,DELYS-02D,,2.7432000000000003,Well,,,,,continuous,,,,spec_cond+water_temp,census,non_surface_no_nitrate,,8077678,8077678,True,27.4,241.27,ok,nearest,1,2,200015268,13.0,-9999.0,2.745,well,usgs_site_type,nhd_tidal,0.0,,,,,,,,,,,,,,,,,,StreamRiver, ,0,,1.0,1.0,conflict_tidal
USGS:384640075153401,USGS,384640075153401,USGS,False,no_nitrate_series,,,,,,USGS:384640075153401,True,singleton,,,,,,n/a,38.777194,-75.259528,NAVD88,de,Sussex County,020402070603,America/New_York,DELYS-4S,,3.3528000000000002,Hyporheic-zone well,,,,,continuous,,,,spec_cond+water_temp,census,non_surface_no_nitrate,,8077678,8077678,True,24.99,253.48,ok,nearest,1,2,200015268,13.0,-9999.0,2.745,well,source_description,nhd_tidal,0.0,,,,,,,,,,,,,,,,,,StreamRiver, ,0,,1.0,1.0,conflict_tidal
USGS:384640075153402,USGS,384640075153402,USGS,False,no_nitrate_series,,,,,,USGS:384640075153402,True,singleton,,,,,,n/a,38.777194,-75.259528,NAVD88,de,Sussex County,020402070603,America/New_York,DELYS-4D,,3.3528000000000002,Well,,,,,continuous,,,,spec_cond+water_temp,census,non_surface_no_nitrate,,8077678,8077678,True,24.99,253.48,ok,nearest,1,2,200015268,13.0,-9999.0,2.745,well,usgs_site_type,nhd_tidal,0.0,,,,,,,,,,,,,,,,,,StreamRiver, ,0,,1.0,1.0,conflict_tidal
USGS:385252076572801,USGS,385252076572801,USGS,False,no_nitrate_series,,,,,,USGS:385252076572801,True,singleton,,,,,,n/a,38.8811944444444,-76.9577777777778,NAVD88,dc,District of Columbia,020700100204,America/New_York,WE Cb   8,,17.919192,Well,,,,,continuous,,,,diss_oxy+ph+spec_cond+water_temp,census,non_surface_no_nitrate,,22338127,22338127,True,846.68,1504.34,far,nearest,4,2,200004858,184.0,-9999.0,4.9743,well,usgs_site_type,nhd_tidal,1131.1320744996924,,,,,,,,,,,,,,,,,,ArtificialPath,StreamRiver,120049842,,1.0,4.0,conflict_tidal
USGS:385443076562801,USGS,385443076562801,USGS,False,no_nitrate_series,,,,,,USGS:385443076562801,True,singleton,,,,,,n/a,38.9120833333333,-76.9412222222222,NAVD88,dc,District of Columbia,020700100204,America/New_York,WE Cb   5,,5.647944000000001,Well,,,,,continuous,,,,diss_oxy+ph+spec_cond+water_temp,census,non_surface_no_nitrate,,22338115,22338115,True,386.57,0.0,ok,nearest,1,3,200004858,188.0,-9999.0,2.5155,well,usgs_site_type,nhd_tidal,0.0,,,,,,,,,,,,,,,,,,ArtificialPath, ,22337585,1.0,1.0,1.0,conflict_tidal
USGS:385443076562802,USGS,385443076562802,USGS,False,no_nitrate_series,,,,,,USGS:385443076562802,True,singleton,,,,,,n/a,38.9120833333333,-76.9412222222222,NAVD88,dc,District of Columbia,020700100204,America/New_York,WE Cb   6,,5.727192,Well,,,,,continuous,,,,diss_oxy+ph+spec_cond+water_temp,census,non_surface_no_nitrate,,22338115,22338115,True,386.57,0.0,ok,nearest,1,3,200004858,188.0,-9999.0,2.5155,well,usgs_site_type,nhd_tidal,0.0,,,,,,,,,,,,,,,,,,ArtificialPath, ,22337585,1.0,1.0,1.0,conflict_tidal
USGS:385504076563801,USGS,385504076563801,USGS,False,no_nitrate_series,,,,,,USGS:385504076563801,True,singleton,,,,,,n/a,38.9176666666667,-76.9438055555556,NAVD88,dc,District of Columbia,020700100204,America/New_York,WE Bb   3,,3.7490400000000004,Well,,,,,continuous,,,,diss_oxy+ph+spec_cond+water_temp,census,non_surface_no_nitrate,,22338099,22338093,False,105.85,0.0,ok,mainstem,4,2,200004858,187.0,-9999.0,1.3221,well,usgs_site_type,nhd_tidal,0.0,,,,,,,,,,,,,,,,,,ArtificialPath,StreamRiver,120049842,,1.0,4.0,conflict_tidal
USGS:385504076563802,USGS,385504076563802,USGS,False,no_nitrate_series,,,,,,USGS:385504076563802,True,singleton,,,,,,n/a,38.9176666666667,-76.9438055555556,NAVD88,dc,District of Columbia,020700100204,America/New_York,WE Bb   4,,3.770376,Well,,,,,continuous,,,,diss_oxy+ph+spec_cond+water_temp,census,non_surface_no_nitrate,,22338099,22338093,False,105.85,0.0,ok,mainstem,4,2,200004858,187.0,-9999.0,1.3221,well,usgs_site_type,nhd_tidal,0.0,,,,,,,,,,,,,,,,,,ArtificialPath,StreamRiver,120049842,,1.0,4.0,conflict_tidal
USGS:390425074544601,USGS,390425074544601,USGS,False,no_nitrate_series,,,,,,USGS:390425074544601,True,singleton,,,,,,n/a,39.073724352177,-74.9123942158889,NGVD29,nj,Cape May County,020402060701,America/New_York,090089-- Oyster Lab 4 Obs,,2.246376,Well,,,,,continuous,,,,spec_cond+water_temp,census,non_surface_no_nitrate,,9483708,9483708,True,23.35,1710.07,ok,nearest,-9,-9,150000002,-9999.0,0.0,2.3337,well,usgs_site_type,nhd_tidal,4248.322433668462,,,,,,,,,,,,,,,,,,Coastline, ,0,,0.0,-9.0,conflict_tidal
USGS:393340075272201,USGS,393340075272201,USGS,False,no_nitrate_series,,,,,,USGS:393340075272201,True,singleton,,,,,,n/a,39.56119444444444,-75.45613888888889,NAVD88,nj,Salem County,020402060106,America/New_York,331226-- Obs 7,,2.4384,Well,,,,,continuous,,,,spec_cond+water_temp,census,non_surface_no_nitrate,,9481070,9481070,True,206.33,460.83,ok,nearest,2,5,200005438,50.0,-9999.0,0.4743,well,usgs_site_type,nhd_tidal,2500.5188904422516,,,,,,,,,,,,,,,,,,StreamRiver, ,0,,1.0,2.0,conflict_tidal
USGS:393617075380402,USGS,393617075380402,USGS,False,no_nitrate_series,,,,,,USGS:393617075380402,True,singleton,,,,,,n/a,39.60466666666667,-75.63431944444446,NGVD29,de,New Castle County,020402050703,America/New_York,SCD-DP-10B,,0.36576000000000003,Well,,,,,continuous,,,,spec_cond+water_temp,census,non_surface_no_nitrate,,4652212,4652212,True,99.55,1653.27,ok,nearest,2,2,200005438,53.0,-9999.0,6.3297,well,usgs_site_type,nhd_tidal,0.0,,,,,,,,,,,,,,,,,,ArtificialPath, ,4650070,1.0,1.0,2.0,conflict_tidal
USGS:393617075380403,USGS,393617075380403,USGS,False,no_nitrate_series,,,,,,USGS:393617075380403,True,singleton,,,,,,n/a,39.60466666666667,-75.63431944444446,NGVD29,de,New Castle County,020402050703,America/New_York,SCD-DP-10AA,,0.35052,Well,,,,,continuous,,,,spec_cond+water_temp,census,non_surface_no_nitrate,,4652212,4652212,True,99.55,1653.27,ok,nearest,2,2,200005438,53.0,-9999.0,6.3297,well,usgs_site_type,nhd_tidal,0.0,,,,,,,,,,,,,,,,,,ArtificialPath, ,4650070,1.0,1.0,2.0,conflict_tidal
USGS:394808075172403,USGS,394808075172403,USGS,False,no_nitrate_series,,,,,,USGS:394808075172403,True,singleton,,,,,,n/a,39.8023354444644,-75.2896307455604,NGVD29,nj,Gloucester County,020402020607,America/New_York,150727-- Swedesboro Rd 3 Obs,,1.5422879999999999,Well,,,,,continuous,,,,spec_cond+water_temp,census,non_surface_no_nitrate,,4495784,4495784,True,33.35,2676.64,ok,nearest,2,3,200005438,87.0,-9999.0,4.3047,well,usgs_site_type,nhd_tidal,3151.0990255792085,,,,,,,,,,,,,,,,,,StreamRiver, ,0,,1.0,2.0,conflict_tidal
USGS:395206075111801,USGS,395206075111801,USGS,False,no_nitrate_series,,,,,,USGS:395206075111801,True,singleton,,,,,,n/a,39.868138888888886,-75.18813888888889,NGVD29,nj,Gloucester County,020402020507,America/New_York,150772-- National Park 3-OW-Al,,3.048,Well,,,,,continuous,,,,spec_cond+water_temp,census,non_surface_no_nitrate,,4499314,4496082,False,725.41,569.04,far,nearest,3,2,200005438,96.0,-9999.0,0.3591,well,usgs_site_type,nhd_tidal,1754.422356949469,,,,,,,,,,,,,,,,,,ArtificialPath,StreamRiver,120049793,,1.0,3.0,conflict_tidal
USGS:395902075032501,USGS,395902075032501,USGS,False,no_nitrate_series,,,,,,USGS:395902075032501,True,singleton,,,,,,n/a,39.9837235467952,-75.0568393934094,NGVD29,nj,Camden County,020402020403,America/New_York,070539-- TW-6-79,,4.6634400000000005,Well,,,,,continuous,,,,spec_cond+water_temp,census,non_surface_no_nitrate,,4495864,4495864,True,685.05,259.1,far,nearest,6,1,200005438,115.0,-9999.0,1.6758,well,usgs_site_type,nhd_tidal,3968.5173513745203,,,,,,,,,,,,,,,,,,ArtificialPath,StreamRiver,120049793,,1.0,6.0,conflict_tidal
USGS:401330074001201,USGS,401330074001201,USGS,False,no_nitrate_series,,,,,,USGS:01407639,False,sequential,1476.29,0,,,2023-04-04..2023-09-12,rule,40.22488888888889,-74.00330555555556,,nj,Monmouth County,020403010103,America/New_York,Sunset Lake east of Heck St at Asbury Park NJ,,,"Lake, Reservoir, Impoundment",,,0,,continuous,,00010+00095+00300+00400+63680,,diss_oxy+ph+spec_cond+turbidity_fnu+water_temp,census,,,6261966,6261966,True,460.16,344.42,ok,nearest,-9,-9,150000002,-9999.0,0.0,18.5913,lake,usgs_site_type,nhd_tidal,439.9426316016862,,,water_temp+spec_cond+turbidity_fnu+diss_oxy+ph,0,0,0,53,53,53,0,0,53,53,0,0,0,0,Coastline, ,0,,0.0,-9.0,conflict_tidal
USGS:401336074002901,USGS,401336074002901,USGS,False,no_nitrate_series,,,,,,USGS:401336074002901,True,distinct,1235.48,15,0.577,1869.8125,,rule,40.22655555555556,-74.00802777777778,,nj,Monmouth County,020403010103,America/New_York,Sunset Lake outlet at Bond St at Asbury Park NJ,,,"Lake, Reservoir, Impoundment",,,0,,continuous,,00010+00095+00300+00400+63680,,diss_oxy+ph+spec_cond+turbidity_fnu+water_temp,census,,,6261966,6261966,True,894.69,604.43,far,nearest,-9,-9,150000002,-9999.0,0.0,18.5913,lake,usgs_site_type,nhd_tidal,372.7959509870031,,,water_temp+spec_cond+turbidity_fnu+diss_oxy+ph,0,0,0,47,47,47,0,0,47,47,0,0,0,0,Coastline, ,0,,0.0,-9.0,conflict_tidal
USGS:401345074010601,USGS,401345074010601,USGS,False,no_nitrate_series,,,,,,USGS:401345074010601,True,singleton,,,,,,n/a,40.229305555555555,-74.01822222222222,NAVD88,nj,Monmouth County,020403010103,America/New_York,Deal Lake at Sunset Ave at Asbury Park NJ,,0.6096,"Lake, Reservoir, Impoundment",,,0,,continuous,,00010+00095+00300+00400+63680,,diss_oxy+ph+spec_cond+turbidity_fnu+water_temp,census,,,26431994,6261966,False,1725.75,68.87,far,nearest,1,1,200082802,0.0,-9999.0,3.6315,lake,usgs_site_type,nhd_tidal,374.7691643901108,,,water_temp+spec_cond+turbidity_fnu+diss_oxy+ph,0,0,0,8,8,8,0,0,8,8,0,0,0,0,ArtificialPath, ,9514520,1.0,1.0,1.0,conflict_tidal
USGS:401347074003501,USGS,401347074003501,USGS,False,no_nitrate_series,,,,,,USGS:01407639,False,distinct,1103.42,22,0.6052,-8511.2636,,rule,40.22961111111111,-74.00977777777777,,nj,Monmouth County,020403010103,America/New_York,Deal lake at Railroad Bridge at Asbury Park NJ,,,"Lake, Reservoir, Impoundment",,,0,,continuous,,00010+00095+00300+00400+63680,,diss_oxy+ph+spec_cond+turbidity_fnu+water_temp,census,,,6261966,6261966,True,1108.0,808.46,far,nearest,-9,-9,150000002,-9999.0,0.0,18.5913,lake,usgs_site_type,nhd_tidal,255.94565233645395,,,water_temp+spec_cond+turbidity_fnu+diss_oxy+ph,0,0,0,22,22,20,0,0,22,22,0,0,0,0,Coastline, ,0,,0.0,-9.0,conflict_tidal
USGS:401347074005001,USGS,401347074005001,USGS,False,no_nitrate_series,,,,,,USGS:401347074005001,True,singleton,,,,,,n/a,40.22994444444445,-74.01386111111111,NAVD88,nj,Monmouth County,020403010103,America/New_York,Deal Lake at Comstock St at Asbury Park NJ,,0.6096,"Lake, Reservoir, Impoundment",,,,,continuous,,,,diss_oxy+ph+spec_cond+turbidity_fnu+water_temp,census,,,6261966,6261966,True,1447.91,808.46,far,nearest,-9,-9,150000002,-9999.0,0.0,18.5913,lake,usgs_site_type,nhd_tidal,346.4567761864933,,,,,,,,,,,,,,,,,,Coastline, ,0,,0.0,-9.0,conflict_tidal
USGS:401349074000601,USGS,401349074000601,USGS,False,no_nitrate_series,,,,,,USGS:01407639,False,sequential,978.63,0,,,2023-04-04..2023-09-12,rule,40.23030555555556,-74.00158333333333,,nj,Monmouth County,020403010103,America/New_York,Deal lake DS of Park Ave at Asbury Park NJ,,,"Lake, Reservoir, Impoundment",,,0,,continuous,,00010+00095+00300+00400+63680,,diss_oxy+ph+spec_cond+turbidity_fnu+water_temp,census,,,6261966,6261966,True,438.35,1349.65,ok,nearest,-9,-9,150000002,-9999.0,0.0,18.5913,lake,usgs_site_type,nhd_tidal,327.17281486642116,,,water_temp+spec_cond+turbidity_fnu+diss_oxy+ph,0,0,0,53,53,53,0,0,53,53,0,0,0,0,Coastline, ,0,,0.0,-9.0,conflict_tidal
USGS:401350073595201,USGS,401350073595201,USGS,False,no_nitrate_series,,,,,,USGS:01407639,False,sequential,1168.99,0,,,2023-04-04..2023-09-12,rule,40.230583333333335,-73.99772222222222,,nj,Monmouth County,020403010103,America/New_York,Deal Lake at Flume House at Asbury Park NJ,,,"Lake, Reservoir, Impoundment",,,0,,continuous,,00010+00095+00300+00400+63680,,diss_oxy+ph+spec_cond+turbidity_fnu+water_temp,census,,,6261966,6261966,True,111.2,1349.65,ok,nearest,-9,-9,150000002,-9999.0,0.0,18.5913,lake,usgs_site_type,nhd_tidal,82.53743288902909,,,water_temp+spec_cond+turbidity_fnu+diss_oxy+ph,0,0,0,36,36,36,0,0,36,36,0,0,0,0,Coastline, ,0,,0.0,-9.0,conflict_tidal
USGS:401352074002701,USGS,401352074002701,USGS,False,no_nitrate_series,,,,,,USGS:01407639,False,distinct,914.51,15,-0.4679,2495.3774,,rule,40.23116666666667,-74.00755555555556,NAVD88,nj,Monmouth County,020403010103,America/New_York,Deal Lake 150 ft east of Main St at Interlaken NJ,,0.6096,"Lake, Reservoir, Impoundment",,,0,,continuous,,00010+00095+00300+00400+63680,,diss_oxy+ph+spec_cond+turbidity_fnu+water_temp,census,,,6261966,6261966,True,942.1,1349.65,far,nearest,-9,-9,150000002,-9999.0,0.0,18.5913,lake,usgs_site_type,nhd_tidal,255.94565233645395,,,water_temp+spec_cond+turbidity_fnu+diss_oxy+ph,0,0,0,15,15,15,0,0,15,15,0,0,0,0,Coastline, ,0,,0.0,-9.0,conflict_tidal
USGS:401358074013101,USGS,401358074013101,USGS,False,no_nitrate_series,,,,,,USGS:401358074013101,True,singleton,,,,,,n/a,40.233000000000004,-74.02525,NAVD88,nj,Monmouth County,020403010103,America/New_York,Deal Lake US Wickapecko Dr at Wanamassa NJ,,3.3528000000000002,"Lake, Reservoir, Impoundment",,,,,continuous,,,,diss_oxy+ph+spec_cond+turbidity_fnu+water_temp,census,,,26431994,6261966,False,2323.31,0.0,far,nearest,1,1,200082802,0.0,-9999.0,3.6315,lake,usgs_site_type,nhd_tidal,722.9941837220949,,,,,,,,,,,,,,,,,,ArtificialPath, ,9514520,1.0,1.0,1.0,conflict_tidal
USGS:402548073592301,USGS,402548073592301,USGS,False,no_nitrate_series,,,,,,USGS:402548073592301,True,singleton,,,,,,n/a,40.43015,-73.9898666666667,NAVD88,nj,Monmouth County,020301040402,America/New_York,251236-- GWW31,,0.813816,Well,,,,,continuous,,,,spec_cond,census,non_surface_no_nitrate,,6261948,6261970,False,666.36,1517.77,far,nearest,-9,-9,150000002,-9999.0,0.0,3.0627,well,usgs_site_type,nhd_tidal,17.731012320338046,,,,,,,,,,,,,,,,,,Coastline, ,0,,0.0,-9.0,conflict_tidal
USGS:402548073592302,USGS,402548073592302,USGS,False,no_nitrate_series,,,,,,USGS:402548073592302,True,singleton,,,,,,n/a,40.4301,-73.9896666666667,NAVD88,nj,Monmouth County,020301040402,America/New_York,251237-- GWW32,,1.054608,Well,,,,,continuous,,,,spec_cond,census,non_surface_no_nitrate,,6261948,6261970,False,649.13,1513.6,far,nearest,-9,-9,150000002,-9999.0,0.0,3.0627,well,usgs_site_type,nhd_tidal,8.411565053715723,,,,,,,,,,,,,,,,,,Coastline, ,0,,0.0,-9.0,conflict_tidal
USGS:402548073592303,USGS,402548073592303,USGS,False,no_nitrate_series,,,,,,USGS:402548073592303,True,singleton,,,,,,n/a,40.4301,-73.9895666666667,NAVD88,nj,Monmouth County,020301040402,America/New_York,251238-- GWW33,,1.2832080000000001,Well,,,,,continuous,,,,spec_cond,census,non_surface_no_nitrate,,6261948,6261970,False,640.75,1514.3,far,nearest,-9,-9,150000002,-9999.0,0.0,3.0627,well,usgs_site_type,nhd_tidal,0.0,,,,,,,,,,,,,,,,,,Coastline, ,0,,0.0,-9.0,conflict_tidal
USGS:402548073592304,USGS,402548073592304,USGS,False,no_nitrate_series,,,,,,USGS:402548073592304,True,singleton,,,,,,n/a,40.4301,-73.9895666666667,NAVD88,nj,Monmouth County,020301040402,America/New_York,251239-- GWW34,,1.34112,Well,,,,,continuous,,,,spec_cond,census,non_surface_no_nitrate,,6261948,6261970,False,640.75,1514.3,far,nearest,-9,-9,150000002,-9999.0,0.0,3.0627,well,usgs_site_type,nhd_tidal,0.0,,,,,,,,,,,,,,,,,,Coastline, ,0,,0.0,-9.0,conflict_tidal
USGS:403921073064801,USGS,403921073064801,USGS,False,no_nitrate_series,,,,,,USGS:403921073064801,True,singleton,,,,,,n/a,40.6559138888889,-73.1132527777778,NAVD88,ny,Suffolk County,020302020405,America/New_York,Fire Island Sunken Forest Middle Well,,1.688592,Well,,,,,continuous,,,,spec_cond,census,non_surface_no_nitrate,,9500282,,,5668.62,3274.09,far,nearest,-9,-9,150000002,-9999.0,0.0,6.9363,well,usgs_site_type,nhd_tidal,45.29173162028524,,,,,,,,,,,,,,,,,,Coastline, ,0,,0.0,-9.0,conflict_tidal
USGS:403921073070401,USGS,403921073070401,USGS,False,no_nitrate_series,,,,,,USGS:403921073070401,True,singleton,,,,,,n/a,40.6556444444444,-73.11285,NAVD88,ny,Suffolk County,020302020405,America/New_York,Fire Island Sunken Forest Inland Well 1,,2.505456,Well,,,,,continuous,,,,spec_cond,census,non_surface_no_nitrate,,9500282,,,5712.13,3274.09,far,nearest,-9,-9,150000002,-9999.0,0.0,6.9363,well,usgs_site_type,nhd_tidal,45.29173162028524,,,,,,,,,,,,,,,,,,Coastline, ,0,,0.0,-9.0,conflict_tidal
USGS:403922073064401,USGS,403922073064401,USGS,False,no_nitrate_series,,,,,,USGS:403922073064401,True,singleton,,,,,,n/a,40.6560305555556,-73.1120527777778,NAVD88,ny,Suffolk County,020302020405,America/New_York,Fire Island Sunken Forest Marsh Well,,1.81356,Well,,,,,continuous,,,,spec_cond,census,non_surface_no_nitrate,,9500282,,,5711.62,3274.09,far,nearest,-9,-9,150000002,-9999.0,0.0,6.9363,well,usgs_site_type,nhd_tidal,10.951387066496768,,,,,,,,,,,,,,,,,,Coastline, ,0,,0.0,-9.0,conflict_tidal
USGS:403922073064402,USGS,403922073064402,USGS,False,no_nitrate_series,,,,,,USGS:403922073064402,True,singleton,,,,,,n/a,40.6560333333333,-73.1121833333333,NAVD88,ny,Suffolk County,020302020405,America/New_York,Fire Island Sunken Forest Deep Well,,1.61544,Well,,,,,continuous,,,,spec_cond,census,non_surface_no_nitrate,,9500282,,,5705.42,3274.09,far,nearest,-9,-9,150000002,-9999.0,0.0,6.9363,well,usgs_site_type,nhd_tidal,10.951387066496768,,,,,,,,,,,,,,,,,,Coastline, ,0,,0.0,-9.0,conflict_tidal
USGS:404028073384601,USGS,404028073384601,USGS,False,no_nitrate_series,,,,,,USGS:404028073384601,True,singleton,,,,,,n/a,40.67444444444444,-73.64611111111111,,ny,Nassau County,020302020204,America/New_York,"Hempstead Lake Buoy at Lakeview, NY",,,"Lake, Reservoir, Impoundment",,,0,,continuous,,00010+00095+00300+00400+63680,,diss_oxy+ph+spec_cond+turbidity_fnu+water_temp,census,,,9500192,9500192,True,474.01,0.0,ok,nearest,1,2,200032786,5.0,-9999.0,48.0573,lake,usgs_site_type,nhd_tidal,1418.418302064925,,,water_temp+spec_cond+turbidity_fnu+diss_oxy+ph,0,0,0,1474,1474,1416,0,0,1471,1474,0,0,0,0,ArtificialPath, ,9497902,1.0,1.0,1.0,conflict_tidal
USGS:410254072275201,USGS,410254072275201,USGS,False,no_nitrate_series,,,,,,USGS:410254072275201,True,singleton,,,,,,n/a,41.04852777777778,-72.46463888888889,,ny,Suffolk County,020302010402,America/New_York,RECHARGE BASIN AT MILL LANE AT PECONIC NY,,,"Lake, Reservoir, Impoundment",,,0,,continuous,,00095,,spec_cond,census,,,9507734,9507734,True,449.69,12007.1,ok,nearest,-9,-9,150000002,-9999.0,0.0,9.3933,lake,usgs_site_type,nhd_tidal,8289.17821526402,,,spec_cond,0,0,0,0,1853,0,0,0,0,0,0,0,0,0,Coastline, ,0,,0.0,-9.0,conflict_tidal
USGS:412238070403701,USGS,412238070403701,USGS,False,no_nitrate_series,,,,,,USGS:412238070403701,True,singleton,,,,,,n/a,41.377398796832146,-70.67649624894055,NAVD88,ma,Dukes County,010900020602,America/New_York,"TIASQUAM RIVER AT WEST TISBURY, MA",,3.6576000000000004,Stream,,,,,continuous,,,,discharge+gage_height,census,,,5882389,5882389,True,3670.26,7290.34,far,nearest,-9,-9,150001770,-9999.0,-9999.0,126.7695,stream,usgs_site_type,nhd_tidal,1403.582426870305,,,,,,,,,,,,,,,,,,Coastline, ,0,,0.0,-9.0,conflict_tidal
USGS:412630070400301,USGS,412630070400301,USGS,False,no_nitrate_series,,,,,,USGS:412630070400301,True,singleton,,,,,,n/a,41.44182867808592,-70.66706763228936,NAVD88,ma,Dukes County,010900020601,America/New_York,"BLACKWATER BROOK AT LAMBERTS COVE, MA",,3.9624,Stream,,,,,continuous,,,,discharge+gage_height,census,,,5882159,5882159,True,50.81,1488.7,ok,nearest,1,1,150029926,0.0,-9999.0,2.0961,stream,usgs_site_type,nhd_tidal,5895.853133836987,,,,,,,,,,,,,,,,,,StreamRiver, ,0,,1.0,1.0,conflict_tidal
USGS:413519081340100,USGS,413519081340100,USGS,False,no_nitrate_series,,,,,,USGS:413519081340100,True,singleton,,,,,,n/a,41.5886111111111,-81.5669444444444,,oh,Cuyahoga County,041202000300,America/New_York,Lake Erie at Wildwood Marina at Cleveland OH,,,"Lake, Reservoir, Impoundment",,,,,continuous,,,,gage_height,census,,,28123868,,,208.65,21.58,ok,mainstem,-9,-9,90001566,-9999.0,0.0,117.9639,lake,usgs_site_type,nhd_tidal,982.3673337686957,,,,,,,,,,,,,,,,,,Coastline, ,0,,0.0,-9.0,conflict_tidal
USGS:413655087160601,USGS,413655087160601,USGS,False,no_nitrate_series,,,,,,USGS:413655087160601,True,singleton,,,,,,n/a,41.6152722222222,-87.26835,NAVD88,in,Lake County,04040001,America/New_York,"S-16, E. GRAND CAL LAGOON-LAKE ST AT EAST GARY IN",,185.236104,"Lake, Reservoir, Impoundment",,,,,continuous,,,,diss_oxy+fchl+water_temp,census,,,3398592,3398592,True,518.02,1370.63,far,nearest,-9,-9,90000001,-9999.0,0.0,3.3048,lake,usgs_site_type,nhd_tidal,766.7836687556414,,,,,,,,,,,,,,,,,,Coastline, ,0,,0.0,-9.0,conflict_tidal
USGS:413704087153501,USGS,413704087153501,USGS,False,no_nitrate_series,,,,,,USGS:413704087153501,True,singleton,,,,,,n/a,41.617777777777775,-87.25972222222222,,in,Lake County,04040001,America/New_York,"GRAND CALUMET LAGOON AT MARQUETTE PARK AT GARY, IN",,,"Lake, Reservoir, Impoundment",,,0,,continuous,,00010+00300+32316,,diss_oxy+fchl+water_temp,census,,,3398592,3398592,True,274.42,736.93,ok,nearest,-9,-9,90000001,-9999.0,0.0,3.3048,lake,usgs_site_type,nhd_tidal,766.7836687556414,,,water_temp+diss_oxy+fchl,0,0,0,370,0,0,0,0,370,0,0,356,0,0,Coastline, ,0,,0.0,-9.0,conflict_tidal
USGS:413710087230602,USGS,413710087230602,USGS,False,no_nitrate_series,,,,,,USGS:413710087230602,True,singleton,,,,,,n/a,41.61936111111111,-87.38508333333334,NAVD88,in,Lake County,04040001,America/New_York,EVAP STATION NEAR P3,,179.52720000000002,Stream,,,,,continuous,,,,spec_cond+water_temp,census,,,3398598,3398182,False,1579.56,13631.47,far,nearest,-9,-9,90000001,-9999.0,0.0,16.0245,stream,usgs_site_type,nhd_tidal,212.39423507986547,,,,,,,,,,,,,,,,,,Coastline, ,0,,0.0,-9.0,conflict_tidal
USGS:413715087232101,USGS,413715087232101,USGS,False,no_nitrate_series,,,,,,USGS:413715087232101,True,singleton,,,,,,n/a,41.6208055555556,-87.3892777777778,NAVD88,in,Lake County,04040001,America/New_York,"USGS WELL P2 AT PINE STATION NP NEAR GARY, IN",,179.32908,Well,,,,,continuous,,,,spec_cond+water_temp,census,non_surface_no_nitrate,,3398598,3398182,False,1553.65,14013.35,far,nearest,-9,-9,90000001,-9999.0,0.0,16.0245,well,usgs_site_type,nhd_tidal,322.31462637320226,,,,,,,,,,,,,,,,,,Coastline, ,0,,0.0,-9.0,conflict_tidal
USGS:413718087233701,USGS,413718087233701,USGS,False,no_nitrate_series,,,,,,USGS:413718087233701,True,singleton,,,,,,n/a,41.6217777777778,-87.3936111111111,NAVD88,in,Lake County,04040001,America/New_York,"USGS WELL P1 AT PINE STATION NP NEAR GARY, IN",,179.728368,Well,,,,,continuous,,,,spec_cond+water_temp,census,non_surface_no_nitrate,,3398598,3398182,False,1581.17,14386.91,far,nearest,-9,-9,90000001,-9999.0,0.0,16.0245,well,usgs_site_type,nhd_tidal,66.57377276924107,,,,,,,,,,,,,,,,,,Coastline, ,0,,0.0,-9.0,conflict_tidal
USGS:413720087233901,USGS,413720087233901,USGS,False,no_nitrate_series,,,,,,USGS:413720087233901,True,singleton,,,,,,n/a,41.6221111111111,-87.3942777777778,NAVD88,in,Lake County,04040001,America/New_York,"USGS WELL C1 AT CLARK AND PINE NP NEAR GARY, IN",,179.978304,Well,,,,,continuous,,,,spec_cond+water_temp,census,non_surface_no_nitrate,,3398598,3398182,False,1543.77,15359.93,far,nearest,-9,-9,90000001,-9999.0,0.0,16.0245,well,usgs_site_type,nhd_tidal,66.57377276924107,,,,,,,,,,,,,,,,,,Coastline, ,0,,0.0,-9.0,conflict_tidal
USGS:413721087235801,USGS,413721087235801,USGS,False,no_nitrate_series,,,,,,USGS:413721087235801,True,singleton,,,,,,n/a,41.6225833333333,-87.3994722222222,NAVD88,in,Lake County,04040001,America/New_York,"USGS WELL C4 AT CLARK AND PINE NP NEAR GARY, IN",,179.853336,Well,,,,,continuous,,,,spec_cond+water_temp,census,non_surface_no_nitrate,,3398598,3398182,False,1540.99,15359.93,far,nearest,-9,-9,90000001,-9999.0,0.0,16.0245,well,usgs_site_type,nhd_tidal,432.87794317923425,,,,,,,,,,,,,,,,,,Coastline, ,0,,0.0,-9.0,conflict_tidal
USGS:414340087313901,USGS,414340087313901,USGS,False,no_nitrate_series,,,,,,USGS:414340087313901,True,singleton,,,,,,n/a,41.7247575067844,-87.5253225007904,,il,Cook County,04060200,America/Chicago,"CALUMET HARBOR DISPOSAL FACILITY AT CHICAGO, IL",,,Stream,,,0,,continuous,,00065_dv,,gage_height,census,,,3398580,3398580,True,29.29,6210.91,ok,nearest,-9,-9,90000001,-9999.0,0.0,2.5416,stream,usgs_site_type,nhd_tidal,7396.2103379026175,,,gage_height,0,0,1732,0,0,0,0,0,0,0,0,0,0,0,Coastline, ,0,,0.0,-9.0,conflict_tidal
USGS:414942087360201,USGS,414942087360201,USGS,False,no_nitrate_series,,,,,,USGS:414942087360201,True,singleton,,,,,,n/a,41.8283333333333,-87.6005555555555,,il,Cook County,040602000000,America/Chicago,"LAKE MICHIGAN NR 38TH STREET AT CHICAGO, IL",,,"Lake, Reservoir, Impoundment",,,,,continuous,,,,gage_height,census,,,3398558,,,67.28,4864.65,ok,nearest,-9,-9,90000001,-9999.0,0.0,20.2014,lake,usgs_site_type,nhd_tidal,5435.861545049222,,,,,,,,,,,,,,,,,,Coastline, ,0,,0.0,-9.0,conflict_tidal
USGS:422302071083801,USGS,422302071083801,USGS,False,no_nitrate_series,,,,,,USGS:422302071083801,True,distinct,2701.05,,,,,rule,42.3838888888889,-71.1438888888889,NAVD88,ma,Middlesex County,010900010502,America/New_York,"FRESH POND IN GATE HOUSE AT CAMBRIDGE, MA",,8.41248,"Lake, Reservoir, Impoundment",,,0,,continuous,,00010+00095,,spec_cond+water_temp,census,,,5866419,5866419,True,1468.56,1134.47,far,nearest,1,2,150010033,9.0,-9999.0,20.5758,lake,usgs_site_type,nhd_tidal,117.7987646544859,,,water_temp+spec_cond,0,0,0,6785,6644,0,0,0,0,0,0,0,0,0,StreamRiver, ,0,,1.0,1.0,conflict_tidal
USGS:422303071084301,USGS,422303071084301,USGS,False,no_nitrate_series,,,,,,USGS:422303071084301,True,distinct,2708.34,,,,,rule,42.384166666666665,-71.14527777777778,,ma,Middlesex County,010900010502,America/New_York,"FRESH POND BUOY, NEAR INTAKE AT CAMBRIDGE, MA",,,"Lake, Reservoir, Impoundment",,,0,,continuous,,00010+32319,,fpc+water_temp,census,,,5866419,5866419,True,1428.87,1023.56,far,nearest,1,2,150010033,9.0,-9999.0,20.5758,lake,usgs_site_type,nhd_tidal,117.7987646544859,,,water_temp+fpc,0,0,0,798,0,0,0,0,0,0,0,0,798,0,StreamRiver, ,0,,1.0,1.0,conflict_tidal
USGS:430212070505201,USGS,430212070505201,USGS,False,no_nitrate_series,,,,,,USGS:430212070505201,True,singleton,,,,,,n/a,43.0367548774574,-70.847277080354,NGVD29,nh,Rockingham County,010600030901,America/New_York,NH-GTW  141,,5.489448,Well,,,,,continuous,,,,water_temp,census,non_surface_no_nitrate,,5845268,5845268,True,30.69,1975.62,ok,nearest,2,3,150004358,23.0,-9999.0,1.9872,well,usgs_site_type,nhd_tidal,104.51397788325508,,,,,,,,,,,,,,,,,,StreamRiver, ,0,,1.0,2.0,conflict_tidal
USGS:443217088000901,USGS,443217088000901,USGS,False,no_nitrate_series,,,,,,USGS:443217088000901,True,singleton,,,,,,n/a,44.53805492132503,-88.00253042623764,NAVD88,wi,Brown County,040302040405,America/Chicago,"FOX R (UPPER) A SCHMIDT OIL DOCK A GREEN BAY, WI",,179.22240000000002,Stream,,,,,continuous,,,,diss_oxy+water_temp,census,,,6802196,6802196,True,62.25,0.0,ok,mainstem,-9,-9,90000001,-9999.0,0.0,0.1026,stream,usgs_site_type,nhd_tidal,0.0,,,,,,,,,,,,,,,,,,Coastline, ,0,,0.0,-9.0,conflict_tidal
USGS:443217088000902,USGS,443217088000902,USGS,False,no_nitrate_series,,,,,,USGS:443217088000902,True,singleton,,,,,,n/a,44.53805492132503,-88.00253042623764,NAVD88,wi,Brown County,040302040405,America/Chicago,"FOX R (LOWER) A SCHMIDT OIL DOCK A GREEN BAY, WI",,179.22240000000002,Stream,,,,,continuous,,,,diss_oxy+water_temp,census,,,6802196,6802196,True,62.25,0.0,ok,mainstem,-9,-9,90000001,-9999.0,0.0,0.1026,stream,usgs_site_type,nhd_tidal,0.0,,,,,,,,,,,,,,,,,,Coastline, ,0,,0.0,-9.0,conflict_tidal
USGS:445331085564501,USGS,445331085564501,USGS,False,no_nitrate_series,,,,,,USGS:445331085564501,True,singleton,,,,,,n/a,44.86083177476804,-85.99579294501957,NGVD29,mi,Leelanau County,040601040402,America/New_York,"GLEN LAKE NEAR GLEN ARBOR, MI",79.7716304,181.66080000000002,"Lake, Reservoir, Impoundment",,,,,continuous,,,,gage_height,census,,,12228545,12228107,False,4254.77,0.0,far,nearest,-9,-9,90000001,-9999.0,0.0,11.2239,lake,usgs_site_type,nhd_tidal,5417.6037378811725,,,,,,,,,,,,,,,,,,Coastline, ,0,,0.0,-9.0,conflict_tidal
USGS:0167889257,USGS,0167889257,USGS,False,no_nitrate_series,,,,,,USGS:0167889257,True,singleton,,,,,,n/a,37.0184972222222,-76.3935277777778,NAVD88,va,Hampton City,020801080103,America/New_York,"STORM DRAIN WEST OF GARRETT DRIVE AT HAMPTON, VA",,2.04216,Storm sewer,,,0,,continuous,,00010+00060+00065+00095+63680,,discharge+gage_height+spec_cond+turbidity_fnu+water_temp,census,,,9888438,9888438,True,795.31,1209.14,far,nearest,1,5,200016565,19.0,-9999.0,3.3714,stream,usgs_default_stream,,2248.1735723871225,,,discharge+gage_height+water_temp+spec_cond+turbidity_fnu,0,4051,3851,3793,3781,3672,0,0,0,0,0,0,0,0,StreamRiver, ,0,,1.0,1.0,no_evidence
USGS:0204288786,USGS,0204288786,USGS,False,no_nitrate_series,,,,,,USGS:0204288786,True,singleton,,,,,,n/a,36.7638111111111,-76.2290777777778,NAVD88,va,Chesapeake City,020802080204,America/New_York,"STORM DRAIN AT PROFESSIONAL PL NEAR CHESAPEAKE, VA",,2.8956,Storm sewer,,,0,,continuous,,00010+00060+00065+00095+63680,,discharge+gage_height+spec_cond+turbidity_fnu+water_temp,census,,,10053880,10056110,False,569.56,0.0,far,mainstem,2,4,200004444,35.0,-9999.0,1.6641,stream,usgs_default_stream,,8330.257839172122,,,discharge+gage_height+water_temp+spec_cond+turbidity_fnu,0,3984,4071,4051,3976,3762,0,0,0,0,0,0,0,0,CanalDitch, ,0,,1.0,2.0,no_evidence
USGS:0204289131,USGS,0204289131,USGS,False,no_nitrate_series,,,,,,USGS:0204289131,True,singleton,,,,,,n/a,36.8624972222222,-76.3842472222222,NAVD88,va,Portsmouth City,020802080205,America/New_York,"STORM DRAIN AT DAISY DRIVE NEAR PORTSMOUTH, VA",,0.9753600000000001,Storm sewer,,,0,,continuous,,00010+00060+00065+00095+63680,,discharge+gage_height+spec_cond+turbidity_fnu+water_temp,census,,,10055578,10054510,False,825.77,0.0,far,nearest,1,5,200004444,22.0,-9999.0,0.0486,stream,usgs_default_stream,,2379.644542664583,,,discharge+gage_height+water_temp+spec_cond+turbidity_fnu,0,3785,3776,3807,3804,3648,0,0,0,0,0,0,0,0,ArtificialPath, ,10052456,1.0,1.0,1.0,no_evidence
USGS:0204289402,USGS,0204289402,USGS,False,no_nitrate_series,,,,,,USGS:0204289402,True,singleton,,,,,,n/a,36.8835444444444,-76.3806361111111,NAVD88,va,Portsmouth City,020802080206,America/New_York,"STORM DRAIN AT CRANEYBROOK LANE AT EDGEFIELD, VA",,1.70688,Storm sewer,,,0,,continuous,,00010+00060+00065+00095+63680,,discharge+gage_height+spec_cond+turbidity_fnu+water_temp,census,,,10056084,10056084,True,1199.11,0.0,far,nearest,1,3,200004444,13.0,-9999.0,8.5761,stream,usgs_default_stream,,2379.644542664583,,,discharge+gage_height+water_temp+spec_cond+turbidity_fnu,0,3927,3883,3910,3900,3831,0,0,0,0,0,0,0,0,ArtificialPath,StreamRiver,120049859,,1.0,1.0,no_evidence
USGS:0204289989,USGS,0204289989,USGS,False,no_nitrate_series,,,,,,USGS:0204289989,True,singleton,,,,,,n/a,36.9235138888889,-76.2504972222222,NAVD88,va,Norfolk City,020802080302,America/New_York,"STORM DRAIN AT SHEPPARD AVENUE NEAR NORFOLK, VA",,0.54864,Storm sewer,,,0,,continuous,,00010+00060+00065+00095+63680,,discharge+gage_height+spec_cond+turbidity_fnu+water_temp,census,,,9890502,10055092,False,1385.22,60.32,far,nearest,1,1,200073259,4.0,-9999.0,5.6088,stream,usgs_default_stream,,6629.779879814863,,,discharge+gage_height+water_temp+spec_cond+turbidity_fnu,0,4017,4028,4016,4003,3728,0,0,0,0,0,0,0,0,StreamRiver, ,0,,1.0,1.0,no_evidence
USGS:0204309906,USGS,0204309906,USGS,False,no_nitrate_series,,,,,,USGS:0204309906,True,singleton,,,,,,n/a,36.6906444444444,-76.2123166666667,NAVD88,va,Chesapeake City,030102051201,America/New_York,"CONVEYANCE CHAN AT RAMSGATE LN NR GREAT BRIDGE, VA",,3.7490400000000004,Canal,,,0,,continuous,,00010+00060+00065+00095+63680,,discharge+gage_height+spec_cond+turbidity_fnu+water_temp,census,,,10475759,10470437,False,727.5,0.0,far,mainstem,1,3,250012984,51.0,-9999.0,0.6651,stream,usgs_default_stream,,8330.257839172122,,,discharge+gage_height+water_temp+spec_cond+turbidity_fnu,0,4064,3888,3908,3897,3658,0,0,0,0,0,0,0,0,StreamRiver, ,0,,1.0,1.0,no_evidence
USGS:03341980,USGS,03341980,USGS,False,no_nitrate_series,,,,,,USGS:03341980,True,singleton,,,,,,n/a,39.0475420710921,-87.5536341303142,,in,Sullivan County,05120111,America/New_York,INLET TO HOOSIER ENERGY NR. MEROM IN,,,Diversion,,,,,continuous,,,,discharge,census,,,10286448,10286370,False,1626.66,680.74,far,nearest,7,3,350002977,2013.0,0.0794312524209,4.9986,stream,usgs_default_stream,,2516.7897428188503,,,,,,,,,,,,,,,,,,ArtificialPath,StreamRiver,120049778,,0.0,7.0,no_evidence
USGS:03438190,USGS,03438190,USGS,False,no_nitrate_series,,,,,,USGS:03438190,True,singleton,,,,,,n/a,36.9897773842556,-88.221418687923,,ky,Lyon County,06040005,America/Chicago,"BARKLEY-KENTUCKY CANAL NEAR GRAND RIVERS, KY",,,Canal,,,,,continuous,,,,discharge,census,,,10577683,10577683,True,1417.95,0.0,far,nearest,1,4,350002977,1679.0,0.00606308097568,3.1527,stream,usgs_default_stream,,3582.3551088575873,,,,,,,,,,,,,,,,,,ArtificialPath,LakePond,120052349,2.02807263094e-08,0.0,1.0,no_evidence
USGS:05341404,USGS,05341404,USGS,False,no_nitrate_series,,,,,,USGS:05341404,True,singleton,,,,,,n/a,45.410515609938,-92.506033386118,NGVD29,wi,Polk County,070300050802,America/Chicago,"DEER LAKE TRIB. 1-UPSTREAM SITE-NEAR CENTURIA, WI",0.10359952,347.47200000000004,Land,,,,,continuous,,,,discharge,census,,,2648278,2648282,False,1729.1,1592.79,far,nearest,1,5,350002977,3001.0,0.13013371777,9.4473,stream,usgs_default_stream,,144.32321642966977,,,,,,,,,,,,,,,,,,StreamRiver, ,0,,0.0,1.0,no_evidence
USGS:05341405,USGS,05341405,USGS,False,no_nitrate_series,,,,,,USGS:05341405,True,singleton,,,,,,n/a,45.4099600866861,-92.5077001244967,NGVD29,wi,Polk County,070300050802,America/Chicago,"DEER LAKE TRIB. 1-DOWNSTREAM SITE-NR CENTURIA, WI",0.98419544,341.37600000000003,Land,,,,,continuous,,,,discharge+water_temp,census,,,2648278,2648282,False,1810.42,1663.42,far,nearest,1,5,350002977,3001.0,0.13013371777,9.4473,stream,usgs_default_stream,,144.32321642966977,,,,,,,,,,,,,,,,,,StreamRiver, ,0,,0.0,1.0,no_evidence
USGS:05429110,USGS,05429110,USGS,False,no_nitrate_series,,,,,,USGS:05429110,True,singleton,,,,,,n/a,43.06111624613318,-89.41535593624957,NAVD88,wi,Dane County,070900020702,America/Chicago,"VAN BUREN STORM SEWER AT MADISON, WI",0.15539928,263.3472,Storm sewer,,,,,continuous,,,,discharge,census,,,13294344,13294344,True,628.62,1754.68,far,nearest,1,4,350002977,2711.0,0.0,8.1981,stream,usgs_default_stream,,408.8307201102604,,,,,,,,,,,,,,,,,,ArtificialPath,LakePond,13293322,1.0,0.0,1.0,no_evidence
USGS:05429268,USGS,05429268,USGS,False,no_nitrate_series,,,,,,USGS:05429268,True,singleton,,,,,,n/a,43.034171974084565,-89.39313291800191,NAVD88,wi,Dane County,070900020702,America/Chicago,"NINE SPRINGS CR STORM SEWER TRIB AT MADISON, WI",0.46619784,266.3952,Storm sewer,,,,,continuous,,,,discharge,census,,,13294248,13294248,True,1083.89,1335.18,far,nearest,2,4,350002977,2709.0,0.111820609809,4.1328,stream,usgs_default_stream,,1631.9556032880257,,,,,,,,,,,,,,,,,,StreamRiver, ,0,,0.0,2.0,no_evidence
USGS:06470833,USGS,06470833,USGS,False,no_nitrate_series,,,,,,USGS:06470833,True,singleton,,,,,,n/a,46.12496572176511,-98.09733667917158,,nd,Dickey County,101600031403,America/Chicago,"PILOT DRAIN AT OAKES, ND",13.208938799999999,,Canal,,,,,continuous,,,,discharge+gage_height+spec_cond+water_temp,census,,,11468992,11468988,False,1568.35,261.44,far,mainstem,5,3,350002977,3913.0,0.134855254083,54.4869,stream,usgs_default_stream,,2094.547707061206,,,,,,,,,,,,,,,,,,ArtificialPath,StreamRiver,120049127,,0.0,5.0,no_evidence
USGS:073745253,USGS,073745253,USGS,False,no_nitrate_series,,,,,,USGS:073745253,True,singleton,,,,,,n/a,29.784166666666668,-89.9375,NAVD88,la,Plaquemines Parish,080902030506,America/Chicago,"Reggio Canal near Wills Point, LA",,0.0,Canal,,,0,,continuous,,00010+00065+00095,,gage_height+spec_cond+water_temp,census,,,22769792,22769844,False,4567.86,0.0,far,nearest,1,2,350024010,48.0,-9999.0,3.8277,stream,usgs_default_stream,,6399.049271371905,,,gage_height+water_temp+spec_cond,0,0,6283,6257,6057,0,0,0,0,0,0,0,0,0,StreamRiver, ,0,,1.0,1.0,no_evidence
USGS:295827090052800,USGS,295827090052800,USGS,False,no_nitrate_series,,,,,,USGS:295827090052800,True,singleton,,,,,,n/a,29.9741666666667,-90.0911111111111,,la,Orleans Parish,080902030103,America/Chicago,"Bayou Saint John Southlake at New Orleans ,LA",,,Canal,,,0,,continuous,,00010+00065+00095+00300,,diss_oxy+gage_height+spec_cond+water_temp,census,,,22799309,18910456,False,3751.63,5930.94,far,nearest,10,1,350002977,173.0,-9999.0,6.4179,stream,usgs_default_stream,,1259.2433934248318,,,gage_height+water_temp+spec_cond+diss_oxy,0,0,1360,1361,1205,0,0,0,738,0,0,0,0,0,ArtificialPath,StreamRiver,120049892,,1.0,10.0,no_evidence
USGS:295906090054200,USGS,295906090054200,USGS,False,no_nitrate_series,,,,,,USGS:295906090054200,True,distinct,2628.67,1197,0.5492,-1010.0,,rule,29.985,-90.095,,la,Orleans Parish,080902030103,America/Chicago,"City Park South Lagoon at New Orleans, LA",,,Canal,,,0,,continuous,,00010+00065+00095+00300,,diss_oxy+gage_height+spec_cond+water_temp,census,,,22772198,18910424,False,2760.96,0.0,far,nearest,1,2,350002977,178.0,-9999.0,9.3555,stream,usgs_default_stream,,1259.2433934248318,,,gage_height+water_temp+spec_cond+diss_oxy,0,0,1420,1421,1379,0,0,0,802,0,0,0,0,0,CanalDitch, ,0,,1.0,1.0,no_evidence
USGS:300009090051600,USGS,300009090051600,USGS,False,no_nitrate_series,,,,,,USGS:300009090051600,True,distinct,2062.98,1120,0.7377,104.9871,,rule,30.0025,-90.0877777777778,,la,Orleans Parish,080902030103,America/Chicago,"City Park East Lagoon at New Orleans, LA",,,Canal,,,0,,continuous,,00010+00065+00095+00300,,diss_oxy+gage_height+spec_cond+water_temp,census,,,22772198,18910424,False,2582.73,0.0,far,nearest,1,2,350002977,178.0,-9999.0,9.3555,stream,usgs_default_stream,,566.1118779531522,,,gage_height+water_temp+spec_cond+diss_oxy,0,0,1294,1295,1185,0,0,0,777,0,0,0,0,0,CanalDitch, ,0,,1.0,1.0,no_evidence
USGS:300026090050800,USGS,300026090050800,USGS,False,no_nitrate_series,,,,,,USGS:300026090050800,True,distinct,2628.67,1197,0.5492,-1010.0,,rule,30.0072222222222,-90.0855555555555,,la,Orleans Parish,080902030103,America/Chicago,"Bayou Saint John Midlake at New Orleans, LA",,,Canal,,,0,,continuous,,00010+00065+00095+00300,,diss_oxy+gage_height+spec_cond+water_temp,census,,,22772198,18910456,False,2788.39,0.0,far,nearest,1,2,350002977,178.0,-9999.0,9.3555,stream,usgs_default_stream,,566.1118779531522,,,gage_height+water_temp+spec_cond+diss_oxy,0,0,1252,1350,1255,0,0,0,675,0,0,0,0,0,CanalDitch, ,0,,1.0,1.0,no_evidence
USGS:300034090055300,USGS,300034090055300,USGS,False,no_nitrate_series,,,,,,USGS:300034090055300,True,distinct,2447.11,0,,,2015-07-29..2020-12-01,human,30.0094444444444,-90.0980555555555,,la,Orleans Parish,080902030103,America/Chicago,"City Park West Lagoon at New Orleans, LA",,,Canal,,,0,,continuous,,00010+00065+00095+00300,,diss_oxy+gage_height+spec_cond+water_temp,census,,,18910424,18910424,True,2159.79,0.0,far,nearest,1,2,350003472,60.0,-9999.0,164.1771,stream,usgs_default_stream,,1229.6464408756444,,,gage_height+water_temp+spec_cond+diss_oxy,0,0,1470,1467,1378,0,0,0,835,0,0,0,0,0,ArtificialPath, ,167166635,0.000276577634579,1.0,1.0,no_evidence
USGS:383234075045201,USGS,383234075045201,USGS,False,no_nitrate_series,,,,,,USGS:383234075045201,True,singleton,,,,,,n/a,38.54277777777778,-75.08116666666666,NAVD88,de,Sussex County,020403030205,America/New_York,"Assawoman Canal at Rt 26 at Ocean View, DE",,0.0,Canal,,,,,continuous,,,,gage_height,census,,,8408961,8408961,True,744.62,0.0,far,nearest,1,2,200035246,4.0,-9999.0,3.3453,stream,usgs_default_stream,,1172.5513603219806,,,,,,,,,,,,,,,,,,StreamRiver, ,0,,1.0,1.0,no_evidence
USGS:383309075051101,USGS,383309075051101,USGS,False,no_nitrate_series,,,,,,USGS:383309075051101,True,singleton,,,,,,n/a,38.552416666666666,-75.08644444444444,NAVD88,de,Sussex County,020403030205,America/New_York,"ASSAWOMAN CANAL AT CENTRAL AVE AT OCEAN VIEW, DE",,0.0,Canal,,,,,continuous,,,,gage_height,census,,,8409177,8409177,True,696.75,749.53,far,nearest,2,1,200035252,0.0,-9999.0,5.6115,stream,usgs_default_stream,,1172.5513603219806,,,,,,,,,,,,,,,,,,ArtificialPath,StreamRiver,9438071,,1.0,2.0,no_evidence
USGS:390735084333300,USGS,390735084333300,USGS,False,no_nitrate_series,,,,,,USGS:390735084333300,True,singleton,,,,,,n/a,39.1265,-84.5591666666667,,oh,Hamilton County,050902030105,America/New_York,"Upper inflow weir at St. Francis, Cincinnati OH",,,Storm sewer,,,,,continuous,,,,discharge,census,,,3405329,3405329,True,1373.06,2530.92,far,nearest,4,3,350002977,2371.0,0.175316966132,26.0802,stream,usgs_default_stream,,27.231859207727243,,,,,,,,,,,,,,,,,,StreamRiver, ,0,,0.0,4.0,no_evidence
USGS:390735084333301,USGS,390735084333301,USGS,False,no_nitrate_series,,,,,,USGS:390735084333301,True,singleton,,,,,,n/a,39.1262638888889,-84.5590916666667,,oh,Hamilton County,050902030105,America/New_York,"Lower inflow weir at St. Francis, Cincinnati OH",,,Storm sewer,,,,,continuous,,,,discharge,census,,,3405329,3405329,True,1368.9,2557.84,far,nearest,4,3,350002977,2371.0,0.175316966132,26.0802,stream,usgs_default_stream,,11.290287366650551,,,,,,,,,,,,,,,,,,StreamRiver, ,0,,0.0,4.0,no_evidence
USGS:390735084333302,USGS,390735084333302,USGS,False,no_nitrate_series,,,,,,USGS:390735084333302,True,singleton,,,,,,n/a,39.12625,-84.5592222222222,NAVD88,oh,Hamilton County,050902030105,America/New_York,"Lower outflow weir at St. Francis, Cincinnati OH",,155.99664,Storm sewer,,,,,continuous,,,,discharge,census,,,3405329,3405329,True,1380.17,2558.44,far,nearest,4,3,350002977,2371.0,0.175316966132,26.0802,stream,usgs_default_stream,,11.290287366650551,,,,,,,,,,,,,,,,,,StreamRiver, ,0,,0.0,4.0,no_evidence
USGS:410433081312500,USGS,410433081312500,USGS,False,no_nitrate_series,,,,,,USGS:410433081312500,True,singleton,,,,,,n/a,41.0758891121953,-81.5234499777707,NAVD88,oh,Summit County,05040001,America/New_York,Lock 1 Outlet O&E Canal OH,,290.392104,Canal,,,0,,continuous,,00060_dv+00065_dv,,discharge+gage_height,census,,,15588512,15588512,True,1921.94,3182.82,far,nearest,3,2,90005726,66.0,0.179513424265,24.8373,stream,usgs_default_stream,,2090.109834296608,,,discharge,0,6800,0,0,0,0,0,0,0,0,0,0,0,0,StreamRiver, ,0,,0.0,3.0,no_evidence
USGS:410642095532401,USGS,410642095532401,USGS,False,no_nitrate_series,,,,,,USGS:410642095532401,True,singleton,,,,,,n/a,41.111647,-95.890153,NAVD88,ne,Sarpy County,102300060206,America/Chicago,"Outfall 11 at Harlan Lewis Rd ab Base Lake, Nebr",,290.02024800000004,Outfall,,,,,continuous,,,,gage_height,census,,,17219360,17219360,True,761.59,815.04,far,nearest,2,3,350002977,2828.0,0.101319947494,3.2121,stream,usgs_default_stream,,1201.7604848061721,,,,,,,,,,,,,,,,,,StreamRiver, ,0,,0.0,2.0,no_evidence
USGS:412742081380801,USGS,412742081380801,USGS,False,no_nitrate_series,,,,,,USGS:412742081380801,True,singleton,,,,,,n/a,41.461675,-81.6356166666667,NAVD88,oh,Cuyahoga County,041100020605,America/New_York,"Inflow to rain garden, 75 south, Cleveland OH",,217.41384,Storm sewer,,,,,continuous,,,,discharge,census,,,15586982,15588544,False,1850.39,3176.7,far,nearest,2,2,90005726,18.0,0.218455440317,18.6633,stream,usgs_default_stream,,40.107333446158194,,,,,,,,,,,,,,,,,,StreamRiver, ,0,,0.0,2.0,no_evidence
USGS:412743081380801,USGS,412743081380801,USGS,False,no_nitrate_series,,,,,,USGS:412743081380801,True,singleton,,,,,,n/a,41.4620333333333,-81.6356166666667,NAVD88,oh,Cuyahoga County,041100020605,America/New_York,"Inflow to rain garden, 75 north, Cleveland OH",,217.20048000000003,Storm sewer,,,,,continuous,,,,discharge,census,,,15586982,15588544,False,1890.09,3176.7,far,nearest,2,2,90005726,18.0,0.218455440317,18.6633,stream,usgs_default_stream,,40.107333446158194,,,,,,,,,,,,,,,,,,StreamRiver, ,0,,0.0,2.0,no_evidence
USGS:412932071124701,USGS,412932071124701,USGS,False,no_nitrate_series,,,,,,USGS:412932071124701,True,singleton,,,,,,n/a,41.4923277777778,-71.2130555555556,NAVD88,ri,Newport County,010900040910,America/New_York,"SAKONNET RIVER NEAR CHURCH POINT, RI",,0.0,Coastal,,,0,,continuous,,00010+00095+00300+00400,,diss_oxy+ph+spec_cond+water_temp,census,,,6131349,6134017,False,1164.26,714.93,far,nearest,1,4,150042614,0.0,-9999.0,0.6336,stream,usgs_default_stream,,6239.299231509152,,,water_temp+spec_cond+diss_oxy+ph,0,0,0,171,171,0,0,0,171,171,0,0,0,0,StreamRiver, ,0,,1.0,1.0,no_evidence
USGS:413252071131501,USGS,413252071131501,USGS,False,no_nitrate_series,,,,,,USGS:413252071131501,True,singleton,,,,,,n/a,41.5477888888889,-71.2206805555556,NAVD88,ri,Newport County,010900040910,America/New_York,"SAKONNET RIVER NEAR FOGLAND BEACH, RI",,0.0,Coastal,,,0,,continuous,,00010+00095+00300+00400,,diss_oxy+ph+spec_cond+water_temp,census,,,6129327,6134017,False,1240.2,548.34,far,nearest,2,4,150021623,0.0,-9999.0,0.9099,stream,usgs_default_stream,,5797.684798120394,,,water_temp+spec_cond+diss_oxy+ph,0,0,0,199,173,0,0,0,199,174,0,0,0,0,StreamRiver, ,0,,1.0,2.0,no_evidence
USGS:413611087200901,USGS,413611087200901,USGS,False,no_nitrate_series,,,,,,USGS:413611087200901,True,distinct,4810.07,230,-0.0701,14.4982,,rule,41.6030555555556,-87.3358333333333,NAVD88,in,Lake County,04040001,America/New_York,"CITY HALL SOUTHEAST FLUME AT GARY, IN",,182.29478400000002,Pavement,,,0,,continuous,,00060+00065+00095,,discharge+gage_height+spec_cond,census,,,3398182,3398182,True,521.86,2825.8,far,nearest,1,6,350002977,2461.0,0.480582973728,23.2092,stream,usgs_default_stream,,0.0,,,discharge+gage_height+spec_cond,0,230,721,0,102,0,0,0,0,0,0,0,0,0,StreamRiver, ,-9999,,0.0,1.0,no_evidence
USGS:413611087200903,USGS,413611087200903,USGS,False,no_nitrate_series,,,,,,USGS:413611087200903,True,singleton,,,,,,n/a,41.6030555555556,-87.3358333333333,,in,Lake County,04040001,America/New_York,"CITY HALL RAIN GARDEN OVERFLOW AT GARY, IN",,,Storm sewer,,,,,continuous,,,,discharge+gage_height+water_temp,census,,,3398182,3398182,True,521.86,2825.8,far,nearest,1,6,350002977,2461.0,0.480582973728,23.2092,stream,usgs_default_stream,,0.0,,,,,,,,,,,,,,,,,,StreamRiver, ,-9999,,0.0,1.0,no_evidence
USGS:413611087201001,USGS,413611087201001,USGS,False,no_nitrate_series,,,,,,USGS:413611087201001,True,distinct,4787.23,205,-0.0015,14.5147,,rule,41.6030555555556,-87.3361111111111,NAVD88,in,Lake County,04040001,America/New_York,"CITY HALL NORTH FLUME AT GARY, IN",,182.56300800000002,Pavement,,,0,,continuous,,00060+00065+00095,,discharge+gage_height+spec_cond,census,,,3398182,3398182,True,522.45,2848.78,far,nearest,1,6,350002977,2461.0,0.480582973728,23.2092,stream,usgs_default_stream,,0.0,,,discharge+gage_height+spec_cond,0,205,734,0,132,0,0,0,0,0,0,0,0,0,StreamRiver, ,-9999,,0.0,1.0,no_evidence
USGS:413611087201002,USGS,413611087201002,USGS,False,no_nitrate_series,,,,,,USGS:413611087201002,True,distinct,4787.23,247,-0.1195,14.4802,,rule,41.6030555555556,-87.3361111111111,NAVD88,in,Lake County,04040001,America/New_York,"CITY HALL SOUTH FLUME AT GARY, IN",,182.49595200000002,Pavement,,,0,,continuous,,00060+00065+00095,,discharge+gage_height+spec_cond,census,,,3398182,3398182,True,522.45,2848.78,far,nearest,1,6,350002977,2461.0,0.480582973728,23.2092,stream,usgs_default_stream,,0.0,,,discharge+gage_height+spec_cond,0,247,748,0,139,0,0,0,0,0,0,0,0,0,StreamRiver, ,-9999,,0.0,1.0,no_evidence
USGS:413611087201101,USGS,413611087201101,USGS,False,no_nitrate_series,,,,,,USGS:413611087201101,True,distinct,4764.39,282,-0.108,14.4653,,rule,41.6030555555556,-87.3363888888889,NAVD88,in,Lake County,04040001,America/New_York,"CITY HALL WEST FLUME AT GARY, IN",,182.63311200000004,Pavement,,,0,,continuous,,00060+00065+00095,,discharge+gage_height+spec_cond,census,,,3398182,3398182,True,523.04,2871.75,far,nearest,1,6,350002977,2461.0,0.480582973728,23.2092,stream,usgs_default_stream,,0.0,,,discharge+gage_height+spec_cond,0,282,801,0,132,0,0,0,0,0,0,0,0,0,StreamRiver, ,-9999,,0.0,1.0,no_evidence
USGS:413611087201102,USGS,413611087201102,USGS,False,no_nitrate_series,,,,,,USGS:413611087201102,True,singleton,,,,,,n/a,41.6030555555556,-87.3363888888889,,in,Lake County,04040001,America/New_York,"CITY HALL WEST SUBDRAINAGE AT GARY, IN",,,Cistern,,,,,continuous,,,,gage_height,census,non_surface_no_nitrate,,3398182,3398182,True,523.04,2871.75,far,nearest,1,6,350002977,2461.0,0.480582973728,23.2092,stream,usgs_default_stream,,0.0,,,,,,,,,,,,,,,,,,StreamRiver, ,-9999,,0.0,1.0,no_evidence
USGS:413642071125701,USGS,413642071125701,USGS,False,no_nitrate_series,,,,,,USGS:413642071125701,True,singleton,,,,,,n/a,41.6116277777778,-71.2157777777778,NAVD88,ri,Newport County,010900040910,America/New_York,"SAKONNET RIVER NEAR GOULD ISLAND, RI",,0.0,Coastal,,,0,,continuous,,00010+00095+00300+00400,,diss_oxy+ph+spec_cond+water_temp,census,,,6130457,6134017,False,981.6,540.78,far,nearest,2,4,150034444,0.0,-9999.0,3.2724,stream,usgs_default_stream,,7155.982292767539,,,water_temp+spec_cond+diss_oxy+ph,0,0,0,317,312,0,0,0,323,296,0,0,0,0,ArtificialPath, ,6127689,1.0,1.0,2.0,no_evidence
USGS:414926073063701,USGS,414926073063701,USGS,False,no_nitrate_series,,,,,,USGS:414926073063701,True,singleton,,,,,,n/a,41.82391666666667,-73.1103611111111,NAVD88,ct,Northwest Hills Planning Region,011000051102,America/New_York,"CT HWY RT-8 STA 1284 TORRINGTON, CT",,210.9216,Outfall,,,0,,continuous,,00010+00060+00095,,discharge+spec_cond+water_temp,census,,,7713532,7713532,True,927.6,1988.06,far,nearest,2,3,150002973,83.0,0.183524465416,13.5963,stream,usgs_default_stream,,2386.2471214347124,,,discharge+water_temp+spec_cond,0,783,0,149,153,0,0,0,0,0,0,0,0,0,StreamRiver, ,0,,0.0,2.0,no_evidence
USGS:421033088233601,USGS,421033088233601,USGS,False,no_nitrate_series,,,,,,USGS:421033088233601,True,singleton,,,,,,n/a,42.1758573297783,-88.3934186486988,,il,McHenry County,070900060201,America/Chicago,SEWER AT HUNTLEY ALGONQUIN RD NR LAKE IN THE HILLS,,,Outfall,,,,,continuous,,,,discharge+gage_height,census,,,19286079,19286099,False,1631.65,3625.34,far,nearest,1,5,350002977,2632.0,0.292226029349,13.7961,stream,usgs_default_stream,,3188.778030654952,,,,,,,,,,,,,,,,,,StreamRiver, ,0,,0.0,1.0,no_evidence
USGS:421650071120401,USGS,421650071120401,USGS,False,no_nitrate_series,,,,,,USGS:421650071120401,True,dual_registration,94.78,1779,0.9277,0.0,,rule,42.2804805555556,-71.20125,NAVD88,ma,Norfolk County,010900010703,America/New_York,"MA-HWY-I95S-HMA-STATION 00567 NEEDHAM, MA",,32.9184,Storm sewer,,,0,,continuous,,00010+00060+00095,,discharge+spec_cond+water_temp,census,,,5867775,5867775,True,725.63,1730.16,far,nearest,4,1,150004875,33.0,0.178025361821,8.6913,stream,usgs_default_stream,,94.78096976172165,,,discharge+water_temp+spec_cond,0,1783,0,1645,1558,0,0,0,0,0,0,0,0,0,ArtificialPath,StreamRiver,9344201,,0.0,4.0,no_evidence
USGS:421652071120601,USGS,421652071120601,USGS,False,no_nitrate_series,,,,,,USGS:421650071120401,False,dual_registration,94.78,1779,0.9277,0.0,,rule,42.2812305555556,-71.2017888888889,NAVD88,ma,Norfolk County,010900010703,America/New_York,"MA-HWY-I95S-OGFC-STATION 00568 NEEDHAM, MA",,33.528,Storm sewer,,,0,,continuous,,00010+00060+00095,,discharge+spec_cond+water_temp,census,,,5867775,5867775,True,677.24,1730.16,far,nearest,4,1,150004875,33.0,0.178025361821,8.6913,stream,usgs_default_stream,,94.78096976172165,,,discharge+water_temp+spec_cond,0,1795,0,1656,1592,0,0,0,0,0,0,0,0,0,ArtificialPath,StreamRiver,9344201,,0.0,4.0,no_evidence
USGS:422204083023901,USGS,422204083023901,USGS,False,no_nitrate_series,,,,,,USGS:422204083023901,True,distinct,8752.51,,,,,rule,42.36783333333334,-83.04415277777778,NAVD88,mi,Wayne County,040900040503,America/New_York,COMBINED SEWER ACCESS SITE B AT RECOVERY PARK,,192.024,Combined sewer,,,0,,continuous,,00010+00095,,spec_cond+water_temp,census,,,10850310,10848664,False,4529.18,900.89,far,nearest,6,1,90004240,25.0,0.127914006952,75.5109,stream,usgs_default_stream,,110.84165990543333,,,water_temp+spec_cond,0,0,0,290,290,0,0,0,0,0,0,0,0,0,ArtificialPath,StreamRiver,120049580,,0.0,6.0,no_evidence
USGS:422207083023601,USGS,422207083023601,USGS,False,no_nitrate_series,,,,,,USGS:422207083023601,True,distinct,8859.95,,,,,rule,42.36857777777778,-83.04325833333333,NAVD88,mi,Wayne County,040900040503,America/New_York,COMBINED SEWER ACCESS SITE E AT RECOVERY PARK,,191.7192,Combined sewer,,,0,,continuous,,00010+00095,,spec_cond+water_temp,census,,,10850310,10848664,False,4576.04,800.44,far,nearest,6,1,90004240,25.0,0.127914006952,75.5109,stream,usgs_default_stream,,110.84165990543333,,,water_temp+spec_cond,0,0,0,455,455,0,0,0,0,0,0,0,0,0,ArtificialPath,StreamRiver,120049580,,0.0,6.0,no_evidence
USGS:424302090230301,USGS,424302090230301,USGS,False,no_nitrate_series,,,,,,USGS:424302090230301,True,distinct,158.32,359,0.549,0.0,,rule,42.7172178853966,-90.3842947943994,NGVD29,wi,Lafayette County,070600050302,America/Chicago,"U.W. PLATTEVILLE FARMS SITE 06 NR PLATTEVILLE, WI",0.0106189508,332.232,Land,,,0,,continuous,,00060_dv,,discharge,census,,,13356846,13356846,True,503.64,2144.87,far,nearest,1,4,350002977,2556.0,0.146397776527,2.2482,stream,usgs_default_stream,,158.32247367684528,,,discharge,0,363,0,0,0,0,0,0,0,0,0,0,0,0,StreamRiver, ,0,,0.0,1.0,no_evidence
USGS:424302090231900,USGS,424302090231900,USGS,False,no_nitrate_series,,,,,,USGS:424302090231900,True,distinct,1134.88,227,0.0362,0.2212,,rule,42.7172178073628,-90.3887392675673,NGVD29,wi,Lafayette County,070600050302,America/Chicago,"U.W. PLATTEVILLE FARMS SITE 10 NR PLATTEVILLE, WI",0.041439808,320.6496,Land,,,0,,continuous,,00060_dv,,discharge,census,,,13356858,13356858,True,518.33,566.13,far,nearest,1,2,350002977,2555.0,0.111155803441,2.2698,stream,usgs_default_stream,,164.58470324795675,,,discharge,0,355,0,0,0,0,0,0,0,0,0,0,0,0,StreamRiver, ,0,,0.0,1.0,no_evidence
USGS:425957088005201,USGS,425957088005201,USGS,False,no_nitrate_series,,,,,,USGS:425957088005201,True,singleton,,,,,,n/a,42.9992,-88.014619,NAVD88,wi,Milwaukee County,040400030405,America/Chicago,"Honey Creek nr McCarty Pk at West Allis, WI",,222.50400000000002,Storm sewer,,,0,,continuous,,00065_dv,,gage_height,census,,,904040050,12163888,False,2267.75,1969.09,far,nearest,1,1,90006041,8.0,0.261772358575,14.2866,stream,usgs_default_stream,,2222.569468334743,,,gage_height,0,0,18,0,0,0,0,0,0,0,0,0,0,0,StreamRiver, ,0,,0.0,1.0,no_evidence
USGS:430140089281000,USGS,430140089281000,USGS,False,no_nitrate_series,,,,,,USGS:430140089281000,True,singleton,,,,,,n/a,43.02778307019493,-89.46952441731597,NAVD88,wi,Dane County,070900020702,America/Chicago,"KRONCKE DRIVE STORM SEWER AT MADISON, WI",0.20719904,314.5536,Storm sewer,,,,,continuous,,,,discharge,census,,,13424845,13293946,False,1709.7,251.85,far,nearest,1,6,350002977,2736.0,0.219682500939,5.5656,stream,usgs_default_stream,,1016.5005031039005,,,,,,,,,,,,,,,,,,StreamRiver, ,0,,0.0,1.0,no_evidence
USGS:430209089274900,USGS,430209089274900,USGS,False,no_nitrate_series,,,,,,USGS:430209089274900,True,singleton,,,,,,n/a,43.03583858253988,-89.46369089446688,NAVD88,wi,Dane County,070900020702,America/Chicago,"KNOX LANE STORM SEWER AT MADISON, WI",0.36259832000000003,313.3344,Storm sewer,,,,,continuous,,,,discharge,census,,,13424845,13294376,False,1857.43,227.65,far,nearest,1,6,350002977,2736.0,0.219682500939,5.5656,stream,usgs_default_stream,,1016.5005031039005,,,,,,,,,,,,,,,,,,StreamRiver, ,0,,0.0,1.0,no_evidence
USGS:430230089284300,USGS,430230089284300,USGS,False,no_nitrate_series,,,,,,USGS:430230089284300,True,singleton,,,,,,n/a,43.04167187122199,-89.47869141629457,NAVD88,wi,Dane County,070900020604,America/Chicago,"PIPING ROCK ROAD STORM SEWER AT MADISON, WI",0.23309892,304.4952,Storm sewer,,,,,continuous,,,,discharge,census,,,13424845,13294310,False,704.19,0.0,far,nearest,1,6,350002977,2736.0,0.219682500939,5.5656,stream,usgs_default_stream,,1098.184782659713,,,,,,,,,,,,,,,,,,StreamRiver, ,0,,0.0,1.0,no_evidence
USGS:430251089280401,USGS,430251089280401,USGS,False,no_nitrate_series,,,,,,USGS:430251089280401,True,singleton,,,,,,n/a,43.0475,-89.46777777777778,NAVD88,wi,Dane County,070900020604,America/Chicago,"Milward Dr Storm Sewer at Madison, WI",,299.3136,Storm sewer,,,,,continuous,,,,gage_height,census,,,13424845,13294310,False,1794.69,0.0,far,nearest,1,6,350002977,2736.0,0.219682500939,5.5656,stream,usgs_default_stream,,635.6384979869518,,,,,,,,,,,,,,,,,,StreamRiver, ,0,,0.0,1.0,no_evidence
USGS:430259089272901,USGS,430259089272901,USGS,False,no_nitrate_series,,,,,,USGS:430259089272901,True,singleton,,,,,,n/a,43.0497222222222,-89.4580555555556,NAVD88,wi,Dane County,070900020604,America/Chicago,"HILLTOP DR STORM SEWER AT MADISON, WI",,310.5912,Storm sewer,,,,,continuous,,,,discharge+gage_height,census,,,13294376,13294310,False,1692.41,0.0,far,nearest,1,4,350002977,2714.0,0.0,3.9177,stream,usgs_default_stream,,470.2426078980246,,,,,,,,,,,,,,,,,,ArtificialPath,LakePond,13293328,1.0,0.0,1.0,no_evidence
USGS:430310089262901,USGS,430310089262901,USGS,False,no_nitrate_series,,,,,,USGS:430310089262901,True,singleton,,,,,,n/a,43.0527777777778,-89.4413888888889,NAVD88,wi,Dane County,070900020702,America/Chicago,"SW COMMUTER PATH STORM SEWER AT MADISON, WI",,277.0632,Storm sewer,,,,,continuous,,,,gage_height,census,,,13294224,13294376,False,556.7,0.0,far,mainstem,1,4,350002977,2714.0,0.0215825682497,1.4256,stream,usgs_default_stream,,332.26959854369795,,,,,,,,,,,,,,,,,,StreamRiver, ,0,,0.0,1.0,no_evidence
USGS:430319089262101,USGS,430319089262101,USGS,False,no_nitrate_series,,,,,,USGS:430319089262101,True,singleton,,,,,,n/a,43.0552777777778,-89.4391666666667,NAVD88,wi,Dane County,070900020702,America/Chicago,"GLEN DR STORM SEWER AT MADISON, WI",,283.7688,Storm sewer,,,,,continuous,,,,gage_height,census,,,13294224,13294344,False,674.68,0.0,far,mainstem,1,4,350002977,2714.0,0.0215825682497,1.4256,stream,usgs_default_stream,,332.26959854369795,,,,,,,,,,,,,,,,,,StreamRiver, ,0,,0.0,1.0,no_evidence
USGS:430320089264001,USGS,430320089264001,USGS,False,no_nitrate_series,,,,,,USGS:430320089264001,True,singleton,,,,,,n/a,43.0555555555556,-89.4444444444444,NAVD88,wi,Dane County,070900020702,America/Chicago,"WESTMORLAND PARK STORM SEWER AT MADISON, WI",,294.7416,Storm sewer,,,,,continuous,,,,gage_height,census,,,13294224,13294376,False,947.52,0.0,far,mainstem,1,4,350002977,2714.0,0.0215825682497,1.4256,stream,usgs_default_stream,,396.95206677762275,,,,,,,,,,,,,,,,,,StreamRiver, ,0,,0.0,1.0,no_evidence
USGS:430333089312500,USGS,430333089312500,USGS,False,no_nitrate_series,,,,,,USGS:430333089312500,True,singleton,,,,,,n/a,43.059171737248455,-89.52369298234301,NAVD88,wi,Dane County,070900020603,America/Chicago,"MENARDS WEST STORM SEWER AT MADISON, WI",,322.7832,Storm sewer,,,,,continuous,,,,discharge,census,,,13424715,13294264,False,2482.02,0.0,far,nearest,1,5,350002977,2736.0,0.220164921837,20.7054,stream,usgs_default_stream,,1841.7812940657761,,,,,,,,,,,,,,,,,,StreamRiver, ,0,,0.0,1.0,no_evidence
USGS:430347089273001,USGS,430347089273001,USGS,False,no_nitrate_series,,,,,,USGS:430347089273001,True,singleton,,,,,,n/a,43.0630555555556,-89.4583333333333,NAVD88,wi,Dane County,070900020702,America/Chicago,"SOUTH SEGOE RD STORM SEWER AT MADISON, WI",,282.2448,Storm sewer,,,,,continuous,,,,discharge+gage_height,census,,,13294224,13294310,False,2346.14,0.0,far,mainstem,1,4,350002977,2714.0,0.0215825682497,1.4256,stream,usgs_default_stream,,874.9768699767883,,,,,,,,,,,,,,,,,,StreamRiver, ,0,,0.0,1.0,no_evidence
USGS:430356089293601,USGS,430356089293601,USGS,False,no_nitrate_series,,,,,,USGS:430356089293601,True,singleton,,,,,,n/a,43.0654444444444,-89.49325,NAVD88,wi,Dane County,070900020604,America/Chicago,"SOUTH YELLOWSTONE DRIVE STORM SEWER AT MADISON, WI",0.062159712,326.136,Storm sewer,,,,,continuous,,,,discharge+gage_height,census,,,13424845,13294314,False,3008.46,0.0,far,nearest,1,6,350002977,2736.0,0.219682500939,5.5656,stream,usgs_default_stream,,733.4143148681482,,,,,,,,,,,,,,,,,,StreamRiver, ,0,,0.0,1.0,no_evidence
USGS:430402089282000,USGS,430402089282000,USGS,False,no_nitrate_series,,,,,,USGS:430338089295701,False,sequential,2313.81,0,,,2013-04-13..2023-08-17,rule,43.06722222222223,-89.47222222222223,NAVD88,wi,Dane County,070900020604,America/Chicago,"SOUTH KENOSHA DRIVE STORM SEWER AT MADISON, WI",0.007769964,294.7416,Storm sewer,,,0,,continuous,,00060_dv+00065_dv,,discharge+gage_height,census,,,13424845,13294314,False,3363.57,0.0,far,nearest,1,6,350002977,2736.0,0.219682500939,5.5656,stream,usgs_default_stream,,784.2903279157277,,,discharge,0,246,0,0,0,0,0,0,0,0,0,0,0,0,StreamRiver, ,0,,0.0,1.0,no_evidence
USGS:430411089270401,USGS,430411089270401,USGS,False,no_nitrate_series,,,,,,USGS:430411089270401,True,singleton,,,,,,n/a,43.069719444444445,-89.45111111111112,NAVD88,wi,Dane County,070900020604,America/Chicago,"Midvale Blvd Storm Sewer nr Vernon Rd Madison, WI",,272.4912,Storm sewer,,,,,continuous,,,,gage_height,census,,,13294344,13294310,False,2697.16,0.0,far,nearest,1,4,350002977,2711.0,0.0,8.1981,stream,usgs_default_stream,,682.908988837226,,,,,,,,,,,,,,,,,,ArtificialPath,LakePond,13293322,1.0,0.0,1.0,no_evidence
USGS:430412089274801,USGS,430412089274801,USGS,False,no_nitrate_series,,,,,,USGS:430412089274801,True,singleton,,,,,,n/a,43.07,-89.46333055555556,NAVD88,wi,Dane County,070900020604,America/Chicago,"North Eau Claire Ave Storm Sewer at Madison, WI",,283.7688,Storm sewer,,,,,continuous,,,,gage_height,census,,,13294314,13294310,False,3046.71,2074.82,far,nearest,3,4,350002977,2716.0,0.0,34.38,stream,usgs_default_stream,,784.2903279157277,,,,,,,,,,,,,,,,,,ArtificialPath,LakePond,13293262,0.0851648944383,0.0,3.0,no_evidence
USGS:430423089291401,USGS,430423089291401,USGS,False,no_nitrate_series,,,,,,USGS:430423089291401,True,singleton,,,,,,n/a,43.073060571377034,-89.48730286375336,NAVD88,wi,Dane County,070900020604,America/Chicago,"OWEN PARK RAIN GARDEN AT MADISON, WI",0.0,320.04,Land,,,,,continuous,,,,discharge,census,,,13294314,13294314,True,3084.13,1185.73,far,nearest,3,4,350002977,2716.0,0.0,34.38,stream,usgs_default_stream,,727.2052729083822,,,,,,,,,,,,,,,,,,ArtificialPath,LakePond,13293262,0.0851648944383,0.0,3.0,no_evidence
USGS:430424089284201,USGS,430424089284201,USGS,False,no_nitrate_series,,,,,,USGS:430424089284201,True,singleton,,,,,,n/a,43.07333333333334,-89.47833333333334,NAVD88,wi,Dane County,070900020604,America/Chicago,"Bordner Park Chnl Outlet nr Rosa Rd at Madison,WI",,273.4056,Outfall,,,,,continuous,,,,gage_height,census,,,13294314,13294314,True,2807.36,1357.35,far,nearest,3,4,350002977,2716.0,0.0,34.38,stream,usgs_default_stream,,727.2052729083822,,,,,,,,,,,,,,,,,,ArtificialPath,LakePond,13293262,0.0851648944383,0.0,3.0,no_evidence
USGS:430428089325701,USGS,430428089325701,USGS,False,no_nitrate_series,,,,,,USGS:430428089325701,True,distinct,221.8,133,0.4319,0.0,,rule,43.0744444444444,-89.5491666666667,NAVD88,wi,Dane County,070900020603,America/Chicago,"WEST OLD SAUK ROAD STORM SEWER AT MADISON, WI",0.0056979736000000005,331.9272,Storm sewer,,,0,,continuous,,00060_dv+00065_dv,,discharge+gage_height,census,,,13633331,13294264,False,1928.16,398.22,far,nearest,2,4,350002977,2754.0,0.218295016318,5.3937,stream,usgs_default_stream,,221.8027338029465,,,discharge,0,145,0,0,0,0,0,0,0,0,0,0,0,0,StreamRiver, ,0,,0.0,2.0,no_evidence
USGS:430432089313401,USGS,430432089313401,USGS,False,no_nitrate_series,,,,,,USGS:430432089313401,True,singleton,,,,,,n/a,43.07556052927746,-89.52619308991244,NAVD88,wi,Dane County,070900020603,America/Chicago,"OLD SAUK ROAD RAIN GARDEN AT MADISON, WI",0.0,303.276,Land,,,0,,continuous,,00060_dv,,discharge,census,,,13633279,13294264,False,3034.47,893.37,far,nearest,1,4,350002977,2758.0,0.107351904125,4.4289,stream,usgs_default_stream,,505.2047517486065,,,discharge,0,273,0,0,0,0,0,0,0,0,0,0,0,0,StreamRiver, ,0,,0.0,1.0,no_evidence
USGS:430433089270401,USGS,430433089270401,USGS,False,no_nitrate_series,,,,,,USGS:430433089270401,True,singleton,,,,,,n/a,43.075833333333335,-89.45111111111112,NAVD88,wi,Dane County,070900020604,America/Chicago,"Rose Place Storm Sewer at Madison, WI",,269.4432,Storm sewer,,,,,continuous,,,,gage_height,census,,,13294344,13294310,False,3273.43,0.0,far,nearest,1,4,350002977,2711.0,0.0,8.1981,stream,usgs_default_stream,,682.908988837226,,,,,,,,,,,,,,,,,,ArtificialPath,LakePond,13293322,1.0,0.0,1.0,no_evidence
USGS:430435089325901,USGS,430435089325901,USGS,False,no_nitrate_series,,,,,,USGS:430435089325901,True,distinct,221.8,133,0.4319,0.0,,rule,43.0763888888889,-89.5497222222222,NAVD88,wi,Dane County,070900020603,America/Chicago,"BEAR CLAW WAY STORM SEWER AT MADISON, WI",0.002589988,331.9272,Storm sewer,,,0,,continuous,,00060_dv+00065_dv,,discharge+gage_height,census,,,13633331,13294264,False,1719.87,398.22,far,nearest,2,4,350002977,2754.0,0.218295016318,5.3937,stream,usgs_default_stream,,221.8027338029465,,,discharge,0,219,0,0,0,0,0,0,0,0,0,0,0,0,StreamRiver, ,0,,0.0,2.0,no_evidence
USGS:430446089225401,USGS,430446089225401,USGS,False,no_nitrate_series,,,,,,USGS:430446089225401,True,singleton,,,,,,n/a,43.07944444444445,-89.38166666666666,NAVD88,wi,Dane County,070900020702,America/Chicago,"North Franklin Storm Sewer at Madison, WI",,260.2992,Storm sewer,,,,,continuous,,,,gage_height,census,,,13294322,13293750,False,1661.38,499.63,far,nearest,1,4,350002977,2707.0,0.0,2.7063,stream,usgs_default_stream,,1972.780739458525,,,,,,,,,,,,,,,,,,ArtificialPath,LakePond,167120949,0.00306253451789,0.0,1.0,no_evidence
USGS:430448089313001,USGS,430448089313001,USGS,False,no_nitrate_series,,,,,,USGS:430448089313001,True,singleton,,,,,,n/a,43.080000000000005,-89.525,NAVD88,wi,Dane County,070900020603,America/Chicago,"Excelsior Dr Storm Sewer nr Fourier Dr Madison,WI",,296.8752,Storm sewer,,,,,continuous,,,,gage_height,census,,,13633279,13294264,False,2740.3,239.97,far,nearest,1,4,350002977,2758.0,0.107351904125,4.4289,stream,usgs_default_stream,,476.3893660414175,,,,,,,,,,,,,,,,,,StreamRiver, ,0,,0.0,1.0,no_evidence
USGS:430450089310901,USGS,430450089310901,USGS,False,no_nitrate_series,,,,,,USGS:430450089310901,True,singleton,,,,,,n/a,43.080561111111116,-89.51916944444444,NAVD88,wi,Dane County,070900020603,America/Chicago,"N High Point Rd Drainage Channel at Madison, WI",,297.4848,Storm sewer,,,,,continuous,,,,gage_height,census,,,13294264,13294264,True,2458.43,2466.63,far,nearest,3,4,350002977,2724.0,0.208389848577,24.8328,stream,usgs_default_stream,,114.74059663963995,,,,,,,,,,,,,,,,,,StreamRiver, ,0,,0.0,3.0,no_evidence
USGS:430453089310601,USGS,430453089310601,USGS,False,no_nitrate_series,,,,,,USGS:430453089310601,True,singleton,,,,,,n/a,43.081388888888895,-89.51833055555555,NAVD88,wi,Dane County,070900020603,America/Chicago,"Tramore Trl Storm Sewer nr Sawmill Rd Madison, WI",,296.8752,Storm sewer,,,,,continuous,,,,gage_height,census,,,13294264,13294264,True,2366.87,2466.63,far,nearest,3,4,350002977,2724.0,0.208389848577,24.8328,stream,usgs_default_stream,,114.74059663963995,,,,,,,,,,,,,,,,,,StreamRiver, ,0,,0.0,3.0,no_evidence
USGS:430528087571001,USGS,430528087571001,USGS,False,no_nitrate_series,,,,,,USGS:430528087571001,True,singleton,,,,,,n/a,43.09166666666667,-87.95277777777778,NAVD88,wi,Milwaukee County,040400030605,America/Chicago,"GREEN TECH BIOFILTER OUTLET AT MILWAUKEE, WI",,198.12,Storm sewer,,,,,continuous,,,,gage_height,census,,,12162504,12162504,True,665.09,7947.64,far,nearest,1,3,90006041,13.0,0.46975583628,52.0344,stream,usgs_default_stream,,31.026327895563607,,,,,,,,,,,,,,,,,,StreamRiver, ,0,,0.0,1.0,no_evidence
USGS:430529087571001,USGS,430529087571001,USGS,False,no_nitrate_series,,,,,,USGS:430529087571001,True,singleton,,,,,,n/a,43.09138888888889,-87.95277777777778,NAVD88,wi,Milwaukee County,040400030605,America/Chicago,"GREEN TECH BIOFILTER INLET AT MILWAUKEE, WI",,322.1736,Storm sewer,,,,,continuous,,,,gage_height,census,,,12162504,12162504,True,692.26,7947.64,far,nearest,1,3,90006041,13.0,0.46975583628,52.0344,stream,usgs_default_stream,,31.026327895563607,,,,,,,,,,,,,,,,,,StreamRiver, ,0,,0.0,1.0,no_evidence
USGS:430532089315601,USGS,430532089315601,USGS,False,no_nitrate_series,,,,,,USGS:430532089315601,True,singleton,,,,,,n/a,43.0922777777778,-89.53225,NAVD88,wi,Dane County,070900020603,America/Chicago,"BIO CELL SS-INLET-AT USGS OFFICE AT MIDDLETON, WI",,285.2928,Storm sewer,,,,,continuous,,,,gage_height,census,,,13294264,13294264,True,1305.32,1456.64,far,nearest,3,4,350002977,2724.0,0.208389848577,24.8328,stream,usgs_default_stream,,0.0,,,,,,,,,,,,,,,,,,StreamRiver, ,0,,0.0,3.0,no_evidence
USGS:430532089315602,USGS,430532089315602,USGS,False,no_nitrate_series,,,,,,USGS:430532089315602,True,singleton,,,,,,n/a,43.0922777777778,-89.53225,NAVD88,wi,Dane County,070900020603,America/Chicago,"BIO CELL SS-OUTLET-AT USGS OFFICE AT MIDDLETON, WI",,285.2928,Storm sewer,,,,,continuous,,,,gage_height+water_temp,census,,,13294264,13294264,True,1305.32,1456.64,far,nearest,3,4,350002977,2724.0,0.208389848577,24.8328,stream,usgs_default_stream,,0.0,,,,,,,,,,,,,,,,,,StreamRiver, ,0,,0.0,3.0,no_evidence
USGS:430533089211001,USGS,430533089211001,USGS,False,no_nitrate_series,,,,,,USGS:430533089211001,True,singleton,,,,,,n/a,43.0925,-89.35277777777777,NAVD88,wi,Dane County,070900020702,America/Chicago,"Atwood Ave Storm Sewer near Rusk St Madison, WI",,261.5184,Storm sewer,,,,,continuous,,,,gage_height,census,,,13293750,13293750,True,650.48,1299.75,far,nearest,4,3,350002977,2710.0,0.0816790296761,6.696,stream,usgs_default_stream,,663.3395597785328,,,,,,,,,,,,,,,,,,StreamRiver, ,0,,0.0,4.0,no_evidence
USGS:430548089213101,USGS,430548089213101,USGS,False,no_nitrate_series,,,,,,USGS:430548089213101,True,singleton,,,,,,n/a,43.096669444444444,-89.3586111111111,NAVD88,wi,Dane County,070900020702,America/Chicago,"N 3rd St Storm Sewer nr E Johnson St Madison, WI",,259.08000000000004,Storm sewer,,,,,continuous,,,,gage_height,census,,,13293750,13293750,True,729.12,664.41,far,nearest,4,3,350002977,2710.0,0.0816790296761,6.696,stream,usgs_default_stream,,555.556202758849,,,,,,,,,,,,,,,,,,StreamRiver, ,0,,0.0,4.0,no_evidence
USGS:430601089211401,USGS,430601089211401,USGS,False,no_nitrate_series,,,,,,USGS:430601089211401,True,singleton,,,,,,n/a,43.10027777777778,-89.35388888888889,NAVD88,wi,Dane County,070900020702,America/Chicago,"N 6th St Storm Sewer nr E Johnson St Madison, WI",,260.9088,Storm sewer,,,,,continuous,,,,gage_height,census,,,13294194,13293750,False,1085.42,5838.85,far,nearest,2,5,350002977,2712.0,0.367524615095,14.1372,stream,usgs_default_stream,,555.556202758849,,,,,,,,,,,,,,,,,,StreamRiver, ,0,,0.0,2.0,no_evidence
USGS:430734089215001,USGS,430734089215001,USGS,False,no_nitrate_series,,,,,,USGS:430734089215001,True,singleton,,,,,,n/a,43.126111111111115,-89.36388888888888,NAVD88,wi,Dane County,070900020604,America/Chicago,"N Sherman Ave Storm Sewer nr Trailsway Madison,WI",,261.5184,Storm sewer,,,,,continuous,,,,gage_height,census,,,13294368,13294368,True,611.02,0.0,far,nearest,1,4,350002977,2718.0,0.0,3.1689,stream,usgs_default_stream,,42.64133057785066,,,,,,,,,,,,,,,,,,ArtificialPath,LakePond,13293280,1.0,0.0,1.0,no_evidence
USGS:441303088291600,USGS,441303088291600,USGS,False,no_nitrate_series,,,,,,USGS:441303088291600,True,singleton,,,,,,n/a,44.2175,-88.4877777777778,NAVD88,wi,Winnebago County,040302040201,America/Chicago,"BIO CELL 2 @ MC MAHON ASSC STORM SEWER @ NEENAH,WI",,235.9152,Storm sewer,,,,,continuous,,,,gage_height+water_temp,census,,,12006905,12009568,False,532.13,315.4,far,nearest,2,2,90003575,61.0,0.144157401597,3.6135,stream,usgs_default_stream,,274.1936168748268,,,,,,,,,,,,,,,,,,StreamRiver, ,0,,0.0,2.0,no_evidence
USGS:442916087362600,USGS,442916087362600,USGS,False,no_nitrate_series,,,,,,USGS:442916087362600,True,singleton,,,,,,n/a,44.4877777777778,-87.6072222222222,NGVD29,wi,Kewaunee County,040301020305,America/Chicago,"DISCOVERY FARMS WATERWAY SITE NO. 2 NR KEWAUNEE,WI",0.089354586,228.60000000000002,Land,,,,,continuous,,,,discharge,census,,,13064631,13064619,False,635.72,0.0,far,nearest,1,2,90012998,16.0,0.0985557188206,1.17,stream,usgs_default_stream,,1316.944611533184,,,,,,,,,,,,,,,,,,StreamRiver, ,0,,0.0,1.0,no_evidence
USGS:464114097260900,USGS,464114097260900,USGS,False,no_nitrate_series,,,,,,USGS:464114097260900,True,distinct,1753.44,424,0.2475,22.6235,,rule,46.6872222222222,-97.4358333333333,NGVD29,nd,Cass County,090202050404,America/Chicago,"DISCOVERY FARMS WATERWAY SITE 3 NEAR EMBDEN, ND",,321.564,Land,,,0,,continuous,,00060_dv,,discharge,census,,,14254591,14254591,True,703.98,5068.25,far,nearest,5,6,840000015,604.0,0.166604066791,5.4954,stream,usgs_default_stream,,406.35059741128777,,,discharge,0,2733,0,0,0,0,0,0,0,0,0,0,0,0,StreamRiver, ,0,,0.0,5.0,no_evidence
USGS:464115097254700,USGS,464115097254700,USGS,False,no_nitrate_series,,,,,,USGS:464115097254700,True,distinct,2222.3,355,0.2624,20.436,,rule,46.6875,-97.4297222222222,NGVD29,nd,Cass County,090202050407,America/Chicago,"DISCOVERY FARMS WATERWAY SITE 2 NEAR EMBDEN, ND",,320.04,Land,,,0,,continuous,,00060_dv,,discharge,census,,,14254591,14254597,False,754.41,5106.57,far,nearest,5,6,840000015,604.0,0.166604066791,5.4954,stream,usgs_default_stream,,63.97629030529428,,,discharge,0,2650,0,0,0,0,0,0,0,0,0,0,0,0,StreamRiver, ,0,,0.0,5.0,no_evidence
USGS:464115097255000,USGS,464115097255000,USGS,False,no_nitrate_series,,,,,,USGS:464115097255000,True,distinct,2158.89,380,-0.0436,21.1952,,rule,46.6875,-97.4305555555556,NGVD29,nd,Cass County,090202050407,America/Chicago,"DISCOVERY FARMS WATERWAY SITE 1 NEAR EMBDEN, ND",,320.04,Land,,,0,,continuous,,00060_dv,,discharge,census,,,14254591,14254597,False,735.23,5106.57,far,nearest,5,6,840000015,604.0,0.166604066791,5.4954,stream,usgs_default_stream,,63.97629030529428,,,discharge,0,2688,0,0,0,0,0,0,0,0,0,0,0,0,StreamRiver, ,0,,0.0,5.0,no_evidence
IWQIS:WQS0116,IWQIS,WQS0116,IIHR,True,,87.09398957575954,,,,,IWQIS:WQS0116,True,singleton,,,,,,n/a,43.5003,-95.1057,,ia,,,America/Chicago,Iowa Great Lakes 1 at Spirit Lake (116IGL1),2.589988,,Inlet to Big Spirit Lake | 116IGL1,,,0,,continuous,,chloro_con+chloro_v+diss_oxy_con+diss_oxy_con_v2+diss_oxy_sat+diss_oxy_sat_v2+dts_temp_water+m_exc+nitrate_con+ph+ph_v2+phosphate_con+r_exc+spec_cond+spec_cond_v2+temp_water+turbi_bes+turbi_max+turbi_mean+turbi_mean_v2+turbi_med+turbi_min+turbi_var,mg/L as N,,,,,14621284,14619108,False,60.88,0.0,ok,mainstem,2,4,350002977,3306.0,451.848211032,6.4809,lake,human_review,,2343.4172474615502,,,water_temp+turbidity_unknown,0,0,0,441,0,0,0,441,0,0,0,0,0,0,ArtificialPath,LakePond,167266434,0.264141164557,0.0,2.0,reviewed
USGS:03318000,USGS,03318000,USGS,False,no_nitrate_series,,,,,,USGS:03318000,True,singleton,,,,,,n/a,37.6092219813033,-86.4963694866849,NGVD29,ky,Grayson County,05110004,America/Chicago,"ROUGH RIVER NEAR FALLS OF ROUGH, KY",1175.854552,130.82016000000002,Stream,,,,,continuous,,,,discharge+gage_height,census,,,11621434,11621434,True,106.33,3180.64,ok,nearest,4,4,350002977,2131.0,4.34948109454,6.3918,stream,human_review,,1146.3143314337135,,,,,,,,,,,,,,,,,,ArtificialPath,LakePond,11620502,0.208237979738,0.0,4.0,reviewed
USGS:04182830,USGS,04182830,USGS,False,no_nitrate_series,,,,,,USGS:04182830,True,singleton,,,,,,n/a,41.081944444444446,-85.13222222222221,NAVD88,in,Allen County,04100005,America/New_York,"MAUMEE RIVER AT COLUMBIA ST AT FORT WAYNE, IN",4985.7269,222.44913600000004,Stream,,,,,continuous,,,,gage_height,census,,,15668481,15668481,True,19.13,204.57,ok,nearest,6,1,90003747,216.0,0.0310579760537,6.5898,stream,human_review,,890.0137987815791,,,,,,,,,,,,,,,,,,ArtificialPath,LakePond,15668233,0.800830480798,0.0,6.0,reviewed
USGS:04182900,USGS,04182900,USGS,False,no_nitrate_series,,,,,,USGS:04182900,True,distinct,652.74,,,,,rule,41.08252060077974,-85.11521050087637,NAVD88,in,Allen County,04100005,America/New_York,"MAUMEE RIVER AT FORT WAYNE, IN",4988.316888,222.37598400000002,Stream,,,0,,continuous,,00060_dv+00065_dv,,discharge+gage_height,census,,,15668481,15668481,True,50.86,2057.59,ok,nearest,6,1,90003747,216.0,0.0310579760537,6.5898,stream,human_review,,652.744691236455,,,discharge,0,5434,0,0,0,0,0,0,0,0,0,0,0,0,ArtificialPath,LakePond,15668233,0.800830480798,0.0,6.0,reviewed
USGS:05560000,USGS,05560000,USGS,False,no_nitrate_series,,,,,,USGS:05560000,True,singleton,,,,,,n/a,40.7022598136294,-89.5645407442617,NGVD29,il,Peoria County,071300011705,America/Chicago,"ILLINOIS RIVER AT PEORIA, IL",36687.18002,130.573272,Stream,,,,,continuous,,,,discharge+gage_height,census,,,14839001,14839317,False,229.05,2136.77,ok,nearest,1,3,350002977,2180.0,0.109098776418,1.3455,stream,human_review,,2843.8520580203262,,,,,,,,,,,,,,,,,,StreamRiver, ,0,,0.0,1.0,reviewed
USGS:073802305,USGS,073802305,USGS,False,no_nitrate_series,,,,,,USGS:073802305,True,singleton,,,,,,n/a,30.106311900971,-90.4214723605213,,la,St. John the Baptist Parish,080902020100,America/Chicago,"(COE) Lake Pontchartrain at Frenier, LA",,,Stream,,,,,continuous,,,,gage_height,census,,,15207129,22764026,False,662.26,0.0,far,nearest,1,4,350003472,113.0,-9999.0,2.9295,stream,human_review,,2658.4576627983915,,,,,,,,,,,,,,,,,,StreamRiver, ,0,,1.0,1.0,reviewed
USGS:3004510895507,USGS,3004510895507,USGS,False,no_nitrate_series,,,,,,USGS:3004510895507,True,singleton,,,,,,n/a,30.1413888888889,-89.8637916666667,NAVD88,la,Orleans Parish,080902030202,America/Chicago,"I-10 Drainge Canal near Little Woods, LA",,0.0,Atmosphere,,,,,continuous,,,,gage_height,census,non_surface_no_nitrate,,18909474,18909474,True,27.52,14.9,ok,mainstem,1,2,350003472,19.0,-9999.0,11.4498,atmosphere,human_review,,32.222788262130685,,,,,,,,,,,,,,,,,,ArtificialPath, ,167166635,9.16284731308e-05,1.0,1.0,reviewed
USGS:300830089515000,USGS,300830089515000,USGS,False,no_nitrate_series,,,,,,USGS:300830089515000,True,singleton,,,,,,n/a,30.1416666666667,-89.8638888888889,NAVD88,la,Orleans Parish,080902030202,America/Chicago,"Little Irish Bayou at Hwy 11 near Slidell, LA",,0.0,Stream,,,,,continuous,,,,gage_height,census,,,18909474,18909474,True,56.86,28.22,ok,mainstem,1,2,350003472,19.0,-9999.0,11.4498,stream,human_review,,32.222788262130685,,,,,,,,,,,,,,,,,,ArtificialPath, ,167166635,9.16284731308e-05,1.0,1.0,reviewed
