{"type": "FeatureCollection", "features": [{"id": "108", "type": "Feature", "properties": {}, "geometry": {"type": "LineString", "coordinates": [[-91.20115092561544, 43.40196629111071], [-91.20362412593317, 43.39858069052025]]}}, {"id": "109", "type": "Feature", "properties": {}, "geometry": {"type": "LineString", "coordinates": [[-91.19888765798632, 43.40210269156257], [-91.20115092561544, 43.40196629111071]]}}, {"id": "135", "type": "Feature", "properties": {}, "geometry": {"type": "LineString", "coordinates": [[-91.23151167444671, 43.461780498425036], [-91.2309253413658, 43.461120498526256]]}}, {"id": "143", "type": "Feature", "properties": {}, "geometry": {"type": "LineString", "coordinates": [[-91.1223194789616, 43.19650039706139], [-91.13817101392127, 43.170661658569585]]}}, {"id": "144", "type": "Feature", "properties": {}, "geometry": {"type": "LineString", "coordinates": [[-91.11727607824176, 43.20081826515798], [-91.1223194789616, 43.19650039706139]]}}, {"id": "147", "type": "Feature", "properties": {}, "geometry": {"type": "LineString", "coordinates": [[-91.10068387424552, 43.212676667854254], [-91.11727607824176, 43.20081826515798]]}}, {"id": "148", "type": "Feature", "properties": {}, "geometry": {"type": "LineString", "coordinates": [[-91.09769647376758, 43.214882668448546], [-91.10068387424552, 43.212676667854254]]}}, {"id": "149", "type": "Feature", "properties": {}, "geometry": {"type": "LineString", "coordinates": [[-91.21810273959294, 43.47653190176259], [-91.2309253413658, 43.461120498526256]]}}, {"id": "166", "type": "Feature", "properties": {}, "geometry": {"type": "LineString", "coordinates": [[-91.23340427563001, 43.46633643215046], [-91.23153767528429, 43.465717298856944]]}}, {"id": "167", "type": "Feature", "properties": {}, "geometry": {"type": "LineString", "coordinates": [[-91.23153767528429, 43.465717298856944], [-91.23151167444671, 43.461780498425036]]}}, {"id": "198", "type": "Feature", "properties": {}, "geometry": {"type": "LineString", "coordinates": [[-91.17696261518738, 43.08616457675814], [-91.17703661301059, 43.06922464066757], [-91.16440000831564, 43.0590772396254]]}}, {"id": "199", "type": "Feature", "properties": {}, "geometry": {"type": "LineString", "coordinates": [[-91.32731276843306, 43.45852409160009], [-91.32480330133066, 43.4597802922949]]}}, {"id": "200", "type": "Feature", "properties": {}, "geometry": {"type": "LineString", "coordinates": [[-91.36294890880461, 43.430591018895996], [-91.35105397207285, 43.43286168662437], [-91.33099296942105, 43.45650209138078]]}}, {"id": "201", "type": "Feature", "properties": {}, "geometry": {"type": "LineString", "coordinates": [[-91.33099296942105, 43.45650209138078], [-91.32731276843306, 43.45852409160009]]}}, {"id": "202", "type": "Feature", "properties": {}, "geometry": {"type": "LineString", "coordinates": [[-91.37758791396345, 43.44028988610977], [-91.36848817776468, 43.43651641913381]]}}, {"id": "203", "type": "Feature", "properties": {}, "geometry": {"type": "LineString", "coordinates": [[-91.36848817776468, 43.43651641913381], [-91.36294890880461, 43.430591018895996]]}}, {"id": "204", "type": "Feature", "properties": {}, "geometry": {"type": "LineString", "coordinates": [[-91.38910278248167, 43.427415883132944], [-91.38643731664199, 43.43978681821774], [-91.37758791396345, 43.44028988610977]]}}, {"id": "205", "type": "Feature", "properties": {}, "geometry": {"type": "LineString", "coordinates": [[-91.39305611713012, 43.42762128302977], [-91.38910278248167, 43.427415883132944]]}}, {"id": "206", "type": "Feature", "properties": {}, "geometry": {"type": "LineString", "coordinates": [[-91.39478178438416, 43.427415282927036], [-91.39305611713012, 43.42762128302977]]}}, {"id": "207", "type": "Feature", "properties": {}, "geometry": {"type": "LineString", "coordinates": [[-91.40887178864867, 43.43367801621214], [-91.39478178438416, 43.427415282927036]]}}, {"id": "208", "type": "Feature", "properties": {}, "geometry": {"type": "LineString", "coordinates": [[-91.42963739387672, 43.425530280178016], [-91.40887178864867, 43.43367801621214]]}}, {"id": "209", "type": "Feature", "properties": {}, "geometry": {"type": "LineString", "coordinates": [[-91.43346372830355, 43.424110813261834], [-91.42963739387672, 43.425530280178016]]}}, {"id": "210", "type": "Feature", "properties": {}, "geometry": {"type": "LineString", "coordinates": [[-91.43719492844686, 43.42173087886546], [-91.43346372830355, 43.424110813261834]]}}, {"id": "211", "type": "Feature", "properties": {}, "geometry": {"type": "LineString", "coordinates": [[-91.4505601997879, 43.42236361201701], [-91.43719492844686, 43.42173087886546]]}}, {"id": "212", "type": "Feature", "properties": {}, "geometry": {"type": "LineString", "coordinates": [[-91.48133340828525, 43.42044227626694], [-91.46653660506362, 43.42788641141544], [-91.4505601997879, 43.42236361201701]]}}, {"id": "213", "type": "Feature", "properties": {}, "geometry": {"type": "LineString", "coordinates": [[-91.48610314264369, 43.42112400936487], [-91.48133340828525, 43.42044227626694]]}}, {"id": "214", "type": "Feature", "properties": {}, "geometry": {"type": "LineString", "coordinates": [[-91.4886490103797, 43.42386560939569], [-91.48610314264369, 43.42112400936487]]}}, {"id": "215", "type": "Feature", "properties": {}, "geometry": {"type": "LineString", "coordinates": [[-91.50576574875518, 43.42693967528824], [-91.49562921298809, 43.4319078772652], [-91.4886490103797, 43.42386560939569]]}}, {"id": "1095", "type": "Feature", "properties": {}, "geometry": {"type": "LineString", "coordinates": [[-91.43346372830355, 43.424110813261834], [-91.42963739387672, 43.425530280178016]]}}, {"id": "1096", "type": "Feature", "properties": {}, "geometry": {"type": "LineString", "coordinates": [[-91.39478178438416, 43.427415282927036], [-91.39305611713012, 43.42762128302977]]}}, {"id": "1130", "type": "Feature", "properties": {}, "geometry": {"type": "LineString", "coordinates": [[-91.32480330133066, 43.4597802922949], [-91.29763436192529, 43.473487095798504]]}}, {"id": "1131", "type": "Feature", "properties": {}, "geometry": {"type": "LineString", "coordinates": [[-91.29763436192529, 43.473487095798504], [-91.27738755623172, 43.47506249756772]]}}, {"id": "1147", "type": "Feature", "properties": {}, "geometry": {"type": "LineString", "coordinates": [[-91.27738755623172, 43.47506249756772], [-91.23340427563001, 43.46633643215046]]}}, {"id": "1148", "type": "Feature", "properties": {}, "geometry": {"type": "LineString", "coordinates": [[-90.67142734549677, 42.57501279336557], [-90.65340740500201, 42.5555912576127]]}}, {"id": "1149", "type": "Feature", "properties": {}, "geometry": {"type": "LineString", "coordinates": [[-90.87907528239693, 42.67030806216417], [-90.8665046778242, 42.66904859624204]]}}, {"id": "1150", "type": "Feature", "properties": {}, "geometry": {"type": "LineString", "coordinates": [[-90.8665046778242, 42.66904859624204], [-90.84804947213324, 42.66357379641453]]}}, {"id": "1151", "type": "Feature", "properties": {}, "geometry": {"type": "LineString", "coordinates": [[-90.8910796860326, 42.67252686212838], [-90.87907528239693, 42.67030806216417]]}}, {"id": "1152", "type": "Feature", "properties": {}, "geometry": {"type": "LineString", "coordinates": [[-90.91004455898481, 42.68039279519825], [-90.8910796860326, 42.67252686212838]]}}, {"id": "1153", "type": "Feature", "properties": {}, "geometry": {"type": "LineString", "coordinates": [[-90.94652530257302, 42.68456846068004], [-90.93263769862351, 42.68409619440189]]}}, {"id": "1154", "type": "Feature", "properties": {}, "geometry": {"type": "LineString", "coordinates": [[-90.95311470479515, 42.68650399354306], [-90.94652530257302, 42.68456846068004]]}}, {"id": "1155", "type": "Feature", "properties": {}, "geometry": {"type": "LineString", "coordinates": [[-90.95502990579438, 42.68805659395858], [-90.95311470479515, 42.68650399354306]]}}, {"id": "1156", "type": "Feature", "properties": {}, "geometry": {"type": "LineString", "coordinates": [[-90.95595717288178, 42.688808260844716], [-90.95502990579438, 42.68805659395858]]}}, {"id": "1157", "type": "Feature", "properties": {}, "geometry": {"type": "LineString", "coordinates": [[-91.08281661770468, 42.769121265289], [-91.08563801670462, 42.74963106208003]]}}, {"id": "1158", "type": "Feature", "properties": {}, "geometry": {"type": "LineString", "coordinates": [[-91.09587829620892, 42.83684727536221], [-91.09615782946747, 42.835513608635196]]}}, {"id": "1159", "type": "Feature", "properties": {}, "geometry": {"type": "LineString", "coordinates": [[-91.0944856290408, 42.83772407575827], [-91.09587829620892, 42.83684727536221]]}}, {"id": "1160", "type": "Feature", "properties": {}, "geometry": {"type": "LineString", "coordinates": [[-91.09410136389825, 42.851648877971854], [-91.0944856290408, 42.83772407575827]]}}, {"id": "1260", "type": "Feature", "properties": {}, "geometry": {"type": "LineString", "coordinates": [[-91.05227600459395, 42.72426479346552], [-91.05153020438046, 42.72547626036622]]}}, {"id": "1261", "type": "Feature", "properties": {}, "geometry": {"type": "LineString", "coordinates": [[-91.05153020438046, 42.72547626036622], [-91.04534380256446, 42.72812306116214]]}}, {"id": "1262", "type": "Feature", "properties": {}, "geometry": {"type": "LineString", "coordinates": [[-91.06965961088078, 42.736320794822625], [-91.05227600459395, 42.72426479346552]]}}, {"id": "1517", "type": "Feature", "properties": {}, "geometry": {"type": "LineString", "coordinates": [[-91.09172922135502, 42.77822046646133], [-91.09444262219658, 42.77780806633946]]}}, {"id": "1518", "type": "Feature", "properties": {}, "geometry": {"type": "LineString", "coordinates": [[-91.09444262219658, 42.77780806633946], [-91.09540735531957, 42.772869198959164]]}}, {"id": "1519", "type": "Feature", "properties": {}, "geometry": {"type": "LineString", "coordinates": [[-91.09540735531957, 42.772869198959164], [-91.08848935385807, 42.77574639971794]]}}, {"id": "1705", "type": "Feature", "properties": {}, "geometry": {"type": "LineString", "coordinates": [[-95.03069981109918, 40.66991221885902], [-95.03052780977342, 40.66343861804324]]}}, {"id": "1706", "type": "Feature", "properties": {}, "geometry": {"type": "LineString", "coordinates": [[-95.02847281025473, 40.67290688629537], [-95.03069981109918, 40.66991221885902]]}}, {"id": "1707", "type": "Feature", "properties": {}, "geometry": {"type": "LineString", "coordinates": [[-95.02678861013251, 40.674300820255375], [-95.02847281025473, 40.67290688629537]]}}, {"id": "1708", "type": "Feature", "properties": {}, "geometry": {"type": "LineString", "coordinates": [[-95.01700160884248, 40.689732689589796], [-95.02678861013251, 40.674300820255375]]}}, {"id": "1709", "type": "Feature", "properties": {}, "geometry": {"type": "LineString", "coordinates": [[-95.01800181104612, 40.70451049215349], [-95.01700160884248, 40.689732689589796]]}}, {"id": "1710", "type": "Feature", "properties": {}, "geometry": {"type": "LineString", "coordinates": [[-95.0182411446957, 40.70526549214562], [-95.01800181104612, 40.70451049215349]]}}, {"id": "1711", "type": "Feature", "properties": {}, "geometry": {"type": "LineString", "coordinates": [[-95.01373414779492, 40.74398763199582], [-95.0182411446957, 40.70526549214562]]}}, {"id": "1712", "type": "Feature", "properties": {}, "geometry": {"type": "LineString", "coordinates": [[-95.01090361382684, 40.74631823267357], [-95.01373414779492, 40.74398763199582]]}}, {"id": "1713", "type": "Feature", "properties": {}, "geometry": {"type": "LineString", "coordinates": [[-95.00251301220494, 40.75176083355691], [-95.01090361382684, 40.74631823267357]]}}, {"id": "1714", "type": "Feature", "properties": {}, "geometry": {"type": "LineString", "coordinates": [[-95.00026441136947, 40.75271910086437], [-95.00251301220494, 40.75176083355691]]}}, {"id": "1715", "type": "Feature", "properties": {}, "geometry": {"type": "LineString", "coordinates": [[-94.99543274625704, 40.77458103778915], [-95.00026441136947, 40.75330290096335]]}}, {"id": "1716", "type": "Feature", "properties": {}, "geometry": {"type": "LineString", "coordinates": [[-95.00026441136947, 40.75330290096335], [-95.00026441136947, 40.75271910086437]]}}, {"id": "1717", "type": "Feature", "properties": {}, "geometry": {"type": "LineString", "coordinates": [[-94.99526474692587, 40.781374838846716], [-94.99543274625704, 40.77458103778915]]}}, {"id": "1718", "type": "Feature", "properties": {}, "geometry": {"type": "LineString", "coordinates": [[-94.99561694760268, 40.792880241149795], [-94.99526474692587, 40.781374838846716]]}}, {"id": "1719", "type": "Feature", "properties": {}, "geometry": {"type": "LineString", "coordinates": [[-94.99541594865954, 40.79816444178012], [-94.99561694760268, 40.792880241149795]]}}, {"id": "1720", "type": "Feature", "properties": {}, "geometry": {"type": "LineString", "coordinates": [[-94.99572521525567, 40.80257870921811], [-94.99541594865954, 40.79816444178012]]}}, {"id": "1721", "type": "Feature", "properties": {}, "geometry": {"type": "LineString", "coordinates": [[-94.99504101611447, 40.80692550957593], [-94.99572521525567, 40.80257870921811]]}}, {"id": "1722", "type": "Feature", "properties": {}, "geometry": {"type": "LineString", "coordinates": [[-95.00026581813121, 40.81284984371412], [-94.99504101611447, 40.80692550957593]]}}, {"id": "1723", "type": "Feature", "properties": {}, "geometry": {"type": "LineString", "coordinates": [[-95.00194335185573, 40.81734031086691], [-95.00026581813121, 40.81284984371412]]}}, {"id": "1724", "type": "Feature", "properties": {}, "geometry": {"type": "LineString", "coordinates": [[-95.00305095304145, 40.82100144478479], [-95.00194335185573, 40.81734031086691]]}}, {"id": "1725", "type": "Feature", "properties": {}, "geometry": {"type": "LineString", "coordinates": [[-95.0046481549217, 40.83747231432633], [-95.00305095304145, 40.82100144478479]]}}, {"id": "1726", "type": "Feature", "properties": {}, "geometry": {"type": "LineString", "coordinates": [[-95.00458282224771, 40.84037724750889], [-95.0046481549217, 40.83747231432633]]}}, {"id": "1727", "type": "Feature", "properties": {}, "geometry": {"type": "LineString", "coordinates": [[-95.0047327555602, 40.84081191486602], [-95.00458282224771, 40.84037724750889]]}}, {"id": "1728", "type": "Feature", "properties": {}, "geometry": {"type": "LineString", "coordinates": [[-95.00481022267704, 40.84822324885243], [-95.0047327555602, 40.84081191486602]]}}, {"id": "1729", "type": "Feature", "properties": {}, "geometry": {"type": "LineString", "coordinates": [[-95.00491342383182, 40.85821925049676], [-95.00481022267704, 40.84822324885243]]}}, {"id": "1730", "type": "Feature", "properties": {}, "geometry": {"type": "LineString", "coordinates": [[-95.00482702566443, 40.873430253019116], [-95.00491342383182, 40.85821925049676]]}}, {"id": "1731", "type": "Feature", "properties": {}, "geometry": {"type": "LineString", "coordinates": [[-95.00500062599141, 40.87770785357418], [-95.00482702566443, 40.873430253019116]]}}, {"id": "1732", "type": "Feature", "properties": {}, "geometry": {"type": "LineString", "coordinates": [[-95.00502975925437, 40.87832545368794], [-95.00500062599141, 40.87770785357418]]}}, {"id": "1733", "type": "Feature", "properties": {}, "geometry": {"type": "LineString", "coordinates": [[-95.00451856126385, 40.89536572333879], [-95.00502975925437, 40.87832545368794]]}}, {"id": "1734", "type": "Feature", "properties": {}, "geometry": {"type": "LineString", "coordinates": [[-95.00026762823653, 40.90379632459203], [-95.00451856126385, 40.89536572333879]]}}, {"id": "1735", "type": "Feature", "properties": {}, "geometry": {"type": "LineString", "coordinates": [[-94.99887296052025, 40.904593058072436], [-95.00026762823653, 40.90379632459203]]}}, {"id": "2094", "type": "Feature", "properties": {}, "geometry": {"type": "LineString", "coordinates": [[-91.14044018348177, 42.908907217677026], [-91.13540058173726, 42.904700017155804]]}}, {"id": "2095", "type": "Feature", "properties": {}, "geometry": {"type": "LineString", "coordinates": [[-91.1408056504787, 42.9090610174711], [-91.14044018348177, 42.908907217677026]]}}, {"id": "2114", "type": "Feature", "properties": {}, "geometry": {"type": "LineString", "coordinates": [[-90.95502990579438, 42.68805659395858], [-90.95304870646954, 42.69752246248867]]}}, {"id": "2117", "type": "Feature", "properties": {}, "geometry": {"type": "LineString", "coordinates": [[-91.08563801670462, 42.74963106208003], [-91.08146034847523, 42.74574959559449]]}}, {"id": "2118", "type": "Feature", "properties": {}, "geometry": {"type": "LineString", "coordinates": [[-91.16000566374476, 42.97494282647855], [-91.16121886368877, 42.97210715932921]]}}, {"id": "2119", "type": "Feature", "properties": {}, "geometry": {"type": "LineString", "coordinates": [[-91.15480326211794, 42.97415102673907], [-91.16000566374476, 42.97494282647855]]}}, {"id": "2143", "type": "Feature", "properties": {}, "geometry": {"type": "LineString", "coordinates": [[-90.99367311974862, 42.71212699524683], [-90.98461838285736, 42.7030816613215]]}}, {"id": "2144", "type": "Feature", "properties": {}, "geometry": {"type": "LineString", "coordinates": [[-90.98461838285736, 42.7030816613215], [-90.95595717288178, 42.688808260844716]]}}, {"id": "2148", "type": "Feature", "properties": {}, "geometry": {"type": "LineString", "coordinates": [[-91.14316625056884, 42.905424483549105], [-91.14197878376443, 42.903901616524436]]}}, {"id": "2149", "type": "Feature", "properties": {}, "geometry": {"type": "LineString", "coordinates": [[-91.14197878376443, 42.903901616524436], [-91.12446357698343, 42.89262901568182]]}}, {"id": "2150", "type": "Feature", "properties": {}, "geometry": {"type": "LineString", "coordinates": [[-91.15002538992134, 42.93942242156208], [-91.14470825366979, 42.92820108720797]]}}, {"id": "2151", "type": "Feature", "properties": {}, "geometry": {"type": "LineString", "coordinates": [[-91.14470825366979, 42.92820108720797], [-91.14530685234756, 42.91706528492868]]}}, {"id": "2152", "type": "Feature", "properties": {}, "geometry": {"type": "LineString", "coordinates": [[-91.14795198661743, 42.91181748437869], [-91.1480888530358, 42.91086128404037]]}}, {"id": "2153", "type": "Feature", "properties": {}, "geometry": {"type": "LineString", "coordinates": [[-91.14177765097233, 42.90796948416101], [-91.14100005039776, 42.908838483908916]]}}, {"id": "2154", "type": "Feature", "properties": {}, "geometry": {"type": "LineString", "coordinates": [[-91.14316625056884, 42.905424483549105], [-91.14177765097233, 42.90796948416101]]}}, {"id": "2155", "type": "Feature", "properties": {}, "geometry": {"type": "LineString", "coordinates": [[-91.14100005039776, 42.908838483908916], [-91.1408056504787, 42.9090610174711]]}}, {"id": "2156", "type": "Feature", "properties": {}, "geometry": {"type": "LineString", "coordinates": [[-91.15641639651801, 42.98281536138122], [-91.15480326211794, 42.97415102673907]]}}, {"id": "2157", "type": "Feature", "properties": {}, "geometry": {"type": "LineString", "coordinates": [[-91.14768279027287, 42.94766622330426], [-91.15054679097685, 42.94253382246728]]}}, {"id": "2165", "type": "Feature", "properties": {}, "geometry": {"type": "LineString", "coordinates": [[-91.08463181914479, 42.7721359996191], [-91.0831134183796, 42.76956259904038]]}}, {"id": "2166", "type": "Feature", "properties": {}, "geometry": {"type": "LineString", "coordinates": [[-91.08828782041732, 42.775557799876296], [-91.08463181914479, 42.7721359996191]]}}, {"id": "2167", "type": "Feature", "properties": {}, "geometry": {"type": "LineString", "coordinates": [[-91.08848935385807, 42.77574639971794], [-91.08828782041732, 42.775557799876296]]}}, {"id": "2168", "type": "Feature", "properties": {}, "geometry": {"type": "LineString", "coordinates": [[-91.09172922135502, 42.77822046646133], [-91.08848935385807, 42.77574639971794]]}}, {"id": "2171", "type": "Feature", "properties": {}, "geometry": {"type": "LineString", "coordinates": [[-91.02195619468512, 42.719796261180264], [-91.01713392684887, 42.71934319495923]]}}, {"id": "2172", "type": "Feature", "properties": {}, "geometry": {"type": "LineString", "coordinates": [[-91.02909259725344, 42.719799794683546], [-91.02195619468512, 42.719796261180264]]}}, {"id": "2173", "type": "Feature", "properties": {}, "geometry": {"type": "LineString", "coordinates": [[-91.03014053054137, 42.72017546090363], [-91.02909259725344, 42.719799794683546]]}}, {"id": "2174", "type": "Feature", "properties": {}, "geometry": {"type": "LineString", "coordinates": [[-91.01713392684887, 42.71934319495923], [-91.01190512553248, 42.72021839526674]]}}, {"id": "2175", "type": "Feature", "properties": {}, "geometry": {"type": "LineString", "coordinates": [[-90.84804947213324, 42.66357379641453], [-90.84252520414013, 42.66348946374891]]}}, {"id": "2177", "type": "Feature", "properties": {}, "geometry": {"type": "LineString", "coordinates": [[-91.08146034847523, 42.74574959559449], [-91.06965961088078, 42.736320794822625]]}}, {"id": "2178", "type": "Feature", "properties": {}, "geometry": {"type": "LineString", "coordinates": [[-91.04534380256446, 42.72812306116214], [-91.03014053054137, 42.72017546090363]]}}, {"id": "2179", "type": "Feature", "properties": {}, "geometry": {"type": "LineString", "coordinates": [[-91.06965961088078, 42.736320794822625], [-91.04534380256446, 42.72812306116214]]}}, {"id": "2181", "type": "Feature", "properties": {}, "geometry": {"type": "LineString", "coordinates": [[-91.0831134183796, 42.76956259904038], [-91.08281661770468, 42.769121265289]]}}, {"id": "2182", "type": "Feature", "properties": {}, "geometry": {"type": "LineString", "coordinates": [[-91.09628856218907, 42.833672474841336], [-91.09643176262851, 42.83165507439375]]}}, {"id": "2183", "type": "Feature", "properties": {}, "geometry": {"type": "LineString", "coordinates": [[-91.09461896058853, 42.823358007079364], [-91.09583422755604, 42.81838240577445]]}}, {"id": "2184", "type": "Feature", "properties": {}, "geometry": {"type": "LineString", "coordinates": [[-91.09204655841566, 42.81088347145604], [-91.09004075782848, 42.807190070920505]]}}, {"id": "2185", "type": "Feature", "properties": {}, "geometry": {"type": "LineString", "coordinates": [[-91.09004075782848, 42.807190070920505], [-91.09030742451718, 42.80437787087044]]}}, {"id": "2186", "type": "Feature", "properties": {}, "geometry": {"type": "LineString", "coordinates": [[-91.09643176262851, 42.83165507439375], [-91.09452702790068, 42.82465227353026]]}}, {"id": "2187", "type": "Feature", "properties": {}, "geometry": {"type": "LineString", "coordinates": [[-91.09378175589656, 42.78572060095823], [-91.09172922135502, 42.77822046646133]]}}, {"id": "2188", "type": "Feature", "properties": {}, "geometry": {"type": "LineString", "coordinates": [[-91.09583422755604, 42.81838240577445], [-91.09204655841566, 42.81088347145604]]}}, {"id": "2189", "type": "Feature", "properties": {}, "geometry": {"type": "LineString", "coordinates": [[-91.09452702790068, 42.82465227353026], [-91.09461896058853, 42.823358007079364]]}}, {"id": "2190", "type": "Feature", "properties": {}, "geometry": {"type": "LineString", "coordinates": [[-91.09030742451718, 42.80437787087044], [-91.09378175589656, 42.78572060095823]]}}, {"id": "2191", "type": "Feature", "properties": {}, "geometry": {"type": "LineString", "coordinates": [[-91.09615782946747, 42.835513608635196], [-91.09628856218907, 42.833672474841336]]}}, {"id": "2192", "type": "Feature", "properties": {}, "geometry": {"type": "LineString", "coordinates": [[-91.14820525313705, 42.91004801728055], [-91.14316625056884, 42.905424483549105]]}}, {"id": "2193", "type": "Feature", "properties": {}, "geometry": {"type": "LineString", "coordinates": [[-91.1480888530358, 42.91086128404037], [-91.14820525313705, 42.91004801728055]]}}, {"id": "2194", "type": "Feature", "properties": {}, "geometry": {"type": "LineString", "coordinates": [[-91.14530685234756, 42.91706528492868], [-91.14795198661743, 42.91181748437869]]}}, {"id": "2195", "type": "Feature", "properties": {}, "geometry": {"type": "LineString", "coordinates": [[-91.15054679097685, 42.94253382246728], [-91.15002538992134, 42.93942242156208]]}}, {"id": "2197", "type": "Feature", "properties": {}, "geometry": {"type": "LineString", "coordinates": [[-91.14530685234756, 42.91706528492868], [-91.1419745850388, 42.91589181834595]]}}, {"id": "2198", "type": "Feature", "properties": {}, "geometry": {"type": "LineString", "coordinates": [[-91.1419745850388, 42.91589181834595], [-91.13924665035427, 42.9125630179512]]}}, {"id": "2199", "type": "Feature", "properties": {}, "geometry": {"type": "LineString", "coordinates": [[-91.1404402508554, 42.90947888437537], [-91.13885405064248, 42.9116284178523]]}}, {"id": "2200", "type": "Feature", "properties": {}, "geometry": {"type": "LineString", "coordinates": [[-91.1408056504787, 42.9090610174711], [-91.1404402508554, 42.90947888437537]]}}, {"id": "2229", "type": "Feature", "properties": {}, "geometry": {"type": "LineString", "coordinates": [[-91.10301163282718, 42.85244701060858], [-91.10301196610214, 42.851852477274456]]}}, {"id": "2230", "type": "Feature", "properties": {}, "geometry": {"type": "LineString", "coordinates": [[-91.1055608342112, 42.850481076929086], [-91.10571636672286, 42.85000087670333]]}}, {"id": "2231", "type": "Feature", "properties": {}, "geometry": {"type": "LineString", "coordinates": [[-91.10422316729468, 42.85391081078893], [-91.10301163282718, 42.85244701060858]]}}, {"id": "2232", "type": "Feature", "properties": {}, "geometry": {"type": "LineString", "coordinates": [[-91.10301196610214, 42.851852477274456], [-91.1055608342112, 42.850481076929086]]}}, {"id": "2233", "type": "Feature", "properties": {}, "geometry": {"type": "LineString", "coordinates": [[-91.0999018324002, 42.85640227841292], [-91.10422316729468, 42.85391081078893]]}}, {"id": "2234", "type": "Feature", "properties": {}, "geometry": {"type": "LineString", "coordinates": [[-91.10571636672286, 42.85000087670333], [-91.0944856290408, 42.83772407575827]]}}, {"id": "2235", "type": "Feature", "properties": {}, "geometry": {"type": "LineString", "coordinates": [[-91.09585489779073, 42.8553968115546], [-91.0999018324002, 42.85640227841292]]}}, {"id": "2236", "type": "Feature", "properties": {}, "geometry": {"type": "LineString", "coordinates": [[-91.02745459568963, 42.71212565995342], [-91.03110379761378, 42.71800566053823]]}}, {"id": "2237", "type": "Feature", "properties": {}, "geometry": {"type": "LineString", "coordinates": [[-91.03110379761378, 42.71800566053823], [-91.03014053054137, 42.72017546090363]]}}, {"id": "2238", "type": "Feature", "properties": {}, "geometry": {"type": "LineString", "coordinates": [[-91.01894559341834, 42.717240794597345], [-91.01713392684887, 42.71934319495923]]}}, {"id": "2239", "type": "Feature", "properties": {}, "geometry": {"type": "LineString", "coordinates": [[-91.01968899333339, 42.714602261049706], [-91.01894559341834, 42.717240794597345]]}}, {"id": "2240", "type": "Feature", "properties": {}, "geometry": {"type": "LineString", "coordinates": [[-91.01963692697952, 42.71410766051857], [-91.01150539140072, 42.71784966163039]]}}, {"id": "2241", "type": "Feature", "properties": {}, "geometry": {"type": "LineString", "coordinates": [[-91.01968899333339, 42.714602261049706], [-91.01963692697952, 42.71410766051857]]}}, {"id": "2242", "type": "Feature", "properties": {}, "geometry": {"type": "LineString", "coordinates": [[-91.06336000606763, 42.71382165811679], [-91.0420869335524, 42.71437899305056]]}}, {"id": "2243", "type": "Feature", "properties": {}, "geometry": {"type": "LineString", "coordinates": [[-91.03973859905918, 42.70886619174457], [-91.02910532907595, 42.70778245917719]]}}, {"id": "2244", "type": "Feature", "properties": {}, "geometry": {"type": "LineString", "coordinates": [[-91.0420869335524, 42.71437899305056], [-91.04043539886885, 42.70954705906181]]}}, {"id": "2245", "type": "Feature", "properties": {}, "geometry": {"type": "LineString", "coordinates": [[-91.03980999895457, 42.70888379174138], [-91.03973859905918, 42.70886619174457]]}}, {"id": "2246", "type": "Feature", "properties": {}, "geometry": {"type": "LineString", "coordinates": [[-91.04043539886885, 42.70954705906181], [-91.03980999895457, 42.70888379174138]]}}, {"id": "2247", "type": "Feature", "properties": {}, "geometry": {"type": "LineString", "coordinates": [[-91.06932154070338, 42.70630185657497], [-91.06336000606763, 42.71382165811679]]}}, {"id": "2248", "type": "Feature", "properties": {}, "geometry": {"type": "LineString", "coordinates": [[-91.0828633453708, 42.71556945712236], [-91.07620334275387, 42.70788318938006]]}}, {"id": "2249", "type": "Feature", "properties": {}, "geometry": {"type": "LineString", "coordinates": [[-91.07090114099393, 42.70797205675917], [-91.06932154070338, 42.70630185657497]]}}, {"id": "2250", "type": "Feature", "properties": {}, "geometry": {"type": "LineString", "coordinates": [[-91.0710473409081, 42.70791818991551], [-91.07090114099393, 42.70797205675917]]}}, {"id": "2251", "type": "Feature", "properties": {}, "geometry": {"type": "LineString", "coordinates": [[-91.07620334275387, 42.70788318938006], [-91.0710473409081, 42.70791818991551]]}}, {"id": "2252", "type": "Feature", "properties": {}, "geometry": {"type": "LineString", "coordinates": [[-91.09131961563662, 42.72920145846408], [-91.0905444153605, 42.729041058617035]]}}, {"id": "2253", "type": "Feature", "properties": {}, "geometry": {"type": "LineString", "coordinates": [[-91.08236501215346, 42.718061790983], [-91.0828633453708, 42.71556945712236]]}}, {"id": "2254", "type": "Feature", "properties": {}, "geometry": {"type": "LineString", "coordinates": [[-91.08700961478608, 42.727484858456194], [-91.08167894541478, 42.72263479140425]]}}, {"id": "2255", "type": "Feature", "properties": {}, "geometry": {"type": "LineString", "coordinates": [[-91.0905444153605, 42.729041058617035], [-91.09051141574852, 42.7289922587771]]}}, {"id": "2256", "type": "Feature", "properties": {}, "geometry": {"type": "LineString", "coordinates": [[-91.09051141574852, 42.7289922587771], [-91.08704294767301, 42.727490259017856]]}}, {"id": "2257", "type": "Feature", "properties": {}, "geometry": {"type": "LineString", "coordinates": [[-91.08704294767301, 42.727490259017856], [-91.08700961478608, 42.727484858456194]]}}, {"id": "2258", "type": "Feature", "properties": {}, "geometry": {"type": "LineString", "coordinates": [[-91.08167894541478, 42.72263479140425], [-91.08228934526045, 42.71808965719853]]}}, {"id": "2259", "type": "Feature", "properties": {}, "geometry": {"type": "LineString", "coordinates": [[-91.08228934526045, 42.71808965719853], [-91.08236501215346, 42.718061790983]]}}, {"id": "2260", "type": "Feature", "properties": {}, "geometry": {"type": "LineString", "coordinates": [[-91.1256865586826, 42.73023738999785], [-91.11145175407911, 42.72401585663918]]}}, {"id": "2261", "type": "Feature", "properties": {}, "geometry": {"type": "LineString", "coordinates": [[-91.13111476083924, 42.72913998980968], [-91.1256865586826, 42.73023738999785]]}}, {"id": "2262", "type": "Feature", "properties": {}, "geometry": {"type": "LineString", "coordinates": [[-91.13601536176826, 42.72689878914085], [-91.13111476083924, 42.72913998980968]]}}, {"id": "2263", "type": "Feature", "properties": {}, "geometry": {"type": "LineString", "coordinates": [[-91.14556876425348, 42.72877318857516], [-91.13601536176826, 42.72689878914085]]}}, {"id": "2264", "type": "Feature", "properties": {}, "geometry": {"type": "LineString", "coordinates": [[-91.1586904358457, 42.73233805535734], [-91.14556876425348, 42.72877318857516]]}}, {"id": "2265", "type": "Feature", "properties": {}, "geometry": {"type": "LineString", "coordinates": [[-91.16160616962858, 42.73215445496723], [-91.1586904358457, 42.73233805535734]]}}, {"id": "2266", "type": "Feature", "properties": {}, "geometry": {"type": "LineString", "coordinates": [[-91.18254284193449, 42.73043198671455], [-91.16160616962858, 42.73215445496723]]}}, {"id": "2267", "type": "Feature", "properties": {}, "geometry": {"type": "LineString", "coordinates": [[-91.18722704320314, 42.7309557864017], [-91.18254284193449, 42.73043198671455]]}}, {"id": "2268", "type": "Feature", "properties": {}, "geometry": {"type": "LineString", "coordinates": [[-91.20503824936185, 42.73659405315011], [-91.18722704320314, 42.7309557864017]]}}, {"id": "2269", "type": "Feature", "properties": {}, "geometry": {"type": "LineString", "coordinates": [[-91.20857845060775, 42.73974745309008], [-91.20503824936185, 42.73659405315011]]}}, {"id": "2270", "type": "Feature", "properties": {}, "geometry": {"type": "LineString", "coordinates": [[-91.25993806480702, 42.74042284999298], [-91.24873659603354, 42.74716865189223], [-91.23437498973612, 42.73035144992462], [-91.2225092545393, 42.74060638565927], [-91.20857845060775, 42.73974745309008]]}}, {"id": "2271", "type": "Feature", "properties": {}, "geometry": {"type": "LineString", "coordinates": [[-91.2690946670582, 42.73812238264479], [-91.25993806480702, 42.74042284999298]]}}, {"id": "2272", "type": "Feature", "properties": {}, "geometry": {"type": "LineString", "coordinates": [[-91.26983340112369, 42.74134758282563], [-91.2690946670582, 42.73812238264479]]}}, {"id": "2273", "type": "Feature", "properties": {}, "geometry": {"type": "LineString", "coordinates": [[-91.27100940183179, 42.74288085000103], [-91.26983340112369, 42.74134758282563]]}}, {"id": "2274", "type": "Feature", "properties": {}, "geometry": {"type": "LineString", "coordinates": [[-91.27112346900826, 42.748415050860935], [-91.27100940183179, 42.74288085000103]]}}, {"id": "2275", "type": "Feature", "properties": {}, "geometry": {"type": "LineString", "coordinates": [[-91.2674606028103, 42.75806225216351], [-91.27112346900826, 42.748415050860935]]}}, {"id": "2276", "type": "Feature", "properties": {}, "geometry": {"type": "LineString", "coordinates": [[-91.28429020907826, 42.77275805337743], [-91.2674606028103, 42.75806225216351]]}}, {"id": "2277", "type": "Feature", "properties": {}, "geometry": {"type": "LineString", "coordinates": [[-91.32471782303811, 42.79606285493813], [-91.31978662099895, 42.78936005387885], [-91.3066486180349, 42.792874855731704], [-91.31513308641748, 42.785310053914586], [-91.31073161730808, 42.77828705313738], [-91.28429020907826, 42.77275805337743]]}}, {"id": "2278", "type": "Feature", "properties": {}, "geometry": {"type": "LineString", "coordinates": [[-91.32496562330925, 42.79686338834692], [-91.32471782303811, 42.79606285493813]]}}, {"id": "2279", "type": "Feature", "properties": {}, "geometry": {"type": "LineString", "coordinates": [[-91.3262060242401, 42.79903645491067], [-91.32496562330925, 42.79686338834692]]}}, {"id": "2280", "type": "Feature", "properties": {}, "geometry": {"type": "LineString", "coordinates": [[-91.32241668962318, 42.79981225582152], [-91.3262060242401, 42.79903645491067]]}}, {"id": "2281", "type": "Feature", "properties": {}, "geometry": {"type": "LineString", "coordinates": [[-91.32151808957312, 42.797456388275954], [-91.32241668962318, 42.79981225582152]]}}, {"id": "2282", "type": "Feature", "properties": {}, "geometry": {"type": "LineString", "coordinates": [[-91.32017882275706, 42.80184658959063], [-91.32151808957312, 42.797456388275954]]}}, {"id": "2283", "type": "Feature", "properties": {}, "geometry": {"type": "LineString", "coordinates": [[-91.32427589054589, 42.8045011894459], [-91.32017882275706, 42.80184658959063]]}}, {"id": "2284", "type": "Feature", "properties": {}, "geometry": {"type": "LineString", "coordinates": [[-91.33315462771004, 42.80992465619089], [-91.3386262948517, 42.80169385459056], [-91.32427589054589, 42.8045011894459]]}}, {"id": "2285", "type": "Feature", "properties": {}, "geometry": {"type": "LineString", "coordinates": [[-91.33790509590058, 42.81287638980712], [-91.33315462771004, 42.80992465619089]]}}, {"id": "2286", "type": "Feature", "properties": {}, "geometry": {"type": "LineString", "coordinates": [[-91.3397074963479, 42.811413389445235], [-91.33790509590058, 42.81287638980712]]}}, {"id": "2287", "type": "Feature", "properties": {}, "geometry": {"type": "LineString", "coordinates": [[-91.35489790000453, 42.806843254553144], [-91.3397074963479, 42.811413389445235]]}}, {"id": "2288", "type": "Feature", "properties": {}, "geometry": {"type": "LineString", "coordinates": [[-91.35933870095032, 42.80956538783841], [-91.35489790000453, 42.806843254553144]]}}, {"id": "2289", "type": "Feature", "properties": {}, "geometry": {"type": "LineString", "coordinates": [[-91.36213323583169, 42.81324745509183], [-91.35933870095032, 42.80956538783841]]}}, {"id": "2290", "type": "Feature", "properties": {}, "geometry": {"type": "LineString", "coordinates": [[-91.3810200433891, 42.829645190279216], [-91.3605758374034, 42.829163991404705], [-91.36213323583169, 42.81324745509183]]}}, {"id": "2291", "type": "Feature", "properties": {}, "geometry": {"type": "LineString", "coordinates": [[-91.37530284242577, 42.836665991148664], [-91.3810200433891, 42.829645190279216]]}}, {"id": "2292", "type": "Feature", "properties": {}, "geometry": {"type": "LineString", "coordinates": [[-91.37374870937354, 42.84199445913276], [-91.37530284242577, 42.836665991148664]]}}, {"id": "2293", "type": "Feature", "properties": {}, "geometry": {"type": "LineString", "coordinates": [[-91.38105291454197, 42.867035595546724], [-91.37141631009511, 42.8569503947678], [-91.37760224478717, 42.85178219352808], [-91.37374870937354, 42.84199445913276]]}}, {"id": "2294", "type": "Feature", "properties": {}, "geometry": {"type": "LineString", "coordinates": [[-91.38895151786592, 42.87846939742123], [-91.38105291454197, 42.867035595546724]]}}, {"id": "2295", "type": "Feature", "properties": {}, "geometry": {"type": "LineString", "coordinates": [[-91.39492432096861, 42.888164998292545], [-91.38895151786592, 42.87846939742123]]}}, {"id": "2296", "type": "Feature", "properties": {}, "geometry": {"type": "LineString", "coordinates": [[-91.39405592138009, 42.898913266799106], [-91.39492432096861, 42.888164998292545]]}}, {"id": "2297", "type": "Feature", "properties": {}, "geometry": {"type": "LineString", "coordinates": [[-91.39287812314308, 42.91803160297716], [-91.38226745207746, 42.90714706887953], [-91.39405592138009, 42.898913266799106]]}}, {"id": "2298", "type": "Feature", "properties": {}, "geometry": {"type": "LineString", "coordinates": [[-91.3770095183964, 42.91542547030173], [-91.39287812314308, 42.91803160297716]]}}, {"id": "2299", "type": "Feature", "properties": {}, "geometry": {"type": "LineString", "coordinates": [[-91.38397992218168, 42.92937520533779], [-91.3770095183964, 42.91542547030173]]}}, {"id": "2316", "type": "Feature", "properties": {}, "geometry": {"type": "LineString", "coordinates": [[-91.39276731415615, 42.840095191153964], [-91.37530284242577, 42.836665991148664]]}}, {"id": "2317", "type": "Feature", "properties": {}, "geometry": {"type": "LineString", "coordinates": [[-91.4013765172092, 42.84313519092256], [-91.39276731415615, 42.840095191153964]]}}, {"id": "2318", "type": "Feature", "properties": {}, "geometry": {"type": "LineString", "coordinates": [[-91.40373871809716, 42.84384345761546], [-91.4013765172092, 42.84313519092256]]}}, {"id": "2319", "type": "Feature", "properties": {}, "geometry": {"type": "LineString", "coordinates": [[-91.40999445548005, 42.861565259880514], [-91.39833305017943, 42.84972199177634], [-91.40373871809716, 42.84384345761546]]}}, {"id": "2320", "type": "Feature", "properties": {}, "geometry": {"type": "LineString", "coordinates": [[-91.41789052375827, 42.861516992435625], [-91.40999445548005, 42.861565259880514]]}}, {"id": "2321", "type": "Feature", "properties": {}, "geometry": {"type": "LineString", "coordinates": [[-91.42367365926681, 42.862932658947436], [-91.41789052375827, 42.861516992435625]]}}, {"id": "2322", "type": "Feature", "properties": {}, "geometry": {"type": "LineString", "coordinates": [[-91.42191386052355, 42.88015366177093], [-91.42924832903559, 42.8751880608559], [-91.41945105910352, 42.87086986096556], [-91.42367365926681, 42.862932658947436]]}}, {"id": "2323", "type": "Feature", "properties": {}, "geometry": {"type": "LineString", "coordinates": [[-91.42900552968564, 42.882437595398166], [-91.42191386052355, 42.88015366177093]]}}, {"id": "2324", "type": "Feature", "properties": {}, "geometry": {"type": "LineString", "coordinates": [[-91.42965852943871, 42.882414395000154], [-91.42900552968564, 42.882437595398166]]}}, {"id": "2325", "type": "Feature", "properties": {}, "geometry": {"type": "LineString", "coordinates": [[-91.43892913239105, 42.88602319543706], [-91.42965852943871, 42.882414395000154]]}}, {"id": "2326", "type": "Feature", "properties": {}, "geometry": {"type": "LineString", "coordinates": [[-91.44981506971762, 42.88711459469331], [-91.43892913239105, 42.88602319543706]]}}, {"id": "2327", "type": "Feature", "properties": {}, "geometry": {"type": "LineString", "coordinates": [[-91.45053153634382, 42.88800606125124], [-91.44981506971762, 42.88711459469331]]}}, {"id": "2328", "type": "Feature", "properties": {}, "geometry": {"type": "LineString", "coordinates": [[-91.45224507005332, 42.890474795076926], [-91.45053153634382, 42.88800606125124]]}}, {"id": "2329", "type": "Feature", "properties": {}, "geometry": {"type": "LineString", "coordinates": [[-91.45258747100871, 42.89084046159154], [-91.45224507005332, 42.890474795076926]]}}, {"id": "2330", "type": "Feature", "properties": {}, "geometry": {"type": "LineString", "coordinates": [[-91.45629327218568, 42.89451986245355], [-91.45258747100871, 42.89084046159154]]}}, {"id": "2331", "type": "Feature", "properties": {}, "geometry": {"type": "LineString", "coordinates": [[-91.45868833973495, 42.89463259512744], [-91.45629327218568, 42.89451986245355]]}}, {"id": "2332", "type": "Feature", "properties": {}, "geometry": {"type": "LineString", "coordinates": [[-91.46005727341324, 42.89483739521973], [-91.45868833973495, 42.89463259512744]]}}, {"id": "2333", "type": "Feature", "properties": {}, "geometry": {"type": "LineString", "coordinates": [[-91.46208127386812, 42.89657406205568], [-91.46005727341324, 42.89483739521973]]}}, {"id": "2334", "type": "Feature", "properties": {}, "geometry": {"type": "LineString", "coordinates": [[-91.46239307371334, 42.89709979558873], [-91.46208127386812, 42.89657406205568]]}}, {"id": "2335", "type": "Feature", "properties": {}, "geometry": {"type": "LineString", "coordinates": [[-91.47136947841012, 42.90925926377562], [-91.46239307371334, 42.89709979558873]]}}, {"id": "2336", "type": "Feature", "properties": {}, "geometry": {"type": "LineString", "coordinates": [[-91.48360014880123, 42.911604196799196], [-91.47136947841012, 42.90925926377562]]}}, {"id": "2337", "type": "Feature", "properties": {}, "geometry": {"type": "LineString", "coordinates": [[-91.49516448484721, 42.90651606192567], [-91.48360014880123, 42.911604196799196]]}}, {"id": "2338", "type": "Feature", "properties": {}, "geometry": {"type": "LineString", "coordinates": [[-91.49989895314422, 42.9094383952314], [-91.49516448484721, 42.90651606192567]]}}, {"id": "2339", "type": "Feature", "properties": {}, "geometry": {"type": "LineString", "coordinates": [[-91.50497688869685, 42.920778796485386], [-91.49989895314422, 42.9094383952314]]}}, {"id": "2340", "type": "Feature", "properties": {}, "geometry": {"type": "LineString", "coordinates": [[-91.50844469112074, 42.929678664527906], [-91.50203528882366, 42.9287569981575], [-91.50497688869685, 42.920778796485386]]}}, {"id": "2341", "type": "Feature", "properties": {}, "geometry": {"type": "LineString", "coordinates": [[-91.52656669550312, 42.92450479608461], [-91.50844469112074, 42.929678664527906]]}}, {"id": "2342", "type": "Feature", "properties": {}, "geometry": {"type": "LineString", "coordinates": [[-91.5430239671538, 42.92822306208804], [-91.52656669550312, 42.92450479608461]]}}, {"id": "2343", "type": "Feature", "properties": {}, "geometry": {"type": "LineString", "coordinates": [[-91.55530137239758, 42.94142719673568], [-91.54387956934279, 42.93965839713758], [-91.5430239671538, 42.92822306208804]]}}, {"id": "2344", "type": "Feature", "properties": {}, "geometry": {"type": "LineString", "coordinates": [[-91.57264151010612, 42.93988186173969], [-91.55530137239758, 42.94142719673568]]}}, {"id": "2345", "type": "Feature", "properties": {}, "geometry": {"type": "LineString", "coordinates": [[-91.58558898129674, 42.94235726178112], [-91.57264151010612, 42.93988186173969]]}}, {"id": "2346", "type": "Feature", "properties": {}, "geometry": {"type": "LineString", "coordinates": [[-91.59293638285394, 42.94096466084855], [-91.58558898129674, 42.94235726178112]]}}, {"id": "2347", "type": "Feature", "properties": {}, "geometry": {"type": "LineString", "coordinates": [[-91.59701398415056, 42.94144619383311], [-91.59293638285394, 42.94096466084855]]}}, {"id": "2348", "type": "Feature", "properties": {}, "geometry": {"type": "LineString", "coordinates": [[-91.60299018557997, 42.94254539360193], [-91.59701398415056, 42.94144619383311]]}}, {"id": "2349", "type": "Feature", "properties": {}, "geometry": {"type": "LineString", "coordinates": [[-91.60302051989049, 42.944626594090046], [-91.60299018557997, 42.94254539360193]]}}, {"id": "2350", "type": "Feature", "properties": {}, "geometry": {"type": "LineString", "coordinates": [[-91.62431272741955, 42.956773127786136], [-91.60302051989049, 42.944626594090046]]}}, {"id": "2351", "type": "Feature", "properties": {}, "geometry": {"type": "LineString", "coordinates": [[-91.62390779383894, 42.958076595177715], [-91.62431272741955, 42.956773127786136]]}}, {"id": "2352", "type": "Feature", "properties": {}, "geometry": {"type": "LineString", "coordinates": [[-91.62465472772631, 42.960615195150666], [-91.62390779383894, 42.958076595177715]]}}, {"id": "2353", "type": "Feature", "properties": {}, "geometry": {"type": "LineString", "coordinates": [[-91.62963692981911, 42.96422872878977], [-91.62465472772631, 42.960615195150666]]}}, {"id": "2354", "type": "Feature", "properties": {}, "geometry": {"type": "LineString", "coordinates": [[-91.64523893435242, 42.96628572819495], [-91.63287539684256, 42.958762727928196], [-91.62963692981911, 42.96422872878977]]}}, {"id": "2355", "type": "Feature", "properties": {}, "geometry": {"type": "LineString", "coordinates": [[-91.6525614040672, 42.978382529947034], [-91.64523893435242, 42.96628572819495]]}}, {"id": "2356", "type": "Feature", "properties": {}, "geometry": {"type": "LineString", "coordinates": [[-91.66399800866293, 42.9885107972101], [-91.6525614040672, 42.978382529947034]]}}, {"id": "2357", "type": "Feature", "properties": {}, "geometry": {"type": "LineString", "coordinates": [[-91.66297080849174, 42.99002059775234], [-91.66399800866293, 42.9885107972101]]}}, {"id": "2358", "type": "Feature", "properties": {}, "geometry": {"type": "LineString", "coordinates": [[-91.6543742070055, 42.99535133239511], [-91.66297080849174, 42.99002059775234]]}}, {"id": "2359", "type": "Feature", "properties": {}, "geometry": {"type": "LineString", "coordinates": [[-91.68995815256412, 43.0163399332347], [-91.68378741736667, 43.01675500055169]]}}, {"id": "2360", "type": "Feature", "properties": {}, "geometry": {"type": "LineString", "coordinates": [[-91.70190902110043, 43.002084530333285], [-91.68995815256412, 43.0163399332347]]}}, {"id": "2361", "type": "Feature", "properties": {}, "geometry": {"type": "LineString", "coordinates": [[-91.70898302309584, 43.002582596311655], [-91.70190902110043, 43.002084530333285]]}}, {"id": "2362", "type": "Feature", "properties": {}, "geometry": {"type": "LineString", "coordinates": [[-91.72219456214907, 43.02233139888298], [-91.70439055688568, 43.017954399249476], [-91.70898302309584, 43.002582596311655]]}}, {"id": "2363", "type": "Feature", "properties": {}, "geometry": {"type": "LineString", "coordinates": [[-91.7348636319584, 43.01253139633364], [-91.72219456214907, 43.02233139888298]]}}, {"id": "2364", "type": "Feature", "properties": {}, "geometry": {"type": "LineString", "coordinates": [[-91.74101016744041, 43.01611592990399], [-91.7348636319584, 43.01253139633364]]}}, {"id": "2365", "type": "Feature", "properties": {}, "geometry": {"type": "LineString", "coordinates": [[-91.75522083880378, 43.02609933059289], [-91.74101016744041, 43.01611592990399]]}}, {"id": "2366", "type": "Feature", "properties": {}, "geometry": {"type": "LineString", "coordinates": [[-91.77813557890745, 43.024405728660724], [-91.75522083880378, 43.02609933059289]]}}, {"id": "2367", "type": "Feature", "properties": {}, "geometry": {"type": "LineString", "coordinates": [[-91.77165364573601, 43.04155239874829], [-91.7586371740501, 43.03278079781589], [-91.78894458271643, 43.029674329248685], [-91.77813557890745, 43.024405728660724]]}}, {"id": "2368", "type": "Feature", "properties": {}, "geometry": {"type": "LineString", "coordinates": [[-91.78220978277567, 43.05066373274576], [-91.77248138038824, 43.0497863329766], [-91.77165364573601, 43.04155239874829]]}}, {"id": "2369", "type": "Feature", "properties": {}, "geometry": {"type": "LineString", "coordinates": [[-91.78726565031502, 43.04801479840673], [-91.78220978277567, 43.05066373274576]]}}, {"id": "2370", "type": "Feature", "properties": {}, "geometry": {"type": "LineString", "coordinates": [[-91.81948485895893, 43.041356995862444], [-91.80561345792219, 43.06465380021669], [-91.79886718739355, 43.04713119769177], [-91.78726565031502, 43.04801479840673]]}}, {"id": "2371", "type": "Feature", "properties": {}, "geometry": {"type": "LineString", "coordinates": [[-91.82870366325534, 43.05487733034003], [-91.83002006255752, 43.04637012876483], [-91.81948485895893, 43.041356995862444]]}}, {"id": "2372", "type": "Feature", "properties": {}, "geometry": {"type": "LineString", "coordinates": [[-91.83569026546182, 43.053759330013705], [-91.82870366325534, 43.05487733034003]]}}, {"id": "2373", "type": "Feature", "properties": {}, "geometry": {"type": "LineString", "coordinates": [[-91.84302106705086, 43.050559795875515], [-91.83569026546182, 43.053759330013705]]}}, {"id": "2445", "type": "Feature", "properties": {}, "geometry": {"type": "LineString", "coordinates": [[-91.85147840092198, 43.03647372604576], [-91.84302106705086, 43.050559795875515]]}}, {"id": "2446", "type": "Feature", "properties": {}, "geometry": {"type": "LineString", "coordinates": [[-91.85724720201354, 43.03363892522208], [-91.85147840092198, 43.03647372604576]]}}, {"id": "2447", "type": "Feature", "properties": {}, "geometry": {"type": "LineString", "coordinates": [[-91.86728700449588, 43.027991124113825], [-91.85724720201354, 43.03363892522208]]}}, {"id": "2448", "type": "Feature", "properties": {}, "geometry": {"type": "LineString", "coordinates": [[-91.86572927009767, 43.02291372285336], [-91.86728700449588, 43.027991124113825]]}}, {"id": "2449", "type": "Feature", "properties": {}, "geometry": {"type": "LineString", "coordinates": [[-91.87202740257207, 43.004411986556676], [-91.85921646721981, 43.01568612254706], [-91.86572927009767, 43.02291372285336]]}}, {"id": "2450", "type": "Feature", "properties": {}, "geometry": {"type": "LineString", "coordinates": [[-91.89393460932106, 43.004844785005325], [-91.88776460714891, 43.00580638557475], [-91.88792300887958, 43.019505720970855], [-91.87202740257207, 43.004411986556676]]}}, {"id": "2451", "type": "Feature", "properties": {}, "geometry": {"type": "LineString", "coordinates": [[-91.90487267857851, 43.00491111760682], [-91.89393460932106, 43.004844785005325]]}}, {"id": "2452", "type": "Feature", "properties": {}, "geometry": {"type": "LineString", "coordinates": [[-91.91484588176233, 43.00662331718119], [-91.90487267857851, 43.00491111760682]]}}, {"id": "2453", "type": "Feature", "properties": {}, "geometry": {"type": "LineString", "coordinates": [[-91.92051948389165, 43.009297117433654], [-91.91484588176233, 43.00662331718119]]}}, {"id": "2454", "type": "Feature", "properties": {}, "geometry": {"type": "LineString", "coordinates": [[-91.9264410857181, 43.009568916878465], [-91.92051948389165, 43.009297117433654]]}}, {"id": "2455", "type": "Feature", "properties": {}, "geometry": {"type": "LineString", "coordinates": [[-91.93139902072181, 43.012516917338935], [-91.9264410857181, 43.009568916878465]]}}, {"id": "2456", "type": "Feature", "properties": {}, "geometry": {"type": "LineString", "coordinates": [[-91.93963222403121, 43.017703984130065], [-91.93139902072181, 43.012516917338935]]}}, {"id": "2457", "type": "Feature", "properties": {}, "geometry": {"type": "LineString", "coordinates": [[-91.94302529111505, 43.01353971660962], [-91.93963222403121, 43.017703984130065]]}}, {"id": "2458", "type": "Feature", "properties": {}, "geometry": {"type": "LineString", "coordinates": [[-91.95635762752283, 43.007904715149564], [-91.94302529111505, 43.01353971660962]]}}, {"id": "2459", "type": "Feature", "properties": {}, "geometry": {"type": "LineString", "coordinates": [[-91.96109502881926, 43.00817571474104], [-91.95635762752283, 43.007904715149564]]}}, {"id": "2596", "type": "Feature", "properties": {}, "geometry": {"type": "LineString", "coordinates": [[-91.27659620424679, 42.750706650630036], [-91.27112346900826, 42.748415050860935]]}}, {"id": "2597", "type": "Feature", "properties": {}, "geometry": {"type": "LineString", "coordinates": [[-91.30827747834235, 42.73847398013805], [-91.29534067464574, 42.73830498097891], [-91.30336761129116, 42.74473678144436], [-91.29908127745512, 42.74800384881932], [-91.27659620424679, 42.750706650630036]]}}, {"id": "2598", "type": "Feature", "properties": {}, "geometry": {"type": "LineString", "coordinates": [[-91.3371988215596, 42.75010157982235], [-91.32229521673551, 42.743878980117344], [-91.31833208326395, 42.7504827810169], [-91.30827747834235, 42.73847398013805]]}}, {"id": "2599", "type": "Feature", "properties": {}, "geometry": {"type": "LineString", "coordinates": [[-91.34618362370763, 42.74793644589346], [-91.3371988215596, 42.75010157982235]]}}, {"id": "2600", "type": "Feature", "properties": {}, "geometry": {"type": "LineString", "coordinates": [[-91.34970329216111, 42.751728446454905], [-91.34618362370763, 42.74793644589346]]}}, {"id": "2601", "type": "Feature", "properties": {}, "geometry": {"type": "LineString", "coordinates": [[-91.36475309689936, 42.754566245564654], [-91.34877029202553, 42.756690780182375], [-91.34970329216111, 42.751728446454905]]}}, {"id": "2602", "type": "Feature", "properties": {}, "geometry": {"type": "LineString", "coordinates": [[-91.3685080979061, 42.753788978537116], [-91.36475309689936, 42.754566245564654]]}}, {"id": "2603", "type": "Feature", "properties": {}, "geometry": {"type": "LineString", "coordinates": [[-91.37021489784425, 42.75349164547778], [-91.3685080979061, 42.753788978537116]]}}, {"id": "2604", "type": "Feature", "properties": {}, "geometry": {"type": "LineString", "coordinates": [[-91.38625970354065, 42.759002445059195], [-91.37955603471606, 42.7581111788483], [-91.38268970158349, 42.75177624422925], [-91.37021489784425, 42.75349164547778]]}}, {"id": "2605", "type": "Feature", "properties": {}, "geometry": {"type": "LineString", "coordinates": [[-91.39585244055722, 42.76759984560745], [-91.38625970354065, 42.759002445059195]]}}, {"id": "2606", "type": "Feature", "properties": {}, "geometry": {"type": "LineString", "coordinates": [[-91.41189524390884, 42.7597514437136], [-91.3969049067441, 42.75964104428892], [-91.39585244055722, 42.76759984560745]]}}, {"id": "2607", "type": "Feature", "properties": {}, "geometry": {"type": "LineString", "coordinates": [[-91.41835311301045, 42.76313377698771], [-91.41189524390884, 42.7597514437136]]}}, {"id": "2608", "type": "Feature", "properties": {}, "geometry": {"type": "LineString", "coordinates": [[-91.43871951950265, 42.768887176726125], [-91.41835311301045, 42.76313377698771]]}}, {"id": "2609", "type": "Feature", "properties": {}, "geometry": {"type": "LineString", "coordinates": [[-91.43084251796635, 42.77707857835286], [-91.43871951950265, 42.768887176726125]]}}, {"id": "2610", "type": "Feature", "properties": {}, "geometry": {"type": "LineString", "coordinates": [[-91.43612111918715, 42.77815064492566], [-91.43084251796635, 42.77707857835286]]}}, {"id": "2611", "type": "Feature", "properties": {}, "geometry": {"type": "LineString", "coordinates": [[-91.44072225503811, 42.784254245412065], [-91.43612111918715, 42.77815064492566]]}}, {"id": "2612", "type": "Feature", "properties": {}, "geometry": {"type": "LineString", "coordinates": [[-91.44216265688378, 42.795688047305205], [-91.44072225503811, 42.784254245412065]]}}, {"id": "2613", "type": "Feature", "properties": {}, "geometry": {"type": "LineString", "coordinates": [[-91.45488752644532, 42.78996257903284], [-91.44216265688378, 42.795688047305205]]}}, {"id": "2614", "type": "Feature", "properties": {}, "geometry": {"type": "LineString", "coordinates": [[-91.47506406501905, 42.78560137728289], [-91.45488752644532, 42.78996257903284]]}}, {"id": "2615", "type": "Feature", "properties": {}, "geometry": {"type": "LineString", "coordinates": [[-91.47650606586596, 42.7941990450211], [-91.47506406501905, 42.78560137728289]]}}, {"id": "2616", "type": "Feature", "properties": {}, "geometry": {"type": "LineString", "coordinates": [[-91.48553953514285, 42.79233824426174], [-91.47650606586596, 42.7941990450211]]}}, {"id": "2617", "type": "Feature", "properties": {}, "geometry": {"type": "LineString", "coordinates": [[-91.48899113645061, 42.795079177976774], [-91.48553953514285, 42.79233824426174]]}}, {"id": "2618", "type": "Feature", "properties": {}, "geometry": {"type": "LineString", "coordinates": [[-91.48976706975198, 42.794826777418876], [-91.48899113645061, 42.795079177976774]]}}, {"id": "2619", "type": "Feature", "properties": {}, "geometry": {"type": "LineString", "coordinates": [[-91.5036085407201, 42.79602404342667], [-91.48976706975198, 42.794826777418876]]}}, {"id": "2620", "type": "Feature", "properties": {}, "geometry": {"type": "LineString", "coordinates": [[-91.50674434198466, 42.79648477694675], [-91.5036085407201, 42.79602404342667]]}}, {"id": "2621", "type": "Feature", "properties": {}, "geometry": {"type": "LineString", "coordinates": [[-91.51649487796236, 42.79706617613408], [-91.50674434198466, 42.79648477694675]]}}, {"id": "2622", "type": "Feature", "properties": {}, "geometry": {"type": "LineString", "coordinates": [[-91.52088774660123, 42.80715597789805], [-91.51649487796236, 42.79706617613408]]}}, {"id": "2623", "type": "Feature", "properties": {}, "geometry": {"type": "LineString", "coordinates": [[-91.53294708311485, 42.80227217628538], [-91.52088774660123, 42.80715597789805]]}}, {"id": "2624", "type": "Feature", "properties": {}, "geometry": {"type": "LineString", "coordinates": [[-91.54992768899554, 42.80930577604558], [-91.53294708311485, 42.80227217628538]]}}, {"id": "2625", "type": "Feature", "properties": {}, "geometry": {"type": "LineString", "coordinates": [[-91.54600188860888, 42.81854244458722], [-91.54992768899554, 42.80930577604558]]}}, {"id": "2626", "type": "Feature", "properties": {}, "geometry": {"type": "LineString", "coordinates": [[-91.55758335912057, 42.82440477826857], [-91.54600188860888, 42.81854244458722]]}}, {"id": "2627", "type": "Feature", "properties": {}, "geometry": {"type": "LineString", "coordinates": [[-91.5745492973093, 42.82269824352768], [-91.55758335912057, 42.82440477826857]]}}, {"id": "2628", "type": "Feature", "properties": {}, "geometry": {"type": "LineString", "coordinates": [[-91.58644750121377, 42.824784176117994], [-91.5745492973093, 42.82269824352768]]}}, {"id": "2629", "type": "Feature", "properties": {}, "geometry": {"type": "LineString", "coordinates": [[-91.59768897196686, 42.83768617768101], [-91.58644750121377, 42.824784176117994]]}}, {"id": "3789", "type": "Feature", "properties": {}, "geometry": {"type": "LineString", "coordinates": [[-95.00500062599141, 40.87770785357418], [-95.00491342383182, 40.85821925049676]]}}, {"id": "3829", "type": "Feature", "properties": {}, "geometry": {"type": "LineString", "coordinates": [[-95.0209784047912, 40.640762081841736], [-95.0193349369789, 40.63524788060072]]}}, {"id": "3841", "type": "Feature", "properties": {}, "geometry": {"type": "LineString", "coordinates": [[-95.03052780977342, 40.66343861804324], [-95.0209784047912, 40.640762081841736]]}}, {"id": "3868", "type": "Feature", "properties": {}, "geometry": {"type": "LineString", "coordinates": [[-95.01876460019828, 40.60454200931557], [-95.01760159901063, 40.590343473954796]]}}, {"id": "3869", "type": "Feature", "properties": {}, "geometry": {"type": "LineString", "coordinates": [[-95.01760159901063, 40.590343473954796], [-95.0193995303394, 40.571908070478564]]}}, {"id": "3885", "type": "Feature", "properties": {}, "geometry": {"type": "LineString", "coordinates": [[-95.0197700027491, 40.62525207915824], [-95.01940573410477, 40.60866007693324]]}}, {"id": "3886", "type": "Feature", "properties": {}, "geometry": {"type": "LineString", "coordinates": [[-95.01885513420923, 40.60639387647028], [-95.01876460019828, 40.60454200931557]]}}, {"id": "3887", "type": "Feature", "properties": {}, "geometry": {"type": "LineString", "coordinates": [[-95.01940573410477, 40.60866007693324], [-95.01885513420923, 40.60639387647028]]}}, {"id": "3888", "type": "Feature", "properties": {}, "geometry": {"type": "LineString", "coordinates": [[-95.01976451494103, 40.63366762822833], [-95.0197700027491, 40.62525207915824]]}}, {"id": "3889", "type": "Feature", "properties": {}, "geometry": {"type": "LineString", "coordinates": [[-95.0193349369789, 40.63524788060072], [-95.01976451494103, 40.63366762822833]]}}, {"id": "4566", "type": "Feature", "properties": {}, "geometry": {"type": "LineString", "coordinates": [[-91.49989895314422, 42.9094383952314], [-91.49516448484721, 42.90651606192567]]}}, {"id": "4573", "type": "Feature", "properties": {}, "geometry": {"type": "LineString", "coordinates": [[-91.45258747100871, 42.89084046159154], [-91.45053153634382, 42.88800606125124]]}}, {"id": "4575", "type": "Feature", "properties": {}, "geometry": {"type": "LineString", "coordinates": [[-91.42900552968564, 42.882437595398166], [-91.42191386052355, 42.88015366177093]]}}, {"id": "4577", "type": "Feature", "properties": {}, "geometry": {"type": "LineString", "coordinates": [[-91.41789052375827, 42.861516992435625], [-91.40999445548005, 42.861565259880514]]}}, {"id": "4598", "type": "Feature", "properties": {}, "geometry": {"type": "LineString", "coordinates": [[-91.32151808957312, 42.797456388275954], [-91.32241668962318, 42.79981225582152]]}}, {"id": "4599", "type": "Feature", "properties": {}, "geometry": {"type": "LineString", "coordinates": [[-91.3262060242401, 42.79903645491067], [-91.32496562330925, 42.79686338834692]]}}, {"id": "4928", "type": "Feature", "properties": {}, "geometry": {"type": "LineString", "coordinates": [[-91.27100940183179, 42.74288085000103], [-91.26983340112369, 42.74134758282563]]}}, {"id": "5010", "type": "Feature", "properties": {}, "geometry": {"type": "LineString", "coordinates": [[-91.13111476083924, 42.72913998980968], [-91.11774455774727, 42.73533605790182], [-91.10834995314976, 42.7245641903848]]}}, {"id": "5011", "type": "Feature", "properties": {}, "geometry": {"type": "LineString", "coordinates": [[-91.10834995314976, 42.7245641903848], [-91.10833675330497, 42.7244983900105]]}}, {"id": "5070", "type": "Feature", "properties": {}, "geometry": {"type": "LineString", "coordinates": [[-91.02910532907595, 42.70778245917719], [-91.02007879299643, 42.70992365997598], [-91.02658692912638, 42.711804793326486]]}}, {"id": "5071", "type": "Feature", "properties": {}, "geometry": {"type": "LineString", "coordinates": [[-91.02658692912638, 42.711804793326486], [-91.02745459568963, 42.71212565995342]]}}, {"id": "5072", "type": "Feature", "properties": {}, "geometry": {"type": "LineString", "coordinates": [[-91.02910532907595, 42.70778245917719], [-91.02658692912638, 42.711804793326486]]}}, {"id": "5073", "type": "Feature", "properties": {}, "geometry": {"type": "LineString", "coordinates": [[-91.68378741736667, 43.01675500055169], [-91.67926661605493, 43.01506493400744]]}}, {"id": "5079", "type": "Feature", "properties": {}, "geometry": {"type": "LineString", "coordinates": [[-91.11145175407911, 42.72401585663918], [-91.1105835539166, 42.72344418998487]]}}, {"id": "5080", "type": "Feature", "properties": {}, "geometry": {"type": "LineString", "coordinates": [[-91.1105835539166, 42.72344418998487], [-91.10833675330497, 42.7244983900105]]}}, {"id": "5082", "type": "Feature", "properties": {}, "geometry": {"type": "LineString", "coordinates": [[-91.09541681637612, 42.72465225780963], [-91.09131961563662, 42.72920145846408]]}}, {"id": "5083", "type": "Feature", "properties": {}, "geometry": {"type": "LineString", "coordinates": [[-91.1045667522296, 42.72328285727772], [-91.09824075042182, 42.72172619060306]]}}, {"id": "5084", "type": "Feature", "properties": {}, "geometry": {"type": "LineString", "coordinates": [[-91.10833675330497, 42.7244983900105], [-91.1045667522296, 42.72328285727772]]}}, {"id": "5085", "type": "Feature", "properties": {}, "geometry": {"type": "LineString", "coordinates": [[-91.09824075042182, 42.72172619060306], [-91.09541681637612, 42.72465225780963]]}}, {"id": "5086", "type": "Feature", "properties": {}, "geometry": {"type": "LineString", "coordinates": [[-91.6594851421701, 42.99820879924408], [-91.6543742070055, 42.99535133239511]]}}, {"id": "5087", "type": "Feature", "properties": {}, "geometry": {"type": "LineString", "coordinates": [[-91.66467134357909, 43.00000053251709], [-91.66596714361349, 43.00000073224089]]}}, {"id": "5088", "type": "Feature", "properties": {}, "geometry": {"type": "LineString", "coordinates": [[-91.66596714361349, 43.00000073224089], [-91.6594851421701, 42.99820879924408]]}}, {"id": "5089", "type": "Feature", "properties": {}, "geometry": {"type": "LineString", "coordinates": [[-91.67926661605493, 43.01506493400744], [-91.66467134357909, 43.00000053251709]]}}, {"id": "5109", "type": "Feature", "properties": {}, "geometry": {"type": "LineString", "coordinates": [[-91.02397819459183, 42.71415766078928], [-91.02230419483966, 42.71388166082543]]}}, {"id": "5110", "type": "Feature", "properties": {}, "geometry": {"type": "LineString", "coordinates": [[-91.02745272899047, 42.713268993269054], [-91.02397819459183, 42.71415766078928]]}}, {"id": "5111", "type": "Feature", "properties": {}, "geometry": {"type": "LineString", "coordinates": [[-91.02230419483966, 42.71388166082543], [-91.01968899333339, 42.714602261049706]]}}, {"id": "5112", "type": "Feature", "properties": {}, "geometry": {"type": "LineString", "coordinates": [[-91.02745459568963, 42.71212565995342], [-91.02745272899047, 42.713268993269054]]}}, {"id": "5121", "type": "Feature", "properties": {}, "geometry": {"type": "LineString", "coordinates": [[-90.15702459363419, 41.92264111792017], [-90.16043746138351, 41.918589917083835]]}}, {"id": "5122", "type": "Feature", "properties": {}, "geometry": {"type": "LineString", "coordinates": [[-90.14871059674645, 41.97398492689332], [-90.1515094615075, 41.94710918865158]]}}, {"id": "5123", "type": "Feature", "properties": {}, "geometry": {"type": "LineString", "coordinates": [[-90.16910281363339, 42.073117808873015], [-90.16643027805243, 42.05915840652489]]}}, {"id": "5124", "type": "Feature", "properties": {}, "geometry": {"type": "LineString", "coordinates": [[-90.39486829478055, 42.228612953941216], [-90.37827835543713, 42.21620381967952]]}}, {"id": "5125", "type": "Feature", "properties": {}, "geometry": {"type": "LineString", "coordinates": [[-90.41485910307604, 42.251243956141174], [-90.39486829478055, 42.228612953941216]]}}, {"id": "5127", "type": "Feature", "properties": {}, "geometry": {"type": "LineString", "coordinates": [[-90.53797202249686, 42.41088637473911], [-90.52651641853288, 42.40730324135404]]}}, {"id": "5128", "type": "Feature", "properties": {}, "geometry": {"type": "LineString", "coordinates": [[-90.52651641853288, 42.40730324135404], [-90.52506281774072, 42.40684844135084]]}}, {"id": "5129", "type": "Feature", "properties": {}, "geometry": {"type": "LineString", "coordinates": [[-90.5642994327205, 42.43833117775764], [-90.56237403224952, 42.43475644408482]]}}, {"id": "5130", "type": "Feature", "properties": {}, "geometry": {"type": "LineString", "coordinates": [[-90.55441916115115, 42.416684174654584], [-90.53987042320364, 42.412444441845494]]}}, {"id": "5131", "type": "Feature", "properties": {}, "geometry": {"type": "LineString", "coordinates": [[-90.58790584055865, 42.446708577319484], [-90.56672776668135, 42.44017977758077]]}}, {"id": "5132", "type": "Feature", "properties": {}, "geometry": {"type": "LineString", "coordinates": [[-90.55854722980045, 42.4284815764988], [-90.55441916115115, 42.416684174654584]]}}, {"id": "5133", "type": "Feature", "properties": {}, "geometry": {"type": "LineString", "coordinates": [[-90.56237403224952, 42.43475644408482], [-90.55854722980045, 42.4284815764988]]}}, {"id": "5134", "type": "Feature", "properties": {}, "geometry": {"type": "LineString", "coordinates": [[-90.53987042320364, 42.412444441845494], [-90.53797202249686, 42.41088637473911]]}}, {"id": "5135", "type": "Feature", "properties": {}, "geometry": {"type": "LineString", "coordinates": [[-90.59048124130793, 42.44668144398667], [-90.58790584055865, 42.446708577319484]]}}, {"id": "6006", "type": "Feature", "properties": {}, "geometry": {"type": "LineString", "coordinates": [[-90.16247127683117, 42.060054406739], [-90.16643027805243, 42.05915840652489]]}}, {"id": "6007", "type": "Feature", "properties": {}, "geometry": {"type": "LineString", "coordinates": [[-90.64104132436158, 42.46888657795523], [-90.63364165522792, 42.465788177813266]]}}, {"id": "6008", "type": "Feature", "properties": {}, "geometry": {"type": "LineString", "coordinates": [[-90.63364165522792, 42.465788177813266], [-90.62777758690216, 42.461130844320955]]}}, {"id": "6009", "type": "Feature", "properties": {}, "geometry": {"type": "LineString", "coordinates": [[-90.59230290882145, 42.44689177755247], [-90.59048124130793, 42.44668144398667]]}}, {"id": "6010", "type": "Feature", "properties": {}, "geometry": {"type": "LineString", "coordinates": [[-90.60187337839876, 42.451455977273994], [-90.59230290882145, 42.44689177755247]]}}, {"id": "6011", "type": "Feature", "properties": {}, "geometry": {"type": "LineString", "coordinates": [[-90.62777758690216, 42.461130844320955], [-90.61254844789048, 42.45364637696309]]}}, {"id": "6012", "type": "Feature", "properties": {}, "geometry": {"type": "LineString", "coordinates": [[-90.61254844789048, 42.45364637696309], [-90.60364317898443, 42.452335844038636]]}}, {"id": "6013", "type": "Feature", "properties": {}, "geometry": {"type": "LineString", "coordinates": [[-90.60364317898443, 42.452335844038636], [-90.60187337839876, 42.451455977273994]]}}, {"id": "6014", "type": "Feature", "properties": {}, "geometry": {"type": "LineString", "coordinates": [[-90.52506281774072, 42.40684844135084], [-90.52451075089634, 42.40639504158915]]}}, {"id": "6023", "type": "Feature", "properties": {}, "geometry": {"type": "LineString", "coordinates": [[-90.15029686433303, 41.97902752749362], [-90.14871059674645, 41.97398492689332]]}}, {"id": "6024", "type": "Feature", "properties": {}, "geometry": {"type": "LineString", "coordinates": [[-90.16043746138351, 41.918589917083835], [-90.16100039424957, 41.91655218304781]]}}, {"id": "6025", "type": "Feature", "properties": {}, "geometry": {"type": "LineString", "coordinates": [[-90.16100039424957, 41.91655218304781], [-90.15831699174862, 41.902818381556834]]}}, {"id": "6028", "type": "Feature", "properties": {}, "geometry": {"type": "LineString", "coordinates": [[-90.20195889547436, 42.13102774918933], [-90.19503349279326, 42.126282948814385]]}}, {"id": "6031", "type": "Feature", "properties": {}, "geometry": {"type": "LineString", "coordinates": [[-90.42458991115178, 42.30138003044386], [-90.42769664473039, 42.29466062932518]]}}, {"id": "6032", "type": "Feature", "properties": {}, "geometry": {"type": "LineString", "coordinates": [[-90.4193643779064, 42.31620523309612], [-90.42458991115178, 42.30138003044386]]}}, {"id": "6033", "type": "Feature", "properties": {}, "geometry": {"type": "LineString", "coordinates": [[-90.16643027805243, 42.05915840652489], [-90.16405767557177, 42.04456013751352]]}}, {"id": "6034", "type": "Feature", "properties": {}, "geometry": {"type": "LineString", "coordinates": [[-90.16405767557177, 42.04456013751352], [-90.13830759641156, 42.00003953164283]]}}, {"id": "6035", "type": "Feature", "properties": {}, "geometry": {"type": "LineString", "coordinates": [[-90.13830759641156, 42.00003953164283], [-90.15029686433303, 41.97902752749362]]}}, {"id": "6036", "type": "Feature", "properties": {}, "geometry": {"type": "LineString", "coordinates": [[-90.16409741703994, 42.11763434960826], [-90.16910281363339, 42.073117808873015]]}}, {"id": "6037", "type": "Feature", "properties": {}, "geometry": {"type": "LineString", "coordinates": [[-90.18619642398357, 42.12581861617633], [-90.17016741875469, 42.12382021672915]]}}, {"id": "6038", "type": "Feature", "properties": {}, "geometry": {"type": "LineString", "coordinates": [[-90.19503349279326, 42.126282948814385], [-90.18619642398357, 42.12581861617633]]}}, {"id": "6039", "type": "Feature", "properties": {}, "geometry": {"type": "LineString", "coordinates": [[-90.20934483385894, 42.15446961955335], [-90.20195889547436, 42.13102774918933]]}}, {"id": "6040", "type": "Feature", "properties": {}, "geometry": {"type": "LineString", "coordinates": [[-90.35313428066593, 42.205435152504506], [-90.33578407463966, 42.202527019558964]]}}, {"id": "6041", "type": "Feature", "properties": {}, "geometry": {"type": "LineString", "coordinates": [[-90.37827835543713, 42.21620381967952], [-90.35313428066593, 42.205435152504506]]}}, {"id": "6042", "type": "Feature", "properties": {}, "geometry": {"type": "LineString", "coordinates": [[-90.42015750586066, 42.26517775811511], [-90.42069050596312, 42.26124495773848]]}}, {"id": "6043", "type": "Feature", "properties": {}, "geometry": {"type": "LineString", "coordinates": [[-90.42069050596312, 42.26124495773848], [-90.41485910307604, 42.251243956141174]]}}, {"id": "6044", "type": "Feature", "properties": {}, "geometry": {"type": "LineString", "coordinates": [[-90.42769664473039, 42.29466062932518], [-90.42626410943164, 42.27820576016624]]}}, {"id": "6045", "type": "Feature", "properties": {}, "geometry": {"type": "LineString", "coordinates": [[-90.4245935142944, 42.3310774351744], [-90.41612691160618, 42.32453163509492], [-90.4193643779064, 42.31620523309612]]}}, {"id": "6046", "type": "Feature", "properties": {}, "geometry": {"type": "LineString", "coordinates": [[-90.44192032100412, 42.348484570618965], [-90.42813338226533, 42.334992235835045]]}}, {"id": "6047", "type": "Feature", "properties": {}, "geometry": {"type": "LineString", "coordinates": [[-90.46780773101169, 42.37378017300178], [-90.44619499021621, 42.35471483815163]]}}, {"id": "6048", "type": "Feature", "properties": {}, "geometry": {"type": "LineString", "coordinates": [[-90.44252498780165, 42.34951663758086], [-90.44192032100412, 42.348484570618965]]}}, {"id": "6049", "type": "Feature", "properties": {}, "geometry": {"type": "LineString", "coordinates": [[-90.44619499021621, 42.35471483815163], [-90.44252498780165, 42.34951663758086]]}}, {"id": "6050", "type": "Feature", "properties": {}, "geometry": {"type": "LineString", "coordinates": [[-90.52451075089634, 42.40639504158915], [-90.52033054941785, 42.403960974875275]]}}, {"id": "6051", "type": "Feature", "properties": {}, "geometry": {"type": "LineString", "coordinates": [[-90.52033054941785, 42.403960974875275], [-90.4905313392673, 42.38694124040386]]}}, {"id": "6052", "type": "Feature", "properties": {}, "geometry": {"type": "LineString", "coordinates": [[-90.63687226199261, 42.51472518543252], [-90.64407706318498, 42.50741485096612]]}}, {"id": "6053", "type": "Feature", "properties": {}, "geometry": {"type": "LineString", "coordinates": [[-90.64964086423713, 42.5000199823377], [-90.65546059711035, 42.48122144546732], [-90.64104132436158, 42.46888657795523]]}}, {"id": "6054", "type": "Feature", "properties": {}, "geometry": {"type": "LineString", "coordinates": [[-90.64407706318498, 42.50741485096612], [-90.64964086423713, 42.5000199823377]]}}, {"id": "6055", "type": "Feature", "properties": {}, "geometry": {"type": "LineString", "coordinates": [[-90.27811565598044, 42.177550752732834], [-90.2560589821446, 42.17187041985301]]}}, {"id": "6056", "type": "Feature", "properties": {}, "geometry": {"type": "LineString", "coordinates": [[-90.30490986496167, 42.19028835301153], [-90.28875645923563, 42.181783152372724]]}}, {"id": "6057", "type": "Feature", "properties": {}, "geometry": {"type": "LineString", "coordinates": [[-90.28085932375886, 42.179821952461396], [-90.27811565598044, 42.177550752732834]]}}, {"id": "6058", "type": "Feature", "properties": {}, "geometry": {"type": "LineString", "coordinates": [[-90.28875645923563, 42.181783152372724], [-90.28085932375886, 42.179821952461396]]}}, {"id": "6059", "type": "Feature", "properties": {}, "geometry": {"type": "LineString", "coordinates": [[-90.32923447317451, 42.2019715537952], [-90.31691913566956, 42.19350375283632]]}}, {"id": "6060", "type": "Feature", "properties": {}, "geometry": {"type": "LineString", "coordinates": [[-90.31691913566956, 42.19350375283632], [-90.30490986496167, 42.19028835301153]]}}, {"id": "6093", "type": "Feature", "properties": {}, "geometry": {"type": "LineString", "coordinates": [[-90.30948286557793, 42.18836955265807], [-90.30490986496167, 42.19028835301153]]}}, {"id": "6094", "type": "Feature", "properties": {}, "geometry": {"type": "LineString", "coordinates": [[-90.31098146657595, 42.18659175183185], [-90.30948286557793, 42.18836955265807]]}}, {"id": "6095", "type": "Feature", "properties": {}, "geometry": {"type": "LineString", "coordinates": [[-90.33594727067901, 42.163367813505694], [-90.31098146657595, 42.18659175183185]]}}, {"id": "6096", "type": "Feature", "properties": {}, "geometry": {"type": "LineString", "coordinates": [[-90.34423753856852, 42.148078143628766], [-90.33594727067901, 42.163367813505694]]}}, {"id": "6097", "type": "Feature", "properties": {}, "geometry": {"type": "LineString", "coordinates": [[-90.34474827123175, 42.14178580916838], [-90.34429187137185, 42.147408743379984]]}}, {"id": "6098", "type": "Feature", "properties": {}, "geometry": {"type": "LineString", "coordinates": [[-90.34429187137185, 42.147408743379984], [-90.34423753856852, 42.148078143628766]]}}, {"id": "6099", "type": "Feature", "properties": {}, "geometry": {"type": "LineString", "coordinates": [[-90.3630231410277, 42.12290133835835], [-90.3564306728555, 42.13087620670713]]}}, {"id": "6100", "type": "Feature", "properties": {}, "geometry": {"type": "LineString", "coordinates": [[-90.37945687861458, 42.11992233706507], [-90.3630231410277, 42.12290133835835]]}}, {"id": "6101", "type": "Feature", "properties": {}, "geometry": {"type": "LineString", "coordinates": [[-90.38012207838752, 42.11961533726934], [-90.37945687861458, 42.11992233706507]]}}, {"id": "6102", "type": "Feature", "properties": {}, "geometry": {"type": "LineString", "coordinates": [[-90.39577074950151, 42.11841380269104], [-90.38012207838752, 42.11961533726934]]}}, {"id": "6103", "type": "Feature", "properties": {}, "geometry": {"type": "LineString", "coordinates": [[-90.39913928359492, 42.115201201971516], [-90.39577074950151, 42.11841380269104]]}}, {"id": "6104", "type": "Feature", "properties": {}, "geometry": {"type": "LineString", "coordinates": [[-90.41825015344207, 42.09473459753561], [-90.41462608727785, 42.105728332779485]]}}, {"id": "6105", "type": "Feature", "properties": {}, "geometry": {"type": "LineString", "coordinates": [[-90.41462608727785, 42.105728332779485], [-90.41021875216967, 42.10594079976325]]}}, {"id": "6106", "type": "Feature", "properties": {}, "geometry": {"type": "LineString", "coordinates": [[-90.41021875216967, 42.10594079976325], [-90.39913928359492, 42.115201201971516]]}}, {"id": "6107", "type": "Feature", "properties": {}, "geometry": {"type": "LineString", "coordinates": [[-90.42341675361155, 42.08273279530472], [-90.41828475385185, 42.09374413058846]]}}, {"id": "6108", "type": "Feature", "properties": {}, "geometry": {"type": "LineString", "coordinates": [[-90.41828475385185, 42.09374413058846], [-90.41825015344207, 42.09473459753561]]}}, {"id": "6109", "type": "Feature", "properties": {}, "geometry": {"type": "LineString", "coordinates": [[-90.45636836319817, 42.08112819275718], [-90.42341675361155, 42.08273279530472]]}}, {"id": "6110", "type": "Feature", "properties": {}, "geometry": {"type": "LineString", "coordinates": [[-90.45818556428807, 42.09047532739407], [-90.45636836319817, 42.08112819275718]]}}, {"id": "6111", "type": "Feature", "properties": {}, "geometry": {"type": "LineString", "coordinates": [[-90.47239836915024, 42.09833772806272], [-90.45818556428807, 42.09047532739407]]}}, {"id": "6112", "type": "Feature", "properties": {}, "geometry": {"type": "LineString", "coordinates": [[-90.47252796999462, 42.10103039491948], [-90.47239836915024, 42.09833772806272]]}}, {"id": "6113", "type": "Feature", "properties": {}, "geometry": {"type": "LineString", "coordinates": [[-90.49105311042872, 42.11774019674835], [-90.48334937414778, 42.1145233963673]]}}, {"id": "6114", "type": "Feature", "properties": {}, "geometry": {"type": "LineString", "coordinates": [[-90.48334937414778, 42.1145233963673], [-90.47518430445942, 42.11021172989271]]}}, {"id": "6115", "type": "Feature", "properties": {}, "geometry": {"type": "LineString", "coordinates": [[-90.51174478341058, 42.119829328888805], [-90.49105311042872, 42.11774019674835]]}}, {"id": "6116", "type": "Feature", "properties": {}, "geometry": {"type": "LineString", "coordinates": [[-90.47518430445942, 42.11021172989271], [-90.47252796999462, 42.10103039491948]]}}, {"id": "6136", "type": "Feature", "properties": {}, "geometry": {"type": "LineString", "coordinates": [[-90.5130421833445, 42.119615729066666], [-90.51174478341058, 42.119829328888805]]}}, {"id": "6137", "type": "Feature", "properties": {}, "geometry": {"type": "LineString", "coordinates": [[-90.51370198334428, 42.115882328135], [-90.5130421833445, 42.119615729066666]]}}, {"id": "6138", "type": "Feature", "properties": {}, "geometry": {"type": "LineString", "coordinates": [[-90.52533231771585, 42.098240324996645], [-90.51370198334428, 42.115882328135]]}}, {"id": "6139", "type": "Feature", "properties": {}, "geometry": {"type": "LineString", "coordinates": [[-90.54708159075642, 42.10077172365167], [-90.54135518834963, 42.09448512347332], [-90.52533231771585, 42.098240324996645]]}}, {"id": "6140", "type": "Feature", "properties": {}, "geometry": {"type": "LineString", "coordinates": [[-90.55767472670769, 42.09510618879746], [-90.55719292698315, 42.095421722167906]]}}, {"id": "6141", "type": "Feature", "properties": {}, "geometry": {"type": "LineString", "coordinates": [[-90.55719292698315, 42.095421722167906], [-90.54708159075642, 42.10077172365167]]}}, {"id": "6142", "type": "Feature", "properties": {}, "geometry": {"type": "LineString", "coordinates": [[-90.55979232712357, 42.09488752229029], [-90.55767472670769, 42.09510618879746]]}}, {"id": "6143", "type": "Feature", "properties": {}, "geometry": {"type": "LineString", "coordinates": [[-90.560708527865, 42.09489812227596], [-90.55979232712357, 42.09488752229029]]}}, {"id": "6144", "type": "Feature", "properties": {}, "geometry": {"type": "LineString", "coordinates": [[-90.56747439603987, 42.090212587953225], [-90.560708527865, 42.09489812227596]]}}, {"id": "6145", "type": "Feature", "properties": {}, "geometry": {"type": "LineString", "coordinates": [[-90.5701255292592, 42.08669718672722], [-90.56747439603987, 42.090212587953225]]}}, {"id": "6146", "type": "Feature", "properties": {}, "geometry": {"type": "LineString", "coordinates": [[-90.58695033403195, 42.08559531887105], [-90.58569673325634, 42.084562985732994]]}}, {"id": "6147", "type": "Feature", "properties": {}, "geometry": {"type": "LineString", "coordinates": [[-90.58569673325634, 42.084562985732994], [-90.5701255292592, 42.08669718672722]]}}, {"id": "6148", "type": "Feature", "properties": {}, "geometry": {"type": "LineString", "coordinates": [[-90.59155800153333, 42.07913351752721], [-90.58918500109903, 42.08615331926691]]}}, {"id": "6149", "type": "Feature", "properties": {}, "geometry": {"type": "LineString", "coordinates": [[-90.58918500109903, 42.08615331926691], [-90.58695033403195, 42.08559531887105]]}}, {"id": "6150", "type": "Feature", "properties": {}, "geometry": {"type": "LineString", "coordinates": [[-90.59518273604412, 42.07821058421817], [-90.59155800153333, 42.07913351752721]]}}, {"id": "6151", "type": "Feature", "properties": {}, "geometry": {"type": "LineString", "coordinates": [[-90.62069534286402, 42.08138778288291], [-90.61177720738814, 42.080112516707274]]}}, {"id": "6152", "type": "Feature", "properties": {}, "geometry": {"type": "LineString", "coordinates": [[-90.61177720738814, 42.080112516707274], [-90.59518273604412, 42.07821058421817]]}}, {"id": "6153", "type": "Feature", "properties": {}, "geometry": {"type": "LineString", "coordinates": [[-90.6305527460212, 42.08203578247757], [-90.62069534286402, 42.08138778288291]]}}, {"id": "6154", "type": "Feature", "properties": {}, "geometry": {"type": "LineString", "coordinates": [[-90.6690633578597, 42.08651798076875], [-90.63830501558198, 42.08940951637347], [-90.6305527460212, 42.08203578247757]]}}, {"id": "6155", "type": "Feature", "properties": {}, "geometry": {"type": "LineString", "coordinates": [[-90.67257615869279, 42.090468781103375], [-90.66962682432502, 42.08694858075099]]}}, {"id": "6156", "type": "Feature", "properties": {}, "geometry": {"type": "LineString", "coordinates": [[-90.66962682432502, 42.08694858075099], [-90.6690633578597, 42.08651798076875]]}}, {"id": "6157", "type": "Feature", "properties": {}, "geometry": {"type": "LineString", "coordinates": [[-90.6786604283492, 42.098423515770435], [-90.67257615869279, 42.090468781103375]]}}, {"id": "6158", "type": "Feature", "properties": {}, "geometry": {"type": "LineString", "coordinates": [[-90.67774216148263, 42.10224251655657], [-90.6786604283492, 42.098423515770435]]}}, {"id": "6159", "type": "Feature", "properties": {}, "geometry": {"type": "LineString", "coordinates": [[-90.66555875954344, 42.11436591896645], [-90.67774216148263, 42.10224251655657]]}}, {"id": "6160", "type": "Feature", "properties": {}, "geometry": {"type": "LineString", "coordinates": [[-90.64630462098489, 42.120269721412946], [-90.66555875954344, 42.11436591896645]]}}, {"id": "6161", "type": "Feature", "properties": {}, "geometry": {"type": "LineString", "coordinates": [[-90.6467676225638, 42.13108512314559], [-90.64630462098489, 42.120269721412946]]}}, {"id": "6162", "type": "Feature", "properties": {}, "geometry": {"type": "LineString", "coordinates": [[-90.64676775641279, 42.131290789841415], [-90.6467676225638, 42.13108512314559]]}}, {"id": "6163", "type": "Feature", "properties": {}, "geometry": {"type": "LineString", "coordinates": [[-90.65014902502368, 42.13961319060159], [-90.64676775641279, 42.131290789841415]]}}, {"id": "6164", "type": "Feature", "properties": {}, "geometry": {"type": "LineString", "coordinates": [[-90.6523614255498, 42.14139619062795], [-90.65014902502368, 42.13961319060159]]}}, {"id": "6165", "type": "Feature", "properties": {}, "geometry": {"type": "LineString", "coordinates": [[-90.66732876404666, 42.15003552459679], [-90.6523614255498, 42.14139619062795]]}}, {"id": "6192", "type": "Feature", "properties": {}, "geometry": {"type": "LineString", "coordinates": [[-90.68170476764311, 42.143970722698775], [-90.66732876404666, 42.15003552459679]]}}, {"id": "6193", "type": "Feature", "properties": {}, "geometry": {"type": "LineString", "coordinates": [[-90.68385623454522, 42.14476992274322], [-90.68170476764311, 42.143970722698775]]}}, {"id": "6194", "type": "Feature", "properties": {}, "geometry": {"type": "LineString", "coordinates": [[-90.69547037139391, 42.14462658901725], [-90.68385623454522, 42.14476992274322]]}}, {"id": "6195", "type": "Feature", "properties": {}, "geometry": {"type": "LineString", "coordinates": [[-90.70847077581264, 42.14754538854607], [-90.69547037139391, 42.14462658901725]]}}, {"id": "6196", "type": "Feature", "properties": {}, "geometry": {"type": "LineString", "coordinates": [[-90.71975144545146, 42.15037238820064], [-90.70847077581264, 42.14754538854607]]}}, {"id": "6197", "type": "Feature", "properties": {}, "geometry": {"type": "LineString", "coordinates": [[-90.72714298213687, 42.161662322811424], [-90.71975144545146, 42.15037238820064]]}}, {"id": "6198", "type": "Feature", "properties": {}, "geometry": {"type": "LineString", "coordinates": [[-90.73038085088234, 42.16886232400606], [-90.72714298213687, 42.161662322811424]]}}, {"id": "6199", "type": "Feature", "properties": {}, "geometry": {"type": "LineString", "coordinates": [[-90.72248784855418, 42.17360212505656], [-90.73038085088234, 42.16886232400606]]}}, {"id": "6200", "type": "Feature", "properties": {}, "geometry": {"type": "LineString", "coordinates": [[-90.73105098599945, 42.18511932668559], [-90.72248784855418, 42.17360212505656]]}}, {"id": "6201", "type": "Feature", "properties": {}, "geometry": {"type": "LineString", "coordinates": [[-90.73615405371878, 42.18463472618775], [-90.73105098599945, 42.18511932668559]]}}, {"id": "6202", "type": "Feature", "properties": {}, "geometry": {"type": "LineString", "coordinates": [[-90.75083385766285, 42.18396979171002], [-90.73615405371878, 42.18463472618775]]}}, {"id": "6203", "type": "Feature", "properties": {}, "geometry": {"type": "LineString", "coordinates": [[-90.75285539224225, 42.18769932596123], [-90.75083385766285, 42.18396979171002]]}}, {"id": "6247", "type": "Feature", "properties": {}, "geometry": {"type": "LineString", "coordinates": [[-90.7710933969756, 42.18515712396644], [-90.75285539224225, 42.18769932596123]]}}, {"id": "6248", "type": "Feature", "properties": {}, "geometry": {"type": "LineString", "coordinates": [[-90.77887126582704, 42.185735790166305], [-90.7710933969756, 42.18515712396644]]}}, {"id": "6249", "type": "Feature", "properties": {}, "geometry": {"type": "LineString", "coordinates": [[-90.7857320014858, 42.18308918997494], [-90.77887126582704, 42.185735790166305]]}}, {"id": "6250", "type": "Feature", "properties": {}, "geometry": {"type": "LineString", "coordinates": [[-90.80172820473206, 42.17663012094381], [-90.7857320014858, 42.18308918997494]]}}, {"id": "6251", "type": "Feature", "properties": {}, "geometry": {"type": "LineString", "coordinates": [[-90.80781340683973, 42.17825758763436], [-90.80172820473206, 42.17663012094381]]}}, {"id": "6252", "type": "Feature", "properties": {}, "geometry": {"type": "LineString", "coordinates": [[-90.8098344751935, 42.184958721937306], [-90.80781340683973, 42.17825758763436]]}}, {"id": "6253", "type": "Feature", "properties": {}, "geometry": {"type": "LineString", "coordinates": [[-90.81905661134131, 42.186999188170525], [-90.8098344751935, 42.184958721937306]]}}, {"id": "6254", "type": "Feature", "properties": {}, "geometry": {"type": "LineString", "coordinates": [[-90.8322516142068, 42.18202051978467], [-90.81905661134131, 42.186999188170525]]}}, {"id": "6255", "type": "Feature", "properties": {}, "geometry": {"type": "LineString", "coordinates": [[-90.8408208844505, 42.19450912169066], [-90.83846241606253, 42.181862786174705], [-90.8322516142068, 42.18202051978467]]}}, {"id": "6256", "type": "Feature", "properties": {}, "geometry": {"type": "LineString", "coordinates": [[-90.8525694209438, 42.192111387118686], [-90.8408208844505, 42.19450912169066]]}}, {"id": "6257", "type": "Feature", "properties": {}, "geometry": {"type": "LineString", "coordinates": [[-90.86206922454929, 42.19817312110267], [-90.8525694209438, 42.192111387118686]]}}, {"id": "6258", "type": "Feature", "properties": {}, "geometry": {"type": "LineString", "coordinates": [[-90.86963502631498, 42.19698498714346], [-90.86206922454929, 42.19817312110267]]}}, {"id": "6259", "type": "Feature", "properties": {}, "geometry": {"type": "LineString", "coordinates": [[-90.87492509453038, 42.19440138629957], [-90.86963502631498, 42.19698498714346]]}}, {"id": "6260", "type": "Feature", "properties": {}, "geometry": {"type": "LineString", "coordinates": [[-90.87683149563308, 42.19536191978302], [-90.87492509453038, 42.19440138629957]]}}, {"id": "6261", "type": "Feature", "properties": {}, "geometry": {"type": "LineString", "coordinates": [[-90.87827682922969, 42.196939719949256], [-90.87683149563308, 42.19536191978302]]}}, {"id": "6262", "type": "Feature", "properties": {}, "geometry": {"type": "LineString", "coordinates": [[-90.87492282897922, 42.20819018863365], [-90.87827682922969, 42.196939719949256]]}}, {"id": "6263", "type": "Feature", "properties": {}, "geometry": {"type": "LineString", "coordinates": [[-90.87981323133482, 42.21038558825361], [-90.87492282897922, 42.20819018863365]]}}, {"id": "6264", "type": "Feature", "properties": {}, "geometry": {"type": "LineString", "coordinates": [[-90.8937170355022, 42.212237188156344], [-90.87981323133482, 42.21038558825361]]}}, {"id": "6265", "type": "Feature", "properties": {}, "geometry": {"type": "LineString", "coordinates": [[-90.91384204311798, 42.22874338923745], [-90.8937170355022, 42.212237188156344]]}}, {"id": "6266", "type": "Feature", "properties": {}, "geometry": {"type": "LineString", "coordinates": [[-90.91700944352097, 42.22492358853938], [-90.91384204311798, 42.22874338923745]]}}, {"id": "6267", "type": "Feature", "properties": {}, "geometry": {"type": "LineString", "coordinates": [[-90.92079804511262, 42.23276592316281], [-90.91700944352097, 42.22492358853938]]}}, {"id": "6268", "type": "Feature", "properties": {}, "geometry": {"type": "LineString", "coordinates": [[-90.9208289121241, 42.233040322986135], [-90.92079804511262, 42.23276592316281]]}}, {"id": "6269", "type": "Feature", "properties": {}, "geometry": {"type": "LineString", "coordinates": [[-90.92338524792812, 42.254266992599305], [-90.9208289121241, 42.233040322986135]]}}, {"id": "6270", "type": "Feature", "properties": {}, "geometry": {"type": "LineString", "coordinates": [[-90.93825571929125, 42.25723212600488], [-90.92338524792812, 42.254266992599305]]}}, {"id": "6271", "type": "Feature", "properties": {}, "geometry": {"type": "LineString", "coordinates": [[-90.93970445301119, 42.25919799255191], [-90.93825571929125, 42.25723212600488]]}}, {"id": "6272", "type": "Feature", "properties": {}, "geometry": {"type": "LineString", "coordinates": [[-90.94753292306429, 42.267493993492884], [-90.93970445301119, 42.25919799255191]]}}, {"id": "6273", "type": "Feature", "properties": {}, "geometry": {"type": "LineString", "coordinates": [[-90.944772923914, 42.27785459504119], [-90.94753292306429, 42.267493993492884]]}}, {"id": "6386", "type": "Feature", "properties": {}, "geometry": {"type": "LineString", "coordinates": [[-90.74927624633384, 42.08044330819335], [-90.74700484535816, 42.08051430863238]]}}, {"id": "6387", "type": "Feature", "properties": {}, "geometry": {"type": "LineString", "coordinates": [[-90.76132005007787, 42.086456108435364], [-90.74927624633384, 42.08044330819335]]}}, {"id": "6388", "type": "Feature", "properties": {}, "geometry": {"type": "LineString", "coordinates": [[-90.76601705144101, 42.08634637502901], [-90.76132005007787, 42.086456108435364]]}}, {"id": "6389", "type": "Feature", "properties": {}, "geometry": {"type": "LineString", "coordinates": [[-90.79306559234381, 42.08442557334312], [-90.76601705144101, 42.08634637502901]]}}, {"id": "6390", "type": "Feature", "properties": {}, "geometry": {"type": "LineString", "coordinates": [[-90.79768819523512, 42.09428437472105], [-90.79306559234381, 42.08442557334312]]}}, {"id": "6391", "type": "Feature", "properties": {}, "geometry": {"type": "LineString", "coordinates": [[-90.7975949950244, 42.09513037496981], [-90.79768819523512, 42.09428437472105]]}}, {"id": "6392", "type": "Feature", "properties": {}, "geometry": {"type": "LineString", "coordinates": [[-90.79298166095018, 42.10075230925046], [-90.7975949950244, 42.09513037496981]]}}, {"id": "6393", "type": "Feature", "properties": {}, "geometry": {"type": "LineString", "coordinates": [[-90.79103539441182, 42.108982910502704], [-90.79298166095018, 42.10075230925046]]}}, {"id": "6394", "type": "Feature", "properties": {}, "geometry": {"type": "LineString", "coordinates": [[-90.80000186374154, 42.1097209769832], [-90.79103539441182, 42.108982910502704]]}}, {"id": "6395", "type": "Feature", "properties": {}, "geometry": {"type": "LineString", "coordinates": [[-90.81845346988312, 42.11515151019185], [-90.80000186374154, 42.1097209769832]]}}, {"id": "6396", "type": "Feature", "properties": {}, "geometry": {"type": "LineString", "coordinates": [[-90.81894440367749, 42.115700509869356], [-90.81845346988312, 42.11515151019185]]}}, {"id": "6397", "type": "Feature", "properties": {}, "geometry": {"type": "LineString", "coordinates": [[-90.85238621403316, 42.127351976279066], [-90.83868960987935, 42.121059776338015], [-90.83097527437637, 42.1266593113958], [-90.81894440367749, 42.115700509869356]]}}, {"id": "6398", "type": "Feature", "properties": {}, "geometry": {"type": "LineString", "coordinates": [[-90.85782488156286, 42.12374010876621], [-90.85238621403316, 42.127351976279066]]}}, {"id": "6399", "type": "Feature", "properties": {}, "geometry": {"type": "LineString", "coordinates": [[-90.86627181833286, 42.12577650873366], [-90.85782488156286, 42.12374010876621]]}}, {"id": "6400", "type": "Feature", "properties": {}, "geometry": {"type": "LineString", "coordinates": [[-90.87898782421749, 42.15262317935782], [-90.87244388842683, 42.14128097776022], [-90.86405508613043, 42.14272077851008], [-90.86627181833286, 42.12577650873366]]}}, {"id": "6401", "type": "Feature", "properties": {}, "geometry": {"type": "LineString", "coordinates": [[-90.89423322992232, 42.165999580003195], [-90.90000869741161, 42.15284997800774], [-90.87898782421749, 42.15262317935782]]}}, {"id": "6402", "type": "Feature", "properties": {}, "geometry": {"type": "LineString", "coordinates": [[-90.91418423656253, 42.169379579632576], [-90.89423322992232, 42.165999580003195]]}}, {"id": "6403", "type": "Feature", "properties": {}, "geometry": {"type": "LineString", "coordinates": [[-90.91636710407539, 42.16983631307689], [-90.91418423656253, 42.169379579632576]]}}, {"id": "6404", "type": "Feature", "properties": {}, "geometry": {"type": "LineString", "coordinates": [[-90.92162510513009, 42.17230417964609], [-90.91636710407539, 42.16983631307689]]}}, {"id": "6405", "type": "Feature", "properties": {}, "geometry": {"type": "LineString", "coordinates": [[-90.926270107513, 42.176715913165886], [-90.92162510513009, 42.17230417964609]]}}, {"id": "6406", "type": "Feature", "properties": {}, "geometry": {"type": "LineString", "coordinates": [[-90.94865491346425, 42.17958591283781], [-90.926270107513, 42.176715913165886]]}}, {"id": "6421", "type": "Feature", "properties": {}, "geometry": {"type": "LineString", "coordinates": [[-90.95351651583186, 42.182967379805824], [-90.94865491346425, 42.17958591283781]]}}, {"id": "6422", "type": "Feature", "properties": {}, "geometry": {"type": "LineString", "coordinates": [[-90.96510205211852, 42.17801991118794], [-90.95351651583186, 42.182967379805824]]}}, {"id": "6423", "type": "Feature", "properties": {}, "geometry": {"type": "LineString", "coordinates": [[-90.98205612446068, 42.186810178425404], [-90.96510205211852, 42.17801991118794]]}}, {"id": "6424", "type": "Feature", "properties": {}, "geometry": {"type": "LineString", "coordinates": [[-90.98372485828867, 42.192045512700446], [-90.98205612446068, 42.186810178425404]]}}, {"id": "6425", "type": "Feature", "properties": {}, "geometry": {"type": "LineString", "coordinates": [[-90.9985404641475, 42.205386113778104], [-90.99239846156442, 42.19292917899969], [-90.98372485828867, 42.192045512700446]]}}, {"id": "6426", "type": "Feature", "properties": {}, "geometry": {"type": "LineString", "coordinates": [[-91.00014913122568, 42.20521651345922], [-90.9985404641475, 42.205386113778104]]}}, {"id": "6427", "type": "Feature", "properties": {}, "geometry": {"type": "LineString", "coordinates": [[-91.00782686666905, 42.20741751327736], [-91.00014913122568, 42.20521651345922]]}}, {"id": "6428", "type": "Feature", "properties": {}, "geometry": {"type": "LineString", "coordinates": [[-91.02914927106637, 42.18566757541546], [-91.02703387152295, 42.200049911185516], [-91.00782686666905, 42.20741751327736]]}}, {"id": "6429", "type": "Feature", "properties": {}, "geometry": {"type": "LineString", "coordinates": [[-91.03646567266142, 42.186977175013766], [-91.02914927106637, 42.18566757541546]]}}, {"id": "6430", "type": "Feature", "properties": {}, "geometry": {"type": "LineString", "coordinates": [[-91.03953327472794, 42.19198790913399], [-91.03646567266142, 42.186977175013766]]}}, {"id": "6431", "type": "Feature", "properties": {}, "geometry": {"type": "LineString", "coordinates": [[-91.05383174563053, 42.19346157527043], [-91.03953327472794, 42.19198790913399]]}}, {"id": "6432", "type": "Feature", "properties": {}, "geometry": {"type": "LineString", "coordinates": [[-91.0599392816528, 42.20403070986347], [-91.05383174563053, 42.19346157527043]]}}, {"id": "6433", "type": "Feature", "properties": {}, "geometry": {"type": "LineString", "coordinates": [[-91.05088508015749, 42.21228031195497], [-91.04957094550812, 42.20592197704642], [-91.0599392816528, 42.20403070986347]]}}, {"id": "6434", "type": "Feature", "properties": {}, "geometry": {"type": "LineString", "coordinates": [[-91.07001875194148, 42.21327511061288], [-91.05088508015749, 42.21228031195497]]}}, {"id": "6435", "type": "Feature", "properties": {}, "geometry": {"type": "LineString", "coordinates": [[-91.09368795650956, 42.194944306164764], [-91.09260375733527, 42.20674430793555], [-91.07001875194148, 42.21327511061288]]}}, {"id": "6436", "type": "Feature", "properties": {}, "geometry": {"type": "LineString", "coordinates": [[-91.09950015880574, 42.196089372951384], [-91.09368795650956, 42.194944306164764]]}}, {"id": "6437", "type": "Feature", "properties": {}, "geometry": {"type": "LineString", "coordinates": [[-91.10226309365038, 42.20599230724497], [-91.09950015880574, 42.196089372951384]]}}, {"id": "6438", "type": "Feature", "properties": {}, "geometry": {"type": "LineString", "coordinates": [[-91.10274769522029, 42.22090277681398], [-91.10601116235809, 42.21632970864418], [-91.09730375996976, 42.217562576269174], [-91.10226309365038, 42.20599230724497]]}}, {"id": "6439", "type": "Feature", "properties": {}, "geometry": {"type": "LineString", "coordinates": [[-91.10440896225163, 42.221177709850465], [-91.10274769522029, 42.22090277681398]]}}, {"id": "6440", "type": "Feature", "properties": {}, "geometry": {"type": "LineString", "coordinates": [[-91.12308450132555, 42.22422177570309], [-91.10440896225163, 42.221177709850465]]}}, {"id": "6441", "type": "Feature", "properties": {}, "geometry": {"type": "LineString", "coordinates": [[-91.12071290226308, 42.233872177811975], [-91.12308450132555, 42.22422177570309]]}}, {"id": "6442", "type": "Feature", "properties": {}, "geometry": {"type": "LineString", "coordinates": [[-91.13446910604274, 42.232660509803374], [-91.12071290226308, 42.233872177811975]]}}, {"id": "6443", "type": "Feature", "properties": {}, "geometry": {"type": "LineString", "coordinates": [[-91.13840817364785, 42.23108230939014], [-91.13446910604274, 42.232660509803374]]}}, {"id": "6444", "type": "Feature", "properties": {}, "geometry": {"type": "LineString", "coordinates": [[-91.16795798362773, 42.24632997640362], [-91.13840817364785, 42.23108230939014]]}}, {"id": "6445", "type": "Feature", "properties": {}, "geometry": {"type": "LineString", "coordinates": [[-91.17001971691779, 42.24546030981524], [-91.16795798362773, 42.24632997640362]]}}, {"id": "6446", "type": "Feature", "properties": {}, "geometry": {"type": "LineString", "coordinates": [[-91.17205091736966, 42.244704909803765], [-91.17001971691779, 42.24546030981524]]}}, {"id": "6447", "type": "Feature", "properties": {}, "geometry": {"type": "LineString", "coordinates": [[-91.1778373856279, 42.2428079090904], [-91.17205091736966, 42.244704909803765]]}}, {"id": "6448", "type": "Feature", "properties": {}, "geometry": {"type": "LineString", "coordinates": [[-91.20117199470211, 42.2593797768668], [-91.18506752290453, 42.256279577185964]]}}, {"id": "6449", "type": "Feature", "properties": {}, "geometry": {"type": "LineString", "coordinates": [[-91.20332899522636, 42.260910510442066], [-91.20117199470211, 42.2593797768668]]}}, {"id": "6450", "type": "Feature", "properties": {}, "geometry": {"type": "LineString", "coordinates": [[-91.2053659961, 42.26511711069368], [-91.20332899522636, 42.260910510442066]]}}, {"id": "6451", "type": "Feature", "properties": {}, "geometry": {"type": "LineString", "coordinates": [[-91.22040833493992, 42.27660851176639], [-91.2053659961, 42.26511711069368]]}}, {"id": "6452", "type": "Feature", "properties": {}, "geometry": {"type": "LineString", "coordinates": [[-91.22562180381104, 42.28250437891586], [-91.22040833493992, 42.27660851176639]]}}, {"id": "6453", "type": "Feature", "properties": {}, "geometry": {"type": "LineString", "coordinates": [[-91.2427198105162, 42.3023613810292], [-91.22731573807769, 42.28243411202548]]}}, {"id": "6454", "type": "Feature", "properties": {}, "geometry": {"type": "LineString", "coordinates": [[-91.22731573807769, 42.28243411202548], [-91.22562180381104, 42.28250437891586]]}}, {"id": "6455", "type": "Feature", "properties": {}, "geometry": {"type": "LineString", "coordinates": [[-91.24796061242648, 42.30411678113154], [-91.2427198105162, 42.3023613810292]]}}, {"id": "6456", "type": "Feature", "properties": {}, "geometry": {"type": "LineString", "coordinates": [[-91.26340895114728, 42.30857838092437], [-91.24796061242648, 42.30411678113154]]}}, {"id": "6457", "type": "Feature", "properties": {}, "geometry": {"type": "LineString", "coordinates": [[-91.26139321788797, 42.31536858227616], [-91.26340895114728, 42.30857838092437]]}}, {"id": "6458", "type": "Feature", "properties": {}, "geometry": {"type": "LineString", "coordinates": [[-91.26094935132295, 42.321977582952464], [-91.26139321788797, 42.31536858227616]]}}, {"id": "6459", "type": "Feature", "properties": {}, "geometry": {"type": "LineString", "coordinates": [[-91.2556389506394, 42.32686618450453], [-91.26094935132295, 42.321977582952464]]}}, {"id": "6460", "type": "Feature", "properties": {}, "geometry": {"type": "LineString", "coordinates": [[-91.25519215107497, 42.3345727856368], [-91.26142601897226, 42.33064558472186], [-91.2556389506394, 42.32686618450453]]}}, {"id": "6461", "type": "Feature", "properties": {}, "geometry": {"type": "LineString", "coordinates": [[-91.2635331549134, 42.3412819858329], [-91.25519215107497, 42.3345727856368]]}}, {"id": "6462", "type": "Feature", "properties": {}, "geometry": {"type": "LineString", "coordinates": [[-91.26436175464328, 42.34329531960332], [-91.2635331549134, 42.3412819858329]]}}, {"id": "6463", "type": "Feature", "properties": {}, "geometry": {"type": "LineString", "coordinates": [[-91.26371222148889, 42.344415320114926], [-91.26436175464328, 42.34329531960332]]}}, {"id": "6464", "type": "Feature", "properties": {}, "geometry": {"type": "LineString", "coordinates": [[-91.27096702470658, 42.35631432135826], [-91.26371222148889, 42.344415320114926]]}}, {"id": "6465", "type": "Feature", "properties": {}, "geometry": {"type": "LineString", "coordinates": [[-91.27187675937459, 42.365096923069416], [-91.27096702470658, 42.35631432135826]]}}, {"id": "6466", "type": "Feature", "properties": {}, "geometry": {"type": "LineString", "coordinates": [[-91.27239736003119, 42.36722432302075], [-91.27187675937459, 42.365096923069416]]}}, {"id": "6502", "type": "Feature", "properties": {}, "geometry": {"type": "LineString", "coordinates": [[-91.2747331612296, 42.37191459016633], [-91.27239736003119, 42.36722432302075]]}}, {"id": "6503", "type": "Feature", "properties": {}, "geometry": {"type": "LineString", "coordinates": [[-91.27479242758048, 42.37335539036932], [-91.2747331612296, 42.37191459016633]]}}, {"id": "6504", "type": "Feature", "properties": {}, "geometry": {"type": "LineString", "coordinates": [[-91.28097683064496, 42.382805925172605], [-91.27479242758048, 42.37335539036932]]}}, {"id": "6505", "type": "Feature", "properties": {}, "geometry": {"type": "LineString", "coordinates": [[-91.28519523208261, 42.38781772540628], [-91.28097683064496, 42.382805925172605]]}}, {"id": "6506", "type": "Feature", "properties": {}, "geometry": {"type": "LineString", "coordinates": [[-91.28926783335638, 42.38763779207595], [-91.28519523208261, 42.38781772540628]]}}, {"id": "6507", "type": "Feature", "properties": {}, "geometry": {"type": "LineString", "coordinates": [[-91.29441216878155, 42.39319899243074], [-91.28926783335638, 42.38763779207595]]}}, {"id": "6508", "type": "Feature", "properties": {}, "geometry": {"type": "LineString", "coordinates": [[-91.31693744159884, 42.39117752384619], [-91.29441216878155, 42.39319899243074]]}}, {"id": "6509", "type": "Feature", "properties": {}, "geometry": {"type": "LineString", "coordinates": [[-91.3200526426973, 42.392208324305976], [-91.31693744159884, 42.39117752384619]]}}, {"id": "6510", "type": "Feature", "properties": {}, "geometry": {"type": "LineString", "coordinates": [[-91.32032717683128, 42.395295724788205], [-91.3200526426973, 42.392208324305976]]}}, {"id": "6511", "type": "Feature", "properties": {}, "geometry": {"type": "LineString", "coordinates": [[-91.32658124604268, 42.40579592599009], [-91.3153871757939, 42.398380591845985], [-91.32032717683128, 42.395295724788205]]}}, {"id": "6512", "type": "Feature", "properties": {}, "geometry": {"type": "LineString", "coordinates": [[-91.33951144981691, 42.406029392136155], [-91.32658124604268, 42.40579592599009]]}}, {"id": "6513", "type": "Feature", "properties": {}, "geometry": {"type": "LineString", "coordinates": [[-91.34580585158795, 42.40788392519914], [-91.33951144981691, 42.406029392136155]]}}, {"id": "6514", "type": "Feature", "properties": {}, "geometry": {"type": "LineString", "coordinates": [[-91.41912247693217, 42.44495292643774], [-91.41254420842968, 42.44319399334773]]}}, {"id": "6515", "type": "Feature", "properties": {}, "geometry": {"type": "LineString", "coordinates": [[-91.44631741987007, 42.466049128007505], [-91.44173408413647, 42.45326719289942]]}}, {"id": "6516", "type": "Feature", "properties": {}, "geometry": {"type": "LineString", "coordinates": [[-91.44885602203207, 42.471582195334676], [-91.44631741987007, 42.466049128007505]]}}, {"id": "6517", "type": "Feature", "properties": {}, "geometry": {"type": "LineString", "coordinates": [[-91.45546982339565, 42.474093729059064], [-91.44885602203207, 42.471582195334676]]}}, {"id": "6518", "type": "Feature", "properties": {}, "geometry": {"type": "LineString", "coordinates": [[-91.46961509650801, 42.49393479765539], [-91.45546982339565, 42.474093729059064]]}}, {"id": "6519", "type": "Feature", "properties": {}, "geometry": {"type": "LineString", "coordinates": [[-91.47119443089721, 42.49633493177423], [-91.46961509650801, 42.49393479765539]]}}, {"id": "6520", "type": "Feature", "properties": {}, "geometry": {"type": "LineString", "coordinates": [[-91.47110503056014, 42.49873633153634], [-91.47119443089721, 42.49633493177423]]}}, {"id": "6521", "type": "Feature", "properties": {}, "geometry": {"type": "LineString", "coordinates": [[-91.47088969809835, 42.49953699884289], [-91.47110503056014, 42.49873633153634]]}}, {"id": "6522", "type": "Feature", "properties": {}, "geometry": {"type": "LineString", "coordinates": [[-91.47097129836379, 42.502554598839616], [-91.47082463132567, 42.50000479894128]]}}, {"id": "6523", "type": "Feature", "properties": {}, "geometry": {"type": "LineString", "coordinates": [[-91.47082463132567, 42.50000479894128], [-91.47088969809835, 42.49953699884289]]}}, {"id": "6534", "type": "Feature", "properties": {}, "geometry": {"type": "LineString", "coordinates": [[-91.47292143214948, 42.50438253236146], [-91.47097129836379, 42.502554598839616]]}}, {"id": "6535", "type": "Feature", "properties": {}, "geometry": {"type": "LineString", "coordinates": [[-91.49584830849263, 42.53288000263948], [-91.48367723682902, 42.52218893456119]]}}, {"id": "6536", "type": "Feature", "properties": {}, "geometry": {"type": "LineString", "coordinates": [[-91.4982033093836, 42.535301802618385], [-91.49584830849263, 42.53288000263948]]}}, {"id": "6537", "type": "Feature", "properties": {}, "geometry": {"type": "LineString", "coordinates": [[-91.50673471294314, 42.543235136972676], [-91.4982033093836, 42.535301802618385]]}}, {"id": "6538", "type": "Feature", "properties": {}, "geometry": {"type": "LineString", "coordinates": [[-91.50963171415741, 42.54863553718702], [-91.50673471294314, 42.543235136972676]]}}, {"id": "6539", "type": "Feature", "properties": {}, "geometry": {"type": "LineString", "coordinates": [[-91.5156905165755, 42.5508600038229], [-91.50963171415741, 42.54863553718702]]}}, {"id": "6540", "type": "Feature", "properties": {}, "geometry": {"type": "LineString", "coordinates": [[-91.52359451967263, 42.55996993848538], [-91.5156905165755, 42.5508600038229]]}}, {"id": "6541", "type": "Feature", "properties": {}, "geometry": {"type": "LineString", "coordinates": [[-91.54802346091752, 42.56973233835254], [-91.52359451967263, 42.55996993848538]]}}, {"id": "6542", "type": "Feature", "properties": {}, "geometry": {"type": "LineString", "coordinates": [[-91.55140786375044, 42.58542394044619], [-91.54802346091752, 42.56973233835254]]}}, {"id": "6543", "type": "Feature", "properties": {}, "geometry": {"type": "LineString", "coordinates": [[-91.53677666135819, 42.60041641062634], [-91.55140786375044, 42.58542394044619]]}}, {"id": "6544", "type": "Feature", "properties": {}, "geometry": {"type": "LineString", "coordinates": [[-91.55685813481864, 42.60971621083767], [-91.55778593550535, 42.61581701165897], [-91.53677666135819, 42.60041641062634]]}}, {"id": "6545", "type": "Feature", "properties": {}, "geometry": {"type": "LineString", "coordinates": [[-91.5616300691512, 42.606425610190264], [-91.55685813481864, 42.60971621083767]]}}, {"id": "7648", "type": "Feature", "properties": {}, "geometry": {"type": "LineString", "coordinates": [[-91.47119443089721, 42.49633493177423], [-91.46961509650801, 42.49393479765539]]}}, {"id": "7692", "type": "Feature", "properties": {}, "geometry": {"type": "LineString", "coordinates": [[-91.40556387197229, 42.43816452654603], [-91.40235220438875, 42.436449992955076]]}}, {"id": "7703", "type": "Feature", "properties": {}, "geometry": {"type": "LineString", "coordinates": [[-91.27479242758048, 42.37335539036932], [-91.2747331612296, 42.37191459016633]]}}, {"id": "7801", "type": "Feature", "properties": {}, "geometry": {"type": "LineString", "coordinates": [[-91.17001971691779, 42.24546030981524], [-91.16795798362773, 42.24632997640362]]}}, {"id": "7804", "type": "Feature", "properties": {}, "geometry": {"type": "LineString", "coordinates": [[-91.10440896225163, 42.221177709850465], [-91.10274769522029, 42.22090277681398]]}}, {"id": "8832", "type": "Feature", "properties": {}, "geometry": {"type": "LineString", "coordinates": [[-91.42159347727578, 42.44616412661551], [-91.41912247693217, 42.44495292643774]]}}, {"id": "8833", "type": "Feature", "properties": {}, "geometry": {"type": "LineString", "coordinates": [[-91.41974001029952, 42.44499839340185], [-91.41912247693217, 42.44495292643774]]}}, {"id": "8842", "type": "Feature", "properties": {}, "geometry": {"type": "LineString", "coordinates": [[-91.42159347727578, 42.44616412661551], [-91.41974001029952, 42.44499839340185]]}}, {"id": "8844", "type": "Feature", "properties": {}, "geometry": {"type": "LineString", "coordinates": [[-91.18107478724941, 42.248972176189184], [-91.1778373856279, 42.2428079090904]]}}, {"id": "8845", "type": "Feature", "properties": {}, "geometry": {"type": "LineString", "coordinates": [[-90.3564306728555, 42.13087620670713], [-90.35334813899235, 42.13504094080025]]}}, {"id": "8848", "type": "Feature", "properties": {}, "geometry": {"type": "LineString", "coordinates": [[-90.35334813899235, 42.13504094080025], [-90.34474827123175, 42.14178580916838]]}}, {"id": "8849", "type": "Feature", "properties": {}, "geometry": {"type": "LineString", "coordinates": [[-90.6968171633971, 42.07019890980588], [-90.66842415622939, 42.07574631234844], [-90.6690633578597, 42.08651798076875]]}}, {"id": "8850", "type": "Feature", "properties": {}, "geometry": {"type": "LineString", "coordinates": [[-90.69787863070313, 42.0701081766332], [-90.6968171633971, 42.07019890980588]]}}, {"id": "8851", "type": "Feature", "properties": {}, "geometry": {"type": "LineString", "coordinates": [[-90.71323336856456, 42.071878975800274], [-90.71068683427862, 42.072916509729474]]}}, {"id": "8852", "type": "Feature", "properties": {}, "geometry": {"type": "LineString", "coordinates": [[-90.71761756935925, 42.069506375233004], [-90.71323336856456, 42.071878975800274]]}}, {"id": "8853", "type": "Feature", "properties": {}, "geometry": {"type": "LineString", "coordinates": [[-90.7447423790263, 42.08332730890126], [-90.74367404499824, 42.08456917595375]]}}, {"id": "8854", "type": "Feature", "properties": {}, "geometry": {"type": "LineString", "coordinates": [[-90.71068683427862, 42.072916509729474], [-90.69787863070313, 42.0701081766332]]}}, {"id": "8855", "type": "Feature", "properties": {}, "geometry": {"type": "LineString", "coordinates": [[-90.74367404499824, 42.08456917595375], [-90.72957004138836, 42.08671637743078], [-90.71761756935925, 42.069506375233004]]}}, {"id": "8856", "type": "Feature", "properties": {}, "geometry": {"type": "LineString", "coordinates": [[-90.74700484535816, 42.08051430863238], [-90.7447423790263, 42.08332730890126]]}}, {"id": "8857", "type": "Feature", "properties": {}, "geometry": {"type": "LineString", "coordinates": [[-91.18195292098237, 42.25015230972339], [-91.18107478724941, 42.248972176189184]]}}, {"id": "8858", "type": "Feature", "properties": {}, "geometry": {"type": "LineString", "coordinates": [[-91.18506752290453, 42.256279577185964], [-91.18195292098237, 42.25015230972339]]}}, {"id": "8859", "type": "Feature", "properties": {}, "geometry": {"type": "LineString", "coordinates": [[-91.42502541266533, 42.45281792732786], [-91.42159347727578, 42.44616412661551]]}}, {"id": "8860", "type": "Feature", "properties": {}, "geometry": {"type": "LineString", "coordinates": [[-91.44173408413647, 42.45326719289942], [-91.42697168010201, 42.45357179421728]]}}, {"id": "8861", "type": "Feature", "properties": {}, "geometry": {"type": "LineString", "coordinates": [[-91.42697168010201, 42.45357179421728], [-91.42502541266533, 42.45281792732786]]}}, {"id": "8887", "type": "Feature", "properties": {}, "geometry": {"type": "LineString", "coordinates": [[-91.42697168010201, 42.45357179421728], [-91.42502541266533, 42.45281792732786]]}}, {"id": "8888", "type": "Feature", "properties": {}, "geometry": {"type": "LineString", "coordinates": [[-91.42697168010201, 42.45357179421728], [-91.42502541266533, 42.45281792732786]]}}, {"id": "8889", "type": "Feature", "properties": {}, "geometry": {"type": "LineString", "coordinates": [[-91.40235220438875, 42.436449992955076], [-91.40246320471681, 42.43602559267803]]}}, {"id": "8892", "type": "Feature", "properties": {}, "geometry": {"type": "LineString", "coordinates": [[-91.40147727045485, 42.4348069923693], [-91.39817860283263, 42.43469012633389]]}}, {"id": "8894", "type": "Feature", "properties": {}, "geometry": {"type": "LineString", "coordinates": [[-91.39817860283263, 42.43469012633389], [-91.39686186935717, 42.43377039299388]]}}, {"id": "8895", "type": "Feature", "properties": {}, "geometry": {"type": "LineString", "coordinates": [[-91.40421880473444, 42.43362799251225], [-91.40147727045485, 42.4348069923693]]}}, {"id": "8896", "type": "Feature", "properties": {}, "geometry": {"type": "LineString", "coordinates": [[-91.41254420842968, 42.44319399334773], [-91.41056307378354, 42.442784926852305]]}}, {"id": "8898", "type": "Feature", "properties": {}, "geometry": {"type": "LineString", "coordinates": [[-91.39686186935717, 42.43377039299388], [-91.38765479885498, 42.42719759193683], [-91.39577726773763, 42.42103839048673], [-91.39140826553923, 42.41215258962593]]}}, {"id": "8900", "type": "Feature", "properties": {}, "geometry": {"type": "LineString", "coordinates": [[-91.39140826553923, 42.41215258962593], [-91.38055399472475, 42.406931189126816]]}}, {"id": "8902", "type": "Feature", "properties": {}, "geometry": {"type": "LineString", "coordinates": [[-91.37772999420373, 42.405218922763325], [-91.37420479392475, 42.41484212471809]]}}, {"id": "8903", "type": "Feature", "properties": {}, "geometry": {"type": "LineString", "coordinates": [[-91.38055399472475, 42.406931189126816], [-91.37772999420373, 42.405218922763325]]}}, {"id": "8905", "type": "Feature", "properties": {}, "geometry": {"type": "LineString", "coordinates": [[-91.3465482516781, 42.40746059176175], [-91.34580585158795, 42.40788392519914]]}}, {"id": "8907", "type": "Feature", "properties": {}, "geometry": {"type": "LineString", "coordinates": [[-91.37420479392475, 42.41484212471809], [-91.3465482516781, 42.40746059176175]]}}, {"id": "8908", "type": "Feature", "properties": {}, "geometry": {"type": "LineString", "coordinates": [[-91.4059532054097, 42.43799832636958], [-91.40556387197229, 42.43816452654603]]}}, {"id": "8914", "type": "Feature", "properties": {}, "geometry": {"type": "LineString", "coordinates": [[-91.41056307378354, 42.442784926852305], [-91.4059532054097, 42.43799832636958]]}}, {"id": "8915", "type": "Feature", "properties": {}, "geometry": {"type": "LineString", "coordinates": [[-91.4059532054097, 42.43799832636958], [-91.40685527205846, 42.436898126211005]]}}, {"id": "8916", "type": "Feature", "properties": {}, "geometry": {"type": "LineString", "coordinates": [[-91.40685527205846, 42.436898126211005], [-91.40421880473444, 42.43362799251225]]}}, {"id": "8919", "type": "Feature", "properties": {}, "geometry": {"type": "LineString", "coordinates": [[-91.48367723682902, 42.52218893456119], [-91.48016310289604, 42.51984420147961]]}}, {"id": "8920", "type": "Feature", "properties": {}, "geometry": {"type": "LineString", "coordinates": [[-91.48016310289604, 42.51984420147961], [-91.47110263295664, 42.51355100100273], [-91.47482489935447, 42.50582219918032]]}}, {"id": "8922", "type": "Feature", "properties": {}, "geometry": {"type": "LineString", "coordinates": [[-91.47482489935447, 42.50582219918032], [-91.47292143214948, 42.50438253236146]]}}, {"id": "8927", "type": "Feature", "properties": {}, "geometry": {"type": "LineString", "coordinates": [[-91.02911436253444, 41.16329754061803], [-91.02334716044409, 41.163207141578276]]}}, {"id": "8928", "type": "Feature", "properties": {}, "geometry": {"type": "LineString", "coordinates": [[-91.03762876457891, 41.165372807773046], [-91.02911436253444, 41.16329754061803]]}}, {"id": "8929", "type": "Feature", "properties": {}, "geometry": {"type": "LineString", "coordinates": [[-91.09750738828173, 41.228058214257445], [-91.07344957970827, 41.20794741237668]]}}, {"id": "8930", "type": "Feature", "properties": {}, "geometry": {"type": "LineString", "coordinates": [[-91.05921797400553, 41.1911159436734], [-91.03762876457891, 41.165372807773046]]}}, {"id": "8931", "type": "Feature", "properties": {}, "geometry": {"type": "LineString", "coordinates": [[-91.11428919519344, 41.24909395018331], [-91.10630272495659, 41.2340302150287]]}}, {"id": "8932", "type": "Feature", "properties": {}, "geometry": {"type": "LineString", "coordinates": [[-91.10975972783415, 41.257104951566276], [-91.11428919519344, 41.24909395018331]]}}, {"id": "8934", "type": "Feature", "properties": {}, "geometry": {"type": "LineString", "coordinates": [[-90.79550119277701, 41.45391800320161], [-90.80488512898222, 41.45443286879289]]}}, {"id": "8935", "type": "Feature", "properties": {}, "geometry": {"type": "LineString", "coordinates": [[-90.76038091624557, 41.45010300448464], [-90.79550119277701, 41.45391800320161]]}}, {"id": "8936", "type": "Feature", "properties": {}, "geometry": {"type": "LineString", "coordinates": [[-90.43188216693032, 41.55026310658155], [-90.4394861012815, 41.542470305444105]]}}, {"id": "8937", "type": "Feature", "properties": {}, "geometry": {"type": "LineString", "coordinates": [[-90.41472182972083, 41.5640844434439], [-90.41714782985859, 41.56096770950044]]}}, {"id": "8938", "type": "Feature", "properties": {}, "geometry": {"type": "LineString", "coordinates": [[-90.41714782985859, 41.56096770950044], [-90.4302864993726, 41.550932240194726]]}}, {"id": "8939", "type": "Feature", "properties": {}, "geometry": {"type": "LineString", "coordinates": [[-90.4302864993726, 41.550932240194726], [-90.43188216693032, 41.55026310658155]]}}, {"id": "8940", "type": "Feature", "properties": {}, "geometry": {"type": "LineString", "coordinates": [[-90.37387461987828, 41.57774071451066], [-90.38108048826919, 41.57617664732857]]}}, {"id": "8941", "type": "Feature", "properties": {}, "geometry": {"type": "LineString", "coordinates": [[-90.38348602208984, 41.575610647472494], [-90.39245789119273, 41.57466024645263]]}}, {"id": "8942", "type": "Feature", "properties": {}, "geometry": {"type": "LineString", "coordinates": [[-90.39881642638686, 41.573125845726906], [-90.40618729463424, 41.56868044485296]]}}, {"id": "8943", "type": "Feature", "properties": {}, "geometry": {"type": "LineString", "coordinates": [[-90.39245789119273, 41.57466024645263], [-90.39881642638686, 41.573125845726906]]}}, {"id": "8944", "type": "Feature", "properties": {}, "geometry": {"type": "LineString", "coordinates": [[-90.40618729463424, 41.56868044485296], [-90.41472182972083, 41.5640844434439]]}}, {"id": "8945", "type": "Feature", "properties": {}, "geometry": {"type": "LineString", "coordinates": [[-90.38108048826919, 41.57617664732857], [-90.38348602208984, 41.575610647472494]]}}, {"id": "8946", "type": "Feature", "properties": {}, "geometry": {"type": "LineString", "coordinates": [[-90.34739761321039, 41.58637905139824], [-90.37387461987828, 41.57774071451066]]}}, {"id": "8947", "type": "Feature", "properties": {}, "geometry": {"type": "LineString", "coordinates": [[-90.34006961256837, 41.60069172030763], [-90.34071701132565, 41.59266391918245]]}}, {"id": "8948", "type": "Feature", "properties": {}, "geometry": {"type": "LineString", "coordinates": [[-90.34102461424187, 41.61362405614983], [-90.34006961256837, 41.60069172030763]]}}, {"id": "8949", "type": "Feature", "properties": {}, "geometry": {"type": "LineString", "coordinates": [[-90.34172328254736, 41.62748512501734], [-90.34197888109348, 41.617560056724564]]}}, {"id": "8950", "type": "Feature", "properties": {}, "geometry": {"type": "LineString", "coordinates": [[-90.34235148340872, 41.63771785981055], [-90.34193188303443, 41.63165692582847]]}}, {"id": "8951", "type": "Feature", "properties": {}, "geometry": {"type": "LineString", "coordinates": [[-90.34215848216652, 41.628847124989], [-90.34172328254736, 41.62748512501734]]}}, {"id": "8952", "type": "Feature", "properties": {}, "geometry": {"type": "LineString", "coordinates": [[-90.34062908512396, 41.654561129685064], [-90.34326901814832, 41.64662066158451]]}}, {"id": "8953", "type": "Feature", "properties": {}, "geometry": {"type": "LineString", "coordinates": [[-90.34326901814832, 41.64662066158451], [-90.34235148340872, 41.63771785981055]]}}, {"id": "8954", "type": "Feature", "properties": {}, "geometry": {"type": "LineString", "coordinates": [[-90.34193188303443, 41.63165692582847], [-90.34215848216652, 41.628847124989]]}}, {"id": "8955", "type": "Feature", "properties": {}, "geometry": {"type": "LineString", "coordinates": [[-90.34197888109348, 41.617560056724564], [-90.34102461424187, 41.61362405614983]]}}, {"id": "8956", "type": "Feature", "properties": {}, "geometry": {"type": "LineString", "coordinates": [[-90.33998861776742, 41.65574146321772], [-90.34062908512396, 41.654561129685064]]}}, {"id": "8957", "type": "Feature", "properties": {}, "geometry": {"type": "LineString", "coordinates": [[-90.33498261840444, 41.67270886617381], [-90.33998861776742, 41.65574146321772]]}}, {"id": "8958", "type": "Feature", "properties": {}, "geometry": {"type": "LineString", "coordinates": [[-90.33071821783435, 41.68272633498278], [-90.33498261840444, 41.67270886617381]]}}, {"id": "8959", "type": "Feature", "properties": {}, "geometry": {"type": "LineString", "coordinates": [[-90.32918208432547, 41.683732868616275], [-90.33071821783435, 41.68272633498278]]}}, {"id": "8960", "type": "Feature", "properties": {}, "geometry": {"type": "LineString", "coordinates": [[-90.31848761841013, 41.71696694088941], [-90.31366341470445, 41.69795313817315], [-90.32918208432547, 41.683732868616275]]}}, {"id": "8963", "type": "Feature", "properties": {}, "geometry": {"type": "LineString", "coordinates": [[-90.23597246913535, 41.78675675759534], [-90.23897480320657, 41.785682357234464]]}}, {"id": "8964", "type": "Feature", "properties": {}, "geometry": {"type": "LineString", "coordinates": [[-90.21140006334632, 41.797607560838465], [-90.23597246913535, 41.78675675759534]]}}, {"id": "8965", "type": "Feature", "properties": {}, "geometry": {"type": "LineString", "coordinates": [[-90.18258645597945, 41.806785097600645], [-90.21140006334632, 41.797607560838465]]}}, {"id": "8966", "type": "Feature", "properties": {}, "geometry": {"type": "LineString", "coordinates": [[-90.16795239245299, 41.880738777262614], [-90.1702753926586, 41.873657508773576]]}}, {"id": "8967", "type": "Feature", "properties": {}, "geometry": {"type": "LineString", "coordinates": [[-90.1605106579095, 41.89014071204553], [-90.16795239245299, 41.880738777262614]]}}, {"id": "9079", "type": "Feature", "properties": {}, "geometry": {"type": "LineString", "coordinates": [[-90.96747717347523, 41.43568285609793], [-90.9730112411898, 41.4376226560634]]}}, {"id": "9080", "type": "Feature", "properties": {}, "geometry": {"type": "LineString", "coordinates": [[-90.9730112411898, 41.4376226560634], [-90.97497824174326, 41.4370711896631]]}}, {"id": "9084", "type": "Feature", "properties": {}, "geometry": {"type": "LineString", "coordinates": [[-90.95452436898678, 41.430477056532176], [-90.95677443677108, 41.431596389542534]]}}, {"id": "9085", "type": "Feature", "properties": {}, "geometry": {"type": "LineString", "coordinates": [[-90.95677443677108, 41.431596389542534], [-90.95714016966934, 41.431847656231184]]}}, {"id": "9086", "type": "Feature", "properties": {}, "geometry": {"type": "LineString", "coordinates": [[-90.95378763457113, 41.42709925570909], [-90.95452436898678, 41.430477056532176]]}}, {"id": "9087", "type": "Feature", "properties": {}, "geometry": {"type": "LineString", "coordinates": [[-90.95714016966934, 41.431847656231184], [-90.96367623891307, 41.433579189930036]]}}, {"id": "9090", "type": "Feature", "properties": {}, "geometry": {"type": "LineString", "coordinates": [[-90.9299073618439, 41.42799725752202], [-90.9359234296073, 41.42719399050342]]}}, {"id": "9091", "type": "Feature", "properties": {}, "geometry": {"type": "LineString", "coordinates": [[-90.9359234296073, 41.42719399050342], [-90.93890403073685, 41.425036056036085]]}}, {"id": "9092", "type": "Feature", "properties": {}, "geometry": {"type": "LineString", "coordinates": [[-90.92757216161841, 41.42959345742102], [-90.9299073618439, 41.42799725752202]]}}, {"id": "9093", "type": "Feature", "properties": {}, "geometry": {"type": "LineString", "coordinates": [[-90.81556593152207, 41.45188766791746], [-90.81690479858783, 41.45056200136699]]}}, {"id": "9094", "type": "Feature", "properties": {}, "geometry": {"type": "LineString", "coordinates": [[-90.81476053168274, 41.454542668517725], [-90.81556593152207, 41.45188766791746]]}}, {"id": "9415", "type": "Feature", "properties": {}, "geometry": {"type": "LineString", "coordinates": [[-90.40458822785148, 41.5746432456338], [-90.40540989438398, 41.57370551229817]]}}, {"id": "9416", "type": "Feature", "properties": {}, "geometry": {"type": "LineString", "coordinates": [[-90.38223862238463, 41.57970964777298], [-90.40458822785148, 41.5746432456338]]}}, {"id": "9417", "type": "Feature", "properties": {}, "geometry": {"type": "LineString", "coordinates": [[-90.40540989438398, 41.57370551229817], [-90.40618729463424, 41.56868044485296]]}}, {"id": "9418", "type": "Feature", "properties": {}, "geometry": {"type": "LineString", "coordinates": [[-90.38348602208984, 41.575610647472494], [-90.38223862238463, 41.57970964777298]]}}, {"id": "9906", "type": "Feature", "properties": {}, "geometry": {"type": "LineString", "coordinates": [[-93.88437170367929, 40.68779209206489], [-93.8768870341568, 40.68374295864882]]}}, {"id": "9907", "type": "Feature", "properties": {}, "geometry": {"type": "LineString", "coordinates": [[-93.88680730411248, 40.69168149269379], [-93.88437170367929, 40.68779209206489]]}}, {"id": "9908", "type": "Feature", "properties": {}, "geometry": {"type": "LineString", "coordinates": [[-93.87643850443713, 40.72124456520374], [-93.8863907059079, 40.71138189591204], [-93.86209649848091, 40.70319169602627], [-93.88957623970323, 40.70472309448055], [-93.88680730411248, 40.69168149269379]]}}, {"id": "9909", "type": "Feature", "properties": {}, "geometry": {"type": "LineString", "coordinates": [[-93.87421323823948, 40.72559196554297], [-93.87643850443713, 40.72124456520374]]}}, {"id": "9910", "type": "Feature", "properties": {}, "geometry": {"type": "LineString", "coordinates": [[-93.87980743917916, 40.72726189929212], [-93.87421323823948, 40.72559196554297]]}}, {"id": "9911", "type": "Feature", "properties": {}, "geometry": {"type": "LineString", "coordinates": [[-93.90269564574427, 40.72824116416874], [-93.87980743917916, 40.72726189929212]]}}, {"id": "9912", "type": "Feature", "properties": {}, "geometry": {"type": "LineString", "coordinates": [[-93.89476004530535, 40.741468300562026], [-93.9014979129928, 40.74016230004588], [-93.90269564574427, 40.72824116416874]]}}, {"id": "9913", "type": "Feature", "properties": {}, "geometry": {"type": "LineString", "coordinates": [[-93.89232324472293, 40.74110270070221], [-93.89476004530535, 40.741468300562026]]}}, {"id": "9914", "type": "Feature", "properties": {}, "geometry": {"type": "LineString", "coordinates": [[-93.88835451115389, 40.74929456903416], [-93.89232324472293, 40.74110270070221]]}}, {"id": "9915", "type": "Feature", "properties": {}, "geometry": {"type": "LineString", "coordinates": [[-93.88061531028384, 40.76533950535356], [-93.88019404353473, 40.76458450504554]]}}, {"id": "9916", "type": "Feature", "properties": {}, "geometry": {"type": "LineString", "coordinates": [[-93.88365511128895, 40.76822230544995], [-93.88362524500069, 40.76893157223788]]}}, {"id": "9917", "type": "Feature", "properties": {}, "geometry": {"type": "LineString", "coordinates": [[-93.8876584461661, 40.7725461724725], [-93.88365511128895, 40.76822230544995]]}}, {"id": "9918", "type": "Feature", "properties": {}, "geometry": {"type": "LineString", "coordinates": [[-93.87995464520645, 40.78279730806973], [-93.8876584461661, 40.7725461724725]]}}, {"id": "9952", "type": "Feature", "properties": {}, "geometry": {"type": "LineString", "coordinates": [[-93.88736064836121, 40.78938610869918], [-93.87875064490925, 40.78469637507928]]}}, {"id": "9953", "type": "Feature", "properties": {}, "geometry": {"type": "LineString", "coordinates": [[-93.88931811599285, 40.79270350918486], [-93.88736064836121, 40.78938610869918]]}}, {"id": "9954", "type": "Feature", "properties": {}, "geometry": {"type": "LineString", "coordinates": [[-93.91202965717925, 40.81454831143717], [-93.90820085597865, 40.80622117698321], [-93.88597851573641, 40.80487617813774], [-93.88931811599285, 40.79270350918486]]}}, {"id": "9955", "type": "Feature", "properties": {}, "geometry": {"type": "LineString", "coordinates": [[-93.91407605802402, 40.812076577462925], [-93.91202965717925, 40.81454831143717]]}}, {"id": "9956", "type": "Feature", "properties": {}, "geometry": {"type": "LineString", "coordinates": [[-93.92448672637815, 40.80035770823717], [-93.91407605802402, 40.812076577462925]]}}, {"id": "9957", "type": "Feature", "properties": {}, "geometry": {"type": "LineString", "coordinates": [[-93.9317797286567, 40.8082249091542], [-93.92448672637815, 40.80035770823717]]}}, {"id": "9958", "type": "Feature", "properties": {}, "geometry": {"type": "LineString", "coordinates": [[-93.94723893429747, 40.81892357661016], [-93.94744213321475, 40.812059508659296]]}}, {"id": "9959", "type": "Feature", "properties": {}, "geometry": {"type": "LineString", "coordinates": [[-93.94788626927436, 40.83228511167585], [-93.94723893429747, 40.81892357661016]]}}, {"id": "9960", "type": "Feature", "properties": {}, "geometry": {"type": "LineString", "coordinates": [[-93.95114233698916, 40.834868311878715], [-93.94788626927436, 40.83228511167585]]}}, {"id": "9961", "type": "Feature", "properties": {}, "geometry": {"type": "LineString", "coordinates": [[-93.95180607071157, 40.83562291214054], [-93.95114233698916, 40.834868311878715]]}}, {"id": "9962", "type": "Feature", "properties": {}, "geometry": {"type": "LineString", "coordinates": [[-93.96274667411642, 40.83966451189432], [-93.95180607071157, 40.83562291214054]]}}, {"id": "9963", "type": "Feature", "properties": {}, "geometry": {"type": "LineString", "coordinates": [[-93.95580547366272, 40.854312914595106], [-93.96402547533071, 40.849593313946436], [-93.96274667411642, 40.83966451189432]]}}, {"id": "9964", "type": "Feature", "properties": {}, "geometry": {"type": "LineString", "coordinates": [[-93.95102887348058, 40.86676291731791], [-93.96473227698277, 40.859774181791295], [-93.95580547366272, 40.854312914595106]]}}, {"id": "9965", "type": "Feature", "properties": {}, "geometry": {"type": "LineString", "coordinates": [[-93.95639887558657, 40.87099178419205], [-93.95102887348058, 40.86676291731791]]}}, {"id": "9966", "type": "Feature", "properties": {}, "geometry": {"type": "LineString", "coordinates": [[-93.97410114754236, 40.87752091741576], [-93.97387354678871, 40.86651591579457], [-93.95639887558657, 40.87099178419205]]}}, {"id": "9967", "type": "Feature", "properties": {}, "geometry": {"type": "LineString", "coordinates": [[-93.98552688431977, 40.87833371704357], [-93.97410114754236, 40.87752091741576]]}}, {"id": "9968", "type": "Feature", "properties": {}, "geometry": {"type": "LineString", "coordinates": [[-94.00955809198103, 40.88915498366477], [-94.00023395482768, 40.87960211631385]]}}, {"id": "9969", "type": "Feature", "properties": {}, "geometry": {"type": "LineString", "coordinates": [[-94.00023395482768, 40.87960211631385], [-93.98552688431977, 40.87833371704357]]}}, {"id": "9970", "type": "Feature", "properties": {}, "geometry": {"type": "LineString", "coordinates": [[-94.02439989720514, 40.90360518537156], [-94.00955809198103, 40.88915498366477]]}}, {"id": "9971", "type": "Feature", "properties": {}, "geometry": {"type": "LineString", "coordinates": [[-94.02638576507451, 40.906649719198334], [-94.02439989720514, 40.90360518537156]]}}, {"id": "9972", "type": "Feature", "properties": {}, "geometry": {"type": "LineString", "coordinates": [[-94.03560136867357, 40.916037386305796], [-94.02638576507451, 40.906649719198334]]}}, {"id": "9973", "type": "Feature", "properties": {}, "geometry": {"type": "LineString", "coordinates": [[-94.0455969731456, 40.93153352206322], [-94.04660430527765, 40.92098692030359], [-94.03560136867357, 40.916037386305796]]}}, {"id": "9974", "type": "Feature", "properties": {}, "geometry": {"type": "LineString", "coordinates": [[-94.04660797489561, 40.944506590771844], [-94.0455969731456, 40.93153352206322]]}}, {"id": "9975", "type": "Feature", "properties": {}, "geometry": {"type": "LineString", "coordinates": [[-94.02833497090049, 40.95746612680616], [-94.04255050843774, 40.95658419238989], [-94.05028297643473, 40.950159924402804], [-94.04660797489561, 40.944506590771844]]}}, {"id": "9976", "type": "Feature", "properties": {}, "geometry": {"type": "LineString", "coordinates": [[-94.0370963755121, 40.97389992949173], [-94.0391621081018, 40.963422593913734], [-94.02833497090049, 40.95746612680616]]}}, {"id": "9994", "type": "Feature", "properties": {}, "geometry": {"type": "LineString", "coordinates": [[-93.87875064490925, 40.78469637507928], [-93.87995464520645, 40.78279730806973]]}}, {"id": "10029", "type": "Feature", "properties": {}, "geometry": {"type": "LineString", "coordinates": [[-90.18519785851036, 41.8289599672672], [-90.23000573594904, 41.8074419613242]]}}, {"id": "10030", "type": "Feature", "properties": {}, "geometry": {"type": "LineString", "coordinates": [[-90.18390705849883, 41.83035016756411], [-90.18519785851036, 41.8289599672672]]}}, {"id": "10048", "type": "Feature", "properties": {}, "geometry": {"type": "LineString", "coordinates": [[-91.02911436253444, 41.16329754061803], [-91.03017076334227, 41.16687814175584]]}}, {"id": "10050", "type": "Feature", "properties": {}, "geometry": {"type": "LineString", "coordinates": [[-91.10630272495659, 41.2340302150287], [-91.09750738828173, 41.228058214257445]]}}, {"id": "10053", "type": "Feature", "properties": {}, "geometry": {"type": "LineString", "coordinates": [[-90.23897480320657, 41.785682357234464], [-90.2611838079584, 41.77362455399666]]}}, {"id": "10055", "type": "Feature", "properties": {}, "geometry": {"type": "LineString", "coordinates": [[-90.5363779269909, 41.52512189676218], [-90.56834226831732, 41.518340493609095]]}}, {"id": "10056", "type": "Feature", "properties": {}, "geometry": {"type": "LineString", "coordinates": [[-90.49438011450825, 41.51812183113483], [-90.5363779269909, 41.52512189676218]]}}, {"id": "10057", "type": "Feature", "properties": {}, "geometry": {"type": "LineString", "coordinates": [[-90.60389154339754, 41.50004862185949], [-90.61042374449565, 41.4902964200189]]}}, {"id": "10058", "type": "Feature", "properties": {}, "geometry": {"type": "LineString", "coordinates": [[-90.56834226831732, 41.518340493609095], [-90.59691207561104, 41.51040029056805], [-90.60389154339754, 41.50004862185949]]}}, {"id": "10059", "type": "Feature", "properties": {}, "geometry": {"type": "LineString", "coordinates": [[-91.02334716044409, 41.163207141578276], [-91.01480595895974, 41.166630408740936]]}}, {"id": "10061", "type": "Feature", "properties": {}, "geometry": {"type": "LineString", "coordinates": [[-90.84231033970057, 41.45554166686839], [-90.85265254205703, 41.45287059942324]]}}, {"id": "10062", "type": "Feature", "properties": {}, "geometry": {"type": "LineString", "coordinates": [[-90.83258433671328, 41.45474726766738], [-90.84231033970057, 41.45554166686839]]}}, {"id": "10063", "type": "Feature", "properties": {}, "geometry": {"type": "LineString", "coordinates": [[-90.85265254205703, 41.45287059942324], [-90.86143401143885, 41.45047166508944]]}}, {"id": "10064", "type": "Feature", "properties": {}, "geometry": {"type": "LineString", "coordinates": [[-90.83258433671328, 41.45474726766738], [-90.83840773830613, 41.45132466650508]]}}, {"id": "10067", "type": "Feature", "properties": {}, "geometry": {"type": "LineString", "coordinates": [[-90.86143401143885, 41.45047166508944], [-90.86805214627533, 41.44543559722465]]}}, {"id": "10069", "type": "Feature", "properties": {}, "geometry": {"type": "LineString", "coordinates": [[-90.96367623891307, 41.433579189930036], [-90.96940577374524, 41.43478725579823]]}}, {"id": "10070", "type": "Feature", "properties": {}, "geometry": {"type": "LineString", "coordinates": [[-90.96747717347523, 41.43568285609793], [-90.96933037365186, 41.43513258950626]]}}, {"id": "10071", "type": "Feature", "properties": {}, "geometry": {"type": "LineString", "coordinates": [[-90.96933037365186, 41.43513258950626], [-90.96940577374524, 41.43478725579823]]}}, {"id": "10072", "type": "Feature", "properties": {}, "geometry": {"type": "LineString", "coordinates": [[-90.96940577374524, 41.43478725579823], [-90.97497824174326, 41.4370711896631]]}}, {"id": "10073", "type": "Feature", "properties": {}, "geometry": {"type": "LineString", "coordinates": [[-90.98887457911395, 41.43802238881098], [-90.99703538180472, 41.43676718812697]]}}, {"id": "10074", "type": "Feature", "properties": {}, "geometry": {"type": "LineString", "coordinates": [[-90.97497824174326, 41.4370711896631], [-90.98887457911395, 41.43802238881098]]}}, {"id": "10077", "type": "Feature", "properties": {}, "geometry": {"type": "LineString", "coordinates": [[-91.00015504842847, 41.428380186753266], [-91.00635238363978, 41.42902445332405]]}}, {"id": "10078", "type": "Feature", "properties": {}, "geometry": {"type": "LineString", "coordinates": [[-90.98242657710743, 41.429297588117336], [-91.00015504842847, 41.428380186753266]]}}, {"id": "10079", "type": "Feature", "properties": {}, "geometry": {"type": "LineString", "coordinates": [[-90.97519384100468, 41.42659858808428], [-90.98242657710743, 41.429297588117336]]}}, {"id": "10085", "type": "Feature", "properties": {}, "geometry": {"type": "LineString", "coordinates": [[-91.00662805054934, 41.42896805280774], [-91.01006418466453, 41.42704085238611]]}}, {"id": "10086", "type": "Feature", "properties": {}, "geometry": {"type": "LineString", "coordinates": [[-91.01006418466453, 41.42704085238611], [-91.03456185691012, 41.42193485018014]]}}, {"id": "10090", "type": "Feature", "properties": {}, "geometry": {"type": "LineString", "coordinates": [[-90.17371079195188, 41.86306677403263], [-90.18390705849883, 41.83035016756411]]}}, {"id": "10091", "type": "Feature", "properties": {}, "geometry": {"type": "LineString", "coordinates": [[-90.1702753926586, 41.873657508773576], [-90.17371079195188, 41.86306677403263]]}}, {"id": "10094", "type": "Feature", "properties": {}, "geometry": {"type": "LineString", "coordinates": [[-90.2611838079584, 41.77362455399666], [-90.28416568006158, 41.76526888477673]]}}, {"id": "10097", "type": "Feature", "properties": {}, "geometry": {"type": "LineString", "coordinates": [[-90.31613001959137, 41.73257487747892], [-90.31646648537767, 41.728426676184604]]}}, {"id": "10101", "type": "Feature", "properties": {}, "geometry": {"type": "LineString", "coordinates": [[-90.9129510239506, 41.42830279202817], [-90.91517622457121, 41.42758585844195]]}}, {"id": "10102", "type": "Feature", "properties": {}, "geometry": {"type": "LineString", "coordinates": [[-90.9174303581305, 41.42646745786983], [-90.92053902578192, 41.4260539906786]]}}, {"id": "10103", "type": "Feature", "properties": {}, "geometry": {"type": "LineString", "coordinates": [[-90.92053902578192, 41.4260539906786], [-90.93269916225356, 41.42318039000497]]}}, {"id": "10104", "type": "Feature", "properties": {}, "geometry": {"type": "LineString", "coordinates": [[-90.91517622457121, 41.42758585844195], [-90.9174303581305, 41.42646745786983]]}}, {"id": "10105", "type": "Feature", "properties": {}, "geometry": {"type": "LineString", "coordinates": [[-91.00635238363978, 41.42902445332405], [-91.00662805054934, 41.42896805280774]]}}, {"id": "10106", "type": "Feature", "properties": {}, "geometry": {"type": "LineString", "coordinates": [[-90.18390705849883, 41.83035016756411], [-90.18222505745241, 41.82866236745787]]}}, {"id": "10107", "type": "Feature", "properties": {}, "geometry": {"type": "LineString", "coordinates": [[-90.18222505745241, 41.82866236745787], [-90.18258645597945, 41.806785097600645]]}}, {"id": "10108", "type": "Feature", "properties": {}, "geometry": {"type": "LineString", "coordinates": [[-91.06776379283043, 41.356450570755804], [-91.07180239197238, 41.33540523334493]]}}, {"id": "10109", "type": "Feature", "properties": {}, "geometry": {"type": "LineString", "coordinates": [[-91.03456185691012, 41.42193485018014], [-91.05845406285759, 41.40662144647641], [-91.0501065911491, 41.38630504315379], [-91.06776379283043, 41.356450570755804]]}}, {"id": "10117", "type": "Feature", "properties": {}, "geometry": {"type": "LineString", "coordinates": [[-90.91517622457121, 41.42758585844195], [-90.92184235908829, 41.42869939094501]]}}, {"id": "10119", "type": "Feature", "properties": {}, "geometry": {"type": "LineString", "coordinates": [[-90.92184235908829, 41.42869939094501], [-90.92757216161841, 41.42959345742102]]}}, {"id": "10120", "type": "Feature", "properties": {}, "geometry": {"type": "LineString", "coordinates": [[-90.92757216161841, 41.42959345742102], [-90.95164803531225, 41.43310525674303]]}}, {"id": "10121", "type": "Feature", "properties": {}, "geometry": {"type": "LineString", "coordinates": [[-90.89267761824313, 41.43313286051623], [-90.9129510239506, 41.42830279202817]]}}, {"id": "10122", "type": "Feature", "properties": {}, "geometry": {"type": "LineString", "coordinates": [[-90.82773853571155, 41.45441766766602], [-90.83258433671328, 41.45474726766738]]}}, {"id": "10123", "type": "Feature", "properties": {}, "geometry": {"type": "LineString", "coordinates": [[-90.80488512898222, 41.45443286879289], [-90.81476053168274, 41.454542668517725]]}}, {"id": "10124", "type": "Feature", "properties": {}, "geometry": {"type": "LineString", "coordinates": [[-90.819196199655, 41.45447526805502], [-90.82773853571155, 41.45441766766602]]}}, {"id": "10125", "type": "Feature", "properties": {}, "geometry": {"type": "LineString", "coordinates": [[-90.81476053168274, 41.454542668517725], [-90.819196199655, 41.45447526805502]]}}, {"id": "10126", "type": "Feature", "properties": {}, "geometry": {"type": "LineString", "coordinates": [[-90.68838889631365, 41.45663727657377], [-90.70978630195238, 41.454032474311724]]}}, {"id": "10127", "type": "Feature", "properties": {}, "geometry": {"type": "LineString", "coordinates": [[-90.28416568006158, 41.76526888477673], [-90.31613001959137, 41.73257487747892]]}}, {"id": "10137", "type": "Feature", "properties": {}, "geometry": {"type": "LineString", "coordinates": [[-90.96431483867212, 41.434518789754534], [-90.96747717347523, 41.43568285609793]]}}, {"id": "10138", "type": "Feature", "properties": {}, "geometry": {"type": "LineString", "coordinates": [[-90.96367623891307, 41.433579189930036], [-90.96431483867212, 41.434518789754534]]}}, {"id": "10151", "type": "Feature", "properties": {}, "geometry": {"type": "LineString", "coordinates": [[-90.31650988568397, 41.72789147639052], [-90.31848761841013, 41.71696694088941]]}}, {"id": "10152", "type": "Feature", "properties": {}, "geometry": {"type": "LineString", "coordinates": [[-90.31646648537767, 41.728426676184604], [-90.31650988568397, 41.72789147639052]]}}, {"id": "10261", "type": "Feature", "properties": {}, "geometry": {"type": "LineString", "coordinates": [[-91.41126704035257, 42.13444714383334], [-91.39716463484557, 42.12642687638379]]}}, {"id": "10262", "type": "Feature", "properties": {}, "geometry": {"type": "LineString", "coordinates": [[-91.38759223209377, 42.124608876855646], [-91.383352965487, 42.13063414516676], [-91.36908962589854, 42.11683127678376], [-91.35897622354665, 42.11767714413046]]}}, {"id": "10263", "type": "Feature", "properties": {}, "geometry": {"type": "LineString", "coordinates": [[-91.41219444039064, 42.13703127772401], [-91.41126704035257, 42.13444714383334]]}}, {"id": "10264", "type": "Feature", "properties": {}, "geometry": {"type": "LineString", "coordinates": [[-91.39716463484557, 42.12642687638379], [-91.38759223209377, 42.124608876855646]]}}, {"id": "10265", "type": "Feature", "properties": {}, "geometry": {"type": "LineString", "coordinates": [[-91.4371496506616, 42.167820281017036], [-91.43413098342187, 42.1655691474518]]}}, {"id": "10266", "type": "Feature", "properties": {}, "geometry": {"type": "LineString", "coordinates": [[-91.42296077871522, 42.1546967465612], [-91.4224737786435, 42.154405479359454]]}}, {"id": "10267", "type": "Feature", "properties": {}, "geometry": {"type": "LineString", "coordinates": [[-91.413241374752, 42.14196927841009], [-91.41172844113363, 42.1427212787354]]}}, {"id": "10268", "type": "Feature", "properties": {}, "geometry": {"type": "LineString", "coordinates": [[-91.4224737786435, 42.154405479359454], [-91.41408697599694, 42.148578678975696]]}}, {"id": "10269", "type": "Feature", "properties": {}, "geometry": {"type": "LineString", "coordinates": [[-91.41455277492963, 42.14288854493798], [-91.413241374752, 42.14196927841009]]}}, {"id": "10270", "type": "Feature", "properties": {}, "geometry": {"type": "LineString", "coordinates": [[-91.43413098342187, 42.1655691474518], [-91.42296077871522, 42.1546967465612]]}}, {"id": "10271", "type": "Feature", "properties": {}, "geometry": {"type": "LineString", "coordinates": [[-91.41408697599694, 42.148578678975696], [-91.41455277492963, 42.14288854493798]]}}, {"id": "10272", "type": "Feature", "properties": {}, "geometry": {"type": "LineString", "coordinates": [[-91.41172844113363, 42.1427212787354], [-91.41219444039064, 42.13703127772401]]}}, {"id": "10273", "type": "Feature", "properties": {}, "geometry": {"type": "LineString", "coordinates": [[-91.47346319621586, 42.184976347935766], [-91.45936885847841, 42.179380148067565], [-91.45783438954776, 42.16361627866448]]}}, {"id": "10274", "type": "Feature", "properties": {}, "geometry": {"type": "LineString", "coordinates": [[-91.44092498593311, 42.172825481592405], [-91.4371496506616, 42.167820281017036]]}}, {"id": "10275", "type": "Feature", "properties": {}, "geometry": {"type": "LineString", "coordinates": [[-91.45783438954776, 42.16361627866448], [-91.45142745492275, 42.163659745933955], [-91.45080658880572, 42.173171347442576], [-91.44092498593311, 42.172825481592405]]}}, {"id": "10276", "type": "Feature", "properties": {}, "geometry": {"type": "LineString", "coordinates": [[-91.47907199747384, 42.18174834725075], [-91.47346319621586, 42.184976347935766]]}}, {"id": "10277", "type": "Feature", "properties": {}, "geometry": {"type": "LineString", "coordinates": [[-91.49099380101914, 42.18417827999896], [-91.47907199747384, 42.18174834725075]]}}, {"id": "10278", "type": "Feature", "properties": {}, "geometry": {"type": "LineString", "coordinates": [[-91.50791207190396, 42.175837477882745], [-91.49099380101914, 42.18417827999896]]}}, {"id": "10279", "type": "Feature", "properties": {}, "geometry": {"type": "LineString", "coordinates": [[-91.51836940953373, 42.186807478690994], [-91.50791207190396, 42.175837477882745]]}}, {"id": "10280", "type": "Feature", "properties": {}, "geometry": {"type": "LineString", "coordinates": [[-91.5648924942433, 42.23513708359828], [-91.55529769110154, 42.23051128401064]]}}, {"id": "10281", "type": "Feature", "properties": {}, "geometry": {"type": "LineString", "coordinates": [[-91.55529769110154, 42.23051128401064], [-91.5190618102935, 42.19596208066502], [-91.51836940953373, 42.186807478690994]]}}, {"id": "10282", "type": "Feature", "properties": {}, "geometry": {"type": "LineString", "coordinates": [[-91.57597563243596, 42.24518415120523], [-91.56307009460282, 42.23930448503338]]}}, {"id": "10283", "type": "Feature", "properties": {}, "geometry": {"type": "LineString", "coordinates": [[-91.56307009460282, 42.23930448503338], [-91.5648924942433, 42.23513708359828]]}}, {"id": "10284", "type": "Feature", "properties": {}, "geometry": {"type": "LineString", "coordinates": [[-91.60914350783396, 42.24496974951368], [-91.57634123238356, 42.245196551459465]]}}, {"id": "10285", "type": "Feature", "properties": {}, "geometry": {"type": "LineString", "coordinates": [[-91.57634123238356, 42.245196551459465], [-91.57597563243596, 42.24518415120523]]}}, {"id": "10286", "type": "Feature", "properties": {}, "geometry": {"type": "LineString", "coordinates": [[-91.65297792411837, 42.27769648525298], [-91.63873445256904, 42.2727926855332]]}}, {"id": "10287", "type": "Feature", "properties": {}, "geometry": {"type": "LineString", "coordinates": [[-91.63481411843087, 42.26843615163355], [-91.62013964688632, 42.268169285889286], [-91.62387984725045, 42.25822475033037], [-91.60914350783396, 42.24496974951368]]}}, {"id": "10288", "type": "Feature", "properties": {}, "geometry": {"type": "LineString", "coordinates": [[-91.63873445256904, 42.2727926855332], [-91.63481411843087, 42.26843615163355]]}}, {"id": "10289", "type": "Feature", "properties": {}, "geometry": {"type": "LineString", "coordinates": [[-91.66724152870984, 42.27827928457444], [-91.65297792411837, 42.27769648525298]]}}, {"id": "10290", "type": "Feature", "properties": {}, "geometry": {"type": "LineString", "coordinates": [[-91.7070909420371, 42.30068695209008], [-91.70882034089284, 42.28899488339063], [-91.70334974005142, 42.28854508390314]]}}, {"id": "10291", "type": "Feature", "properties": {}, "geometry": {"type": "LineString", "coordinates": [[-91.70334974005142, 42.28854508390314], [-91.67122546357012, 42.28935615247355], [-91.66724152870984, 42.27827928457444]]}}, {"id": "10292", "type": "Feature", "properties": {}, "geometry": {"type": "LineString", "coordinates": [[-91.71455747816727, 42.30892368681246], [-91.7070909420371, 42.30068695209008]]}}, {"id": "10293", "type": "Feature", "properties": {}, "geometry": {"type": "LineString", "coordinates": [[-91.71407887914008, 42.312795954072534], [-91.71455747816727, 42.30892368681246]]}}, {"id": "10294", "type": "Feature", "properties": {}, "geometry": {"type": "LineString", "coordinates": [[-91.73402161948302, 42.326350688162734], [-91.7150446794616, 42.31446108734456]]}}, {"id": "10295", "type": "Feature", "properties": {}, "geometry": {"type": "LineString", "coordinates": [[-91.7150446794616, 42.31446108734456], [-91.71407887914008, 42.312795954072534]]}}, {"id": "10296", "type": "Feature", "properties": {}, "geometry": {"type": "LineString", "coordinates": [[-91.73796568711101, 42.32782315477072], [-91.73402161948302, 42.326350688162734]]}}, {"id": "10297", "type": "Feature", "properties": {}, "geometry": {"type": "LineString", "coordinates": [[-91.73948175584971, 42.34199515668855], [-91.73796568711101, 42.32782315477072]]}}, {"id": "10298", "type": "Feature", "properties": {}, "geometry": {"type": "LineString", "coordinates": [[-91.73647855580255, 42.352079758630076], [-91.73182975354598, 42.34413835746433], [-91.73948175584971, 42.34199515668855]]}}, {"id": "10299", "type": "Feature", "properties": {}, "geometry": {"type": "LineString", "coordinates": [[-91.73807755700828, 42.35239869193777], [-91.73647855580255, 42.352079758630076]]}}, {"id": "10300", "type": "Feature", "properties": {}, "geometry": {"type": "LineString", "coordinates": [[-91.74933509502851, 42.36532609361356], [-91.73807755700828, 42.35239869193777]]}}, {"id": "10301", "type": "Feature", "properties": {}, "geometry": {"type": "LineString", "coordinates": [[-91.75321649618228, 42.37236909450835], [-91.74933509502851, 42.36532609361356]]}}, {"id": "10302", "type": "Feature", "properties": {}, "geometry": {"type": "LineString", "coordinates": [[-91.7612725660907, 42.378675494981245], [-91.75321649618228, 42.37236909450835]]}}, {"id": "10303", "type": "Feature", "properties": {}, "geometry": {"type": "LineString", "coordinates": [[-91.77077477179127, 42.4049709648533], [-91.75714836558701, 42.383106562548335], [-91.7612725660907, 42.378675494981245]]}}, {"id": "10304", "type": "Feature", "properties": {}, "geometry": {"type": "LineString", "coordinates": [[-91.77627737331804, 42.4061952983327], [-91.77077477179127, 42.4049709648533]]}}, {"id": "10305", "type": "Feature", "properties": {}, "geometry": {"type": "LineString", "coordinates": [[-91.77762510675566, 42.405529698238354], [-91.77627737331804, 42.4061952983327]]}}, {"id": "10323", "type": "Feature", "properties": {}, "geometry": {"type": "LineString", "coordinates": [[-91.87265694012656, 42.4575351667699], [-91.86620520472171, 42.45449590029602]]}}, {"id": "10324", "type": "Feature", "properties": {}, "geometry": {"type": "LineString", "coordinates": [[-91.84650319670523, 42.43659496534884], [-91.84404612923169, 42.43218116448325]]}}, {"id": "10325", "type": "Feature", "properties": {}, "geometry": {"type": "LineString", "coordinates": [[-91.7909919106226, 42.40176616306067], [-91.79370517671686, 42.3946368953872]]}}, {"id": "10326", "type": "Feature", "properties": {}, "geometry": {"type": "LineString", "coordinates": [[-91.8432803936054, 42.418196895854535], [-91.84174072612419, 42.41684936229216]]}}, {"id": "10327", "type": "Feature", "properties": {}, "geometry": {"type": "LineString", "coordinates": [[-91.84174072612419, 42.41684936229216], [-91.82069131884337, 42.40524449536938]]}}, {"id": "10328", "type": "Feature", "properties": {}, "geometry": {"type": "LineString", "coordinates": [[-91.84395279517199, 42.42606776362851], [-91.8432803936054, 42.418196895854535]]}}, {"id": "10329", "type": "Feature", "properties": {}, "geometry": {"type": "LineString", "coordinates": [[-91.79370517671686, 42.3946368953872], [-91.77762510675566, 42.405529698238354]]}}, {"id": "10330", "type": "Feature", "properties": {}, "geometry": {"type": "LineString", "coordinates": [[-91.86307840367799, 42.453581300080714], [-91.86001106841113, 42.44613409958547]]}}, {"id": "10331", "type": "Feature", "properties": {}, "geometry": {"type": "LineString", "coordinates": [[-91.82069131884337, 42.40524449536938], [-91.80780818140015, 42.39818176176295], [-91.79715657949693, 42.40737209729575], [-91.79099071047337, 42.401776163016606]]}}, {"id": "10332", "type": "Feature", "properties": {}, "geometry": {"type": "LineString", "coordinates": [[-91.86001106841113, 42.44613409958547], [-91.84650319670523, 42.43659496534884]]}}, {"id": "10333", "type": "Feature", "properties": {}, "geometry": {"type": "LineString", "coordinates": [[-91.79099071047337, 42.401776163016606], [-91.7909919106226, 42.40176616306067]]}}, {"id": "10334", "type": "Feature", "properties": {}, "geometry": {"type": "LineString", "coordinates": [[-91.84404612923169, 42.43218116448325], [-91.84395279517199, 42.42606776362851]]}}, {"id": "10335", "type": "Feature", "properties": {}, "geometry": {"type": "LineString", "coordinates": [[-91.86620520472171, 42.45449590029602], [-91.86307840367799, 42.453581300080714]]}}, {"id": "10336", "type": "Feature", "properties": {}, "geometry": {"type": "LineString", "coordinates": [[-91.88052594216526, 42.45809929977367], [-91.87265694012656, 42.4575351667699]]}}, {"id": "10337", "type": "Feature", "properties": {}, "geometry": {"type": "LineString", "coordinates": [[-91.8907189451328, 42.459514366174844], [-91.88052594216526, 42.45809929977367]]}}, {"id": "10338", "type": "Feature", "properties": {}, "geometry": {"type": "LineString", "coordinates": [[-91.89484941318223, 42.45808449921331], [-91.8907189451328, 42.459514366174844]]}}, {"id": "10339", "type": "Feature", "properties": {}, "geometry": {"type": "LineString", "coordinates": [[-91.89536561299225, 42.4608212994114], [-91.89484941318223, 42.45808449921331]]}}, {"id": "10340", "type": "Feature", "properties": {}, "geometry": {"type": "LineString", "coordinates": [[-91.89487461362089, 42.469171567525414], [-91.89536561299225, 42.4608212994114]]}}, {"id": "10365", "type": "Feature", "properties": {}, "geometry": {"type": "LineString", "coordinates": [[-91.95890196902118, 42.497603301517124], [-91.95494756717417, 42.49541496769635]]}}, {"id": "10366", "type": "Feature", "properties": {}, "geometry": {"type": "LineString", "coordinates": [[-91.9594403024215, 42.49887316820616], [-91.95890196902118, 42.497603301517124]]}}, {"id": "10367", "type": "Feature", "properties": {}, "geometry": {"type": "LineString", "coordinates": [[-91.98256924490633, 42.521217570108796], [-91.97553637497116, 42.51253216937306]]}}, {"id": "10368", "type": "Feature", "properties": {}, "geometry": {"type": "LineString", "coordinates": [[-91.98501444563497, 42.52258770347913], [-91.98256924490633, 42.521217570108796]]}}, {"id": "10369", "type": "Feature", "properties": {}, "geometry": {"type": "LineString", "coordinates": [[-91.98612704594528, 42.522289303335135], [-91.98501444563497, 42.52258770347913]]}}, {"id": "10370", "type": "Feature", "properties": {}, "geometry": {"type": "LineString", "coordinates": [[-91.99465624773408, 42.519604702563186], [-91.98612704594528, 42.522289303335135]]}}, {"id": "10371", "type": "Feature", "properties": {}, "geometry": {"type": "LineString", "coordinates": [[-92.00018184972541, 42.52126596899845], [-91.99465624773408, 42.519604702563186]]}}, {"id": "10372", "type": "Feature", "properties": {}, "geometry": {"type": "LineString", "coordinates": [[-92.01161265300101, 42.522281768300594], [-92.00018184972541, 42.52126596899845]]}}, {"id": "10373", "type": "Feature", "properties": {}, "geometry": {"type": "LineString", "coordinates": [[-92.02007525638956, 42.52816830244622], [-92.01161265300101, 42.522281768300594]]}}, {"id": "10374", "type": "Feature", "properties": {}, "geometry": {"type": "LineString", "coordinates": [[-92.03153879337583, 42.53437690263999], [-92.02007525638956, 42.52816830244622]]}}, {"id": "10375", "type": "Feature", "properties": {}, "geometry": {"type": "LineString", "coordinates": [[-92.03178526054707, 42.53468370265421], [-92.03153879337583, 42.53437690263999]]}}, {"id": "10376", "type": "Feature", "properties": {}, "geometry": {"type": "LineString", "coordinates": [[-92.03694719486697, 42.53721750262771], [-92.0361457943273, 42.535249702476904]]}}, {"id": "10377", "type": "Feature", "properties": {}, "geometry": {"type": "LineString", "coordinates": [[-92.0361457943273, 42.535249702476904], [-92.03178526054707, 42.53468370265421]]}}, {"id": "10435", "type": "Feature", "properties": {}, "geometry": {"type": "LineString", "coordinates": [[-92.06227460231294, 42.54066530174709], [-92.04319226385756, 42.539097702807496]]}}, {"id": "10436", "type": "Feature", "properties": {}, "geometry": {"type": "LineString", "coordinates": [[-92.03805719545285, 42.539665703222255], [-92.03694719486697, 42.53721750262771]]}}, {"id": "10437", "type": "Feature", "properties": {}, "geometry": {"type": "LineString", "coordinates": [[-92.04319226385756, 42.539097702807496], [-92.03805719545285, 42.539665703222255]]}}, {"id": "10438", "type": "Feature", "properties": {}, "geometry": {"type": "LineString", "coordinates": [[-92.07659360690631, 42.543142701038086], [-92.06227460231294, 42.54066530174709]]}}, {"id": "10439", "type": "Feature", "properties": {}, "geometry": {"type": "LineString", "coordinates": [[-92.08107180920896, 42.55268256910284], [-92.07659360690631, 42.543142701038086]]}}, {"id": "10440", "type": "Feature", "properties": {}, "geometry": {"type": "LineString", "coordinates": [[-92.09876508184222, 42.55872676895955], [-92.08107180920896, 42.55268256910284]]}}, {"id": "10441", "type": "Feature", "properties": {}, "geometry": {"type": "LineString", "coordinates": [[-92.09857588227034, 42.566686503702456], [-92.09876508184222, 42.55872676895955]]}}, {"id": "10442", "type": "Feature", "properties": {}, "geometry": {"type": "LineString", "coordinates": [[-92.10863168554452, 42.569822103194305], [-92.09857588227034, 42.566686503702456]]}}, {"id": "10443", "type": "Feature", "properties": {}, "geometry": {"type": "LineString", "coordinates": [[-92.11002348673671, 42.57265857059365], [-92.10863168554452, 42.569822103194305]]}}, {"id": "10444", "type": "Feature", "properties": {}, "geometry": {"type": "LineString", "coordinates": [[-92.11324108769274, 42.57691337082682], [-92.11002348673671, 42.57265857059365]]}}, {"id": "10445", "type": "Feature", "properties": {}, "geometry": {"type": "LineString", "coordinates": [[-92.1143240220391, 42.578125771079364], [-92.11324108769274, 42.57691337082682]]}}, {"id": "10446", "type": "Feature", "properties": {}, "geometry": {"type": "LineString", "coordinates": [[-92.11648962303387, 42.583524105224036], [-92.1143240220391, 42.578125771079364]]}}, {"id": "10447", "type": "Feature", "properties": {}, "geometry": {"type": "LineString", "coordinates": [[-92.11843909026962, 42.586543505282116], [-92.11648962303387, 42.583524105224036]]}}, {"id": "10448", "type": "Feature", "properties": {}, "geometry": {"type": "LineString", "coordinates": [[-92.11995529195899, 42.5921245726306], [-92.11843909026962, 42.586543505282116]]}}, {"id": "10449", "type": "Feature", "properties": {}, "geometry": {"type": "LineString", "coordinates": [[-92.11917969283087, 42.604750374789475], [-92.11995529195899, 42.5921245726306]]}}, {"id": "10450", "type": "Feature", "properties": {}, "geometry": {"type": "LineString", "coordinates": [[-92.12078949358296, 42.607060775235944], [-92.11917969283087, 42.604750374789475]]}}, {"id": "10451", "type": "Feature", "properties": {}, "geometry": {"type": "LineString", "coordinates": [[-92.12351402814416, 42.61209277571552], [-92.12078949358296, 42.607060775235944]]}}, {"id": "10452", "type": "Feature", "properties": {}, "geometry": {"type": "LineString", "coordinates": [[-92.12766349646014, 42.61694197614744], [-92.12351402814416, 42.61209277571552]]}}, {"id": "10453", "type": "Feature", "properties": {}, "geometry": {"type": "LineString", "coordinates": [[-92.13441563298757, 42.625496310493205], [-92.12766349646014, 42.61694197614744]]}}, {"id": "10454", "type": "Feature", "properties": {}, "geometry": {"type": "LineString", "coordinates": [[-92.14287190235505, 42.62773697694502], [-92.13441563298757, 42.625496310493205]]}}, {"id": "10455", "type": "Feature", "properties": {}, "geometry": {"type": "LineString", "coordinates": [[-92.14584830386066, 42.63853257820769], [-92.1455693042014, 42.637343178371445]]}}, {"id": "10456", "type": "Feature", "properties": {}, "geometry": {"type": "LineString", "coordinates": [[-92.1441438368473, 42.63542211155384], [-92.14287190235505, 42.62773697694502]]}}, {"id": "10457", "type": "Feature", "properties": {}, "geometry": {"type": "LineString", "coordinates": [[-92.1455693042014, 42.637343178371445], [-92.1441438368473, 42.63542211155384]]}}, {"id": "10458", "type": "Feature", "properties": {}, "geometry": {"type": "LineString", "coordinates": [[-92.14922723954678, 42.644456112543786], [-92.14584830386066, 42.63853257820769]]}}, {"id": "10459", "type": "Feature", "properties": {}, "geometry": {"type": "LineString", "coordinates": [[-92.14749283887151, 42.646949513280866], [-92.14922723954678, 42.644456112543786]]}}, {"id": "10460", "type": "Feature", "properties": {}, "geometry": {"type": "LineString", "coordinates": [[-92.1427229050871, 42.6534003811034], [-92.14749283887151, 42.646949513280866]]}}, {"id": "10461", "type": "Feature", "properties": {}, "geometry": {"type": "LineString", "coordinates": [[-92.14439683926224, 42.65552731434348], [-92.14455130547366, 42.65399478106889]]}}, {"id": "10462", "type": "Feature", "properties": {}, "geometry": {"type": "LineString", "coordinates": [[-92.14455130547366, 42.65399478106889], [-92.1427229050871, 42.6534003811034]]}}, {"id": "10463", "type": "Feature", "properties": {}, "geometry": {"type": "LineString", "coordinates": [[-92.14378104054173, 42.671950117024515], [-92.14439683926224, 42.65552731434348]]}}, {"id": "10464", "type": "Feature", "properties": {}, "geometry": {"type": "LineString", "coordinates": [[-92.14765544202277, 42.67144631690916], [-92.14378104054173, 42.671950117024515]]}}, {"id": "10465", "type": "Feature", "properties": {}, "geometry": {"type": "LineString", "coordinates": [[-92.16572864722399, 42.675810516670445], [-92.14839924168814, 42.67144611678115]]}}, {"id": "10466", "type": "Feature", "properties": {}, "geometry": {"type": "LineString", "coordinates": [[-92.16582404830716, 42.67990458355436], [-92.16572864722399, 42.675810516670445]]}}, {"id": "10467", "type": "Feature", "properties": {}, "geometry": {"type": "LineString", "coordinates": [[-92.16718991513709, 42.683083383915054], [-92.16582404830716, 42.67990458355436]]}}, {"id": "10468", "type": "Feature", "properties": {}, "geometry": {"type": "LineString", "coordinates": [[-92.1728656507652, 42.6864209175599], [-92.16718991513709, 42.683083383915054]]}}, {"id": "10469", "type": "Feature", "properties": {}, "geometry": {"type": "LineString", "coordinates": [[-92.17941532050233, 42.69629918575268], [-92.1728656507652, 42.6864209175599]]}}, {"id": "10470", "type": "Feature", "properties": {}, "geometry": {"type": "LineString", "coordinates": [[-92.17761972030172, 42.699936719352266], [-92.17941532050233, 42.69629918575268]]}}, {"id": "10471", "type": "Feature", "properties": {}, "geometry": {"type": "LineString", "coordinates": [[-92.17827185407886, 42.7011485859629], [-92.17761972030172, 42.699936719352266]]}}, {"id": "10472", "type": "Feature", "properties": {}, "geometry": {"type": "LineString", "coordinates": [[-92.17619585374545, 42.70339112011878], [-92.17827185407886, 42.7011485859629]]}}, {"id": "10473", "type": "Feature", "properties": {}, "geometry": {"type": "LineString", "coordinates": [[-92.1749581199127, 42.70709698738316], [-92.17619585374545, 42.70339112011878]]}}, {"id": "10474", "type": "Feature", "properties": {}, "geometry": {"type": "LineString", "coordinates": [[-92.17252132202523, 42.72637952371194], [-92.1749581199127, 42.70709698738316]]}}, {"id": "10475", "type": "Feature", "properties": {}, "geometry": {"type": "LineString", "coordinates": [[-92.17541312379065, 42.73557332548701], [-92.17252132202523, 42.72637952371194]]}}, {"id": "10476", "type": "Feature", "properties": {}, "geometry": {"type": "LineString", "coordinates": [[-92.17839732536785, 42.74236519253685], [-92.17541312379065, 42.73557332548701]]}}, {"id": "10477", "type": "Feature", "properties": {}, "geometry": {"type": "LineString", "coordinates": [[-92.17622925849763, 42.748152927133276], [-92.17839732536785, 42.74236519253685]]}}, {"id": "10478", "type": "Feature", "properties": {}, "geometry": {"type": "LineString", "coordinates": [[-92.17853905975676, 42.753982527761366], [-92.17622925849763, 42.748152927133276]]}}, {"id": "10479", "type": "Feature", "properties": {}, "geometry": {"type": "LineString", "coordinates": [[-92.18611826348817, 42.76042879520811], [-92.17853905975676, 42.753982527761366]]}}, {"id": "10480", "type": "Feature", "properties": {}, "geometry": {"type": "LineString", "coordinates": [[-92.18705033027413, 42.76138899537306], [-92.18611826348817, 42.76042879520811]]}}, {"id": "10481", "type": "Feature", "properties": {}, "geometry": {"type": "LineString", "coordinates": [[-92.1949375321805, 42.76392319491527], [-92.18705033027413, 42.76138899537306]]}}, {"id": "10482", "type": "Feature", "properties": {}, "geometry": {"type": "LineString", "coordinates": [[-92.20219367029472, 42.78297133061465], [-92.1949375321805, 42.76392319491527]]}}, {"id": "10483", "type": "Feature", "properties": {}, "geometry": {"type": "LineString", "coordinates": [[-92.22125167698235, 42.798281532392906], [-92.21131134135814, 42.797305799175525]]}}, {"id": "10484", "type": "Feature", "properties": {}, "geometry": {"type": "LineString", "coordinates": [[-92.21131134135814, 42.797305799175525], [-92.20219367029472, 42.78297133061465]]}}, {"id": "10485", "type": "Feature", "properties": {}, "geometry": {"type": "LineString", "coordinates": [[-92.23957735099918, 42.81573920055178], [-92.22125167698235, 42.798281532392906]]}}, {"id": "10486", "type": "Feature", "properties": {}, "geometry": {"type": "LineString", "coordinates": [[-92.2418215527847, 42.81973973399169], [-92.23957735099918, 42.81573920055178]]}}, {"id": "10527", "type": "Feature", "properties": {}, "geometry": {"type": "LineString", "coordinates": [[-92.25786569193114, 42.83700380279239], [-92.2418215527847, 42.81973973399169]]}}, {"id": "10528", "type": "Feature", "properties": {}, "geometry": {"type": "LineString", "coordinates": [[-92.26860196274485, 42.846757936571855], [-92.25786569193114, 42.83700380279239]]}}, {"id": "10529", "type": "Feature", "properties": {}, "geometry": {"type": "LineString", "coordinates": [[-92.27376449803768, 42.84523033580985], [-92.26860196274485, 42.846757936571855]]}}, {"id": "10530", "type": "Feature", "properties": {}, "geometry": {"type": "LineString", "coordinates": [[-92.27820936565676, 42.84527993589624], [-92.27376449803768, 42.84523033580985]]}}, {"id": "10531", "type": "Feature", "properties": {}, "geometry": {"type": "LineString", "coordinates": [[-92.29202657043412, 42.85604080343572], [-92.27820936565676, 42.84527993589624]]}}, {"id": "10532", "type": "Feature", "properties": {}, "geometry": {"type": "LineString", "coordinates": [[-92.29864857251792, 42.85597693650562], [-92.29202657043412, 42.85604080343572]]}}, {"id": "10533", "type": "Feature", "properties": {}, "geometry": {"type": "LineString", "coordinates": [[-92.30358190805589, 42.86416840372458], [-92.29864857251792, 42.85597693650562]]}}, {"id": "10534", "type": "Feature", "properties": {}, "geometry": {"type": "LineString", "coordinates": [[-92.30929071156794, 42.87531060488419], [-92.30358190805589, 42.86416840372458]]}}, {"id": "10535", "type": "Feature", "properties": {}, "geometry": {"type": "LineString", "coordinates": [[-92.31052597952522, 42.88327100628201], [-92.30929071156794, 42.87531060488419]]}}, {"id": "10536", "type": "Feature", "properties": {}, "geometry": {"type": "LineString", "coordinates": [[-92.31245231334577, 42.88521620683445], [-92.31052597952522, 42.88327100628201]]}}, {"id": "10537", "type": "Feature", "properties": {}, "geometry": {"type": "LineString", "coordinates": [[-92.3139997808986, 42.89274214076814], [-92.31860691569902, 42.889199206852744], [-92.31245231334577, 42.88521620683445]]}}, {"id": "10538", "type": "Feature", "properties": {}, "geometry": {"type": "LineString", "coordinates": [[-92.31523998240344, 42.8968139416979], [-92.3139997808986, 42.89274214076814]]}}, {"id": "10539", "type": "Feature", "properties": {}, "geometry": {"type": "LineString", "coordinates": [[-92.31794551669806, 42.89775314132111], [-92.31523998240344, 42.8968139416979]]}}, {"id": "10540", "type": "Feature", "properties": {}, "geometry": {"type": "LineString", "coordinates": [[-92.3288269867027, 42.90658700911033], [-92.31794551669806, 42.89775314132111]]}}, {"id": "10541", "type": "Feature", "properties": {}, "geometry": {"type": "LineString", "coordinates": [[-92.3359791232632, 42.91274234244413], [-92.3288269867027, 42.90658700911033]]}}, {"id": "10542", "type": "Feature", "properties": {}, "geometry": {"type": "LineString", "coordinates": [[-92.33509659137864, 42.92918714509312], [-92.3359791232632, 42.91274234244413]]}}, {"id": "10543", "type": "Feature", "properties": {}, "geometry": {"type": "LineString", "coordinates": [[-92.3429047945406, 42.93664601280781], [-92.33509659137864, 42.92918714509312]]}}, {"id": "10544", "type": "Feature", "properties": {}, "geometry": {"type": "LineString", "coordinates": [[-92.3545729991896, 42.950578147391255], [-92.3429047945406, 42.93664601280781]]}}, {"id": "10545", "type": "Feature", "properties": {}, "geometry": {"type": "LineString", "coordinates": [[-92.36185700214563, 42.95805854794585], [-92.3545729991896, 42.950578147391255]]}}, {"id": "10546", "type": "Feature", "properties": {}, "geometry": {"type": "LineString", "coordinates": [[-92.3589277361413, 42.96441654922239], [-92.36185700214563, 42.95805854794585]]}}, {"id": "10547", "type": "Feature", "properties": {}, "geometry": {"type": "LineString", "coordinates": [[-92.36717913931835, 42.97365795034993], [-92.3589277361413, 42.96441654922239]]}}, {"id": "10548", "type": "Feature", "properties": {}, "geometry": {"type": "LineString", "coordinates": [[-92.36945160749259, 42.98310428480473], [-92.36717913931835, 42.97365795034993]]}}, {"id": "10549", "type": "Feature", "properties": {}, "geometry": {"type": "LineString", "coordinates": [[-92.37561940969064, 42.98982888534139], [-92.36945160749259, 42.98310428480473]]}}, {"id": "10641", "type": "Feature", "properties": {}, "geometry": {"type": "LineString", "coordinates": [[-92.11324108769274, 42.57691337082682], [-92.11543948797517, 42.57130977000271]]}}, {"id": "11261", "type": "Feature", "properties": {}, "geometry": {"type": "LineString", "coordinates": [[-92.18705033027413, 42.76138899537306], [-92.18611826348817, 42.76042879520811]]}}, {"id": "11464", "type": "Feature", "properties": {}, "geometry": {"type": "LineString", "coordinates": [[-92.01161265300101, 42.522281768300594], [-92.01204985316832, 42.51988050161375]]}}, {"id": "11718", "type": "Feature", "properties": {}, "geometry": {"type": "LineString", "coordinates": [[-91.41297124146459, 42.14222487808735], [-91.41198784135003, 42.142522345271686]]}}, {"id": "11719", "type": "Feature", "properties": {}, "geometry": {"type": "LineString", "coordinates": [[-91.41198784135003, 42.142522345271686], [-91.41172844113363, 42.1427212787354]]}}, {"id": "11720", "type": "Feature", "properties": {}, "geometry": {"type": "LineString", "coordinates": [[-91.413241374752, 42.14196927841009], [-91.41297124146459, 42.14222487808735]]}}, {"id": "11901", "type": "Feature", "properties": {}, "geometry": {"type": "LineString", "coordinates": [[-91.97553637497116, 42.51253216937306], [-91.96130443689175, 42.50527010226426], [-91.96415643700186, 42.500006301054526]]}}, {"id": "11902", "type": "Feature", "properties": {}, "geometry": {"type": "LineString", "coordinates": [[-91.96415643700186, 42.500006301054526], [-91.9594403024215, 42.49887316820616]]}}, {"id": "11903", "type": "Feature", "properties": {}, "geometry": {"type": "LineString", "coordinates": [[-92.14765544202277, 42.67144631690916], [-92.14378104054173, 42.671950117024515]]}}, {"id": "11904", "type": "Feature", "properties": {}, "geometry": {"type": "LineString", "coordinates": [[-92.14839924168814, 42.67144611678115], [-92.14765544202277, 42.67144631690916]]}}, {"id": "11905", "type": "Feature", "properties": {}, "geometry": {"type": "LineString", "coordinates": [[-92.14839924168814, 42.67144611678115], [-92.14765544202277, 42.67144631690916]]}}, {"id": "11906", "type": "Feature", "properties": {}, "geometry": {"type": "LineString", "coordinates": [[-91.35897622354665, 42.11767714413046], [-91.35788335652818, 42.11688767739823]]}}, {"id": "11907", "type": "Feature", "properties": {}, "geometry": {"type": "LineString", "coordinates": [[-91.35788335652818, 42.11688767739823], [-91.34148561712969, 42.105769476503056]]}}, {"id": "11908", "type": "Feature", "properties": {}, "geometry": {"type": "LineString", "coordinates": [[-91.3058242071492, 42.104546745276544], [-91.30057473829307, 42.10240907851988]]}}, {"id": "11909", "type": "Feature", "properties": {}, "geometry": {"type": "LineString", "coordinates": [[-91.32276961164715, 42.105812077763616], [-91.3058242071492, 42.104546745276544]]}}, {"id": "11910", "type": "Feature", "properties": {}, "geometry": {"type": "LineString", "coordinates": [[-91.32866581360896, 42.10520894412426], [-91.32276961164715, 42.105812077763616]]}}, {"id": "11911", "type": "Feature", "properties": {}, "geometry": {"type": "LineString", "coordinates": [[-91.34148561712969, 42.105769476503056], [-91.32866581360896, 42.10520894412426]]}}, {"id": "11940", "type": "Feature", "properties": {}, "geometry": {"type": "LineString", "coordinates": [[-91.95494756717417, 42.49541496769635], [-91.93515302729354, 42.48913536793379]]}}, {"id": "11941", "type": "Feature", "properties": {}, "geometry": {"type": "LineString", "coordinates": [[-91.42324304554717, 42.15351934602315], [-91.42778917934992, 42.149034745383105], [-91.41542997531299, 42.142681344622694]]}}, {"id": "11942", "type": "Feature", "properties": {}, "geometry": {"type": "LineString", "coordinates": [[-91.41542997531299, 42.142681344622694], [-91.41455277492963, 42.14288854493798]]}}, {"id": "11943", "type": "Feature", "properties": {}, "geometry": {"type": "LineString", "coordinates": [[-91.42296077871522, 42.1546967465612], [-91.42324304554717, 42.15351934602315]]}}, {"id": "11944", "type": "Feature", "properties": {}, "geometry": {"type": "LineString", "coordinates": [[-91.43764045150527, 42.16737254754862], [-91.43441058315574, 42.16540734713742]]}}, {"id": "11945", "type": "Feature", "properties": {}, "geometry": {"type": "LineString", "coordinates": [[-91.43441058315574, 42.16540734713742], [-91.43413098342187, 42.1655691474518]]}}, {"id": "11946", "type": "Feature", "properties": {}, "geometry": {"type": "LineString", "coordinates": [[-91.4371496506616, 42.167820281017036], [-91.43764045150527, 42.16737254754862]]}}, {"id": "11961", "type": "Feature", "properties": {}, "geometry": {"type": "LineString", "coordinates": [[-92.11002348673671, 42.57265857059365], [-92.1121902869824, 42.57039436963027]]}}, {"id": "11985", "type": "Feature", "properties": {}, "geometry": {"type": "LineString", "coordinates": [[-91.91515362212078, 42.48929670272983], [-91.91209022147486, 42.488260302923365]]}}, {"id": "11986", "type": "Feature", "properties": {}, "geometry": {"type": "LineString", "coordinates": [[-91.93515302729354, 42.48913536793379], [-91.93139682613757, 42.48497136759598]]}}, {"id": "11988", "type": "Feature", "properties": {}, "geometry": {"type": "LineString", "coordinates": [[-91.91209022147486, 42.488260302923365], [-91.90711741935317, 42.48191330234693]]}}, {"id": "11989", "type": "Feature", "properties": {}, "geometry": {"type": "LineString", "coordinates": [[-91.9008089499648, 42.4801155018807], [-91.89487461362089, 42.469171567525414]]}}, {"id": "11994", "type": "Feature", "properties": {}, "geometry": {"type": "LineString", "coordinates": [[-91.93139682613757, 42.48497136759598], [-91.91515362212078, 42.48929670272983]]}}, {"id": "11995", "type": "Feature", "properties": {}, "geometry": {"type": "LineString", "coordinates": [[-91.90711741935317, 42.48191330234693], [-91.9008089499648, 42.4801155018807]]}}, {"id": "12001", "type": "Feature", "properties": {}, "geometry": {"type": "LineString", "coordinates": [[-90.40165444511788, 41.74476107391449], [-90.37695570475888, 41.742909475110324]]}}, {"id": "12002", "type": "Feature", "properties": {}, "geometry": {"type": "LineString", "coordinates": [[-90.41178991458473, 41.74277007313185], [-90.40165444511788, 41.74476107391449]]}}, {"id": "12003", "type": "Feature", "properties": {}, "geometry": {"type": "LineString", "coordinates": [[-90.43720092374264, 41.760630674423794], [-90.42421465161995, 41.75057634035172]]}}, {"id": "12004", "type": "Feature", "properties": {}, "geometry": {"type": "LineString", "coordinates": [[-90.44657985992495, 41.763849274639185], [-90.43720092374264, 41.760630674423794]]}}, {"id": "12031", "type": "Feature", "properties": {}, "geometry": {"type": "LineString", "coordinates": [[-90.45653226261838, 41.760847340276754], [-90.44657985992495, 41.763849274639185]]}}, {"id": "12032", "type": "Feature", "properties": {}, "geometry": {"type": "LineString", "coordinates": [[-90.45848346270428, 41.75826207296184], [-90.45653226261838, 41.760847340276754]]}}, {"id": "12033", "type": "Feature", "properties": {}, "geometry": {"type": "LineString", "coordinates": [[-90.46520273167211, 41.759057339375396], [-90.45848346270428, 41.75826207296184]]}}, {"id": "12034", "type": "Feature", "properties": {}, "geometry": {"type": "LineString", "coordinates": [[-90.48021673674965, 41.77123174035073], [-90.4700783342834, 41.77279534121368], [-90.46520273167211, 41.759057339375396]]}}, {"id": "12035", "type": "Feature", "properties": {}, "geometry": {"type": "LineString", "coordinates": [[-90.48605313876129, 41.77262114017462], [-90.48021673674965, 41.77123174035073]]}}, {"id": "12048", "type": "Feature", "properties": {}, "geometry": {"type": "LineString", "coordinates": [[-90.48894587207964, 41.767473672457236], [-90.48605313876129, 41.77262114017462]]}}, {"id": "12049", "type": "Feature", "properties": {}, "geometry": {"type": "LineString", "coordinates": [[-90.50035274243946, 41.76763187221296], [-90.48894587207964, 41.767473672457236]]}}, {"id": "12050", "type": "Feature", "properties": {}, "geometry": {"type": "LineString", "coordinates": [[-90.51809408122861, 41.77005067153124], [-90.50035274243946, 41.76763187221296]]}}, {"id": "12051", "type": "Feature", "properties": {}, "geometry": {"type": "LineString", "coordinates": [[-90.54280988778139, 41.76593226923773], [-90.53763368731646, 41.77640093814568], [-90.51809408122861, 41.77005067153124]]}}, {"id": "12052", "type": "Feature", "properties": {}, "geometry": {"type": "LineString", "coordinates": [[-90.54378695477321, 41.76616146945746], [-90.54280988778139, 41.76593226923773]]}}, {"id": "12053", "type": "Feature", "properties": {}, "geometry": {"type": "LineString", "coordinates": [[-90.54873115633288, 41.76925173647007], [-90.54378695477321, 41.76616146945746]]}}, {"id": "12070", "type": "Feature", "properties": {}, "geometry": {"type": "LineString", "coordinates": [[-90.54953215532562, 41.76358153544728], [-90.54873115633288, 41.76925173647007]]}}, {"id": "12071", "type": "Feature", "properties": {}, "geometry": {"type": "LineString", "coordinates": [[-90.55325709061815, 41.76463573513583], [-90.54953215532562, 41.76358153544728]]}}, {"id": "12072", "type": "Feature", "properties": {}, "geometry": {"type": "LineString", "coordinates": [[-90.57720596319203, 41.759685933147594], [-90.55325709061815, 41.76463573513583]]}}, {"id": "12073", "type": "Feature", "properties": {}, "geometry": {"type": "LineString", "coordinates": [[-90.57757256296455, 41.75950326603919], [-90.57720596319203, 41.759685933147594]]}}, {"id": "12074", "type": "Feature", "properties": {}, "geometry": {"type": "LineString", "coordinates": [[-90.58013809751706, 41.75941273272026], [-90.57757256296455, 41.75950326603919]]}}, {"id": "12075", "type": "Feature", "properties": {}, "geometry": {"type": "LineString", "coordinates": [[-90.59525056962785, 41.76929593326032], [-90.58013809751706, 41.75941273272026]]}}, {"id": "12081", "type": "Feature", "properties": {}, "geometry": {"type": "LineString", "coordinates": [[-90.61251017337118, 41.76154713136814], [-90.59525056962785, 41.76929593326032]]}}, {"id": "12082", "type": "Feature", "properties": {}, "geometry": {"type": "LineString", "coordinates": [[-90.61816057471167, 41.759055130055074], [-90.61251017337118, 41.76154713136814]]}}, {"id": "12083", "type": "Feature", "properties": {}, "geometry": {"type": "LineString", "coordinates": [[-90.64497498231205, 41.7581158618262], [-90.6306825786309, 41.76536633061812], [-90.61816057471167, 41.759055130055074]]}}, {"id": "12084", "type": "Feature", "properties": {}, "geometry": {"type": "LineString", "coordinates": [[-90.65743818610603, 41.76408126232813], [-90.64497498231205, 41.7581158618262]]}}, {"id": "12085", "type": "Feature", "properties": {}, "geometry": {"type": "LineString", "coordinates": [[-90.67652539163366, 41.760941260839054], [-90.65743818610603, 41.76408126232813]]}}, {"id": "12086", "type": "Feature", "properties": {}, "geometry": {"type": "LineString", "coordinates": [[-90.67813939111136, 41.75497225926268], [-90.67652539163366, 41.760941260839054]]}}, {"id": "12087", "type": "Feature", "properties": {}, "geometry": {"type": "LineString", "coordinates": [[-90.67963539148663, 41.75460552590216], [-90.67813939111136, 41.75497225926268]]}}, {"id": "12088", "type": "Feature", "properties": {}, "geometry": {"type": "LineString", "coordinates": [[-90.76745821775302, 41.765074255974596], [-90.75031074441841, 41.74550312020217]]}}, {"id": "12089", "type": "Feature", "properties": {}, "geometry": {"type": "LineString", "coordinates": [[-90.78058835506845, 41.767875655788686], [-90.76745821775302, 41.765074255974596]]}}, {"id": "12090", "type": "Feature", "properties": {}, "geometry": {"type": "LineString", "coordinates": [[-90.80269116278404, 41.77911985614823], [-90.78058835506845, 41.767875655788686]]}}, {"id": "12091", "type": "Feature", "properties": {}, "geometry": {"type": "LineString", "coordinates": [[-90.8075348320836, 41.79202045779629], [-90.80198076337926, 41.78572832375872]]}}, {"id": "12092", "type": "Feature", "properties": {}, "geometry": {"type": "LineString", "coordinates": [[-90.80198076337926, 41.78572832375872], [-90.80269116278404, 41.77911985614823]]}}, {"id": "12093", "type": "Feature", "properties": {}, "geometry": {"type": "LineString", "coordinates": [[-90.80883736678769, 41.802654926255705], [-90.8075348320836, 41.79202045779629]]}}, {"id": "12094", "type": "Feature", "properties": {}, "geometry": {"type": "LineString", "coordinates": [[-90.80684316704408, 41.809468461004776], [-90.80883736678769, 41.802654926255705]]}}, {"id": "12095", "type": "Feature", "properties": {}, "geometry": {"type": "LineString", "coordinates": [[-90.80959256787065, 41.81097932781703], [-90.80684316704408, 41.809468461004776]]}}, {"id": "12096", "type": "Feature", "properties": {}, "geometry": {"type": "LineString", "coordinates": [[-90.70622413060957, 41.73800432195412], [-90.6913601935918, 41.74345505681983], [-90.68696692699928, 41.7568656595864], [-90.67963539148663, 41.75460552590216]]}}, {"id": "12097", "type": "Feature", "properties": {}, "geometry": {"type": "LineString", "coordinates": [[-90.70680593079152, 41.73953605518806], [-90.70622413060957, 41.73800432195412]]}}, {"id": "12098", "type": "Feature", "properties": {}, "geometry": {"type": "LineString", "coordinates": [[-90.71098913264306, 41.73969345510449], [-90.70680593079152, 41.73953605518806]]}}, {"id": "12099", "type": "Feature", "properties": {}, "geometry": {"type": "LineString", "coordinates": [[-90.72206813499218, 41.736644120421914], [-90.71098913264306, 41.73969345510449]]}}, {"id": "12100", "type": "Feature", "properties": {}, "geometry": {"type": "LineString", "coordinates": [[-90.74399720853181, 41.74129031995828], [-90.72206813499218, 41.736644120421914]]}}, {"id": "12101", "type": "Feature", "properties": {}, "geometry": {"type": "LineString", "coordinates": [[-90.74604654237599, 41.74334652035923], [-90.74399720853181, 41.74129031995828]]}}, {"id": "12102", "type": "Feature", "properties": {}, "geometry": {"type": "LineString", "coordinates": [[-90.75031074441841, 41.74550312020217], [-90.74604654237599, 41.74334652035923]]}}, {"id": "12103", "type": "Feature", "properties": {}, "geometry": {"type": "LineString", "coordinates": [[-90.80114163359762, 41.82286553008211], [-90.80959256787065, 41.81097932781703]]}}, {"id": "12104", "type": "Feature", "properties": {}, "geometry": {"type": "LineString", "coordinates": [[-90.79964176687339, 41.82428233020182], [-90.80114163359762, 41.82286553008211]]}}, {"id": "12105", "type": "Feature", "properties": {}, "geometry": {"type": "LineString", "coordinates": [[-90.79501503263008, 41.83196286494951], [-90.79964176687339, 41.82428233020182]]}}, {"id": "12106", "type": "Feature", "properties": {}, "geometry": {"type": "LineString", "coordinates": [[-90.79232663459783, 41.852679068484], [-90.78808863192067, 41.84313993390975], [-90.79610296699933, 41.841933933254886], [-90.79501503263008, 41.83196286494951]]}}, {"id": "12107", "type": "Feature", "properties": {}, "geometry": {"type": "LineString", "coordinates": [[-90.80669477254567, 41.859412135828734], [-90.79232663459783, 41.852679068484]]}}, {"id": "12108", "type": "Feature", "properties": {}, "geometry": {"type": "LineString", "coordinates": [[-90.81032224152817, 41.870893937157035], [-90.80669477254567, 41.859412135828734]]}}, {"id": "12109", "type": "Feature", "properties": {}, "geometry": {"type": "LineString", "coordinates": [[-90.82509677910717, 41.87501807011065], [-90.81032224152817, 41.870893937157035]]}}, {"id": "12110", "type": "Feature", "properties": {}, "geometry": {"type": "LineString", "coordinates": [[-90.85540539151597, 41.90901014064789], [-90.84090045272679, 41.89908147328875], [-90.84990318794286, 41.89231513847095], [-90.82509677910717, 41.87501807011065]]}}, {"id": "12111", "type": "Feature", "properties": {}, "geometry": {"type": "LineString", "coordinates": [[-90.89346066979483, 41.91584947320748], [-90.85540539151597, 41.90901014064789]]}}, {"id": "12112", "type": "Feature", "properties": {}, "geometry": {"type": "LineString", "coordinates": [[-90.92294741175358, 41.91769453844635], [-90.89346066979483, 41.91584947320748]]}}, {"id": "12113", "type": "Feature", "properties": {}, "geometry": {"type": "LineString", "coordinates": [[-90.92497041238353, 41.92066673884987], [-90.92294741175358, 41.91769453844635]]}}, {"id": "12114", "type": "Feature", "properties": {}, "geometry": {"type": "LineString", "coordinates": [[-90.92435907918828, 41.9223821385905], [-90.92497041238353, 41.92066673884987]]}}, {"id": "12115", "type": "Feature", "properties": {}, "geometry": {"type": "LineString", "coordinates": [[-90.924087413375, 41.92860234010807], [-90.92435907918828, 41.9223821385905]]}}, {"id": "12116", "type": "Feature", "properties": {}, "geometry": {"type": "LineString", "coordinates": [[-90.91569947795286, 41.9352600747836], [-90.924087413375, 41.92860234010807]]}}, {"id": "12117", "type": "Feature", "properties": {}, "geometry": {"type": "LineString", "coordinates": [[-90.91347027893092, 41.949667877368675], [-90.90893407690194, 41.94354034347914], [-90.91569947795286, 41.9352600747836]]}}, {"id": "12118", "type": "Feature", "properties": {}, "geometry": {"type": "LineString", "coordinates": [[-90.93477508712847, 41.96683407902697], [-90.91968821341001, 41.947813543209115], [-90.91347027893092, 41.949667877368675]]}}, {"id": "12119", "type": "Feature", "properties": {}, "geometry": {"type": "LineString", "coordinates": [[-90.95641609341438, 41.97283647826228], [-90.93477508712847, 41.96683407902697]]}}, {"id": "12120", "type": "Feature", "properties": {}, "geometry": {"type": "LineString", "coordinates": [[-90.96137949466659, 41.97175834483557], [-90.95641609341438, 41.97283647826228]]}}, {"id": "12121", "type": "Feature", "properties": {}, "geometry": {"type": "LineString", "coordinates": [[-90.97441283222194, 41.97808314479769], [-90.9679814975572, 41.982044546181974], [-90.96137949466659, 41.97175834483557]]}}, {"id": "12122", "type": "Feature", "properties": {}, "geometry": {"type": "LineString", "coordinates": [[-90.98038983405027, 41.97835267764161], [-90.97441283222194, 41.97808314479769]]}}, {"id": "12123", "type": "Feature", "properties": {}, "geometry": {"type": "LineString", "coordinates": [[-91.01031331084901, 41.99088967818808], [-91.00015650729249, 41.983886077856226]]}}, {"id": "12124", "type": "Feature", "properties": {}, "geometry": {"type": "LineString", "coordinates": [[-91.00015650729249, 41.983886077856226], [-90.98038983405027, 41.97835267764161]]}}, {"id": "12125", "type": "Feature", "properties": {}, "geometry": {"type": "LineString", "coordinates": [[-91.05094492322675, 42.00003647747371], [-91.04357925532659, 42.003817278443954]]}}, {"id": "12126", "type": "Feature", "properties": {}, "geometry": {"type": "LineString", "coordinates": [[-91.05481765743465, 41.9976513435744], [-91.05094492322675, 42.00003647747371]]}}, {"id": "12127", "type": "Feature", "properties": {}, "geometry": {"type": "LineString", "coordinates": [[-91.06231092652936, 42.00208227666992], [-91.05946865876703, 42.00003667641193]]}}, {"id": "12128", "type": "Feature", "properties": {}, "geometry": {"type": "LineString", "coordinates": [[-91.06954232953223, 42.005620543540246], [-91.06231092652936, 42.00208227666992]]}}, {"id": "12129", "type": "Feature", "properties": {}, "geometry": {"type": "LineString", "coordinates": [[-91.05946865876703, 42.00003667641193], [-91.05481765743465, 41.9976513435744]]}}, {"id": "12130", "type": "Feature", "properties": {}, "geometry": {"type": "LineString", "coordinates": [[-91.08868826781142, 42.004766742467105], [-91.08002286525588, 42.00336267589027]]}}, {"id": "12131", "type": "Feature", "properties": {}, "geometry": {"type": "LineString", "coordinates": [[-91.09261353639545, 42.0099126765671], [-91.08868826781142, 42.004766742467105]]}}, {"id": "12132", "type": "Feature", "properties": {}, "geometry": {"type": "LineString", "coordinates": [[-91.09787527084846, 42.00901214249969], [-91.09261353639545, 42.0099126765671]]}}, {"id": "12133", "type": "Feature", "properties": {}, "geometry": {"type": "LineString", "coordinates": [[-91.07357266327524, 42.000035875985915], [-91.06954232953223, 42.005620543540246]]}}, {"id": "12134", "type": "Feature", "properties": {}, "geometry": {"type": "LineString", "coordinates": [[-91.07709873042846, 42.00003547543917], [-91.07357266327524, 42.000035875985915]]}}, {"id": "12135", "type": "Feature", "properties": {}, "geometry": {"type": "LineString", "coordinates": [[-91.08002286525588, 42.00336267589027], [-91.07709873042846, 42.00003547543917]]}}, {"id": "12136", "type": "Feature", "properties": {}, "geometry": {"type": "LineString", "coordinates": [[-91.11223634085164, 42.00002574014868], [-91.11193427515082, 42.0078643416863], [-91.09787527084846, 42.00901214249969]]}}, {"id": "12137", "type": "Feature", "properties": {}, "geometry": {"type": "LineString", "coordinates": [[-91.11408307405654, 41.99794987290234], [-91.11223634085164, 42.00002574014868]]}}, {"id": "12138", "type": "Feature", "properties": {}, "geometry": {"type": "LineString", "coordinates": [[-91.11956447624092, 42.000022473021446], [-91.11894474289946, 42.00037767299033]]}}, {"id": "12139", "type": "Feature", "properties": {}, "geometry": {"type": "LineString", "coordinates": [[-91.11894474289946, 42.00037767299033], [-91.11726487535185, 42.00002367332688]]}}, {"id": "12140", "type": "Feature", "properties": {}, "geometry": {"type": "LineString", "coordinates": [[-91.12756607859873, 42.002022872791095], [-91.12416494374533, 42.00002027268394]]}}, {"id": "12141", "type": "Feature", "properties": {}, "geometry": {"type": "LineString", "coordinates": [[-91.11726487535185, 42.00002367332688], [-91.11408307405654, 41.99794987290234]]}}, {"id": "12142", "type": "Feature", "properties": {}, "geometry": {"type": "LineString", "coordinates": [[-91.12416494374533, 42.00002027268394], [-91.1241022772711, 42.00002027268394]]}}, {"id": "12143", "type": "Feature", "properties": {}, "geometry": {"type": "LineString", "coordinates": [[-91.1241022772711, 42.00002027268394], [-91.11956447624092, 42.000022473021446]]}}, {"id": "12144", "type": "Feature", "properties": {}, "geometry": {"type": "LineString", "coordinates": [[-91.1369032817479, 42.00563207293406], [-91.12756607859873, 42.002022872791095]]}}, {"id": "12145", "type": "Feature", "properties": {}, "geometry": {"type": "LineString", "coordinates": [[-91.1410822830772, 42.00883027292861], [-91.1369032817479, 42.00563207293406]]}}, {"id": "12146", "type": "Feature", "properties": {}, "geometry": {"type": "LineString", "coordinates": [[-91.1464209528444, 42.024754075200484], [-91.14335248390366, 42.012943740206886]]}}, {"id": "12147", "type": "Feature", "properties": {}, "geometry": {"type": "LineString", "coordinates": [[-91.14335248390366, 42.012943740206886], [-91.1410822830772, 42.00883027292861]]}}, {"id": "12148", "type": "Feature", "properties": {}, "geometry": {"type": "LineString", "coordinates": [[-91.16352929376862, 42.04383434430772], [-91.16144849194002, 42.033763675871676]]}}, {"id": "12149", "type": "Feature", "properties": {}, "geometry": {"type": "LineString", "coordinates": [[-91.18056169920352, 42.05059094400938], [-91.17216016328798, 42.04951634432656]]}}, {"id": "12150", "type": "Feature", "properties": {}, "geometry": {"type": "LineString", "coordinates": [[-91.15921935759678, 42.031666075749854], [-91.15245628947065, 42.03436647655788], [-91.1464209528444, 42.024754075200484]]}}, {"id": "12151", "type": "Feature", "properties": {}, "geometry": {"type": "LineString", "coordinates": [[-91.20532350488874, 42.04385874148614], [-91.18502496701458, 42.04960214401777]]}}, {"id": "12152", "type": "Feature", "properties": {}, "geometry": {"type": "LineString", "coordinates": [[-91.17216016328798, 42.04951634432656], [-91.16352929376862, 42.04383434430772]]}}, {"id": "12153", "type": "Feature", "properties": {}, "geometry": {"type": "LineString", "coordinates": [[-91.23381171371364, 42.05202927457718], [-91.21699990846135, 42.04274747389336]]}}, {"id": "12154", "type": "Feature", "properties": {}, "geometry": {"type": "LineString", "coordinates": [[-91.18502496701458, 42.04960214401777], [-91.18056169920352, 42.05059094400938]]}}, {"id": "12155", "type": "Feature", "properties": {}, "geometry": {"type": "LineString", "coordinates": [[-91.16110269175961, 42.033482142739985], [-91.15921935759678, 42.031666075749854]]}}, {"id": "12156", "type": "Feature", "properties": {}, "geometry": {"type": "LineString", "coordinates": [[-91.16144849194002, 42.033763675871676], [-91.16110269175961, 42.033482142739985]]}}, {"id": "12157", "type": "Feature", "properties": {}, "geometry": {"type": "LineString", "coordinates": [[-91.21699990846135, 42.04274747389336], [-91.20532350488874, 42.04385874148614]]}}, {"id": "12158", "type": "Feature", "properties": {}, "geometry": {"type": "LineString", "coordinates": [[-91.2356341825244, 42.06275234265612], [-91.23381171371364, 42.05202927457718]]}}, {"id": "12159", "type": "Feature", "properties": {}, "geometry": {"type": "LineString", "coordinates": [[-91.22783878035523, 42.06456454347868], [-91.2356341825244, 42.06275234265612]]}}, {"id": "12160", "type": "Feature", "properties": {}, "geometry": {"type": "LineString", "coordinates": [[-91.2316927819945, 42.0719575449265], [-91.22783878035523, 42.06456454347868]]}}, {"id": "12161", "type": "Feature", "properties": {}, "geometry": {"type": "LineString", "coordinates": [[-91.27542226337562, 42.09316734551567], [-91.27504739730587, 42.09273834560093]]}}, {"id": "12162", "type": "Feature", "properties": {}, "geometry": {"type": "LineString", "coordinates": [[-91.30031473890038, 42.102199145083624], [-91.27542226337562, 42.09316734551567]]}}, {"id": "12163", "type": "Feature", "properties": {}, "geometry": {"type": "LineString", "coordinates": [[-91.30057473829307, 42.10240907851988], [-91.30031473890038, 42.102199145083624]]}}, {"id": "12183", "type": "Feature", "properties": {}, "geometry": {"type": "LineString", "coordinates": [[-90.97441283222194, 41.97808314479769], [-90.96646642954173, 41.971480277996115]]}}, {"id": "12280", "type": "Feature", "properties": {}, "geometry": {"type": "LineString", "coordinates": [[-90.42421465161995, 41.75057634035172], [-90.42592785205449, 41.747041939814416]]}}, {"id": "12690", "type": "Feature", "properties": {}, "geometry": {"type": "LineString", "coordinates": [[-91.15989369143952, 42.03156594272435], [-91.15921935759678, 42.031666075749854]]}}, {"id": "12691", "type": "Feature", "properties": {}, "geometry": {"type": "LineString", "coordinates": [[-91.16152049191004, 42.03323487594705], [-91.15989369143952, 42.03156594272435]]}}, {"id": "12692", "type": "Feature", "properties": {}, "geometry": {"type": "LineString", "coordinates": [[-91.16110269175961, 42.033482142739985], [-91.16152049191004, 42.03323487594705]]}}, {"id": "12822", "type": "Feature", "properties": {}, "geometry": {"type": "LineString", "coordinates": [[-90.81272423688489, 41.827240329912186], [-90.79501503263008, 41.83196286494951]]}}, {"id": "12914", "type": "Feature", "properties": {}, "geometry": {"type": "LineString", "coordinates": [[-90.71098913264306, 41.73969345510449], [-90.70680593079152, 41.73953605518806]]}}, {"id": "13016", "type": "Feature", "properties": {}, "geometry": {"type": "LineString", "coordinates": [[-90.67813939111136, 41.75497225926268], [-90.66048638635904, 41.752463726912325]]}}, {"id": "13039", "type": "Feature", "properties": {}, "geometry": {"type": "LineString", "coordinates": [[-90.54953215532562, 41.76358153544728], [-90.54378695477321, 41.76616146945746]]}}, {"id": "13127", "type": "Feature", "properties": {}, "geometry": {"type": "LineString", "coordinates": [[-90.40531751253846, 41.742862673576866], [-90.38965550773074, 41.73696507360517]]}}, {"id": "13129", "type": "Feature", "properties": {}, "geometry": {"type": "LineString", "coordinates": [[-90.40531751253846, 41.742862673576866], [-90.40165444511788, 41.74476107391449]]}}, {"id": "13134", "type": "Feature", "properties": {}, "geometry": {"type": "LineString", "coordinates": [[-90.81272423688489, 41.827240329912186], [-90.80114163359762, 41.82286553008211]]}}, {"id": "13135", "type": "Feature", "properties": {}, "geometry": {"type": "LineString", "coordinates": [[-90.41178991458473, 41.74277007313185], [-90.40531751253846, 41.742862673576866]]}}, {"id": "13144", "type": "Feature", "properties": {}, "geometry": {"type": "LineString", "coordinates": [[-91.24991278898112, 42.084678479086065], [-91.24966098761372, 42.076291677917645]]}}, {"id": "13145", "type": "Feature", "properties": {}, "geometry": {"type": "LineString", "coordinates": [[-91.24966098761372, 42.076291677917645], [-91.2316927819945, 42.0719575449265]]}}, {"id": "13146", "type": "Feature", "properties": {}, "geometry": {"type": "LineString", "coordinates": [[-91.26330352576386, 42.08319047786863], [-91.24991278898112, 42.084678479086065]]}}, {"id": "13147", "type": "Feature", "properties": {}, "geometry": {"type": "LineString", "coordinates": [[-91.26400512617043, 42.083606344354436], [-91.26330352576386, 42.08319047786863]]}}, {"id": "13153", "type": "Feature", "properties": {}, "geometry": {"type": "LineString", "coordinates": [[-91.0148880461121, 42.000029146131986], [-91.01031331084901, 41.99088967818808]]}}, {"id": "13154", "type": "Feature", "properties": {}, "geometry": {"type": "LineString", "coordinates": [[-91.01515931307338, 42.00013607936166], [-91.0148880461121, 42.000029146131986]]}}, {"id": "13155", "type": "Feature", "properties": {}, "geometry": {"type": "LineString", "coordinates": [[-91.27504739730587, 42.09273834560093], [-91.27579339604705, 42.084990277554944], [-91.26400512617043, 42.083606344354436]]}}, {"id": "13157", "type": "Feature", "properties": {}, "geometry": {"type": "LineString", "coordinates": [[-90.42421465161995, 41.75057634035172], [-90.41178991458473, 41.74277007313185]]}}, {"id": "13158", "type": "Feature", "properties": {}, "geometry": {"type": "LineString", "coordinates": [[-91.02704425065775, 42.00502554601763], [-91.01515931307338, 42.00013607936166]]}}, {"id": "13159", "type": "Feature", "properties": {}, "geometry": {"type": "LineString", "coordinates": [[-91.03012145122305, 42.006688279900715], [-91.02704425065775, 42.00502554601763]]}}, {"id": "13160", "type": "Feature", "properties": {}, "geometry": {"type": "LineString", "coordinates": [[-91.04357925532659, 42.003817278443954], [-91.041256320698, 42.00288667851412]]}}, {"id": "13161", "type": "Feature", "properties": {}, "geometry": {"type": "LineString", "coordinates": [[-91.041256320698, 42.00288667851412], [-91.03012145122305, 42.006688279900715]]}}, {"id": "13167", "type": "Feature", "properties": {}, "geometry": {"type": "LineString", "coordinates": [[-90.80669477254567, 41.859412135828734], [-90.80463417023455, 41.84278586658812], [-90.81272423688489, 41.827240329912186]]}}, {"id": "13172", "type": "Feature", "properties": {}, "geometry": {"type": "LineString", "coordinates": [[-90.65743818610603, 41.76408126232813], [-90.65612198533154, 41.75783872785332]]}}, {"id": "13174", "type": "Feature", "properties": {}, "geometry": {"type": "LineString", "coordinates": [[-90.34319342761212, 41.738328543506746], [-90.31960188689193, 41.72994034317915]]}}, {"id": "13175", "type": "Feature", "properties": {}, "geometry": {"type": "LineString", "coordinates": [[-90.37695570475888, 41.742909475110324], [-90.36062609898144, 41.73378387493674], [-90.35118942987243, 41.74208107655894], [-90.34319342761212, 41.738328543506746]]}}, {"id": "13176", "type": "Feature", "properties": {}, "geometry": {"type": "LineString", "coordinates": [[-90.31960188689193, 41.72994034317915], [-90.31646648537767, 41.728426676184604]]}}, {"id": "13182", "type": "Feature", "properties": {}, "geometry": {"type": "LineString", "coordinates": [[-91.37768025268981, 40.42744846427715], [-91.37278838428367, 40.420298263189075]]}}, {"id": "13183", "type": "Feature", "properties": {}, "geometry": {"type": "LineString", "coordinates": [[-91.37993398919374, 40.44777446722676], [-91.37768025268981, 40.42744846427715]]}}, {"id": "13184", "type": "Feature", "properties": {}, "geometry": {"type": "LineString", "coordinates": [[-91.37840538895684, 40.454824068598384], [-91.37993398919374, 40.44777446722676]]}}, {"id": "13185", "type": "Feature", "properties": {}, "geometry": {"type": "LineString", "coordinates": [[-91.40747720537404, 40.53860221446644], [-91.39896086925677, 40.534807281222186]]}}, {"id": "13186", "type": "Feature", "properties": {}, "geometry": {"type": "LineString", "coordinates": [[-91.39896086925677, 40.534807281222186], [-91.37453506133559, 40.519974013085786]]}}, {"id": "13187", "type": "Feature", "properties": {}, "geometry": {"type": "LineString", "coordinates": [[-91.409904075081, 40.55920308469426], [-91.4139088751104, 40.54701361538893], [-91.40747720537404, 40.53860221446644]]}}, {"id": "13188", "type": "Feature", "properties": {}, "geometry": {"type": "LineString", "coordinates": [[-91.400384339656, 40.568496086465835], [-91.4042816077526, 40.5662020191143]]}}, {"id": "13189", "type": "Feature", "properties": {}, "geometry": {"type": "LineString", "coordinates": [[-91.4042816077526, 40.5662020191143], [-91.409904075081, 40.55920308469426]]}}, {"id": "13190", "type": "Feature", "properties": {}, "geometry": {"type": "LineString", "coordinates": [[-91.29821605071618, 40.62536623542087], [-91.30113545142204, 40.62453583470176]]}}, {"id": "13191", "type": "Feature", "properties": {}, "geometry": {"type": "LineString", "coordinates": [[-91.29003744790806, 40.627208036349174], [-91.29821605071618, 40.62536623542087]]}}, {"id": "13192", "type": "Feature", "properties": {}, "geometry": {"type": "LineString", "coordinates": [[-91.30113545142204, 40.62453583470176], [-91.31047318637388, 40.62139530026036]]}}, {"id": "13193", "type": "Feature", "properties": {}, "geometry": {"type": "LineString", "coordinates": [[-91.27070577665565, 40.632522438283374], [-91.29003744790806, 40.627208036349174]]}}, {"id": "13194", "type": "Feature", "properties": {}, "geometry": {"type": "LineString", "coordinates": [[-91.2489687710086, 40.63626884025087], [-91.2641421749468, 40.63428870556216]]}}, {"id": "13195", "type": "Feature", "properties": {}, "geometry": {"type": "LineString", "coordinates": [[-91.21460102846203, 40.63873110927365], [-91.2489687710086, 40.63626884025087]]}}, {"id": "13196", "type": "Feature", "properties": {}, "geometry": {"type": "LineString", "coordinates": [[-91.2641421749468, 40.63428870556216], [-91.27070577665565, 40.632522438283374]]}}, {"id": "13197", "type": "Feature", "properties": {}, "geometry": {"type": "LineString", "coordinates": [[-91.13668574212545, 40.659904650567526], [-91.16188281480348, 40.65027444754397]]}}, {"id": "13198", "type": "Feature", "properties": {}, "geometry": {"type": "LineString", "coordinates": [[-91.1156663430667, 40.728563663505525], [-91.11226320676685, 40.712876061029526]]}}, {"id": "13199", "type": "Feature", "properties": {}, "geometry": {"type": "LineString", "coordinates": [[-91.09434847875481, 40.816525545838616], [-91.08920814173096, 40.789637541695136]]}}, {"id": "13200", "type": "Feature", "properties": {}, "geometry": {"type": "LineString", "coordinates": [[-91.02938520010103, 40.87513935943717], [-91.03574240219525, 40.876618759299916]]}}, {"id": "13201", "type": "Feature", "properties": {}, "geometry": {"type": "LineString", "coordinates": [[-91.0305372005197, 40.87996896020925], [-91.03574240219525, 40.876618759299916]]}}, {"id": "13202", "type": "Feature", "properties": {}, "geometry": {"type": "LineString", "coordinates": [[-90.95727180340118, 41.11070553638488], [-90.94969973319144, 41.100612335035585]]}}, {"id": "13377", "type": "Feature", "properties": {}, "geometry": {"type": "LineString", "coordinates": [[-90.94942652676744, 41.03090232358244], [-90.95654172729841, 41.020216121464834]]}}, {"id": "13378", "type": "Feature", "properties": {}, "geometry": {"type": "LineString", "coordinates": [[-90.94461119212856, 41.03063572365397], [-90.94942652676744, 41.03090232358244]]}}, {"id": "13379", "type": "Feature", "properties": {}, "geometry": {"type": "LineString", "coordinates": [[-90.9521861944394, 41.04064412516411], [-90.95617212894952, 41.03913192431739]]}}, {"id": "13380", "type": "Feature", "properties": {}, "geometry": {"type": "LineString", "coordinates": [[-90.95098352814038, 41.040835991830384], [-90.9521861944394, 41.04064412516411]]}}, {"id": "13381", "type": "Feature", "properties": {}, "geometry": {"type": "LineString", "coordinates": [[-90.95628692825291, 41.03414572343938], [-90.9605781300595, 41.03567499036132]]}}, {"id": "13382", "type": "Feature", "properties": {}, "geometry": {"type": "LineString", "coordinates": [[-90.9605781300595, 41.03567499036132], [-90.95845812934517, 41.03137658956763]]}}, {"id": "13594", "type": "Feature", "properties": {}, "geometry": {"type": "LineString", "coordinates": [[-91.11627620841477, 40.715199860781915], [-91.11768940837534, 40.71453652730748]]}}, {"id": "13807", "type": "Feature", "properties": {}, "geometry": {"type": "LineString", "coordinates": [[-90.96900379921516, 41.03425038924874], [-90.96538039780427, 41.03523678968436]]}}, {"id": "13808", "type": "Feature", "properties": {}, "geometry": {"type": "LineString", "coordinates": [[-90.9699813324326, 41.03349072251326], [-90.96900379921516, 41.03425038924874]]}}, {"id": "13852", "type": "Feature", "properties": {}, "geometry": {"type": "LineString", "coordinates": [[-90.95617212894952, 41.03913192431739], [-90.95628692825291, 41.03414572343938]]}}, {"id": "13853", "type": "Feature", "properties": {}, "geometry": {"type": "LineString", "coordinates": [[-90.95617212894952, 41.03913192431739], [-90.9601059306304, 41.04443552546532], [-90.96365819714889, 41.03500938993942]]}}, {"id": "13854", "type": "Feature", "properties": {}, "geometry": {"type": "LineString", "coordinates": [[-90.9991025534955, 41.16328780955659], [-90.99263581712373, 41.14753480721729], [-90.98127974649324, 41.14169793984168]]}}, {"id": "13855", "type": "Feature", "properties": {}, "geometry": {"type": "LineString", "coordinates": [[-90.97064814198653, 41.12213020431893], [-90.96757834084423, 41.121573937382905]]}}, {"id": "13856", "type": "Feature", "properties": {}, "geometry": {"type": "LineString", "coordinates": [[-90.97599801105041, 41.136499339414776], [-90.98138541262514, 41.131597805389646], [-90.97064814198653, 41.12213020431893]]}}, {"id": "13857", "type": "Feature", "properties": {}, "geometry": {"type": "LineString", "coordinates": [[-90.97599801105041, 41.136499339414776], [-90.96757834084423, 41.121573937382905]]}}, {"id": "13858", "type": "Feature", "properties": {}, "geometry": {"type": "LineString", "coordinates": [[-90.96757834084423, 41.121573937382905], [-90.96735434053822, 41.120827937294855]]}}, {"id": "13859", "type": "Feature", "properties": {}, "geometry": {"type": "LineString", "coordinates": [[-90.96585960678752, 41.119228537605], [-90.95727180340118, 41.11070553638488]]}}, {"id": "13860", "type": "Feature", "properties": {}, "geometry": {"type": "LineString", "coordinates": [[-90.96735434053822, 41.120827937294855], [-90.96585960678752, 41.119228537605]]}}, {"id": "13861", "type": "Feature", "properties": {}, "geometry": {"type": "LineString", "coordinates": [[-90.94948019751241, 41.07131479705297], [-90.95221593137025, 41.069174729401574]]}}, {"id": "13862", "type": "Feature", "properties": {}, "geometry": {"type": "LineString", "coordinates": [[-90.95221593137025, 41.069174729401574], [-90.96732253478727, 41.060680727738166], [-90.9747447345666, 41.044361991211865], [-90.9699813324326, 41.03349072251326]]}}, {"id": "13864", "type": "Feature", "properties": {}, "geometry": {"type": "LineString", "coordinates": [[-90.949867796303, 41.058463928207026], [-90.95098352814038, 41.040835991830384]]}}, {"id": "13868", "type": "Feature", "properties": {}, "geometry": {"type": "LineString", "coordinates": [[-90.94478932445615, 41.02310338880553], [-90.94941179170183, 41.02126498879699]]}}, {"id": "13869", "type": "Feature", "properties": {}, "geometry": {"type": "LineString", "coordinates": [[-90.94941179170183, 41.02126498879699], [-90.9560557270516, 41.01662758715012]]}}, {"id": "13870", "type": "Feature", "properties": {}, "geometry": {"type": "LineString", "coordinates": [[-90.95647932672551, 41.018592187776456], [-90.9560557270516, 41.01662758715012]]}}, {"id": "13871", "type": "Feature", "properties": {}, "geometry": {"type": "LineString", "coordinates": [[-90.9560557270516, 41.01662758715012], [-90.96085179462428, 41.009962319031146]]}}, {"id": "13872", "type": "Feature", "properties": {}, "geometry": {"type": "LineString", "coordinates": [[-90.96194392771916, 41.01204118600044], [-90.96085179462428, 41.009962319031146]]}}, {"id": "13873", "type": "Feature", "properties": {}, "geometry": {"type": "LineString", "coordinates": [[-90.96085179462428, 41.009962319031146], [-90.96163672724819, 41.009054319153094]]}}, {"id": "13877", "type": "Feature", "properties": {}, "geometry": {"type": "LineString", "coordinates": [[-90.9699813324326, 41.03349072251326], [-90.96573159685954, 41.022953188199644]]}}, {"id": "13879", "type": "Feature", "properties": {}, "geometry": {"type": "LineString", "coordinates": [[-90.96286479520849, 41.018819520868156], [-90.96374772953831, 41.0182465204955]]}}, {"id": "13880", "type": "Feature", "properties": {}, "geometry": {"type": "LineString", "coordinates": [[-90.95098352814038, 41.040835991830384], [-90.94898779317595, 41.03439299108105]]}}, {"id": "13881", "type": "Feature", "properties": {}, "geometry": {"type": "LineString", "coordinates": [[-90.94898779317595, 41.03439299108105], [-90.94448479198158, 41.03187759042753]]}}, {"id": "13882", "type": "Feature", "properties": {}, "geometry": {"type": "LineString", "coordinates": [[-90.94834012312745, 41.000058784827374], [-90.9562563235495, 40.98603618195491]]}}, {"id": "13883", "type": "Feature", "properties": {}, "geometry": {"type": "LineString", "coordinates": [[-90.94501092356538, 41.01190892034206], [-90.94834012312745, 41.000058784827374]]}}, {"id": "13884", "type": "Feature", "properties": {}, "geometry": {"type": "LineString", "coordinates": [[-90.94478932445615, 41.02310338880553], [-90.94501092356538, 41.01190892034206]]}}, {"id": "13886", "type": "Feature", "properties": {}, "geometry": {"type": "LineString", "coordinates": [[-90.96735434053822, 41.120827937294855], [-90.96951120721351, 41.11782440360066]]}}, {"id": "13887", "type": "Feature", "properties": {}, "geometry": {"type": "LineString", "coordinates": [[-90.9562563235495, 40.98603618195491], [-90.95045571940193, 40.96139177866877]]}}, {"id": "13893", "type": "Feature", "properties": {}, "geometry": {"type": "LineString", "coordinates": [[-91.04937600480326, 40.86561655676314], [-91.05556373882082, 40.855784954563084]]}}, {"id": "13894", "type": "Feature", "properties": {}, "geometry": {"type": "LineString", "coordinates": [[-91.04665413734014, 40.86549768985496], [-91.04937600480326, 40.86561655676314]]}}, {"id": "13895", "type": "Feature", "properties": {}, "geometry": {"type": "LineString", "coordinates": [[-91.08524794575038, 40.840725750117535], [-91.08774941245683, 40.838279149714474]]}}, {"id": "13896", "type": "Feature", "properties": {}, "geometry": {"type": "LineString", "coordinates": [[-91.08774941245683, 40.838279149714474], [-91.08895514650256, 40.837660549496604]]}}, {"id": "13897", "type": "Feature", "properties": {}, "geometry": {"type": "LineString", "coordinates": [[-91.08499601233063, 40.84226855088448], [-91.08524794575038, 40.840725750117535]]}}, {"id": "13898", "type": "Feature", "properties": {}, "geometry": {"type": "LineString", "coordinates": [[-91.07144654233889, 40.84842848575889], [-91.0708754087526, 40.8471014853856]]}}, {"id": "13899", "type": "Feature", "properties": {}, "geometry": {"type": "LineString", "coordinates": [[-91.07042360916529, 40.849519152655105], [-91.07144654233889, 40.84842848575889]]}}, {"id": "13900", "type": "Feature", "properties": {}, "geometry": {"type": "LineString", "coordinates": [[-91.0708754087526, 40.8471014853856], [-91.07021074168061, 40.847038152464194]]}}, {"id": "13901", "type": "Feature", "properties": {}, "geometry": {"type": "LineString", "coordinates": [[-91.07322420947148, 40.84792595218246], [-91.07313454233477, 40.84705675209913]]}}, {"id": "13902", "type": "Feature", "properties": {}, "geometry": {"type": "LineString", "coordinates": [[-91.07313454233477, 40.84705675209913], [-91.07232414247255, 40.84313015152627]]}}, {"id": "13903", "type": "Feature", "properties": {}, "geometry": {"type": "LineString", "coordinates": [[-91.07322074287279, 40.849608885639455], [-91.07322420947148, 40.84792595218246]]}}, {"id": "13904", "type": "Feature", "properties": {}, "geometry": {"type": "LineString", "coordinates": [[-91.11353780925549, 40.732780730544434], [-91.10450953942747, 40.72572013010881]]}}, {"id": "13905", "type": "Feature", "properties": {}, "geometry": {"type": "LineString", "coordinates": [[-93.80131307006435, 40.58354908013707], [-93.80006406866299, 40.57325154581288]]}}, {"id": "13906", "type": "Feature", "properties": {}, "geometry": {"type": "LineString", "coordinates": [[-93.8000500693176, 40.58585934740059], [-93.80131307006435, 40.58354908013707]]}}, {"id": "13907", "type": "Feature", "properties": {}, "geometry": {"type": "LineString", "coordinates": [[-93.79572380267223, 40.58967774860868], [-93.8000500693176, 40.58585934740059]]}}, {"id": "13908", "type": "Feature", "properties": {}, "geometry": {"type": "LineString", "coordinates": [[-93.79226000224291, 40.599583083784005], [-93.79572380267223, 40.58967774860868]]}}, {"id": "13909", "type": "Feature", "properties": {}, "geometry": {"type": "LineString", "coordinates": [[-93.78870086900238, 40.612783286268794], [-93.79226000224291, 40.599583083784005]]}}, {"id": "13910", "type": "Feature", "properties": {}, "geometry": {"type": "LineString", "coordinates": [[-93.7868946031044, 40.616557353389275], [-93.78870086900238, 40.612783286268794]]}}, {"id": "13911", "type": "Feature", "properties": {}, "geometry": {"type": "LineString", "coordinates": [[-93.78676607035692, 40.62294108741849], [-93.7868946031044, 40.616557353389275]]}}, {"id": "13912", "type": "Feature", "properties": {}, "geometry": {"type": "LineString", "coordinates": [[-93.79470267421402, 40.64104569014379], [-93.78676607035692, 40.62294108741849]]}}, {"id": "13913", "type": "Feature", "properties": {}, "geometry": {"type": "LineString", "coordinates": [[-93.80968867880416, 40.64384595674632], [-93.79470267421402, 40.64104569014379]]}}, {"id": "13914", "type": "Feature", "properties": {}, "geometry": {"type": "LineString", "coordinates": [[-93.80799701188529, 40.65354675783681], [-93.81607968090927, 40.6521778909695], [-93.80968867880416, 40.64384595674632]]}}, {"id": "13915", "type": "Feature", "properties": {}, "geometry": {"type": "LineString", "coordinates": [[-93.80751307956028, 40.65684135848657], [-93.80799701188529, 40.65354675783681]]}}, {"id": "13916", "type": "Feature", "properties": {}, "geometry": {"type": "LineString", "coordinates": [[-93.81030728026836, 40.65679709195037], [-93.80751307956028, 40.65684135848657]]}}, {"id": "13917", "type": "Feature", "properties": {}, "geometry": {"type": "LineString", "coordinates": [[-93.82484921707085, 40.656277357303196], [-93.81030728026836, 40.65679709195037]]}}, {"id": "13918", "type": "Feature", "properties": {}, "geometry": {"type": "LineString", "coordinates": [[-93.82929501803952, 40.657308690448815], [-93.82484921707085, 40.656277357303196]]}}, {"id": "13919", "type": "Feature", "properties": {}, "geometry": {"type": "LineString", "coordinates": [[-93.83353208646876, 40.65605155663522], [-93.82929501803952, 40.657308690448815]]}}, {"id": "13920", "type": "Feature", "properties": {}, "geometry": {"type": "LineString", "coordinates": [[-93.84533968898863, 40.65511668918192], [-93.83353208646876, 40.65605155663522]]}}, {"id": "13921", "type": "Feature", "properties": {}, "geometry": {"type": "LineString", "coordinates": [[-93.86114182738743, 40.65985528947018], [-93.84533968898863, 40.65511668918192]]}}, {"id": "13922", "type": "Feature", "properties": {}, "geometry": {"type": "LineString", "coordinates": [[-93.86074969479961, 40.66788649082093], [-93.86114182738743, 40.65985528947018]]}}, {"id": "13923", "type": "Feature", "properties": {}, "geometry": {"type": "LineString", "coordinates": [[-93.86191889705765, 40.68447515984152], [-93.85395869266141, 40.66735949119576], [-93.86074969479961, 40.66788649082093]]}}, {"id": "13924", "type": "Feature", "properties": {}, "geometry": {"type": "LineString", "coordinates": [[-93.8768870341568, 40.68374295864882], [-93.86191889705765, 40.68447515984152]]}}, {"id": "13925", "type": "Feature", "properties": {}, "geometry": {"type": "LineString", "coordinates": [[-93.88019404353473, 40.76458450504554], [-93.88835451115389, 40.74929456903416]]}}, {"id": "13940", "type": "Feature", "properties": {}, "geometry": {"type": "LineString", "coordinates": [[-93.94744213321475, 40.812059508659296], [-93.9317797286567, 40.8082249091542]]}}, {"id": "13941", "type": "Feature", "properties": {}, "geometry": {"type": "LineString", "coordinates": [[-94.11269040437475, 41.05656913774486], [-94.11093900308273, 41.04808113631326]]}}, {"id": "13942", "type": "Feature", "properties": {}, "geometry": {"type": "LineString", "coordinates": [[-94.14765535500705, 41.12499574677164], [-94.14272261954368, 41.121336213025046]]}}, {"id": "13943", "type": "Feature", "properties": {}, "geometry": {"type": "LineString", "coordinates": [[-94.1498102238291, 41.140735215830766], [-94.14765535500705, 41.12499574677164]]}}, {"id": "13944", "type": "Feature", "properties": {}, "geometry": {"type": "LineString", "coordinates": [[-94.15580602649803, 41.148191816269836], [-94.1498102238291, 41.140735215830766]]}}, {"id": "13945", "type": "Feature", "properties": {}, "geometry": {"type": "LineString", "coordinates": [[-94.16119736179542, 41.15434421730784], [-94.15580602649803, 41.148191816269836]]}}, {"id": "13946", "type": "Feature", "properties": {}, "geometry": {"type": "LineString", "coordinates": [[-94.17118803182161, 41.15701701707951], [-94.16119736179542, 41.15434421730784]]}}, {"id": "14000", "type": "Feature", "properties": {}, "geometry": {"type": "LineString", "coordinates": [[-91.08975574574501, 40.83089194861387], [-91.09107301192145, 40.81975207985752]]}}, {"id": "14003", "type": "Feature", "properties": {}, "geometry": {"type": "LineString", "coordinates": [[-91.06848720972201, 40.86058595462743], [-91.09843521591789, 40.83930608265209]]}}, {"id": "14005", "type": "Feature", "properties": {}, "geometry": {"type": "LineString", "coordinates": [[-91.08975574574501, 40.83089194861387], [-91.0959203472457, 40.824510546985245]]}}, {"id": "14006", "type": "Feature", "properties": {}, "geometry": {"type": "LineString", "coordinates": [[-91.08895514650256, 40.837660549496604], [-91.08975574574501, 40.83089194861387]]}}, {"id": "14007", "type": "Feature", "properties": {}, "geometry": {"type": "LineString", "coordinates": [[-91.07064400902362, 40.850547352665735], [-91.07322074287279, 40.849608885639455]]}}, {"id": "14008", "type": "Feature", "properties": {}, "geometry": {"type": "LineString", "coordinates": [[-91.08499601233063, 40.84226855088448], [-91.08895514650256, 40.837660549496604]]}}, {"id": "14009", "type": "Feature", "properties": {}, "geometry": {"type": "LineString", "coordinates": [[-91.07322074287279, 40.849608885639455], [-91.08499601233063, 40.84226855088448]]}}, {"id": "14010", "type": "Feature", "properties": {}, "geometry": {"type": "LineString", "coordinates": [[-91.09107301192145, 40.81975207985752], [-91.09300001229192, 40.81845414603388]]}}, {"id": "14011", "type": "Feature", "properties": {}, "geometry": {"type": "LineString", "coordinates": [[-91.09300001229192, 40.81845414603388], [-91.09434847875481, 40.816525545838616]]}}, {"id": "14014", "type": "Feature", "properties": {}, "geometry": {"type": "LineString", "coordinates": [[-91.07021074168061, 40.847038152464194], [-91.0704406079854, 40.84564235222065]]}}, {"id": "14015", "type": "Feature", "properties": {}, "geometry": {"type": "LineString", "coordinates": [[-91.07042360916529, 40.849519152655105], [-91.07021074168061, 40.847038152464194]]}}, {"id": "14016", "type": "Feature", "properties": {}, "geometry": {"type": "LineString", "coordinates": [[-91.07064400902362, 40.850547352665735], [-91.07042360916529, 40.849519152655105]]}}, {"id": "14017", "type": "Feature", "properties": {}, "geometry": {"type": "LineString", "coordinates": [[-91.06848720972201, 40.86058595462743], [-91.07064400902362, 40.850547352665735]]}}, {"id": "14018", "type": "Feature", "properties": {}, "geometry": {"type": "LineString", "coordinates": [[-91.03796780224187, 40.87563255888868], [-91.05464500662691, 40.87302149105192], [-91.06848720972201, 40.86058595462743]]}}, {"id": "14021", "type": "Feature", "properties": {}, "geometry": {"type": "LineString", "coordinates": [[-91.34119426024539, 40.6074436963989], [-91.36402299923704, 40.59364769289848]]}}, {"id": "14022", "type": "Feature", "properties": {}, "geometry": {"type": "LineString", "coordinates": [[-91.36402299923704, 40.59364769289848], [-91.37381440137364, 40.588861891112074]]}}, {"id": "14023", "type": "Feature", "properties": {}, "geometry": {"type": "LineString", "coordinates": [[-91.09015394106268, 40.78504707408705], [-91.10212300856833, 40.75593693492109]]}}, {"id": "14024", "type": "Feature", "properties": {}, "geometry": {"type": "LineString", "coordinates": [[-91.10212300856833, 40.75593693492109], [-91.11353780925549, 40.732780730544434]]}}, {"id": "14025", "type": "Feature", "properties": {}, "geometry": {"type": "LineString", "coordinates": [[-91.40722525668295, 40.38173838762542], [-91.41897119345181, 40.37866405328519]]}}, {"id": "14038", "type": "Feature", "properties": {}, "geometry": {"type": "LineString", "coordinates": [[-91.03574240219525, 40.876618759299916], [-91.03796780224187, 40.87563255888868]]}}, {"id": "14042", "type": "Feature", "properties": {}, "geometry": {"type": "LineString", "coordinates": [[-91.37381440137364, 40.588861891112074], [-91.37617880133742, 40.5860544241773]]}}, {"id": "14043", "type": "Feature", "properties": {}, "geometry": {"type": "LineString", "coordinates": [[-91.3783848687408, 40.58397542382063], [-91.38289046965961, 40.57992728967958]]}}, {"id": "14044", "type": "Feature", "properties": {}, "geometry": {"type": "LineString", "coordinates": [[-91.37617880133742, 40.5860544241773], [-91.3783848687408, 40.58397542382063]]}}, {"id": "14045", "type": "Feature", "properties": {}, "geometry": {"type": "LineString", "coordinates": [[-91.38428946995047, 40.57867042230863], [-91.3866216698029, 40.576575021839915]]}}, {"id": "14046", "type": "Feature", "properties": {}, "geometry": {"type": "LineString", "coordinates": [[-91.3866216698029, 40.576575021839915], [-91.38871940397628, 40.57514862152242]]}}, {"id": "14047", "type": "Feature", "properties": {}, "geometry": {"type": "LineString", "coordinates": [[-91.38871940397628, 40.57514862152242], [-91.3948566715395, 40.57164882073419]]}}, {"id": "14048", "type": "Feature", "properties": {}, "geometry": {"type": "LineString", "coordinates": [[-91.3948566715395, 40.57164882073419], [-91.400384339656, 40.568496086465835]]}}, {"id": "14049", "type": "Feature", "properties": {}, "geometry": {"type": "LineString", "coordinates": [[-91.03009433377957, 40.88028796012879], [-91.0305372005197, 40.87996896020925]]}}, {"id": "14050", "type": "Feature", "properties": {}, "geometry": {"type": "LineString", "coordinates": [[-91.02577093275995, 40.88346556083823], [-91.03009433377957, 40.88028796012879]]}}, {"id": "14051", "type": "Feature", "properties": {}, "geometry": {"type": "LineString", "coordinates": [[-91.00014946180572, 40.90883250030419], [-91.00508119654585, 40.90626916624546]]}}, {"id": "14052", "type": "Feature", "properties": {}, "geometry": {"type": "LineString", "coordinates": [[-91.00508119654585, 40.90626916624546], [-91.02577093275995, 40.88346556083823]]}}, {"id": "14056", "type": "Feature", "properties": {}, "geometry": {"type": "LineString", "coordinates": [[-91.38289046965961, 40.57992728967958], [-91.38428946995047, 40.57867042230863]]}}, {"id": "14057", "type": "Feature", "properties": {}, "geometry": {"type": "LineString", "coordinates": [[-91.16188281480348, 40.65027444754397], [-91.17998881929233, 40.64211351149209]]}}, {"id": "14058", "type": "Feature", "properties": {}, "geometry": {"type": "LineString", "coordinates": [[-91.17998881929233, 40.64211351149209], [-91.18261341987143, 40.64078304458841]]}}, {"id": "14059", "type": "Feature", "properties": {}, "geometry": {"type": "LineString", "coordinates": [[-91.11353780925549, 40.732780730544434], [-91.1156663430667, 40.728563663505525]]}}, {"id": "14060", "type": "Feature", "properties": {}, "geometry": {"type": "LineString", "coordinates": [[-91.03796780224187, 40.87563255888868], [-91.04665413734014, 40.86549768985496]]}}, {"id": "14061", "type": "Feature", "properties": {}, "geometry": {"type": "LineString", "coordinates": [[-90.9545961865988, 40.95141837663804], [-90.96389698731771, 40.93683937336734], [-90.99010399364887, 40.92231336991619], [-90.98684079151408, 40.91252696847052], [-91.00014946180572, 40.90883250030419]]}}, {"id": "14062", "type": "Feature", "properties": {}, "geometry": {"type": "LineString", "coordinates": [[-90.95045571940193, 40.96139177866877], [-90.9545961865988, 40.95141837663804]]}}, {"id": "14063", "type": "Feature", "properties": {}, "geometry": {"type": "LineString", "coordinates": [[-90.98343634726717, 41.14594800758011], [-90.98127974649324, 41.14169793984168]]}}, {"id": "14097", "type": "Feature", "properties": {}, "geometry": {"type": "LineString", "coordinates": [[-90.95628692825291, 41.03414572343938], [-90.958387995176, 41.023531322057316]]}}, {"id": "14122", "type": "Feature", "properties": {}, "geometry": {"type": "LineString", "coordinates": [[-90.96226432893323, 41.01920918730996], [-90.96286479520849, 41.018819520868156]]}}, {"id": "14123", "type": "Feature", "properties": {}, "geometry": {"type": "LineString", "coordinates": [[-90.96538039780427, 41.03523678968436], [-90.96405593073251, 41.034756723387815]]}}, {"id": "14124", "type": "Feature", "properties": {}, "geometry": {"type": "LineString", "coordinates": [[-90.96405593073251, 41.034756723387815], [-90.96246559647265, 41.030282789383506]]}}, {"id": "14125", "type": "Feature", "properties": {}, "geometry": {"type": "LineString", "coordinates": [[-90.96246559647265, 41.030282789383506], [-90.96047259597992, 41.027923522468676]]}}, {"id": "14126", "type": "Feature", "properties": {}, "geometry": {"type": "LineString", "coordinates": [[-90.96365819714889, 41.03500938993942], [-90.96405593073251, 41.034756723387815]]}}, {"id": "14127", "type": "Feature", "properties": {}, "geometry": {"type": "LineString", "coordinates": [[-90.9605781300595, 41.03567499036132], [-90.96246559647265, 41.030282789383506]]}}, {"id": "14128", "type": "Feature", "properties": {}, "geometry": {"type": "LineString", "coordinates": [[-90.95845812934517, 41.03137658956763], [-90.96047259597992, 41.027923522468676]]}}, {"id": "14129", "type": "Feature", "properties": {}, "geometry": {"type": "LineString", "coordinates": [[-90.95669019366206, 41.018975787471405], [-90.95647932672551, 41.018592187776456]]}}, {"id": "14130", "type": "Feature", "properties": {}, "geometry": {"type": "LineString", "coordinates": [[-90.9613545286882, 41.01731172046999], [-90.96194392771916, 41.01204118600044]]}}, {"id": "14131", "type": "Feature", "properties": {}, "geometry": {"type": "LineString", "coordinates": [[-90.958387995176, 41.023531322057316], [-90.95817279476654, 41.01973612118683]]}}, {"id": "14132", "type": "Feature", "properties": {}, "geometry": {"type": "LineString", "coordinates": [[-90.95654172729841, 41.020216121464834], [-90.95669019366206, 41.018975787471405]]}}, {"id": "14133", "type": "Feature", "properties": {}, "geometry": {"type": "LineString", "coordinates": [[-90.95817279476654, 41.01973612118683], [-90.95669019366206, 41.018975787471405]]}}, {"id": "14134", "type": "Feature", "properties": {}, "geometry": {"type": "LineString", "coordinates": [[-90.96047259597992, 41.027923522468676], [-90.96226432893323, 41.01920918730996]]}}, {"id": "14135", "type": "Feature", "properties": {}, "geometry": {"type": "LineString", "coordinates": [[-90.95817279476654, 41.01973612118683], [-90.9613545286882, 41.01731172046999]]}}, {"id": "14136", "type": "Feature", "properties": {}, "geometry": {"type": "LineString", "coordinates": [[-90.96226432893323, 41.01920918730996], [-90.9613545286882, 41.01731172046999]]}}, {"id": "14149", "type": "Feature", "properties": {}, "geometry": {"type": "LineString", "coordinates": [[-91.11768940837534, 40.71453652730748], [-91.120178008512, 40.70691052600914]]}}, {"id": "14163", "type": "Feature", "properties": {}, "geometry": {"type": "LineString", "coordinates": [[-91.19596335607226, 40.63628310948547], [-91.21460102846203, 40.63873110927365]]}}, {"id": "14164", "type": "Feature", "properties": {}, "geometry": {"type": "LineString", "coordinates": [[-91.18261341987143, 40.64078304458841], [-91.19596335607226, 40.63628310948547]]}}, {"id": "14166", "type": "Feature", "properties": {}, "geometry": {"type": "LineString", "coordinates": [[-92.04637472182135, 41.24124029366119], [-92.03600891892576, 41.24107216113463]]}}, {"id": "14167", "type": "Feature", "properties": {}, "geometry": {"type": "LineString", "coordinates": [[-92.05874292518078, 41.2396698924829], [-92.05522012520024, 41.24579896023312], [-92.04637472182135, 41.24124029366119]]}}, {"id": "14168", "type": "Feature", "properties": {}, "geometry": {"type": "LineString", "coordinates": [[-92.0622265262756, 41.24163949286059], [-92.05874292518078, 41.2396698924829]]}}, {"id": "14169", "type": "Feature", "properties": {}, "geometry": {"type": "LineString", "coordinates": [[-92.07165226288758, 41.24253675878111], [-92.06834386201928, 41.24752249294555], [-92.0622265262756, 41.24163949286059]]}}, {"id": "14170", "type": "Feature", "properties": {}, "geometry": {"type": "LineString", "coordinates": [[-92.07956513145824, 41.24013829119191], [-92.07165226288758, 41.24253675878111]]}}, {"id": "14171", "type": "Feature", "properties": {}, "geometry": {"type": "LineString", "coordinates": [[-92.0841733325589, 41.23849289095582], [-92.07956513145824, 41.24013829119191]]}}, {"id": "14172", "type": "Feature", "properties": {}, "geometry": {"type": "LineString", "coordinates": [[-92.10056967058556, 41.240374156731406], [-92.0841733325589, 41.23849289095582]]}}, {"id": "14173", "type": "Feature", "properties": {}, "geometry": {"type": "LineString", "coordinates": [[-92.10423787097966, 41.238430356436005], [-92.10056967058556, 41.240374156731406]]}}, {"id": "14174", "type": "Feature", "properties": {}, "geometry": {"type": "LineString", "coordinates": [[-92.12336274376547, 41.240263088733855], [-92.10423787097966, 41.238430356436005]]}}, {"id": "14175", "type": "Feature", "properties": {}, "geometry": {"type": "LineString", "coordinates": [[-92.12663607799833, 41.24573115621925], [-92.12336274376547, 41.240263088733855]]}}, {"id": "14176", "type": "Feature", "properties": {}, "geometry": {"type": "LineString", "coordinates": [[-92.13039474592807, 41.24408395555019], [-92.12663607799833, 41.24573115621925]]}}, {"id": "14177", "type": "Feature", "properties": {}, "geometry": {"type": "LineString", "coordinates": [[-92.13842728177268, 41.24408355500814], [-92.13039474592807, 41.24408395555019]]}}, {"id": "14178", "type": "Feature", "properties": {}, "geometry": {"type": "LineString", "coordinates": [[-92.14227708288968, 41.24492975507663], [-92.13842728177268, 41.24408355500814]]}}, {"id": "14179", "type": "Feature", "properties": {}, "geometry": {"type": "LineString", "coordinates": [[-92.15882688730284, 41.24350808701454], [-92.14227708288968, 41.24492975507663]]}}, {"id": "14180", "type": "Feature", "properties": {}, "geometry": {"type": "LineString", "coordinates": [[-92.16580055646416, 41.24709795418978], [-92.15882688730284, 41.24350808701454]]}}, {"id": "14181", "type": "Feature", "properties": {}, "geometry": {"type": "LineString", "coordinates": [[-92.17516469200388, 41.243251086195585], [-92.16580055646416, 41.24709795418978]]}}, {"id": "14182", "type": "Feature", "properties": {}, "geometry": {"type": "LineString", "coordinates": [[-92.1829516931285, 41.239587085406264], [-92.17516469200388, 41.243251086195585]]}}, {"id": "14183", "type": "Feature", "properties": {}, "geometry": {"type": "LineString", "coordinates": [[-92.20376489828682, 41.231018749089564], [-92.1829516931285, 41.239587085406264]]}}, {"id": "14184", "type": "Feature", "properties": {}, "geometry": {"type": "LineString", "coordinates": [[-92.2092795659845, 41.23019154834237], [-92.20376489828682, 41.231018749089564]]}}, {"id": "14185", "type": "Feature", "properties": {}, "geometry": {"type": "LineString", "coordinates": [[-92.21886310245593, 41.235194748721725], [-92.2092795659845, 41.23019154834237]]}}, {"id": "14186", "type": "Feature", "properties": {}, "geometry": {"type": "LineString", "coordinates": [[-92.2234387710686, 41.23464208191882], [-92.21886310245593, 41.235194748721725]]}}, {"id": "14187", "type": "Feature", "properties": {}, "geometry": {"type": "LineString", "coordinates": [[-92.22759197188462, 41.23532494854598], [-92.2234387710686, 41.23464208191882]]}}, {"id": "14188", "type": "Feature", "properties": {}, "geometry": {"type": "LineString", "coordinates": [[-92.22825917220568, 41.235598948700805], [-92.22759197188462, 41.23532494854598]]}}, {"id": "14189", "type": "Feature", "properties": {}, "geometry": {"type": "LineString", "coordinates": [[-92.24099617621007, 41.240117281387995], [-92.22825917220568, 41.235598948700805]]}}, {"id": "14190", "type": "Feature", "properties": {}, "geometry": {"type": "LineString", "coordinates": [[-92.24400577765195, 41.245101882361396], [-92.24099617621007, 41.240117281387995]]}}, {"id": "14191", "type": "Feature", "properties": {}, "geometry": {"type": "LineString", "coordinates": [[-92.24018957711984, 41.246981682699115], [-92.24400577765195, 41.245101882361396]]}}, {"id": "14192", "type": "Feature", "properties": {}, "geometry": {"type": "LineString", "coordinates": [[-92.24431037750018, 41.245970948791225], [-92.24018957711984, 41.246981682699115]]}}, {"id": "14193", "type": "Feature", "properties": {}, "geometry": {"type": "LineString", "coordinates": [[-92.2504203793979, 41.24525194870711], [-92.24431037750018, 41.245970948791225]]}}, {"id": "14194", "type": "Feature", "properties": {}, "geometry": {"type": "LineString", "coordinates": [[-92.26248298308418, 41.24636274816069], [-92.2504203793979, 41.24525194870711]]}}, {"id": "14195", "type": "Feature", "properties": {}, "geometry": {"type": "LineString", "coordinates": [[-92.25727878123354, 41.24109528083499], [-92.26248298308418, 41.24636274816069]]}}, {"id": "14196", "type": "Feature", "properties": {}, "geometry": {"type": "LineString", "coordinates": [[-92.28220038732633, 41.23700027857405], [-92.25727878123354, 41.24109528083499]]}}, {"id": "14197", "type": "Feature", "properties": {}, "geometry": {"type": "LineString", "coordinates": [[-92.28963032249857, 41.23391747776219], [-92.28220038732633, 41.23700027857405]]}}, {"id": "14198", "type": "Feature", "properties": {}, "geometry": {"type": "LineString", "coordinates": [[-92.3050811270948, 41.239464944658465], [-92.28963032249857, 41.23391747776219]]}}, {"id": "14199", "type": "Feature", "properties": {}, "geometry": {"type": "LineString", "coordinates": [[-92.3011647931546, 41.24488474565912], [-92.3050811270948, 41.239464944658465]]}}, {"id": "14200", "type": "Feature", "properties": {}, "geometry": {"type": "LineString", "coordinates": [[-92.31865019922436, 41.25733787970429], [-92.31504773035623, 41.24530487805493], [-92.3011647931546, 41.24488474565912]]}}, {"id": "14201", "type": "Feature", "properties": {}, "geometry": {"type": "LineString", "coordinates": [[-92.32446573516857, 41.26461594719692], [-92.31865019922436, 41.25733787970429]]}}, {"id": "14202", "type": "Feature", "properties": {}, "geometry": {"type": "LineString", "coordinates": [[-92.33186340465245, 41.26587728041323], [-92.32446573516857, 41.26461594719692]]}}, {"id": "14203", "type": "Feature", "properties": {}, "geometry": {"type": "LineString", "coordinates": [[-92.3396263399106, 41.265445079594286], [-92.33186340465245, 41.26587728041323]]}}, {"id": "14204", "type": "Feature", "properties": {}, "geometry": {"type": "LineString", "coordinates": [[-92.34453920733483, 41.26393647927221], [-92.3396263399106, 41.265445079594286]]}}, {"id": "14205", "type": "Feature", "properties": {}, "geometry": {"type": "LineString", "coordinates": [[-92.34769314199173, 41.26318227880864], [-92.34453920733483, 41.26393647927221]]}}, {"id": "14206", "type": "Feature", "properties": {}, "geometry": {"type": "LineString", "coordinates": [[-92.36364261218196, 41.26087414460509], [-92.34769314199173, 41.26318227880864]]}}, {"id": "14207", "type": "Feature", "properties": {}, "geometry": {"type": "LineString", "coordinates": [[-92.38544381952404, 41.2662734769516], [-92.36364261218196, 41.26087414460509]]}}, {"id": "14208", "type": "Feature", "properties": {}, "geometry": {"type": "LineString", "coordinates": [[-92.3870810197906, 41.26535807689035], [-92.38544381952404, 41.2662734769516]]}}, {"id": "14209", "type": "Feature", "properties": {}, "geometry": {"type": "LineString", "coordinates": [[-92.4066098254338, 41.267504875886516], [-92.3870810197906, 41.26535807689035]]}}, {"id": "14210", "type": "Feature", "properties": {}, "geometry": {"type": "LineString", "coordinates": [[-92.4276246314065, 41.26804614146799], [-92.4066098254338, 41.267504875886516]]}}, {"id": "14211", "type": "Feature", "properties": {}, "geometry": {"type": "LineString", "coordinates": [[-92.42901963149941, 41.268205674768126], [-92.4276246314065, 41.26804614146799]]}}, {"id": "14212", "type": "Feature", "properties": {}, "geometry": {"type": "LineString", "coordinates": [[-92.43915196764254, 41.27245594194958], [-92.42901963149941, 41.268205674768126]]}}, {"id": "14213", "type": "Feature", "properties": {}, "geometry": {"type": "LineString", "coordinates": [[-92.44098683679748, 41.28794394427905], [-92.43915196764254, 41.27245594194958]]}}, {"id": "14214", "type": "Feature", "properties": {}, "geometry": {"type": "LineString", "coordinates": [[-92.44110997067011, 41.289613944622154], [-92.44098683679748, 41.28794394427905]]}}, {"id": "14215", "type": "Feature", "properties": {}, "geometry": {"type": "LineString", "coordinates": [[-92.44305417108333, 41.292358477801145], [-92.44110997067011, 41.289613944622154]]}}, {"id": "14216", "type": "Feature", "properties": {}, "geometry": {"type": "LineString", "coordinates": [[-92.4457547718304, 41.29313454480796], [-92.44305417108333, 41.292358477801145]]}}, {"id": "14217", "type": "Feature", "properties": {}, "geometry": {"type": "LineString", "coordinates": [[-92.4700631798254, 41.29979767734113], [-92.4457547718304, 41.29313454480796]]}}, {"id": "14218", "type": "Feature", "properties": {}, "geometry": {"type": "LineString", "coordinates": [[-92.47980484943126, 41.30166527706867], [-92.4700631798254, 41.29979767734113]]}}, {"id": "14219", "type": "Feature", "properties": {}, "geometry": {"type": "LineString", "coordinates": [[-92.4910625859792, 41.30263827684089], [-92.47980484943126, 41.30166527706867]]}}, {"id": "14220", "type": "Feature", "properties": {}, "geometry": {"type": "LineString", "coordinates": [[-92.49670665419691, 41.30306707651057], [-92.4910625859792, 41.30263827684089]]}}, {"id": "14221", "type": "Feature", "properties": {}, "geometry": {"type": "LineString", "coordinates": [[-92.49716178743225, 41.30308947648132], [-92.49670665419691, 41.30306707651057]]}}, {"id": "14222", "type": "Feature", "properties": {}, "geometry": {"type": "LineString", "coordinates": [[-92.50965865738814, 41.30560994265847], [-92.49716178743225, 41.30308947648132]]}}, {"id": "14223", "type": "Feature", "properties": {}, "geometry": {"type": "LineString", "coordinates": [[-92.51671339411398, 41.31453947747779], [-92.50965865738814, 41.30560994265847]]}}, {"id": "14224", "type": "Feature", "properties": {}, "geometry": {"type": "LineString", "coordinates": [[-92.51835119445515, 41.31511294376583], [-92.51671339411398, 41.31453947747779]]}}, {"id": "14225", "type": "Feature", "properties": {}, "geometry": {"type": "LineString", "coordinates": [[-92.52966606475344, 41.31782234373746], [-92.51835119445515, 41.31511294376583]]}}, {"id": "14226", "type": "Feature", "properties": {}, "geometry": {"type": "LineString", "coordinates": [[-92.53257839931129, 41.318579876545584], [-92.52966606475344, 41.31782234373746]]}}, {"id": "14227", "type": "Feature", "properties": {}, "geometry": {"type": "LineString", "coordinates": [[-92.54143480166253, 41.322521543459345], [-92.53257839931129, 41.318579876545584]]}}, {"id": "14228", "type": "Feature", "properties": {}, "geometry": {"type": "LineString", "coordinates": [[-92.54246640178201, 41.32275107681476], [-92.54143480166253, 41.322521543459345]]}}, {"id": "14229", "type": "Feature", "properties": {}, "geometry": {"type": "LineString", "coordinates": [[-92.54908247049333, 41.32289287649831], [-92.54246640178201, 41.32275107681476]]}}, {"id": "14230", "type": "Feature", "properties": {}, "geometry": {"type": "LineString", "coordinates": [[-92.56871401016737, 41.328326276479295], [-92.54908247049333, 41.32289287649831]]}}, {"id": "14231", "type": "Feature", "properties": {}, "geometry": {"type": "LineString", "coordinates": [[-92.57456741189743, 41.33404867657875], [-92.56871401016737, 41.328326276479295]]}}, {"id": "14232", "type": "Feature", "properties": {}, "geometry": {"type": "LineString", "coordinates": [[-92.5786936803229, 41.33668127676187], [-92.57456741189743, 41.33404867657875]]}}, {"id": "14233", "type": "Feature", "properties": {}, "geometry": {"type": "LineString", "coordinates": [[-92.58789068340569, 41.33840047704569], [-92.5786936803229, 41.33668127676187]]}}, {"id": "14234", "type": "Feature", "properties": {}, "geometry": {"type": "LineString", "coordinates": [[-92.58886201645105, 41.33853807645092], [-92.58789068340569, 41.33840047704569]]}}, {"id": "14235", "type": "Feature", "properties": {}, "geometry": {"type": "LineString", "coordinates": [[-92.60094168722942, 41.34478707691798], [-92.58886201645105, 41.33853807645092]]}}, {"id": "14236", "type": "Feature", "properties": {}, "geometry": {"type": "LineString", "coordinates": [[-92.60503948894188, 41.34725867743322], [-92.60094168722942, 41.34478707691798]]}}, {"id": "14237", "type": "Feature", "properties": {}, "geometry": {"type": "LineString", "coordinates": [[-92.60859122365771, 41.34931827735755], [-92.60503948894188, 41.34725867743322]]}}, {"id": "14238", "type": "Feature", "properties": {}, "geometry": {"type": "LineString", "coordinates": [[-92.62046242689969, 41.35288847698723], [-92.60859122365771, 41.34931827735755]]}}, {"id": "14239", "type": "Feature", "properties": {}, "geometry": {"type": "LineString", "coordinates": [[-92.62273962739884, 41.35330014336469], [-92.62046242689969, 41.35288847698723]]}}, {"id": "14240", "type": "Feature", "properties": {}, "geometry": {"type": "LineString", "coordinates": [[-92.63643416452919, 41.35538154307215], [-92.62273962739884, 41.35330014336469]]}}, {"id": "14241", "type": "Feature", "properties": {}, "geometry": {"type": "LineString", "coordinates": [[-92.64250743341661, 41.356295876189066], [-92.63643416452919, 41.35538154307215]]}}, {"id": "14242", "type": "Feature", "properties": {}, "geometry": {"type": "LineString", "coordinates": [[-92.64979463527335, 41.35492167583226], [-92.64250743341661, 41.356295876189066]]}}, {"id": "14243", "type": "Feature", "properties": {}, "geometry": {"type": "LineString", "coordinates": [[-92.6635507725777, 41.35649634205508], [-92.64979463527335, 41.35492167583226]]}}, {"id": "14244", "type": "Feature", "properties": {}, "geometry": {"type": "LineString", "coordinates": [[-92.66835044059802, 41.35960627544258], [-92.6635507725777, 41.35649634205508]]}}, {"id": "14245", "type": "Feature", "properties": {}, "geometry": {"type": "LineString", "coordinates": [[-92.67543117726312, 41.36658134288608], [-92.66835044059802, 41.35960627544258]]}}, {"id": "14246", "type": "Feature", "properties": {}, "geometry": {"type": "LineString", "coordinates": [[-92.69736758375042, 41.375011742946825], [-92.67543117726312, 41.36658134288608]]}}, {"id": "14247", "type": "Feature", "properties": {}, "geometry": {"type": "LineString", "coordinates": [[-92.70493298666412, 41.37681407614164], [-92.69736758375042, 41.375011742946825]]}}, {"id": "14248", "type": "Feature", "properties": {}, "geometry": {"type": "LineString", "coordinates": [[-92.70848805412965, 41.377703742622614], [-92.70493298666412, 41.37681407614164]]}}, {"id": "14249", "type": "Feature", "properties": {}, "geometry": {"type": "LineString", "coordinates": [[-92.71693425607776, 41.37900134238431], [-92.70848805412965, 41.377703742622614]]}}, {"id": "14250", "type": "Feature", "properties": {}, "geometry": {"type": "LineString", "coordinates": [[-92.7234042578256, 41.37899607532678], [-92.71693425607776, 41.37900134238431]]}}, {"id": "14251", "type": "Feature", "properties": {}, "geometry": {"type": "LineString", "coordinates": [[-92.7243762583192, 41.37894947526286], [-92.7234042578256, 41.37899607532678]]}}, {"id": "14252", "type": "Feature", "properties": {}, "geometry": {"type": "LineString", "coordinates": [[-92.72923639283964, 41.37894507436116], [-92.7243762583192, 41.37894947526286]]}}, {"id": "14253", "type": "Feature", "properties": {}, "geometry": {"type": "LineString", "coordinates": [[-92.73348919436275, 41.37903254096234], [-92.72923639283964, 41.37894507436116]]}}, {"id": "14254", "type": "Feature", "properties": {}, "geometry": {"type": "LineString", "coordinates": [[-92.7405425970904, 41.38257187445333], [-92.73348919436275, 41.37903254096234]]}}, {"id": "14255", "type": "Feature", "properties": {}, "geometry": {"type": "LineString", "coordinates": [[-92.74240219776343, 41.38625347503823], [-92.7405425970904, 41.38257187445333]]}}, {"id": "14256", "type": "Feature", "properties": {}, "geometry": {"type": "LineString", "coordinates": [[-92.74468479893407, 41.38858474191185], [-92.74240219776343, 41.38625347503823]]}}, {"id": "14257", "type": "Feature", "properties": {}, "geometry": {"type": "LineString", "coordinates": [[-92.75369986801898, 41.39530774228206], [-92.74468479893407, 41.38858474191185]]}}, {"id": "14258", "type": "Feature", "properties": {}, "geometry": {"type": "LineString", "coordinates": [[-92.7794512766858, 41.40464334255355], [-92.75369986801898, 41.39530774228206]]}}, {"id": "14259", "type": "Feature", "properties": {}, "geometry": {"type": "LineString", "coordinates": [[-92.78984261329504, 41.40577247558723], [-92.7794512766858, 41.40464334255355]]}}, {"id": "14260", "type": "Feature", "properties": {}, "geometry": {"type": "LineString", "coordinates": [[-92.79525121421217, 41.40618807502848], [-92.78984261329504, 41.40577247558723]]}}, {"id": "14261", "type": "Feature", "properties": {}, "geometry": {"type": "LineString", "coordinates": [[-92.79856208185424, 41.40747154155634], [-92.79525121421217, 41.40618807502848]]}}, {"id": "14262", "type": "Feature", "properties": {}, "geometry": {"type": "LineString", "coordinates": [[-92.80020021636871, 41.41001207515833], [-92.79856208185424, 41.40747154155634]]}}, {"id": "14263", "type": "Feature", "properties": {}, "geometry": {"type": "LineString", "coordinates": [[-92.80088621753036, 41.42113174392747], [-92.80020021636871, 41.41001207515833]]}}, {"id": "14264", "type": "Feature", "properties": {}, "geometry": {"type": "LineString", "coordinates": [[-92.80236608595975, 41.42957507815057], [-92.80088621753036, 41.42113174392747]]}}, {"id": "14265", "type": "Feature", "properties": {}, "geometry": {"type": "LineString", "coordinates": [[-92.80764808820221, 41.43671647897486], [-92.80236608595975, 41.42957507815057]]}}, {"id": "14275", "type": "Feature", "properties": {}, "geometry": {"type": "LineString", "coordinates": [[-92.81962229137635, 41.44182467898839], [-92.80764808820221, 41.43671647897486]]}}, {"id": "14276", "type": "Feature", "properties": {}, "geometry": {"type": "LineString", "coordinates": [[-92.84153689934496, 41.455994880381766], [-92.81962229137635, 41.44182467898839]]}}, {"id": "14277", "type": "Feature", "properties": {}, "geometry": {"type": "LineString", "coordinates": [[-92.85421603657369, 41.464531481018376], [-92.84153689934496, 41.455994880381766]]}}, {"id": "14305", "type": "Feature", "properties": {}, "geometry": {"type": "LineString", "coordinates": [[-92.87130984185828, 41.46389254638843], [-92.85421603657369, 41.464531481018376]]}}, {"id": "14306", "type": "Feature", "properties": {}, "geometry": {"type": "LineString", "coordinates": [[-92.87544630975549, 41.463778145861134], [-92.87130984185828, 41.46389254638843]]}}, {"id": "14307", "type": "Feature", "properties": {}, "geometry": {"type": "LineString", "coordinates": [[-92.90525605175442, 41.468807144942396], [-92.90178584993039, 41.462539277452095], [-92.87544630975549, 41.463778145861134]]}}, {"id": "14308", "type": "Feature", "properties": {}, "geometry": {"type": "LineString", "coordinates": [[-92.90480271874291, 41.47573954588887], [-92.90525605175442, 41.468807144942396]]}}, {"id": "14309", "type": "Feature", "properties": {}, "geometry": {"type": "LineString", "coordinates": [[-92.90417112045319, 41.493127682345644], [-92.90480271874291, 41.47573954588887]]}}, {"id": "14310", "type": "Feature", "properties": {}, "geometry": {"type": "LineString", "coordinates": [[-92.90925405602869, 41.495299748919216], [-92.90417112045319, 41.493127682345644]]}}, {"id": "14311", "type": "Feature", "properties": {}, "geometry": {"type": "LineString", "coordinates": [[-92.9108365228433, 41.49557388243646], [-92.90925405602869, 41.495299748919216]]}}, {"id": "14312", "type": "Feature", "properties": {}, "geometry": {"type": "LineString", "coordinates": [[-92.93049692808233, 41.49817394842962], [-92.9108365228433, 41.49557388243646]]}}, {"id": "14313", "type": "Feature", "properties": {}, "geometry": {"type": "LineString", "coordinates": [[-92.93341852966067, 41.49842408124964], [-92.93049692808233, 41.49817394842962]]}}, {"id": "14314", "type": "Feature", "properties": {}, "geometry": {"type": "LineString", "coordinates": [[-92.93515333008621, 41.498629148130455], [-92.93341852966067, 41.49842408124964]]}}, {"id": "14315", "type": "Feature", "properties": {}, "geometry": {"type": "LineString", "coordinates": [[-92.94936766747425, 41.50001708041504], [-92.94936726682563, 41.50001708041504]]}}, {"id": "14316", "type": "Feature", "properties": {}, "geometry": {"type": "LineString", "coordinates": [[-92.95630813580101, 41.501267480606366], [-92.94936766747425, 41.50001708041504]]}}, {"id": "14317", "type": "Feature", "properties": {}, "geometry": {"type": "LineString", "coordinates": [[-92.94936726682563, 41.50001708041504], [-92.93515333008621, 41.498629148130455]]}}, {"id": "14318", "type": "Feature", "properties": {}, "geometry": {"type": "LineString", "coordinates": [[-92.96249173846657, 41.50558688060641], [-92.95630813580101, 41.501267480606366]]}}, {"id": "14319", "type": "Feature", "properties": {}, "geometry": {"type": "LineString", "coordinates": [[-92.96597153968771, 41.51290548208081], [-92.96249173846657, 41.50558688060641]]}}, {"id": "14320", "type": "Feature", "properties": {}, "geometry": {"type": "LineString", "coordinates": [[-92.96707007327899, 41.51475768174435], [-92.96597153968771, 41.51290548208081]]}}, {"id": "14321", "type": "Feature", "properties": {}, "geometry": {"type": "LineString", "coordinates": [[-92.97076274198481, 41.52132088263998], [-92.96707007327899, 41.51475768174435]]}}, {"id": "14322", "type": "Feature", "properties": {}, "geometry": {"type": "LineString", "coordinates": [[-92.9724104758964, 41.52390474947215], [-92.97076274198481, 41.52132088263998]]}}, {"id": "14323", "type": "Feature", "properties": {}, "geometry": {"type": "LineString", "coordinates": [[-92.98515648101993, 41.53606468410448], [-92.9724104758964, 41.52390474947215]]}}, {"id": "14324", "type": "Feature", "properties": {}, "geometry": {"type": "LineString", "coordinates": [[-92.99618175064032, 41.53747188388308], [-92.98515648101993, 41.53606468410448]]}}, {"id": "14325", "type": "Feature", "properties": {}, "geometry": {"type": "LineString", "coordinates": [[-93.03058269491981, 41.55042795044686], [-93.02708516005663, 41.54435994985933]]}}, {"id": "14326", "type": "Feature", "properties": {}, "geometry": {"type": "LineString", "coordinates": [[-93.03064909479235, 41.550624084135684], [-93.03058269491981, 41.55042795044686]]}}, {"id": "14327", "type": "Feature", "properties": {}, "geometry": {"type": "LineString", "coordinates": [[-93.0300921635707, 41.56541515265754], [-93.03076589554222, 41.55096928354908]]}}, {"id": "14328", "type": "Feature", "properties": {}, "geometry": {"type": "LineString", "coordinates": [[-93.03990250039688, 41.57784435411807], [-93.0300921635707, 41.56541515265754]]}}, {"id": "14329", "type": "Feature", "properties": {}, "geometry": {"type": "LineString", "coordinates": [[-93.03076589554222, 41.55096928354908], [-93.03064909479235, 41.550624084135684]]}}, {"id": "14330", "type": "Feature", "properties": {}, "geometry": {"type": "LineString", "coordinates": [[-93.04985690453672, 41.586923688732746], [-93.04284330166777, 41.58070268759757]]}}, {"id": "14331", "type": "Feature", "properties": {}, "geometry": {"type": "LineString", "coordinates": [[-93.04284330166777, 41.58070268759757], [-93.03990250039688, 41.57784435411807]]}}, {"id": "14332", "type": "Feature", "properties": {}, "geometry": {"type": "LineString", "coordinates": [[-93.08321711642358, 41.615510557326694], [-93.08190498322068, 41.61434095723441]]}}, {"id": "14333", "type": "Feature", "properties": {}, "geometry": {"type": "LineString", "coordinates": [[-93.0895367195316, 41.620615558106834], [-93.08321711642358, 41.615510557326694]]}}, {"id": "14344", "type": "Feature", "properties": {}, "geometry": {"type": "LineString", "coordinates": [[-93.1090729254961, 41.63305835913104], [-93.10314312384774, 41.629971291804345]]}}, {"id": "14345", "type": "Feature", "properties": {}, "geometry": {"type": "LineString", "coordinates": [[-93.13095693325286, 41.64527049268208], [-93.11870619539661, 41.638554958766825]]}}, {"id": "14346", "type": "Feature", "properties": {}, "geometry": {"type": "LineString", "coordinates": [[-93.102865724088, 41.62956609211318], [-93.0895367195316, 41.620615558106834]]}}, {"id": "14347", "type": "Feature", "properties": {}, "geometry": {"type": "LineString", "coordinates": [[-93.11870619539661, 41.638554958766825], [-93.1090729254961, 41.63305835913104]]}}, {"id": "14348", "type": "Feature", "properties": {}, "geometry": {"type": "LineString", "coordinates": [[-93.10314312384774, 41.629971291804345], [-93.102865724088, 41.62956609211318]]}}, {"id": "14349", "type": "Feature", "properties": {}, "geometry": {"type": "LineString", "coordinates": [[-93.15643320950774, 41.671193695075154], [-93.15581534286542, 41.6703364948647]]}}, {"id": "14350", "type": "Feature", "properties": {}, "geometry": {"type": "LineString", "coordinates": [[-93.15372640858857, 41.66630609455512], [-93.14661560531091, 41.65588969335773]]}}, {"id": "14351", "type": "Feature", "properties": {}, "geometry": {"type": "LineString", "coordinates": [[-93.15581534286542, 41.6703364948647], [-93.15372640858857, 41.66630609455512]]}}, {"id": "14352", "type": "Feature", "properties": {}, "geometry": {"type": "LineString", "coordinates": [[-93.15776501042548, 41.67417336233023], [-93.15643320950774, 41.671193695075154]]}}, {"id": "14353", "type": "Feature", "properties": {}, "geometry": {"type": "LineString", "coordinates": [[-93.1664051469653, 41.680532896360354], [-93.15776501042548, 41.67417336233023]]}}, {"id": "14365", "type": "Feature", "properties": {}, "geometry": {"type": "LineString", "coordinates": [[-93.19395082273284, 41.692174362759275], [-93.18417555254211, 41.687896496064084]]}}, {"id": "14366", "type": "Feature", "properties": {}, "geometry": {"type": "LineString", "coordinates": [[-93.19835602434225, 41.69437489641275], [-93.19395082273284, 41.692174362759275]]}}, {"id": "14367", "type": "Feature", "properties": {}, "geometry": {"type": "LineString", "coordinates": [[-93.18417555254211, 41.687896496064084], [-93.1664051469653, 41.680532896360354]]}}, {"id": "14368", "type": "Feature", "properties": {}, "geometry": {"type": "LineString", "coordinates": [[-93.20875762959348, 41.72112476683404], [-93.19831462368576, 41.694707763027445]]}}, {"id": "14369", "type": "Feature", "properties": {}, "geometry": {"type": "LineString", "coordinates": [[-93.19831462368576, 41.694707763027445], [-93.19823135704544, 41.69464549660333]]}}, {"id": "14370", "type": "Feature", "properties": {}, "geometry": {"type": "LineString", "coordinates": [[-93.19823135704544, 41.69464549660333], [-93.19835602434225, 41.69437489641275]]}}, {"id": "14371", "type": "Feature", "properties": {}, "geometry": {"type": "LineString", "coordinates": [[-93.21040743052855, 41.72178696684306], [-93.20875762959348, 41.72112476683404]]}}, {"id": "14372", "type": "Feature", "properties": {}, "geometry": {"type": "LineString", "coordinates": [[-93.22098156711156, 41.727246366933976], [-93.21040743052855, 41.72178696684306]]}}, {"id": "14373", "type": "Feature", "properties": {}, "geometry": {"type": "LineString", "coordinates": [[-93.2221797678853, 41.73200396745432], [-93.22098156711156, 41.727246366933976]]}}, {"id": "14374", "type": "Feature", "properties": {}, "geometry": {"type": "LineString", "coordinates": [[-93.22246236889052, 41.73705976848773], [-93.2221797678853, 41.73200396745432]]}}, {"id": "14375", "type": "Feature", "properties": {}, "geometry": {"type": "LineString", "coordinates": [[-93.2242380363733, 41.7398035689258], [-93.22246236889052, 41.73705976848773]]}}, {"id": "14376", "type": "Feature", "properties": {}, "geometry": {"type": "LineString", "coordinates": [[-93.22758777232107, 41.75314830359713], [-93.2242380363733, 41.7398035689258]]}}, {"id": "14377", "type": "Feature", "properties": {}, "geometry": {"type": "LineString", "coordinates": [[-93.228199039041, 41.753376504031955], [-93.22758777232107, 41.75314830359713]]}}, {"id": "14378", "type": "Feature", "properties": {}, "geometry": {"type": "LineString", "coordinates": [[-93.2440626437648, 41.75718170358611], [-93.228199039041, 41.753376504031955]]}}, {"id": "14379", "type": "Feature", "properties": {}, "geometry": {"type": "LineString", "coordinates": [[-93.26398544959328, 41.7648547701265], [-93.2440626437648, 41.75718170358611]]}}, {"id": "14459", "type": "Feature", "properties": {}, "geometry": {"type": "LineString", "coordinates": [[-93.33586079723442, 41.70815768984469], [-93.3270626605108, 41.70308048978343]]}}, {"id": "14460", "type": "Feature", "properties": {}, "geometry": {"type": "LineString", "coordinates": [[-93.34672180092196, 41.71636109084484], [-93.33948759787035, 41.710713556807754]]}}, {"id": "14461", "type": "Feature", "properties": {}, "geometry": {"type": "LineString", "coordinates": [[-93.34763466801535, 41.71701089071527], [-93.34672180092196, 41.71636109084484]]}}, {"id": "14462", "type": "Feature", "properties": {}, "geometry": {"type": "LineString", "coordinates": [[-93.33948759787035, 41.710713556807754], [-93.33586079723442, 41.70815768984469]]}}, {"id": "14463", "type": "Feature", "properties": {}, "geometry": {"type": "LineString", "coordinates": [[-93.37385447623763, 41.72677409060441], [-93.37207407553161, 41.72579909056895]]}}, {"id": "14464", "type": "Feature", "properties": {}, "geometry": {"type": "LineString", "coordinates": [[-93.38469788013211, 41.73564455793666], [-93.37385447623763, 41.72677409060441]]}}, {"id": "14465", "type": "Feature", "properties": {}, "geometry": {"type": "LineString", "coordinates": [[-93.39210488311176, 41.741695358232064], [-93.38469788013211, 41.73564455793666]]}}, {"id": "14466", "type": "Feature", "properties": {}, "geometry": {"type": "LineString", "coordinates": [[-93.40469842077539, 41.75336355922994], [-93.39210488311176, 41.741695358232064]]}}, {"id": "14467", "type": "Feature", "properties": {}, "geometry": {"type": "LineString", "coordinates": [[-93.40625882137337, 41.754549959327576], [-93.40469842077539, 41.75336355922994]]}}, {"id": "14468", "type": "Feature", "properties": {}, "geometry": {"type": "LineString", "coordinates": [[-93.50358445790648, 41.841535700927686], [-93.4795896481839, 41.81297196425138]]}}, {"id": "14469", "type": "Feature", "properties": {}, "geometry": {"type": "LineString", "coordinates": [[-93.50767052762131, 41.86116037028309], [-93.50788026088398, 41.85983810328476]]}}, {"id": "14470", "type": "Feature", "properties": {}, "geometry": {"type": "LineString", "coordinates": [[-93.50788026088398, 41.85983810328476], [-93.5090158607605, 41.85291576850604]]}}, {"id": "14471", "type": "Feature", "properties": {}, "geometry": {"type": "LineString", "coordinates": [[-93.5076411275587, 41.861345703518154], [-93.50767052762131, 41.86116037028309]]}}, {"id": "14472", "type": "Feature", "properties": {}, "geometry": {"type": "LineString", "coordinates": [[-93.50758366143167, 41.86170810321504], [-93.5076411275587, 41.861345703518154]]}}, {"id": "14473", "type": "Feature", "properties": {}, "geometry": {"type": "LineString", "coordinates": [[-93.5090158607605, 41.85291576850604], [-93.50358445790648, 41.841535700927686]]}}, {"id": "14474", "type": "Feature", "properties": {}, "geometry": {"type": "LineString", "coordinates": [[-93.51600293368418, 41.8919435744148], [-93.50755866311393, 41.88070690625908]]}}, {"id": "14475", "type": "Feature", "properties": {}, "geometry": {"type": "LineString", "coordinates": [[-93.50755866311393, 41.88070690625908], [-93.50690666228746, 41.873451772188986]]}}, {"id": "14476", "type": "Feature", "properties": {}, "geometry": {"type": "LineString", "coordinates": [[-93.50690666228746, 41.873451772188986], [-93.5074847281728, 41.86233110368873]]}}, {"id": "14477", "type": "Feature", "properties": {}, "geometry": {"type": "LineString", "coordinates": [[-93.51670026709314, 41.89248470760356], [-93.51600293368418, 41.8919435744148]]}}, {"id": "14478", "type": "Feature", "properties": {}, "geometry": {"type": "LineString", "coordinates": [[-93.5074847281728, 41.86233110368873], [-93.50758366143167, 41.86170810321504]]}}, {"id": "14479", "type": "Feature", "properties": {}, "geometry": {"type": "LineString", "coordinates": [[-93.51861206886733, 41.897633708705726], [-93.5177849342897, 41.89525177487238]]}}, {"id": "14480", "type": "Feature", "properties": {}, "geometry": {"type": "LineString", "coordinates": [[-93.5177849342897, 41.89525177487238], [-93.51670026709314, 41.89248470760356]]}}, {"id": "15876", "type": "Feature", "properties": {}, "geometry": {"type": "LineString", "coordinates": [[-92.52966606475344, 41.31782234373746], [-92.51671339411398, 41.31453947747779]]}}, {"id": "15937", "type": "Feature", "properties": {}, "geometry": {"type": "LineString", "coordinates": [[-92.24431037750018, 41.245970948791225], [-92.24400577765195, 41.245101882361396]]}}, {"id": "15938", "type": "Feature", "properties": {}, "geometry": {"type": "LineString", "coordinates": [[-92.24099617621007, 41.240117281387995], [-92.22759197188462, 41.23532494854598]]}}, {"id": "15968", "type": "Feature", "properties": {}, "geometry": {"type": "LineString", "coordinates": [[-92.07165226288758, 41.24253675878111], [-92.0622265262756, 41.24163949286059]]}}, {"id": "15992", "type": "Feature", "properties": {}, "geometry": {"type": "LineString", "coordinates": [[-93.59574550290311, 42.01090698798243], [-93.59164396689405, 42.00000591975222]]}}, {"id": "15993", "type": "Feature", "properties": {}, "geometry": {"type": "LineString", "coordinates": [[-93.59164396689405, 42.00000591975222], [-93.58748423173266, 41.99455771961543]]}}, {"id": "16001", "type": "Feature", "properties": {}, "geometry": {"type": "LineString", "coordinates": [[-93.02708516005663, 41.54435994985933], [-93.01954609125546, 41.54049768289134]]}}, {"id": "16002", "type": "Feature", "properties": {}, "geometry": {"type": "LineString", "coordinates": [[-93.01954609125546, 41.54049768289134], [-93.01341875546602, 41.53968488301309]]}}, {"id": "16003", "type": "Feature", "properties": {}, "geometry": {"type": "LineString", "coordinates": [[-93.46775464345461, 41.79854409579245], [-93.46537850879827, 41.79640856275683]]}}, {"id": "16007", "type": "Feature", "properties": {}, "geometry": {"type": "LineString", "coordinates": [[-93.58748423173266, 41.99455771961543], [-93.58719569735497, 41.98680058489364]]}}, {"id": "16008", "type": "Feature", "properties": {}, "geometry": {"type": "LineString", "coordinates": [[-93.56538662256764, 41.96993191682874], [-93.55133134986696, 41.950832181304634]]}}, {"id": "16009", "type": "Feature", "properties": {}, "geometry": {"type": "LineString", "coordinates": [[-93.58573616319038, 41.97916671721575], [-93.56538662256764, 41.96993191682874]]}}, {"id": "16010", "type": "Feature", "properties": {}, "geometry": {"type": "LineString", "coordinates": [[-93.53569294290341, 41.92728457905752], [-93.53466347628276, 41.92529897818882]]}}, {"id": "16017", "type": "Feature", "properties": {}, "geometry": {"type": "LineString", "coordinates": [[-93.06818677817753, 41.602442289734604], [-93.06206457536163, 41.59735555613047]]}}, {"id": "16018", "type": "Feature", "properties": {}, "geometry": {"type": "LineString", "coordinates": [[-93.2140824284744, 41.69231636184097], [-93.19835602434225, 41.69437489641275]]}}, {"id": "16019", "type": "Feature", "properties": {}, "geometry": {"type": "LineString", "coordinates": [[-93.00020555183458, 41.53794795034622], [-92.99618175064032, 41.53747188388308]]}}, {"id": "16020", "type": "Feature", "properties": {}, "geometry": {"type": "LineString", "coordinates": [[-93.01341875546602, 41.53968488301309], [-93.00020555183458, 41.53794795034622]]}}, {"id": "16021", "type": "Feature", "properties": {}, "geometry": {"type": "LineString", "coordinates": [[-93.08190498322068, 41.61434095723441], [-93.06818677817753, 41.602442289734604]]}}, {"id": "16022", "type": "Feature", "properties": {}, "geometry": {"type": "LineString", "coordinates": [[-93.13273433358583, 41.646115159529], [-93.13095693325286, 41.64527049268208]]}}, {"id": "16023", "type": "Feature", "properties": {}, "geometry": {"type": "LineString", "coordinates": [[-93.14661560531091, 41.65588969335773], [-93.13273433358583, 41.646115159529]]}}, {"id": "16024", "type": "Feature", "properties": {}, "geometry": {"type": "LineString", "coordinates": [[-93.22476243061534, 41.68797376032723], [-93.216611362069, 41.69159729469758]]}}, {"id": "16025", "type": "Feature", "properties": {}, "geometry": {"type": "LineString", "coordinates": [[-93.25334503800356, 41.68110949070982], [-93.24587016910081, 41.68148215791579]]}}, {"id": "16026", "type": "Feature", "properties": {}, "geometry": {"type": "LineString", "coordinates": [[-93.24587016910081, 41.68148215791579], [-93.22476243061534, 41.68797376032723]]}}, {"id": "16027", "type": "Feature", "properties": {}, "geometry": {"type": "LineString", "coordinates": [[-93.265864774575, 41.681118356830865], [-93.25334503800356, 41.68110949070982]]}}, {"id": "16028", "type": "Feature", "properties": {}, "geometry": {"type": "LineString", "coordinates": [[-93.216611362069, 41.69159729469758], [-93.2140824284744, 41.69231636184097]]}}, {"id": "16029", "type": "Feature", "properties": {}, "geometry": {"type": "LineString", "coordinates": [[-93.26697317436305, 41.680840690004665], [-93.265864774575, 41.681118356830865]]}}, {"id": "16030", "type": "Feature", "properties": {}, "geometry": {"type": "LineString", "coordinates": [[-93.291260848343, 41.68241775534152], [-93.26697317436305, 41.680840690004665]]}}, {"id": "16031", "type": "Feature", "properties": {}, "geometry": {"type": "LineString", "coordinates": [[-93.34850740107682, 41.71737195754016], [-93.34819520148127, 41.717409757613986]]}}, {"id": "16032", "type": "Feature", "properties": {}, "geometry": {"type": "LineString", "coordinates": [[-93.34819520148127, 41.717409757613986], [-93.34763466801535, 41.71701089071527]]}}, {"id": "16033", "type": "Feature", "properties": {}, "geometry": {"type": "LineString", "coordinates": [[-93.37207407553161, 41.72579909056895], [-93.3488208681952, 41.71759695726876]]}}, {"id": "16034", "type": "Feature", "properties": {}, "geometry": {"type": "LineString", "coordinates": [[-93.3488208681952, 41.71759695726876], [-93.34850740107682, 41.71737195754016]]}}, {"id": "16035", "type": "Feature", "properties": {}, "geometry": {"type": "LineString", "coordinates": [[-93.41180048973354, 41.75952649355598], [-93.40674642151968, 41.75487109308107]]}}, {"id": "16036", "type": "Feature", "properties": {}, "geometry": {"type": "LineString", "coordinates": [[-93.40674642151968, 41.75487109308107], [-93.40625882137337, 41.754549959327576]]}}, {"id": "16037", "type": "Feature", "properties": {}, "geometry": {"type": "LineString", "coordinates": [[-93.43380923126246, 41.77652916119249], [-93.41180048973354, 41.75952649355598]]}}, {"id": "16038", "type": "Feature", "properties": {}, "geometry": {"type": "LineString", "coordinates": [[-93.45787923985579, 41.79153356218544], [-93.43380923126246, 41.77652916119249]]}}, {"id": "16039", "type": "Feature", "properties": {}, "geometry": {"type": "LineString", "coordinates": [[-93.46537850879827, 41.79640856275683], [-93.45787923985579, 41.79153356218544]]}}, {"id": "16040", "type": "Feature", "properties": {}, "geometry": {"type": "LineString", "coordinates": [[-93.52803493985358, 41.91587357721857], [-93.52314953752085, 41.908368176808594]]}}, {"id": "16041", "type": "Feature", "properties": {}, "geometry": {"type": "LineString", "coordinates": [[-93.53466347628276, 41.92529897818882], [-93.52881894002623, 41.9161795775134]]}}, {"id": "16042", "type": "Feature", "properties": {}, "geometry": {"type": "LineString", "coordinates": [[-93.52314953752085, 41.908368176808594], [-93.51861206886733, 41.897633708705726]]}}, {"id": "16043", "type": "Feature", "properties": {}, "geometry": {"type": "LineString", "coordinates": [[-93.52881894002623, 41.9161795775134], [-93.52803493985358, 41.91587357721857]]}}, {"id": "16044", "type": "Feature", "properties": {}, "geometry": {"type": "LineString", "coordinates": [[-93.54382788040219, 41.939720113401556], [-93.54331634644176, 41.93886498013222]]}}, {"id": "16045", "type": "Feature", "properties": {}, "geometry": {"type": "LineString", "coordinates": [[-93.54331634644176, 41.93886498013222], [-93.54166647903139, 41.936083979697706]]}}, {"id": "16046", "type": "Feature", "properties": {}, "geometry": {"type": "LineString", "coordinates": [[-93.54166647903139, 41.936083979697706], [-93.53569294290341, 41.92728457905752]]}}, {"id": "16047", "type": "Feature", "properties": {}, "geometry": {"type": "LineString", "coordinates": [[-93.58719569735497, 41.98680058489364], [-93.58573616319038, 41.97916671721575]]}}, {"id": "16101", "type": "Feature", "properties": {}, "geometry": {"type": "LineString", "coordinates": [[-93.4795896481839, 41.81297196425138], [-93.46775464345461, 41.79854409579245]]}}, {"id": "16102", "type": "Feature", "properties": {}, "geometry": {"type": "LineString", "coordinates": [[-93.55133134986696, 41.950832181304634], [-93.54382788040219, 41.939720113401556]]}}, {"id": "16103", "type": "Feature", "properties": {}, "geometry": {"type": "LineString", "coordinates": [[-93.06206457536163, 41.59735555613047], [-93.05938390823073, 41.59513928941156]]}}, {"id": "16104", "type": "Feature", "properties": {}, "geometry": {"type": "LineString", "coordinates": [[-93.05938390823073, 41.59513928941156], [-93.05809930749297, 41.594077155940866]]}}, {"id": "16105", "type": "Feature", "properties": {}, "geometry": {"type": "LineString", "coordinates": [[-93.05608457316025, 41.592331688622345], [-93.04985690453672, 41.586923688732746]]}}, {"id": "16106", "type": "Feature", "properties": {}, "geometry": {"type": "LineString", "coordinates": [[-93.0580583739604, 41.5940433559908], [-93.05608457316025, 41.592331688622345]]}}, {"id": "16107", "type": "Feature", "properties": {}, "geometry": {"type": "LineString", "coordinates": [[-93.05809930749297, 41.594077155940866], [-93.0580583739604, 41.5940433559908]]}}, {"id": "16121", "type": "Feature", "properties": {}, "geometry": {"type": "LineString", "coordinates": [[-93.3270626605108, 41.70308048978343], [-93.29474848017847, 41.68462703821891]]}}, {"id": "16123", "type": "Feature", "properties": {}, "geometry": {"type": "LineString", "coordinates": [[-93.29474848017847, 41.68462703821891], [-93.291260848343, 41.68241775534152]]}}, {"id": "16124", "type": "Feature", "properties": {}, "geometry": {"type": "LineString", "coordinates": [[-92.03600891892576, 41.24107216113463], [-92.02702525045159, 41.248843095871415]]}}, {"id": "16125", "type": "Feature", "properties": {}, "geometry": {"type": "LineString", "coordinates": [[-92.04496585713032, 41.25954796320365], [-92.02702525045159, 41.248843095871415]]}}, {"id": "16126", "type": "Feature", "properties": {}, "geometry": {"type": "LineString", "coordinates": [[-92.04742232452926, 41.25897776299261], [-92.04496585713032, 41.25954796320365]]}}, {"id": "16127", "type": "Feature", "properties": {}, "geometry": {"type": "LineString", "coordinates": [[-92.05545146025052, 41.26390169671255], [-92.04742232452926, 41.25897776299261]]}}, {"id": "16128", "type": "Feature", "properties": {}, "geometry": {"type": "LineString", "coordinates": [[-92.06138686289466, 41.27159229768519], [-92.05545146025052, 41.26390169671255]]}}, {"id": "16129", "type": "Feature", "properties": {}, "geometry": {"type": "LineString", "coordinates": [[-92.07951833462182, 41.27471216354495], [-92.06138686289466, 41.27159229768519]]}}, {"id": "16130", "type": "Feature", "properties": {}, "geometry": {"type": "LineString", "coordinates": [[-92.07927053524904, 41.28205596510398], [-92.07951833462182, 41.27471216354495]]}}, {"id": "16131", "type": "Feature", "properties": {}, "geometry": {"type": "LineString", "coordinates": [[-92.08382073662338, 41.280890964423655], [-92.07927053524904, 41.28205596510398]]}}, {"id": "16132", "type": "Feature", "properties": {}, "geometry": {"type": "LineString", "coordinates": [[-92.0896442720652, 41.28011509741809], [-92.08382073662338, 41.280890964423655]]}}, {"id": "16133", "type": "Feature", "properties": {}, "geometry": {"type": "LineString", "coordinates": [[-92.1002899414943, 41.278905363027725], [-92.0896442720652, 41.28011509741809]]}}, {"id": "16134", "type": "Feature", "properties": {}, "geometry": {"type": "LineString", "coordinates": [[-92.10031834173199, 41.283618164266755], [-92.1002899414943, 41.278905363027725]]}}, {"id": "16135", "type": "Feature", "properties": {}, "geometry": {"type": "LineString", "coordinates": [[-92.111145278609, 41.287577964041326], [-92.10031834173199, 41.283618164266755]]}}, {"id": "16136", "type": "Feature", "properties": {}, "geometry": {"type": "LineString", "coordinates": [[-92.11742368048652, 41.28961476404727], [-92.111145278609, 41.287577964041326]]}}, {"id": "16137", "type": "Feature", "properties": {}, "geometry": {"type": "LineString", "coordinates": [[-92.12797934950392, 41.28751016289794], [-92.11742368048652, 41.28961476404727]]}}, {"id": "16138", "type": "Feature", "properties": {}, "geometry": {"type": "LineString", "coordinates": [[-92.12967828379344, 41.29105629645601], [-92.12797934950392, 41.28751016289794]]}}, {"id": "16155", "type": "Feature", "properties": {}, "geometry": {"type": "LineString", "coordinates": [[-92.16468236054796, 41.289997161091996], [-92.15182475771667, 41.298877696587546], [-92.12967828379344, 41.29105629645601]]}}, {"id": "16156", "type": "Feature", "properties": {}, "geometry": {"type": "LineString", "coordinates": [[-92.16893689581957, 41.30177809582582], [-92.16468236054796, 41.289997161091996]]}}, {"id": "16166", "type": "Feature", "properties": {}, "geometry": {"type": "LineString", "coordinates": [[-92.17558349826743, 41.30527576311266], [-92.16893689581957, 41.30177809582582]]}}, {"id": "16167", "type": "Feature", "properties": {}, "geometry": {"type": "LineString", "coordinates": [[-92.17543449830451, 41.30866189704368], [-92.1700926970102, 41.30633036335622], [-92.17558349826743, 41.30527576311266]]}}, {"id": "16168", "type": "Feature", "properties": {}, "geometry": {"type": "LineString", "coordinates": [[-92.17782889930385, 41.30543489634694], [-92.17543449830451, 41.30866189704368]]}}, {"id": "16169", "type": "Feature", "properties": {}, "geometry": {"type": "LineString", "coordinates": [[-92.19418330397302, 41.30629556222385], [-92.17782889930385, 41.30543489634694]]}}, {"id": "16170", "type": "Feature", "properties": {}, "geometry": {"type": "LineString", "coordinates": [[-92.2001631058501, 41.30864836225661], [-92.19418330397302, 41.30629556222385]]}}, {"id": "16171", "type": "Feature", "properties": {}, "geometry": {"type": "LineString", "coordinates": [[-92.20173150504735, 41.300617160396634], [-92.2001631058501, 41.30864836225661]]}}, {"id": "16172", "type": "Feature", "properties": {}, "geometry": {"type": "LineString", "coordinates": [[-92.22097557798313, 41.30721456042395], [-92.20173150504735, 41.300617160396634]]}}, {"id": "16202", "type": "Feature", "properties": {}, "geometry": {"type": "LineString", "coordinates": [[-92.23154857999394, 41.29727615841164], [-92.22097557798313, 41.30721456042395]]}}, {"id": "16203", "type": "Feature", "properties": {}, "geometry": {"type": "LineString", "coordinates": [[-92.25245038419212, 41.28112648773494], [-92.23154857999394, 41.29727615841164]]}}, {"id": "16204", "type": "Feature", "properties": {}, "geometry": {"type": "LineString", "coordinates": [[-92.25972818607772, 41.28188888743353], [-92.25565438555304, 41.28712388822158], [-92.25245038419212, 41.28112648773494]]}}, {"id": "16205", "type": "Feature", "properties": {}, "geometry": {"type": "LineString", "coordinates": [[-92.2603667858368, 41.280928553646866], [-92.25972818607772, 41.28188888743353]]}}, {"id": "16206", "type": "Feature", "properties": {}, "geometry": {"type": "LineString", "coordinates": [[-92.2726793223947, 41.28171808637292], [-92.2603667858368, 41.280928553646866]]}}, {"id": "16207", "type": "Feature", "properties": {}, "geometry": {"type": "LineString", "coordinates": [[-92.29138992810405, 41.283952286023826], [-92.2806355930683, 41.2958180883139], [-92.27317699085872, 41.293226488190875], [-92.27840819157524, 41.28407935304443], [-92.2726793223947, 41.28171808637292]]}}, {"id": "16208", "type": "Feature", "properties": {}, "geometry": {"type": "LineString", "coordinates": [[-92.30387619973622, 41.29302055289469], [-92.29138992810405, 41.283952286023826]]}}, {"id": "16209", "type": "Feature", "properties": {}, "geometry": {"type": "LineString", "coordinates": [[-92.3047537998699, 41.295011553439245], [-92.30387619973622, 41.29302055289469]]}}, {"id": "16210", "type": "Feature", "properties": {}, "geometry": {"type": "LineString", "coordinates": [[-92.3293512075699, 41.302161953478894], [-92.3047537998699, 41.295011553439245]]}}, {"id": "16211", "type": "Feature", "properties": {}, "geometry": {"type": "LineString", "coordinates": [[-92.32962420738139, 41.30227655297685], [-92.3293512075699, 41.302161953478894]]}}, {"id": "16212", "type": "Feature", "properties": {}, "geometry": {"type": "LineString", "coordinates": [[-92.33117140813457, 41.30259735289258], [-92.32962420738139, 41.30227655297685]]}}, {"id": "16213", "type": "Feature", "properties": {}, "geometry": {"type": "LineString", "coordinates": [[-92.34810161223962, 41.30109248545006], [-92.33117140813457, 41.30259735289258]]}}, {"id": "16214", "type": "Feature", "properties": {}, "geometry": {"type": "LineString", "coordinates": [[-92.34861654632341, 41.3030144855088], [-92.34810161223962, 41.30109248545006]]}}, {"id": "16215", "type": "Feature", "properties": {}, "geometry": {"type": "LineString", "coordinates": [[-92.36160035077401, 41.309743085867055], [-92.34861654632341, 41.3030144855088]]}}, {"id": "16216", "type": "Feature", "properties": {}, "geometry": {"type": "LineString", "coordinates": [[-92.36748695244034, 41.31020115202822], [-92.36160035077401, 41.309743085867055]]}}, {"id": "16217", "type": "Feature", "properties": {}, "geometry": {"type": "LineString", "coordinates": [[-92.37853195535257, 41.31255775161804], [-92.36748695244034, 41.31020115202822]]}}, {"id": "16218", "type": "Feature", "properties": {}, "geometry": {"type": "LineString", "coordinates": [[-92.3843284245549, 41.31855168572056], [-92.37853195535257, 41.31255775161804]]}}, {"id": "16219", "type": "Feature", "properties": {}, "geometry": {"type": "LineString", "coordinates": [[-92.3931904270036, 41.32065548564268], [-92.3843284245549, 41.31855168572056]]}}, {"id": "16220", "type": "Feature", "properties": {}, "geometry": {"type": "LineString", "coordinates": [[-92.39701382843104, 41.319510885454115], [-92.3931904270036, 41.32065548564268]]}}, {"id": "16221", "type": "Feature", "properties": {}, "geometry": {"type": "LineString", "coordinates": [[-92.40502656361015, 41.32170535204921], [-92.39701382843104, 41.319510885454115]]}}, {"id": "16222", "type": "Feature", "properties": {}, "geometry": {"type": "LineString", "coordinates": [[-92.40806323129152, 41.325273552165086], [-92.40502656361015, 41.32170535204921]]}}, {"id": "16223", "type": "Feature", "properties": {}, "geometry": {"type": "LineString", "coordinates": [[-92.41243423313975, 41.3261874850705], [-92.40806323129152, 41.325273552165086]]}}, {"id": "16224", "type": "Feature", "properties": {}, "geometry": {"type": "LineString", "coordinates": [[-92.4391267752887, 41.341046753138336], [-92.43436497485087, 41.34601395383507], [-92.42136677040625, 41.34009448684929], [-92.41243423313975, 41.3261874850705]]}}, {"id": "16225", "type": "Feature", "properties": {}, "geometry": {"type": "LineString", "coordinates": [[-92.44128457621187, 41.34344795311598], [-92.4391267752887, 41.341046753138336]]}}, {"id": "16226", "type": "Feature", "properties": {}, "geometry": {"type": "LineString", "coordinates": [[-92.43704684302931, 41.35706315544472], [-92.44128457621187, 41.34344795311598]]}}, {"id": "16227", "type": "Feature", "properties": {}, "geometry": {"type": "LineString", "coordinates": [[-92.44297217825408, 41.361246489022925], [-92.43704684302931, 41.35706315544472]]}}, {"id": "16228", "type": "Feature", "properties": {}, "geometry": {"type": "LineString", "coordinates": [[-92.44443297904324, 41.36424275618216], [-92.44297217825408, 41.361246489022925]]}}, {"id": "16229", "type": "Feature", "properties": {}, "geometry": {"type": "LineString", "coordinates": [[-92.45751558470037, 41.38386409222508], [-92.44443297904324, 41.36424275618216]]}}, {"id": "16230", "type": "Feature", "properties": {}, "geometry": {"type": "LineString", "coordinates": [[-92.4528776511604, 41.39244669361566], [-92.45751558470037, 41.38386409222508]]}}, {"id": "16231", "type": "Feature", "properties": {}, "geometry": {"type": "LineString", "coordinates": [[-92.45914225311853, 41.397086693848856], [-92.4528776511604, 41.39244669361566]]}}, {"id": "16232", "type": "Feature", "properties": {}, "geometry": {"type": "LineString", "coordinates": [[-92.46108845407988, 41.398480961128406], [-92.45914225311853, 41.397086693848856]]}}, {"id": "16233", "type": "Feature", "properties": {}, "geometry": {"type": "LineString", "coordinates": [[-92.4598606556142, 41.412666496341046], [-92.46108845407988, 41.398480961128406]]}}, {"id": "16234", "type": "Feature", "properties": {}, "geometry": {"type": "LineString", "coordinates": [[-92.47655879433862, 41.42146129678026], [-92.46708865669707, 41.409000362383736], [-92.4598606556142, 41.412666496341046]]}}, {"id": "16235", "type": "Feature", "properties": {}, "geometry": {"type": "LineString", "coordinates": [[-92.48145699586752, 41.424431097243044], [-92.47655879433862, 41.42146129678026]]}}, {"id": "16236", "type": "Feature", "properties": {}, "geometry": {"type": "LineString", "coordinates": [[-92.48484479792548, 41.432778498054944], [-92.48145699586752, 41.424431097243044]]}}, {"id": "16237", "type": "Feature", "properties": {}, "geometry": {"type": "LineString", "coordinates": [[-92.50414360521152, 41.447452499223274], [-92.48484479792548, 41.432778498054944]]}}, {"id": "16238", "type": "Feature", "properties": {}, "geometry": {"type": "LineString", "coordinates": [[-92.51454320811798, 41.44732556567494], [-92.50414360521152, 41.447452499223274]]}}, {"id": "16260", "type": "Feature", "properties": {}, "geometry": {"type": "LineString", "coordinates": [[-92.53315581301973, 41.44514556415976], [-92.5225848088621, 41.43857056345455], [-92.51454320811798, 41.44732556567494]]}}, {"id": "16261", "type": "Feature", "properties": {}, "geometry": {"type": "LineString", "coordinates": [[-92.53345208009537, 41.45056796488871], [-92.53315581301973, 41.44514556415976]]}}, {"id": "16262", "type": "Feature", "properties": {}, "geometry": {"type": "LineString", "coordinates": [[-92.55126828537864, 41.45350909728918], [-92.53345208009537, 41.45056796488871]]}}, {"id": "16263", "type": "Feature", "properties": {}, "geometry": {"type": "LineString", "coordinates": [[-92.55886822132851, 41.45609896422714], [-92.55126828537864, 41.45350909728918]]}}, {"id": "16264", "type": "Feature", "properties": {}, "geometry": {"type": "LineString", "coordinates": [[-92.57097069134879, 41.45763816341266], [-92.55886822132851, 41.45609896422714]]}}, {"id": "16265", "type": "Feature", "properties": {}, "geometry": {"type": "LineString", "coordinates": [[-92.57264329152575, 41.45768456365164], [-92.57097069134879, 41.45763816341266]]}}, {"id": "16266", "type": "Feature", "properties": {}, "geometry": {"type": "LineString", "coordinates": [[-92.58793689633717, 41.46395916358943], [-92.57264329152575, 41.45768456365164]]}}, {"id": "16267", "type": "Feature", "properties": {}, "geometry": {"type": "LineString", "coordinates": [[-92.5920716313842, 41.46755236411517], [-92.58793689633717, 41.46395916358943]]}}, {"id": "16289", "type": "Feature", "properties": {}, "geometry": {"type": "LineString", "coordinates": [[-92.59760563352175, 41.47142036452608], [-92.5920716313842, 41.46755236411517]]}}, {"id": "16290", "type": "Feature", "properties": {}, "geometry": {"type": "LineString", "coordinates": [[-92.62899857715718, 41.486751964621334], [-92.61679863992856, 41.48027729778031], [-92.62029824001858, 41.472132563317146], [-92.59760563352175, 41.47142036452608]]}}, {"id": "16291", "type": "Feature", "properties": {}, "geometry": {"type": "LineString", "coordinates": [[-92.63420204598256, 41.49498796557921], [-92.62899857715718, 41.486751964621334]]}}, {"id": "16292", "type": "Feature", "properties": {}, "geometry": {"type": "LineString", "coordinates": [[-92.6340231797314, 41.500012366790735], [-92.63402224638182, 41.500012366790735]]}}, {"id": "16293", "type": "Feature", "properties": {}, "geometry": {"type": "LineString", "coordinates": [[-92.63627618051511, 41.50324750024646], [-92.6340231797314, 41.500012366790735]]}}, {"id": "16294", "type": "Feature", "properties": {}, "geometry": {"type": "LineString", "coordinates": [[-92.63402224638182, 41.500012366790735], [-92.63420204598256, 41.49498796557921]]}}, {"id": "16295", "type": "Feature", "properties": {}, "geometry": {"type": "LineString", "coordinates": [[-92.64233304975872, 41.505580367134264], [-92.63627618051511, 41.50324750024646]]}}, {"id": "16296", "type": "Feature", "properties": {}, "geometry": {"type": "LineString", "coordinates": [[-92.64838945098006, 41.50525876682669], [-92.64233304975872, 41.505580367134264]]}}, {"id": "16297", "type": "Feature", "properties": {}, "geometry": {"type": "LineString", "coordinates": [[-92.65122138542168, 41.5088043669466], [-92.64838945098006, 41.50525876682669]]}}, {"id": "16298", "type": "Feature", "properties": {}, "geometry": {"type": "LineString", "coordinates": [[-92.65895438791625, 41.51301176698577], [-92.65122138542168, 41.5088043669466]]}}, {"id": "16299", "type": "Feature", "properties": {}, "geometry": {"type": "LineString", "coordinates": [[-92.65877365496594, 41.51676390123209], [-92.65895438791625, 41.51301176698577]]}}, {"id": "16300", "type": "Feature", "properties": {}, "geometry": {"type": "LineString", "coordinates": [[-92.67880446074945, 41.5181972999586], [-92.65877365496594, 41.51676390123209]]}}, {"id": "16301", "type": "Feature", "properties": {}, "geometry": {"type": "LineString", "coordinates": [[-92.67676599382527, 41.51959396748848], [-92.67880446074945, 41.5181972999586]]}}, {"id": "16302", "type": "Feature", "properties": {}, "geometry": {"type": "LineString", "coordinates": [[-92.683803862885, 41.52622510143084], [-92.67676599382527, 41.51959396748848]]}}, {"id": "16303", "type": "Feature", "properties": {}, "geometry": {"type": "LineString", "coordinates": [[-92.68538839672308, 41.52764270112231], [-92.683803862885, 41.52622510143084]]}}, {"id": "16304", "type": "Feature", "properties": {}, "geometry": {"type": "LineString", "coordinates": [[-92.68487366386192, 41.53080030181763], [-92.68538839672308, 41.52764270112231]]}}, {"id": "16305", "type": "Feature", "properties": {}, "geometry": {"type": "LineString", "coordinates": [[-92.69443119949577, 41.52809516770822], [-92.68487366386192, 41.53080030181763]]}}, {"id": "16306", "type": "Feature", "properties": {}, "geometry": {"type": "LineString", "coordinates": [[-92.70137146839653, 41.52710676672511], [-92.69443119949577, 41.52809516770822]]}}, {"id": "16307", "type": "Feature", "properties": {}, "geometry": {"type": "LineString", "coordinates": [[-92.70435686922465, 41.52847750059612], [-92.70137146839653, 41.52710676672511]]}}, {"id": "16308", "type": "Feature", "properties": {}, "geometry": {"type": "LineString", "coordinates": [[-92.70938567052448, 41.53252330073337], [-92.70435686922465, 41.52847750059612]]}}, {"id": "16309", "type": "Feature", "properties": {}, "geometry": {"type": "LineString", "coordinates": [[-92.71097027173622, 41.53350590044788], [-92.70938567052448, 41.53252330073337]]}}, {"id": "16310", "type": "Feature", "properties": {}, "geometry": {"type": "LineString", "coordinates": [[-92.71651760666921, 41.537665367919736], [-92.71097027173622, 41.53350590044788]]}}, {"id": "16311", "type": "Feature", "properties": {}, "geometry": {"type": "LineString", "coordinates": [[-92.72129987522081, 41.53875956779411], [-92.71651760666921, 41.537665367919736]]}}, {"id": "16312", "type": "Feature", "properties": {}, "geometry": {"type": "LineString", "coordinates": [[-92.72218320840261, 41.53894176790362], [-92.72129987522081, 41.53875956779411]]}}, {"id": "16313", "type": "Feature", "properties": {}, "geometry": {"type": "LineString", "coordinates": [[-92.7320254785405, 41.54305110091907], [-92.72218320840261, 41.53894176790362]]}}, {"id": "16314", "type": "Feature", "properties": {}, "geometry": {"type": "LineString", "coordinates": [[-92.73736261398521, 41.547667368187646], [-92.7320254785405, 41.54305110091907]]}}, {"id": "17217", "type": "Feature", "properties": {}, "geometry": {"type": "LineString", "coordinates": [[-92.71097027173622, 41.53350590044788], [-92.70938567052448, 41.53252330073337]]}}, {"id": "17224", "type": "Feature", "properties": {}, "geometry": {"type": "LineString", "coordinates": [[-92.69443119949577, 41.52809516770822], [-92.68538839672308, 41.52764270112231]]}}, {"id": "17230", "type": "Feature", "properties": {}, "geometry": {"type": "LineString", "coordinates": [[-92.64233304975872, 41.505580367134264], [-92.63627618051511, 41.50324750024646]]}}, {"id": "17329", "type": "Feature", "properties": {}, "geometry": {"type": "LineString", "coordinates": [[-92.17782889930385, 41.30543489634694], [-92.17558349826743, 41.30527576311266]]}}, {"id": "17385", "type": "Feature", "properties": {}, "geometry": {"type": "LineString", "coordinates": [[-91.16556755587692, 40.719879325403824], [-91.13769294579842, 40.700174056905695], [-91.1148747395535, 40.69809072470231]]}}, {"id": "17386", "type": "Feature", "properties": {}, "geometry": {"type": "LineString", "coordinates": [[-91.24399904741341, 40.74805285881926], [-91.23673717804768, 40.74134385801577]]}}, {"id": "17387", "type": "Feature", "properties": {}, "geometry": {"type": "LineString", "coordinates": [[-91.21606323780954, 40.73144765801925], [-91.21219823629963, 40.726273123875814]]}}, {"id": "17388", "type": "Feature", "properties": {}, "geometry": {"type": "LineString", "coordinates": [[-91.176827159124, 40.71775965786939], [-91.16556755587692, 40.719879325403824]]}}, {"id": "17389", "type": "Feature", "properties": {}, "geometry": {"type": "LineString", "coordinates": [[-91.22949864242148, 40.73564092476263], [-91.22450437415776, 40.73391105766449]]}}, {"id": "17390", "type": "Feature", "properties": {}, "geometry": {"type": "LineString", "coordinates": [[-91.22450437415776, 40.73391105766449], [-91.21606323780954, 40.73144765801925]]}}, {"id": "17391", "type": "Feature", "properties": {}, "geometry": {"type": "LineString", "coordinates": [[-91.21219823629963, 40.726273123875814], [-91.19046496225427, 40.714924523309065], [-91.176827159124, 40.71775965786939]]}}, {"id": "17392", "type": "Feature", "properties": {}, "geometry": {"type": "LineString", "coordinates": [[-91.23673717804768, 40.74134385801577], [-91.22949864242148, 40.73564092476263]]}}, {"id": "17402", "type": "Feature", "properties": {}, "geometry": {"type": "LineString", "coordinates": [[-91.27519218955999, 40.7536425245984], [-91.24399904741341, 40.74805285881926]]}}, {"id": "17403", "type": "Feature", "properties": {}, "geometry": {"type": "LineString", "coordinates": [[-91.28285899250635, 40.75432985766554], [-91.27519218955999, 40.7536425245984]]}}, {"id": "17404", "type": "Feature", "properties": {}, "geometry": {"type": "LineString", "coordinates": [[-91.28533459312253, 40.75891405873617], [-91.2841620599114, 40.75766365844952]]}}, {"id": "17405", "type": "Feature", "properties": {}, "geometry": {"type": "LineString", "coordinates": [[-91.2841620599114, 40.75766365844952], [-91.28285899250635, 40.75432985766554]]}}, {"id": "17406", "type": "Feature", "properties": {}, "geometry": {"type": "LineString", "coordinates": [[-91.34411567946572, 40.78568912609965], [-91.3433820792721, 40.7859304597308]]}}, {"id": "17407", "type": "Feature", "properties": {}, "geometry": {"type": "LineString", "coordinates": [[-91.3433820792721, 40.7859304597308], [-91.340732211779, 40.785296926470906]]}}, {"id": "17408", "type": "Feature", "properties": {}, "geometry": {"type": "LineString", "coordinates": [[-91.3249892067804, 40.78049452638188], [-91.31757760442649, 40.77861246017478]]}}, {"id": "17409", "type": "Feature", "properties": {}, "geometry": {"type": "LineString", "coordinates": [[-91.30209626609376, 40.77260985953848], [-91.29139386266456, 40.77167712664225], [-91.28533459312253, 40.75891405873617]]}}, {"id": "17410", "type": "Feature", "properties": {}, "geometry": {"type": "LineString", "coordinates": [[-91.32848087474645, 40.78196392617027], [-91.3249892067804, 40.78049452638188]]}}, {"id": "17411", "type": "Feature", "properties": {}, "geometry": {"type": "LineString", "coordinates": [[-91.31757760442649, 40.77861246017478], [-91.30209626609376, 40.77260985953848]]}}, {"id": "17412", "type": "Feature", "properties": {}, "geometry": {"type": "LineString", "coordinates": [[-91.340732211779, 40.785296926470906], [-91.33913001077423, 40.78510405966969]]}}, {"id": "17413", "type": "Feature", "properties": {}, "geometry": {"type": "LineString", "coordinates": [[-91.33913001077423, 40.78510405966969], [-91.32848087474645, 40.78196392617027]]}}, {"id": "17414", "type": "Feature", "properties": {}, "geometry": {"type": "LineString", "coordinates": [[-91.35475868269505, 40.79305186039735], [-91.34411567946572, 40.78568912609965]]}}, {"id": "17415", "type": "Feature", "properties": {}, "geometry": {"type": "LineString", "coordinates": [[-91.3766352892322, 40.79881125979507], [-91.35475868269505, 40.79305186039735]]}}, {"id": "17416", "type": "Feature", "properties": {}, "geometry": {"type": "LineString", "coordinates": [[-91.38259209154305, 40.801039260179444], [-91.38208109118189, 40.800618326793725]]}}, {"id": "17417", "type": "Feature", "properties": {}, "geometry": {"type": "LineString", "coordinates": [[-91.38208109118189, 40.800618326793725], [-91.3766352892322, 40.79881125979507]]}}, {"id": "17418", "type": "Feature", "properties": {}, "geometry": {"type": "LineString", "coordinates": [[-91.41175663475883, 40.8149016606159], [-91.38259209154305, 40.801039260179444]]}}, {"id": "17419", "type": "Feature", "properties": {}, "geometry": {"type": "LineString", "coordinates": [[-91.42278310542676, 40.82622806188927], [-91.41175663475883, 40.8149016606159]]}}, {"id": "17420", "type": "Feature", "properties": {}, "geometry": {"type": "LineString", "coordinates": [[-91.45702111777159, 40.85226393081865], [-91.44909651450837, 40.847018930366914], [-91.45072191360704, 40.83567892861477]]}}, {"id": "17421", "type": "Feature", "properties": {}, "geometry": {"type": "LineString", "coordinates": [[-91.4667222535952, 40.85502386402033], [-91.45702111777159, 40.85226393081865]]}}, {"id": "17422", "type": "Feature", "properties": {}, "geometry": {"type": "LineString", "coordinates": [[-91.45072191360704, 40.83567892861477], [-91.44184671041522, 40.82570612695253], [-91.42835950714739, 40.828842461577125]]}}, {"id": "17423", "type": "Feature", "properties": {}, "geometry": {"type": "LineString", "coordinates": [[-91.42835950714739, 40.828842461577125], [-91.42278310542676, 40.82622806188927]]}}, {"id": "17424", "type": "Feature", "properties": {}, "geometry": {"type": "LineString", "coordinates": [[-91.47189332198491, 40.85420226387107], [-91.4667222535952, 40.85502386402033]]}}, {"id": "17425", "type": "Feature", "properties": {}, "geometry": {"type": "LineString", "coordinates": [[-91.47887305657103, 40.847544661925156], [-91.47189332198491, 40.85420226387107]]}}, {"id": "17462", "type": "Feature", "properties": {}, "geometry": {"type": "LineString", "coordinates": [[-91.50070412840473, 40.840273326093275], [-91.49117645995744, 40.84892012827477], [-91.47887305657103, 40.847544661925156]]}}, {"id": "17463", "type": "Feature", "properties": {}, "geometry": {"type": "LineString", "coordinates": [[-91.51773726776324, 40.84918852678846], [-91.50624213074025, 40.84355325962848]]}}, {"id": "17464", "type": "Feature", "properties": {}, "geometry": {"type": "LineString", "coordinates": [[-91.50624213074025, 40.84355325962848], [-91.50070412840473, 40.840273326093275]]}}, {"id": "17465", "type": "Feature", "properties": {}, "geometry": {"type": "LineString", "coordinates": [[-91.58459989215147, 40.90878466606556], [-91.58173895739756, 40.90278526552216]]}}, {"id": "17466", "type": "Feature", "properties": {}, "geometry": {"type": "LineString", "coordinates": [[-91.6199143044973, 40.936421335512264], [-91.5942951637729, 40.926284868396955]]}}, {"id": "17467", "type": "Feature", "properties": {}, "geometry": {"type": "LineString", "coordinates": [[-91.53562314188835, 40.87314986306956], [-91.5180496685814, 40.85845206132327], [-91.51773726776324, 40.84918852678846]]}}, {"id": "17468", "type": "Feature", "properties": {}, "geometry": {"type": "LineString", "coordinates": [[-91.5942951637729, 40.926284868396955], [-91.58459989215147, 40.90878466606556]]}}, {"id": "17469", "type": "Feature", "properties": {}, "geometry": {"type": "LineString", "coordinates": [[-91.58173895739756, 40.90278526552216], [-91.56836528680859, 40.90111333238751]]}}, {"id": "17470", "type": "Feature", "properties": {}, "geometry": {"type": "LineString", "coordinates": [[-91.56836528680859, 40.90111333238751], [-91.54871914771456, 40.893454732197675], [-91.53562314188835, 40.87314986306956]]}}, {"id": "17471", "type": "Feature", "properties": {}, "geometry": {"type": "LineString", "coordinates": [[-91.62441937361346, 40.94207413577449], [-91.6241019062971, 40.94139273594862]]}}, {"id": "17472", "type": "Feature", "properties": {}, "geometry": {"type": "LineString", "coordinates": [[-91.64204531392289, 40.96829093946851], [-91.62736710898004, 40.95840107144632], [-91.62441937361346, 40.94207413577449]]}}, {"id": "17473", "type": "Feature", "properties": {}, "geometry": {"type": "LineString", "coordinates": [[-91.6241019062971, 40.94139273594862], [-91.6199143044973, 40.936421335512264]]}}, {"id": "17474", "type": "Feature", "properties": {}, "geometry": {"type": "LineString", "coordinates": [[-91.67475392383527, 40.971685337959855], [-91.65403151769091, 40.966420738532356]]}}, {"id": "17475", "type": "Feature", "properties": {}, "geometry": {"type": "LineString", "coordinates": [[-91.65254651988126, 40.99500007621083], [-91.66294438814091, 40.98241387381324], [-91.68283972708127, 40.977725738493746], [-91.67475392383527, 40.971685337959855]]}}, {"id": "17476", "type": "Feature", "properties": {}, "geometry": {"type": "LineString", "coordinates": [[-91.6627165897579, 41.00004594346175], [-91.65439838695801, 40.99707474312109]]}}, {"id": "17477", "type": "Feature", "properties": {}, "geometry": {"type": "LineString", "coordinates": [[-91.65439838695801, 40.99707474312109], [-91.65254651988126, 40.99500007621083]]}}, {"id": "17478", "type": "Feature", "properties": {}, "geometry": {"type": "LineString", "coordinates": [[-91.66786839197972, 41.00484174389978], [-91.6627165897579, 41.00004594346175]]}}, {"id": "17479", "type": "Feature", "properties": {}, "geometry": {"type": "LineString", "coordinates": [[-91.68512272979883, 41.00004787498881], [-91.66786839197972, 41.00484174389978]]}}, {"id": "17480", "type": "Feature", "properties": {}, "geometry": {"type": "LineString", "coordinates": [[-91.70041533388702, 41.00004694075074], [-91.69818339949504, 40.99165433982982], [-91.68512272979883, 41.00004787498881]]}}, {"id": "17481", "type": "Feature", "properties": {}, "geometry": {"type": "LineString", "coordinates": [[-91.70286333466441, 41.00347867461347], [-91.70041533388702, 41.00004694075074]]}}, {"id": "17482", "type": "Feature", "properties": {}, "geometry": {"type": "LineString", "coordinates": [[-91.73317541457023, 41.04841414700268], [-91.71468180859586, 41.03713294662398]]}}, {"id": "17483", "type": "Feature", "properties": {}, "geometry": {"type": "LineString", "coordinates": [[-91.71468180859586, 41.03713294662398], [-91.70528113857354, 41.03480514670129]]}}, {"id": "17484", "type": "Feature", "properties": {}, "geometry": {"type": "LineString", "coordinates": [[-91.70528113857354, 41.03480514670129], [-91.70029360138625, 41.010230942694065]]}}, {"id": "17485", "type": "Feature", "properties": {}, "geometry": {"type": "LineString", "coordinates": [[-91.70029360138625, 41.010230942694065], [-91.70286333466441, 41.00347867461347]]}}, {"id": "17486", "type": "Feature", "properties": {}, "geometry": {"type": "LineString", "coordinates": [[-91.73430841562065, 41.056498082057665], [-91.73317541457023, 41.04841414700268]]}}, {"id": "17487", "type": "Feature", "properties": {}, "geometry": {"type": "LineString", "coordinates": [[-91.73944441827322, 41.06391128271805], [-91.73430841562065, 41.056498082057665]]}}, {"id": "17488", "type": "Feature", "properties": {}, "geometry": {"type": "LineString", "coordinates": [[-91.72696194831134, 41.07227748495151], [-91.73944441827322, 41.06391128271805]]}}, {"id": "17489", "type": "Feature", "properties": {}, "geometry": {"type": "LineString", "coordinates": [[-91.71593634811094, 41.09222455557865], [-91.72377341593959, 41.083301287008304]]}}, {"id": "17490", "type": "Feature", "properties": {}, "geometry": {"type": "LineString", "coordinates": [[-91.72377341593959, 41.083301287008304], [-91.72696194831134, 41.07227748495151]]}}, {"id": "17491", "type": "Feature", "properties": {}, "geometry": {"type": "LineString", "coordinates": [[-91.72116981887017, 41.124753960504606], [-91.72379201915082, 41.115755692412776]]}}, {"id": "17492", "type": "Feature", "properties": {}, "geometry": {"type": "LineString", "coordinates": [[-91.72379201915082, 41.115755692412776], [-91.716798549324, 41.109218091676226]]}}, {"id": "17493", "type": "Feature", "properties": {}, "geometry": {"type": "LineString", "coordinates": [[-91.716798549324, 41.109218091676226], [-91.71879161629204, 41.10606635783766]]}}, {"id": "17494", "type": "Feature", "properties": {}, "geometry": {"type": "LineString", "coordinates": [[-91.71879161629204, 41.10606635783766], [-91.71593634811094, 41.09222455557865]]}}, {"id": "17495", "type": "Feature", "properties": {}, "geometry": {"type": "LineString", "coordinates": [[-91.72156855317702, 41.131640294563404], [-91.72116981887017, 41.124753960504606]]}}, {"id": "17496", "type": "Feature", "properties": {}, "geometry": {"type": "LineString", "coordinates": [[-91.71839795297498, 41.13636196284514], [-91.72156855317702, 41.131640294563404]]}}, {"id": "17497", "type": "Feature", "properties": {}, "geometry": {"type": "LineString", "coordinates": [[-91.72521322310058, 41.15482956545521], [-91.72498115592334, 41.14972549745971]]}}, {"id": "17498", "type": "Feature", "properties": {}, "geometry": {"type": "LineString", "coordinates": [[-91.72498115592334, 41.14972549745971], [-91.71890822031087, 41.14281636373172], [-91.72800875601024, 41.13842729531984], [-91.71839795297498, 41.13636196284514]]}}, {"id": "17499", "type": "Feature", "properties": {}, "geometry": {"type": "LineString", "coordinates": [[-91.71920262248399, 41.15878569929193], [-91.72521322310058, 41.15482956545521]]}}, {"id": "17579", "type": "Feature", "properties": {}, "geometry": {"type": "LineString", "coordinates": [[-91.72694555854899, 41.16494609979886], [-91.71920262248399, 41.15878569929193]]}}, {"id": "17580", "type": "Feature", "properties": {}, "geometry": {"type": "LineString", "coordinates": [[-91.75029276739336, 41.187585568896026], [-91.74399376445143, 41.18134076869482], [-91.74912083246022, 41.17708570072119]]}}, {"id": "17581", "type": "Feature", "properties": {}, "geometry": {"type": "LineString", "coordinates": [[-91.74912083246022, 41.17708570072119], [-91.7386709625254, 41.176871568101035], [-91.73901362848379, 41.165215099601625], [-91.72694555854899, 41.16494609979886]]}}, {"id": "17582", "type": "Feature", "properties": {}, "geometry": {"type": "LineString", "coordinates": [[-91.75954083700512, 41.19131290270014], [-91.75029276739336, 41.187585568896026]]}}, {"id": "17583", "type": "Feature", "properties": {}, "geometry": {"type": "LineString", "coordinates": [[-91.82291485578409, 41.19970370009698], [-91.80793145091837, 41.19525669994756]]}}, {"id": "17584", "type": "Feature", "properties": {}, "geometry": {"type": "LineString", "coordinates": [[-91.76677743855852, 41.19232396922287], [-91.75954083700512, 41.19131290270014]]}}, {"id": "17585", "type": "Feature", "properties": {}, "geometry": {"type": "LineString", "coordinates": [[-91.80793145091837, 41.19525669994756], [-91.8001591812661, 41.19245330058842]]}}, {"id": "17586", "type": "Feature", "properties": {}, "geometry": {"type": "LineString", "coordinates": [[-91.77119944046036, 41.19096156863424], [-91.76677743855852, 41.19232396922287]]}}, {"id": "17587", "type": "Feature", "properties": {}, "geometry": {"type": "LineString", "coordinates": [[-91.8001591812661, 41.19245330058842], [-91.79158284577267, 41.18801356665345]]}}, {"id": "17588", "type": "Feature", "properties": {}, "geometry": {"type": "LineString", "coordinates": [[-91.79158284577267, 41.18801356665345], [-91.78341437685928, 41.18736010035083]]}}, {"id": "17589", "type": "Feature", "properties": {}, "geometry": {"type": "LineString", "coordinates": [[-91.78341437685928, 41.18736010035083], [-91.77119944046036, 41.19096156863424]]}}, {"id": "17590", "type": "Feature", "properties": {}, "geometry": {"type": "LineString", "coordinates": [[-91.8297997920566, 41.20991990125717], [-91.82291485578409, 41.19970370009698]]}}, {"id": "17591", "type": "Feature", "properties": {}, "geometry": {"type": "LineString", "coordinates": [[-91.82168425637131, 41.212873568988535], [-91.8297997920566, 41.20991990125717]]}}, {"id": "17592", "type": "Feature", "properties": {}, "geometry": {"type": "LineString", "coordinates": [[-91.83355219423724, 41.2227831034772], [-91.82168425637131, 41.212873568988535]]}}, {"id": "17593", "type": "Feature", "properties": {}, "geometry": {"type": "LineString", "coordinates": [[-91.8363828620543, 41.22623977062556], [-91.83355219423724, 41.2227831034772]]}}, {"id": "17594", "type": "Feature", "properties": {}, "geometry": {"type": "LineString", "coordinates": [[-91.86991280432588, 41.22604190190468], [-91.8539156012547, 41.232564970072474]]}}, {"id": "17595", "type": "Feature", "properties": {}, "geometry": {"type": "LineString", "coordinates": [[-91.8539156012547, 41.232564970072474], [-91.84834566560748, 41.23211597024797]]}}, {"id": "17596", "type": "Feature", "properties": {}, "geometry": {"type": "LineString", "coordinates": [[-91.84457686468131, 41.230224303829836], [-91.8363828620543, 41.22623977062556]]}}, {"id": "17597", "type": "Feature", "properties": {}, "geometry": {"type": "LineString", "coordinates": [[-91.87701787365708, 41.229556968674885], [-91.86984220482938, 41.23187350289922], [-91.87051600507284, 41.22653076856988]]}}, {"id": "17598", "type": "Feature", "properties": {}, "geometry": {"type": "LineString", "coordinates": [[-91.84834566560748, 41.23211597024797], [-91.84457686468131, 41.230224303829836]]}}, {"id": "17599", "type": "Feature", "properties": {}, "geometry": {"type": "LineString", "coordinates": [[-91.89140741037328, 41.225795766955095], [-91.87701787365708, 41.229556968674885]]}}, {"id": "17600", "type": "Feature", "properties": {}, "geometry": {"type": "LineString", "coordinates": [[-91.90254541317195, 41.223605165626836], [-91.89140741037328, 41.225795766955095]]}}, {"id": "17601", "type": "Feature", "properties": {}, "geometry": {"type": "LineString", "coordinates": [[-91.87051600507284, 41.22653076856988], [-91.86991280432588, 41.22604190190468]]}}, {"id": "17602", "type": "Feature", "properties": {}, "geometry": {"type": "LineString", "coordinates": [[-91.9167462174402, 41.225658698506564], [-91.90254541317195, 41.223605165626836]]}}, {"id": "17603", "type": "Feature", "properties": {}, "geometry": {"type": "LineString", "coordinates": [[-91.91629028470429, 41.232493966339334], [-91.9167462174402, 41.225658698506564]]}}, {"id": "17618", "type": "Feature", "properties": {}, "geometry": {"type": "LineString", "coordinates": [[-91.96781810035564, 41.240566698419094], [-91.95798129736458, 41.2373727645806]]}}, {"id": "17619", "type": "Feature", "properties": {}, "geometry": {"type": "LineString", "coordinates": [[-91.95798129736458, 41.2373727645806], [-91.94513309360613, 41.23790469905996], [-91.95042569507062, 41.24162629946966]]}}, {"id": "17620", "type": "Feature", "properties": {}, "geometry": {"type": "LineString", "coordinates": [[-91.95042569507062, 41.24162629946966], [-91.92751968838816, 41.236540166374894]]}}, {"id": "17621", "type": "Feature", "properties": {}, "geometry": {"type": "LineString", "coordinates": [[-91.92751968838816, 41.236540166374894], [-91.91629028470429, 41.232493966339334]]}}, {"id": "17622", "type": "Feature", "properties": {}, "geometry": {"type": "LineString", "coordinates": [[-91.97153930224984, 41.251278566609685], [-91.96781810035564, 41.240566698419094]]}}, {"id": "17623", "type": "Feature", "properties": {}, "geometry": {"type": "LineString", "coordinates": [[-91.98086890475341, 41.2491581656957], [-91.97153930224984, 41.251278566609685]]}}, {"id": "17624", "type": "Feature", "properties": {}, "geometry": {"type": "LineString", "coordinates": [[-91.9973802433061, 41.254101698742566], [-91.99350950964634, 41.26343510043255], [-91.98086890475341, 41.2491581656957]]}}, {"id": "17642", "type": "Feature", "properties": {}, "geometry": {"type": "LineString", "coordinates": [[-92.00018291063574, 41.25040549752829], [-91.99865144297644, 41.25056989818701]]}}, {"id": "17643", "type": "Feature", "properties": {}, "geometry": {"type": "LineString", "coordinates": [[-92.0009004435622, 41.250380698061846], [-92.00018291063574, 41.25040549752829]]}}, {"id": "17644", "type": "Feature", "properties": {}, "geometry": {"type": "LineString", "coordinates": [[-91.99865144297644, 41.25056989818701], [-91.9973802433061, 41.254101698742566]]}}, {"id": "17645", "type": "Feature", "properties": {}, "geometry": {"type": "LineString", "coordinates": [[-92.02454404973793, 41.24602689537913], [-92.01016911334003, 41.25455409780623], [-92.0009004435622, 41.250380698061846]]}}, {"id": "17646", "type": "Feature", "properties": {}, "geometry": {"type": "LineString", "coordinates": [[-92.02702525045159, 41.248843095871415], [-92.02454404973793, 41.24602689537913]]}}, {"id": "17687", "type": "Feature", "properties": {}, "geometry": {"type": "LineString", "coordinates": [[-91.68205199171366, 40.960014268607694], [-91.68616459317043, 40.96971233709255], [-91.67535999020801, 40.971387137626714]]}}, {"id": "17688", "type": "Feature", "properties": {}, "geometry": {"type": "LineString", "coordinates": [[-91.67519832399958, 40.97138313791925], [-91.67475392383527, 40.971685337959855]]}}, {"id": "17689", "type": "Feature", "properties": {}, "geometry": {"type": "LineString", "coordinates": [[-91.67535999020801, 40.971387137626714], [-91.67519832399958, 40.97138313791925]]}}, {"id": "17703", "type": "Feature", "properties": {}, "geometry": {"type": "LineString", "coordinates": [[-91.67497512049925, 40.93796353192828], [-91.68205199171366, 40.960014268607694]]}}, {"id": "17704", "type": "Feature", "properties": {}, "geometry": {"type": "LineString", "coordinates": [[-91.67391011832258, 40.92421452976875], [-91.67497512049925, 40.93796353192828]]}}, {"id": "17705", "type": "Feature", "properties": {}, "geometry": {"type": "LineString", "coordinates": [[-91.6728817844775, 40.92018852923124], [-91.67391011832258, 40.92421452976875]]}}, {"id": "17706", "type": "Feature", "properties": {}, "geometry": {"type": "LineString", "coordinates": [[-91.67730778478068, 40.909708860501105], [-91.6728817844775, 40.92018852923124]]}}, {"id": "17707", "type": "Feature", "properties": {}, "geometry": {"type": "LineString", "coordinates": [[-91.66789571513739, 40.90387872668446], [-91.67730778478068, 40.909708860501105]]}}, {"id": "17708", "type": "Feature", "properties": {}, "geometry": {"type": "LineString", "coordinates": [[-91.6713569814193, 40.893857058179044], [-91.66789571513739, 40.90387872668446]]}}, {"id": "17709", "type": "Feature", "properties": {}, "geometry": {"type": "LineString", "coordinates": [[-91.67671478170881, 40.88214145609468], [-91.67349471487734, 40.88955512463675], [-91.67892151656044, 40.8901247243645], [-91.6713569814193, 40.893857058179044]]}}, {"id": "17710", "type": "Feature", "properties": {}, "geometry": {"type": "LineString", "coordinates": [[-91.69195511822049, 40.869184919826644], [-91.6756235810652, 40.87356285471326], [-91.67671478170881, 40.88214145609468]]}}, {"id": "17711", "type": "Feature", "properties": {}, "geometry": {"type": "LineString", "coordinates": [[-91.70765218876535, 40.8651256516025], [-91.69195511822049, 40.869184919826644]]}}, {"id": "17712", "type": "Feature", "properties": {}, "geometry": {"type": "LineString", "coordinates": [[-91.73993840005134, 40.889165920666635], [-91.71259559262104, 40.88973865507522], [-91.70537738946297, 40.87855652092925], [-91.72295152752322, 40.879320919796605], [-91.70503832215559, 40.87203665267557], [-91.71624359170104, 40.86715531817693], [-91.70765218876535, 40.8651256516025]]}}, {"id": "17713", "type": "Feature", "properties": {}, "geometry": {"type": "LineString", "coordinates": [[-91.76378934188622, 40.902431854559005], [-91.75097533788896, 40.901800921616626], [-91.75735873845015, 40.89016285288241], [-91.73993840005134, 40.889165920666635]]}}, {"id": "17714", "type": "Feature", "properties": {}, "geometry": {"type": "LineString", "coordinates": [[-91.78367054673392, 40.89528885231119], [-91.76378934188622, 40.902431854559005]]}}, {"id": "17715", "type": "Feature", "properties": {}, "geometry": {"type": "LineString", "coordinates": [[-91.7865250145161, 40.90236045338162], [-91.78367054673392, 40.89528885231119]]}}, {"id": "17716", "type": "Feature", "properties": {}, "geometry": {"type": "LineString", "coordinates": [[-91.83232596063675, 40.90556711729134], [-91.80204715253242, 40.90829705330362], [-91.78792161450855, 40.89531505182529], [-91.7865250145161, 40.90236045338162]]}}, {"id": "17717", "type": "Feature", "properties": {}, "geometry": {"type": "LineString", "coordinates": [[-91.83527083037755, 40.92133145349315], [-91.83949836408839, 40.913371318421326], [-91.83232596063675, 40.90556711729134]]}}, {"id": "17718", "type": "Feature", "properties": {}, "geometry": {"type": "LineString", "coordinates": [[-91.86368543753629, 40.91392571724755], [-91.8553046338392, 40.904338315773806], [-91.83527083037755, 40.92133145349315]]}}, {"id": "17719", "type": "Feature", "properties": {}, "geometry": {"type": "LineString", "coordinates": [[-91.88220317585245, 40.91129524879682], [-91.86368543753629, 40.91392571724755]]}}, {"id": "17720", "type": "Feature", "properties": {}, "geometry": {"type": "LineString", "coordinates": [[-91.89761458034035, 40.913787314844264], [-91.88220317585245, 40.91129524879682]]}}, {"id": "17729", "type": "Feature", "properties": {}, "geometry": {"type": "LineString", "coordinates": [[-91.9013551813531, 40.91612024832482], [-91.89761458034035, 40.913787314844264]]}}, {"id": "17730", "type": "Feature", "properties": {}, "geometry": {"type": "LineString", "coordinates": [[-91.9027126480368, 40.9168978487282], [-91.9013551813531, 40.91612024832482]]}}, {"id": "17731", "type": "Feature", "properties": {}, "geometry": {"type": "LineString", "coordinates": [[-91.91749585345998, 40.92446644929421], [-91.9027126480368, 40.9168978487282]]}}, {"id": "17732", "type": "Feature", "properties": {}, "geometry": {"type": "LineString", "coordinates": [[-91.93397605909986, 40.937363116580734], [-91.91749585345998, 40.92446644929421]]}}, {"id": "17733", "type": "Feature", "properties": {}, "geometry": {"type": "LineString", "coordinates": [[-91.93657299336483, 40.940061450338234], [-91.93397605909986, 40.937363116580734]]}}, {"id": "17734", "type": "Feature", "properties": {}, "geometry": {"type": "LineString", "coordinates": [[-91.94164466227005, 40.9431244507734], [-91.93657299336483, 40.940061450338234]]}}, {"id": "17735", "type": "Feature", "properties": {}, "geometry": {"type": "LineString", "coordinates": [[-91.9524483983582, 40.9448339171974], [-91.94164466227005, 40.9431244507734]]}}, {"id": "17736", "type": "Feature", "properties": {}, "geometry": {"type": "LineString", "coordinates": [[-91.95410866556463, 40.94547345029992], [-91.9524483983582, 40.9448339171974]]}}, {"id": "17737", "type": "Feature", "properties": {}, "geometry": {"type": "LineString", "coordinates": [[-91.97342927136935, 40.95193365035025], [-91.95410866556463, 40.94547345029992]]}}, {"id": "17738", "type": "Feature", "properties": {}, "geometry": {"type": "LineString", "coordinates": [[-91.97629747259562, 40.95298371694738], [-91.97342927136935, 40.95193365035025]]}}, {"id": "17739", "type": "Feature", "properties": {}, "geometry": {"type": "LineString", "coordinates": [[-91.97822967331327, 40.95355391688026], [-91.97629747259562, 40.95298371694738]]}}, {"id": "17740", "type": "Feature", "properties": {}, "geometry": {"type": "LineString", "coordinates": [[-91.97976967406947, 40.95417045060019], [-91.97822967331327, 40.95355391688026]]}}, {"id": "17741", "type": "Feature", "properties": {}, "geometry": {"type": "LineString", "coordinates": [[-91.99538547852215, 40.961980117180666], [-91.97976967406947, 40.95417045060019]]}}, {"id": "17742", "type": "Feature", "properties": {}, "geometry": {"type": "LineString", "coordinates": [[-91.99440081268135, 40.96854731820252], [-91.99538547852215, 40.961980117180666]]}}, {"id": "17743", "type": "Feature", "properties": {}, "geometry": {"type": "LineString", "coordinates": [[-91.99534341311235, 40.97252731906756], [-91.99440081268135, 40.96854731820252]]}}, {"id": "17744", "type": "Feature", "properties": {}, "geometry": {"type": "LineString", "coordinates": [[-92.02203168916202, 40.991162320370286], [-92.00018048159122, 40.979291653262585]]}}, {"id": "17745", "type": "Feature", "properties": {}, "geometry": {"type": "LineString", "coordinates": [[-92.00018048159122, 40.979291653262585], [-91.99534341311235, 40.97252731906756]]}}, {"id": "17746", "type": "Feature", "properties": {}, "geometry": {"type": "LineString", "coordinates": [[-92.0286670914149, 40.996201720974526], [-92.02203168916202, 40.991162320370286]]}}, {"id": "17747", "type": "Feature", "properties": {}, "geometry": {"type": "LineString", "coordinates": [[-92.05454543203138, 40.99713625303591], [-92.0286670914149, 40.996201720974526]]}}, {"id": "17748", "type": "Feature", "properties": {}, "geometry": {"type": "LineString", "coordinates": [[-92.05593469907615, 40.996885519243904], [-92.05454543203138, 40.99713625303591]]}}, {"id": "17749", "type": "Feature", "properties": {}, "geometry": {"type": "LineString", "coordinates": [[-92.08975684175007, 40.99655851739155], [-92.05593469907615, 40.996885519243904]]}}, {"id": "17750", "type": "Feature", "properties": {}, "geometry": {"type": "LineString", "coordinates": [[-92.10953611476248, 40.9978446499161], [-92.08975684175007, 40.99655851739155]]}}, {"id": "17751", "type": "Feature", "properties": {}, "geometry": {"type": "LineString", "coordinates": [[-92.11557951646334, 41.00003004988698], [-92.10953611476248, 40.9978446499161]]}}, {"id": "17752", "type": "Feature", "properties": {}, "geometry": {"type": "LineString", "coordinates": [[-92.11606671685935, 41.00115591675448], [-92.11557951646334, 41.00003004988698]]}}, {"id": "17753", "type": "Feature", "properties": {}, "geometry": {"type": "LineString", "coordinates": [[-92.12440192027601, 41.016874252274796], [-92.11606671685935, 41.00115591675448]]}}, {"id": "19175", "type": "Feature", "properties": {}, "geometry": {"type": "LineString", "coordinates": [[-91.65403151769091, 40.966420738532356], [-91.64204531392289, 40.96829093946851]]}}, {"id": "19202", "type": "Feature", "properties": {}, "geometry": {"type": "LineString", "coordinates": [[-92.46669019817301, 42.6696739631371], [-92.47033913150091, 42.663746694998075]]}}, {"id": "19203", "type": "Feature", "properties": {}, "geometry": {"type": "LineString", "coordinates": [[-92.47033913150091, 42.663746694998075], [-92.46999993124288, 42.66304149516135]]}}, {"id": "19204", "type": "Feature", "properties": {}, "geometry": {"type": "LineString", "coordinates": [[-92.46358919674424, 42.668692763116134], [-92.46669019817301, 42.6696739631371]]}}, {"id": "19205", "type": "Feature", "properties": {}, "geometry": {"type": "LineString", "coordinates": [[-92.45919499680213, 42.67416289772099], [-92.46358919674424, 42.668692763116134]]}}, {"id": "19206", "type": "Feature", "properties": {}, "geometry": {"type": "LineString", "coordinates": [[-92.4239851205076, 42.67994710066454], [-92.43931939025529, 42.66836569762416], [-92.45919499680213, 42.67416289772099]]}}, {"id": "19240", "type": "Feature", "properties": {}, "geometry": {"type": "LineString", "coordinates": [[-92.4260077887609, 42.68996490194716], [-92.4239851205076, 42.67994710066454]]}}, {"id": "19241", "type": "Feature", "properties": {}, "geometry": {"type": "LineString", "coordinates": [[-92.441174593675, 42.69473790188883], [-92.4260077887609, 42.68996490194716]]}}, {"id": "19242", "type": "Feature", "properties": {}, "geometry": {"type": "LineString", "coordinates": [[-92.4445307292209, 42.70146076967261], [-92.441174593675, 42.69473790188883]]}}, {"id": "19243", "type": "Feature", "properties": {}, "geometry": {"type": "LineString", "coordinates": [[-92.46031193597526, 42.722265172001705], [-92.45434079924742, 42.710100703603814], [-92.44326839592239, 42.71040497091149], [-92.4445307292209, 42.70146076967261]]}}, {"id": "19244", "type": "Feature", "properties": {}, "geometry": {"type": "LineString", "coordinates": [[-92.46769353729361, 42.721001504125674], [-92.46031193597526, 42.722265172001705]]}}, {"id": "19245", "type": "Feature", "properties": {}, "geometry": {"type": "LineString", "coordinates": [[-92.47019460514811, 42.72103050415454], [-92.46769353729361, 42.721001504125674]]}}, {"id": "19246", "type": "Feature", "properties": {}, "geometry": {"type": "LineString", "coordinates": [[-92.47078433925067, 42.72578577183134], [-92.47019460514811, 42.72103050415454]]}}, {"id": "19247", "type": "Feature", "properties": {}, "geometry": {"type": "LineString", "coordinates": [[-92.48333541265248, 42.75851297574843], [-92.48379894603404, 42.75723177548762]]}}, {"id": "19248", "type": "Feature", "properties": {}, "geometry": {"type": "LineString", "coordinates": [[-92.48470341387953, 42.75972397611556], [-92.48333541265248, 42.75851297574843]]}}, {"id": "19249", "type": "Feature", "properties": {}, "geometry": {"type": "LineString", "coordinates": [[-92.48316081339892, 42.76514651041212], [-92.48470341387953, 42.75972397611556]]}}, {"id": "19250", "type": "Feature", "properties": {}, "geometry": {"type": "LineString", "coordinates": [[-92.49640695016699, 42.76021537558032], [-92.48316081339892, 42.76514651041212]]}}, {"id": "19251", "type": "Feature", "properties": {}, "geometry": {"type": "LineString", "coordinates": [[-92.50250455261884, 42.768216776083015], [-92.49640695016699, 42.76021537558032]]}}, {"id": "19252", "type": "Feature", "properties": {}, "geometry": {"type": "LineString", "coordinates": [[-92.51146175672476, 42.77641457722219], [-92.50250455261884, 42.768216776083015]]}}, {"id": "19253", "type": "Feature", "properties": {}, "geometry": {"type": "LineString", "coordinates": [[-92.51306742432818, 42.78133391104128], [-92.51146175672476, 42.77641457722219]]}}, {"id": "19254", "type": "Feature", "properties": {}, "geometry": {"type": "LineString", "coordinates": [[-92.5125030245133, 42.7842839779959], [-92.51306742432818, 42.78133391104128]]}}, {"id": "19255", "type": "Feature", "properties": {}, "geometry": {"type": "LineString", "coordinates": [[-92.50490895635886, 42.79296818010845], [-92.5125030245133, 42.7842839779959]]}}, {"id": "19256", "type": "Feature", "properties": {}, "geometry": {"type": "LineString", "coordinates": [[-92.50813555933235, 42.811132782355195], [-92.50490895635886, 42.79296818010845]]}}, {"id": "19257", "type": "Feature", "properties": {}, "geometry": {"type": "LineString", "coordinates": [[-92.50570382614643, 42.815521916987244], [-92.50813555933235, 42.811132782355195]]}}, {"id": "19258", "type": "Feature", "properties": {}, "geometry": {"type": "LineString", "coordinates": [[-92.50603302725705, 42.82197251775918], [-92.50570382614643, 42.815521916987244]]}}, {"id": "19259", "type": "Feature", "properties": {}, "geometry": {"type": "LineString", "coordinates": [[-92.50680802720883, 42.82297978447754], [-92.50603302725705, 42.82197251775918]]}}, {"id": "19260", "type": "Feature", "properties": {}, "geometry": {"type": "LineString", "coordinates": [[-92.5069606276194, 42.82437511766974], [-92.50680802720883, 42.82297978447754]]}}, {"id": "19273", "type": "Feature", "properties": {}, "geometry": {"type": "LineString", "coordinates": [[-92.51843823222302, 42.83570851897896], [-92.5069606276194, 42.82437511766974]]}}, {"id": "19274", "type": "Feature", "properties": {}, "geometry": {"type": "LineString", "coordinates": [[-92.52108983436291, 42.84829112076131], [-92.51843823222302, 42.83570851897896]]}}, {"id": "19275", "type": "Feature", "properties": {}, "geometry": {"type": "LineString", "coordinates": [[-92.5350480405039, 42.868842790064214], [-92.52108983436291, 42.84829112076131]]}}, {"id": "19276", "type": "Feature", "properties": {}, "geometry": {"type": "LineString", "coordinates": [[-92.53370897580876, 42.890913993605714], [-92.5350480405039, 42.868842790064214]]}}, {"id": "19277", "type": "Feature", "properties": {}, "geometry": {"type": "LineString", "coordinates": [[-92.54571617949318, 42.89112879280298], [-92.53999437825729, 42.889683592872196]]}}, {"id": "19278", "type": "Feature", "properties": {}, "geometry": {"type": "LineString", "coordinates": [[-92.5393061780198, 42.892382192881875], [-92.53370897580876, 42.890913993605714]]}}, {"id": "19279", "type": "Feature", "properties": {}, "geometry": {"type": "LineString", "coordinates": [[-92.53999437825729, 42.889683592872196], [-92.539921844688, 42.88974752628779]]}}, {"id": "19280", "type": "Feature", "properties": {}, "geometry": {"type": "LineString", "coordinates": [[-92.539921844688, 42.88974752628779], [-92.5393061780198, 42.892382192881875]]}}, {"id": "19281", "type": "Feature", "properties": {}, "geometry": {"type": "LineString", "coordinates": [[-92.53187964386923, 42.907266595767254], [-92.54571617949318, 42.89112879280298]]}}, {"id": "19282", "type": "Feature", "properties": {}, "geometry": {"type": "LineString", "coordinates": [[-92.5400444485546, 42.92053899759025], [-92.54154904760375, 42.912717796159036], [-92.53187964386923, 42.907266595767254]]}}, {"id": "19283", "type": "Feature", "properties": {}, "geometry": {"type": "LineString", "coordinates": [[-92.54146738176127, 42.921746531134886], [-92.5400444485546, 42.92053899759025]]}}, {"id": "19284", "type": "Feature", "properties": {}, "geometry": {"type": "LineString", "coordinates": [[-92.52971538046592, 42.938120000648425], [-92.52907384591082, 42.930365732778704], [-92.54122404881205, 42.92278153090175]]}}, {"id": "19285", "type": "Feature", "properties": {}, "geometry": {"type": "LineString", "coordinates": [[-92.54122404881205, 42.92278153090175], [-92.54146738176127, 42.921746531134886]]}}, {"id": "19286", "type": "Feature", "properties": {}, "geometry": {"type": "LineString", "coordinates": [[-92.53403324966003, 42.944299201575], [-92.52971538046592, 42.938120000648425]]}}, {"id": "19287", "type": "Feature", "properties": {}, "geometry": {"type": "LineString", "coordinates": [[-92.52917244858968, 42.94669680221934], [-92.53403324966003, 42.944299201575]]}}, {"id": "19288", "type": "Feature", "properties": {}, "geometry": {"type": "LineString", "coordinates": [[-92.52760958121793, 42.95051526991273], [-92.52917244858968, 42.94669680221934]]}}, {"id": "19350", "type": "Feature", "properties": {}, "geometry": {"type": "LineString", "coordinates": [[-92.53292798319569, 42.95449953642981], [-92.52760958121793, 42.95051526991273]]}}, {"id": "19351", "type": "Feature", "properties": {}, "geometry": {"type": "LineString", "coordinates": [[-92.57437699959992, 42.98791913929133], [-92.56600426277407, 42.97947527151799]]}}, {"id": "19352", "type": "Feature", "properties": {}, "geometry": {"type": "LineString", "coordinates": [[-92.59362667263318, 42.99999267299064], [-92.57437699959992, 42.98791913929133]]}}, {"id": "19353", "type": "Feature", "properties": {}, "geometry": {"type": "LineString", "coordinates": [[-92.59574700662249, 43.00093973967404], [-92.59362667263318, 42.99999267299064]]}}, {"id": "19354", "type": "Feature", "properties": {}, "geometry": {"type": "LineString", "coordinates": [[-92.59805200728472, 43.0033876734261], [-92.59574700662249, 43.00093973967404]]}}, {"id": "19355", "type": "Feature", "properties": {}, "geometry": {"type": "LineString", "coordinates": [[-92.63482942129215, 43.02836694155143], [-92.59805200728472, 43.0033876734261]]}}, {"id": "19356", "type": "Feature", "properties": {}, "geometry": {"type": "LineString", "coordinates": [[-92.63925775631675, 43.03369587506012], [-92.63482942129215, 43.02836694155143]]}}, {"id": "19357", "type": "Feature", "properties": {}, "geometry": {"type": "LineString", "coordinates": [[-92.65123822883326, 43.05160294362067], [-92.64119482500494, 43.049340477256315], [-92.64674315886451, 43.04032767555847], [-92.63925775631675, 43.03369587506012]]}}, {"id": "19358", "type": "Feature", "properties": {}, "geometry": {"type": "LineString", "coordinates": [[-92.68059977169254, 43.0661851444627], [-92.66555803292722, 43.05804887761869], [-92.66686403243337, 43.052055676059275], [-92.65123822883326, 43.05160294362067]]}}, {"id": "19359", "type": "Feature", "properties": {}, "geometry": {"type": "LineString", "coordinates": [[-92.69590737854429, 43.084886679750056], [-92.70033777969402, 43.084311945670954]]}}, {"id": "19360", "type": "Feature", "properties": {}, "geometry": {"type": "LineString", "coordinates": [[-92.69534564492913, 43.084887079301474], [-92.69590737854429, 43.084886679750056]]}}, {"id": "19361", "type": "Feature", "properties": {}, "geometry": {"type": "LineString", "coordinates": [[-92.70530798119296, 43.090804546438555], [-92.69534564492913, 43.084887079301474]]}}, {"id": "19362", "type": "Feature", "properties": {}, "geometry": {"type": "LineString", "coordinates": [[-92.71358898475694, 43.09825494706227], [-92.70530798119296, 43.090804546438555]]}}, {"id": "19363", "type": "Feature", "properties": {}, "geometry": {"type": "LineString", "coordinates": [[-92.71328805273002, 43.10616928184465], [-92.71358898475694, 43.09825494706227]]}}, {"id": "19364", "type": "Feature", "properties": {}, "geometry": {"type": "LineString", "coordinates": [[-92.71397505281827, 43.106328881383305], [-92.71328805273002, 43.10616928184465]]}}, {"id": "19365", "type": "Feature", "properties": {}, "geometry": {"type": "LineString", "coordinates": [[-92.72054018884965, 43.1125907485429], [-92.71397505281827, 43.106328881383305]]}}, {"id": "19366", "type": "Feature", "properties": {}, "geometry": {"type": "LineString", "coordinates": [[-92.70335025125323, 43.122301684598085], [-92.72054018884965, 43.1125907485429]]}}, {"id": "19367", "type": "Feature", "properties": {}, "geometry": {"type": "LineString", "coordinates": [[-92.73584906232594, 43.13613608502536], [-92.70335025125323, 43.122301684598085]]}}, {"id": "19368", "type": "Feature", "properties": {}, "geometry": {"type": "LineString", "coordinates": [[-92.75205786895218, 43.15169855254068], [-92.73584906232594, 43.13613608502536]]}}, {"id": "19369", "type": "Feature", "properties": {}, "geometry": {"type": "LineString", "coordinates": [[-92.76043380647539, 43.16641435450112], [-92.75318947042737, 43.16400528826813], [-92.75205786895218, 43.15169855254068]]}}, {"id": "19370", "type": "Feature", "properties": {}, "geometry": {"type": "LineString", "coordinates": [[-92.76703067639248, 43.18201988953652], [-92.76043380647539, 43.16641435450112]]}}, {"id": "19371", "type": "Feature", "properties": {}, "geometry": {"type": "LineString", "coordinates": [[-92.77803787909588, 43.17853008885148], [-92.76703067639248, 43.18201988953652]]}}, {"id": "19372", "type": "Feature", "properties": {}, "geometry": {"type": "LineString", "coordinates": [[-92.78243888108133, 43.18228475563246], [-92.77803787909588, 43.17853008885148]]}}, {"id": "19373", "type": "Feature", "properties": {}, "geometry": {"type": "LineString", "coordinates": [[-92.78224408141196, 43.18706508935437], [-92.78243888108133, 43.18228475563246]]}}, {"id": "19374", "type": "Feature", "properties": {}, "geometry": {"type": "LineString", "coordinates": [[-92.7873014167985, 43.19159775670876], [-92.78224408141196, 43.18706508935437]]}}, {"id": "19375", "type": "Feature", "properties": {}, "geometry": {"type": "LineString", "coordinates": [[-92.78511001618877, 43.193814757186], [-92.7873014167985, 43.19159775670876]]}}, {"id": "19376", "type": "Feature", "properties": {}, "geometry": {"type": "LineString", "coordinates": [[-92.78110481551074, 43.1963274911478], [-92.78511001618877, 43.193814757186]]}}, {"id": "19377", "type": "Feature", "properties": {}, "geometry": {"type": "LineString", "coordinates": [[-92.78075648297956, 43.199232158507975], [-92.78110481551074, 43.1963274911478]]}}, {"id": "19378", "type": "Feature", "properties": {}, "geometry": {"type": "LineString", "coordinates": [[-92.80675382521835, 43.21180715825632], [-92.80388462326886, 43.205241157545196], [-92.77890268272832, 43.20501729252329], [-92.78075648297956, 43.199232158507975]]}}, {"id": "19379", "type": "Feature", "properties": {}, "geometry": {"type": "LineString", "coordinates": [[-92.80321342454646, 43.2177061598392], [-92.80675382521835, 43.21180715825632]]}}, {"id": "19380", "type": "Feature", "properties": {}, "geometry": {"type": "LineString", "coordinates": [[-92.80381062724229, 43.241905563343295], [-92.80321342454646, 43.2177061598392]]}}, {"id": "19381", "type": "Feature", "properties": {}, "geometry": {"type": "LineString", "coordinates": [[-92.84071364099778, 43.267865698323725], [-92.82513830205538, 43.25436609698508], [-92.81130809775756, 43.25351329795016], [-92.80381062724229, 43.241905563343295]]}}, {"id": "19382", "type": "Feature", "properties": {}, "geometry": {"type": "LineString", "coordinates": [[-92.84928631136484, 43.27532389871232], [-92.84071364099778, 43.267865698323725]]}}, {"id": "19383", "type": "Feature", "properties": {}, "geometry": {"type": "LineString", "coordinates": [[-92.88159392591079, 43.318187302990445], [-92.87307372254621, 43.31391056947363], [-92.8696938526122, 43.29167956686183], [-92.8531941140048, 43.287904100715004], [-92.86240211516159, 43.27544029780424], [-92.84928631136484, 43.27532389871232]]}}, {"id": "19384", "type": "Feature", "properties": {}, "geometry": {"type": "LineString", "coordinates": [[-92.93548988031415, 43.36917357405967], [-92.9288975441943, 43.35902217282423]]}}, {"id": "19385", "type": "Feature", "properties": {}, "geometry": {"type": "LineString", "coordinates": [[-92.9165018721501, 43.35011457242192], [-92.92156293913834, 43.34095817101652], [-92.9074394681379, 43.33242710377853]]}}, {"id": "19386", "type": "Feature", "properties": {}, "geometry": {"type": "LineString", "coordinates": [[-92.9288975441943, 43.35902217282423], [-92.92545667595756, 43.35576850637303]]}}, {"id": "19387", "type": "Feature", "properties": {}, "geometry": {"type": "LineString", "coordinates": [[-92.92545667595756, 43.35576850637303], [-92.9165018721501, 43.35011457242192]]}}, {"id": "19388", "type": "Feature", "properties": {}, "geometry": {"type": "LineString", "coordinates": [[-92.9074394681379, 43.33242710377853], [-92.88263092760005, 43.329959171551785], [-92.88159392591079, 43.318187302990445]]}}, {"id": "19389", "type": "Feature", "properties": {}, "geometry": {"type": "LineString", "coordinates": [[-92.93496628108112, 43.379054309266444], [-92.93548988031415, 43.36917357405967]]}}, {"id": "19390", "type": "Feature", "properties": {}, "geometry": {"type": "LineString", "coordinates": [[-92.93970314967656, 43.381178708967504], [-92.93496628108112, 43.379054309266444]]}}, {"id": "19391", "type": "Feature", "properties": {}, "geometry": {"type": "LineString", "coordinates": [[-92.93676828357476, 43.3942169112915], [-92.93970314967656, 43.381178708967504]]}}, {"id": "19392", "type": "Feature", "properties": {}, "geometry": {"type": "LineString", "coordinates": [[-92.96581809755573, 43.442112116230504], [-92.94854635847125, 43.43542358300308], [-92.9541844924182, 43.426408514609825], [-92.93876735398386, 43.41729278151592], [-92.93676828357476, 43.3942169112915]]}}, {"id": "19393", "type": "Feature", "properties": {}, "geometry": {"type": "LineString", "coordinates": [[-92.97116130022187, 43.44677338331514], [-92.96581809755573, 43.442112116230504]]}}, {"id": "19394", "type": "Feature", "properties": {}, "geometry": {"type": "LineString", "coordinates": [[-92.97680590293719, 43.46243511912503], [-92.98150757104823, 43.45762778419296], [-92.97116130022187, 43.44677338331514]]}}, {"id": "19397", "type": "Feature", "properties": {}, "geometry": {"type": "LineString", "coordinates": [[-92.97741850455361, 43.472154587086784], [-92.97680590293719, 43.46243511912503]]}}, {"id": "19398", "type": "Feature", "properties": {}, "geometry": {"type": "LineString", "coordinates": [[-92.98171057413276, 43.48452392216963], [-92.97741850455361, 43.472154587086784]]}}, {"id": "19399", "type": "Feature", "properties": {}, "geometry": {"type": "LineString", "coordinates": [[-92.98205997476083, 43.48678772224393], [-92.98171057413276, 43.48452392216963]]}}, {"id": "19400", "type": "Feature", "properties": {}, "geometry": {"type": "LineString", "coordinates": [[-92.982437374978, 43.48703892208154], [-92.98205997476083, 43.48678772224393]]}}, {"id": "19401", "type": "Feature", "properties": {}, "geometry": {"type": "LineString", "coordinates": [[-93.00098878125272, 43.49438592223097], [-93.0002017142317, 43.49447658911944]]}}, {"id": "19402", "type": "Feature", "properties": {}, "geometry": {"type": "LineString", "coordinates": [[-93.0002017142317, 43.49447658911944], [-92.982437374978, 43.48703892208154]]}}, {"id": "19403", "type": "Feature", "properties": {}, "geometry": {"type": "LineString", "coordinates": [[-93.00179338159144, 43.49997178950427], [-93.00098878125272, 43.49438592223097]]}}, {"id": "19528", "type": "Feature", "properties": {}, "geometry": {"type": "LineString", "coordinates": [[-92.48470341387953, 42.75972397611556], [-92.48476141360587, 42.757413775369024]]}}, {"id": "19738", "type": "Feature", "properties": {}, "geometry": {"type": "LineString", "coordinates": [[-92.57437699959992, 42.98791913929133], [-92.56730719722844, 42.98526267263269]]}}, {"id": "19739", "type": "Feature", "properties": {}, "geometry": {"type": "LineString", "coordinates": [[-92.56730719722844, 42.98526267263269], [-92.56226179506216, 42.983544539010424]]}}, {"id": "19820", "type": "Feature", "properties": {}, "geometry": {"type": "LineString", "coordinates": [[-92.982437374978, 43.48703892208154], [-92.98171057413276, 43.48452392216963]]}}, {"id": "19886", "type": "Feature", "properties": {}, "geometry": {"type": "LineString", "coordinates": [[-92.78110481551074, 43.1963274911478], [-92.78511001618877, 43.193814757186]]}}, {"id": "19889", "type": "Feature", "properties": {}, "geometry": {"type": "LineString", "coordinates": [[-92.78224408141196, 43.18706508935437], [-92.78243888108133, 43.18228475563246]]}}, {"id": "19903", "type": "Feature", "properties": {}, "geometry": {"type": "LineString", "coordinates": [[-92.71397505281827, 43.106328881383305], [-92.71328805273002, 43.10616928184465]]}}, {"id": "19907", "type": "Feature", "properties": {}, "geometry": {"type": "LineString", "coordinates": [[-92.69590737854429, 43.084886679750056], [-92.69983804600315, 43.08396934553655]]}}, {"id": "19908", "type": "Feature", "properties": {}, "geometry": {"type": "LineString", "coordinates": [[-92.69534564492913, 43.084887079301474], [-92.69165577627207, 43.077844345134494]]}}, {"id": "19925", "type": "Feature", "properties": {}, "geometry": {"type": "LineString", "coordinates": [[-92.59805200728472, 43.0033876734261], [-92.59574700662249, 43.00093973967404]]}}, {"id": "19926", "type": "Feature", "properties": {}, "geometry": {"type": "LineString", "coordinates": [[-92.56226179506216, 42.983544539010424], [-92.56058219431418, 42.98111913902034]]}}, {"id": "19945", "type": "Feature", "properties": {}, "geometry": {"type": "LineString", "coordinates": [[-92.51843823222302, 42.83570851897896], [-92.51268816190344, 42.81898278359678]]}}, {"id": "19946", "type": "Feature", "properties": {}, "geometry": {"type": "LineString", "coordinates": [[-92.50570382614643, 42.815521916987244], [-92.51268816190344, 42.81898278359678]]}}, {"id": "19947", "type": "Feature", "properties": {}, "geometry": {"type": "LineString", "coordinates": [[-92.50680802720883, 42.82297978447754], [-92.50603302725705, 42.82197251775918]]}}, {"id": "20004", "type": "Feature", "properties": {}, "geometry": {"type": "LineString", "coordinates": [[-92.48319821206081, 42.750896308348324], [-92.48110901098433, 42.74862130755812]]}}, {"id": "20010", "type": "Feature", "properties": {}, "geometry": {"type": "LineString", "coordinates": [[-92.46358919674424, 42.668692763116134], [-92.46866479757546, 42.66333636187704]]}}, {"id": "20011", "type": "Feature", "properties": {}, "geometry": {"type": "LineString", "coordinates": [[-92.46866479757546, 42.66333636187704], [-92.46999993124288, 42.66304149516135]]}}, {"id": "20012", "type": "Feature", "properties": {}, "geometry": {"type": "LineString", "coordinates": [[-92.46624752816392, 42.641470958878664], [-92.46559359416297, 42.63911549159279]]}}, {"id": "20013", "type": "Feature", "properties": {}, "geometry": {"type": "LineString", "coordinates": [[-92.46559359416297, 42.63911549159279], [-92.46504619406649, 42.63925829193728]]}}, {"id": "20014", "type": "Feature", "properties": {}, "geometry": {"type": "LineString", "coordinates": [[-92.46538852764823, 42.64187529214143], [-92.46624752816392, 42.641470958878664]]}}, {"id": "20016", "type": "Feature", "properties": {}, "geometry": {"type": "LineString", "coordinates": [[-92.46504619406649, 42.63925829193728], [-92.47875692871973, 42.617983887721174], [-92.49529433278869, 42.613125485805575]]}}, {"id": "20017", "type": "Feature", "properties": {}, "geometry": {"type": "LineString", "coordinates": [[-92.4647567955095, 42.65304409371311], [-92.46538852764823, 42.64187529214143]]}}, {"id": "20018", "type": "Feature", "properties": {}, "geometry": {"type": "LineString", "coordinates": [[-92.46538852764823, 42.64187529214143], [-92.46504619406649, 42.63925829193728]]}}, {"id": "20019", "type": "Feature", "properties": {}, "geometry": {"type": "LineString", "coordinates": [[-92.46999993124288, 42.66304149516135], [-92.4647567955095, 42.65304409371311]]}}, {"id": "20026", "type": "Feature", "properties": {}, "geometry": {"type": "LineString", "coordinates": [[-92.51268816190344, 42.81898278359678], [-92.50813555933235, 42.811132782355195]]}}, {"id": "20027", "type": "Feature", "properties": {}, "geometry": {"type": "LineString", "coordinates": [[-92.48361481206204, 42.75080797475196], [-92.48319821206081, 42.750896308348324]]}}, {"id": "20028", "type": "Feature", "properties": {}, "geometry": {"type": "LineString", "coordinates": [[-92.48379894603404, 42.75723177548762], [-92.48449974694, 42.75699337584181]]}}, {"id": "20029", "type": "Feature", "properties": {}, "geometry": {"type": "LineString", "coordinates": [[-92.48174554461824, 42.74794710756143], [-92.47864914256373, 42.739660106446216], [-92.46267553823506, 42.738287574064415], [-92.47078360532707, 42.72579437178799]]}}, {"id": "20030", "type": "Feature", "properties": {}, "geometry": {"type": "LineString", "coordinates": [[-92.47078360532707, 42.72579437178799], [-92.47078433925067, 42.72578577183134]]}}, {"id": "20031", "type": "Feature", "properties": {}, "geometry": {"type": "LineString", "coordinates": [[-92.48449974694, 42.75699337584181], [-92.48361481206204, 42.75080797475196]]}}, {"id": "20032", "type": "Feature", "properties": {}, "geometry": {"type": "LineString", "coordinates": [[-92.48476141360587, 42.757413775369024], [-92.48449974694, 42.75699337584181]]}}, {"id": "20033", "type": "Feature", "properties": {}, "geometry": {"type": "LineString", "coordinates": [[-92.48361481206204, 42.75080797475196], [-92.48174554461824, 42.74794710756143]]}}, {"id": "20034", "type": "Feature", "properties": {}, "geometry": {"type": "LineString", "coordinates": [[-92.48110901098433, 42.74862130755812], [-92.48174554461824, 42.74794710756143]]}}, {"id": "20040", "type": "Feature", "properties": {}, "geometry": {"type": "LineString", "coordinates": [[-92.56600426277407, 42.97947527151799], [-92.565698062128, 42.97914953851345]]}}, {"id": "20041", "type": "Feature", "properties": {}, "geometry": {"type": "LineString", "coordinates": [[-92.55162259170648, 42.975688938750615], [-92.54095118644281, 42.95787366985444]]}}, {"id": "20042", "type": "Feature", "properties": {}, "geometry": {"type": "LineString", "coordinates": [[-92.54095118644281, 42.95787366985444], [-92.53292798319569, 42.95449953642981]]}}, {"id": "20044", "type": "Feature", "properties": {}, "geometry": {"type": "LineString", "coordinates": [[-92.56163906134765, 42.9789085381448], [-92.55162259170648, 42.975688938750615]]}}, {"id": "20046", "type": "Feature", "properties": {}, "geometry": {"type": "LineString", "coordinates": [[-92.565698062128, 42.97914953851345], [-92.56163906134765, 42.9789085381448]]}}, {"id": "20048", "type": "Feature", "properties": {}, "geometry": {"type": "LineString", "coordinates": [[-92.56058219431418, 42.98111913902034], [-92.56163906134765, 42.9789085381448]]}}, {"id": "20049", "type": "Feature", "properties": {}, "geometry": {"type": "LineString", "coordinates": [[-92.70033777969402, 43.084311945670954], [-92.70029557953694, 43.0839906788785]]}}, {"id": "20052", "type": "Feature", "properties": {}, "geometry": {"type": "LineString", "coordinates": [[-92.69165577627207, 43.077844345134494], [-92.69139617573136, 43.077673678785054]]}}, {"id": "20053", "type": "Feature", "properties": {}, "geometry": {"type": "LineString", "coordinates": [[-92.68547117378156, 43.06856654427653], [-92.68059977169254, 43.0661851444627]]}}, {"id": "20054", "type": "Feature", "properties": {}, "geometry": {"type": "LineString", "coordinates": [[-92.69212937617468, 43.07652847869004], [-92.68547117378156, 43.06856654427653]]}}, {"id": "20055", "type": "Feature", "properties": {}, "geometry": {"type": "LineString", "coordinates": [[-92.70029557953694, 43.0839906788785], [-92.70128537924958, 43.08267174527992]]}}, {"id": "20057", "type": "Feature", "properties": {}, "geometry": {"type": "LineString", "coordinates": [[-92.70128537924958, 43.08267174527992], [-92.69212937617468, 43.07652847869004]]}}, {"id": "20059", "type": "Feature", "properties": {}, "geometry": {"type": "LineString", "coordinates": [[-92.69983804600315, 43.08396934553655], [-92.70029557953694, 43.0839906788785]]}}, {"id": "20060", "type": "Feature", "properties": {}, "geometry": {"type": "LineString", "coordinates": [[-92.50694114316092, 42.671751494224885], [-92.52217961297343, 42.6606952917728]]}}, {"id": "20061", "type": "Feature", "properties": {}, "geometry": {"type": "LineString", "coordinates": [[-92.51418301243515, 42.67807196153384], [-92.50694114316092, 42.671751494224885]]}}, {"id": "20062", "type": "Feature", "properties": {}, "geometry": {"type": "LineString", "coordinates": [[-92.52672494997051, 42.68640949518131], [-92.51418301243515, 42.67807196153384]]}}, {"id": "20063", "type": "Feature", "properties": {}, "geometry": {"type": "LineString", "coordinates": [[-92.55325622476305, 42.693954761379466], [-92.52672494997051, 42.68640949518131]]}}, {"id": "20064", "type": "Feature", "properties": {}, "geometry": {"type": "LineString", "coordinates": [[-92.58062403500267, 42.71105549587776], [-92.57164176430706, 42.69696136084738], [-92.55715762690662, 42.698966494965475]]}}, {"id": "20065", "type": "Feature", "properties": {}, "geometry": {"type": "LineString", "coordinates": [[-92.58733977089646, 42.71944836323278], [-92.58062403500267, 42.71105549587776]]}}, {"id": "20069", "type": "Feature", "properties": {}, "geometry": {"type": "LineString", "coordinates": [[-92.6448625933094, 42.77425650162637], [-92.64444832713129, 42.77456976815172]]}}, {"id": "20070", "type": "Feature", "properties": {}, "geometry": {"type": "LineString", "coordinates": [[-92.64444832713129, 42.77456976815172], [-92.64311379353846, 42.77694890158684]]}}, {"id": "20071", "type": "Feature", "properties": {}, "geometry": {"type": "LineString", "coordinates": [[-92.6693445333594, 42.7671745652084], [-92.66561859824199, 42.766283898632366]]}}, {"id": "20072", "type": "Feature", "properties": {}, "geometry": {"type": "LineString", "coordinates": [[-92.65890412987106, 42.768309299462295], [-92.6448625933094, 42.77425650162637]]}}, {"id": "20073", "type": "Feature", "properties": {}, "geometry": {"type": "LineString", "coordinates": [[-92.67074260030071, 42.768301498730246], [-92.67035973293672, 42.767930565501445]]}}, {"id": "20074", "type": "Feature", "properties": {}, "geometry": {"type": "LineString", "coordinates": [[-92.67035973293672, 42.767930565501445], [-92.66943459934812, 42.767196165495534]]}}, {"id": "20075", "type": "Feature", "properties": {}, "geometry": {"type": "LineString", "coordinates": [[-92.66561859824199, 42.766283898632366], [-92.66544959818759, 42.76629836563914]]}}, {"id": "20076", "type": "Feature", "properties": {}, "geometry": {"type": "LineString", "coordinates": [[-92.67683360193186, 42.77151349911769], [-92.67074260030071, 42.768301498730246]]}}, {"id": "20077", "type": "Feature", "properties": {}, "geometry": {"type": "LineString", "coordinates": [[-92.68922854005245, 42.78224476618133], [-92.68593933887674, 42.77772896585442]]}}, {"id": "20078", "type": "Feature", "properties": {}, "geometry": {"type": "LineString", "coordinates": [[-92.68593933887674, 42.77772896585442], [-92.67683360193186, 42.77151349911769]]}}, {"id": "20079", "type": "Feature", "properties": {}, "geometry": {"type": "LineString", "coordinates": [[-92.66943459934812, 42.767196165495534], [-92.6693445333594, 42.7671745652084]]}}, {"id": "20080", "type": "Feature", "properties": {}, "geometry": {"type": "LineString", "coordinates": [[-92.66544959818759, 42.76629836563914], [-92.65890412987106, 42.768309299462295]]}}, {"id": "20081", "type": "Feature", "properties": {}, "geometry": {"type": "LineString", "coordinates": [[-92.6885497442777, 42.816823371793085], [-92.68708821046326, 42.815566105201206]]}}, {"id": "20082", "type": "Feature", "properties": {}, "geometry": {"type": "LineString", "coordinates": [[-92.69241981048918, 42.80410356954785], [-92.69194780958777, 42.79831690178462], [-92.6815752073438, 42.80035830299656]]}}, {"id": "20083", "type": "Feature", "properties": {}, "geometry": {"type": "LineString", "coordinates": [[-92.6815752073438, 42.80035830299656], [-92.68922854005245, 42.78224476618133]]}}, {"id": "20084", "type": "Feature", "properties": {}, "geometry": {"type": "LineString", "coordinates": [[-92.71593775403478, 42.83369150581202], [-92.6885497442777, 42.816823371793085]]}}, {"id": "20085", "type": "Feature", "properties": {}, "geometry": {"type": "LineString", "coordinates": [[-92.68702194354138, 42.81541050532432], [-92.69241981048918, 42.80410356954785]]}}, {"id": "20086", "type": "Feature", "properties": {}, "geometry": {"type": "LineString", "coordinates": [[-92.68708821046326, 42.815566105201206], [-92.68702194354138, 42.81541050532432]]}}, {"id": "20120", "type": "Feature", "properties": {}, "geometry": {"type": "LineString", "coordinates": [[-92.74479916255457, 42.84032430539616], [-92.72133575662819, 42.84277617349523]]}}, {"id": "20121", "type": "Feature", "properties": {}, "geometry": {"type": "LineString", "coordinates": [[-92.76011643438045, 42.84446610466887], [-92.74479916255457, 42.84032430539616]]}}, {"id": "20122", "type": "Feature", "properties": {}, "geometry": {"type": "LineString", "coordinates": [[-92.72133575662819, 42.84277617349523], [-92.71593775403478, 42.83369150581202]]}}, {"id": "20123", "type": "Feature", "properties": {}, "geometry": {"type": "LineString", "coordinates": [[-92.81831699075951, 42.90197757669791], [-92.79427238203083, 42.888427176150884], [-92.78864124595992, 42.876400907981576]]}}, {"id": "20124", "type": "Feature", "properties": {}, "geometry": {"type": "LineString", "coordinates": [[-92.77951177552525, 42.86689930728951], [-92.77330263914604, 42.854732371959926], [-92.76149776930127, 42.85833570712224], [-92.75297623283682, 42.851004973323896], [-92.76011643438045, 42.84446610466887]]}}, {"id": "20125", "type": "Feature", "properties": {}, "geometry": {"type": "LineString", "coordinates": [[-92.78864124595992, 42.876400907981576], [-92.77951177552525, 42.86689930728951]]}}, {"id": "20126", "type": "Feature", "properties": {}, "geometry": {"type": "LineString", "coordinates": [[-92.82530379329029, 42.90879691068323], [-92.81831699075951, 42.90197757669791]]}}, {"id": "20127", "type": "Feature", "properties": {}, "geometry": {"type": "LineString", "coordinates": [[-92.84045159973445, 42.92514951196646], [-92.82530379329029, 42.90879691068323]]}}, {"id": "20128", "type": "Feature", "properties": {}, "geometry": {"type": "LineString", "coordinates": [[-92.85403200500964, 42.93993938054724], [-92.85157407066185, 42.936393580095576]]}}, {"id": "20129", "type": "Feature", "properties": {}, "geometry": {"type": "LineString", "coordinates": [[-92.86004587369723, 42.94147311317304], [-92.85403200500964, 42.93993938054724]]}}, {"id": "20130", "type": "Feature", "properties": {}, "geometry": {"type": "LineString", "coordinates": [[-92.86808641083607, 42.951741247848524], [-92.86004587369723, 42.94147311317304]]}}, {"id": "20131", "type": "Feature", "properties": {}, "geometry": {"type": "LineString", "coordinates": [[-92.85157407066185, 42.936393580095576], [-92.84045159973445, 42.92514951196646]]}}, {"id": "20132", "type": "Feature", "properties": {}, "geometry": {"type": "LineString", "coordinates": [[-92.86797727720715, 42.95419091476474], [-92.86810201097929, 42.952315314764746]]}}, {"id": "20133", "type": "Feature", "properties": {}, "geometry": {"type": "LineString", "coordinates": [[-92.86810201097929, 42.952315314764746], [-92.86808641083607, 42.951741247848524]]}}, {"id": "20134", "type": "Feature", "properties": {}, "geometry": {"type": "LineString", "coordinates": [[-92.86953407825577, 42.95478564808392], [-92.86797727720715, 42.95419091476474]]}}, {"id": "20135", "type": "Feature", "properties": {}, "geometry": {"type": "LineString", "coordinates": [[-92.90052202183527, 42.97078404872655], [-92.87823141591964, 42.970864516473554]]}}, {"id": "20136", "type": "Feature", "properties": {}, "geometry": {"type": "LineString", "coordinates": [[-92.87823141591964, 42.970864516473554], [-92.86953407825577, 42.95478564808392]]}}, {"id": "20137", "type": "Feature", "properties": {}, "geometry": {"type": "LineString", "coordinates": [[-92.91818169837521, 43.009531120425216], [-92.91222762963778, 43.007817720284805]]}}, {"id": "20138", "type": "Feature", "properties": {}, "geometry": {"type": "LineString", "coordinates": [[-92.93323270236436, 43.00673385229167], [-92.91818169837521, 43.009531120425216]]}}, {"id": "20139", "type": "Feature", "properties": {}, "geometry": {"type": "LineString", "coordinates": [[-92.93666490365524, 43.01066625261955], [-92.93323270236436, 43.00673385229167]]}}, {"id": "20140", "type": "Feature", "properties": {}, "geometry": {"type": "LineString", "coordinates": [[-92.93735163694386, 43.011626452276424], [-92.93666490365524, 43.01066625261955]]}}, {"id": "20141", "type": "Feature", "properties": {}, "geometry": {"type": "LineString", "coordinates": [[-92.941029308276, 43.0402158569466], [-92.94356010587482, 43.01688371948674], [-92.93735163694386, 43.011626452276424]]}}, {"id": "20360", "type": "Feature", "properties": {}, "geometry": {"type": "LineString", "coordinates": [[-92.64286432599417, 42.77274016817363], [-92.64090759228611, 42.769949967632186]]}}, {"id": "20361", "type": "Feature", "properties": {}, "geometry": {"type": "LineString", "coordinates": [[-92.6448625933094, 42.77425650162637], [-92.64286432599417, 42.77274016817363]]}}, {"id": "20619", "type": "Feature", "properties": {}, "geometry": {"type": "LineString", "coordinates": [[-92.93666490365524, 43.01066625261955], [-92.93323270236436, 43.00673385229167]]}}, {"id": "20713", "type": "Feature", "properties": {}, "geometry": {"type": "LineString", "coordinates": [[-92.64090759228611, 42.769949967632186], [-92.63221398891886, 42.76496436771109]]}}, {"id": "20742", "type": "Feature", "properties": {}, "geometry": {"type": "LineString", "coordinates": [[-92.67686100234464, 42.771197098700156], [-92.67195340084461, 42.76847729885924]]}}, {"id": "20743", "type": "Feature", "properties": {}, "geometry": {"type": "LineString", "coordinates": [[-92.67195340084461, 42.76847729885924], [-92.67074260030071, 42.768301498730246]]}}, {"id": "20744", "type": "Feature", "properties": {}, "geometry": {"type": "LineString", "coordinates": [[-92.67683360193186, 42.77151349911769], [-92.67686100234464, 42.771197098700156]]}}, {"id": "20745", "type": "Feature", "properties": {}, "geometry": {"type": "LineString", "coordinates": [[-92.58445863752337, 42.72759456486112], [-92.58129537026899, 42.725855098059384]]}}, {"id": "20746", "type": "Feature", "properties": {}, "geometry": {"type": "LineString", "coordinates": [[-92.58129537026899, 42.725855098059384], [-92.58733977089646, 42.71944836323278]]}}, {"id": "20749", "type": "Feature", "properties": {}, "geometry": {"type": "LineString", "coordinates": [[-92.52217961297343, 42.6606952917728], [-92.49666940285871, 42.64013909013248], [-92.50245660414224, 42.63572048890855]]}}, {"id": "20750", "type": "Feature", "properties": {}, "geometry": {"type": "LineString", "coordinates": [[-92.50245660414224, 42.63572048890855], [-92.5015267373304, 42.63370635518215]]}}, {"id": "20751", "type": "Feature", "properties": {}, "geometry": {"type": "LineString", "coordinates": [[-92.62370818554828, 42.75462596613045], [-92.59326084181856, 42.743906500259]]}}, {"id": "20752", "type": "Feature", "properties": {}, "geometry": {"type": "LineString", "coordinates": [[-92.63221398891886, 42.76496436771109], [-92.62985418743101, 42.75997829991176]]}}, {"id": "20753", "type": "Feature", "properties": {}, "geometry": {"type": "LineString", "coordinates": [[-92.62985418743101, 42.75997829991176], [-92.62370818554828, 42.75462596613045]]}}, {"id": "20754", "type": "Feature", "properties": {}, "geometry": {"type": "LineString", "coordinates": [[-92.59326084181856, 42.743906500259], [-92.58445863752337, 42.72759456486112]]}}, {"id": "20756", "type": "Feature", "properties": {}, "geometry": {"type": "LineString", "coordinates": [[-92.9025546910326, 42.984334317306065], [-92.90015442313617, 42.98122411683717]]}}, {"id": "20757", "type": "Feature", "properties": {}, "geometry": {"type": "LineString", "coordinates": [[-92.91610902809657, 42.98773825027711], [-92.91105962663063, 42.98403464989164]]}}, {"id": "20758", "type": "Feature", "properties": {}, "geometry": {"type": "LineString", "coordinates": [[-92.91381149602759, 42.999990518732574], [-92.90929002726759, 42.99540305161231]]}}, {"id": "20759", "type": "Feature", "properties": {}, "geometry": {"type": "LineString", "coordinates": [[-92.90929002726759, 42.99540305161231], [-92.91463289486214, 42.99032851728752]]}}, {"id": "20760", "type": "Feature", "properties": {}, "geometry": {"type": "LineString", "coordinates": [[-92.90015442313617, 42.98122411683717], [-92.90695409042358, 42.971742248418266], [-92.90052202183527, 42.97078404872655]]}}, {"id": "20761", "type": "Feature", "properties": {}, "geometry": {"type": "LineString", "coordinates": [[-92.90286429090372, 42.98454231726965], [-92.9025546910326, 42.984334317306065]]}}, {"id": "20762", "type": "Feature", "properties": {}, "geometry": {"type": "LineString", "coordinates": [[-92.91081822595758, 42.98407224976914], [-92.90286429090372, 42.98454231726965]]}}, {"id": "20763", "type": "Feature", "properties": {}, "geometry": {"type": "LineString", "coordinates": [[-92.91105962663063, 42.98403464989164], [-92.91081822595758, 42.98407224976914]]}}, {"id": "20764", "type": "Feature", "properties": {}, "geometry": {"type": "LineString", "coordinates": [[-92.91463289486214, 42.99032851728752], [-92.91610902809657, 42.98773825027711]]}}, {"id": "20765", "type": "Feature", "properties": {}, "geometry": {"type": "LineString", "coordinates": [[-92.91222762963778, 43.007817720284805], [-92.91381149602759, 42.999990518732574]]}}, {"id": "20785", "type": "Feature", "properties": {}, "geometry": {"type": "LineString", "coordinates": [[-92.55715762690662, 42.698966494965475], [-92.55532835964577, 42.69590896155884]]}}, {"id": "20787", "type": "Feature", "properties": {}, "geometry": {"type": "LineString", "coordinates": [[-92.55532835964577, 42.69590896155884], [-92.55325622476305, 42.693954761379466]]}}, {"id": "21167", "type": "Feature", "properties": {}, "geometry": {"type": "LineString", "coordinates": [[-92.52907821082478, 42.629386886339326], [-92.51849354239337, 42.64184388880733], [-92.50215080414479, 42.63373008837841]]}}, {"id": "21168", "type": "Feature", "properties": {}, "geometry": {"type": "LineString", "coordinates": [[-92.50215080414479, 42.63373008837841], [-92.5015267373304, 42.63370635518215]]}}, {"id": "21169", "type": "Feature", "properties": {}, "geometry": {"type": "LineString", "coordinates": [[-92.55519921694221, 42.62274935003154], [-92.52907821082478, 42.629386886339326]]}}, {"id": "21170", "type": "Feature", "properties": {}, "geometry": {"type": "LineString", "coordinates": [[-92.5685486213404, 42.622916882383535], [-92.55519921694221, 42.62274935003154]]}}, {"id": "21171", "type": "Feature", "properties": {}, "geometry": {"type": "LineString", "coordinates": [[-92.6022188301537, 42.61780454617271], [-92.5685486213404, 42.622916882383535]]}}, {"id": "21172", "type": "Feature", "properties": {}, "geometry": {"type": "LineString", "coordinates": [[-92.61209836600285, 42.618881279170644], [-92.6022188301537, 42.61780454617271]]}}, {"id": "21173", "type": "Feature", "properties": {}, "geometry": {"type": "LineString", "coordinates": [[-92.6382729754916, 42.638781680664714], [-92.61209836600285, 42.618881279170644]]}}, {"id": "21174", "type": "Feature", "properties": {}, "geometry": {"type": "LineString", "coordinates": [[-92.65085017908841, 42.63550847943221], [-92.6382729754916, 42.638781680664714]]}}, {"id": "21175", "type": "Feature", "properties": {}, "geometry": {"type": "LineString", "coordinates": [[-92.67306351821149, 42.63648487790939], [-92.65085017908841, 42.63550847943221]]}}, {"id": "21176", "type": "Feature", "properties": {}, "geometry": {"type": "LineString", "coordinates": [[-92.69922979492766, 42.65271167889286], [-92.69026152357745, 42.64015907732511], [-92.67306351821149, 42.63648487790939]]}}, {"id": "21177", "type": "Feature", "properties": {}, "geometry": {"type": "LineString", "coordinates": [[-92.73295260459241, 42.6569851441167], [-92.69922979492766, 42.65271167889286]]}}, {"id": "21178", "type": "Feature", "properties": {}, "geometry": {"type": "LineString", "coordinates": [[-92.7616183465686, 42.66075234272289], [-92.73295260459241, 42.6569851441167]]}}, {"id": "21179", "type": "Feature", "properties": {}, "geometry": {"type": "LineString", "coordinates": [[-92.77420094993857, 42.66083267519685], [-92.7616183465686, 42.66075234272289]]}}, {"id": "21180", "type": "Feature", "properties": {}, "geometry": {"type": "LineString", "coordinates": [[-92.79252762378034, 42.67608127688871], [-92.77420094993857, 42.66083267519685]]}}, {"id": "21181", "type": "Feature", "properties": {}, "geometry": {"type": "LineString", "coordinates": [[-92.81710503049055, 42.68156314269257], [-92.79252762378034, 42.67608127688871]]}}, {"id": "21182", "type": "Feature", "properties": {}, "geometry": {"type": "LineString", "coordinates": [[-92.83309996890891, 42.68474934191225], [-92.81710503049055, 42.68156314269257]]}}, {"id": "21183", "type": "Feature", "properties": {}, "geometry": {"type": "LineString", "coordinates": [[-92.83421236979322, 42.6904226758752], [-92.83309996890891, 42.68474934191225]]}}, {"id": "21184", "type": "Feature", "properties": {}, "geometry": {"type": "LineString", "coordinates": [[-92.83870557216447, 42.69479307688091], [-92.83421236979322, 42.6904226758752]]}}, {"id": "21185", "type": "Feature", "properties": {}, "geometry": {"type": "LineString", "coordinates": [[-92.86828724718414, 42.701363142412625], [-92.85448917652235, 42.6948882755469]]}}, {"id": "21186", "type": "Feature", "properties": {}, "geometry": {"type": "LineString", "coordinates": [[-92.8484740412102, 42.69353754251192], [-92.83870557216447, 42.69479307688091]]}}, {"id": "21187", "type": "Feature", "properties": {}, "geometry": {"type": "LineString", "coordinates": [[-92.85448917652235, 42.6948882755469], [-92.8484740412102, 42.69353754251192]]}}, {"id": "21188", "type": "Feature", "properties": {}, "geometry": {"type": "LineString", "coordinates": [[-92.91444286255201, 42.71711627525738], [-92.90103739070366, 42.70469967405302]]}}, {"id": "21189", "type": "Feature", "properties": {}, "geometry": {"type": "LineString", "coordinates": [[-92.92713546642516, 42.72367587515344], [-92.91444286255201, 42.71711627525738]]}}, {"id": "21813", "type": "Feature", "properties": {}, "geometry": {"type": "LineString", "coordinates": [[-92.88577838630204, 42.70344414127983], [-92.86828724718414, 42.701363142412625]]}}, {"id": "21814", "type": "Feature", "properties": {}, "geometry": {"type": "LineString", "coordinates": [[-92.90103739070366, 42.70469967405302], [-92.89309778827015, 42.704609741150655]]}}, {"id": "21823", "type": "Feature", "properties": {}, "geometry": {"type": "LineString", "coordinates": [[-92.8896243875454, 42.7040466749377], [-92.88577838630204, 42.70344414127983]]}}, {"id": "21825", "type": "Feature", "properties": {}, "geometry": {"type": "LineString", "coordinates": [[-92.89309778827015, 42.704609741150655], [-92.8896243875454, 42.7040466749377]]}}, {"id": "21826", "type": "Feature", "properties": {}, "geometry": {"type": "LineString", "coordinates": [[-92.5015267373304, 42.63370635518215], [-92.49582593331594, 42.61354308580521]]}}, {"id": "21827", "type": "Feature", "properties": {}, "geometry": {"type": "LineString", "coordinates": [[-92.49582593331594, 42.61354308580521], [-92.49529433278869, 42.613125485805575]]}}, {"id": "21830", "type": "Feature", "properties": {}, "geometry": {"type": "LineString", "coordinates": [[-91.7450997199236, 42.00437570249348], [-91.74396871942132, 42.00346603550603]]}}, {"id": "21831", "type": "Feature", "properties": {}, "geometry": {"type": "LineString", "coordinates": [[-91.74809892516268, 42.046556109297725], [-91.75064792532409, 42.04368684161336]]}}, {"id": "21832", "type": "Feature", "properties": {}, "geometry": {"type": "LineString", "coordinates": [[-91.75059666026746, 42.050531109834346], [-91.75012852661334, 42.05071704318138]]}}, {"id": "21833", "type": "Feature", "properties": {}, "geometry": {"type": "LineString", "coordinates": [[-91.75012852661334, 42.05071704318138], [-91.74743245876518, 42.04700404245164]]}}, {"id": "21834", "type": "Feature", "properties": {}, "geometry": {"type": "LineString", "coordinates": [[-91.74743245876518, 42.04700404245164], [-91.74809892516268, 42.046556109297725]]}}, {"id": "21835", "type": "Feature", "properties": {}, "geometry": {"type": "LineString", "coordinates": [[-91.75395912713947, 42.04929924238687], [-91.75059666026746, 42.050531109834346]]}}, {"id": "21836", "type": "Feature", "properties": {}, "geometry": {"type": "LineString", "coordinates": [[-91.78100606814272, 42.05206444117421], [-91.77950673501778, 42.05024290776841]]}}, {"id": "21837", "type": "Feature", "properties": {}, "geometry": {"type": "LineString", "coordinates": [[-91.78130993586399, 42.05610144189727], [-91.78100606814272, 42.05206444117421]]}}, {"id": "21838", "type": "Feature", "properties": {}, "geometry": {"type": "LineString", "coordinates": [[-91.77798393520264, 42.05975130951554], [-91.78130993586399, 42.05610144189727]]}}, {"id": "21839", "type": "Feature", "properties": {}, "geometry": {"type": "LineString", "coordinates": [[-91.78652087148602, 42.066607443176295], [-91.77798393520264, 42.05975130951554]]}}, {"id": "21840", "type": "Feature", "properties": {}, "geometry": {"type": "LineString", "coordinates": [[-91.77964313790545, 42.076115245041855], [-91.78652087148602, 42.066607443176295]]}}, {"id": "21841", "type": "Feature", "properties": {}, "geometry": {"type": "LineString", "coordinates": [[-91.77977127629252, 42.123842319824995], [-91.77146667398604, 42.12209445310776], [-91.76821427139758, 42.11091285143838]]}}, {"id": "21842", "type": "Feature", "properties": {}, "geometry": {"type": "LineString", "coordinates": [[-91.81381675631576, 42.16280612399805], [-91.80684115487827, 42.16016385733499]]}}, {"id": "21843", "type": "Feature", "properties": {}, "geometry": {"type": "LineString", "coordinates": [[-91.845930367998, 42.17954812420884], [-91.83201316366156, 42.175140324386675]]}}, {"id": "21844", "type": "Feature", "properties": {}, "geometry": {"type": "LineString", "coordinates": [[-91.92100292124493, 42.17240405204494], [-91.91817945432321, 42.17687931956267]]}}, {"id": "21845", "type": "Feature", "properties": {}, "geometry": {"type": "LineString", "coordinates": [[-91.94056959177567, 42.157089048258456], [-91.92072511993828, 42.16152151706521]]}}, {"id": "21846", "type": "Feature", "properties": {}, "geometry": {"type": "LineString", "coordinates": [[-91.92072511993828, 42.16152151706521], [-91.92100292124493, 42.17240405204494]]}}, {"id": "21847", "type": "Feature", "properties": {}, "geometry": {"type": "LineString", "coordinates": [[-91.94964279443589, 42.15967784833083], [-91.94950772734303, 42.15868211469237]]}}, {"id": "21848", "type": "Feature", "properties": {}, "geometry": {"type": "LineString", "coordinates": [[-91.94950772734303, 42.15868211469237], [-91.94056959177567, 42.157089048258456]]}}, {"id": "21849", "type": "Feature", "properties": {}, "geometry": {"type": "LineString", "coordinates": [[-92.05640516296012, 42.207609449025725], [-92.05415882947244, 42.20525891541156]]}}, {"id": "21850", "type": "Feature", "properties": {}, "geometry": {"type": "LineString", "coordinates": [[-92.05471736418686, 42.22125091824084], [-92.05629323107907, 42.219285250887786]]}}, {"id": "21851", "type": "Feature", "properties": {}, "geometry": {"type": "LineString", "coordinates": [[-92.02675702608416, 42.249259724226576], [-92.03199889429467, 42.24405032329332]]}}, {"id": "21852", "type": "Feature", "properties": {}, "geometry": {"type": "LineString", "coordinates": [[-92.02569663046827, 42.28708706350499], [-92.02531782887927, 42.27767746209605]]}}, {"id": "21853", "type": "Feature", "properties": {}, "geometry": {"type": "LineString", "coordinates": [[-92.02531782887927, 42.27767746209605], [-92.02778876184922, 42.26969786104082]]}}, {"id": "21854", "type": "Feature", "properties": {}, "geometry": {"type": "LineString", "coordinates": [[-92.02778876184922, 42.26969786104082], [-92.02675702608416, 42.249259724226576]]}}, {"id": "21855", "type": "Feature", "properties": {}, "geometry": {"type": "LineString", "coordinates": [[-92.06060744143504, 42.295133929427166], [-92.05590683872593, 42.28915086223471]]}}, {"id": "21856", "type": "Feature", "properties": {}, "geometry": {"type": "LineString", "coordinates": [[-92.07196077849214, 42.30178846291024], [-92.06060744143504, 42.295133929427166]]}}, {"id": "21857", "type": "Feature", "properties": {}, "geometry": {"type": "LineString", "coordinates": [[-92.08427444872393, 42.30444332961369], [-92.07196077849214, 42.30178846291024]]}}, {"id": "21858", "type": "Feature", "properties": {}, "geometry": {"type": "LineString", "coordinates": [[-92.1332132631326, 42.31101366109045], [-92.11732999159227, 42.309867728658]]}}, {"id": "21859", "type": "Feature", "properties": {}, "geometry": {"type": "LineString", "coordinates": [[-92.13933706584804, 42.32287632916811], [-92.1332132631326, 42.31101366109045]]}}, {"id": "21860", "type": "Feature", "properties": {}, "geometry": {"type": "LineString", "coordinates": [[-92.14552300143839, 42.32373166227738], [-92.13933706584804, 42.32287632916811]]}}, {"id": "21861", "type": "Feature", "properties": {}, "geometry": {"type": "LineString", "coordinates": [[-92.15010380302459, 42.327089862584394], [-92.14552300143839, 42.32373166227738]]}}, {"id": "21862", "type": "Feature", "properties": {}, "geometry": {"type": "LineString", "coordinates": [[-92.1936452167111, 42.3422033289101], [-92.18960988294519, 42.342219128890875]]}}, {"id": "21863", "type": "Feature", "properties": {}, "geometry": {"type": "LineString", "coordinates": [[-92.17681621231438, 42.34143992934626], [-92.1708482771822, 42.339921330042955]]}}, {"id": "21864", "type": "Feature", "properties": {}, "geometry": {"type": "LineString", "coordinates": [[-92.18960988294519, 42.342219128890875], [-92.17681621231438, 42.34143992934626]]}}, {"id": "21865", "type": "Feature", "properties": {}, "geometry": {"type": "LineString", "coordinates": [[-92.19611281872798, 42.347377529324966], [-92.1936452167111, 42.3422033289101]]}}, {"id": "21866", "type": "Feature", "properties": {}, "geometry": {"type": "LineString", "coordinates": [[-92.2070994221636, 42.354412063361245], [-92.20421342171828, 42.353522129697616]]}}, {"id": "21867", "type": "Feature", "properties": {}, "geometry": {"type": "LineString", "coordinates": [[-92.20421342171828, 42.353522129697616], [-92.19611281872798, 42.347377529324966]]}}, {"id": "21868", "type": "Feature", "properties": {}, "geometry": {"type": "LineString", "coordinates": [[-92.2151556277176, 42.38499033387004], [-92.21796762764475, 42.377150865925834]]}}, {"id": "21869", "type": "Feature", "properties": {}, "geometry": {"type": "LineString", "coordinates": [[-92.21707102993945, 42.3969957356989], [-92.2151556277176, 42.38499033387004]]}}, {"id": "21870", "type": "Feature", "properties": {}, "geometry": {"type": "LineString", "coordinates": [[-92.21737543215832, 42.41331813863192], [-92.21707102993945, 42.3969957356989]]}}, {"id": "21871", "type": "Feature", "properties": {}, "geometry": {"type": "LineString", "coordinates": [[-92.23968450653787, 42.42846713959319], [-92.21737543215832, 42.41331813863192]]}}, {"id": "21872", "type": "Feature", "properties": {}, "geometry": {"type": "LineString", "coordinates": [[-92.25897604645326, 42.43674473935064], [-92.25645984557951, 42.435732339263616]]}}, {"id": "21873", "type": "Feature", "properties": {}, "geometry": {"type": "LineString", "coordinates": [[-92.25645984557951, 42.435732339263616], [-92.25263144412921, 42.435219139502856]]}}, {"id": "21874", "type": "Feature", "properties": {}, "geometry": {"type": "LineString", "coordinates": [[-92.25183904381032, 42.43459207270522], [-92.23968450653787, 42.42846713959319]]}}, {"id": "21875", "type": "Feature", "properties": {}, "geometry": {"type": "LineString", "coordinates": [[-92.25263144412921, 42.435219139502856], [-92.25183904381032, 42.43459207270522]]}}, {"id": "21876", "type": "Feature", "properties": {}, "geometry": {"type": "LineString", "coordinates": [[-92.2583448470155, 42.445051341038386], [-92.26420211509455, 42.44199747315751], [-92.25897604645326, 42.43674473935064]]}}, {"id": "21877", "type": "Feature", "properties": {}, "geometry": {"type": "LineString", "coordinates": [[-92.27797952091154, 42.45904267518385], [-92.2583448470155, 42.445051341038386]]}}, {"id": "21878", "type": "Feature", "properties": {}, "geometry": {"type": "LineString", "coordinates": [[-92.33379854016613, 42.49419807728316], [-92.29509892818173, 42.47900174408263]]}}, {"id": "21879", "type": "Feature", "properties": {}, "geometry": {"type": "LineString", "coordinates": [[-92.34579634477774, 42.50366674457078], [-92.34268807687663, 42.50000527778953]]}}, {"id": "21880", "type": "Feature", "properties": {}, "geometry": {"type": "LineString", "coordinates": [[-92.29509892818173, 42.47900174408263], [-92.30994846340886, 42.45888027290237], [-92.29282612403757, 42.45275347328676], [-92.27797952091154, 42.45904267518385]]}}, {"id": "21881", "type": "Feature", "properties": {}, "geometry": {"type": "LineString", "coordinates": [[-92.34268807687663, 42.50000527778953], [-92.33379854016613, 42.49419807728316]]}}, {"id": "21882", "type": "Feature", "properties": {}, "geometry": {"type": "LineString", "coordinates": [[-92.35475034728795, 42.506402278138026], [-92.35099867992922, 42.506095544521095]]}}, {"id": "21883", "type": "Feature", "properties": {}, "geometry": {"type": "LineString", "coordinates": [[-92.35099867992922, 42.506095544521095], [-92.34579634477774, 42.50366674457078]]}}, {"id": "21884", "type": "Feature", "properties": {}, "geometry": {"type": "LineString", "coordinates": [[-92.43338630526458, 42.526643142735644], [-92.40811989881628, 42.53172187853973], [-92.38436509108983, 42.51830707808738]]}}, {"id": "22173", "type": "Feature", "properties": {}, "geometry": {"type": "LineString", "coordinates": [[-91.73921045295579, 42.021013838640265], [-91.7387246530333, 42.02060870575202]]}}, {"id": "22174", "type": "Feature", "properties": {}, "geometry": {"type": "LineString", "coordinates": [[-91.73937232038685, 42.02581710617403], [-91.73921045295579, 42.021013838640265]]}}, {"id": "22175", "type": "Feature", "properties": {}, "geometry": {"type": "LineString", "coordinates": [[-91.73838945387156, 42.02610110624764], [-91.73937232038685, 42.02581710617403]]}}, {"id": "22178", "type": "Feature", "properties": {}, "geometry": {"type": "LineString", "coordinates": [[-91.75878266070194, 42.03541524004538], [-91.75562285914792, 42.035251840250716]]}}, {"id": "22179", "type": "Feature", "properties": {}, "geometry": {"type": "LineString", "coordinates": [[-91.75562285914792, 42.035251840250716], [-91.75479019274476, 42.035634706630525]]}}, {"id": "22180", "type": "Feature", "properties": {}, "geometry": {"type": "LineString", "coordinates": [[-91.7581328607479, 42.03831964047596], [-91.75878266070194, 42.03541524004538]]}}, {"id": "22181", "type": "Feature", "properties": {}, "geometry": {"type": "LineString", "coordinates": [[-91.75739366045681, 42.03786790721279], [-91.7581328607479, 42.03831964047596]]}}, {"id": "22182", "type": "Feature", "properties": {}, "geometry": {"type": "LineString", "coordinates": [[-91.74806552580041, 42.048178309348415], [-91.7476038582197, 42.04735544251805]]}}, {"id": "22183", "type": "Feature", "properties": {}, "geometry": {"type": "LineString", "coordinates": [[-91.74835732555417, 42.048309642481954], [-91.74806552580041, 42.048178309348415]]}}, {"id": "22184", "type": "Feature", "properties": {}, "geometry": {"type": "LineString", "coordinates": [[-91.7476038582197, 42.04735544251805], [-91.74743245876518, 42.04700404245164]]}}, {"id": "22185", "type": "Feature", "properties": {}, "geometry": {"type": "LineString", "coordinates": [[-91.74849512532212, 42.048177909104794], [-91.74840085881114, 42.04696570906702]]}}, {"id": "22186", "type": "Feature", "properties": {}, "geometry": {"type": "LineString", "coordinates": [[-91.75059666026746, 42.050531109834346], [-91.74835732555417, 42.048309642481954]]}}, {"id": "22187", "type": "Feature", "properties": {}, "geometry": {"type": "LineString", "coordinates": [[-91.74840085881114, 42.04696570906702], [-91.74809892516268, 42.046556109297725]]}}, {"id": "22188", "type": "Feature", "properties": {}, "geometry": {"type": "LineString", "coordinates": [[-91.74835732555417, 42.048309642481954], [-91.74849512532212, 42.048177909104794]]}}, {"id": "22189", "type": "Feature", "properties": {}, "geometry": {"type": "LineString", "coordinates": [[-91.76311766346346, 42.047611241673415], [-91.75878266070194, 42.03541524004538]]}}, {"id": "22190", "type": "Feature", "properties": {}, "geometry": {"type": "LineString", "coordinates": [[-91.76244986306777, 42.04783290818168], [-91.76311766346346, 42.047611241673415]]}}, {"id": "22355", "type": "Feature", "properties": {}, "geometry": {"type": "LineString", "coordinates": [[-91.79036074801576, 42.14169052175809], [-91.79520674754518, 42.125980252530674]]}}, {"id": "22356", "type": "Feature", "properties": {}, "geometry": {"type": "LineString", "coordinates": [[-91.78963588124333, 42.14215285502598], [-91.79036074801576, 42.14169052175809]]}}, {"id": "22571", "type": "Feature", "properties": {}, "geometry": {"type": "LineString", "coordinates": [[-92.05711983115913, 42.219578917651155], [-92.05948783157056, 42.21648165060865]]}}, {"id": "22572", "type": "Feature", "properties": {}, "geometry": {"type": "LineString", "coordinates": [[-92.05629323107907, 42.219285250887786], [-92.05711983115913, 42.219578917651155]]}}, {"id": "22575", "type": "Feature", "properties": {}, "geometry": {"type": "LineString", "coordinates": [[-92.0346727611789, 42.24574285648031], [-92.03750402907056, 42.24645425654314]]}}, {"id": "22576", "type": "Feature", "properties": {}, "geometry": {"type": "LineString", "coordinates": [[-92.03750402907056, 42.24645425654314], [-92.03774222904624, 42.24610565628644]]}}, {"id": "22577", "type": "Feature", "properties": {}, "geometry": {"type": "LineString", "coordinates": [[-92.03503042810422, 42.24548565684006], [-92.0346727611789, 42.24574285648031]]}}, {"id": "22645", "type": "Feature", "properties": {}, "geometry": {"type": "LineString", "coordinates": [[-92.17377507641277, 42.33022426132087], [-92.1557076042597, 42.324900728653084]]}}, {"id": "22646", "type": "Feature", "properties": {}, "geometry": {"type": "LineString", "coordinates": [[-92.14578700192735, 42.32366792901723], [-92.14552300143839, 42.32373166227738]]}}, {"id": "22647", "type": "Feature", "properties": {}, "geometry": {"type": "LineString", "coordinates": [[-92.1557076042597, 42.324900728653084], [-92.14578700192735, 42.32366792901723]]}}, {"id": "22648", "type": "Feature", "properties": {}, "geometry": {"type": "LineString", "coordinates": [[-92.17433147673009, 42.33219126152272], [-92.17377507641277, 42.33022426132087]]}}, {"id": "22649", "type": "Feature", "properties": {}, "geometry": {"type": "LineString", "coordinates": [[-92.20413548208761, 42.30069972147433], [-92.1880086799687, 42.32090765880312], [-92.18768208127749, 42.33396906130419], [-92.17433147673009, 42.33219126152272]]}}, {"id": "22650", "type": "Feature", "properties": {}, "geometry": {"type": "LineString", "coordinates": [[-92.21146381690288, 42.296805920633936], [-92.20413548208761, 42.30069972147433]]}}, {"id": "22651", "type": "Feature", "properties": {}, "geometry": {"type": "LineString", "coordinates": [[-92.22564461928306, 42.28183445067538], [-92.21146381690288, 42.296805920633936]]}}, {"id": "22652", "type": "Feature", "properties": {}, "geometry": {"type": "LineString", "coordinates": [[-92.23573628779495, 42.2747340484059], [-92.22564461928306, 42.28183445067538]]}}, {"id": "22653", "type": "Feature", "properties": {}, "geometry": {"type": "LineString", "coordinates": [[-92.246693024044, 42.27030811411252], [-92.23573628779495, 42.2747340484059]]}}, {"id": "22654", "type": "Feature", "properties": {}, "geometry": {"type": "LineString", "coordinates": [[-92.24934402431266, 42.271426114240526], [-92.246693024044, 42.27030811411252]]}}, {"id": "22655", "type": "Feature", "properties": {}, "geometry": {"type": "LineString", "coordinates": [[-92.2648514281617, 42.26578604530727], [-92.24934402431266, 42.271426114240526]]}}, {"id": "22656", "type": "Feature", "properties": {}, "geometry": {"type": "LineString", "coordinates": [[-92.2688622954125, 42.261489311136145], [-92.2648514281617, 42.26578604530727]]}}, {"id": "22657", "type": "Feature", "properties": {}, "geometry": {"type": "LineString", "coordinates": [[-92.27271543017753, 42.25920531058059], [-92.2688622954125, 42.261489311136145]]}}, {"id": "22658", "type": "Feature", "properties": {}, "geometry": {"type": "LineString", "coordinates": [[-92.29470590266853, 42.2563861086485], [-92.27271543017753, 42.25920531058059]]}}, {"id": "22659", "type": "Feature", "properties": {}, "geometry": {"type": "LineString", "coordinates": [[-92.2949225026532, 42.25553984191145], [-92.29470590266853, 42.2563861086485]]}}, {"id": "22660", "type": "Feature", "properties": {}, "geometry": {"type": "LineString", "coordinates": [[-92.31204623980305, 42.24645103933776], [-92.2949225026532, 42.25553984191145]]}}, {"id": "22661", "type": "Feature", "properties": {}, "geometry": {"type": "LineString", "coordinates": [[-92.32054330885411, 42.24675283882538], [-92.31204623980305, 42.24645103933776]]}}, {"id": "22662", "type": "Feature", "properties": {}, "geometry": {"type": "LineString", "coordinates": [[-92.3199882416367, 42.247804839250264], [-92.32054330885411, 42.24675283882538]]}}, {"id": "22663", "type": "Feature", "properties": {}, "geometry": {"type": "LineString", "coordinates": [[-92.32198950932496, 42.24778303879143], [-92.3199882416367, 42.247804839250264]]}}, {"id": "22664", "type": "Feature", "properties": {}, "geometry": {"type": "LineString", "coordinates": [[-92.33720211394552, 42.252221238467484], [-92.32198950932496, 42.24778303879143]]}}, {"id": "22665", "type": "Feature", "properties": {}, "geometry": {"type": "LineString", "coordinates": [[-92.34095864837647, 42.25222243865861], [-92.33720211394552, 42.252221238467484]]}}, {"id": "22666", "type": "Feature", "properties": {}, "geometry": {"type": "LineString", "coordinates": [[-92.34791691682057, 42.25313910472902], [-92.34095864837647, 42.25222243865861]]}}, {"id": "22667", "type": "Feature", "properties": {}, "geometry": {"type": "LineString", "coordinates": [[-92.35527665224662, 42.25094450409766], [-92.34791691682057, 42.25313910472902]]}}, {"id": "22668", "type": "Feature", "properties": {}, "geometry": {"type": "LineString", "coordinates": [[-92.35995645356701, 42.2523862376044], [-92.35527665224662, 42.25094450409766]]}}, {"id": "22669", "type": "Feature", "properties": {}, "geometry": {"type": "LineString", "coordinates": [[-92.37230352405939, 42.2530962369044], [-92.35995645356701, 42.2523862376044]]}}, {"id": "22670", "type": "Feature", "properties": {}, "geometry": {"type": "LineString", "coordinates": [[-92.38150392546889, 42.249419902204906], [-92.37230352405939, 42.2530962369044]]}}, {"id": "22671", "type": "Feature", "properties": {}, "geometry": {"type": "LineString", "coordinates": [[-92.38421325963716, 42.24850470219237], [-92.38150392546889, 42.249419902204906]]}}, {"id": "22672", "type": "Feature", "properties": {}, "geometry": {"type": "LineString", "coordinates": [[-92.38970006159471, 42.250464301725124], [-92.38421325963716, 42.24850470219237]]}}, {"id": "22673", "type": "Feature", "properties": {}, "geometry": {"type": "LineString", "coordinates": [[-92.39692886307652, 42.24747370074625], [-92.38970006159471, 42.250464301725124]]}}, {"id": "22674", "type": "Feature", "properties": {}, "geometry": {"type": "LineString", "coordinates": [[-92.40083773022009, 42.24399603368746], [-92.39692886307652, 42.24747370074625]]}}, {"id": "22675", "type": "Feature", "properties": {}, "geometry": {"type": "LineString", "coordinates": [[-92.40308473115601, 42.24305749982055], [-92.40083773022009, 42.24399603368746]]}}, {"id": "23010", "type": "Feature", "properties": {}, "geometry": {"type": "LineString", "coordinates": [[-92.32198950932496, 42.24778303879143], [-92.32106610858655, 42.24748523874184]]}}, {"id": "23011", "type": "Feature", "properties": {}, "geometry": {"type": "LineString", "coordinates": [[-92.32106610858655, 42.24748523874184], [-92.3199882416367, 42.247804839250264]]}}, {"id": "23012", "type": "Feature", "properties": {}, "geometry": {"type": "LineString", "coordinates": [[-92.32106610858655, 42.24748523874184], [-92.32054330885411, 42.24675283882538]]}}, {"id": "23024", "type": "Feature", "properties": {}, "geometry": {"type": "LineString", "coordinates": [[-92.17433147673009, 42.33219126152272], [-92.16702760842988, 42.336265529119515]]}}, {"id": "23025", "type": "Feature", "properties": {}, "geometry": {"type": "LineString", "coordinates": [[-92.16702760842988, 42.336265529119515], [-92.16589960830065, 42.33655306271137]]}}, {"id": "23026", "type": "Feature", "properties": {}, "geometry": {"type": "LineString", "coordinates": [[-92.1892620157413, 42.341653862124176], [-92.17757541269697, 42.340973462586746]]}}, {"id": "23027", "type": "Feature", "properties": {}, "geometry": {"type": "LineString", "coordinates": [[-92.18960988294519, 42.342219128890875], [-92.1892620157413, 42.341653862124176]]}}, {"id": "23028", "type": "Feature", "properties": {}, "geometry": {"type": "LineString", "coordinates": [[-92.17757541269697, 42.340973462586746], [-92.17681621231438, 42.34143992934626]]}}, {"id": "23118", "type": "Feature", "properties": {}, "geometry": {"type": "LineString", "coordinates": [[-92.252539644392, 42.43415227283852], [-92.25183904381032, 42.43459207270522]]}}, {"id": "23119", "type": "Feature", "properties": {}, "geometry": {"type": "LineString", "coordinates": [[-92.25695291197434, 42.43539213939777], [-92.252539644392, 42.43415227283852]]}}, {"id": "23120", "type": "Feature", "properties": {}, "geometry": {"type": "LineString", "coordinates": [[-92.25645984557951, 42.435732339263616], [-92.25695291197434, 42.43539213939777]]}}, {"id": "23129", "type": "Feature", "properties": {}, "geometry": {"type": "LineString", "coordinates": [[-92.35707548099235, 42.50361067754315], [-92.35648494828752, 42.50529514398185]]}}, {"id": "23130", "type": "Feature", "properties": {}, "geometry": {"type": "LineString", "coordinates": [[-92.35648494828752, 42.50529514398185], [-92.35516794801241, 42.50592727763729]]}}, {"id": "23131", "type": "Feature", "properties": {}, "geometry": {"type": "LineString", "coordinates": [[-92.35795094852553, 42.50252734400671], [-92.35707548099235, 42.50361067754315]]}}, {"id": "23132", "type": "Feature", "properties": {}, "geometry": {"type": "LineString", "coordinates": [[-92.3589018817291, 42.500000342936566], [-92.35828634801157, 42.500511476657984]]}}, {"id": "23133", "type": "Feature", "properties": {}, "geometry": {"type": "LineString", "coordinates": [[-92.38130948602395, 42.485937139818745], [-92.3589018817291, 42.500000342936566]]}}, {"id": "23134", "type": "Feature", "properties": {}, "geometry": {"type": "LineString", "coordinates": [[-92.35828634801157, 42.500511476657984], [-92.35795094852553, 42.50252734400671]]}}, {"id": "23135", "type": "Feature", "properties": {}, "geometry": {"type": "LineString", "coordinates": [[-92.35516794801241, 42.50592727763729], [-92.35475034728795, 42.506402278138026]]}}, {"id": "23137", "type": "Feature", "properties": {}, "geometry": {"type": "LineString", "coordinates": [[-92.39085828823661, 42.481475871909794], [-92.38130948602395, 42.485937139818745]]}}, {"id": "23138", "type": "Feature", "properties": {}, "geometry": {"type": "LineString", "coordinates": [[-92.39506095568207, 42.48072047138052], [-92.39085828823661, 42.481475871909794]]}}, {"id": "23139", "type": "Feature", "properties": {}, "geometry": {"type": "LineString", "coordinates": [[-92.40188855698156, 42.47568673641043], [-92.39506095568207, 42.48072047138052]]}}, {"id": "23140", "type": "Feature", "properties": {}, "geometry": {"type": "LineString", "coordinates": [[-92.40541115843443, 42.47575453664742], [-92.40188855698156, 42.47568673641043]]}}, {"id": "23141", "type": "Feature", "properties": {}, "geometry": {"type": "LineString", "coordinates": [[-92.40729589217246, 42.47527366951547], [-92.40541115843443, 42.47575453664742]]}}, {"id": "23142", "type": "Feature", "properties": {}, "geometry": {"type": "LineString", "coordinates": [[-92.42276389411651, 42.45692326598098], [-92.40729589217246, 42.47527366951547]]}}, {"id": "23143", "type": "Feature", "properties": {}, "geometry": {"type": "LineString", "coordinates": [[-92.42294776128887, 42.45497873181162], [-92.42276389411651, 42.45692326598098]]}}, {"id": "23144", "type": "Feature", "properties": {}, "geometry": {"type": "LineString", "coordinates": [[-92.4302927616493, 42.44662646337204], [-92.42294776128887, 42.45497873181162]]}}, {"id": "23145", "type": "Feature", "properties": {}, "geometry": {"type": "LineString", "coordinates": [[-92.43186469571721, 42.44280566277402], [-92.4302927616493, 42.44662646337204]]}}, {"id": "23146", "type": "Feature", "properties": {}, "geometry": {"type": "LineString", "coordinates": [[-92.44942349863726, 42.43026032661973], [-92.43186469571721, 42.44280566277402]]}}, {"id": "23147", "type": "Feature", "properties": {}, "geometry": {"type": "LineString", "coordinates": [[-92.44681909667733, 42.420517525106476], [-92.44942349863726, 42.43026032661973]]}}, {"id": "23148", "type": "Feature", "properties": {}, "geometry": {"type": "LineString", "coordinates": [[-92.48900250558927, 42.3915468511353], [-92.48782157313023, 42.4044952534219], [-92.4672623010415, 42.40247765445537], [-92.44681909667733, 42.420517525106476]]}}, {"id": "23149", "type": "Feature", "properties": {}, "geometry": {"type": "LineString", "coordinates": [[-92.49618077324307, 42.38529471631562], [-92.48900250558927, 42.3915468511353]]}}, {"id": "23150", "type": "Feature", "properties": {}, "geometry": {"type": "LineString", "coordinates": [[-92.50359477589542, 42.386595249443026], [-92.49618077324307, 42.38529471631562]]}}, {"id": "23151", "type": "Feature", "properties": {}, "geometry": {"type": "LineString", "coordinates": [[-92.51393777775247, 42.38331171484587], [-92.50359477589542, 42.386595249443026]]}}, {"id": "23152", "type": "Feature", "properties": {}, "geometry": {"type": "LineString", "coordinates": [[-92.5379535837982, 42.376012512393764], [-92.51393777775247, 42.38331171484587]]}}, {"id": "23448", "type": "Feature", "properties": {}, "geometry": {"type": "LineString", "coordinates": [[-92.40541115843443, 42.47575453664742], [-92.40188855698156, 42.47568673641043]]}}, {"id": "23480", "type": "Feature", "properties": {}, "geometry": {"type": "LineString", "coordinates": [[-92.50271312974971, 42.56908847815285], [-92.48967839172083, 42.5598354780048]]}}, {"id": "23481", "type": "Feature", "properties": {}, "geometry": {"type": "LineString", "coordinates": [[-92.48967839172083, 42.5598354780048], [-92.4879638581864, 42.559817944320386]]}}, {"id": "23482", "type": "Feature", "properties": {}, "geometry": {"type": "LineString", "coordinates": [[-92.52854380396059, 42.575334877617756], [-92.50271312974971, 42.56908847815285]]}}, {"id": "23483", "type": "Feature", "properties": {}, "geometry": {"type": "LineString", "coordinates": [[-92.53151640469422, 42.57451387741262], [-92.52854380396059, 42.575334877617756]]}}, {"id": "23484", "type": "Feature", "properties": {}, "geometry": {"type": "LineString", "coordinates": [[-92.5403721404955, 42.57147834305971], [-92.53151640469422, 42.57451387741262]]}}, {"id": "23485", "type": "Feature", "properties": {}, "geometry": {"type": "LineString", "coordinates": [[-92.5618233462366, 42.567306141275665], [-92.5403721404955, 42.57147834305971]]}}, {"id": "23486", "type": "Feature", "properties": {}, "geometry": {"type": "LineString", "coordinates": [[-92.57683181679369, 42.56770227346556], [-92.5618233462366, 42.567306141275665]]}}, {"id": "23487", "type": "Feature", "properties": {}, "geometry": {"type": "LineString", "coordinates": [[-92.5837053516486, 42.5626495390718], [-92.57683181679369, 42.56770227346556]]}}, {"id": "23488", "type": "Feature", "properties": {}, "geometry": {"type": "LineString", "coordinates": [[-92.58441741832657, 42.56216947185666], [-92.5837053516486, 42.5626495390718]]}}, {"id": "23489", "type": "Feature", "properties": {}, "geometry": {"type": "LineString", "coordinates": [[-92.58491255174485, 42.56207813847952], [-92.58441741832657, 42.56216947185666]]}}, {"id": "23490", "type": "Feature", "properties": {}, "geometry": {"type": "LineString", "coordinates": [[-92.6074062254237, 42.569357738683955], [-92.59190462109815, 42.56411613868685]]}}, {"id": "23491", "type": "Feature", "properties": {}, "geometry": {"type": "LineString", "coordinates": [[-92.59190462109815, 42.56411613868685], [-92.58491255174485, 42.56207813847952]]}}, {"id": "23492", "type": "Feature", "properties": {}, "geometry": {"type": "LineString", "coordinates": [[-92.63024549985698, 42.57503167094138], [-92.6074062254237, 42.569357738683955]]}}, {"id": "23493", "type": "Feature", "properties": {}, "geometry": {"type": "LineString", "coordinates": [[-92.64531736991356, 42.573245736472025], [-92.63024549985698, 42.57503167094138]]}}, {"id": "23494", "type": "Feature", "properties": {}, "geometry": {"type": "LineString", "coordinates": [[-92.65116717209429, 42.573976469389116], [-92.64531736991356, 42.573245736472025]]}}, {"id": "23495", "type": "Feature", "properties": {}, "geometry": {"type": "LineString", "coordinates": [[-92.67140350971985, 42.56767953395438], [-92.65116717209429, 42.573976469389116]]}}, {"id": "23496", "type": "Feature", "properties": {}, "geometry": {"type": "LineString", "coordinates": [[-92.69954071891547, 42.573611866410936], [-92.67140350971985, 42.56767953395438]]}}, {"id": "23497", "type": "Feature", "properties": {}, "geometry": {"type": "LineString", "coordinates": [[-92.7250477265362, 42.576634665673254], [-92.69954071891547, 42.573611866410936]]}}, {"id": "23498", "type": "Feature", "properties": {}, "geometry": {"type": "LineString", "coordinates": [[-92.76214100526552, 42.59528633234682], [-92.73773033126193, 42.590004333056996], [-92.7250477265362, 42.576634665673254]]}}, {"id": "23499", "type": "Feature", "properties": {}, "geometry": {"type": "LineString", "coordinates": [[-92.76208900448867, 42.589819331753446], [-92.76214100526552, 42.59528633234682]]}}, {"id": "23500", "type": "Feature", "properties": {}, "geometry": {"type": "LineString", "coordinates": [[-92.79445081259908, 42.580605128314645], [-92.76208900448867, 42.589819331753446]]}}, {"id": "23832", "type": "Feature", "properties": {}, "geometry": {"type": "LineString", "coordinates": [[-92.5837053516486, 42.5626495390718], [-92.57683181679369, 42.56770227346556]]}}, {"id": "23859", "type": "Feature", "properties": {}, "geometry": {"type": "LineString", "coordinates": [[-92.49163452804922, 42.580397280898254], [-92.49473319385825, 42.56577747824143]]}}, {"id": "23860", "type": "Feature", "properties": {}, "geometry": {"type": "LineString", "coordinates": [[-92.49473319385825, 42.56577747824143], [-92.49430532718675, 42.56536027860419]]}}, {"id": "23861", "type": "Feature", "properties": {}, "geometry": {"type": "LineString", "coordinates": [[-92.49097352790024, 42.580310147336284], [-92.49163452804922, 42.580397280898254]]}}, {"id": "23862", "type": "Feature", "properties": {}, "geometry": {"type": "LineString", "coordinates": [[-92.48920292781399, 42.58799394853839], [-92.48913012834336, 42.58764608235216]]}}, {"id": "23863", "type": "Feature", "properties": {}, "geometry": {"type": "LineString", "coordinates": [[-92.49332719838627, 42.608645085309746], [-92.48467432822727, 42.6008078843367], [-92.48920292781399, 42.58799394853839]]}}, {"id": "23864", "type": "Feature", "properties": {}, "geometry": {"type": "LineString", "coordinates": [[-92.4937685317022, 42.608719951870164], [-92.49332719838627, 42.608645085309746]]}}, {"id": "23945", "type": "Feature", "properties": {}, "geometry": {"type": "LineString", "coordinates": [[-92.25792231364183, 42.44520594119899], [-92.25018811189635, 42.45259007572518], [-92.24486831034336, 42.44882134246164], [-92.25269111112868, 42.43559353995686]]}}, {"id": "23946", "type": "Feature", "properties": {}, "geometry": {"type": "LineString", "coordinates": [[-92.25269111112868, 42.43559353995686], [-92.25263144412921, 42.435219139502856]]}}, {"id": "23947", "type": "Feature", "properties": {}, "geometry": {"type": "LineString", "coordinates": [[-92.2583448470155, 42.445051341038386], [-92.25792231364183, 42.44520594119899]]}}, {"id": "23991", "type": "Feature", "properties": {}, "geometry": {"type": "LineString", "coordinates": [[-92.21346882517601, 42.366090664618284], [-92.21161562499938, 42.36421633091917]]}}, {"id": "23992", "type": "Feature", "properties": {}, "geometry": {"type": "LineString", "coordinates": [[-92.21390622566763, 42.36582153122204], [-92.21346882517601, 42.366090664618284]]}}, {"id": "23993", "type": "Feature", "properties": {}, "geometry": {"type": "LineString", "coordinates": [[-92.20800182298562, 42.356536130254476], [-92.2070994221636, 42.354412063361245]]}}, {"id": "23994", "type": "Feature", "properties": {}, "geometry": {"type": "LineString", "coordinates": [[-92.20967402341228, 42.35765006326185], [-92.20800182298562, 42.356536130254476]]}}, {"id": "23995", "type": "Feature", "properties": {}, "geometry": {"type": "LineString", "coordinates": [[-92.21161562499938, 42.36421633091917], [-92.20967402341228, 42.35765006326185]]}}, {"id": "23996", "type": "Feature", "properties": {}, "geometry": {"type": "LineString", "coordinates": [[-92.20694748920126, 42.3558477299683], [-92.20438542124742, 42.353950929982965]]}}, {"id": "23997", "type": "Feature", "properties": {}, "geometry": {"type": "LineString", "coordinates": [[-92.20438542124742, 42.353950929982965], [-92.20421342171828, 42.353522129697616]]}}, {"id": "23998", "type": "Feature", "properties": {}, "geometry": {"type": "LineString", "coordinates": [[-92.20800182298562, 42.356536130254476], [-92.20694748920126, 42.3558477299683]]}}, {"id": "24076", "type": "Feature", "properties": {}, "geometry": {"type": "LineString", "coordinates": [[-92.09341865152926, 42.308704929948306], [-92.08947598347649, 42.3057530629305]]}}, {"id": "24077", "type": "Feature", "properties": {}, "geometry": {"type": "LineString", "coordinates": [[-92.09395218523102, 42.30836012974683], [-92.09341865152926, 42.308704929948306]]}}, {"id": "24078", "type": "Feature", "properties": {}, "geometry": {"type": "LineString", "coordinates": [[-92.08947598347649, 42.3057530629305], [-92.08916964987978, 42.30539652915667]]}}, {"id": "24103", "type": "Feature", "properties": {}, "geometry": {"type": "LineString", "coordinates": [[-92.04126183461763, 42.29044446338716], [-92.03332436568293, 42.288863530002246]]}}, {"id": "24104", "type": "Feature", "properties": {}, "geometry": {"type": "LineString", "coordinates": [[-92.0416481685803, 42.28979026327201], [-92.04126183461763, 42.29044446338716]]}}, {"id": "24105", "type": "Feature", "properties": {}, "geometry": {"type": "LineString", "coordinates": [[-92.03332436568293, 42.288863530002246], [-92.03012243134545, 42.28748853044695]]}}, {"id": "24106", "type": "Feature", "properties": {}, "geometry": {"type": "LineString", "coordinates": [[-92.03012243134545, 42.28748853044695], [-92.02917996476344, 42.287059463734174]]}}, {"id": "24269", "type": "Feature", "properties": {}, "geometry": {"type": "LineString", "coordinates": [[-92.03329696077854, 42.23942865597608], [-92.04259362924716, 42.23927572176059]]}}, {"id": "24270", "type": "Feature", "properties": {}, "geometry": {"type": "LineString", "coordinates": [[-92.03204636037597, 42.24364372302212], [-92.03329696077854, 42.23942865597608]]}}, {"id": "24271", "type": "Feature", "properties": {}, "geometry": {"type": "LineString", "coordinates": [[-92.03199889429467, 42.24405032329332], [-92.03204636037597, 42.24364372302212]]}}, {"id": "24272", "type": "Feature", "properties": {}, "geometry": {"type": "LineString", "coordinates": [[-92.04259362924716, 42.23927572176059], [-92.04392062956802, 42.236806454754976]]}}, {"id": "24273", "type": "Feature", "properties": {}, "geometry": {"type": "LineString", "coordinates": [[-92.04392062956802, 42.236806454754976], [-92.04741196336077, 42.226927319626995]]}}, {"id": "24285", "type": "Feature", "properties": {}, "geometry": {"type": "LineString", "coordinates": [[-92.04259362924716, 42.23927572176059], [-92.04392062956802, 42.236806454754976]]}}, {"id": "24289", "type": "Feature", "properties": {}, "geometry": {"type": "LineString", "coordinates": [[-92.05372803069986, 42.22109865179849], [-92.05647616400354, 42.213140049867995]]}}, {"id": "24290", "type": "Feature", "properties": {}, "geometry": {"type": "LineString", "coordinates": [[-92.05471736418686, 42.22125091824084], [-92.05383583033057, 42.221038718386005]]}}, {"id": "24291", "type": "Feature", "properties": {}, "geometry": {"type": "LineString", "coordinates": [[-92.05383583033057, 42.221038718386005], [-92.05372803069986, 42.22109865179849]]}}, {"id": "24292", "type": "Feature", "properties": {}, "geometry": {"type": "LineString", "coordinates": [[-92.05647616400354, 42.213140049867995], [-92.04842722761678, 42.20288724895933], [-92.03215062244111, 42.2041329170607], [-92.0280122204711, 42.194705115800765]]}}, {"id": "24304", "type": "Feature", "properties": {}, "geometry": {"type": "LineString", "coordinates": [[-92.05647616400354, 42.213140049867995], [-92.05300896165426, 42.20494891577316]]}}, {"id": "24305", "type": "Feature", "properties": {}, "geometry": {"type": "LineString", "coordinates": [[-92.05300896165426, 42.20494891577316], [-92.05364862861187, 42.204572115665464]]}}, {"id": "24330", "type": "Feature", "properties": {}, "geometry": {"type": "LineString", "coordinates": [[-92.00018714349737, 42.17297404692038], [-91.9981821433091, 42.17197104725557]]}}, {"id": "24331", "type": "Feature", "properties": {}, "geometry": {"type": "LineString", "coordinates": [[-92.00383701197147, 42.177571847826], [-92.00018714349737, 42.17297404692038]]}}, {"id": "24332", "type": "Feature", "properties": {}, "geometry": {"type": "LineString", "coordinates": [[-91.9981821433091, 42.17197104725557], [-91.99790480912637, 42.17131431381733]]}}, {"id": "24333", "type": "Feature", "properties": {}, "geometry": {"type": "LineString", "coordinates": [[-92.00451414496466, 42.177290847400236], [-92.00383701197147, 42.177571847826]]}}, {"id": "24528", "type": "Feature", "properties": {}, "geometry": {"type": "LineString", "coordinates": [[-92.48894719452058, 42.583487947913774], [-92.4886949943012, 42.58323368138524]]}}, {"id": "24529", "type": "Feature", "properties": {}, "geometry": {"type": "LineString", "coordinates": [[-92.49232879550814, 42.587693481997995], [-92.48894719452058, 42.583487947913774]]}}, {"id": "24530", "type": "Feature", "properties": {}, "geometry": {"type": "LineString", "coordinates": [[-92.4924105960979, 42.58827168228871], [-92.49232879550814, 42.587693481997995]]}}, {"id": "24531", "type": "Feature", "properties": {}, "geometry": {"type": "LineString", "coordinates": [[-92.37494788757472, 42.51352774447631], [-92.3652399506061, 42.509981944689294]]}}, {"id": "24532", "type": "Feature", "properties": {}, "geometry": {"type": "LineString", "coordinates": [[-92.3652399506061, 42.509981944689294], [-92.36351155067695, 42.51024107760651]]}}, {"id": "24533", "type": "Feature", "properties": {}, "geometry": {"type": "LineString", "coordinates": [[-92.37759275504494, 42.51422447770157], [-92.37494788757472, 42.51352774447631]]}}, {"id": "24534", "type": "Feature", "properties": {}, "geometry": {"type": "LineString", "coordinates": [[-92.35738754853554, 42.508677278385846], [-92.35135948017825, 42.50705214512877]]}}, {"id": "24535", "type": "Feature", "properties": {}, "geometry": {"type": "LineString", "coordinates": [[-92.35990528283348, 42.50827074424343], [-92.35738754853554, 42.508677278385846]]}}, {"id": "24536", "type": "Feature", "properties": {}, "geometry": {"type": "LineString", "coordinates": [[-92.35135948017825, 42.50705214512877], [-92.35099867992922, 42.506095544521095]]}}, {"id": "24543", "type": "Feature", "properties": {}, "geometry": {"type": "LineString", "coordinates": [[-92.48777079406217, 42.58339774834352], [-92.48566679324138, 42.58385728181976]]}}, {"id": "24544", "type": "Feature", "properties": {}, "geometry": {"type": "LineString", "coordinates": [[-92.4886949943012, 42.58323368138524], [-92.48777079406217, 42.58339774834352]]}}, {"id": "24545", "type": "Feature", "properties": {}, "geometry": {"type": "LineString", "coordinates": [[-92.48566679324138, 42.58385728181976], [-92.48512159311903, 42.58385014842026]]}}, {"id": "24548", "type": "Feature", "properties": {}, "geometry": {"type": "LineString", "coordinates": [[-92.37759275504494, 42.51422447770157], [-92.37508188836733, 42.52006274550067]]}}, {"id": "24549", "type": "Feature", "properties": {}, "geometry": {"type": "LineString", "coordinates": [[-92.38436509108983, 42.51830707808738], [-92.37759275504494, 42.51422447770157]]}}, {"id": "24550", "type": "Feature", "properties": {}, "geometry": {"type": "LineString", "coordinates": [[-92.48653652592978, 42.57710188060904], [-92.48589632447457, 42.56795334567204], [-92.49430532718675, 42.56536027860419]]}}, {"id": "24551", "type": "Feature", "properties": {}, "geometry": {"type": "LineString", "coordinates": [[-92.49430532718675, 42.56536027860419], [-92.4879638581864, 42.559817944320386]]}}, {"id": "24552", "type": "Feature", "properties": {}, "geometry": {"type": "LineString", "coordinates": [[-92.48669892606178, 42.57764788084239], [-92.48653652592978, 42.57710188060904]]}}, {"id": "24553", "type": "Feature", "properties": {}, "geometry": {"type": "LineString", "coordinates": [[-92.49097352790024, 42.580310147336284], [-92.48669892606178, 42.57764788084239]]}}, {"id": "24554", "type": "Feature", "properties": {}, "geometry": {"type": "LineString", "coordinates": [[-92.48512159311903, 42.58385014842026], [-92.48044619174689, 42.58110014855411], [-92.48653652592978, 42.57710188060904]]}}, {"id": "24555", "type": "Feature", "properties": {}, "geometry": {"type": "LineString", "coordinates": [[-92.49529433278869, 42.613125485805575], [-92.4937685317022, 42.608719951870164]]}}, {"id": "24556", "type": "Feature", "properties": {}, "geometry": {"type": "LineString", "coordinates": [[-92.4924105960979, 42.58827168228871], [-92.48913012834336, 42.58764608235216]]}}, {"id": "24557", "type": "Feature", "properties": {}, "geometry": {"type": "LineString", "coordinates": [[-92.48913012834336, 42.58764608235216], [-92.48512159311903, 42.58385014842026]]}}, {"id": "24558", "type": "Feature", "properties": {}, "geometry": {"type": "LineString", "coordinates": [[-92.4937685317022, 42.608719951870164], [-92.50141880025744, 42.60301708396947], [-92.4924105960979, 42.58827168228871]]}}, {"id": "24559", "type": "Feature", "properties": {}, "geometry": {"type": "LineString", "coordinates": [[-92.4875897242436, 42.559434277698976], [-92.47803198738713, 42.55256694420646]]}}, {"id": "24560", "type": "Feature", "properties": {}, "geometry": {"type": "LineString", "coordinates": [[-91.70971344415166, 42.00991650519982], [-91.68693623611802, 42.000022038428106]]}}, {"id": "24561", "type": "Feature", "properties": {}, "geometry": {"type": "LineString", "coordinates": [[-91.74396871942132, 42.00346603550603], [-91.73586151740692, 42.00172203612297]]}}, {"id": "24562", "type": "Feature", "properties": {}, "geometry": {"type": "LineString", "coordinates": [[-91.68693623611802, 42.000022038428106], [-91.681587634577, 41.99528983842708]]}}, {"id": "24563", "type": "Feature", "properties": {}, "geometry": {"type": "LineString", "coordinates": [[-91.72270051308003, 42.000016903416935], [-91.70971344415166, 42.00991650519982]]}}, {"id": "24564", "type": "Feature", "properties": {}, "geometry": {"type": "LineString", "coordinates": [[-91.73586151740692, 42.00172203612297], [-91.73379104979736, 42.000013302500165]]}}, {"id": "24565", "type": "Feature", "properties": {}, "geometry": {"type": "LineString", "coordinates": [[-91.67483503182395, 41.98800090405371], [-91.6745716314096, 41.98495563724467]]}}, {"id": "24566", "type": "Feature", "properties": {}, "geometry": {"type": "LineString", "coordinates": [[-91.73379104979736, 42.000013302500165], [-91.72270051308003, 42.000016903416935]]}}, {"id": "24567", "type": "Feature", "properties": {}, "geometry": {"type": "LineString", "coordinates": [[-91.6745716314096, 41.98495563724467], [-91.65690442429265, 41.96526450128151], [-91.64218588679014, 41.96704090270296], [-91.64110281859479, 41.95828890130828]]}}, {"id": "24568", "type": "Feature", "properties": {}, "geometry": {"type": "LineString", "coordinates": [[-91.64110281859479, 41.95828890130828], [-91.63743448345339, 41.94984283341327]]}}, {"id": "24569", "type": "Feature", "properties": {}, "geometry": {"type": "LineString", "coordinates": [[-91.681587634577, 41.99528983842708], [-91.67483503182395, 41.98800090405371]]}}, {"id": "24573", "type": "Feature", "properties": {}, "geometry": {"type": "LineString", "coordinates": [[-91.75064792532409, 42.04368684161336], [-91.74014465413889, 42.029294839921675]]}}, {"id": "24577", "type": "Feature", "properties": {}, "geometry": {"type": "LineString", "coordinates": [[-91.77798393520264, 42.05975130951554], [-91.77622366843711, 42.06016364271624]]}}, {"id": "24578", "type": "Feature", "properties": {}, "geometry": {"type": "LineString", "coordinates": [[-91.77622366843711, 42.06016364271624], [-91.77561393424307, 42.059673909788486]]}}, {"id": "24579", "type": "Feature", "properties": {}, "geometry": {"type": "LineString", "coordinates": [[-91.77018367135116, 42.10351165004277], [-91.77083853780339, 42.097197649365754]]}}, {"id": "24580", "type": "Feature", "properties": {}, "geometry": {"type": "LineString", "coordinates": [[-91.76859867128746, 42.10606991738141], [-91.77018367135116, 42.10351165004277]]}}, {"id": "24581", "type": "Feature", "properties": {}, "geometry": {"type": "LineString", "coordinates": [[-91.76827927169492, 42.11009451834556], [-91.77018367135116, 42.10351165004277]]}}, {"id": "24582", "type": "Feature", "properties": {}, "geometry": {"type": "LineString", "coordinates": [[-91.80684115487827, 42.16016385733499], [-91.79327275019695, 42.1546219233677], [-91.78963588124333, 42.14215285502598]]}}, {"id": "24583", "type": "Feature", "properties": {}, "geometry": {"type": "LineString", "coordinates": [[-91.8546097034236, 42.178215323339565], [-91.83003696256297, 42.17173185718099]]}}, {"id": "24584", "type": "Feature", "properties": {}, "geometry": {"type": "LineString", "coordinates": [[-91.83201316366156, 42.175140324386675], [-91.83003696256297, 42.17173185718099]]}}, {"id": "24587", "type": "Feature", "properties": {}, "geometry": {"type": "LineString", "coordinates": [[-91.87238844267128, 42.18697272405796], [-91.8546097034236, 42.178215323339565]]}}, {"id": "24590", "type": "Feature", "properties": {}, "geometry": {"type": "LineString", "coordinates": [[-91.89345338182336, 42.19026165665784], [-91.89154631506904, 42.190307656777776]]}}, {"id": "24591", "type": "Feature", "properties": {}, "geometry": {"type": "LineString", "coordinates": [[-91.89394258276754, 42.19074585660971], [-91.89345338182336, 42.19026165665784]]}}, {"id": "24592", "type": "Feature", "properties": {}, "geometry": {"type": "LineString", "coordinates": [[-91.89154631506904, 42.190307656777776], [-91.8912619147383, 42.19086432326488]]}}, {"id": "24595", "type": "Feature", "properties": {}, "geometry": {"type": "LineString", "coordinates": [[-92.10192065412787, 42.30517632832384], [-92.0879415828178, 42.304419729015045]]}}, {"id": "24596", "type": "Feature", "properties": {}, "geometry": {"type": "LineString", "coordinates": [[-92.11473479107582, 42.30710492780637], [-92.10192065412787, 42.30517632832384]]}}, {"id": "24597", "type": "Feature", "properties": {}, "geometry": {"type": "LineString", "coordinates": [[-92.0879415828178, 42.304419729015045], [-92.08427444872393, 42.30444332961369]]}}, {"id": "24606", "type": "Feature", "properties": {}, "geometry": {"type": "LineString", "coordinates": [[-91.68018743413693, 41.99554323804447], [-91.67438863200981, 41.9904908379146]]}}, {"id": "24607", "type": "Feature", "properties": {}, "geometry": {"type": "LineString", "coordinates": [[-91.67438863200981, 41.9904908379146], [-91.67483503182395, 41.98800090405371]]}}, {"id": "24608", "type": "Feature", "properties": {}, "geometry": {"type": "LineString", "coordinates": [[-91.681587634577, 41.99528983842708], [-91.68018743413693, 41.99554323804447]]}}, {"id": "24622", "type": "Feature", "properties": {}, "geometry": {"type": "LineString", "coordinates": [[-92.4879638581864, 42.559817944320386], [-92.4875897242436, 42.559434277698976]]}}, {"id": "24623", "type": "Feature", "properties": {}, "geometry": {"type": "LineString", "coordinates": [[-92.4875897242436, 42.559434277698976], [-92.48115425553193, 42.55265147747109]]}}, {"id": "24624", "type": "Feature", "properties": {}, "geometry": {"type": "LineString", "coordinates": [[-92.48115425553193, 42.55265147747109], [-92.47803198738713, 42.55256694420646]]}}, {"id": "24629", "type": "Feature", "properties": {}, "geometry": {"type": "LineString", "coordinates": [[-92.1708482771822, 42.339921330042955], [-92.16589960830065, 42.33655306271137]]}}, {"id": "24630", "type": "Feature", "properties": {}, "geometry": {"type": "LineString", "coordinates": [[-92.11502585780428, 42.308456128549935], [-92.10371925470152, 42.312206663087345]]}}, {"id": "24631", "type": "Feature", "properties": {}, "geometry": {"type": "LineString", "coordinates": [[-92.11732999159227, 42.309867728658], [-92.11502585780428, 42.308456128549935]]}}, {"id": "24632", "type": "Feature", "properties": {}, "geometry": {"type": "LineString", "coordinates": [[-92.05284063084474, 42.22367725209988], [-92.05471736418686, 42.22125091824084]]}}, {"id": "24633", "type": "Feature", "properties": {}, "geometry": {"type": "LineString", "coordinates": [[-92.05415882947244, 42.20525891541156], [-92.05364862861187, 42.204572115665464]]}}, {"id": "24634", "type": "Feature", "properties": {}, "geometry": {"type": "LineString", "coordinates": [[-92.03650175535188, 42.18908051442323], [-92.02572055080766, 42.17277544554808]]}}, {"id": "24635", "type": "Feature", "properties": {}, "geometry": {"type": "LineString", "coordinates": [[-92.02572055080766, 42.17277544554808], [-92.00807314705114, 42.18223331468572]]}}, {"id": "24636", "type": "Feature", "properties": {}, "geometry": {"type": "LineString", "coordinates": [[-92.00807314705114, 42.18223331468572], [-92.00649074671185, 42.18111064780475]]}}, {"id": "24638", "type": "Feature", "properties": {}, "geometry": {"type": "LineString", "coordinates": [[-91.91817945432321, 42.17687931956267], [-91.91521025371291, 42.17759111952681]]}}, {"id": "24640", "type": "Feature", "properties": {}, "geometry": {"type": "LineString", "coordinates": [[-91.76821427139758, 42.11091285143838], [-91.76827927169492, 42.11009451834556]]}}, {"id": "24641", "type": "Feature", "properties": {}, "geometry": {"type": "LineString", "coordinates": [[-91.76827927169492, 42.11009451834556], [-91.76859867128746, 42.10606991738141]]}}, {"id": "24642", "type": "Feature", "properties": {}, "geometry": {"type": "LineString", "coordinates": [[-91.76859867128746, 42.10606991738141], [-91.76440746903998, 42.09984731681749], [-91.77083853780339, 42.097197649365754]]}}, {"id": "24643", "type": "Feature", "properties": {}, "geometry": {"type": "LineString", "coordinates": [[-91.76244986306777, 42.04783290818168], [-91.75395912713947, 42.04929924238687]]}}, {"id": "24644", "type": "Feature", "properties": {}, "geometry": {"type": "LineString", "coordinates": [[-91.75739366045681, 42.03786790721279], [-91.75479019274476, 42.035634706630525]]}}, {"id": "24646", "type": "Feature", "properties": {}, "geometry": {"type": "LineString", "coordinates": [[-91.75479019274476, 42.035634706630525], [-91.74499545606182, 42.031554040369556]]}}, {"id": "24651", "type": "Feature", "properties": {}, "geometry": {"type": "LineString", "coordinates": [[-92.05590683872593, 42.28915086223471], [-92.05175657090932, 42.28962866274721]]}}, {"id": "24652", "type": "Feature", "properties": {}, "geometry": {"type": "LineString", "coordinates": [[-92.05175657090932, 42.28962866274721], [-92.0416481685803, 42.28979026327201]]}}, {"id": "24653", "type": "Feature", "properties": {}, "geometry": {"type": "LineString", "coordinates": [[-92.02917996476344, 42.287059463734174], [-92.02569663046827, 42.28708706350499]]}}, {"id": "24654", "type": "Feature", "properties": {}, "geometry": {"type": "LineString", "coordinates": [[-92.21796762764475, 42.377150865925834], [-92.2142144259635, 42.368582931680336]]}}, {"id": "24655", "type": "Feature", "properties": {}, "geometry": {"type": "LineString", "coordinates": [[-92.2142144259635, 42.368582931680336], [-92.21390622566763, 42.36582153122204]]}}, {"id": "24656", "type": "Feature", "properties": {}, "geometry": {"type": "LineString", "coordinates": [[-91.96066619825542, 42.16650424824274], [-91.95296599594683, 42.16387611500999]]}}, {"id": "24657", "type": "Feature", "properties": {}, "geometry": {"type": "LineString", "coordinates": [[-91.95296599594683, 42.16387611500999], [-91.94964279443589, 42.15967784833083]]}}, {"id": "24658", "type": "Feature", "properties": {}, "geometry": {"type": "LineString", "coordinates": [[-92.0416481685803, 42.28979026327201], [-92.02917996476344, 42.287059463734174]]}}, {"id": "24659", "type": "Feature", "properties": {}, "geometry": {"type": "LineString", "coordinates": [[-91.74014465413889, 42.029294839921675], [-91.73838945387156, 42.02610110624764]]}}, {"id": "24660", "type": "Feature", "properties": {}, "geometry": {"type": "LineString", "coordinates": [[-91.7387246530333, 42.02060870575202], [-91.7450997199236, 42.00437570249348]]}}, {"id": "24661", "type": "Feature", "properties": {}, "geometry": {"type": "LineString", "coordinates": [[-91.73838945387156, 42.02610110624764], [-91.7387246530333, 42.02060870575202]]}}, {"id": "24662", "type": "Feature", "properties": {}, "geometry": {"type": "LineString", "coordinates": [[-91.75064792532409, 42.04368684161336], [-91.75739366045681, 42.03786790721279]]}}, {"id": "24663", "type": "Feature", "properties": {}, "geometry": {"type": "LineString", "coordinates": [[-91.77950673501778, 42.05024290776841], [-91.76244986306777, 42.04783290818168]]}}, {"id": "24664", "type": "Feature", "properties": {}, "geometry": {"type": "LineString", "coordinates": [[-91.77083853780339, 42.097197649365754], [-91.77964313790545, 42.076115245041855]]}}, {"id": "24665", "type": "Feature", "properties": {}, "geometry": {"type": "LineString", "coordinates": [[-91.78963588124333, 42.14215285502598], [-91.77977127629252, 42.123842319824995]]}}, {"id": "24666", "type": "Feature", "properties": {}, "geometry": {"type": "LineString", "coordinates": [[-91.83003696256297, 42.17173185718099], [-91.81381675631576, 42.16280612399805]]}}, {"id": "24667", "type": "Feature", "properties": {}, "geometry": {"type": "LineString", "coordinates": [[-91.8546097034236, 42.178215323339565], [-91.845930367998, 42.17954812420884]]}}, {"id": "24668", "type": "Feature", "properties": {}, "geometry": {"type": "LineString", "coordinates": [[-91.90455991843424, 42.18913552217403], [-91.89394258276754, 42.19074585660971]]}}, {"id": "24669", "type": "Feature", "properties": {}, "geometry": {"type": "LineString", "coordinates": [[-91.90769578617414, 42.18715385514145], [-91.90455991843424, 42.18913552217403]]}}, {"id": "24670", "type": "Feature", "properties": {}, "geometry": {"type": "LineString", "coordinates": [[-91.91521025371291, 42.17759111952681], [-91.90769578617414, 42.18715385514145]]}}, {"id": "24671", "type": "Feature", "properties": {}, "geometry": {"type": "LineString", "coordinates": [[-91.8912619147383, 42.19086432326488], [-91.88179917921467, 42.1887491237434]]}}, {"id": "24672", "type": "Feature", "properties": {}, "geometry": {"type": "LineString", "coordinates": [[-91.89394258276754, 42.19074585660971], [-91.8912619147383, 42.19086432326488]]}}, {"id": "24673", "type": "Feature", "properties": {}, "geometry": {"type": "LineString", "coordinates": [[-91.97647493567833, 42.165414514241824], [-91.9722973357209, 42.16964744843575]]}}, {"id": "24674", "type": "Feature", "properties": {}, "geometry": {"type": "LineString", "coordinates": [[-91.98658760590325, 42.16452044632021], [-91.98428333826627, 42.163240713021125]]}}, {"id": "24675", "type": "Feature", "properties": {}, "geometry": {"type": "LineString", "coordinates": [[-91.98428333826627, 42.163240713021125], [-91.97647493567833, 42.165414514241824]]}}, {"id": "24676", "type": "Feature", "properties": {}, "geometry": {"type": "LineString", "coordinates": [[-91.9722973357209, 42.16964744843575], [-91.96066619825542, 42.16650424824274]]}}, {"id": "24677", "type": "Feature", "properties": {}, "geometry": {"type": "LineString", "coordinates": [[-92.0001872099727, 42.1705194469846], [-91.99790480912637, 42.17131431381733]]}}, {"id": "24678", "type": "Feature", "properties": {}, "geometry": {"type": "LineString", "coordinates": [[-91.99790480912637, 42.17131431381733], [-91.98658760590325, 42.16452044632021]]}}, {"id": "24679", "type": "Feature", "properties": {}, "geometry": {"type": "LineString", "coordinates": [[-92.00649074671185, 42.18111064780475], [-92.00451414496466, 42.177290847400236]]}}, {"id": "24680", "type": "Feature", "properties": {}, "geometry": {"type": "LineString", "coordinates": [[-92.00451414496466, 42.177290847400236], [-92.0001872099727, 42.1705194469846]]}}, {"id": "24681", "type": "Feature", "properties": {}, "geometry": {"type": "LineString", "coordinates": [[-92.05364862861187, 42.204572115665464], [-92.03650175535188, 42.18908051442323]]}}, {"id": "24682", "type": "Feature", "properties": {}, "geometry": {"type": "LineString", "coordinates": [[-92.05629323107907, 42.219285250887786], [-92.05884263099078, 42.21305345012049]]}}, {"id": "24683", "type": "Feature", "properties": {}, "geometry": {"type": "LineString", "coordinates": [[-92.03774222904624, 42.24610565628644], [-92.04917203159864, 42.243165521982874]]}}, {"id": "24684", "type": "Feature", "properties": {}, "geometry": {"type": "LineString", "coordinates": [[-92.03503042810422, 42.24548565684006], [-92.03774222904624, 42.24610565628644]]}}, {"id": "24685", "type": "Feature", "properties": {}, "geometry": {"type": "LineString", "coordinates": [[-92.03199889429467, 42.24405032329332], [-92.03503042810422, 42.24548565684006]]}}, {"id": "24686", "type": "Feature", "properties": {}, "geometry": {"type": "LineString", "coordinates": [[-92.04917203159864, 42.243165521982874], [-92.05829196731489, 42.235724053467365], [-92.05284063084474, 42.22367725209988]]}}, {"id": "24687", "type": "Feature", "properties": {}, "geometry": {"type": "LineString", "coordinates": [[-92.08916964987978, 42.30539652915667], [-92.0879415828178, 42.304419729015045]]}}, {"id": "24688", "type": "Feature", "properties": {}, "geometry": {"type": "LineString", "coordinates": [[-92.10371925470152, 42.312206663087345], [-92.09395218523102, 42.30836012974683]]}}, {"id": "24689", "type": "Feature", "properties": {}, "geometry": {"type": "LineString", "coordinates": [[-92.09395218523102, 42.30836012974683], [-92.08916964987978, 42.30539652915667]]}}, {"id": "24690", "type": "Feature", "properties": {}, "geometry": {"type": "LineString", "coordinates": [[-92.11502585780428, 42.308456128549935], [-92.11473479107582, 42.30710492780637]]}}, {"id": "24691", "type": "Feature", "properties": {}, "geometry": {"type": "LineString", "coordinates": [[-92.16589960830065, 42.33655306271137], [-92.15010380302459, 42.327089862584394]]}}, {"id": "24692", "type": "Feature", "properties": {}, "geometry": {"type": "LineString", "coordinates": [[-92.21390622566763, 42.36582153122204], [-92.2070994221636, 42.354412063361245]]}}, {"id": "24693", "type": "Feature", "properties": {}, "geometry": {"type": "LineString", "coordinates": [[-92.35990528283348, 42.50827074424343], [-92.35475034728795, 42.506402278138026]]}}, {"id": "24694", "type": "Feature", "properties": {}, "geometry": {"type": "LineString", "coordinates": [[-92.36351155067695, 42.51024107760651], [-92.35990528283348, 42.50827074424343]]}}, {"id": "24695", "type": "Feature", "properties": {}, "geometry": {"type": "LineString", "coordinates": [[-92.37508188836733, 42.52006274550067], [-92.36351155067695, 42.51024107760651]]}}, {"id": "24696", "type": "Feature", "properties": {}, "geometry": {"type": "LineString", "coordinates": [[-92.47803198738713, 42.55256694420646], [-92.44722391078203, 42.540046877597206]]}}, {"id": "24697", "type": "Feature", "properties": {}, "geometry": {"type": "LineString", "coordinates": [[-92.4886949943012, 42.58323368138524], [-92.49097352790024, 42.580310147336284]]}}, {"id": "24741", "type": "Feature", "properties": {}, "geometry": {"type": "LineString", "coordinates": [[-92.05884263099078, 42.21305345012049], [-92.05640516296012, 42.207609449025725]]}}, {"id": "24742", "type": "Feature", "properties": {}, "geometry": {"type": "LineString", "coordinates": [[-91.88106071194886, 42.188859923842884], [-91.87238844267128, 42.18697272405796]]}}, {"id": "24743", "type": "Feature", "properties": {}, "geometry": {"type": "LineString", "coordinates": [[-91.88149831186647, 42.18879425702933], [-91.88106071194886, 42.188859923842884]]}}, {"id": "24744", "type": "Feature", "properties": {}, "geometry": {"type": "LineString", "coordinates": [[-91.88179917921467, 42.1887491237434], [-91.88149831186647, 42.18879425702933]]}}, {"id": "24755", "type": "Feature", "properties": {}, "geometry": {"type": "LineString", "coordinates": [[-92.0280122204711, 42.194705115800765], [-92.02794848679831, 42.194382715376456]]}}, {"id": "24758", "type": "Feature", "properties": {}, "geometry": {"type": "LineString", "coordinates": [[-92.44549528807069, 42.539161379549604], [-92.43338630526458, 42.526643142735644]]}}, {"id": "24760", "type": "Feature", "properties": {}, "geometry": {"type": "LineString", "coordinates": [[-92.44722391078203, 42.540046877597206], [-92.44549528807069, 42.539161379549604]]}}, {"id": "24761", "type": "Feature", "properties": {}, "geometry": {"type": "LineString", "coordinates": [[-91.33147906668592, 41.35011882041706], [-91.33960533364558, 41.333913150610094]]}}, {"id": "24762", "type": "Feature", "properties": {}, "geometry": {"type": "LineString", "coordinates": [[-91.33960533364558, 41.333913150610094], [-91.3520855362597, 41.32564661540396], [-91.34520126653712, 41.30943154662266]]}}, {"id": "24763", "type": "Feature", "properties": {}, "geometry": {"type": "LineString", "coordinates": [[-91.34520126653712, 41.30943154662266], [-91.34695973038387, 41.28279860873396]]}}, {"id": "24764", "type": "Feature", "properties": {}, "geometry": {"type": "LineString", "coordinates": [[-91.30651952923024, 41.377246959943136], [-91.3081631290949, 41.37294675954313]]}}, {"id": "24765", "type": "Feature", "properties": {}, "geometry": {"type": "LineString", "coordinates": [[-91.3081631290949, 41.37294675954313], [-91.31951833105451, 41.36135442363294]]}}, {"id": "24766", "type": "Feature", "properties": {}, "geometry": {"type": "LineString", "coordinates": [[-91.31951833105451, 41.36135442363294], [-91.33147906668592, 41.35011882041706]]}}, {"id": "24767", "type": "Feature", "properties": {}, "geometry": {"type": "LineString", "coordinates": [[-91.29682726157512, 41.39232096327848], [-91.30877446408677, 41.386855561730236], [-91.30651952923024, 41.377246959943136]]}}, {"id": "24768", "type": "Feature", "properties": {}, "geometry": {"type": "LineString", "coordinates": [[-91.28583352731278, 41.41325023407895], [-91.29682726157512, 41.39232096327848]]}}, {"id": "24769", "type": "Feature", "properties": {}, "geometry": {"type": "LineString", "coordinates": [[-91.27408932519073, 41.42368583616877], [-91.28583352731278, 41.41325023407895]]}}, {"id": "24770", "type": "Feature", "properties": {}, "geometry": {"type": "LineString", "coordinates": [[-91.27514145989929, 41.43767903828545], [-91.2747572594354, 41.43665857188574]]}}, {"id": "24771", "type": "Feature", "properties": {}, "geometry": {"type": "LineString", "coordinates": [[-91.26013872328865, 41.44262644040499], [-91.27514145989929, 41.43767903828545]]}}, {"id": "24772", "type": "Feature", "properties": {}, "geometry": {"type": "LineString", "coordinates": [[-91.25032372151121, 41.45252797583937], [-91.26013872328865, 41.44262644040499]]}}, {"id": "24773", "type": "Feature", "properties": {}, "geometry": {"type": "LineString", "coordinates": [[-91.24840392113775, 41.45279224281882], [-91.25032372151121, 41.45252797583937]]}}, {"id": "24774", "type": "Feature", "properties": {}, "geometry": {"type": "LineString", "coordinates": [[-91.23962205200563, 41.45407664320296], [-91.24840392113775, 41.45279224281882]]}}, {"id": "24775", "type": "Feature", "properties": {}, "geometry": {"type": "LineString", "coordinates": [[-91.21641151195026, 41.454420244950065], [-91.21790644602528, 41.455079844517634]]}}, {"id": "24776", "type": "Feature", "properties": {}, "geometry": {"type": "LineString", "coordinates": [[-91.21790644602528, 41.455079844517634], [-91.23962205200563, 41.45407664320296]]}}, {"id": "24777", "type": "Feature", "properties": {}, "geometry": {"type": "LineString", "coordinates": [[-91.17361343619505, 41.47884865164209], [-91.19471104168413, 41.475078582844404]]}}, {"id": "24778", "type": "Feature", "properties": {}, "geometry": {"type": "LineString", "coordinates": [[-91.17228990247288, 41.48228785162387], [-91.17361343619505, 41.47884865164209]]}}, {"id": "24779", "type": "Feature", "properties": {}, "geometry": {"type": "LineString", "coordinates": [[-91.17562423860177, 41.49972405460924], [-91.17228990247288, 41.48228785162387]]}}, {"id": "24780", "type": "Feature", "properties": {}, "geometry": {"type": "LineString", "coordinates": [[-91.1757606387945, 41.50004785486992], [-91.17562423860177, 41.49972405460924]]}}, {"id": "24781", "type": "Feature", "properties": {}, "geometry": {"type": "LineString", "coordinates": [[-91.15819370162957, 41.51329205772484], [-91.1757606387945, 41.50004785486992]]}}, {"id": "24782", "type": "Feature", "properties": {}, "geometry": {"type": "LineString", "coordinates": [[-91.10608222448694, 41.554729267874436], [-91.10462742264725, 41.543064999083555]]}}, {"id": "24783", "type": "Feature", "properties": {}, "geometry": {"type": "LineString", "coordinates": [[-91.09508242120654, 41.55488086821806], [-91.1051000245216, 41.55529480131112]]}}, {"id": "24784", "type": "Feature", "properties": {}, "geometry": {"type": "LineString", "coordinates": [[-91.1051000245216, 41.55529480131112], [-91.10608222448694, 41.554729267874436]]}}, {"id": "24785", "type": "Feature", "properties": {}, "geometry": {"type": "LineString", "coordinates": [[-91.06324588139897, 41.57254760675188], [-91.07059361533281, 41.56379160487074], [-91.09483428945708, 41.56439540330531], [-91.09508242120654, 41.55488086821806]]}}, {"id": "24851", "type": "Feature", "properties": {}, "geometry": {"type": "LineString", "coordinates": [[-91.11237563002634, 41.59073547319804], [-91.08734062151039, 41.577566872451364], [-91.10724842637194, 41.570543003731544], [-91.10608222448694, 41.554729267874436]]}}, {"id": "24852", "type": "Feature", "properties": {}, "geometry": {"type": "LineString", "coordinates": [[-91.15706124585653, 41.62182027563972], [-91.15933971298021, 41.61774560810395]]}}, {"id": "24853", "type": "Feature", "properties": {}, "geometry": {"type": "LineString", "coordinates": [[-91.15933971298021, 41.61774560810395], [-91.11237563002634, 41.59073547319804]]}}, {"id": "24854", "type": "Feature", "properties": {}, "geometry": {"type": "LineString", "coordinates": [[-91.13401430877732, 41.647792414901105], [-91.13681910870747, 41.633537479212364], [-91.15706124585653, 41.62182027563972]]}}, {"id": "24862", "type": "Feature", "properties": {}, "geometry": {"type": "LineString", "coordinates": [[-91.13613764313968, 41.65122821495793], [-91.13401430877732, 41.647792414901105]]}}, {"id": "24863", "type": "Feature", "properties": {}, "geometry": {"type": "LineString", "coordinates": [[-91.17488965744785, 41.68066988455625], [-91.16997505537681, 41.676394817040425]]}}, {"id": "24864", "type": "Feature", "properties": {}, "geometry": {"type": "LineString", "coordinates": [[-91.17498512410803, 41.68066988455625], [-91.17488965744785, 41.68066988455625]]}}, {"id": "24865", "type": "Feature", "properties": {}, "geometry": {"type": "LineString", "coordinates": [[-91.1760791248004, 41.68065061779938], [-91.17498512410803, 41.68066988455625]]}}, {"id": "24887", "type": "Feature", "properties": {}, "geometry": {"type": "LineString", "coordinates": [[-91.1876632633085, 41.69987528647063], [-91.1760791248004, 41.68065061779938]]}}, {"id": "24888", "type": "Feature", "properties": {}, "geometry": {"type": "LineString", "coordinates": [[-91.19084786465254, 41.70247748671949], [-91.1876632633085, 41.69987528647063]]}}, {"id": "24897", "type": "Feature", "properties": {}, "geometry": {"type": "LineString", "coordinates": [[-91.20022166786136, 41.71027688769632], [-91.19303646521354, 41.70370022060821]]}}, {"id": "24898", "type": "Feature", "properties": {}, "geometry": {"type": "LineString", "coordinates": [[-91.19303646521354, 41.70370022060821], [-91.19084786465254, 41.70247748671949]]}}, {"id": "24899", "type": "Feature", "properties": {}, "geometry": {"type": "LineString", "coordinates": [[-91.21796407384906, 41.71670928758218], [-91.20022166786136, 41.71027688769632]]}}, {"id": "24900", "type": "Feature", "properties": {}, "geometry": {"type": "LineString", "coordinates": [[-91.22523607621119, 41.71939542076511], [-91.21796407384906, 41.71670928758218]]}}, {"id": "24901", "type": "Feature", "properties": {}, "geometry": {"type": "LineString", "coordinates": [[-91.22805607653426, 41.72070802130315], [-91.22523607621119, 41.71939542076511]]}}, {"id": "24902", "type": "Feature", "properties": {}, "geometry": {"type": "LineString", "coordinates": [[-91.25521908705875, 41.74385909012611], [-91.24590288292767, 41.733717022180365]]}}, {"id": "24903", "type": "Feature", "properties": {}, "geometry": {"type": "LineString", "coordinates": [[-91.24590288292767, 41.733717022180365], [-91.23266687825767, 41.72376468780934]]}}, {"id": "24904", "type": "Feature", "properties": {}, "geometry": {"type": "LineString", "coordinates": [[-91.23266687825767, 41.72376468780934], [-91.22805607653426, 41.72070802130315]]}}, {"id": "24905", "type": "Feature", "properties": {}, "geometry": {"type": "LineString", "coordinates": [[-91.26750415762685, 41.75048562354166], [-91.25521908705875, 41.74385909012611]]}}, {"id": "24906", "type": "Feature", "properties": {}, "geometry": {"type": "LineString", "coordinates": [[-91.27161529303305, 41.75426069029024], [-91.26818475811703, 41.75118182352157]]}}, {"id": "24907", "type": "Feature", "properties": {}, "geometry": {"type": "LineString", "coordinates": [[-91.26818475811703, 41.75118182352157], [-91.26750415762685, 41.75048562354166]]}}, {"id": "24908", "type": "Feature", "properties": {}, "geometry": {"type": "LineString", "coordinates": [[-91.28045649588967, 41.76344389168628], [-91.27161529303305, 41.75426069029024]]}}, {"id": "24909", "type": "Feature", "properties": {}, "geometry": {"type": "LineString", "coordinates": [[-91.30707537169376, 41.77891322603678], [-91.28045649588967, 41.76344389168628]]}}, {"id": "24910", "type": "Feature", "properties": {}, "geometry": {"type": "LineString", "coordinates": [[-91.31264730788912, 41.788109093472166], [-91.30707537169376, 41.77891322603678]]}}, {"id": "24911", "type": "Feature", "properties": {}, "geometry": {"type": "LineString", "coordinates": [[-91.31414090976257, 41.80386789586203], [-91.31264730788912, 41.788109093472166]]}}, {"id": "24912", "type": "Feature", "properties": {}, "geometry": {"type": "LineString", "coordinates": [[-91.34089791860957, 41.81349622958996], [-91.33854838396712, 41.81186762926155]]}}, {"id": "24913", "type": "Feature", "properties": {}, "geometry": {"type": "LineString", "coordinates": [[-91.33854838396712, 41.81186762926155], [-91.33070571514264, 41.80661709568474]]}}, {"id": "24914", "type": "Feature", "properties": {}, "geometry": {"type": "LineString", "coordinates": [[-91.33070571514264, 41.80661709568474], [-91.31414090976257, 41.80386789586203]]}}, {"id": "24915", "type": "Feature", "properties": {}, "geometry": {"type": "LineString", "coordinates": [[-91.3441495199008, 41.813882229363095], [-91.34089791860957, 41.81349622958996]]}}, {"id": "24916", "type": "Feature", "properties": {}, "geometry": {"type": "LineString", "coordinates": [[-91.34922518720732, 41.81010589517928], [-91.3441495199008, 41.813882229363095]]}}, {"id": "24917", "type": "Feature", "properties": {}, "geometry": {"type": "LineString", "coordinates": [[-91.3637639915844, 41.81049589392549], [-91.34922518720732, 41.81010589517928]]}}, {"id": "24918", "type": "Feature", "properties": {}, "geometry": {"type": "LineString", "coordinates": [[-91.37681999632935, 41.81955549495398], [-91.36839325997512, 41.8203266291754]]}}, {"id": "24934", "type": "Feature", "properties": {}, "geometry": {"type": "LineString", "coordinates": [[-91.4284886175116, 41.881532635143074], [-91.42390154748136, 41.86808110022083]]}}, {"id": "24935", "type": "Feature", "properties": {}, "geometry": {"type": "LineString", "coordinates": [[-91.41124654349272, 41.85823523240184], [-91.39408213781334, 41.85191823244901]]}}, {"id": "24936", "type": "Feature", "properties": {}, "geometry": {"type": "LineString", "coordinates": [[-91.42390154748136, 41.86808110022083], [-91.41124654349272, 41.85823523240184]]}}, {"id": "24937", "type": "Feature", "properties": {}, "geometry": {"type": "LineString", "coordinates": [[-91.46468796114212, 41.88254263329581], [-91.45678355829469, 41.875584032429565]]}}, {"id": "24938", "type": "Feature", "properties": {}, "geometry": {"type": "LineString", "coordinates": [[-91.43831542045693, 41.88174643439443], [-91.4284886175116, 41.881532635143074]]}}, {"id": "24939", "type": "Feature", "properties": {}, "geometry": {"type": "LineString", "coordinates": [[-91.45294122307602, 41.875417499316164], [-91.43831542045693, 41.88174643439443]]}}, {"id": "24940", "type": "Feature", "properties": {}, "geometry": {"type": "LineString", "coordinates": [[-91.45678355829469, 41.875584032429565], [-91.45294122307602, 41.875417499316164]]}}, {"id": "24941", "type": "Feature", "properties": {}, "geometry": {"type": "LineString", "coordinates": [[-91.4652073607512, 41.882963633253475], [-91.46468796114212, 41.88254263329581]]}}, {"id": "24942", "type": "Feature", "properties": {}, "geometry": {"type": "LineString", "coordinates": [[-91.47746743210324, 41.89064250006962], [-91.4652073607512, 41.882963633253475]]}}, {"id": "24943", "type": "Feature", "properties": {}, "geometry": {"type": "LineString", "coordinates": [[-91.48610723536811, 41.897403034318685], [-91.4800219658868, 41.89200730051496]]}}, {"id": "24944", "type": "Feature", "properties": {}, "geometry": {"type": "LineString", "coordinates": [[-91.4800219658868, 41.89200730051496], [-91.47746743210324, 41.89064250006962]]}}, {"id": "24945", "type": "Feature", "properties": {}, "geometry": {"type": "LineString", "coordinates": [[-91.48964383616637, 41.899659634251044], [-91.48610723536811, 41.897403034318685]]}}, {"id": "24946", "type": "Feature", "properties": {}, "geometry": {"type": "LineString", "coordinates": [[-91.50995217735522, 41.918355036417374], [-91.50866277512227, 41.90153150002556]]}}, {"id": "24947", "type": "Feature", "properties": {}, "geometry": {"type": "LineString", "coordinates": [[-91.50866277512227, 41.90153150002556], [-91.50163857303127, 41.90021283358504]]}}, {"id": "24948", "type": "Feature", "properties": {}, "geometry": {"type": "LineString", "coordinates": [[-91.49764723874799, 41.90012710052549], [-91.48964383616637, 41.899659634251044]]}}, {"id": "24949", "type": "Feature", "properties": {}, "geometry": {"type": "LineString", "coordinates": [[-91.50163857303127, 41.90021283358504], [-91.49764723874799, 41.90012710052549]]}}, {"id": "24950", "type": "Feature", "properties": {}, "geometry": {"type": "LineString", "coordinates": [[-91.54658105493043, 41.92150403452215], [-91.50995217735522, 41.918355036417374]]}}, {"id": "24970", "type": "Feature", "properties": {}, "geometry": {"type": "LineString", "coordinates": [[-91.56640159744528, 41.95540870560732], [-91.56118639392734, 41.93556450259553]]}}, {"id": "24971", "type": "Feature", "properties": {}, "geometry": {"type": "LineString", "coordinates": [[-91.58054186873814, 41.964014706220425], [-91.56640159744528, 41.95540870560732]]}}, {"id": "24990", "type": "Feature", "properties": {}, "geometry": {"type": "LineString", "coordinates": [[-91.60041567326451, 41.95261290267438], [-91.59208600526664, 41.957429437780064]]}}, {"id": "24991", "type": "Feature", "properties": {}, "geometry": {"type": "LineString", "coordinates": [[-91.63393861496506, 41.94448983320247], [-91.62162441203232, 41.94454230047621]]}}, {"id": "24992", "type": "Feature", "properties": {}, "geometry": {"type": "LineString", "coordinates": [[-91.62162441203232, 41.94454230047621], [-91.60041567326451, 41.95261290267438]]}}, {"id": "24993", "type": "Feature", "properties": {}, "geometry": {"type": "LineString", "coordinates": [[-91.63743448345339, 41.94984283341327], [-91.63393861496506, 41.94448983320247]]}}, {"id": "24994", "type": "Feature", "properties": {}, "geometry": {"type": "LineString", "coordinates": [[-91.59208600526664, 41.957429437780064], [-91.58054186873814, 41.964014706220425]]}}, {"id": "25142", "type": "Feature", "properties": {}, "geometry": {"type": "LineString", "coordinates": [[-91.40165740243222, 41.818088893170916], [-91.39116859951301, 41.813516492955394]]}}, {"id": "25143", "type": "Feature", "properties": {}, "geometry": {"type": "LineString", "coordinates": [[-91.40105900318045, 41.81921509362875], [-91.40165740243222, 41.818088893170916]]}}, {"id": "25152", "type": "Feature", "properties": {}, "geometry": {"type": "LineString", "coordinates": [[-91.2901681294257, 41.41964863434948], [-91.28607406111158, 41.41394996760684]]}}, {"id": "25153", "type": "Feature", "properties": {}, "geometry": {"type": "LineString", "coordinates": [[-91.28607406111158, 41.41394996760684], [-91.28583352731278, 41.41325023407895]]}}, {"id": "25154", "type": "Feature", "properties": {}, "geometry": {"type": "LineString", "coordinates": [[-91.29162086334361, 41.42417883525479], [-91.2901681294257, 41.41964863434948]]}}, {"id": "25155", "type": "Feature", "properties": {}, "geometry": {"type": "LineString", "coordinates": [[-91.2747572594354, 41.43665857188574], [-91.27555946037403, 41.43662223825043]]}}, {"id": "25156", "type": "Feature", "properties": {}, "geometry": {"type": "LineString", "coordinates": [[-91.2766994601988, 41.43568803841964], [-91.27683326066712, 41.435694838406285]]}}, {"id": "25157", "type": "Feature", "properties": {}, "geometry": {"type": "LineString", "coordinates": [[-91.27683326066712, 41.435694838406285], [-91.29162086334361, 41.42417883525479]]}}, {"id": "25158", "type": "Feature", "properties": {}, "geometry": {"type": "LineString", "coordinates": [[-91.27555946037403, 41.43662223825043], [-91.2766994601988, 41.43568803841964]]}}, {"id": "25264", "type": "Feature", "properties": {}, "geometry": {"type": "LineString", "coordinates": [[-91.15718410214973, 41.52398025997573], [-91.16500350460834, 41.52004385851399], [-91.15800170200893, 41.51595199166673]]}}, {"id": "25265", "type": "Feature", "properties": {}, "geometry": {"type": "LineString", "coordinates": [[-91.15800170200893, 41.51595199166673], [-91.15819370162957, 41.51329205772484]]}}, {"id": "25266", "type": "Feature", "properties": {}, "geometry": {"type": "LineString", "coordinates": [[-91.15688290332317, 41.530338861035055], [-91.15718410214973, 41.52398025997573]]}}, {"id": "25267", "type": "Feature", "properties": {}, "geometry": {"type": "LineString", "coordinates": [[-91.14918383468844, 41.53530406233778], [-91.15688290332317, 41.530338861035055]]}}, {"id": "25268", "type": "Feature", "properties": {}, "geometry": {"type": "LineString", "coordinates": [[-91.14873103437792, 41.53480886173318], [-91.14918383468844, 41.53530406233778]]}}, {"id": "25310", "type": "Feature", "properties": {}, "geometry": {"type": "LineString", "coordinates": [[-91.33977451785461, 41.811636829469045], [-91.33854838396712, 41.81186762926155]]}}, {"id": "25311", "type": "Feature", "properties": {}, "geometry": {"type": "LineString", "coordinates": [[-91.34922518720732, 41.81010589517928], [-91.34830538691656, 41.80935202808872]]}}, {"id": "25312", "type": "Feature", "properties": {}, "geometry": {"type": "LineString", "coordinates": [[-91.34830538691656, 41.80935202808872], [-91.33977451785461, 41.811636829469045]]}}, {"id": "25315", "type": "Feature", "properties": {}, "geometry": {"type": "LineString", "coordinates": [[-91.37019499297418, 41.81047562692629], [-91.36518099141864, 41.81070409413621]]}}, {"id": "25317", "type": "Feature", "properties": {}, "geometry": {"type": "LineString", "coordinates": [[-91.38141532996188, 41.81312862699204], [-91.37019499297418, 41.81047562692629]]}}, {"id": "25318", "type": "Feature", "properties": {}, "geometry": {"type": "LineString", "coordinates": [[-91.3819581297858, 41.81343129371255], [-91.38141532996188, 41.81312862699204]]}}, {"id": "25344", "type": "Feature", "properties": {}, "geometry": {"type": "LineString", "coordinates": [[-91.55662545858365, 41.932722902648564], [-91.55610845837472, 41.930847435113364]]}}, {"id": "25510", "type": "Feature", "properties": {}, "geometry": {"type": "LineString", "coordinates": [[-91.36368152534301, 41.81809149545291], [-91.35053098908409, 41.824516430837186], [-91.34484818640964, 41.814497229500056]]}}, {"id": "25511", "type": "Feature", "properties": {}, "geometry": {"type": "LineString", "coordinates": [[-91.36404712529061, 41.817217295482116], [-91.36368152534301, 41.81809149545291]]}}, {"id": "25512", "type": "Feature", "properties": {}, "geometry": {"type": "LineString", "coordinates": [[-91.34484818640964, 41.814497229500056], [-91.3441495199008, 41.813882229363095]]}}, {"id": "25791", "type": "Feature", "properties": {}, "geometry": {"type": "LineString", "coordinates": [[-91.21195491053693, 41.4558620449477], [-91.21196324420782, 41.4558464449144]]}}, {"id": "25792", "type": "Feature", "properties": {}, "geometry": {"type": "LineString", "coordinates": [[-91.20925424421284, 41.46027824591227], [-91.21195491053693, 41.4558620449477]]}}, {"id": "25793", "type": "Feature", "properties": {}, "geometry": {"type": "LineString", "coordinates": [[-91.2101151105294, 41.46042477951882], [-91.20925424421284, 41.46027824591227]]}}, {"id": "25794", "type": "Feature", "properties": {}, "geometry": {"type": "LineString", "coordinates": [[-91.21196324420782, 41.4558464449144], [-91.21214624450593, 41.45587124500008]]}}, {"id": "25842", "type": "Feature", "properties": {}, "geometry": {"type": "LineString", "coordinates": [[-91.33820306708033, 41.33371461786525], [-91.34208946735862, 41.33051341666842]]}}, {"id": "25843", "type": "Feature", "properties": {}, "geometry": {"type": "LineString", "coordinates": [[-91.34208946735862, 41.33051341666842], [-91.34422373242134, 41.30988134634418]]}}, {"id": "25844", "type": "Feature", "properties": {}, "geometry": {"type": "LineString", "coordinates": [[-91.34422373242134, 41.30988134634418], [-91.34520126653712, 41.30943154662266]]}}, {"id": "25845", "type": "Feature", "properties": {}, "geometry": {"type": "LineString", "coordinates": [[-91.33960533364558, 41.333913150610094], [-91.33828213319838, 41.33365515121042]]}}, {"id": "25846", "type": "Feature", "properties": {}, "geometry": {"type": "LineString", "coordinates": [[-91.33828213319838, 41.33365515121042], [-91.33820306708033, 41.33371461786525]]}}, {"id": "25856", "type": "Feature", "properties": {}, "geometry": {"type": "LineString", "coordinates": [[-91.38958679924833, 41.813704626263736], [-91.3819581297858, 41.81343129371255]]}}, {"id": "25857", "type": "Feature", "properties": {}, "geometry": {"type": "LineString", "coordinates": [[-91.36839325997512, 41.8203266291754], [-91.36404712529061, 41.817217295482116]]}}, {"id": "25858", "type": "Feature", "properties": {}, "geometry": {"type": "LineString", "coordinates": [[-91.36404712529061, 41.817217295482116], [-91.3637639915844, 41.81049589392549]]}}, {"id": "25864", "type": "Feature", "properties": {}, "geometry": {"type": "LineString", "coordinates": [[-91.39079853673508, 41.84784109890735], [-91.3936226028331, 41.83814349664265]]}}, {"id": "25865", "type": "Feature", "properties": {}, "geometry": {"type": "LineString", "coordinates": [[-91.3936226028331, 41.83814349664265], [-91.40163560391355, 41.82983942874947]]}}, {"id": "25866", "type": "Feature", "properties": {}, "geometry": {"type": "LineString", "coordinates": [[-91.56118639392734, 41.93556450259553], [-91.55662545858365, 41.932722902648564]]}}, {"id": "25867", "type": "Feature", "properties": {}, "geometry": {"type": "LineString", "coordinates": [[-91.49668943882239, 41.89931510031694], [-91.4868889690913, 41.89738090121104]]}}, {"id": "25868", "type": "Feature", "properties": {}, "geometry": {"type": "LineString", "coordinates": [[-91.49764723874799, 41.90012710052549], [-91.49668943882239, 41.89931510031694]]}}, {"id": "25869", "type": "Feature", "properties": {}, "geometry": {"type": "LineString", "coordinates": [[-91.4868889690913, 41.89738090121104], [-91.48610723536811, 41.897403034318685]]}}, {"id": "25870", "type": "Feature", "properties": {}, "geometry": {"type": "LineString", "coordinates": [[-91.47251342992382, 41.88593489999177], [-91.46721382878664, 41.88296589983287]]}}, {"id": "25871", "type": "Feature", "properties": {}, "geometry": {"type": "LineString", "coordinates": [[-91.46721382878664, 41.88296589983287], [-91.4652073607512, 41.882963633253475]]}}, {"id": "25872", "type": "Feature", "properties": {}, "geometry": {"type": "LineString", "coordinates": [[-91.47746743210324, 41.89064250006962], [-91.47251342992382, 41.88593489999177]]}}, {"id": "25873", "type": "Feature", "properties": {}, "geometry": {"type": "LineString", "coordinates": [[-91.40105900318045, 41.81921509362875], [-91.38958679924833, 41.813704626263736]]}}, {"id": "25880", "type": "Feature", "properties": {}, "geometry": {"type": "LineString", "coordinates": [[-91.5515616571237, 41.9291927019117], [-91.55200225741436, 41.92799983524327]]}}, {"id": "25881", "type": "Feature", "properties": {}, "geometry": {"type": "LineString", "coordinates": [[-91.3819581297858, 41.81343129371255], [-91.38082019698447, 41.81688029414969]]}}, {"id": "25883", "type": "Feature", "properties": {}, "geometry": {"type": "LineString", "coordinates": [[-91.1760791248004, 41.68065061779938], [-91.17616205726743, 41.67944568428123]]}}, {"id": "25884", "type": "Feature", "properties": {}, "geometry": {"type": "LineString", "coordinates": [[-91.17616205726743, 41.67944568428123], [-91.1680575214528, 41.67310161665642]]}}, {"id": "25886", "type": "Feature", "properties": {}, "geometry": {"type": "LineString", "coordinates": [[-91.12565522903874, 41.54064459787523], [-91.13878669855575, 41.5369823965676]]}}, {"id": "25887", "type": "Feature", "properties": {}, "geometry": {"type": "LineString", "coordinates": [[-91.13878669855575, 41.5369823965676], [-91.14873103437792, 41.53480886173318]]}}, {"id": "25888", "type": "Feature", "properties": {}, "geometry": {"type": "LineString", "coordinates": [[-91.14873103437792, 41.53480886173318], [-91.14554143211265, 41.52059739308735], [-91.15819370162957, 41.51329205772484]]}}, {"id": "25889", "type": "Feature", "properties": {}, "geometry": {"type": "LineString", "coordinates": [[-91.21309531101033, 41.455235778525704], [-91.21641151195026, 41.454420244950065]]}}, {"id": "25890", "type": "Feature", "properties": {}, "geometry": {"type": "LineString", "coordinates": [[-91.27159805795603, 41.42842423705196], [-91.27408932519073, 41.42368583616877]]}}, {"id": "25891", "type": "Feature", "properties": {}, "geometry": {"type": "LineString", "coordinates": [[-91.2747572594354, 41.43665857188574], [-91.27159805795603, 41.42842423705196]]}}, {"id": "25892", "type": "Feature", "properties": {}, "geometry": {"type": "LineString", "coordinates": [[-91.21187204454523, 41.45860977900818], [-91.21214624450593, 41.45587124500008]]}}, {"id": "25893", "type": "Feature", "properties": {}, "geometry": {"type": "LineString", "coordinates": [[-91.19471104168413, 41.475078582844404], [-91.21036451249667, 41.47405404840206]]}}, {"id": "25894", "type": "Feature", "properties": {}, "geometry": {"type": "LineString", "coordinates": [[-91.21036451249667, 41.47405404840206], [-91.20648471034413, 41.46451598000643]]}}, {"id": "25895", "type": "Feature", "properties": {}, "geometry": {"type": "LineString", "coordinates": [[-91.2101151105294, 41.46042477951882], [-91.21187204454523, 41.45860977900818]]}}, {"id": "25896", "type": "Feature", "properties": {}, "geometry": {"type": "LineString", "coordinates": [[-91.21214624450593, 41.45587124500008], [-91.21309531101033, 41.455235778525704]]}}, {"id": "25897", "type": "Feature", "properties": {}, "geometry": {"type": "LineString", "coordinates": [[-91.20648471034413, 41.46451598000643], [-91.2101151105294, 41.46042477951882]]}}, {"id": "25898", "type": "Feature", "properties": {}, "geometry": {"type": "LineString", "coordinates": [[-91.10462742264725, 41.543064999083555], [-91.12565522903874, 41.54064459787523]]}}, {"id": "25899", "type": "Feature", "properties": {}, "geometry": {"type": "LineString", "coordinates": [[-91.13814491067575, 41.65372001548136], [-91.13613764313968, 41.65122821495793]]}}, {"id": "25900", "type": "Feature", "properties": {}, "geometry": {"type": "LineString", "coordinates": [[-91.1680575214528, 41.67310161665642], [-91.13814491067575, 41.65372001548136]]}}, {"id": "25901", "type": "Feature", "properties": {}, "geometry": {"type": "LineString", "coordinates": [[-91.38082019698447, 41.81688029414969], [-91.37681999632935, 41.81955549495398]]}}, {"id": "25902", "type": "Feature", "properties": {}, "geometry": {"type": "LineString", "coordinates": [[-91.40163560391355, 41.82983942874947], [-91.40105900318045, 41.81921509362875]]}}, {"id": "25903", "type": "Feature", "properties": {}, "geometry": {"type": "LineString", "coordinates": [[-91.39408213781334, 41.85191823244901], [-91.39079853673508, 41.84784109890735]]}}, {"id": "25904", "type": "Feature", "properties": {}, "geometry": {"type": "LineString", "coordinates": [[-91.55200225741436, 41.92799983524327], [-91.54658105493043, 41.92150403452215]]}}, {"id": "25905", "type": "Feature", "properties": {}, "geometry": {"type": "LineString", "coordinates": [[-91.55662545858365, 41.932722902648564], [-91.5515616571237, 41.9291927019117]]}}, {"id": "25909", "type": "Feature", "properties": {}, "geometry": {"type": "LineString", "coordinates": [[-91.38000912967401, 41.81610202771012], [-91.37019499297418, 41.81047562692629]]}}, {"id": "25910", "type": "Feature", "properties": {}, "geometry": {"type": "LineString", "coordinates": [[-91.38082019698447, 41.81688029414969], [-91.38000912967401, 41.81610202771012]]}}, {"id": "25920", "type": "Feature", "properties": {}, "geometry": {"type": "LineString", "coordinates": [[-91.3940592029258, 41.83849803003161], [-91.39440833675425, 41.83870849703607]]}}, {"id": "25921", "type": "Feature", "properties": {}, "geometry": {"type": "LineString", "coordinates": [[-91.3936226028331, 41.83814349664265], [-91.3940592029258, 41.83849803003161]]}}, {"id": "25922", "type": "Feature", "properties": {}, "geometry": {"type": "LineString", "coordinates": [[-91.39440833675425, 41.83870849703607], [-91.39877273778174, 41.83651769633406]]}}, {"id": "25923", "type": "Feature", "properties": {}, "geometry": {"type": "LineString", "coordinates": [[-93.05071203241525, 42.13286304181809], [-93.04789003154406, 42.12835457458886]]}}, {"id": "25924", "type": "Feature", "properties": {}, "geometry": {"type": "LineString", "coordinates": [[-93.05429483446689, 42.1447153766114], [-93.05071203241525, 42.13286304181809]]}}, {"id": "25925", "type": "Feature", "properties": {}, "geometry": {"type": "LineString", "coordinates": [[-93.04468243422704, 42.162049247009115], [-93.05429483446689, 42.1447153766114]]}}, {"id": "25926", "type": "Feature", "properties": {}, "geometry": {"type": "LineString", "coordinates": [[-93.03999763378208, 42.170418648162595], [-93.04468243422704, 42.162049247009115]]}}, {"id": "25927", "type": "Feature", "properties": {}, "geometry": {"type": "LineString", "coordinates": [[-93.03728003421489, 42.178720649689375], [-93.03999763378208, 42.170418648162595]]}}, {"id": "25928", "type": "Feature", "properties": {}, "geometry": {"type": "LineString", "coordinates": [[-93.03733396816624, 42.18434825096683], [-93.03728003421489, 42.178720649689375]]}}, {"id": "25929", "type": "Feature", "properties": {}, "geometry": {"type": "LineString", "coordinates": [[-93.03670443600164, 42.19464218573961], [-93.03733396816624, 42.18434825096683]]}}, {"id": "25930", "type": "Feature", "properties": {}, "geometry": {"type": "LineString", "coordinates": [[-93.0355897695662, 42.199857053410334], [-93.03670443600164, 42.19464218573961]]}}, {"id": "25931", "type": "Feature", "properties": {}, "geometry": {"type": "LineString", "coordinates": [[-93.03574103597856, 42.2016414538178], [-93.0355897695662, 42.199857053410334]]}}, {"id": "25932", "type": "Feature", "properties": {}, "geometry": {"type": "LineString", "coordinates": [[-93.03456763589318, 42.20463738745814], [-93.03574103597856, 42.2016414538178]]}}, {"id": "25933", "type": "Feature", "properties": {}, "geometry": {"type": "LineString", "coordinates": [[-93.02988536869736, 42.2084310553001], [-93.03456763589318, 42.20463738745814]]}}, {"id": "25934", "type": "Feature", "properties": {}, "geometry": {"type": "LineString", "coordinates": [[-93.03279217053137, 42.21966558961363], [-93.02988536869736, 42.2084310553001]]}}, {"id": "25935", "type": "Feature", "properties": {}, "geometry": {"type": "LineString", "coordinates": [[-93.0408511734392, 42.22282865664146], [-93.03279217053137, 42.21966558961363]]}}, {"id": "25936", "type": "Feature", "properties": {}, "geometry": {"type": "LineString", "coordinates": [[-93.04521044239148, 42.231730591193994], [-93.0408511734392, 42.22282865664146]]}}, {"id": "25937", "type": "Feature", "properties": {}, "geometry": {"type": "LineString", "coordinates": [[-93.04422477492915, 42.23232459130144], [-93.04521044239148, 42.231730591193994]]}}, {"id": "25938", "type": "Feature", "properties": {}, "geometry": {"type": "LineString", "coordinates": [[-93.0430152428064, 42.23927805878947], [-93.04422477492915, 42.23232459130144]]}}, {"id": "25939", "type": "Feature", "properties": {}, "geometry": {"type": "LineString", "coordinates": [[-93.05882144877681, 42.25478339370886], [-93.04463504360422, 42.24870426053916], [-93.0430152428064, 42.23927805878947]]}}, {"id": "25940", "type": "Feature", "properties": {}, "geometry": {"type": "LineString", "coordinates": [[-93.0590858499144, 42.26693059548694], [-93.05882144877681, 42.25478339370886]]}}, {"id": "26590", "type": "Feature", "properties": {}, "geometry": {"type": "LineString", "coordinates": [[-93.03574103597856, 42.2016414538178], [-93.0355897695662, 42.199857053410334]]}}, {"id": "26725", "type": "Feature", "properties": {}, "geometry": {"type": "LineString", "coordinates": [[-93.04789003154406, 42.12835457458886], [-93.0327511597437, 42.12022224111127]]}}, {"id": "26749", "type": "Feature", "properties": {}, "geometry": {"type": "LineString", "coordinates": [[-93.07296405568941, 42.28123506342302], [-93.0690455873521, 42.27574839670141]]}}, {"id": "26750", "type": "Feature", "properties": {}, "geometry": {"type": "LineString", "coordinates": [[-93.0690455873521, 42.27574839670141], [-93.0590858499144, 42.26693059548694]]}}, {"id": "26754", "type": "Feature", "properties": {}, "geometry": {"type": "LineString", "coordinates": [[-93.07791579052103, 42.28580959765637], [-93.07848725738229, 42.285285663817284]]}}, {"id": "26756", "type": "Feature", "properties": {}, "geometry": {"type": "LineString", "coordinates": [[-93.07848725738229, 42.285285663817284], [-93.07760605769928, 42.284460597169556]]}}, {"id": "26758", "type": "Feature", "properties": {}, "geometry": {"type": "LineString", "coordinates": [[-93.07760605769928, 42.284460597169556], [-93.07296405568941, 42.28123506342302]]}}, {"id": "26773", "type": "Feature", "properties": {}, "geometry": {"type": "LineString", "coordinates": [[-91.70453801893284, 41.79348867108441], [-91.68589481381925, 41.80008040658753]]}}, {"id": "26774", "type": "Feature", "properties": {}, "geometry": {"type": "LineString", "coordinates": [[-91.7236852238366, 41.79221520308347], [-91.70453801893284, 41.79348867108441]]}}, {"id": "26775", "type": "Feature", "properties": {}, "geometry": {"type": "LineString", "coordinates": [[-91.73257702609821, 41.78814880168941], [-91.7236852238366, 41.79221520308347]]}}, {"id": "26776", "type": "Feature", "properties": {}, "geometry": {"type": "LineString", "coordinates": [[-91.7490592295913, 41.781917066207164], [-91.73257702609821, 41.78814880168941]]}}, {"id": "26777", "type": "Feature", "properties": {}, "geometry": {"type": "LineString", "coordinates": [[-91.83560705451706, 41.78760186176726], [-91.83102425328103, 41.78476379482449]]}}, {"id": "26778", "type": "Feature", "properties": {}, "geometry": {"type": "LineString", "coordinates": [[-91.84162852295195, 41.78730639466475], [-91.83560705451706, 41.78760186176726]]}}, {"id": "26779", "type": "Feature", "properties": {}, "geometry": {"type": "LineString", "coordinates": [[-91.84330745714998, 41.791286995243944], [-91.84162852295195, 41.78730639466475]]}}, {"id": "26780", "type": "Feature", "properties": {}, "geometry": {"type": "LineString", "coordinates": [[-91.85510572797065, 41.79250199505103], [-91.84330745714998, 41.791286995243944]]}}, {"id": "26781", "type": "Feature", "properties": {}, "geometry": {"type": "LineString", "coordinates": [[-91.85917066212347, 41.79485866158779], [-91.85510572797065, 41.79250199505103]]}}, {"id": "26797", "type": "Feature", "properties": {}, "geometry": {"type": "LineString", "coordinates": [[-91.89670813979448, 41.79407965945464], [-91.85917066212347, 41.79485866158779]]}}, {"id": "26798", "type": "Feature", "properties": {}, "geometry": {"type": "LineString", "coordinates": [[-91.91614947827509, 41.79430305833409], [-91.89670813979448, 41.79407965945464]]}}, {"id": "26799", "type": "Feature", "properties": {}, "geometry": {"type": "LineString", "coordinates": [[-91.92770394812429, 41.79395519054432], [-91.91614947827509, 41.79430305833409]]}}, {"id": "26800", "type": "Feature", "properties": {}, "geometry": {"type": "LineString", "coordinates": [[-91.94898235393732, 41.79648238953723], [-91.92770394812429, 41.79395519054432]]}}, {"id": "26801", "type": "Feature", "properties": {}, "geometry": {"type": "LineString", "coordinates": [[-91.95543175641738, 41.79581478907995], [-91.94898235393732, 41.79648238953723]]}}, {"id": "26802", "type": "Feature", "properties": {}, "geometry": {"type": "LineString", "coordinates": [[-91.96665149243215, 41.79649245526635], [-91.95543175641738, 41.79581478907995]]}}, {"id": "26803", "type": "Feature", "properties": {}, "geometry": {"type": "LineString", "coordinates": [[-91.97912736336995, 41.79860918806436], [-91.96665149243215, 41.79649245526635]]}}, {"id": "26804", "type": "Feature", "properties": {}, "geometry": {"type": "LineString", "coordinates": [[-91.98789349850988, 41.79423165347598], [-91.97912736336995, 41.79860918806436]]}}, {"id": "26805", "type": "Feature", "properties": {}, "geometry": {"type": "LineString", "coordinates": [[-92.00018676800158, 41.790578985645986], [-91.98789349850988, 41.79423165347598]]}}, {"id": "26806", "type": "Feature", "properties": {}, "geometry": {"type": "LineString", "coordinates": [[-92.00560610288804, 41.79403625261729], [-92.00298216885889, 41.79144858553835]]}}, {"id": "26807", "type": "Feature", "properties": {}, "geometry": {"type": "LineString", "coordinates": [[-92.00018730160085, 41.79057625231076], [-92.00018676800158, 41.790578985645986]]}}, {"id": "26808", "type": "Feature", "properties": {}, "geometry": {"type": "LineString", "coordinates": [[-92.00298216885889, 41.79144858553835], [-92.00018730160085, 41.79057625231076]]}}, {"id": "26809", "type": "Feature", "properties": {}, "geometry": {"type": "LineString", "coordinates": [[-92.01131009143016, 41.795349125664465], [-92.00736457122639, 41.8019072534978], [-92.00560610288804, 41.79403625261729]]}}, {"id": "26810", "type": "Feature", "properties": {}, "geometry": {"type": "LineString", "coordinates": [[-92.0132465052465, 41.795073252221876], [-92.01131009143016, 41.795349125664465]]}}, {"id": "26811", "type": "Feature", "properties": {}, "geometry": {"type": "LineString", "coordinates": [[-92.02271910876351, 41.797392452305715], [-92.0132465052465, 41.795073252221876]]}}, {"id": "26812", "type": "Feature", "properties": {}, "geometry": {"type": "LineString", "coordinates": [[-92.02140290798901, 41.79855785251569], [-92.02271910876351, 41.797392452305715]]}}, {"id": "26813", "type": "Feature", "properties": {}, "geometry": {"type": "LineString", "coordinates": [[-92.0255521104037, 41.80396018649525], [-92.02140290798901, 41.79855785251569]]}}, {"id": "26814", "type": "Feature", "properties": {}, "geometry": {"type": "LineString", "coordinates": [[-92.02800650988084, 41.798357585487864], [-92.0255521104037, 41.80396018649525]]}}, {"id": "26815", "type": "Feature", "properties": {}, "geometry": {"type": "LineString", "coordinates": [[-92.03705171295196, 41.801018385356215], [-92.03391177764047, 41.79463378454482], [-92.02800650988084, 41.798357585487864]]}}, {"id": "26816", "type": "Feature", "properties": {}, "geometry": {"type": "LineString", "coordinates": [[-92.05278811802816, 41.80834945191778], [-92.0404245436874, 41.80459104016834]]}}, {"id": "26817", "type": "Feature", "properties": {}, "geometry": {"type": "LineString", "coordinates": [[-92.0404245436874, 41.80459104016834], [-92.03705171295196, 41.801018385356215]]}}, {"id": "26818", "type": "Feature", "properties": {}, "geometry": {"type": "LineString", "coordinates": [[-92.05566038592772, 41.8098838523612], [-92.05278811802816, 41.80834945191778]]}}, {"id": "26819", "type": "Feature", "properties": {}, "geometry": {"type": "LineString", "coordinates": [[-92.07981539221494, 41.8103760507786], [-92.05566038592772, 41.8098838523612]]}}, {"id": "26820", "type": "Feature", "properties": {}, "geometry": {"type": "LineString", "coordinates": [[-92.08290059407449, 41.81506678443386], [-92.07981539221494, 41.8103760507786]]}}, {"id": "26821", "type": "Feature", "properties": {}, "geometry": {"type": "LineString", "coordinates": [[-92.09571453069812, 41.81193658334115], [-92.08290059407449, 41.81506678443386]]}}, {"id": "26822", "type": "Feature", "properties": {}, "geometry": {"type": "LineString", "coordinates": [[-92.10522253412552, 41.81710858386254], [-92.10421559904883, 41.81054298225041], [-92.09571453069812, 41.81193658334115]]}}, {"id": "26823", "type": "Feature", "properties": {}, "geometry": {"type": "LineString", "coordinates": [[-92.10769913456662, 41.818298383562315], [-92.10522253412552, 41.81710858386254]]}}, {"id": "26824", "type": "Feature", "properties": {}, "geometry": {"type": "LineString", "coordinates": [[-92.11298980285662, 41.81717818304713], [-92.10769913456662, 41.818298383562315]]}}, {"id": "26825", "type": "Feature", "properties": {}, "geometry": {"type": "LineString", "coordinates": [[-92.12262273858386, 41.815851848905204], [-92.11298980285662, 41.81717818304713]]}}, {"id": "26826", "type": "Feature", "properties": {}, "geometry": {"type": "LineString", "coordinates": [[-92.12424320593162, 41.82271465030884], [-92.12262273858386, 41.815851848905204]]}}, {"id": "26827", "type": "Feature", "properties": {}, "geometry": {"type": "LineString", "coordinates": [[-92.12461013987742, 41.82779318423095], [-92.12424320593162, 41.82271465030884]]}}, {"id": "26828", "type": "Feature", "properties": {}, "geometry": {"type": "LineString", "coordinates": [[-92.1429616126109, 41.82934718311457], [-92.13240980994247, 41.83387785150275], [-92.12461013987742, 41.82779318423095]]}}, {"id": "26829", "type": "Feature", "properties": {}, "geometry": {"type": "LineString", "coordinates": [[-92.14540861266508, 41.82968984991636], [-92.1429616126109, 41.82934718311457]]}}, {"id": "26830", "type": "Feature", "properties": {}, "geometry": {"type": "LineString", "coordinates": [[-92.15633054997664, 41.83540638364314], [-92.14540861266508, 41.82968984991636]]}}, {"id": "26831", "type": "Feature", "properties": {}, "geometry": {"type": "LineString", "coordinates": [[-92.16566015248019, 41.83526604952685], [-92.15633054997664, 41.83540638364314]]}}, {"id": "26832", "type": "Feature", "properties": {}, "geometry": {"type": "LineString", "coordinates": [[-92.17294182161311, 41.83750504915661], [-92.16566015248019, 41.83526604952685]]}}, {"id": "26833", "type": "Feature", "properties": {}, "geometry": {"type": "LineString", "coordinates": [[-92.18337515805513, 41.83978784893696], [-92.17294182161311, 41.83750504915661]]}}, {"id": "26834", "type": "Feature", "properties": {}, "geometry": {"type": "LineString", "coordinates": [[-92.1925807607101, 41.8374951812856], [-92.18337515805513, 41.83978784893696]]}}, {"id": "26835", "type": "Feature", "properties": {}, "geometry": {"type": "LineString", "coordinates": [[-92.2017906294644, 41.83954804784986], [-92.1925807607101, 41.8374951812856]]}}, {"id": "26836", "type": "Feature", "properties": {}, "geometry": {"type": "LineString", "coordinates": [[-92.2031978304755, 41.83952424765557], [-92.2017906294644, 41.83954804784986]]}}, {"id": "26837", "type": "Feature", "properties": {}, "geometry": {"type": "LineString", "coordinates": [[-92.22501603663771, 41.84385378043987], [-92.21258496558144, 41.8362003801279], [-92.2031978304755, 41.83952424765557]]}}, {"id": "26838", "type": "Feature", "properties": {}, "geometry": {"type": "LineString", "coordinates": [[-92.23302337204366, 41.83895097899962], [-92.22501603663771, 41.84385378043987]]}}, {"id": "26839", "type": "Feature", "properties": {}, "geometry": {"type": "LineString", "coordinates": [[-92.26596004893528, 41.852625579542774], [-92.26561304950397, 41.8586873806152], [-92.25830958005577, 41.85321277979916]]}}, {"id": "26840", "type": "Feature", "properties": {}, "geometry": {"type": "LineString", "coordinates": [[-92.27262605140002, 41.85528524638156], [-92.26596004893528, 41.852625579542774]]}}, {"id": "26848", "type": "Feature", "properties": {}, "geometry": {"type": "LineString", "coordinates": [[-92.29705146316417, 41.89897525167068], [-92.29619486294689, 41.898402784695364]]}}, {"id": "26851", "type": "Feature", "properties": {}, "geometry": {"type": "LineString", "coordinates": [[-92.32487486837316, 41.87336924606232], [-92.29601825955191, 41.86813724672377]]}}, {"id": "26852", "type": "Feature", "properties": {}, "geometry": {"type": "LineString", "coordinates": [[-92.33995660732144, 41.88714658069603], [-92.33750820589545, 41.88591038006854]]}}, {"id": "26853", "type": "Feature", "properties": {}, "geometry": {"type": "LineString", "coordinates": [[-92.34549727495839, 41.888474980369935], [-92.33995660732144, 41.88714658069603]]}}, {"id": "26854", "type": "Feature", "properties": {}, "geometry": {"type": "LineString", "coordinates": [[-92.35021081071264, 41.891495780696985], [-92.34549727495839, 41.888474980369935]]}}, {"id": "26855", "type": "Feature", "properties": {}, "geometry": {"type": "LineString", "coordinates": [[-92.30690240024792, 41.90691958585491], [-92.3006315972194, 41.90101358495304]]}}, {"id": "26856", "type": "Feature", "properties": {}, "geometry": {"type": "LineString", "coordinates": [[-92.31072026895151, 41.916804387229604], [-92.30690240024792, 41.90691958585491]]}}, {"id": "26857", "type": "Feature", "properties": {}, "geometry": {"type": "LineString", "coordinates": [[-92.3087578021953, 41.91899925401934], [-92.31072026895151, 41.916804387229604]]}}, {"id": "26858", "type": "Feature", "properties": {}, "geometry": {"type": "LineString", "coordinates": [[-92.30881820222007, 41.919662787821075], [-92.3087578021953, 41.91899925401934]]}}, {"id": "26859", "type": "Feature", "properties": {}, "geometry": {"type": "LineString", "coordinates": [[-92.30574746862649, 41.92670678857579], [-92.30881820222007, 41.919662787821075]]}}, {"id": "26860", "type": "Feature", "properties": {}, "geometry": {"type": "LineString", "coordinates": [[-92.30760720314848, 41.934943256639485], [-92.30574746862649, 41.92670678857579]]}}, {"id": "26861", "type": "Feature", "properties": {}, "geometry": {"type": "LineString", "coordinates": [[-92.30729440347834, 41.94098239108043], [-92.30760720314848, 41.934943256639485]]}}, {"id": "26862", "type": "Feature", "properties": {}, "geometry": {"type": "LineString", "coordinates": [[-92.30683387046984, 41.94178285818322], [-92.30729440347834, 41.94098239108043]]}}, {"id": "26863", "type": "Feature", "properties": {}, "geometry": {"type": "LineString", "coordinates": [[-92.30593680474229, 41.94937719241332], [-92.30683387046984, 41.94178285818322]]}}, {"id": "26864", "type": "Feature", "properties": {}, "geometry": {"type": "LineString", "coordinates": [[-92.3057488044213, 41.9530828598231], [-92.30593680474229, 41.94937719241332]]}}, {"id": "26865", "type": "Feature", "properties": {}, "geometry": {"type": "LineString", "coordinates": [[-92.31288007401608, 41.962374861111165], [-92.3057488044213, 41.9530828598231]]}}, {"id": "26866", "type": "Feature", "properties": {}, "geometry": {"type": "LineString", "coordinates": [[-92.31382727471964, 41.965349194348484], [-92.31288007401608, 41.962374861111165]]}}, {"id": "26867", "type": "Feature", "properties": {}, "geometry": {"type": "LineString", "coordinates": [[-92.31936307797932, 41.97884886314151], [-92.31382727471964, 41.965349194348484]]}}, {"id": "26868", "type": "Feature", "properties": {}, "geometry": {"type": "LineString", "coordinates": [[-92.3288010146112, 41.9851897965283], [-92.31936307797932, 41.97884886314151]]}}, {"id": "26869", "type": "Feature", "properties": {}, "geometry": {"type": "LineString", "coordinates": [[-92.33720408305263, 41.982356462579126], [-92.3288010146112, 41.9851897965283]]}}, {"id": "26870", "type": "Feature", "properties": {}, "geometry": {"type": "LineString", "coordinates": [[-92.34302302001849, 41.994436864132076], [-92.33720408305263, 41.982356462579126]]}}, {"id": "26871", "type": "Feature", "properties": {}, "geometry": {"type": "LineString", "coordinates": [[-92.34596422103971, 42.00001366499511], [-92.34302302001849, 41.994436864132076]]}}, {"id": "26872", "type": "Feature", "properties": {}, "geometry": {"type": "LineString", "coordinates": [[-92.34596708756378, 42.000012265083605], [-92.34596422103971, 42.00001366499511]]}}, {"id": "26873", "type": "Feature", "properties": {}, "geometry": {"type": "LineString", "coordinates": [[-92.34833002237534, 42.0038919986329], [-92.34596708756378, 42.000012265083605]]}}, {"id": "26874", "type": "Feature", "properties": {}, "geometry": {"type": "LineString", "coordinates": [[-92.35789489365179, 42.020090000443815], [-92.34833002237534, 42.0038919986329]]}}, {"id": "26875", "type": "Feature", "properties": {}, "geometry": {"type": "LineString", "coordinates": [[-92.35896682812752, 42.026175201689696], [-92.35789489365179, 42.020090000443815]]}}, {"id": "26876", "type": "Feature", "properties": {}, "geometry": {"type": "LineString", "coordinates": [[-92.3581074278615, 42.027639201730906], [-92.35896682812752, 42.026175201689696]]}}, {"id": "26877", "type": "Feature", "properties": {}, "geometry": {"type": "LineString", "coordinates": [[-92.35356342755755, 42.03708626991515], [-92.3581074278615, 42.027639201730906]]}}, {"id": "26943", "type": "Feature", "properties": {}, "geometry": {"type": "LineString", "coordinates": [[-92.3006315972194, 41.90101358495304], [-92.29928686325651, 41.89872518489216]]}}, {"id": "26944", "type": "Feature", "properties": {}, "geometry": {"type": "LineString", "coordinates": [[-92.29928686325651, 41.89872518489216], [-92.29889166292199, 41.89634578455006]]}}, {"id": "26945", "type": "Feature", "properties": {}, "geometry": {"type": "LineString", "coordinates": [[-92.29889166292199, 41.89634578455006], [-92.2989851964077, 41.89506465092629]]}}, {"id": "26946", "type": "Feature", "properties": {}, "geometry": {"type": "LineString", "coordinates": [[-92.2989851964077, 41.89506465092629], [-92.30597826378927, 41.883905581677986]]}}, {"id": "26947", "type": "Feature", "properties": {}, "geometry": {"type": "LineString", "coordinates": [[-92.30597826378927, 41.883905581677986], [-92.3069588638551, 41.88301398152706]]}}, {"id": "26948", "type": "Feature", "properties": {}, "geometry": {"type": "LineString", "coordinates": [[-92.3069588638551, 41.88301398152706], [-92.30943999809342, 41.88164284785129]]}}, {"id": "26949", "type": "Feature", "properties": {}, "geometry": {"type": "LineString", "coordinates": [[-92.30943999809342, 41.88164284785129], [-92.29589245947955, 41.870836647195254]]}}, {"id": "26950", "type": "Feature", "properties": {}, "geometry": {"type": "LineString", "coordinates": [[-92.29589245947955, 41.870836647195254], [-92.29601825955191, 41.86813724672377]]}}, {"id": "26954", "type": "Feature", "properties": {}, "geometry": {"type": "LineString", "coordinates": [[-92.37127448324016, 41.897949580095414], [-92.36735528277589, 41.8971944468097]]}}, {"id": "26955", "type": "Feature", "properties": {}, "geometry": {"type": "LineString", "coordinates": [[-92.37926628587653, 41.90058037993568], [-92.37127448324016, 41.897949580095414]]}}, {"id": "26956", "type": "Feature", "properties": {}, "geometry": {"type": "LineString", "coordinates": [[-92.38695288859006, 41.90478904727332], [-92.37926628587653, 41.90058037993568]]}}, {"id": "26957", "type": "Feature", "properties": {}, "geometry": {"type": "LineString", "coordinates": [[-92.40171529352283, 41.910276980339056], [-92.38695288859006, 41.90478904727332]]}}, {"id": "26958", "type": "Feature", "properties": {}, "geometry": {"type": "LineString", "coordinates": [[-92.42076869903956, 41.916081646482255], [-92.40171529352283, 41.910276980339056]]}}, {"id": "26959", "type": "Feature", "properties": {}, "geometry": {"type": "LineString", "coordinates": [[-92.43203883593166, 41.914704178932936], [-92.42076869903956, 41.916081646482255]]}}, {"id": "26960", "type": "Feature", "properties": {}, "geometry": {"type": "LineString", "coordinates": [[-92.43728570506336, 41.924721247254936], [-92.43203883593166, 41.914704178932936]]}}, {"id": "26961", "type": "Feature", "properties": {}, "geometry": {"type": "LineString", "coordinates": [[-92.44142190616093, 41.925588380056716], [-92.43728570506336, 41.924721247254936]]}}, {"id": "26962", "type": "Feature", "properties": {}, "geometry": {"type": "LineString", "coordinates": [[-92.44145463987158, 41.927441380275596], [-92.44142190616093, 41.925588380056716]]}}, {"id": "26963", "type": "Feature", "properties": {}, "geometry": {"type": "LineString", "coordinates": [[-92.51049086026062, 41.9345840442597], [-92.48960312098485, 41.940100179642826], [-92.4631981744741, 41.93417238483383]]}}, {"id": "26964", "type": "Feature", "properties": {}, "geometry": {"type": "LineString", "coordinates": [[-92.4631981744741, 41.93417238483383], [-92.46052559487568, 41.93395234033993]]}}, {"id": "26965", "type": "Feature", "properties": {}, "geometry": {"type": "LineString", "coordinates": [[-92.46052559487568, 41.93395234033993], [-92.45542291073698, 41.92683777972156], [-92.44145463987158, 41.927441380275596]]}}, {"id": "26966", "type": "Feature", "properties": {}, "geometry": {"type": "LineString", "coordinates": [[-92.51124512709568, 41.941081778647806], [-92.50272945842664, 41.939814778696075], [-92.51049086026062, 41.9345840442597]]}}, {"id": "26967", "type": "Feature", "properties": {}, "geometry": {"type": "LineString", "coordinates": [[-92.52073973035398, 41.94360724466848], [-92.51124512709568, 41.941081778647806]]}}, {"id": "26968", "type": "Feature", "properties": {}, "geometry": {"type": "LineString", "coordinates": [[-92.5271776649411, 41.94162277732669], [-92.52073973035398, 41.94360724466848]]}}, {"id": "26969", "type": "Feature", "properties": {}, "geometry": {"type": "LineString", "coordinates": [[-92.53226566701483, 41.940597443542266], [-92.5271776649411, 41.94162277732669]]}}, {"id": "26970", "type": "Feature", "properties": {}, "geometry": {"type": "LineString", "coordinates": [[-92.53428533399673, 41.94242924401502], [-92.53226566701483, 41.940597443542266]]}}, {"id": "26971", "type": "Feature", "properties": {}, "geometry": {"type": "LineString", "coordinates": [[-92.54274613626315, 41.9395073762438], [-92.53428533399673, 41.94242924401502]]}}, {"id": "26972", "type": "Feature", "properties": {}, "geometry": {"type": "LineString", "coordinates": [[-92.54684967102374, 41.94134044285234], [-92.54274613626315, 41.9395073762438]]}}, {"id": "26973", "type": "Feature", "properties": {}, "geometry": {"type": "LineString", "coordinates": [[-92.55337153969943, 41.94562264299216], [-92.54684967102374, 41.94134044285234]]}}, {"id": "26974", "type": "Feature", "properties": {}, "geometry": {"type": "LineString", "coordinates": [[-92.56136514255964, 41.94979084351989], [-92.55337153969943, 41.94562264299216]]}}, {"id": "26975", "type": "Feature", "properties": {}, "geometry": {"type": "LineString", "coordinates": [[-92.5621896765145, 41.95285684387788], [-92.56136514255964, 41.94979084351989]]}}, {"id": "26976", "type": "Feature", "properties": {}, "geometry": {"type": "LineString", "coordinates": [[-92.56853087871522, 41.955834177314834], [-92.5621896765145, 41.95285684387788]]}}, {"id": "26977", "type": "Feature", "properties": {}, "geometry": {"type": "LineString", "coordinates": [[-92.57340654600523, 41.952565176695764], [-92.56889914486257, 41.955148043561266]]}}, {"id": "26978", "type": "Feature", "properties": {}, "geometry": {"type": "LineString", "coordinates": [[-92.56885454530536, 41.955218177278574], [-92.56853087871522, 41.955834177314834]]}}, {"id": "26979", "type": "Feature", "properties": {}, "geometry": {"type": "LineString", "coordinates": [[-92.56889914486257, 41.955148043561266], [-92.56885454530536, 41.955218177278574]]}}, {"id": "26980", "type": "Feature", "properties": {}, "geometry": {"type": "LineString", "coordinates": [[-92.57910648134879, 41.95309364247746], [-92.57340654600523, 41.952565176695764]]}}, {"id": "26981", "type": "Feature", "properties": {}, "geometry": {"type": "LineString", "coordinates": [[-92.58495874940496, 41.955109042866674], [-92.57910648134879, 41.95309364247746]]}}, {"id": "26982", "type": "Feature", "properties": {}, "geometry": {"type": "LineString", "coordinates": [[-92.59565075393643, 41.96412584327222], [-92.58495874940496, 41.955109042866674]]}}, {"id": "27017", "type": "Feature", "properties": {}, "geometry": {"type": "LineString", "coordinates": [[-92.6351630987078, 41.97483564277285], [-92.59565075393643, 41.96412584327222]]}}, {"id": "27018", "type": "Feature", "properties": {}, "geometry": {"type": "LineString", "coordinates": [[-92.6452195020566, 41.97703044259439], [-92.6351630987078, 41.97483564277285]]}}, {"id": "27019", "type": "Feature", "properties": {}, "geometry": {"type": "LineString", "coordinates": [[-92.6530690376031, 41.9793165760001], [-92.6452195020566, 41.97703044259439]]}}, {"id": "27020", "type": "Feature", "properties": {}, "geometry": {"type": "LineString", "coordinates": [[-92.66217204007624, 41.974326974654375], [-92.6530690376031, 41.9793165760001]]}}, {"id": "27021", "type": "Feature", "properties": {}, "geometry": {"type": "LineString", "coordinates": [[-92.66303044051735, 41.974326640730546], [-92.66217204007624, 41.974326974654375]]}}, {"id": "27022", "type": "Feature", "properties": {}, "geometry": {"type": "LineString", "coordinates": [[-92.66499290727356, 41.97503517436917], [-92.66303044051735, 41.974326640730546]]}}, {"id": "27023", "type": "Feature", "properties": {}, "geometry": {"type": "LineString", "coordinates": [[-92.67207584301447, 41.9762220408955], [-92.66499290727356, 41.97503517436917]]}}, {"id": "27024", "type": "Feature", "properties": {}, "geometry": {"type": "LineString", "coordinates": [[-92.67750584449664, 41.98065777464732], [-92.67207584301447, 41.9762220408955]]}}, {"id": "27025", "type": "Feature", "properties": {}, "geometry": {"type": "LineString", "coordinates": [[-92.68673624784, 41.9822317743321], [-92.67750584449664, 41.98065777464732]]}}, {"id": "27026", "type": "Feature", "properties": {}, "geometry": {"type": "LineString", "coordinates": [[-92.70259471959027, 41.98778137387768], [-92.68673624784, 41.9822317743321]]}}, {"id": "27027", "type": "Feature", "properties": {}, "geometry": {"type": "LineString", "coordinates": [[-92.70459272010586, 41.99171477425939], [-92.70259471959027, 41.98778137387768]]}}, {"id": "27028", "type": "Feature", "properties": {}, "geometry": {"type": "LineString", "coordinates": [[-92.70377065382306, 41.99647377512995], [-92.70459272010586, 41.99171477425939]]}}, {"id": "27029", "type": "Feature", "properties": {}, "geometry": {"type": "LineString", "coordinates": [[-92.70417545445302, 42.00001137586942], [-92.70417372070453, 42.0000131756603]]}}, {"id": "27030", "type": "Feature", "properties": {}, "geometry": {"type": "LineString", "coordinates": [[-92.70673225558434, 42.007291043610174], [-92.70417545445302, 42.00001137586942]]}}, {"id": "27031", "type": "Feature", "properties": {}, "geometry": {"type": "LineString", "coordinates": [[-92.70417372070453, 42.0000131756603], [-92.70377065382306, 41.99647377512995]]}}, {"id": "27032", "type": "Feature", "properties": {}, "geometry": {"type": "LineString", "coordinates": [[-92.72459246124853, 42.012721443406626], [-92.71529052505909, 42.00765064320045]]}}, {"id": "27033", "type": "Feature", "properties": {}, "geometry": {"type": "LineString", "coordinates": [[-92.74729053399388, 42.01169277504982], [-92.72459246124853, 42.012721443406626]]}}, {"id": "27034", "type": "Feature", "properties": {}, "geometry": {"type": "LineString", "coordinates": [[-92.76692207546452, 42.03149357706669], [-92.74729053399388, 42.01169277504982]]}}, {"id": "27035", "type": "Feature", "properties": {}, "geometry": {"type": "LineString", "coordinates": [[-92.77765614540577, 42.035049043267946], [-92.76692207546452, 42.03149357706669]]}}, {"id": "27036", "type": "Feature", "properties": {}, "geometry": {"type": "LineString", "coordinates": [[-92.7880986805963, 42.0281944419051], [-92.77765614540577, 42.035049043267946]]}}, {"id": "27037", "type": "Feature", "properties": {}, "geometry": {"type": "LineString", "coordinates": [[-92.78764188098613, 42.02572337476731], [-92.7880986805963, 42.0281944419051]]}}, {"id": "27038", "type": "Feature", "properties": {}, "geometry": {"type": "LineString", "coordinates": [[-92.82083668967296, 42.02860337331768], [-92.78764188098613, 42.02572337476731]]}}, {"id": "27039", "type": "Feature", "properties": {}, "geometry": {"type": "LineString", "coordinates": [[-92.82276835768967, 42.030365840119856], [-92.82083668967296, 42.02860337331768]]}}, {"id": "27040", "type": "Feature", "properties": {}, "geometry": {"type": "LineString", "coordinates": [[-92.83579989591951, 42.04530944114196], [-92.82958195874546, 42.02782923915324], [-92.82276835768967, 42.030365840119856]]}}, {"id": "27041", "type": "Feature", "properties": {}, "geometry": {"type": "LineString", "coordinates": [[-92.86857670682656, 42.05732617483685], [-92.83579989591951, 42.04530944114196]]}}, {"id": "27042", "type": "Feature", "properties": {}, "geometry": {"type": "LineString", "coordinates": [[-92.87121637484792, 42.061512574997785], [-92.86857670682656, 42.05732617483685]]}}, {"id": "27043", "type": "Feature", "properties": {}, "geometry": {"type": "LineString", "coordinates": [[-92.88914631403266, 42.06965597522107], [-92.87121637484792, 42.061512574997785]]}}, {"id": "27044", "type": "Feature", "properties": {}, "geometry": {"type": "LineString", "coordinates": [[-92.90480551789335, 42.071711841542566], [-92.88914631403266, 42.06965597522107]]}}, {"id": "27045", "type": "Feature", "properties": {}, "geometry": {"type": "LineString", "coordinates": [[-92.90314591723687, 42.06809777448735], [-92.90480551789335, 42.071711841542566]]}}, {"id": "27046", "type": "Feature", "properties": {}, "geometry": {"type": "LineString", "coordinates": [[-92.92693418990258, 42.060997571524865], [-92.90314591723687, 42.06809777448735]]}}, {"id": "27062", "type": "Feature", "properties": {}, "geometry": {"type": "LineString", "coordinates": [[-92.92877272328558, 42.05706183744891], [-92.92693418990258, 42.060997571524865]]}}, {"id": "27063", "type": "Feature", "properties": {}, "geometry": {"type": "LineString", "coordinates": [[-92.93939599322304, 42.05920683694875], [-92.92877272328558, 42.05706183744891]]}}, {"id": "27064", "type": "Feature", "properties": {}, "geometry": {"type": "LineString", "coordinates": [[-92.95619999930204, 42.068941637918975], [-92.93939599322304, 42.05920683694875]]}}, {"id": "27065", "type": "Feature", "properties": {}, "geometry": {"type": "LineString", "coordinates": [[-92.95736839936454, 42.07029057109079], [-92.95619999930204, 42.068941637918975]]}}, {"id": "27066", "type": "Feature", "properties": {}, "geometry": {"type": "LineString", "coordinates": [[-92.98163234254963, 42.0936504400671], [-92.95736839936454, 42.07029057109079]]}}, {"id": "27067", "type": "Feature", "properties": {}, "geometry": {"type": "LineString", "coordinates": [[-92.98547174297225, 42.093715439709975], [-92.98163234254963, 42.0936504400671]]}}, {"id": "27068", "type": "Feature", "properties": {}, "geometry": {"type": "LineString", "coordinates": [[-93.00278494739194, 42.0917586386414], [-93.00020781379247, 42.091847371683215]]}}, {"id": "27069", "type": "Feature", "properties": {}, "geometry": {"type": "LineString", "coordinates": [[-93.00020781379247, 42.091847371683215], [-92.98547174297225, 42.093715439709975]]}}, {"id": "27070", "type": "Feature", "properties": {}, "geometry": {"type": "LineString", "coordinates": [[-93.01024021685183, 42.096250171852525], [-93.00278494739194, 42.0917586386414]]}}, {"id": "27071", "type": "Feature", "properties": {}, "geometry": {"type": "LineString", "coordinates": [[-93.01483741898016, 42.102156772672835], [-93.01024021685183, 42.096250171852525]]}}, {"id": "27072", "type": "Feature", "properties": {}, "geometry": {"type": "LineString", "coordinates": [[-93.02338955565645, 42.113740173680895], [-93.01483741898016, 42.102156772672835]]}}, {"id": "27106", "type": "Feature", "properties": {}, "geometry": {"type": "LineString", "coordinates": [[-92.82801889194772, 42.02542657197034], [-92.82083668967296, 42.02860337331768]]}}, {"id": "27107", "type": "Feature", "properties": {}, "geometry": {"type": "LineString", "coordinates": [[-92.84517609493518, 42.01152323574346], [-92.82801889194772, 42.02542657197034]]}}, {"id": "27108", "type": "Feature", "properties": {}, "geometry": {"type": "LineString", "coordinates": [[-92.85100489630119, 42.01012903467269], [-92.84517609493518, 42.01152323574346]]}}, {"id": "27109", "type": "Feature", "properties": {}, "geometry": {"type": "LineString", "coordinates": [[-92.84953536119252, 42.00000743315219], [-92.84953596126714, 42.000006166756194]]}}, {"id": "27110", "type": "Feature", "properties": {}, "geometry": {"type": "LineString", "coordinates": [[-92.84953596126714, 42.000006166756194], [-92.85100489630119, 42.01012903467269]]}}, {"id": "27111", "type": "Feature", "properties": {}, "geometry": {"type": "LineString", "coordinates": [[-92.85128389506214, 41.998761966235406], [-92.84953536119252, 42.00000743315219]]}}, {"id": "27183", "type": "Feature", "properties": {}, "geometry": {"type": "LineString", "coordinates": [[-92.29601825955191, 41.86813724672377], [-92.29222765831047, 41.86470317966395]]}}, {"id": "27374", "type": "Feature", "properties": {}, "geometry": {"type": "LineString", "coordinates": [[-92.6452195020566, 41.97703044259439], [-92.63062442900674, 41.95758684025612]]}}, {"id": "27568", "type": "Feature", "properties": {}, "geometry": {"type": "LineString", "coordinates": [[-92.33750820589545, 41.88591038006854], [-92.33588667224743, 41.88435424720118]]}}, {"id": "27941", "type": "Feature", "properties": {}, "geometry": {"type": "LineString", "coordinates": [[-92.33995660732144, 41.88714658069603], [-92.33750820589545, 41.88591038006854]]}}, {"id": "28400", "type": "Feature", "properties": {}, "geometry": {"type": "LineString", "coordinates": [[-92.71352965732063, 42.00000964216871], [-92.7135278570968, 42.00001124168617]]}}, {"id": "28401", "type": "Feature", "properties": {}, "geometry": {"type": "LineString", "coordinates": [[-92.7139354577755, 42.003716842553715], [-92.71352965732063, 42.00000964216871]]}}, {"id": "28402", "type": "Feature", "properties": {}, "geometry": {"type": "LineString", "coordinates": [[-92.7135278570968, 42.00001124168617], [-92.70377065382306, 41.99647377512995]]}}, {"id": "28415", "type": "Feature", "properties": {}, "geometry": {"type": "LineString", "coordinates": [[-92.68673624784, 41.9822317743321], [-92.6832953122296, 41.97479863962437], [-92.67207584301447, 41.9762220408955]]}}, {"id": "28416", "type": "Feature", "properties": {}, "geometry": {"type": "LineString", "coordinates": [[-92.66499290727356, 41.97503517436917], [-92.66303044051735, 41.974326640730546]]}}, {"id": "28458", "type": "Feature", "properties": {}, "geometry": {"type": "LineString", "coordinates": [[-92.57340654600523, 41.952565176695764], [-92.56795567755734, 41.94787277585366]]}}, {"id": "28459", "type": "Feature", "properties": {}, "geometry": {"type": "LineString", "coordinates": [[-92.56795567755734, 41.94787277585366], [-92.56262594243393, 41.94542217606991]]}}, {"id": "28468", "type": "Feature", "properties": {}, "geometry": {"type": "LineString", "coordinates": [[-92.56795567755734, 41.94787277585366], [-92.56136514255964, 41.94979084351989]]}}, {"id": "28472", "type": "Feature", "properties": {}, "geometry": {"type": "LineString", "coordinates": [[-92.53226566701483, 41.940597443542266], [-92.5306437327182, 41.939154976644275]]}}, {"id": "28473", "type": "Feature", "properties": {}, "geometry": {"type": "LineString", "coordinates": [[-92.5306437327182, 41.939154976644275], [-92.52978753225122, 41.93801037666066]]}}, {"id": "28482", "type": "Feature", "properties": {}, "geometry": {"type": "LineString", "coordinates": [[-92.5306437327182, 41.939154976644275], [-92.52757666514927, 41.94114257711496]]}}, {"id": "28483", "type": "Feature", "properties": {}, "geometry": {"type": "LineString", "coordinates": [[-92.52757666514927, 41.94114257711496], [-92.52073973035398, 41.94360724466848]]}}, {"id": "28484", "type": "Feature", "properties": {}, "geometry": {"type": "LineString", "coordinates": [[-92.52757666514927, 41.94114257711496], [-92.5271776649411, 41.94162277732669]]}}, {"id": "28486", "type": "Feature", "properties": {}, "geometry": {"type": "LineString", "coordinates": [[-92.44145463987158, 41.927441380275596], [-92.44142190616093, 41.925588380056716]]}}, {"id": "28545", "type": "Feature", "properties": {}, "geometry": {"type": "LineString", "coordinates": [[-92.38695288859006, 41.90478904727332], [-92.3882388224277, 41.90293597962487]]}}, {"id": "28556", "type": "Feature", "properties": {}, "geometry": {"type": "LineString", "coordinates": [[-92.36735528277589, 41.8971944468097], [-92.36111028026065, 41.89158904637629]]}}, {"id": "28557", "type": "Feature", "properties": {}, "geometry": {"type": "LineString", "coordinates": [[-92.36111028026065, 41.89158904637629], [-92.35694641195063, 41.89158858028226]]}}, {"id": "28558", "type": "Feature", "properties": {}, "geometry": {"type": "LineString", "coordinates": [[-92.36111028026065, 41.89158904637629], [-92.35694641195063, 41.89158858028226]]}}, {"id": "28679", "type": "Feature", "properties": {}, "geometry": {"type": "LineString", "coordinates": [[-92.29222765831047, 41.86470317966395], [-92.28889525625439, 41.86220724642641]]}}, {"id": "28680", "type": "Feature", "properties": {}, "geometry": {"type": "LineString", "coordinates": [[-92.28889525625439, 41.86220724642641], [-92.2786476536839, 41.85945397961841]]}}, {"id": "28685", "type": "Feature", "properties": {}, "geometry": {"type": "LineString", "coordinates": [[-92.30597826378927, 41.883905581677986], [-92.3069588638551, 41.88301398152706]]}}, {"id": "28686", "type": "Feature", "properties": {}, "geometry": {"type": "LineString", "coordinates": [[-92.29928686325651, 41.89872518489216], [-92.29705146316417, 41.89897525167068]]}}, {"id": "28687", "type": "Feature", "properties": {}, "geometry": {"type": "LineString", "coordinates": [[-92.29889166292199, 41.89634578455006], [-92.29818799639027, 41.896024984499775]]}}, {"id": "28688", "type": "Feature", "properties": {}, "geometry": {"type": "LineString", "coordinates": [[-92.2989851964077, 41.89506465092629], [-92.29855646286192, 41.89508725090511]]}}, {"id": "28690", "type": "Feature", "properties": {}, "geometry": {"type": "LineString", "coordinates": [[-92.2786476536839, 41.85945397961841], [-92.27262605140002, 41.85528524638156]]}}, {"id": "28723", "type": "Feature", "properties": {}, "geometry": {"type": "LineString", "coordinates": [[-92.10769913456662, 41.818298383562315], [-92.10522253412552, 41.81710858386254]]}}, {"id": "28925", "type": "Feature", "properties": {}, "geometry": {"type": "LineString", "coordinates": [[-92.05566038592772, 41.8098838523612], [-92.05139378358687, 41.79773438400459], [-92.03705171295196, 41.801018385356215]]}}, {"id": "28926", "type": "Feature", "properties": {}, "geometry": {"type": "LineString", "coordinates": [[-92.02800650988084, 41.798357585487864], [-92.02271910876351, 41.797392452305715]]}}, {"id": "28943", "type": "Feature", "properties": {}, "geometry": {"type": "LineString", "coordinates": [[-91.98789349850988, 41.79423165347598], [-91.9818619626556, 41.78849578672368]]}}, {"id": "28944", "type": "Feature", "properties": {}, "geometry": {"type": "LineString", "coordinates": [[-91.9818619626556, 41.78849578672368], [-91.97880616175698, 41.788933053363984]]}}, {"id": "28945", "type": "Feature", "properties": {}, "geometry": {"type": "LineString", "coordinates": [[-91.97880616175698, 41.788933053363984], [-91.96599569173202, 41.78656505409098]]}}, {"id": "28962", "type": "Feature", "properties": {}, "geometry": {"type": "LineString", "coordinates": [[-91.9818619626556, 41.78849578672368], [-91.97880616175698, 41.788933053363984]]}}, {"id": "28993", "type": "Feature", "properties": {}, "geometry": {"type": "LineString", "coordinates": [[-91.73295309321551, 41.78825186852439], [-91.72945169290168, 41.79658120305074], [-91.72424889062623, 41.792468469324724]]}}, {"id": "28994", "type": "Feature", "properties": {}, "geometry": {"type": "LineString", "coordinates": [[-91.73257702609821, 41.78814880168941], [-91.73295309321551, 41.78825186852439]]}}, {"id": "28995", "type": "Feature", "properties": {}, "geometry": {"type": "LineString", "coordinates": [[-91.72424889062623, 41.792468469324724], [-91.7236852238366, 41.79221520308347]]}}, {"id": "29158", "type": "Feature", "properties": {}, "geometry": {"type": "LineString", "coordinates": [[-91.6540166056572, 41.80638987610559], [-91.65138140495776, 41.80687940957371]]}}, {"id": "29159", "type": "Feature", "properties": {}, "geometry": {"type": "LineString", "coordinates": [[-91.81793751717024, 41.79499979752477], [-91.77962063959916, 41.78956486540711]]}}, {"id": "29160", "type": "Feature", "properties": {}, "geometry": {"type": "LineString", "coordinates": [[-91.75918550030964, 41.78521559939178], [-91.75480249876586, 41.78472339994231]]}}, {"id": "29166", "type": "Feature", "properties": {}, "geometry": {"type": "LineString", "coordinates": [[-92.71529052505909, 42.00765064320045], [-92.7139354577755, 42.003716842553715]]}}, {"id": "29169", "type": "Feature", "properties": {}, "geometry": {"type": "LineString", "coordinates": [[-92.35057821088407, 41.89149584689984], [-92.35021081071264, 41.891495780696985]]}}, {"id": "29170", "type": "Feature", "properties": {}, "geometry": {"type": "LineString", "coordinates": [[-92.33750820589545, 41.88591038006854], [-92.33588667224743, 41.88435424720118]]}}, {"id": "29171", "type": "Feature", "properties": {}, "geometry": {"type": "LineString", "coordinates": [[-92.25003757850925, 41.85771504808399], [-92.24093497488808, 41.84967218038903], [-92.24483504213512, 41.84088364539437], [-92.23881697382357, 41.84571664635255], [-92.23302337204366, 41.83895097899962]]}}, {"id": "29174", "type": "Feature", "properties": {}, "geometry": {"type": "LineString", "coordinates": [[-91.68078447962756, 41.80031180651865], [-91.66742627623117, 41.8014734745437]]}}, {"id": "29175", "type": "Feature", "properties": {}, "geometry": {"type": "LineString", "coordinates": [[-91.68315388051253, 41.80025700679278], [-91.68078447962756, 41.80031180651865]]}}, {"id": "29176", "type": "Feature", "properties": {}, "geometry": {"type": "LineString", "coordinates": [[-91.68589481381925, 41.80008040658753], [-91.68315388051253, 41.80025700679278]]}}, {"id": "29177", "type": "Feature", "properties": {}, "geometry": {"type": "LineString", "coordinates": [[-91.77962063959916, 41.78956486540711], [-91.76815383544022, 41.78509566542223]]}}, {"id": "29180", "type": "Feature", "properties": {}, "geometry": {"type": "LineString", "coordinates": [[-91.66742627623117, 41.8014734745437], [-91.66262840843467, 41.80547227535761]]}}, {"id": "29181", "type": "Feature", "properties": {}, "geometry": {"type": "LineString", "coordinates": [[-91.66262840843467, 41.80547227535761], [-91.6540166056572, 41.80638987610559]]}}, {"id": "29182", "type": "Feature", "properties": {}, "geometry": {"type": "LineString", "coordinates": [[-91.75480249876586, 41.78472339994231], [-91.7490592295913, 41.781917066207164]]}}, {"id": "29183", "type": "Feature", "properties": {}, "geometry": {"type": "LineString", "coordinates": [[-91.76011363337298, 41.78462506583454], [-91.75918550030964, 41.78521559939178]]}}, {"id": "29184", "type": "Feature", "properties": {}, "geometry": {"type": "LineString", "coordinates": [[-91.76815383544022, 41.78509566542223], [-91.76011363337298, 41.78462506583454]]}}, {"id": "29185", "type": "Feature", "properties": {}, "geometry": {"type": "LineString", "coordinates": [[-91.81822691662555, 41.78770359657768], [-91.81793751717024, 41.79499979752477]]}}, {"id": "29186", "type": "Feature", "properties": {}, "geometry": {"type": "LineString", "coordinates": [[-91.83102425328103, 41.78476379482449], [-91.82446191729841, 41.78062686127544], [-91.81822691662555, 41.78770359657768]]}}, {"id": "29187", "type": "Feature", "properties": {}, "geometry": {"type": "LineString", "coordinates": [[-92.25830958005577, 41.85321277979916], [-92.25003757850925, 41.85771504808399]]}}, {"id": "29188", "type": "Feature", "properties": {}, "geometry": {"type": "LineString", "coordinates": [[-92.33588667224743, 41.88435424720118], [-92.32487486837316, 41.87336924606232]]}}, {"id": "29189", "type": "Feature", "properties": {}, "geometry": {"type": "LineString", "coordinates": [[-92.35694641195063, 41.89158858028226], [-92.35057821088407, 41.89149584689984]]}}, {"id": "29190", "type": "Feature", "properties": {}, "geometry": {"type": "LineString", "coordinates": [[-92.7139354577755, 42.003716842553715], [-92.70673225558434, 42.007291043610174]]}}, {"id": "29221", "type": "Feature", "properties": {}, "geometry": {"type": "LineString", "coordinates": [[-91.6431314705262, 41.81165867757951], [-91.64038986977124, 41.81183441094567]]}}, {"id": "29223", "type": "Feature", "properties": {}, "geometry": {"type": "LineString", "coordinates": [[-91.64038986977124, 41.81183441094567], [-91.63603866858853, 41.8115528777791]]}}, {"id": "29224", "type": "Feature", "properties": {}, "geometry": {"type": "LineString", "coordinates": [[-91.64369307029237, 41.81140927751736], [-91.6431314705262, 41.81165867757951]]}}, {"id": "29230", "type": "Feature", "properties": {}, "geometry": {"type": "LineString", "coordinates": [[-91.64994560518127, 41.807460276745665], [-91.64369307029237, 41.81140927751736]]}}, {"id": "29231", "type": "Feature", "properties": {}, "geometry": {"type": "LineString", "coordinates": [[-91.6512504054365, 41.80696747605209], [-91.64994560518127, 41.807460276745665]]}}, {"id": "29232", "type": "Feature", "properties": {}, "geometry": {"type": "LineString", "coordinates": [[-91.65138140495776, 41.80687940957371], [-91.6512504054365, 41.80696747605209]]}}, {"id": "29233", "type": "Feature", "properties": {}, "geometry": {"type": "LineString", "coordinates": [[-91.63603866858853, 41.8115528777791], [-91.63600059978342, 41.7946418085622]]}}, {"id": "29235", "type": "Feature", "properties": {}, "geometry": {"type": "LineString", "coordinates": [[-91.58318325254169, 41.80679868046717], [-91.57772258257575, 41.79238527813653]]}}, {"id": "29238", "type": "Feature", "properties": {}, "geometry": {"type": "LineString", "coordinates": [[-91.63600059978342, 41.7946418085622], [-91.62688919716403, 41.79191700856122]]}}, {"id": "29239", "type": "Feature", "properties": {}, "geometry": {"type": "LineString", "coordinates": [[-91.60267598902958, 41.78626107554696], [-91.6066294584253, 41.80156127791173], [-91.58318325254169, 41.80679868046717]]}}, {"id": "29240", "type": "Feature", "properties": {}, "geometry": {"type": "LineString", "coordinates": [[-91.62688919716403, 41.79191700856122], [-91.60267598902958, 41.78626107554696]]}}, {"id": "29242", "type": "Feature", "properties": {}, "geometry": {"type": "LineString", "coordinates": [[-91.57772258257575, 41.79238527813653], [-91.58747765145236, 41.78198347623419], [-91.58349984939052, 41.775807875501506]]}}, {"id": "29244", "type": "Feature", "properties": {}, "geometry": {"type": "LineString", "coordinates": [[-91.58349984939052, 41.775807875501506], [-91.56324057777574, 41.77967427735424], [-91.564877643295, 41.76818907542618]]}}, {"id": "29247", "type": "Feature", "properties": {}, "geometry": {"type": "LineString", "coordinates": [[-91.564877643295, 41.76818907542618], [-91.56680097584419, 41.75792167370432], [-91.5531958381526, 41.74872920595993]]}}, {"id": "29248", "type": "Feature", "properties": {}, "geometry": {"type": "LineString", "coordinates": [[-91.5531958381526, 41.74872920595993], [-91.55250957108962, 41.7452162722045]]}}, {"id": "29250", "type": "Feature", "properties": {}, "geometry": {"type": "LineString", "coordinates": [[-91.55250957108962, 41.7452162722045], [-91.54889416917632, 41.74200460523392]]}}, {"id": "29254", "type": "Feature", "properties": {}, "geometry": {"type": "LineString", "coordinates": [[-91.54889416917632, 41.74200460523392], [-91.54641083406555, 41.729572203106635], [-91.52815456209092, 41.72786540420769]]}}, {"id": "29257", "type": "Feature", "properties": {}, "geometry": {"type": "LineString", "coordinates": [[-91.52815456209092, 41.72786540420769], [-91.52816942831055, 41.72464347031954]]}}, {"id": "29265", "type": "Feature", "properties": {}, "geometry": {"type": "LineString", "coordinates": [[-92.46052559487568, 41.93395234033993], [-92.45817134946789, 41.93614030967866]]}}, {"id": "29275", "type": "Feature", "properties": {}, "geometry": {"type": "LineString", "coordinates": [[-93.0327511597437, 42.12022224111127], [-93.02338955565645, 42.113740173680895]]}}, {"id": "29276", "type": "Feature", "properties": {}, "geometry": {"type": "LineString", "coordinates": [[-91.1287889857377, 41.116233727378805], [-91.09044723920631, 41.09719059290021]]}}, {"id": "29277", "type": "Feature", "properties": {}, "geometry": {"type": "LineString", "coordinates": [[-91.12784798610456, 41.12464932841776], [-91.1287889857377, 41.116233727378805]]}}, {"id": "29278", "type": "Feature", "properties": {}, "geometry": {"type": "LineString", "coordinates": [[-91.15613506213734, 41.140750729728154], [-91.12784798610456, 41.12464932841776]]}}, {"id": "29279", "type": "Feature", "properties": {}, "geometry": {"type": "LineString", "coordinates": [[-91.17418960663515, 41.19590020439823], [-91.17292007244133, 41.18807120355851], [-91.1837532076938, 41.182711601476846], [-91.16052466629846, 41.16486313319627]]}}, {"id": "29280", "type": "Feature", "properties": {}, "geometry": {"type": "LineString", "coordinates": [[-91.19307921334295, 41.21271093932049], [-91.19063141199157, 41.20094733762594], [-91.17581287403165, 41.197236004911154]]}}, {"id": "29281", "type": "Feature", "properties": {}, "geometry": {"type": "LineString", "coordinates": [[-91.19839728204579, 41.2168014064131], [-91.19307921334295, 41.21271093932049]]}}, {"id": "29282", "type": "Feature", "properties": {}, "geometry": {"type": "LineString", "coordinates": [[-91.17581287403165, 41.197236004911154], [-91.17418960663515, 41.19590020439823]]}}, {"id": "29283", "type": "Feature", "properties": {}, "geometry": {"type": "LineString", "coordinates": [[-91.23633002742494, 41.22989253992281], [-91.22064868817735, 41.213476804975116], [-91.19839728204579, 41.2168014064131]]}}, {"id": "29301", "type": "Feature", "properties": {}, "geometry": {"type": "LineString", "coordinates": [[-91.29157491182187, 41.248976939980174], [-91.28088104148958, 41.246838606890094]]}}, {"id": "29302", "type": "Feature", "properties": {}, "geometry": {"type": "LineString", "coordinates": [[-91.28088104148958, 41.246838606890094], [-91.26277803647547, 41.24073580697086]]}}, {"id": "29303", "type": "Feature", "properties": {}, "geometry": {"type": "LineString", "coordinates": [[-91.30259624861796, 41.254346006336554], [-91.29157491182187, 41.248976939980174]]}}, {"id": "29309", "type": "Feature", "properties": {}, "geometry": {"type": "LineString", "coordinates": [[-91.42012389275976, 41.359559150402724], [-91.41029535606593, 41.35632275065324]]}}, {"id": "29310", "type": "Feature", "properties": {}, "geometry": {"type": "LineString", "coordinates": [[-91.41029535606593, 41.35632275065324], [-91.39702895240673, 41.35450495093837], [-91.39840668508326, 41.34449254929148], [-91.3840739452492, 41.32586521388466]]}}, {"id": "29322", "type": "Feature", "properties": {}, "geometry": {"type": "LineString", "coordinates": [[-91.44498036919782, 41.39056435429033], [-91.42374516067186, 41.36646361768424]]}}, {"id": "29323", "type": "Feature", "properties": {}, "geometry": {"type": "LineString", "coordinates": [[-91.46501751079904, 41.4138143567188], [-91.4596525087159, 41.407184556071684]]}}, {"id": "29324", "type": "Feature", "properties": {}, "geometry": {"type": "LineString", "coordinates": [[-91.45139157171874, 41.39776855483717], [-91.44498036919782, 41.39056435429033]]}}, {"id": "29325", "type": "Feature", "properties": {}, "geometry": {"type": "LineString", "coordinates": [[-91.4596525087159, 41.407184556071684], [-91.45139157171874, 41.39776855483717]]}}, {"id": "29326", "type": "Feature", "properties": {}, "geometry": {"type": "LineString", "coordinates": [[-91.47040018004887, 41.42581102485336], [-91.46355297840819, 41.425300558920604], [-91.46501751079904, 41.4138143567188]]}}, {"id": "29327", "type": "Feature", "properties": {}, "geometry": {"type": "LineString", "coordinates": [[-91.42374516067186, 41.36646361768424], [-91.43034689586452, 41.36224555021405]]}}, {"id": "29328", "type": "Feature", "properties": {}, "geometry": {"type": "LineString", "coordinates": [[-91.43034689586452, 41.36224555021405], [-91.4303316954716, 41.36219701660021]]}}, {"id": "29329", "type": "Feature", "properties": {}, "geometry": {"type": "LineString", "coordinates": [[-91.4303316954716, 41.36219701660021], [-91.42012389275976, 41.359559150402724]]}}, {"id": "29330", "type": "Feature", "properties": {}, "geometry": {"type": "LineString", "coordinates": [[-91.48006891633513, 41.424676624469164], [-91.47040018004887, 41.42581102485336]]}}, {"id": "29331", "type": "Feature", "properties": {}, "geometry": {"type": "LineString", "coordinates": [[-91.49903792513092, 41.45928762873903], [-91.50245939155414, 41.448272026416866], [-91.48006891633513, 41.424676624469164]]}}, {"id": "29332", "type": "Feature", "properties": {}, "geometry": {"type": "LineString", "coordinates": [[-91.52776134164328, 41.53884877310501], [-91.53024020853383, 41.53551363938756]]}}, {"id": "29333", "type": "Feature", "properties": {}, "geometry": {"type": "LineString", "coordinates": [[-91.5236305475054, 41.59942065029652], [-91.52547561433545, 41.598948183169654]]}}, {"id": "29334", "type": "Feature", "properties": {}, "geometry": {"type": "LineString", "coordinates": [[-91.52269621426997, 41.608378384782], [-91.5236305475054, 41.59942065029652]]}}, {"id": "29335", "type": "Feature", "properties": {}, "geometry": {"type": "LineString", "coordinates": [[-91.52547561433545, 41.598948183169654], [-91.52946401472101, 41.59331724903013], [-91.52225154550939, 41.58689364832027], [-91.53060494789537, 41.58537318071216]]}}, {"id": "29336", "type": "Feature", "properties": {}, "geometry": {"type": "LineString", "coordinates": [[-91.53768155320849, 41.623928453159444], [-91.53660455223456, 41.615168985559315], [-91.52696361700973, 41.61832258672482], [-91.53041614987043, 41.60972065137202], [-91.52269621426997, 41.608378384782]]}}, {"id": "29337", "type": "Feature", "properties": {}, "geometry": {"type": "LineString", "coordinates": [[-91.53060494789537, 41.58537318071216], [-91.52743674619515, 41.579560246578076]]}}, {"id": "29338", "type": "Feature", "properties": {}, "geometry": {"type": "LineString", "coordinates": [[-91.536508822368, 41.645223456927035], [-91.53768155320849, 41.623928453159444]]}}, {"id": "29339", "type": "Feature", "properties": {}, "geometry": {"type": "LineString", "coordinates": [[-91.56254636601238, 41.67001059291966], [-91.53545442570159, 41.6765637954028]]}}, {"id": "29340", "type": "Feature", "properties": {}, "geometry": {"type": "LineString", "coordinates": [[-91.53545442570159, 41.6765637954028], [-91.54124155871314, 41.659343392398476], [-91.536508822368, 41.645223456927035]]}}, {"id": "29341", "type": "Feature", "properties": {}, "geometry": {"type": "LineString", "coordinates": [[-91.5495541641105, 41.69438719775715], [-91.55836883342859, 41.692947396583], [-91.55555683170482, 41.679967661650586], [-91.56254636601238, 41.67001059291966]]}}, {"id": "29342", "type": "Feature", "properties": {}, "geometry": {"type": "LineString", "coordinates": [[-91.53929802844311, 41.69705126512953], [-91.5495541641105, 41.69438719775715]]}}, {"id": "29456", "type": "Feature", "properties": {}, "geometry": {"type": "LineString", "coordinates": [[-91.53424693724612, 41.47973596335317], [-91.50557899709244, 41.48730316616164]]}}, {"id": "29457", "type": "Feature", "properties": {}, "geometry": {"type": "LineString", "coordinates": [[-91.55608854362318, 41.47837936184943], [-91.53424693724612, 41.47973596335317]]}}, {"id": "29458", "type": "Feature", "properties": {}, "geometry": {"type": "LineString", "coordinates": [[-91.56476074552708, 41.4751134276801], [-91.55608854362318, 41.47837936184943]]}}, {"id": "29459", "type": "Feature", "properties": {}, "geometry": {"type": "LineString", "coordinates": [[-91.57242621447524, 41.47420236007987], [-91.56476074552708, 41.4751134276801]]}}, {"id": "29460", "type": "Feature", "properties": {}, "geometry": {"type": "LineString", "coordinates": [[-91.58550421806316, 41.47535182599799], [-91.57242621447524, 41.47420236007987]]}}, {"id": "29461", "type": "Feature", "properties": {}, "geometry": {"type": "LineString", "coordinates": [[-91.59286515363843, 41.47496542567456], [-91.58550421806316, 41.47535182599799]]}}, {"id": "29462", "type": "Feature", "properties": {}, "geometry": {"type": "LineString", "coordinates": [[-91.59204555233275, 41.47201435889463], [-91.59286515363843, 41.47496542567456]]}}, {"id": "29463", "type": "Feature", "properties": {}, "geometry": {"type": "LineString", "coordinates": [[-91.6034820221812, 41.47050762418313], [-91.59204555233275, 41.47201435889463]]}}, {"id": "29464", "type": "Feature", "properties": {}, "geometry": {"type": "LineString", "coordinates": [[-91.61072122435735, 41.46835875708613], [-91.6034820221812, 41.47050762418313]]}}, {"id": "29465", "type": "Feature", "properties": {}, "geometry": {"type": "LineString", "coordinates": [[-91.61914516066284, 41.47140215662529], [-91.61072122435735, 41.46835875708613]]}}, {"id": "29466", "type": "Feature", "properties": {}, "geometry": {"type": "LineString", "coordinates": [[-91.62267282861387, 41.475314023887904], [-91.61914516066284, 41.47140215662529]]}}, {"id": "29467", "type": "Feature", "properties": {}, "geometry": {"type": "LineString", "coordinates": [[-91.63739403231615, 41.47240882286763], [-91.62267282861387, 41.475314023887904]]}}, {"id": "29468", "type": "Feature", "properties": {}, "geometry": {"type": "LineString", "coordinates": [[-91.65238743632929, 41.46904395433117], [-91.63739403231615, 41.47240882286763]]}}, {"id": "29469", "type": "Feature", "properties": {}, "geometry": {"type": "LineString", "coordinates": [[-91.66844737414665, 41.47144155423255], [-91.65238743632929, 41.46904395433117]]}}, {"id": "29470", "type": "Feature", "properties": {}, "geometry": {"type": "LineString", "coordinates": [[-91.67428304223469, 41.465560219032454], [-91.66844737414665, 41.47144155423255]]}}, {"id": "29471", "type": "Feature", "properties": {}, "geometry": {"type": "LineString", "coordinates": [[-91.69067797978781, 41.46843495232379], [-91.67428304223469, 41.465560219032454]]}}, {"id": "29472", "type": "Feature", "properties": {}, "geometry": {"type": "LineString", "coordinates": [[-91.69904378251798, 41.47048895158358], [-91.69067797978781, 41.46843495232379]]}}, {"id": "29473", "type": "Feature", "properties": {}, "geometry": {"type": "LineString", "coordinates": [[-91.70241725015894, 41.46813061779379], [-91.69904378251798, 41.47048895158358]]}}, {"id": "29474", "type": "Feature", "properties": {}, "geometry": {"type": "LineString", "coordinates": [[-91.7088057854903, 41.4695675512993], [-91.70241725015894, 41.46813061779379]]}}, {"id": "29475", "type": "Feature", "properties": {}, "geometry": {"type": "LineString", "coordinates": [[-91.72310338951864, 41.47161561703358], [-91.7088057854903, 41.4695675512993]]}}, {"id": "29476", "type": "Feature", "properties": {}, "geometry": {"type": "LineString", "coordinates": [[-91.73524759347042, 41.4768895505723], [-91.72310338951864, 41.47161561703358]]}}, {"id": "29477", "type": "Feature", "properties": {}, "geometry": {"type": "LineString", "coordinates": [[-91.74141839514319, 41.47452735000731], [-91.73524759347042, 41.4768895505723]]}}, {"id": "29478", "type": "Feature", "properties": {}, "geometry": {"type": "LineString", "coordinates": [[-91.75356059854681, 41.47785535012838], [-91.74141839514319, 41.47452735000731]]}}, {"id": "29479", "type": "Feature", "properties": {}, "geometry": {"type": "LineString", "coordinates": [[-91.76051306836575, 41.48511455070679], [-91.75356059854681, 41.47785535012838]]}}, {"id": "29480", "type": "Feature", "properties": {}, "geometry": {"type": "LineString", "coordinates": [[-91.76619860281698, 41.48701895075078], [-91.76051306836575, 41.48511455070679]]}}, {"id": "29481", "type": "Feature", "properties": {}, "geometry": {"type": "LineString", "coordinates": [[-91.77535140609285, 41.48968115039419], [-91.76619860281698, 41.48701895075078]]}}, {"id": "29482", "type": "Feature", "properties": {}, "geometry": {"type": "LineString", "coordinates": [[-91.78639027620663, 41.49325915019788], [-91.77535140609285, 41.48968115039419]]}}, {"id": "29483", "type": "Feature", "properties": {}, "geometry": {"type": "LineString", "coordinates": [[-91.81740821902505, 41.50003674966726], [-91.81013568396195, 41.50003701676802]]}}, {"id": "29484", "type": "Feature", "properties": {}, "geometry": {"type": "LineString", "coordinates": [[-91.81013568396195, 41.50003701676802], [-91.80690301466537, 41.48817214815374], [-91.78639027620663, 41.49325915019788]]}}, {"id": "29485", "type": "Feature", "properties": {}, "geometry": {"type": "LineString", "coordinates": [[-91.83881009108737, 41.49953421471529], [-91.8322780211433, 41.485897413054836], [-91.817947218077, 41.48778961418141], [-91.81740821902505, 41.50003674966726]]}}, {"id": "29486", "type": "Feature", "properties": {}, "geometry": {"type": "LineString", "coordinates": [[-91.84290782632448, 41.50003274786467], [-91.83881009108737, 41.49953421471529]]}}, {"id": "29487", "type": "Feature", "properties": {}, "geometry": {"type": "LineString", "coordinates": [[-91.8662368999799, 41.504163813992655], [-91.84290782632448, 41.50003274786467]]}}, {"id": "29488", "type": "Feature", "properties": {}, "geometry": {"type": "LineString", "coordinates": [[-91.87007110095367, 41.50471301395358], [-91.8662368999799, 41.504163813992655]]}}, {"id": "29489", "type": "Feature", "properties": {}, "geometry": {"type": "LineString", "coordinates": [[-91.89292450678468, 41.502149145484736], [-91.87007110095367, 41.50471301395358]]}}, {"id": "29490", "type": "Feature", "properties": {}, "geometry": {"type": "LineString", "coordinates": [[-91.89412050668597, 41.50002774493834], [-91.89292450678468, 41.502149145484736]]}}, {"id": "29491", "type": "Feature", "properties": {}, "geometry": {"type": "LineString", "coordinates": [[-91.89939444205719, 41.498486611276014], [-91.89412050668597, 41.50002774493834]]}}, {"id": "29492", "type": "Feature", "properties": {}, "geometry": {"type": "LineString", "coordinates": [[-91.91402151219913, 41.50003241079287], [-91.9067487103364, 41.500031010700155]]}}, {"id": "29493", "type": "Feature", "properties": {}, "geometry": {"type": "LineString", "coordinates": [[-91.9067487103364, 41.500031010700155], [-91.89939444205719, 41.498486611276014]]}}, {"id": "29494", "type": "Feature", "properties": {}, "geometry": {"type": "LineString", "coordinates": [[-91.91533924639782, 41.49889434340689], [-91.91402151219913, 41.50003241079287]]}}, {"id": "29495", "type": "Feature", "properties": {}, "geometry": {"type": "LineString", "coordinates": [[-91.91722611363467, 41.49932834333381], [-91.91533924639782, 41.49889434340689]]}}, {"id": "29496", "type": "Feature", "properties": {}, "geometry": {"type": "LineString", "coordinates": [[-91.91746004661276, 41.50003294364891], [-91.91722611363467, 41.49932834333381]]}}, {"id": "29497", "type": "Feature", "properties": {}, "geometry": {"type": "LineString", "coordinates": [[-91.92883451743523, 41.50410441036182], [-91.91746004661276, 41.50003294364891]]}}, {"id": "29498", "type": "Feature", "properties": {}, "geometry": {"type": "LineString", "coordinates": [[-91.93184905152633, 41.50613901036556], [-91.92883451743523, 41.50410441036182]]}}, {"id": "29797", "type": "Feature", "properties": {}, "geometry": {"type": "LineString", "coordinates": [[-91.14112678920962, 41.11815479328264], [-91.13132698602848, 41.11646292737847]]}}, {"id": "29798", "type": "Feature", "properties": {}, "geometry": {"type": "LineString", "coordinates": [[-91.13132698602848, 41.11646292737847], [-91.1287889857377, 41.116233727378805]]}}, {"id": "29799", "type": "Feature", "properties": {}, "geometry": {"type": "LineString", "coordinates": [[-91.16142606280401, 41.125698993338226], [-91.14112678920962, 41.11815479328264]]}}, {"id": "31153", "type": "Feature", "properties": {}, "geometry": {"type": "LineString", "coordinates": [[-91.19181767954507, 41.213132339469695], [-91.1757538735821, 41.19850060504165]]}}, {"id": "31154", "type": "Feature", "properties": {}, "geometry": {"type": "LineString", "coordinates": [[-91.19307921334295, 41.21271093932049], [-91.1918710134218, 41.213075206455464]]}}, {"id": "31155", "type": "Feature", "properties": {}, "geometry": {"type": "LineString", "coordinates": [[-91.1918710134218, 41.213075206455464], [-91.19181767954507, 41.213132339469695]]}}, {"id": "31156", "type": "Feature", "properties": {}, "geometry": {"type": "LineString", "coordinates": [[-91.1757538735821, 41.19850060504165], [-91.17581287403165, 41.197236004911154]]}}, {"id": "31163", "type": "Feature", "properties": {}, "geometry": {"type": "LineString", "coordinates": [[-91.15974986577265, 41.165385133346696], [-91.15614599822761, 41.16026233295231]]}}, {"id": "31164", "type": "Feature", "properties": {}, "geometry": {"type": "LineString", "coordinates": [[-91.16052466629846, 41.16486313319627], [-91.15974466632379, 41.16528813346745]]}}, {"id": "31165", "type": "Feature", "properties": {}, "geometry": {"type": "LineString", "coordinates": [[-91.15974466632379, 41.16528813346745], [-91.15974986577265, 41.165385133346696]]}}, {"id": "31166", "type": "Feature", "properties": {}, "geometry": {"type": "LineString", "coordinates": [[-91.15614599822761, 41.16026233295231], [-91.15732379736292, 41.153903132055405]]}}, {"id": "31167", "type": "Feature", "properties": {}, "geometry": {"type": "LineString", "coordinates": [[-91.15732379736292, 41.153903132055405], [-91.15732379736292, 41.153835598694776]]}}, {"id": "31168", "type": "Feature", "properties": {}, "geometry": {"type": "LineString", "coordinates": [[-91.15732379736292, 41.153835598694776], [-91.15815099751758, 41.153437332060605]]}}, {"id": "31195", "type": "Feature", "properties": {}, "geometry": {"type": "LineString", "coordinates": [[-91.26277803647547, 41.24073580697086], [-91.23633002742494, 41.22989253992281]]}}, {"id": "31196", "type": "Feature", "properties": {}, "geometry": {"type": "LineString", "coordinates": [[-91.16052466629846, 41.16486313319627], [-91.15994886596428, 41.16142039962982]]}}, {"id": "31201", "type": "Feature", "properties": {}, "geometry": {"type": "LineString", "coordinates": [[-91.52373800757296, 41.53937937365999], [-91.52776134164328, 41.53884877310501]]}}, {"id": "31202", "type": "Feature", "properties": {}, "geometry": {"type": "LineString", "coordinates": [[-91.51527333895757, 41.54840904247014], [-91.52248820667097, 41.539960840366646]]}}, {"id": "31203", "type": "Feature", "properties": {}, "geometry": {"type": "LineString", "coordinates": [[-91.52248820667097, 41.539960840366646], [-91.52373800757296, 41.53937937365999]]}}, {"id": "31204", "type": "Feature", "properties": {}, "geometry": {"type": "LineString", "coordinates": [[-91.53024020853383, 41.53551363938756], [-91.53420854235256, 41.52718683785717]]}}, {"id": "31206", "type": "Feature", "properties": {}, "geometry": {"type": "LineString", "coordinates": [[-91.15994886596428, 41.16142039962982], [-91.15815099751758, 41.153437332060605]]}}, {"id": "31209", "type": "Feature", "properties": {}, "geometry": {"type": "LineString", "coordinates": [[-91.52743674619515, 41.579560246578076], [-91.52472500993181, 41.55947317724652]]}}, {"id": "31210", "type": "Feature", "properties": {}, "geometry": {"type": "LineString", "coordinates": [[-91.3840739452492, 41.32586521388466], [-91.38479414527373, 41.32039081261825], [-91.37727627671329, 41.32199761337046]]}}, {"id": "31211", "type": "Feature", "properties": {}, "geometry": {"type": "LineString", "coordinates": [[-91.35176006585246, 41.28672954219712], [-91.34695973038387, 41.28279860873396]]}}, {"id": "31214", "type": "Feature", "properties": {}, "geometry": {"type": "LineString", "coordinates": [[-91.50236159556242, 41.48763816680278], [-91.50173032875102, 41.48091583202214]]}}, {"id": "31215", "type": "Feature", "properties": {}, "geometry": {"type": "LineString", "coordinates": [[-91.5084201320792, 41.50241623500479], [-91.5075175983065, 41.5000311681349]]}}, {"id": "31216", "type": "Feature", "properties": {}, "geometry": {"type": "LineString", "coordinates": [[-91.5075175983065, 41.5000311681349], [-91.50236159556242, 41.48763816680278]]}}, {"id": "31217", "type": "Feature", "properties": {}, "geometry": {"type": "LineString", "coordinates": [[-91.09044723920631, 41.09719059290021], [-91.05207836265504, 41.10456239614733], [-91.04248043157948, 41.148863937709045], [-91.02334716044409, 41.163207141578276]]}}, {"id": "31218", "type": "Feature", "properties": {}, "geometry": {"type": "LineString", "coordinates": [[-91.15815099751758, 41.153437332060605], [-91.15613506213734, 41.140750729728154]]}}, {"id": "31219", "type": "Feature", "properties": {}, "geometry": {"type": "LineString", "coordinates": [[-91.34695973038387, 41.28279860873396], [-91.31739705383416, 41.26266980711491]]}}, {"id": "31220", "type": "Feature", "properties": {}, "geometry": {"type": "LineString", "coordinates": [[-91.30542584923646, 41.25525493977571], [-91.30259624861796, 41.254346006336554]]}}, {"id": "31221", "type": "Feature", "properties": {}, "geometry": {"type": "LineString", "coordinates": [[-91.31739705383416, 41.26266980711491], [-91.30542584923646, 41.25525493977571]]}}, {"id": "31222", "type": "Feature", "properties": {}, "geometry": {"type": "LineString", "coordinates": [[-91.37727627671329, 41.32199761337046], [-91.37177634048794, 41.306639344393915], [-91.35844907057837, 41.311388546013134], [-91.36681093778928, 41.29693461007865], [-91.354802267156, 41.28992554277181]]}}, {"id": "31223", "type": "Feature", "properties": {}, "geometry": {"type": "LineString", "coordinates": [[-91.354802267156, 41.28992554277181], [-91.35176006585246, 41.28672954219712]]}}, {"id": "31225", "type": "Feature", "properties": {}, "geometry": {"type": "LineString", "coordinates": [[-91.51552333111798, 41.46778102913974], [-91.50696572819318, 41.46278562856829]]}}, {"id": "31226", "type": "Feature", "properties": {}, "geometry": {"type": "LineString", "coordinates": [[-91.50696572819318, 41.46278562856829], [-91.49903792513092, 41.45928762873903]]}}, {"id": "31227", "type": "Feature", "properties": {}, "geometry": {"type": "LineString", "coordinates": [[-91.50173032875102, 41.48091583202214], [-91.51552333111798, 41.46778102913974]]}}, {"id": "31228", "type": "Feature", "properties": {}, "geometry": {"type": "LineString", "coordinates": [[-91.52698940494659, 41.50682176846427], [-91.51980913584633, 41.50003563416814]]}}, {"id": "31229", "type": "Feature", "properties": {}, "geometry": {"type": "LineString", "coordinates": [[-91.51227553329367, 41.500033034476616], [-91.5084201320792, 41.50241623500479]]}}, {"id": "31230", "type": "Feature", "properties": {}, "geometry": {"type": "LineString", "coordinates": [[-91.53420854235256, 41.52718683785717], [-91.51926193697248, 41.51715163697168], [-91.5289339395331, 41.51614736962396], [-91.52012880313681, 41.51208343604263], [-91.52698940494659, 41.50682176846427]]}}, {"id": "31231", "type": "Feature", "properties": {}, "geometry": {"type": "LineString", "coordinates": [[-91.51980913584633, 41.50003563416814], [-91.51227553329367, 41.500033034476616]]}}, {"id": "31232", "type": "Feature", "properties": {}, "geometry": {"type": "LineString", "coordinates": [[-91.52472500993181, 41.55947317724652], [-91.51527333895757, 41.54840904247014]]}}, {"id": "31233", "type": "Feature", "properties": {}, "geometry": {"type": "LineString", "coordinates": [[-91.5280808283724, 41.722722003503584], [-91.53176376203547, 41.71403406831334]]}}, {"id": "31234", "type": "Feature", "properties": {}, "geometry": {"type": "LineString", "coordinates": [[-91.53176376203547, 41.71403406831334], [-91.54403096421426, 41.70694446662651], [-91.53929802844311, 41.69705126512953]]}}, {"id": "31235", "type": "Feature", "properties": {}, "geometry": {"type": "LineString", "coordinates": [[-91.50557899709244, 41.48730316616164], [-91.50238412890302, 41.48766556635675]]}}, {"id": "31236", "type": "Feature", "properties": {}, "geometry": {"type": "LineString", "coordinates": [[-91.50238412890302, 41.48766556635675], [-91.50236159556242, 41.48763816680278]]}}, {"id": "31254", "type": "Feature", "properties": {}, "geometry": {"type": "LineString", "coordinates": [[-91.15847699882913, 41.161405399879854], [-91.15614599822761, 41.16026233295231]]}}, {"id": "31255", "type": "Feature", "properties": {}, "geometry": {"type": "LineString", "coordinates": [[-91.15854219855245, 41.161405399879854], [-91.15847699882913, 41.161405399879854]]}}, {"id": "31256", "type": "Feature", "properties": {}, "geometry": {"type": "LineString", "coordinates": [[-91.15994886596428, 41.16142039962982], [-91.15854219855245, 41.161405399879854]]}}, {"id": "31279", "type": "Feature", "properties": {}, "geometry": {"type": "LineString", "coordinates": [[-91.52816942831055, 41.72464347031954], [-91.5280808283724, 41.722722003503584]]}}, {"id": "31280", "type": "Feature", "properties": {}, "geometry": {"type": "LineString", "coordinates": [[-96.50499196272945, 42.60517982000129], [-96.50243462799882, 42.599529686258045]]}}, {"id": "31281", "type": "Feature", "properties": {}, "geometry": {"type": "LineString", "coordinates": [[-96.5153492352231, 42.627642089162634], [-96.53137883783161, 42.61313941931527], [-96.51509216703317, 42.61609608767786], [-96.50499196272945, 42.60517982000129]]}}, {"id": "31297", "type": "Feature", "properties": {}, "geometry": {"type": "LineString", "coordinates": [[-96.53787764495735, 42.65544182518182], [-96.53733477686147, 42.64574729037869], [-96.5153492352231, 42.627642089162634]]}}, {"id": "31298", "type": "Feature", "properties": {}, "geometry": {"type": "LineString", "coordinates": [[-96.57803765708229, 42.67165589154797], [-96.56731258826018, 42.67635989313856], [-96.55626558390149, 42.66439542520014], [-96.55968058425131, 42.65815589080546], [-96.54369238050265, 42.66139102546694], [-96.53787764495735, 42.65544182518182]]}}, {"id": "31299", "type": "Feature", "properties": {}, "geometry": {"type": "LineString", "coordinates": [[-96.60535140221653, 42.701571893921454], [-96.61208006935884, 42.695697492647966], [-96.5998039999099, 42.69896369375377], [-96.59382739693355, 42.69015922615135], [-96.59959379862497, 42.686914625382684], [-96.59032459614617, 42.69111822671706], [-96.57489839101568, 42.682331493228155], [-96.57803765708229, 42.67165589154797]]}}, {"id": "31300", "type": "Feature", "properties": {}, "geometry": {"type": "LineString", "coordinates": [[-96.61949647859784, 42.75481090097851], [-96.63591641536699, 42.74179349773192], [-96.63089181279278, 42.73539143038267], [-96.63970048226307, 42.73708349697269]]}}, {"id": "31301", "type": "Feature", "properties": {}, "geometry": {"type": "LineString", "coordinates": [[-96.62759401473977, 42.754925500112], [-96.61949647859784, 42.75481090097851]]}}, {"id": "31302", "type": "Feature", "properties": {}, "geometry": {"type": "LineString", "coordinates": [[-96.61325448094722, 42.7843263055989], [-96.63619061892095, 42.76978623486602], [-96.62759401473977, 42.754925500112]]}}, {"id": "31303", "type": "Feature", "properties": {}, "geometry": {"type": "LineString", "coordinates": [[-96.58217747928877, 42.83536991503169], [-96.57795887752681, 42.82766331404696], [-96.5960120808399, 42.815050111044435], [-96.59076781143263, 42.808258243756285], [-96.59977701272211, 42.798635841691876], [-96.59527801082739, 42.792987441143254], [-96.61325448094722, 42.7843263055989]]}}, {"id": "31304", "type": "Feature", "properties": {}, "geometry": {"type": "LineString", "coordinates": [[-96.54890000403621, 42.84076911850447], [-96.56058300753122, 42.83938225082237], [-96.5633286066875, 42.82822711564945], [-96.56822720886501, 42.83751204963912], [-96.57832347854782, 42.837654449147486]]}}, {"id": "31305", "type": "Feature", "properties": {}, "geometry": {"type": "LineString", "coordinates": [[-96.52626100450397, 42.89095512739929], [-96.54013020826152, 42.8896870594249], [-96.53784620661735, 42.87848272438398], [-96.54966967518176, 42.870284655714705], [-96.54148100495425, 42.858344321605294], [-96.54550120480255, 42.8499571201105], [-96.55615967432611, 42.8493473189742], [-96.54890000403621, 42.84076911850447]]}}, {"id": "31313", "type": "Feature", "properties": {}, "geometry": {"type": "LineString", "coordinates": [[-96.53997221077273, 42.91225146291299], [-96.53656107587358, 42.90566446167464], [-96.54284601119814, 42.903749261359245], [-96.52626100450397, 42.89095512739929]]}}, {"id": "31314", "type": "Feature", "properties": {}, "geometry": {"type": "LineString", "coordinates": [[-96.51825700813593, 42.93184673353511], [-96.52553107662321, 42.935511733868246], [-96.54085561312479, 42.92482613101966], [-96.53997221077273, 42.91225146291299]]}}, {"id": "31341", "type": "Feature", "properties": {}, "geometry": {"type": "LineString", "coordinates": [[-96.51071121095329, 42.971274806878505], [-96.4988390725651, 42.958017472081906], [-96.52001600917524, 42.93975853453789], [-96.51825700813593, 42.93184673353511]]}}, {"id": "31342", "type": "Feature", "properties": {}, "geometry": {"type": "LineString", "coordinates": [[-96.5113822803183, 42.99365660972624], [-96.52081328105788, 42.979972807028695], [-96.51071121095329, 42.971274806878505]]}}, {"id": "31343", "type": "Feature", "properties": {}, "geometry": {"type": "LineString", "coordinates": [[-96.4926900101222, 43.005103679679785], [-96.49670121064801, 42.99999741183254]]}}, {"id": "31344", "type": "Feature", "properties": {}, "geometry": {"type": "LineString", "coordinates": [[-96.49670121064801, 42.99999741183254], [-96.5100088802164, 42.99514107660103]]}}, {"id": "31345", "type": "Feature", "properties": {}, "geometry": {"type": "LineString", "coordinates": [[-96.51240842047747, 43.040461816786035], [-96.5131170187601, 43.027888881173034], [-96.49532741259242, 43.01568561416953], [-96.4926900101222, 43.005103679679785]]}}, {"id": "31367", "type": "Feature", "properties": {}, "geometry": {"type": "LineString", "coordinates": [[-96.45441287671426, 43.082404626735276], [-96.46162267613285, 43.06356282369132], [-96.51089522095778, 43.049696084981164]]}}, {"id": "31368", "type": "Feature", "properties": {}, "geometry": {"type": "LineString", "coordinates": [[-96.44838626272941, 43.13968347590408], [-96.43660881036544, 43.12027103374495], [-96.46262861318127, 43.09209169424026]]}}, {"id": "31369", "type": "Feature", "properties": {}, "geometry": {"type": "LineString", "coordinates": [[-96.46823628974853, 43.15205023572751], [-96.44838626272941, 43.13968347590408]]}}, {"id": "31370", "type": "Feature", "properties": {}, "geometry": {"type": "LineString", "coordinates": [[-96.46673709226917, 43.17427130594651], [-96.46823628974853, 43.15205023572751]]}}, {"id": "31371", "type": "Feature", "properties": {}, "geometry": {"type": "LineString", "coordinates": [[-96.47474323111915, 43.20158324239496], [-96.46673709226917, 43.17427130594651]]}}, {"id": "31372", "type": "Feature", "properties": {}, "geometry": {"type": "LineString", "coordinates": [[-96.49647103981432, 43.22367011065841], [-96.47592943399395, 43.221539112090014], [-96.47474323111915, 43.20158324239496]]}}, {"id": "31373", "type": "Feature", "properties": {}, "geometry": {"type": "LineString", "coordinates": [[-96.5710327283457, 43.23820924111224], [-96.55891932313345, 43.22286223967349], [-96.53574745105949, 43.227645042275135], [-96.50878864197212, 43.2172625093049], [-96.49647103981432, 43.22367011065841]]}}, {"id": "31374", "type": "Feature", "properties": {}, "geometry": {"type": "LineString", "coordinates": [[-96.55323705944816, 43.259151312202135], [-96.54903852335471, 43.24695024386878], [-96.571188328231, 43.23896370786879]]}}, {"id": "31375", "type": "Feature", "properties": {}, "geometry": {"type": "LineString", "coordinates": [[-96.5758452665291, 43.26757631200766], [-96.55323705944816, 43.259151312202135]]}}, {"id": "31376", "type": "Feature", "properties": {}, "geometry": {"type": "LineString", "coordinates": [[-96.52697952557722, 43.30661205444634], [-96.55194513025431, 43.29298391693523], [-96.57225167032102, 43.29866484978664]]}}, {"id": "31377", "type": "Feature", "properties": {}, "geometry": {"type": "LineString", "coordinates": [[-96.53147906376618, 43.33167052425138], [-96.52697952557722, 43.30661205444634]]}}, {"id": "31378", "type": "Feature", "properties": {}, "geometry": {"type": "LineString", "coordinates": [[-96.52220166595704, 43.371963930600494], [-96.52853646766134, 43.36915806275212]]}}, {"id": "31379", "type": "Feature", "properties": {}, "geometry": {"type": "LineString", "coordinates": [[-96.5220912675002, 43.381244932157394], [-96.52220166595704, 43.371963930600494]]}}, {"id": "31380", "type": "Feature", "properties": {}, "geometry": {"type": "LineString", "coordinates": [[-96.53008887145667, 43.39684253374145], [-96.5220912675002, 43.381244932157394]]}}, {"id": "31381", "type": "Feature", "properties": {}, "geometry": {"type": "LineString", "coordinates": [[-96.55446854639642, 43.40534273334638], [-96.54413447558994, 43.396351332381286], [-96.53008887145667, 43.39684253374145]]}}, {"id": "31382", "type": "Feature", "properties": {}, "geometry": {"type": "LineString", "coordinates": [[-96.56179694858537, 43.412777066972666], [-96.55788374707055, 43.40728813304905]]}}, {"id": "31383", "type": "Feature", "properties": {}, "geometry": {"type": "LineString", "coordinates": [[-96.59273489283444, 43.43313753407401], [-96.57068655356781, 43.42892126888657], [-96.57358155333563, 43.419230267061636], [-96.56179694858537, 43.412777066972666]]}}, {"id": "31384", "type": "Feature", "properties": {}, "geometry": {"type": "LineString", "coordinates": [[-96.60082109762739, 43.44683333576353], [-96.59430256080309, 43.434326734265746]]}}, {"id": "31385", "type": "Feature", "properties": {}, "geometry": {"type": "LineString", "coordinates": [[-96.58511836230635, 43.465092739216985], [-96.59472436474474, 43.46196473821562]]}}, {"id": "31398", "type": "Feature", "properties": {}, "geometry": {"type": "LineString", "coordinates": [[-96.5826571634808, 43.480453474960925], [-96.58511836230635, 43.465092739216985]]}}, {"id": "31399", "type": "Feature", "properties": {}, "geometry": {"type": "LineString", "coordinates": [[-96.59893470380271, 43.49999227693396], [-96.5826571634808, 43.480453474960925]]}}, {"id": "31674", "type": "Feature", "properties": {}, "geometry": {"type": "LineString", "coordinates": [[-96.50243462799882, 42.599529686258045], [-96.50146482658103, 42.58960608464862], [-96.49162015704302, 42.5871800846657], [-96.49587615746687, 42.579859817080724], [-96.48587602099421, 42.575296883839066], [-96.49987895694812, 42.57004748161092], [-96.49858835546426, 42.55832001325943], [-96.47690521549659, 42.55557421439251], [-96.47926861294052, 42.525621810209714], [-96.49306921505479, 42.5170578076254], [-96.47791481048486, 42.51039620812807], [-96.47515114171662, 42.50001160679915]]}}, {"id": "31686", "type": "Feature", "properties": {}, "geometry": {"type": "LineString", "coordinates": [[-96.42446247291487, 43.11097223265888], [-96.44583580819555, 43.08211269370056], [-96.45441287671426, 43.082404626735276]]}}, {"id": "31687", "type": "Feature", "properties": {}, "geometry": {"type": "LineString", "coordinates": [[-96.39554306736369, 43.1309586379646], [-96.42150947342074, 43.12761530194435], [-96.42446247291487, 43.11097223265888]]}}, {"id": "31688", "type": "Feature", "properties": {}, "geometry": {"type": "LineString", "coordinates": [[-96.3912992004844, 43.13669683873579], [-96.39554306736369, 43.1309586379646]]}}, {"id": "31689", "type": "Feature", "properties": {}, "geometry": {"type": "LineString", "coordinates": [[-96.38368340028661, 43.155327442133434], [-96.3912992004844, 43.13669683873579]]}}, {"id": "31690", "type": "Feature", "properties": {}, "geometry": {"type": "LineString", "coordinates": [[-96.39395880481683, 43.16803684347753], [-96.38368340028661, 43.155327442133434]]}}, {"id": "31691", "type": "Feature", "properties": {}, "geometry": {"type": "LineString", "coordinates": [[-96.38324660256455, 43.1684258442187], [-96.39395880481683, 43.16803684347753]]}}, {"id": "31692", "type": "Feature", "properties": {}, "geometry": {"type": "LineString", "coordinates": [[-96.3625966662091, 43.187008115022714], [-96.38480847100969, 43.17948984535712], [-96.38324660256455, 43.1684258442187]]}}, {"id": "31693", "type": "Feature", "properties": {}, "geometry": {"type": "LineString", "coordinates": [[-96.28204338092098, 43.21555912469889], [-96.29053698427167, 43.22038972487792], [-96.3625966662091, 43.187008115022714]]}}, {"id": "31700", "type": "Feature", "properties": {}, "geometry": {"type": "LineString", "coordinates": [[-96.27223544708819, 43.22919592751566], [-96.2700301782871, 43.221719126317694], [-96.27831444722715, 43.22104152605145], [-96.2730711785431, 43.21680772561397], [-96.28204338092098, 43.21555912469889]]}}, {"id": "31701", "type": "Feature", "properties": {}, "geometry": {"type": "LineString", "coordinates": [[-96.25351397715379, 43.24190713061625], [-96.27223544708819, 43.22919592751566]]}}, {"id": "31712", "type": "Feature", "properties": {}, "geometry": {"type": "LineString", "coordinates": [[-96.24822524473322, 43.25919926697156], [-96.25351397715379, 43.24190713061625]]}}, {"id": "31713", "type": "Feature", "properties": {}, "geometry": {"type": "LineString", "coordinates": [[-96.24719944413724, 43.262308934260744], [-96.24822524473322, 43.25919926697156]]}}, {"id": "31714", "type": "Feature", "properties": {}, "geometry": {"type": "LineString", "coordinates": [[-96.20264476764117, 43.27315813883959], [-96.24719944413724, 43.262308934260744]]}}, {"id": "31715", "type": "Feature", "properties": {}, "geometry": {"type": "LineString", "coordinates": [[-96.17640802797243, 43.283092074966916], [-96.20264476764117, 43.27315813883959]]}}, {"id": "31716", "type": "Feature", "properties": {}, "geometry": {"type": "LineString", "coordinates": [[-96.17794402942897, 43.28670274218493], [-96.17640802797243, 43.283092074966916]]}}, {"id": "31717", "type": "Feature", "properties": {}, "geometry": {"type": "LineString", "coordinates": [[-96.16891016130012, 43.298477344972405], [-96.17794402942897, 43.28670274218493]]}}, {"id": "31718", "type": "Feature", "properties": {}, "geometry": {"type": "LineString", "coordinates": [[-96.16715802788114, 43.29904934467704], [-96.16891016130012, 43.298477344972405]]}}, {"id": "31719", "type": "Feature", "properties": {}, "geometry": {"type": "LineString", "coordinates": [[-96.15604742459698, 43.2968583452325], [-96.16715802788114, 43.29904934467704]]}}, {"id": "31720", "type": "Feature", "properties": {}, "geometry": {"type": "LineString", "coordinates": [[-96.13833642011834, 43.30024374711128], [-96.15604742459698, 43.2968583452325]]}}, {"id": "31721", "type": "Feature", "properties": {}, "geometry": {"type": "LineString", "coordinates": [[-96.13217195246662, 43.30527234844655], [-96.13833642011834, 43.30024374711128]]}}, {"id": "31722", "type": "Feature", "properties": {}, "geometry": {"type": "LineString", "coordinates": [[-96.11889981755591, 43.32015108470425], [-96.13286122080098, 43.31487188299078], [-96.13217195246662, 43.30527234844655]]}}, {"id": "31723", "type": "Feature", "properties": {}, "geometry": {"type": "LineString", "coordinates": [[-96.1157374171758, 43.32410468570312], [-96.11889981755591, 43.32015108470425]]}}, {"id": "31724", "type": "Feature", "properties": {}, "geometry": {"type": "LineString", "coordinates": [[-96.10546841493858, 43.32510855264015], [-96.1157374171758, 43.32410468570312]]}}, {"id": "31725", "type": "Feature", "properties": {}, "geometry": {"type": "LineString", "coordinates": [[-96.08198720799655, 43.32686075516413], [-96.10546841493858, 43.32510855264015]]}}, {"id": "31726", "type": "Feature", "properties": {}, "geometry": {"type": "LineString", "coordinates": [[-96.07075540401424, 43.318878954635316], [-96.08198720799655, 43.32686075516413]]}}, {"id": "31727", "type": "Feature", "properties": {}, "geometry": {"type": "LineString", "coordinates": [[-96.07454920415643, 43.311910086753144], [-96.07075540401424, 43.318878954635316]]}}, {"id": "31728", "type": "Feature", "properties": {}, "geometry": {"type": "LineString", "coordinates": [[-96.07167280310826, 43.30854895319258], [-96.07454920415643, 43.311910086753144]]}}, {"id": "31729", "type": "Feature", "properties": {}, "geometry": {"type": "LineString", "coordinates": [[-96.05753493211382, 43.3010444858393], [-96.07167280310826, 43.30854895319258]]}}, {"id": "31828", "type": "Feature", "properties": {}, "geometry": {"type": "LineString", "coordinates": [[-96.25149358073985, 43.278521669434475], [-96.24719944413724, 43.262308934260744]]}}, {"id": "31829", "type": "Feature", "properties": {}, "geometry": {"type": "LineString", "coordinates": [[-96.24936444775234, 43.28114093655533], [-96.25149358073985, 43.278521669434475]]}}, {"id": "31830", "type": "Feature", "properties": {}, "geometry": {"type": "LineString", "coordinates": [[-96.24272264769799, 43.29257647216569], [-96.24936444775234, 43.28114093655533]]}}, {"id": "31831", "type": "Feature", "properties": {}, "geometry": {"type": "LineString", "coordinates": [[-96.23506044592254, 43.295052339488166], [-96.24272264769799, 43.29257647216569]]}}, {"id": "31832", "type": "Feature", "properties": {}, "geometry": {"type": "LineString", "coordinates": [[-96.22400664491042, 43.31001047605909], [-96.22374257704782, 43.30143934141087], [-96.23506044592254, 43.295052339488166]]}}, {"id": "31833", "type": "Feature", "properties": {}, "geometry": {"type": "LineString", "coordinates": [[-96.2213193778571, 43.31307547620675], [-96.22400664491042, 43.31001047605909]]}}, {"id": "31834", "type": "Feature", "properties": {}, "geometry": {"type": "LineString", "coordinates": [[-96.20569097543088, 43.330709346478045], [-96.2213193778571, 43.31307547620675]]}}, {"id": "31835", "type": "Feature", "properties": {}, "geometry": {"type": "LineString", "coordinates": [[-96.19939837388367, 43.331536080483836], [-96.20569097543088, 43.330709346478045]]}}, {"id": "31836", "type": "Feature", "properties": {}, "geometry": {"type": "LineString", "coordinates": [[-96.19479757310431, 43.33336728120021], [-96.19939837388367, 43.331536080483836]]}}, {"id": "31837", "type": "Feature", "properties": {}, "geometry": {"type": "LineString", "coordinates": [[-96.17291996853888, 43.34663395131284], [-96.19479757310431, 43.33336728120021]]}}, {"id": "31838", "type": "Feature", "properties": {}, "geometry": {"type": "LineString", "coordinates": [[-96.16891203428747, 43.3480066851756], [-96.17291996853888, 43.34663395131284]]}}, {"id": "31839", "type": "Feature", "properties": {}, "geometry": {"type": "LineString", "coordinates": [[-96.16418543433403, 43.35276228626592], [-96.16891203428747, 43.3480066851756]]}}, {"id": "31840", "type": "Feature", "properties": {}, "geometry": {"type": "LineString", "coordinates": [[-96.16221636765543, 43.360625287665975], [-96.16418543433403, 43.35276228626592]]}}, {"id": "31841", "type": "Feature", "properties": {}, "geometry": {"type": "LineString", "coordinates": [[-96.15094396700881, 43.37518689020666], [-96.16221636765543, 43.360625287665975]]}}, {"id": "31842", "type": "Feature", "properties": {}, "geometry": {"type": "LineString", "coordinates": [[-96.14001016474896, 43.385473092924954], [-96.15094396700881, 43.37518689020666]]}}, {"id": "31843", "type": "Feature", "properties": {}, "geometry": {"type": "LineString", "coordinates": [[-96.14048056575086, 43.38787289314127], [-96.14001016474896, 43.385473092924954]]}}, {"id": "31844", "type": "Feature", "properties": {}, "geometry": {"type": "LineString", "coordinates": [[-96.15022956920271, 43.395025759948105], [-96.14048056575086, 43.38787289314127]]}}, {"id": "31845", "type": "Feature", "properties": {}, "geometry": {"type": "LineString", "coordinates": [[-96.15123677107903, 43.40887616179461], [-96.14161096797515, 43.401174895096055], [-96.15022956920271, 43.395025759948105]]}}, {"id": "31846", "type": "Feature", "properties": {}, "geometry": {"type": "LineString", "coordinates": [[-96.15606657308557, 43.413629362375154], [-96.15123677107903, 43.40887616179461]]}}, {"id": "31847", "type": "Feature", "properties": {}, "geometry": {"type": "LineString", "coordinates": [[-96.15625897425312, 43.424920163805304], [-96.16500677657473, 43.42199269638971], [-96.15606657308557, 43.413629362375154]]}}, {"id": "31848", "type": "Feature", "properties": {}, "geometry": {"type": "LineString", "coordinates": [[-96.16494944429665, 43.432460697718604], [-96.15625897425312, 43.424920163805304]]}}, {"id": "31866", "type": "Feature", "properties": {}, "geometry": {"type": "LineString", "coordinates": [[-96.16727297899985, 43.43730556476947], [-96.16494944429665, 43.432460697718604]]}}, {"id": "31867", "type": "Feature", "properties": {}, "geometry": {"type": "LineString", "coordinates": [[-96.16825178063849, 43.448687366793656], [-96.16727297899985, 43.43730556476947]]}}, {"id": "31873", "type": "Feature", "properties": {}, "geometry": {"type": "LineString", "coordinates": [[-96.17999498563056, 43.462602767620076], [-96.16825178063849, 43.448687366793656]]}}, {"id": "31874", "type": "Feature", "properties": {}, "geometry": {"type": "LineString", "coordinates": [[-96.17906058681811, 43.4723169027025], [-96.17999498563056, 43.462602767620076]]}}, {"id": "31875", "type": "Feature", "properties": {}, "geometry": {"type": "LineString", "coordinates": [[-96.18763785745774, 43.48323856985151], [-96.17906058681811, 43.4723169027025]]}}, {"id": "31876", "type": "Feature", "properties": {}, "geometry": {"type": "LineString", "coordinates": [[-96.18451145885926, 43.49942177295389], [-96.18039238953247, 43.491103904798344], [-96.18763785745774, 43.48323856985151]]}}, {"id": "31877", "type": "Feature", "properties": {}, "geometry": {"type": "LineString", "coordinates": [[-96.18432145888846, 43.499991706119246], [-96.18451145885926, 43.49942177295389]]}}, {"id": "31878", "type": "Feature", "properties": {}, "geometry": {"type": "LineString", "coordinates": [[-96.18137305876857, 43.50542850732961], [-96.18432145888846, 43.499991706119246]]}}, {"id": "31977", "type": "Feature", "properties": {}, "geometry": {"type": "LineString", "coordinates": [[-93.59498715142847, 40.62235536620376], [-93.59498795092907, 40.620684965666776]]}}, {"id": "32000", "type": "Feature", "properties": {}, "geometry": {"type": "LineString", "coordinates": [[-94.24116596420782, 42.726178790348555], [-94.235595029634, 42.727848657556216]]}}, {"id": "32001", "type": "Feature", "properties": {}, "geometry": {"type": "LineString", "coordinates": [[-94.235595029634, 42.727848657556216], [-94.21998675755498, 42.718508057462685], [-94.21949401994355, 42.68393478516363]]}}, {"id": "32002", "type": "Feature", "properties": {}, "geometry": {"type": "LineString", "coordinates": [[-94.25629036953885, 42.73295979013013], [-94.24116596420782, 42.726178790348555]]}}, {"id": "32003", "type": "Feature", "properties": {}, "geometry": {"type": "LineString", "coordinates": [[-94.21949401994355, 42.68393478516363], [-94.21313661752501, 42.67693465103169]]}}, {"id": "32004", "type": "Feature", "properties": {}, "geometry": {"type": "LineString", "coordinates": [[-94.2814838462608, 42.75669725859565], [-94.25918137180365, 42.74991339267979], [-94.25629036953885, 42.73295979013013]]}}, {"id": "32005", "type": "Feature", "properties": {}, "geometry": {"type": "LineString", "coordinates": [[-94.29610304985582, 42.75523365754244], [-94.2814838462608, 42.75669725859565]]}}, {"id": "32006", "type": "Feature", "properties": {}, "geometry": {"type": "LineString", "coordinates": [[-94.37493700819915, 42.781746456464774], [-94.37013387358016, 42.782089257206486]]}}, {"id": "32007", "type": "Feature", "properties": {}, "geometry": {"type": "LineString", "coordinates": [[-94.43859809530528, 42.80876978946949], [-94.4208230885576, 42.79539905543217]]}}, {"id": "32008", "type": "Feature", "properties": {}, "geometry": {"type": "LineString", "coordinates": [[-94.41755428722364, 42.789116788113006], [-94.3973936820681, 42.791555856421304], [-94.3807682089653, 42.780811989499625]]}}, {"id": "32009", "type": "Feature", "properties": {}, "geometry": {"type": "LineString", "coordinates": [[-94.34794806512558, 42.762228055423314], [-94.33943879515633, 42.75471838778105]]}}, {"id": "32010", "type": "Feature", "properties": {}, "geometry": {"type": "LineString", "coordinates": [[-94.4208230885576, 42.79539905543217], [-94.41755428722364, 42.789116788113006]]}}, {"id": "32011", "type": "Feature", "properties": {}, "geometry": {"type": "LineString", "coordinates": [[-94.37013387358016, 42.782089257206486], [-94.35295340153189, 42.77556385695048], [-94.34794806512558, 42.762228055423314]]}}, {"id": "32012", "type": "Feature", "properties": {}, "geometry": {"type": "LineString", "coordinates": [[-94.44452763105231, 42.81172698987337], [-94.43859809530528, 42.80876978946949]]}}, {"id": "32013", "type": "Feature", "properties": {}, "geometry": {"type": "LineString", "coordinates": [[-94.3807682089653, 42.780811989499625], [-94.37493700819915, 42.781746456464774]]}}, {"id": "32014", "type": "Feature", "properties": {}, "geometry": {"type": "LineString", "coordinates": [[-94.33943879515633, 42.75471838778105], [-94.29610304985582, 42.75523365754244]]}}, {"id": "32015", "type": "Feature", "properties": {}, "geometry": {"type": "LineString", "coordinates": [[-94.44830469917402, 42.816068056792744], [-94.44452763105231, 42.81172698987337]]}}, {"id": "32016", "type": "Feature", "properties": {}, "geometry": {"type": "LineString", "coordinates": [[-94.52566447362712, 42.97808780933834], [-94.52136766633316, 42.9327204030378]]}}, {"id": "32017", "type": "Feature", "properties": {}, "geometry": {"type": "LineString", "coordinates": [[-94.526503541425, 42.984633144078614], [-94.52566447362712, 42.97808780933834]]}}, {"id": "32029", "type": "Feature", "properties": {}, "geometry": {"type": "LineString", "coordinates": [[-94.65930978581802, 43.05208981168721], [-94.62525870749393, 43.02863341037915], [-94.54953348417563, 43.01276154640271]]}}, {"id": "32030", "type": "Feature", "properties": {}, "geometry": {"type": "LineString", "coordinates": [[-94.664394987843, 43.05586114526058], [-94.65930978581802, 43.05208981168721]]}}, {"id": "32031", "type": "Feature", "properties": {}, "geometry": {"type": "LineString", "coordinates": [[-94.66661098881679, 43.0586500119629], [-94.664394987843, 43.05586114526058]]}}, {"id": "32032", "type": "Feature", "properties": {}, "geometry": {"type": "LineString", "coordinates": [[-94.67409872428934, 43.06262581218869], [-94.66474332217082, 43.06377294630586], [-94.66661098881679, 43.0586500119629]]}}, {"id": "32033", "type": "Feature", "properties": {}, "geometry": {"type": "LineString", "coordinates": [[-94.68077712709825, 43.06735614598653], [-94.67409872428934, 43.06262581218869]]}}, {"id": "32034", "type": "Feature", "properties": {}, "geometry": {"type": "LineString", "coordinates": [[-94.6861767960665, 43.07117201242658], [-94.68077712709825, 43.06735614598653]]}}, {"id": "32035", "type": "Feature", "properties": {}, "geometry": {"type": "LineString", "coordinates": [[-94.6980402001352, 43.079968612929605], [-94.6861767960665, 43.07117201242658]]}}, {"id": "32036", "type": "Feature", "properties": {}, "geometry": {"type": "LineString", "coordinates": [[-94.71621873998998, 43.0948413477823], [-94.6980402001352, 43.079968612929605]]}}, {"id": "32037", "type": "Feature", "properties": {}, "geometry": {"type": "LineString", "coordinates": [[-94.7138103414419, 43.11187881670579], [-94.71621873998998, 43.0948413477823]]}}, {"id": "32038", "type": "Feature", "properties": {}, "geometry": {"type": "LineString", "coordinates": [[-94.71101140840888, 43.11876401819695], [-94.7138103414419, 43.11187881670579]]}}, {"id": "32039", "type": "Feature", "properties": {}, "geometry": {"type": "LineString", "coordinates": [[-94.7077417419973, 43.12432301938009], [-94.71101140840888, 43.11876401819695]]}}, {"id": "32040", "type": "Feature", "properties": {}, "geometry": {"type": "LineString", "coordinates": [[-94.70609634460378, 43.15343342338664], [-94.69923914112071, 43.14006142212714], [-94.7077417419973, 43.12432301938009]]}}, {"id": "32041", "type": "Feature", "properties": {}, "geometry": {"type": "LineString", "coordinates": [[-94.70625361176224, 43.154233556842705], [-94.70609634460378, 43.15343342338664]]}}, {"id": "32042", "type": "Feature", "properties": {}, "geometry": {"type": "LineString", "coordinates": [[-94.70877621492905, 43.170741226201656], [-94.70625361176224, 43.154233556842705]]}}, {"id": "32047", "type": "Feature", "properties": {}, "geometry": {"type": "LineString", "coordinates": [[-94.72602255504718, 43.1893396275223], [-94.70877621492905, 43.170741226201656]]}}, {"id": "32048", "type": "Feature", "properties": {}, "geometry": {"type": "LineString", "coordinates": [[-94.72711835506506, 43.19050476125217], [-94.72602255504718, 43.1893396275223]]}}, {"id": "32049", "type": "Feature", "properties": {}, "geometry": {"type": "LineString", "coordinates": [[-94.72762282287748, 43.1929966282562], [-94.72711835506506, 43.19050476125217]]}}, {"id": "32050", "type": "Feature", "properties": {}, "geometry": {"type": "LineString", "coordinates": [[-94.72878182296883, 43.19443616148452], [-94.72762282287748, 43.1929966282562]]}}, {"id": "32051", "type": "Feature", "properties": {}, "geometry": {"type": "LineString", "coordinates": [[-94.7339883586426, 43.20424056281241], [-94.72878182296883, 43.19443616148452]]}}, {"id": "32052", "type": "Feature", "properties": {}, "geometry": {"type": "LineString", "coordinates": [[-94.73524162614324, 43.20581696308548], [-94.7339883586426, 43.20424056281241]]}}, {"id": "32053", "type": "Feature", "properties": {}, "geometry": {"type": "LineString", "coordinates": [[-94.7354920261388, 43.20599962974929], [-94.73524162614324, 43.20581696308548]]}}, {"id": "32054", "type": "Feature", "properties": {}, "geometry": {"type": "LineString", "coordinates": [[-94.73875476114964, 43.211941430073935], [-94.7354920261388, 43.20599962974929]]}}, {"id": "32055", "type": "Feature", "properties": {}, "geometry": {"type": "LineString", "coordinates": [[-94.74081916153779, 43.21251083019661], [-94.73875476114964, 43.211941430073935]]}}, {"id": "32056", "type": "Feature", "properties": {}, "geometry": {"type": "LineString", "coordinates": [[-94.7434424308136, 43.22641056549186], [-94.74081916153779, 43.21251083019661]]}}, {"id": "32057", "type": "Feature", "properties": {}, "geometry": {"type": "LineString", "coordinates": [[-94.75740347922414, 43.27064912543931], [-94.7384248342003, 43.25913617054554], [-94.7434424308136, 43.22641056549186]]}}, {"id": "32058", "type": "Feature", "properties": {}, "geometry": {"type": "LineString", "coordinates": [[-94.7633876424219, 43.275792837797624], [-94.75740347922414, 43.27064912543931]]}}, {"id": "32059", "type": "Feature", "properties": {}, "geometry": {"type": "LineString", "coordinates": [[-94.76935884472677, 43.27943417154493], [-94.7633876424219, 43.275792837797624]]}}, {"id": "32060", "type": "Feature", "properties": {}, "geometry": {"type": "LineString", "coordinates": [[-94.77098537839764, 43.27993883821459], [-94.76935884472677, 43.27943417154493]]}}, {"id": "32061", "type": "Feature", "properties": {}, "geometry": {"type": "LineString", "coordinates": [[-94.78605298415155, 43.29227617221363], [-94.77098537839764, 43.27993883821459]]}}, {"id": "32062", "type": "Feature", "properties": {}, "geometry": {"type": "LineString", "coordinates": [[-94.78999278568024, 43.2954347721947], [-94.78605298415155, 43.29227617221363]]}}, {"id": "32063", "type": "Feature", "properties": {}, "geometry": {"type": "LineString", "coordinates": [[-94.78043465356504, 43.32282044365963], [-94.7796131846619, 43.30690517466772], [-94.78999278568024, 43.2954347721947]]}}, {"id": "32064", "type": "Feature", "properties": {}, "geometry": {"type": "LineString", "coordinates": [[-94.79197605831675, 43.334536578079444], [-94.78043465356504, 43.32282044365963]]}}, {"id": "32065", "type": "Feature", "properties": {}, "geometry": {"type": "LineString", "coordinates": [[-94.78924065863221, 43.34192024626155], [-94.79197605831675, 43.334536578079444]]}}, {"id": "32066", "type": "Feature", "properties": {}, "geometry": {"type": "LineString", "coordinates": [[-94.79247946072725, 43.356853781426864], [-94.78924065863221, 43.34192024626155]]}}, {"id": "32067", "type": "Feature", "properties": {}, "geometry": {"type": "LineString", "coordinates": [[-94.79109846087803, 43.35854484857045], [-94.79247946072725, 43.356853781426864]]}}, {"id": "32068", "type": "Feature", "properties": {}, "geometry": {"type": "LineString", "coordinates": [[-94.79319806175054, 43.35854638148894], [-94.79109846087803, 43.35854484857045]]}}, {"id": "32069", "type": "Feature", "properties": {}, "geometry": {"type": "LineString", "coordinates": [[-94.81091386952103, 43.380073583875806], [-94.79319806175054, 43.35854638148894]]}}, {"id": "32070", "type": "Feature", "properties": {}, "geometry": {"type": "LineString", "coordinates": [[-94.83043927504086, 43.38728498332749], [-94.81091386952103, 43.380073583875806]]}}, {"id": "32071", "type": "Feature", "properties": {}, "geometry": {"type": "LineString", "coordinates": [[-94.8452954811573, 43.39831025062568], [-94.83043927504086, 43.38728498332749]]}}, {"id": "32072", "type": "Feature", "properties": {}, "geometry": {"type": "LineString", "coordinates": [[-94.84146401465523, 43.41166258593621], [-94.8452954811573, 43.39831025062568]]}}, {"id": "32073", "type": "Feature", "properties": {}, "geometry": {"type": "LineString", "coordinates": [[-94.84371281850994, 43.43439105591119], [-94.83452008242476, 43.433359456433394], [-94.83185868056341, 43.42402978881602], [-94.84146401465523, 43.41166258593621]]}}, {"id": "32074", "type": "Feature", "properties": {}, "geometry": {"type": "LineString", "coordinates": [[-94.85171188851696, 43.44065758945076], [-94.84371281850994, 43.43439105591119]]}}, {"id": "32075", "type": "Feature", "properties": {}, "geometry": {"type": "LineString", "coordinates": [[-94.86988069422732, 43.447632789542986], [-94.85171188851696, 43.44065758945076]]}}, {"id": "32076", "type": "Feature", "properties": {}, "geometry": {"type": "LineString", "coordinates": [[-94.86645969492804, 43.459750991823306], [-94.86988069422732, 43.447632789542986]]}}, {"id": "32077", "type": "Feature", "properties": {}, "geometry": {"type": "LineString", "coordinates": [[-94.86247229526572, 43.4729665936719], [-94.86645969492804, 43.459750991823306]]}}, {"id": "32078", "type": "Feature", "properties": {}, "geometry": {"type": "LineString", "coordinates": [[-94.86485822964349, 43.47868299432883], [-94.86247229526572, 43.4729665936719]]}}, {"id": "32079", "type": "Feature", "properties": {}, "geometry": {"type": "LineString", "coordinates": [[-94.86909723124721, 43.480946594810334], [-94.86485822964349, 43.47868299432883]]}}, {"id": "32080", "type": "Feature", "properties": {}, "geometry": {"type": "LineString", "coordinates": [[-94.87848683492356, 43.48588486130701], [-94.86909723124721, 43.480946594810334]]}}, {"id": "32081", "type": "Feature", "properties": {}, "geometry": {"type": "LineString", "coordinates": [[-94.89984504167654, 43.49436366099278], [-94.87848683492356, 43.48588486130701]]}}, {"id": "32082", "type": "Feature", "properties": {}, "geometry": {"type": "LineString", "coordinates": [[-94.90042884330495, 43.50421679592756], [-94.90374971009447, 43.499976395120285]]}}, {"id": "32083", "type": "Feature", "properties": {}, "geometry": {"type": "LineString", "coordinates": [[-94.90374971009447, 43.499976395120285], [-94.89984504167654, 43.49436366099278]]}}, {"id": "32234", "type": "Feature", "properties": {}, "geometry": {"type": "LineString", "coordinates": [[-94.79319806175054, 43.35854638148894], [-94.79247946072725, 43.356853781426864]]}}, {"id": "32253", "type": "Feature", "properties": {}, "geometry": {"type": "LineString", "coordinates": [[-94.74081916153779, 43.21251083019661], [-94.73875476114964, 43.211941430073935]]}}, {"id": "32264", "type": "Feature", "properties": {}, "geometry": {"type": "LineString", "coordinates": [[-94.73524162614324, 43.20581696308548], [-94.7339883586426, 43.20424056281241]]}}, {"id": "32265", "type": "Feature", "properties": {}, "geometry": {"type": "LineString", "coordinates": [[-94.72878182296883, 43.19443616148452], [-94.72762282287748, 43.1929966282562]]}}, {"id": "32266", "type": "Feature", "properties": {}, "geometry": {"type": "LineString", "coordinates": [[-94.72711835506506, 43.19050476125217], [-94.72602255504718, 43.1893396275223]]}}, {"id": "32278", "type": "Feature", "properties": {}, "geometry": {"type": "LineString", "coordinates": [[-94.71101140840888, 43.11876401819695], [-94.7138103414419, 43.11187881670579]]}}, {"id": "32298", "type": "Feature", "properties": {}, "geometry": {"type": "LineString", "coordinates": [[-94.6908211965782, 43.06831101211703], [-94.6861767960665, 43.07117201242658]]}}, {"id": "32299", "type": "Feature", "properties": {}, "geometry": {"type": "LineString", "coordinates": [[-94.67409872428934, 43.06262581218869], [-94.67066599029751, 43.059929012070484]]}}, {"id": "32300", "type": "Feature", "properties": {}, "geometry": {"type": "LineString", "coordinates": [[-94.67066599029751, 43.059929012070484], [-94.664394987843, 43.05586114526058]]}}, {"id": "32368", "type": "Feature", "properties": {}, "geometry": {"type": "LineString", "coordinates": [[-94.21313661752501, 42.67693465103169], [-94.19789801296517, 42.67657578543138]]}}, {"id": "32369", "type": "Feature", "properties": {}, "geometry": {"type": "LineString", "coordinates": [[-94.45490996833902, 42.82545025751875], [-94.4492966988608, 42.81708679034888]]}}, {"id": "32370", "type": "Feature", "properties": {}, "geometry": {"type": "LineString", "coordinates": [[-94.4568624359478, 42.82946099145899], [-94.45490996833902, 42.82545025751875]]}}, {"id": "32378", "type": "Feature", "properties": {}, "geometry": {"type": "LineString", "coordinates": [[-94.6908211965782, 43.06831101211703], [-94.68077712709825, 43.06735614598653]]}}, {"id": "32382", "type": "Feature", "properties": {}, "geometry": {"type": "LineString", "coordinates": [[-94.4492966988608, 42.81708679034888], [-94.44830469917402, 42.816068056792744]]}}, {"id": "32385", "type": "Feature", "properties": {}, "geometry": {"type": "LineString", "coordinates": [[-94.54953348417563, 43.01276154640271], [-94.53355247952565, 43.00906821363879]]}}, {"id": "32386", "type": "Feature", "properties": {}, "geometry": {"type": "LineString", "coordinates": [[-94.53355247952565, 43.00906821363879], [-94.52878734364316, 42.999986946040885]]}}, {"id": "32387", "type": "Feature", "properties": {}, "geometry": {"type": "LineString", "coordinates": [[-94.52878734364316, 42.999986946040885], [-94.526503541425, 42.984633144078614]]}}, {"id": "32396", "type": "Feature", "properties": {}, "geometry": {"type": "LineString", "coordinates": [[-94.70609634460378, 43.15343342338664], [-94.70665260837717, 43.12693061970086]]}}, {"id": "32397", "type": "Feature", "properties": {}, "geometry": {"type": "LineString", "coordinates": [[-94.6980402001352, 43.079968612929605], [-94.6908211965782, 43.06831101211703]]}}, {"id": "32398", "type": "Feature", "properties": {}, "geometry": {"type": "LineString", "coordinates": [[-94.67066599029751, 43.059929012070484], [-94.66661098881679, 43.0586500119629]]}}, {"id": "32405", "type": "Feature", "properties": {}, "geometry": {"type": "LineString", "coordinates": [[-94.52136766633316, 42.9327204030378], [-94.51847873199014, 42.925235268783865], [-94.48093165312538, 42.90990000200369]]}}, {"id": "32406", "type": "Feature", "properties": {}, "geometry": {"type": "LineString", "coordinates": [[-94.4434713066013, 42.89239266842821], [-94.44263210495446, 42.87950679987717], [-94.4600411730897, 42.8520931281319]]}}, {"id": "32407", "type": "Feature", "properties": {}, "geometry": {"type": "LineString", "coordinates": [[-94.4600411730897, 42.8520931281319], [-94.4589695054136, 42.84853566137662]]}}, {"id": "32408", "type": "Feature", "properties": {}, "geometry": {"type": "LineString", "coordinates": [[-94.4589695054136, 42.84853566137662], [-94.45738730360202, 42.830748191726705]]}}, {"id": "32409", "type": "Feature", "properties": {}, "geometry": {"type": "LineString", "coordinates": [[-94.45738730360202, 42.830748191726705], [-94.4568624359478, 42.82946099145899]]}}, {"id": "32412", "type": "Feature", "properties": {}, "geometry": {"type": "LineString", "coordinates": [[-94.48093165312538, 42.90990000200369], [-94.4434713066013, 42.89239266842821]]}}, {"id": "32835", "type": "Feature", "properties": {}, "geometry": {"type": "LineString", "coordinates": [[-93.6406109398936, 41.63962925993196], [-93.64439367279151, 41.62964252463251]]}}, {"id": "32836", "type": "Feature", "properties": {}, "geometry": {"type": "LineString", "coordinates": [[-93.64439367279151, 41.62964252463251], [-93.64506393906265, 41.62470832391642]]}}, {"id": "32837", "type": "Feature", "properties": {}, "geometry": {"type": "LineString", "coordinates": [[-93.64506393906265, 41.62470832391642], [-93.64110947074033, 41.619392323402714]]}}, {"id": "32838", "type": "Feature", "properties": {}, "geometry": {"type": "LineString", "coordinates": [[-93.64110947074033, 41.619392323402714], [-93.6113435278997, 41.60918905731325], [-93.61848692834407, 41.59108725344104], [-93.61189032522661, 41.57976951889466]]}}, {"id": "32839", "type": "Feature", "properties": {}, "geometry": {"type": "LineString", "coordinates": [[-93.66611248126586, 41.647603126481094], [-93.66218047980878, 41.64578865972321]]}}, {"id": "32840", "type": "Feature", "properties": {}, "geometry": {"type": "LineString", "coordinates": [[-93.66218047980878, 41.64578865972321], [-93.6406109398936, 41.63962925993196]]}}, {"id": "32841", "type": "Feature", "properties": {}, "geometry": {"type": "LineString", "coordinates": [[-93.6670670813924, 41.65164286013926], [-93.66611248126586, 41.647603126481094]]}}, {"id": "32842", "type": "Feature", "properties": {}, "geometry": {"type": "LineString", "coordinates": [[-93.68032408957205, 41.68707966474039], [-93.6716629531158, 41.68269953131534]]}}, {"id": "32843", "type": "Feature", "properties": {}, "geometry": {"type": "LineString", "coordinates": [[-93.68147915683912, 41.6933355326424], [-93.68032408957205, 41.68707966474039]]}}, {"id": "32844", "type": "Feature", "properties": {}, "geometry": {"type": "LineString", "coordinates": [[-93.6716629531158, 41.68269953131534], [-93.6670670813924, 41.65164286013926]]}}, {"id": "32845", "type": "Feature", "properties": {}, "geometry": {"type": "LineString", "coordinates": [[-93.67421288842343, 41.69686593337428], [-93.68147915683912, 41.6933355326424]]}}, {"id": "32846", "type": "Feature", "properties": {}, "geometry": {"type": "LineString", "coordinates": [[-93.67406828840878, 41.69867453413644], [-93.67418908845828, 41.69702733353412]]}}, {"id": "32847", "type": "Feature", "properties": {}, "geometry": {"type": "LineString", "coordinates": [[-93.67418908845828, 41.69702733353412], [-93.67421288842343, 41.69686593337428]]}}, {"id": "32848", "type": "Feature", "properties": {}, "geometry": {"type": "LineString", "coordinates": [[-93.67552089027433, 41.70498906818376], [-93.67534315679875, 41.70441633495659]]}}, {"id": "32849", "type": "Feature", "properties": {}, "geometry": {"type": "LineString", "coordinates": [[-93.67534315679875, 41.70441633495659], [-93.67510435585012, 41.70364686815935]]}}, {"id": "32850", "type": "Feature", "properties": {}, "geometry": {"type": "LineString", "coordinates": [[-93.67510435585012, 41.70364686815935], [-93.67493168977106, 41.70224706785096]]}}, {"id": "32851", "type": "Feature", "properties": {}, "geometry": {"type": "LineString", "coordinates": [[-93.67431295535619, 41.69931506766578], [-93.67406828840878, 41.69867453413644]]}}, {"id": "32852", "type": "Feature", "properties": {}, "geometry": {"type": "LineString", "coordinates": [[-93.67493168977106, 41.70224706785096], [-93.67492568902496, 41.70219786780176]]}}, {"id": "32853", "type": "Feature", "properties": {}, "geometry": {"type": "LineString", "coordinates": [[-93.67492568902496, 41.70219786780176], [-93.67431295535619, 41.69931506766578]]}}, {"id": "32865", "type": "Feature", "properties": {}, "geometry": {"type": "LineString", "coordinates": [[-93.80078033496488, 41.80350734217769], [-93.79104379923088, 41.801779675854036]]}}, {"id": "32866", "type": "Feature", "properties": {}, "geometry": {"type": "LineString", "coordinates": [[-93.79104379923088, 41.801779675854036], [-93.79100839932048, 41.80176634304375]]}}, {"id": "32867", "type": "Feature", "properties": {}, "geometry": {"type": "LineString", "coordinates": [[-93.82667194279978, 41.8101821420606], [-93.80078033496488, 41.80350734217769]]}}, {"id": "32868", "type": "Feature", "properties": {}, "geometry": {"type": "LineString", "coordinates": [[-93.84389561662668, 41.82676467661308], [-93.82667194279978, 41.8101821420606]]}}, {"id": "32869", "type": "Feature", "properties": {}, "geometry": {"type": "LineString", "coordinates": [[-93.84379275054349, 41.83601594517874], [-93.84389561662668, 41.82676467661308]]}}, {"id": "32870", "type": "Feature", "properties": {}, "geometry": {"type": "LineString", "coordinates": [[-93.83911375052034, 41.8461294798196], [-93.84379275054349, 41.83601594517874]]}}, {"id": "32871", "type": "Feature", "properties": {}, "geometry": {"type": "LineString", "coordinates": [[-93.86597242799625, 41.872893682791535], [-93.8689979610597, 41.86875308160576]]}}, {"id": "32872", "type": "Feature", "properties": {}, "geometry": {"type": "LineString", "coordinates": [[-93.85847882382994, 41.85557168038074], [-93.85354662286419, 41.85616014760117]]}}, {"id": "32873", "type": "Feature", "properties": {}, "geometry": {"type": "LineString", "coordinates": [[-93.8689979610597, 41.86875308160576], [-93.85847882382994, 41.85557168038074]]}}, {"id": "32874", "type": "Feature", "properties": {}, "geometry": {"type": "LineString", "coordinates": [[-93.85081302070851, 41.85034814662584], [-93.83911375052034, 41.8461294798196]]}}, {"id": "32875", "type": "Feature", "properties": {}, "geometry": {"type": "LineString", "coordinates": [[-93.85354662286419, 41.85616014760117], [-93.85081302070851, 41.85034814662584]]}}, {"id": "32876", "type": "Feature", "properties": {}, "geometry": {"type": "LineString", "coordinates": [[-93.86011616064043, 41.88536955165896], [-93.86483256202044, 41.882966684340836]]}}, {"id": "32877", "type": "Feature", "properties": {}, "geometry": {"type": "LineString", "coordinates": [[-93.86635463330188, 41.9166538894426], [-93.86011616064043, 41.88536955165896]]}}, {"id": "32878", "type": "Feature", "properties": {}, "geometry": {"type": "LineString", "coordinates": [[-93.89224777815421, 41.961136694446125], [-93.88734897655073, 41.95736829477879]]}}, {"id": "32879", "type": "Feature", "properties": {}, "geometry": {"type": "LineString", "coordinates": [[-93.88734897655073, 41.95736829477879], [-93.88251564147016, 41.95145496072479], [-93.89113317639746, 41.94821389281326]]}}, {"id": "32880", "type": "Feature", "properties": {}, "geometry": {"type": "LineString", "coordinates": [[-93.90253844955271, 41.97659396310209], [-93.89709464725284, 41.96664756170207]]}}, {"id": "32881", "type": "Feature", "properties": {}, "geometry": {"type": "LineString", "coordinates": [[-93.89709464725284, 41.96664756170207], [-93.89259597863308, 41.961678894971755]]}}, {"id": "32882", "type": "Feature", "properties": {}, "geometry": {"type": "LineString", "coordinates": [[-93.89259597863308, 41.961678894971755], [-93.89224777815421, 41.961136694446125]]}}, {"id": "32883", "type": "Feature", "properties": {}, "geometry": {"type": "LineString", "coordinates": [[-93.88264303874712, 41.92919355736217], [-93.88227883837475, 41.92918755717887]]}}, {"id": "32884", "type": "Feature", "properties": {}, "geometry": {"type": "LineString", "coordinates": [[-93.88227883837475, 41.92918755717887], [-93.86941476857173, 41.92683009107614], [-93.86635463330188, 41.9166538894426]]}}, {"id": "32885", "type": "Feature", "properties": {}, "geometry": {"type": "LineString", "coordinates": [[-93.89113317639746, 41.94821389281326], [-93.90289944563447, 41.94025355755065], [-93.88264303874712, 41.92919355736217]]}}, {"id": "32886", "type": "Feature", "properties": {}, "geometry": {"type": "LineString", "coordinates": [[-93.89346058283952, 41.99347996661738], [-93.90253844955271, 41.97659396310209]]}}, {"id": "32887", "type": "Feature", "properties": {}, "geometry": {"type": "LineString", "coordinates": [[-93.9347993993146, 42.043675104972884], [-93.93366326583879, 42.04294370512327]]}}, {"id": "32888", "type": "Feature", "properties": {}, "geometry": {"type": "LineString", "coordinates": [[-93.93484139914739, 42.04369377165386], [-93.9347993993146, 42.043675104972884]]}}, {"id": "32889", "type": "Feature", "properties": {}, "geometry": {"type": "LineString", "coordinates": [[-93.93685780075326, 42.04615497164299], [-93.93484139914739, 42.04369377165386]]}}, {"id": "32890", "type": "Feature", "properties": {}, "geometry": {"type": "LineString", "coordinates": [[-93.93631800938724, 42.12387958405205], [-93.93351033844144, 42.0914393793165]]}}, {"id": "32891", "type": "Feature", "properties": {}, "geometry": {"type": "LineString", "coordinates": [[-93.94138061159629, 42.130066984687424], [-93.93631800938724, 42.12387958405205]]}}, {"id": "32892", "type": "Feature", "properties": {}, "geometry": {"type": "LineString", "coordinates": [[-93.94292761202516, 42.130926918104265], [-93.94138061159629, 42.130066984687424]]}}, {"id": "32893", "type": "Feature", "properties": {}, "geometry": {"type": "LineString", "coordinates": [[-93.94311861182086, 42.131005717885394], [-93.94292761202516, 42.130926918104265]]}}, {"id": "32894", "type": "Feature", "properties": {}, "geometry": {"type": "LineString", "coordinates": [[-93.98230883420611, 42.232194998152174], [-93.979261833204, 42.23000093138899]]}}, {"id": "32895", "type": "Feature", "properties": {}, "geometry": {"type": "LineString", "coordinates": [[-93.9920077709539, 42.238516998167675], [-93.9846701017445, 42.23343913115247]]}}, {"id": "32896", "type": "Feature", "properties": {}, "geometry": {"type": "LineString", "coordinates": [[-93.9846701017445, 42.23343913115247], [-93.98230883420611, 42.232194998152174]]}}, {"id": "32897", "type": "Feature", "properties": {}, "geometry": {"type": "LineString", "coordinates": [[-93.979261833204, 42.23000093138899], [-93.97720343176535, 42.218967729281694]]}}, {"id": "32918", "type": "Feature", "properties": {}, "geometry": {"type": "LineString", "coordinates": [[-94.00035945306612, 42.3497400146925], [-94.000237853516, 42.349738214868204]]}}, {"id": "32919", "type": "Feature", "properties": {}, "geometry": {"type": "LineString", "coordinates": [[-94.01364845384629, 42.32673121019339], [-94.00045971762825, 42.33296914592257], [-94.00563565398848, 42.34418561384933], [-94.00035945306612, 42.3497400146925]]}}, {"id": "32920", "type": "Feature", "properties": {}, "geometry": {"type": "LineString", "coordinates": [[-93.9952692519166, 42.35093621525052], [-93.98017944789369, 42.34983014924312]]}}, {"id": "32921", "type": "Feature", "properties": {}, "geometry": {"type": "LineString", "coordinates": [[-94.000237853516, 42.349738214868204], [-93.9952692519166, 42.35093621525052]]}}, {"id": "32922", "type": "Feature", "properties": {}, "geometry": {"type": "LineString", "coordinates": [[-93.98017944789369, 42.34983014924312], [-93.97877224688258, 42.34779554901481]]}}, {"id": "32923", "type": "Feature", "properties": {}, "geometry": {"type": "LineString", "coordinates": [[-94.01949405550475, 42.3273573434516], [-94.01364845384629, 42.32673121019339]]}}, {"id": "32924", "type": "Feature", "properties": {}, "geometry": {"type": "LineString", "coordinates": [[-93.97877224688258, 42.34779554901481], [-93.97575537896839, 42.344394015849694]]}}, {"id": "32925", "type": "Feature", "properties": {}, "geometry": {"type": "LineString", "coordinates": [[-94.04180986455397, 42.35151254573651], [-94.02112152522014, 42.344221412990656]]}}, {"id": "32926", "type": "Feature", "properties": {}, "geometry": {"type": "LineString", "coordinates": [[-94.02112152522014, 42.344221412990656], [-94.01853992340044, 42.337118811601414]]}}, {"id": "32927", "type": "Feature", "properties": {}, "geometry": {"type": "LineString", "coordinates": [[-94.01853992340044, 42.337118811601414], [-94.01949405550475, 42.3273573434516]]}}, {"id": "32928", "type": "Feature", "properties": {}, "geometry": {"type": "LineString", "coordinates": [[-94.05515447105023, 42.37590154851946], [-94.0549181368754, 42.36452394692173], [-94.04180986455397, 42.35151254573651]]}}, {"id": "32929", "type": "Feature", "properties": {}, "geometry": {"type": "LineString", "coordinates": [[-94.073336877254, 42.38459061555825], [-94.05515447105023, 42.37590154851946]]}}, {"id": "32930", "type": "Feature", "properties": {}, "geometry": {"type": "LineString", "coordinates": [[-94.0769851458286, 42.38860314935337], [-94.073336877254, 42.38459061555825]]}}, {"id": "32931", "type": "Feature", "properties": {}, "geometry": {"type": "LineString", "coordinates": [[-94.08923828757655, 42.43655542263486], [-94.07772215153545, 42.43490955602729]]}}, {"id": "32932", "type": "Feature", "properties": {}, "geometry": {"type": "LineString", "coordinates": [[-94.09845455682724, 42.435080354971355], [-94.08923828757655, 42.43655542263486]]}}, {"id": "32933", "type": "Feature", "properties": {}, "geometry": {"type": "LineString", "coordinates": [[-94.07772215153545, 42.43490955602729], [-94.0737931486548, 42.424384221670564], [-94.08194835034976, 42.4214185541098]]}}, {"id": "32934", "type": "Feature", "properties": {}, "geometry": {"type": "LineString", "coordinates": [[-94.08194835034976, 42.4214185541098], [-94.08579988521527, 42.42147535394889]]}}, {"id": "32935", "type": "Feature", "properties": {}, "geometry": {"type": "LineString", "coordinates": [[-94.08579988521527, 42.42147535394889], [-94.09877395462313, 42.41670075239545], [-94.07154827942104, 42.40610101875874], [-94.0769851458286, 42.38860314935337]]}}, {"id": "32942", "type": "Feature", "properties": {}, "geometry": {"type": "LineString", "coordinates": [[-94.20384132797034, 42.511193426430665], [-94.19916479202602, 42.50025835819804]]}}, {"id": "32943", "type": "Feature", "properties": {}, "geometry": {"type": "LineString", "coordinates": [[-94.1967579960724, 42.53988283162846], [-94.19325552766168, 42.52970156345953], [-94.20384132797034, 42.511193426430665]]}}, {"id": "32944", "type": "Feature", "properties": {}, "geometry": {"type": "LineString", "coordinates": [[-94.20011719667002, 42.537916230779395], [-94.1967579960724, 42.53988283162846]]}}, {"id": "32945", "type": "Feature", "properties": {}, "geometry": {"type": "LineString", "coordinates": [[-94.21400333456901, 42.53750362981392], [-94.20011719667002, 42.537916230779395]]}}, {"id": "32946", "type": "Feature", "properties": {}, "geometry": {"type": "LineString", "coordinates": [[-94.21795253606882, 42.54473796432642], [-94.21400333456901, 42.53750362981392]]}}, {"id": "32947", "type": "Feature", "properties": {}, "geometry": {"type": "LineString", "coordinates": [[-94.20725100400547, 42.57834563650706], [-94.20104053362806, 42.56255676798237], [-94.21646240259071, 42.54907936515774]]}}, {"id": "32948", "type": "Feature", "properties": {}, "geometry": {"type": "LineString", "coordinates": [[-94.21646240259071, 42.54907936515774], [-94.21795253606882, 42.54473796432642]]}}, {"id": "32954", "type": "Feature", "properties": {}, "geometry": {"type": "LineString", "coordinates": [[-94.22523314429138, 42.5996307718083], [-94.22674034396329, 42.59283957099114], [-94.20725100400547, 42.57834563650706]]}}, {"id": "32955", "type": "Feature", "properties": {}, "geometry": {"type": "LineString", "coordinates": [[-94.19124394102573, 42.64836324854853], [-94.1916184082435, 42.647740448344884]]}}, {"id": "32956", "type": "Feature", "properties": {}, "geometry": {"type": "LineString", "coordinates": [[-94.1916184082435, 42.647740448344884], [-94.2161914114122, 42.62396917600555], [-94.21345234300802, 42.61601237551468]]}}, {"id": "32957", "type": "Feature", "properties": {}, "geometry": {"type": "LineString", "coordinates": [[-94.18823134100745, 42.651771182344426], [-94.19124394102573, 42.64836324854853]]}}, {"id": "32958", "type": "Feature", "properties": {}, "geometry": {"type": "LineString", "coordinates": [[-94.21345234300802, 42.61601237551468], [-94.22484941184977, 42.605631773046255]]}}, {"id": "32965", "type": "Feature", "properties": {}, "geometry": {"type": "LineString", "coordinates": [[-94.19789801296517, 42.67657578543138], [-94.19539161271118, 42.67631658567277]]}}, {"id": "32966", "type": "Feature", "properties": {}, "geometry": {"type": "LineString", "coordinates": [[-94.19539161271118, 42.67631658567277], [-94.18807654331769, 42.671769652283764], [-94.18823134100745, 42.651771182344426]]}}, {"id": "33831", "type": "Feature", "properties": {}, "geometry": {"type": "LineString", "coordinates": [[-94.99539622794411, 40.91525606050009], [-94.99887296052025, 40.904593058072436]]}}, {"id": "33832", "type": "Feature", "properties": {}, "geometry": {"type": "LineString", "coordinates": [[-94.99783976319623, 40.93110472959967], [-94.99539622794411, 40.91525606050009]]}}, {"id": "33833", "type": "Feature", "properties": {}, "geometry": {"type": "LineString", "coordinates": [[-94.99526556349446, 40.941149131036454], [-94.99783976319623, 40.93110472959967]]}}, {"id": "33834", "type": "Feature", "properties": {}, "geometry": {"type": "LineString", "coordinates": [[-94.9951819644775, 40.94478606490717], [-94.99526556349446, 40.941149131036454]]}}, {"id": "33835", "type": "Feature", "properties": {}, "geometry": {"type": "LineString", "coordinates": [[-94.9949606321679, 40.95505666626639], [-94.9951819644775, 40.94478606490717]]}}, {"id": "33836", "type": "Feature", "properties": {}, "geometry": {"type": "LineString", "coordinates": [[-94.99555036627045, 40.963473334647674], [-94.9949606321679, 40.95505666626639]]}}, {"id": "33837", "type": "Feature", "properties": {}, "geometry": {"type": "LineString", "coordinates": [[-94.99609763341627, 40.965645868523524], [-94.99555036627045, 40.963473334647674]]}}, {"id": "33838", "type": "Feature", "properties": {}, "geometry": {"type": "LineString", "coordinates": [[-94.9926723671194, 40.97326646937032], [-94.99609763341627, 40.965645868523524]]}}, {"id": "33839", "type": "Feature", "properties": {}, "geometry": {"type": "LineString", "coordinates": [[-94.9908783668183, 40.98212033747163], [-94.9926723671194, 40.97326646937032]]}}, {"id": "33840", "type": "Feature", "properties": {}, "geometry": {"type": "LineString", "coordinates": [[-94.99281636795776, 40.985320537946116], [-94.9908783668183, 40.98212033747163]]}}, {"id": "33841", "type": "Feature", "properties": {}, "geometry": {"type": "LineString", "coordinates": [[-94.99530837001438, 40.993895339418536], [-94.99281636795776, 40.985320537946116]]}}, {"id": "33842", "type": "Feature", "properties": {}, "geometry": {"type": "LineString", "coordinates": [[-94.99489216976346, 40.99712107336814], [-94.99530837001438, 40.993895339418536]]}}, {"id": "33843", "type": "Feature", "properties": {}, "geometry": {"type": "LineString", "coordinates": [[-94.99463223684613, 40.99999914069348], [-94.99489216976346, 40.99712107336814]]}}, {"id": "33844", "type": "Feature", "properties": {}, "geometry": {"type": "LineString", "coordinates": [[-94.99471343736128, 41.00802554173255], [-94.99463223684613, 40.99999914069348]]}}, {"id": "33845", "type": "Feature", "properties": {}, "geometry": {"type": "LineString", "coordinates": [[-94.99455097255058, 41.01825007680404], [-94.99471343736128, 41.00802554173255]]}}, {"id": "33846", "type": "Feature", "properties": {}, "geometry": {"type": "LineString", "coordinates": [[-94.99461843962168, 41.02206987716674], [-94.99455097255058, 41.01825007680404]]}}, {"id": "33847", "type": "Feature", "properties": {}, "geometry": {"type": "LineString", "coordinates": [[-94.99441657290598, 41.02726234487217], [-94.99461843962168, 41.02206987716674]]}}, {"id": "33848", "type": "Feature", "properties": {}, "geometry": {"type": "LineString", "coordinates": [[-94.99427537391298, 41.03263774537566], [-94.99441657290598, 41.02726234487217]]}}, {"id": "33849", "type": "Feature", "properties": {}, "geometry": {"type": "LineString", "coordinates": [[-94.99434517390885, 41.03764688000926], [-94.99427537391298, 41.03263774537566]]}}, {"id": "33850", "type": "Feature", "properties": {}, "geometry": {"type": "LineString", "coordinates": [[-94.99453624107822, 41.04309054688422], [-94.99434517390885, 41.03764688000926]]}}, {"id": "33851", "type": "Feature", "properties": {}, "geometry": {"type": "LineString", "coordinates": [[-94.99367997593255, 41.05386474874749], [-94.99453624107822, 41.04309054688422]]}}, {"id": "33852", "type": "Feature", "properties": {}, "geometry": {"type": "LineString", "coordinates": [[-94.99117624187832, 41.056154682523655], [-94.99367997593255, 41.05386474874749]]}}, {"id": "33853", "type": "Feature", "properties": {}, "geometry": {"type": "LineString", "coordinates": [[-94.99103124211337, 41.05949428305245], [-94.99117624187832, 41.056154682523655]]}}, {"id": "33854", "type": "Feature", "properties": {}, "geometry": {"type": "LineString", "coordinates": [[-94.99436664364416, 41.06557528404217], [-94.99103124211337, 41.05949428305245]]}}, {"id": "33855", "type": "Feature", "properties": {}, "geometry": {"type": "LineString", "coordinates": [[-94.9943779776881, 41.07161368506562], [-94.99436664364416, 41.06557528404217]]}}, {"id": "33856", "type": "Feature", "properties": {}, "geometry": {"type": "LineString", "coordinates": [[-94.9944096450985, 41.072459951643474], [-94.9943779776881, 41.07161368506562]]}}, {"id": "33857", "type": "Feature", "properties": {}, "geometry": {"type": "LineString", "coordinates": [[-94.99445537922793, 41.08074008631853], [-94.9944096450985, 41.072459951643474]]}}, {"id": "33871", "type": "Feature", "properties": {}, "geometry": {"type": "LineString", "coordinates": [[-94.99566977932118, 41.083529287017505], [-94.99445537922793, 41.08074008631853]]}}, {"id": "34231", "type": "Feature", "properties": {}, "geometry": {"type": "LineString", "coordinates": [[-93.97707002296251, 42.145893584982076], [-93.97789688984217, 42.14406278425566]]}}, {"id": "34232", "type": "Feature", "properties": {}, "geometry": {"type": "LineString", "coordinates": [[-93.97703702335055, 42.14588738476307], [-93.97707002296251, 42.145893584982076]]}}, {"id": "34233", "type": "Feature", "properties": {}, "geometry": {"type": "LineString", "coordinates": [[-93.97789688984217, 42.14406278425566], [-93.97756215600775, 42.14357931788216]]}}, {"id": "34399", "type": "Feature", "properties": {}, "geometry": {"type": "LineString", "coordinates": [[-94.10820095965632, 42.43341982092251], [-94.10326029117067, 42.43405955423698]]}}, {"id": "34400", "type": "Feature", "properties": {}, "geometry": {"type": "LineString", "coordinates": [[-94.10327095776636, 42.434052754451976], [-94.1037974917954, 42.433715954661736]]}}, {"id": "34401", "type": "Feature", "properties": {}, "geometry": {"type": "LineString", "coordinates": [[-94.10786475887302, 42.433204820917716], [-94.10820095965632, 42.43341982092251]]}}, {"id": "34402", "type": "Feature", "properties": {}, "geometry": {"type": "LineString", "coordinates": [[-94.10326029117067, 42.43405955423698], [-94.10327095776636, 42.434052754451976]]}}, {"id": "34408", "type": "Feature", "properties": {}, "geometry": {"type": "LineString", "coordinates": [[-94.08214768381637, 42.42115395370261], [-94.08548188519794, 42.4212008205851]]}}, {"id": "34409", "type": "Feature", "properties": {}, "geometry": {"type": "LineString", "coordinates": [[-94.08548188519794, 42.4212008205851], [-94.08579988521527, 42.42147535394889]]}}, {"id": "34410", "type": "Feature", "properties": {}, "geometry": {"type": "LineString", "coordinates": [[-94.08194835034976, 42.4214185541098], [-94.08214768381637, 42.42115395370261]]}}, {"id": "34446", "type": "Feature", "properties": {}, "geometry": {"type": "LineString", "coordinates": [[-93.98201483447824, 42.23249019786508], [-93.97899483324031, 42.230503131209396]]}}, {"id": "34447", "type": "Feature", "properties": {}, "geometry": {"type": "LineString", "coordinates": [[-93.98230883420611, 42.232194998152174], [-93.98201483447824, 42.23249019786508]]}}, {"id": "34448", "type": "Feature", "properties": {}, "geometry": {"type": "LineString", "coordinates": [[-93.97899483324031, 42.230503131209396], [-93.97898530031851, 42.23041093138155]]}}, {"id": "34449", "type": "Feature", "properties": {}, "geometry": {"type": "LineString", "coordinates": [[-93.97898530031851, 42.23041093138155], [-93.979261833204, 42.23000093138899]]}}, {"id": "34584", "type": "Feature", "properties": {}, "geometry": {"type": "LineString", "coordinates": [[-93.97099789134222, 42.17492638983529], [-93.97051602424403, 42.17532952346946]]}}, {"id": "34585", "type": "Feature", "properties": {}, "geometry": {"type": "LineString", "coordinates": [[-93.9745950260142, 42.17653372297035], [-93.97475189252407, 42.17631838978327]]}}, {"id": "34590", "type": "Feature", "properties": {}, "geometry": {"type": "LineString", "coordinates": [[-93.90476865289115, 41.99972150005523], [-93.89339184914388, 41.995758966712664]]}}, {"id": "34591", "type": "Feature", "properties": {}, "geometry": {"type": "LineString", "coordinates": [[-93.89339184914388, 41.995758966712664], [-93.89346058283952, 41.99347996661738]]}}, {"id": "34592", "type": "Feature", "properties": {}, "geometry": {"type": "LineString", "coordinates": [[-94.1574863090673, 42.45931275487999], [-94.15544997564191, 42.45871482157439]]}}, {"id": "34594", "type": "Feature", "properties": {}, "geometry": {"type": "LineString", "coordinates": [[-93.94585376716365, 42.31427061314739], [-93.93644723114252, 42.310230212613334]]}}, {"id": "34595", "type": "Feature", "properties": {}, "geometry": {"type": "LineString", "coordinates": [[-93.93644723114252, 42.310230212613334], [-93.93260229530111, 42.29782494478338]]}}, {"id": "34596", "type": "Feature", "properties": {}, "geometry": {"type": "LineString", "coordinates": [[-93.9958499076449, 42.25762773417983], [-93.99680264107229, 42.25600140080492]]}}, {"id": "34597", "type": "Feature", "properties": {}, "geometry": {"type": "LineString", "coordinates": [[-93.99680264107229, 42.25600140080492], [-93.99599650641106, 42.24617379913663]]}}, {"id": "34598", "type": "Feature", "properties": {}, "geometry": {"type": "LineString", "coordinates": [[-93.99599650641106, 42.24617379913663], [-93.9920077709539, 42.238516998167675]]}}, {"id": "34599", "type": "Feature", "properties": {}, "geometry": {"type": "LineString", "coordinates": [[-93.97720343176535, 42.218967729281694], [-93.97920603075687, 42.20669159385942]]}}, {"id": "34601", "type": "Feature", "properties": {}, "geometry": {"type": "LineString", "coordinates": [[-93.97920603075687, 42.20669159385942], [-93.97994996337289, 42.2031127933857]]}}, {"id": "34602", "type": "Feature", "properties": {}, "geometry": {"type": "LineString", "coordinates": [[-93.97051602424403, 42.17532952346946], [-93.96881509030469, 42.17467772343835]]}}, {"id": "34604", "type": "Feature", "properties": {}, "geometry": {"type": "LineString", "coordinates": [[-93.93292639847246, 42.0425323048523], [-93.93009046473122, 42.040563171636606]]}}, {"id": "34605", "type": "Feature", "properties": {}, "geometry": {"type": "LineString", "coordinates": [[-93.92271439254341, 42.0110611672883], [-93.92283525906828, 42.00856776694491]]}}, {"id": "34606", "type": "Feature", "properties": {}, "geometry": {"type": "LineString", "coordinates": [[-93.92287379230238, 42.01165156765819], [-93.92271439254341, 42.0110611672883]]}}, {"id": "34608", "type": "Feature", "properties": {}, "geometry": {"type": "LineString", "coordinates": [[-93.92283525906828, 42.00856776694491], [-93.92104599199041, 42.00708656676949]]}}, {"id": "34609", "type": "Feature", "properties": {}, "geometry": {"type": "LineString", "coordinates": [[-93.92104599199041, 42.00708656676949], [-93.91064985478431, 42.00128996627247]]}}, {"id": "34616", "type": "Feature", "properties": {}, "geometry": {"type": "LineString", "coordinates": [[-93.90649105297251, 42.000002300142626], [-93.90476865289115, 41.99972150005523]]}}, {"id": "34618", "type": "Feature", "properties": {}, "geometry": {"type": "LineString", "coordinates": [[-93.99563610770896, 42.258697734432225], [-93.99587710773339, 42.25878260144817]]}}, {"id": "34619", "type": "Feature", "properties": {}, "geometry": {"type": "LineString", "coordinates": [[-93.99587710773339, 42.25878260144817], [-93.99603190811808, 42.258854734366004]]}}, {"id": "34620", "type": "Feature", "properties": {}, "geometry": {"type": "LineString", "coordinates": [[-93.99618410788003, 42.25791660107856], [-93.9958499076449, 42.25762773417983]]}}, {"id": "34628", "type": "Feature", "properties": {}, "geometry": {"type": "LineString", "coordinates": [[-93.93009046473122, 42.040563171636606], [-93.92927239774806, 42.03999510463661]]}}, {"id": "34629", "type": "Feature", "properties": {}, "geometry": {"type": "LineString", "coordinates": [[-93.93366326583879, 42.04294370512327], [-93.93292639847246, 42.0425323048523]]}}, {"id": "34630", "type": "Feature", "properties": {}, "geometry": {"type": "LineString", "coordinates": [[-93.97575537896839, 42.344394015849694], [-93.96528924054377, 42.326250213752175], [-93.94585376716365, 42.31427061314739]]}}, {"id": "34631", "type": "Feature", "properties": {}, "geometry": {"type": "LineString", "coordinates": [[-94.19916479202602, 42.50025835819804], [-94.1987777259364, 42.49999135873473]]}}, {"id": "34632", "type": "Feature", "properties": {}, "geometry": {"type": "LineString", "coordinates": [[-94.1987777259364, 42.49999135873473], [-94.1796861186639, 42.48656702407742], [-94.1877185197612, 42.47433295509995], [-94.18273371704565, 42.46835862105236]]}}, {"id": "34634", "type": "Feature", "properties": {}, "geometry": {"type": "LineString", "coordinates": [[-93.9745950260142, 42.17653372297035], [-93.97051602424403, 42.17532952346946]]}}, {"id": "34636", "type": "Feature", "properties": {}, "geometry": {"type": "LineString", "coordinates": [[-93.93351033844144, 42.0914393793165], [-93.93662280416987, 42.075727909798495], [-93.95653654240388, 42.07398950855403]]}}, {"id": "34637", "type": "Feature", "properties": {}, "geometry": {"type": "LineString", "coordinates": [[-93.95653654240388, 42.07398950855403], [-93.97020307814851, 42.06423597271476]]}}, {"id": "34638", "type": "Feature", "properties": {}, "geometry": {"type": "LineString", "coordinates": [[-93.97020307814851, 42.06423597271476], [-93.9693392114589, 42.06128737212019]]}}, {"id": "34639", "type": "Feature", "properties": {}, "geometry": {"type": "LineString", "coordinates": [[-93.99563610770896, 42.258697734432225], [-93.9958499076449, 42.25762773417983]]}}, {"id": "34640", "type": "Feature", "properties": {}, "geometry": {"type": "LineString", "coordinates": [[-94.18273371704565, 42.46835862105236], [-94.1574863090673, 42.45931275487999]]}}, {"id": "34641", "type": "Feature", "properties": {}, "geometry": {"type": "LineString", "coordinates": [[-93.86483256202044, 41.882966684340836], [-93.86597242799625, 41.872893682791535]]}}, {"id": "34642", "type": "Feature", "properties": {}, "geometry": {"type": "LineString", "coordinates": [[-93.93097879613927, 42.02374856893679], [-93.92198085972343, 42.01746496812443]]}}, {"id": "34643", "type": "Feature", "properties": {}, "geometry": {"type": "LineString", "coordinates": [[-93.92198085972343, 42.01746496812443], [-93.92287379230238, 42.01165156765819]]}}, {"id": "34644", "type": "Feature", "properties": {}, "geometry": {"type": "LineString", "coordinates": [[-93.93445999693562, 42.02313296816104], [-93.93097879613927, 42.02374856893679]]}}, {"id": "34645", "type": "Feature", "properties": {}, "geometry": {"type": "LineString", "coordinates": [[-93.94417866697528, 42.02791730220241], [-93.93445999693562, 42.02313296816104]]}}, {"id": "34646", "type": "Feature", "properties": {}, "geometry": {"type": "LineString", "coordinates": [[-93.92927239774806, 42.03999510463661], [-93.92825866422127, 42.03878317145555]]}}, {"id": "34647", "type": "Feature", "properties": {}, "geometry": {"type": "LineString", "coordinates": [[-93.92825866422127, 42.03878317145555], [-93.92835566340734, 42.03105076983033], [-93.93727739843257, 42.02851176930125]]}}, {"id": "34648", "type": "Feature", "properties": {}, "geometry": {"type": "LineString", "coordinates": [[-93.93727739843257, 42.02851176930125], [-93.94417866697528, 42.02791730220241]]}}, {"id": "34649", "type": "Feature", "properties": {}, "geometry": {"type": "LineString", "coordinates": [[-93.9479642708888, 42.04922290522468], [-93.93685780075326, 42.04615497164299]]}}, {"id": "34650", "type": "Feature", "properties": {}, "geometry": {"type": "LineString", "coordinates": [[-93.9693392114589, 42.06128737212019], [-93.96216307371063, 42.04514790332662], [-93.9479642708888, 42.04922290522468]]}}, {"id": "34651", "type": "Feature", "properties": {}, "geometry": {"type": "LineString", "coordinates": [[-93.97703702335055, 42.14588738476307], [-93.9770246894817, 42.14587118453173]]}}, {"id": "34652", "type": "Feature", "properties": {}, "geometry": {"type": "LineString", "coordinates": [[-93.97328589048941, 42.158671120499775], [-93.97703702335055, 42.14588738476307]]}}, {"id": "34653", "type": "Feature", "properties": {}, "geometry": {"type": "LineString", "coordinates": [[-93.97697142297861, 42.14580071817286], [-93.97756215600775, 42.14357931788216]]}}, {"id": "34654", "type": "Feature", "properties": {}, "geometry": {"type": "LineString", "coordinates": [[-93.96881509030469, 42.17467772343835], [-93.96574682258657, 42.16646778878198], [-93.97328589048941, 42.158671120499775]]}}, {"id": "34655", "type": "Feature", "properties": {}, "geometry": {"type": "LineString", "coordinates": [[-93.9770246894817, 42.14587118453173], [-93.97697142297861, 42.14580071817286]]}}, {"id": "34656", "type": "Feature", "properties": {}, "geometry": {"type": "LineString", "coordinates": [[-93.97756215600775, 42.14357931788216], [-93.97835888979955, 42.14131131767527]]}}, {"id": "34657", "type": "Feature", "properties": {}, "geometry": {"type": "LineString", "coordinates": [[-93.96286548260096, 42.121430315144295], [-93.96259008249105, 42.12138991518582]]}}, {"id": "34658", "type": "Feature", "properties": {}, "geometry": {"type": "LineString", "coordinates": [[-93.96259008249105, 42.12138991518582], [-93.94888468023734, 42.13065238455579]]}}, {"id": "34659", "type": "Feature", "properties": {}, "geometry": {"type": "LineString", "coordinates": [[-93.97835888979955, 42.14131131767527], [-93.9787746876052, 42.12696418172282]]}}, {"id": "34660", "type": "Feature", "properties": {}, "geometry": {"type": "LineString", "coordinates": [[-93.94373001238978, 42.13115478445611], [-93.94311861182086, 42.131005717885394]]}}, {"id": "34661", "type": "Feature", "properties": {}, "geometry": {"type": "LineString", "coordinates": [[-93.9787746876052, 42.12696418172282], [-93.96323508274651, 42.121484515533]]}}, {"id": "34662", "type": "Feature", "properties": {}, "geometry": {"type": "LineString", "coordinates": [[-93.94888468023734, 42.13065238455579], [-93.94373001238978, 42.13115478445611]]}}, {"id": "34663", "type": "Feature", "properties": {}, "geometry": {"type": "LineString", "coordinates": [[-93.96323508274651, 42.121484515533], [-93.96286548260096, 42.121430315144295]]}}, {"id": "34664", "type": "Feature", "properties": {}, "geometry": {"type": "LineString", "coordinates": [[-93.96410422524178, 42.194547126327976], [-93.97316689335865, 42.1842451244686]]}}, {"id": "34665", "type": "Feature", "properties": {}, "geometry": {"type": "LineString", "coordinates": [[-93.97316689335865, 42.1842451244686], [-93.9745950260142, 42.17653372297035]]}}, {"id": "34666", "type": "Feature", "properties": {}, "geometry": {"type": "LineString", "coordinates": [[-93.97994996337289, 42.2031127933857], [-93.98492083142177, 42.19883012595632], [-93.96410422524178, 42.194547126327976]]}}, {"id": "34667", "type": "Feature", "properties": {}, "geometry": {"type": "LineString", "coordinates": [[-93.98322643991263, 42.27634953770356], [-93.995209507662, 42.261233934844455]]}}, {"id": "34668", "type": "Feature", "properties": {}, "geometry": {"type": "LineString", "coordinates": [[-93.995209507662, 42.261233934844455], [-93.99563610770896, 42.258697734432225]]}}, {"id": "34669", "type": "Feature", "properties": {}, "geometry": {"type": "LineString", "coordinates": [[-93.97311663890672, 42.29027980772826], [-93.98295804037373, 42.279297138279595]]}}, {"id": "34670", "type": "Feature", "properties": {}, "geometry": {"type": "LineString", "coordinates": [[-93.94893609890588, 42.28808380845443], [-93.95772930118363, 42.28728794117216]]}}, {"id": "34671", "type": "Feature", "properties": {}, "geometry": {"type": "LineString", "coordinates": [[-93.96369590231758, 42.28677794086209], [-93.97311663890672, 42.29027980772826]]}}, {"id": "34672", "type": "Feature", "properties": {}, "geometry": {"type": "LineString", "coordinates": [[-93.93260229530111, 42.29782494478338], [-93.94893609890588, 42.28808380845443]]}}, {"id": "34673", "type": "Feature", "properties": {}, "geometry": {"type": "LineString", "coordinates": [[-93.95772930118363, 42.28728794117216], [-93.96369590231758, 42.28677794086209]]}}, {"id": "34674", "type": "Feature", "properties": {}, "geometry": {"type": "LineString", "coordinates": [[-93.98295804037373, 42.279297138279595], [-93.98322643991263, 42.27634953770356]]}}, {"id": "34675", "type": "Feature", "properties": {}, "geometry": {"type": "LineString", "coordinates": [[-94.10786475887302, 42.433204820917716], [-94.1037974917954, 42.433715954661736]]}}, {"id": "34676", "type": "Feature", "properties": {}, "geometry": {"type": "LineString", "coordinates": [[-94.10265989137075, 42.43384575448185], [-94.09845455682724, 42.435080354971355]]}}, {"id": "34677", "type": "Feature", "properties": {}, "geometry": {"type": "LineString", "coordinates": [[-94.1037974917954, 42.433715954661736], [-94.10265989137075, 42.43384575448185]]}}, {"id": "34678", "type": "Feature", "properties": {}, "geometry": {"type": "LineString", "coordinates": [[-94.15544997564191, 42.45871482157439], [-94.13461336937044, 42.45533095554014], [-94.13943890168444, 42.43819161981203]]}}, {"id": "34679", "type": "Feature", "properties": {}, "geometry": {"type": "LineString", "coordinates": [[-94.13943890168444, 42.43819161981203], [-94.13580110027954, 42.43159575209852], [-94.10786475887302, 42.433204820917716]]}}, {"id": "34680", "type": "Feature", "properties": {}, "geometry": {"type": "LineString", "coordinates": [[-94.22484941184977, 42.605631773046255], [-94.22523314429138, 42.5996307718083]]}}, {"id": "34723", "type": "Feature", "properties": {}, "geometry": {"type": "LineString", "coordinates": [[-93.97475189252407, 42.17631838978327], [-93.97099789134222, 42.17492638983529]]}}, {"id": "34728", "type": "Feature", "properties": {}, "geometry": {"type": "LineString", "coordinates": [[-93.99603190811808, 42.258854734366004], [-93.99618410788003, 42.25791660107856]]}}, {"id": "34741", "type": "Feature", "properties": {}, "geometry": {"type": "LineString", "coordinates": [[-93.91064985478431, 42.00128996627247], [-93.90649105297251, 42.000002300142626]]}}, {"id": "34747", "type": "Feature", "properties": {}, "geometry": {"type": "LineString", "coordinates": [[-93.79100839932048, 41.80176634304375], [-93.77864312806213, 41.796154476282744]]}}, {"id": "34748", "type": "Feature", "properties": {}, "geometry": {"type": "LineString", "coordinates": [[-93.77864312806213, 41.796154476282744], [-93.77420152671742, 41.792859475571554]]}}, {"id": "34750", "type": "Feature", "properties": {}, "geometry": {"type": "LineString", "coordinates": [[-93.75628452057782, 41.779779074724644], [-93.74495978318443, 41.76915214048695]]}}, {"id": "34753", "type": "Feature", "properties": {}, "geometry": {"type": "LineString", "coordinates": [[-93.74495978318443, 41.76915214048695], [-93.73755411240633, 41.756417272649486], [-93.70249410025404, 41.73367113771058]]}}, {"id": "34755", "type": "Feature", "properties": {}, "geometry": {"type": "LineString", "coordinates": [[-93.70249410025404, 41.73367113771058], [-93.68953756146894, 41.71607446874784]]}}, {"id": "34757", "type": "Feature", "properties": {}, "geometry": {"type": "LineString", "coordinates": [[-93.68953756146894, 41.71607446874784], [-93.68181535852071, 41.71063906867272]]}}, {"id": "34759", "type": "Feature", "properties": {}, "geometry": {"type": "LineString", "coordinates": [[-93.68181535852071, 41.71063906867272], [-93.67683909069866, 41.70733113535395]]}}, {"id": "34760", "type": "Feature", "properties": {}, "geometry": {"type": "LineString", "coordinates": [[-93.67683909069866, 41.70733113535395], [-93.67552089027433, 41.70498906818376]]}}, {"id": "34762", "type": "Feature", "properties": {}, "geometry": {"type": "LineString", "coordinates": [[-93.77420152671742, 41.792859475571554], [-93.75628452057782, 41.779779074724644]]}}, {"id": "35190", "type": "Feature", "properties": {}, "geometry": {"type": "LineString", "coordinates": [[-93.67616654091007, 41.56586524588977], [-93.67601614137195, 41.567672446192866]]}}, {"id": "35191", "type": "Feature", "properties": {}, "geometry": {"type": "LineString", "coordinates": [[-93.769076696412, 41.53687863560397], [-93.75039935801257, 41.53735710357609], [-93.74340249075733, 41.546484839051544], [-93.73411448743796, 41.54229930534332]]}}, {"id": "35192", "type": "Feature", "properties": {}, "geometry": {"type": "LineString", "coordinates": [[-93.78664236695242, 41.52853563302571], [-93.769076696412, 41.53687863560397]]}}, {"id": "35193", "type": "Feature", "properties": {}, "geometry": {"type": "LineString", "coordinates": [[-93.78865030193673, 41.53625883468613], [-93.78664236695242, 41.52853563302571]]}}, {"id": "35194", "type": "Feature", "properties": {}, "geometry": {"type": "LineString", "coordinates": [[-93.82732437751254, 41.519391095772605], [-93.82218250975944, 41.52163602984964]]}}, {"id": "35195", "type": "Feature", "properties": {}, "geometry": {"type": "LineString", "coordinates": [[-93.83942918135594, 41.523339829244975], [-93.82732437751254, 41.519391095772605]]}}, {"id": "35196", "type": "Feature", "properties": {}, "geometry": {"type": "LineString", "coordinates": [[-93.8771785904671, 41.51498289232639], [-93.86353612058892, 41.51690149308879], [-93.86403638787908, 41.52428302745858], [-93.83942918135594, 41.523339829244975]]}}, {"id": "35197", "type": "Feature", "properties": {}, "geometry": {"type": "LineString", "coordinates": [[-93.87981772488915, 41.51455729173466], [-93.8771785904671, 41.51498289232639]]}}, {"id": "35198", "type": "Feature", "properties": {}, "geometry": {"type": "LineString", "coordinates": [[-93.88563072668596, 41.516999225101074], [-93.87981772488915, 41.51455729173466]]}}, {"id": "35199", "type": "Feature", "properties": {}, "geometry": {"type": "LineString", "coordinates": [[-93.90284713314222, 41.53228082653229], [-93.88563072668596, 41.516999225101074]]}}, {"id": "35200", "type": "Feature", "properties": {}, "geometry": {"type": "LineString", "coordinates": [[-93.90328033311157, 41.53224262659344], [-93.90284713314222, 41.53228082653229]]}}, {"id": "35201", "type": "Feature", "properties": {}, "geometry": {"type": "LineString", "coordinates": [[-93.9328367403189, 41.52855942411867], [-93.9131140009823, 41.52167162444968]]}}, {"id": "35202", "type": "Feature", "properties": {}, "geometry": {"type": "LineString", "coordinates": [[-93.9131140009823, 41.52167162444968], [-93.90785400117609, 41.5310370258478]]}}, {"id": "35203", "type": "Feature", "properties": {}, "geometry": {"type": "LineString", "coordinates": [[-93.90785400117609, 41.5310370258478], [-93.90328033311157, 41.53224262659344]]}}, {"id": "35204", "type": "Feature", "properties": {}, "geometry": {"type": "LineString", "coordinates": [[-93.93923714329345, 41.534673424786845], [-93.9328367403189, 41.52855942411867]]}}, {"id": "35205", "type": "Feature", "properties": {}, "geometry": {"type": "LineString", "coordinates": [[-93.96672555146165, 41.54377969124047], [-93.93923714329345, 41.534673424786845]]}}, {"id": "35206", "type": "Feature", "properties": {}, "geometry": {"type": "LineString", "coordinates": [[-93.95131714914345, 41.55990742768832], [-93.96707941941163, 41.549303691789994]]}}, {"id": "35207", "type": "Feature", "properties": {}, "geometry": {"type": "LineString", "coordinates": [[-93.96709935212947, 41.54926809155212], [-93.96775741927907, 41.548974691708146]]}}, {"id": "35208", "type": "Feature", "properties": {}, "geometry": {"type": "LineString", "coordinates": [[-93.96707941941163, 41.549303691789994], [-93.96709935212947, 41.54926809155212]]}}, {"id": "35209", "type": "Feature", "properties": {}, "geometry": {"type": "LineString", "coordinates": [[-93.96775741927907, 41.548974691708146], [-93.96672555146165, 41.54377969124047]]}}, {"id": "35210", "type": "Feature", "properties": {}, "geometry": {"type": "LineString", "coordinates": [[-93.95302614995404, 41.562628694936926], [-93.95131714914345, 41.55990742768832]]}}, {"id": "35211", "type": "Feature", "properties": {}, "geometry": {"type": "LineString", "coordinates": [[-93.95482615100123, 41.56498369493072], [-93.95302614995404, 41.562628694936926]]}}, {"id": "35212", "type": "Feature", "properties": {}, "geometry": {"type": "LineString", "coordinates": [[-93.95705081802257, 41.56578282857207], [-93.95482615100123, 41.56498369493072]]}}, {"id": "35213", "type": "Feature", "properties": {}, "geometry": {"type": "LineString", "coordinates": [[-93.95964021901557, 41.56591822858762], [-93.95705081802257, 41.56578282857207]]}}, {"id": "35214", "type": "Feature", "properties": {}, "geometry": {"type": "LineString", "coordinates": [[-93.96122941960155, 41.569737428674394], [-93.95964021901557, 41.56591822858762]]}}, {"id": "35215", "type": "Feature", "properties": {}, "geometry": {"type": "LineString", "coordinates": [[-93.96424302034306, 41.56804222836495], [-93.96122941960155, 41.569737428674394]]}}, {"id": "35216", "type": "Feature", "properties": {}, "geometry": {"type": "LineString", "coordinates": [[-93.98002842492475, 41.57173482809528], [-93.96424302034306, 41.56804222836495]]}}, {"id": "35217", "type": "Feature", "properties": {}, "geometry": {"type": "LineString", "coordinates": [[-93.98173835908493, 41.57406662840616], [-93.98002842492475, 41.57173482809528]]}}, {"id": "35218", "type": "Feature", "properties": {}, "geometry": {"type": "LineString", "coordinates": [[-93.98052182549289, 41.57537169492286], [-93.98173835908493, 41.57406662840616]]}}, {"id": "35219", "type": "Feature", "properties": {}, "geometry": {"type": "LineString", "coordinates": [[-93.98043862532789, 41.575392628179195], [-93.98052182549289, 41.57537169492286]]}}, {"id": "35220", "type": "Feature", "properties": {}, "geometry": {"type": "LineString", "coordinates": [[-93.9835832273873, 41.58144802927573], [-93.98043862532789, 41.575392628179195]]}}, {"id": "35221", "type": "Feature", "properties": {}, "geometry": {"type": "LineString", "coordinates": [[-94.01231943950256, 41.61981890008686], [-94.011773039231, 41.61844583338156]]}}, {"id": "35222", "type": "Feature", "properties": {}, "geometry": {"type": "LineString", "coordinates": [[-94.02222097599132, 41.62415163359449], [-94.01231943950256, 41.61981890008686]]}}, {"id": "35223", "type": "Feature", "properties": {}, "geometry": {"type": "LineString", "coordinates": [[-94.03162277968754, 41.63788530155246], [-94.02222097599132, 41.62415163359449]]}}, {"id": "35224", "type": "Feature", "properties": {}, "geometry": {"type": "LineString", "coordinates": [[-94.03500644769854, 41.64203743562231], [-94.03162264673688, 41.63796050165529]]}}, {"id": "35225", "type": "Feature", "properties": {}, "geometry": {"type": "LineString", "coordinates": [[-94.03162264673688, 41.63796050165529], [-94.03162277968754, 41.63788530155246]]}}, {"id": "35226", "type": "Feature", "properties": {}, "geometry": {"type": "LineString", "coordinates": [[-94.04543785186439, 41.655134103417524], [-94.04006504970964, 41.64606963611016]]}}, {"id": "35227", "type": "Feature", "properties": {}, "geometry": {"type": "LineString", "coordinates": [[-94.04006504970964, 41.64606963611016], [-94.03500644769854, 41.64203743562231]]}}, {"id": "35228", "type": "Feature", "properties": {}, "geometry": {"type": "LineString", "coordinates": [[-94.0431399901137, 41.70079704464261], [-94.04258038909904, 41.695781843318706]]}}, {"id": "35229", "type": "Feature", "properties": {}, "geometry": {"type": "LineString", "coordinates": [[-94.04150345549878, 41.69207830976537], [-94.03046185001494, 41.67468124087826], [-94.04443678548145, 41.655794837275785]]}}, {"id": "35230", "type": "Feature", "properties": {}, "geometry": {"type": "LineString", "coordinates": [[-94.04258038909904, 41.695781843318706], [-94.04150345549878, 41.69207830976537]]}}, {"id": "35231", "type": "Feature", "properties": {}, "geometry": {"type": "LineString", "coordinates": [[-94.04997165988313, 41.71077664525879], [-94.0431399901137, 41.70079704464261]]}}, {"id": "35232", "type": "Feature", "properties": {}, "geometry": {"type": "LineString", "coordinates": [[-94.04443678548145, 41.655794837275785], [-94.04543785186439, 41.655134103417524]]}}, {"id": "35233", "type": "Feature", "properties": {}, "geometry": {"type": "LineString", "coordinates": [[-94.14465810001043, 41.838886325933004], [-94.11753362451668, 41.82754725952052]]}}, {"id": "35234", "type": "Feature", "properties": {}, "geometry": {"type": "LineString", "coordinates": [[-94.11677789163107, 41.827202526228405], [-94.11545082393658, 41.826597059788845]]}}, {"id": "35235", "type": "Feature", "properties": {}, "geometry": {"type": "LineString", "coordinates": [[-94.1443945001701, 41.84196666013173], [-94.14465810001043, 41.838886325933004]]}}, {"id": "35236", "type": "Feature", "properties": {}, "geometry": {"type": "LineString", "coordinates": [[-94.11753362451668, 41.82754725952052], [-94.11677789163107, 41.827202526228405]]}}, {"id": "35237", "type": "Feature", "properties": {}, "geometry": {"type": "LineString", "coordinates": [[-94.15473483852233, 41.86041912898196], [-94.13945169998229, 41.84994112853241]]}}, {"id": "35238", "type": "Feature", "properties": {}, "geometry": {"type": "LineString", "coordinates": [[-94.13945169998229, 41.84994112853241], [-94.13539629875126, 41.845055128088916], [-94.1443945001701, 41.84196666013173]]}}, {"id": "35239", "type": "Feature", "properties": {}, "geometry": {"type": "LineString", "coordinates": [[-94.17569091174343, 41.86292986104171], [-94.15473483852233, 41.86041912898196]]}}, {"id": "35240", "type": "Feature", "properties": {}, "geometry": {"type": "LineString", "coordinates": [[-94.19219684872633, 41.861620126742785], [-94.17834144578646, 41.86249806093442]]}}, {"id": "35241", "type": "Feature", "properties": {}, "geometry": {"type": "LineString", "coordinates": [[-94.17834144578646, 41.86249806093442], [-94.17569091174343, 41.86292986104171]]}}, {"id": "35248", "type": "Feature", "properties": {}, "geometry": {"type": "LineString", "coordinates": [[-94.24499886262444, 41.857186856065894], [-94.2383921274089, 41.85213532249691]]}}, {"id": "35249", "type": "Feature", "properties": {}, "geometry": {"type": "LineString", "coordinates": [[-94.27785267711764, 41.8980944605536], [-94.27241854158856, 41.89531832683783]]}}, {"id": "35250", "type": "Feature", "properties": {}, "geometry": {"type": "LineString", "coordinates": [[-94.2707564741583, 41.89012125936544], [-94.26521687192329, 41.88588985940548]]}}, {"id": "35251", "type": "Feature", "properties": {}, "geometry": {"type": "LineString", "coordinates": [[-94.26088533755708, 41.884356458890416], [-94.25033713264135, 41.869329057352125]]}}, {"id": "35252", "type": "Feature", "properties": {}, "geometry": {"type": "LineString", "coordinates": [[-94.27130554242625, 41.90843326237133], [-94.27785267711764, 41.8980944605536]]}}, {"id": "35253", "type": "Feature", "properties": {}, "geometry": {"type": "LineString", "coordinates": [[-94.25033713264135, 41.869329057352125], [-94.24499886262444, 41.857186856065894]]}}, {"id": "35254", "type": "Feature", "properties": {}, "geometry": {"type": "LineString", "coordinates": [[-94.27241854158856, 41.89531832683783], [-94.2707564741583, 41.89012125936544]]}}, {"id": "35255", "type": "Feature", "properties": {}, "geometry": {"type": "LineString", "coordinates": [[-94.26521687192329, 41.88588985940548], [-94.26088533755708, 41.884356458890416]]}}, {"id": "35256", "type": "Feature", "properties": {}, "geometry": {"type": "LineString", "coordinates": [[-94.28266348065424, 41.9235656640888], [-94.27850927911501, 41.91569372975221]]}}, {"id": "35257", "type": "Feature", "properties": {}, "geometry": {"type": "LineString", "coordinates": [[-94.27245754284493, 41.909722662181785], [-94.27130554242625, 41.90843326237133]]}}, {"id": "35258", "type": "Feature", "properties": {}, "geometry": {"type": "LineString", "coordinates": [[-94.27850927911501, 41.91569372975221], [-94.27586234462132, 41.91455012993853]]}}, {"id": "35259", "type": "Feature", "properties": {}, "geometry": {"type": "LineString", "coordinates": [[-94.27586234462132, 41.91455012993853], [-94.27245754284493, 41.909722662181785]]}}, {"id": "35260", "type": "Feature", "properties": {}, "geometry": {"type": "LineString", "coordinates": [[-94.28900294910646, 41.9241879305139], [-94.28266348065424, 41.9235656640888]]}}, {"id": "35261", "type": "Feature", "properties": {}, "geometry": {"type": "LineString", "coordinates": [[-94.2918014850841, 41.93999586585649], [-94.28900294910646, 41.9241879305139]]}}, {"id": "35262", "type": "Feature", "properties": {}, "geometry": {"type": "LineString", "coordinates": [[-94.29117668614276, 41.94987706773642], [-94.2918014850841, 41.93999586585649]]}}, {"id": "35263", "type": "Feature", "properties": {}, "geometry": {"type": "LineString", "coordinates": [[-94.29172695366161, 41.950838134021225], [-94.29117668614276, 41.94987706773642]]}}, {"id": "35264", "type": "Feature", "properties": {}, "geometry": {"type": "LineString", "coordinates": [[-94.29695955574996, 41.95738346830634], [-94.29172695366161, 41.950838134021225]]}}, {"id": "35265", "type": "Feature", "properties": {}, "geometry": {"type": "LineString", "coordinates": [[-94.30115775677183, 41.95752333460575], [-94.29695955574996, 41.95738346830634]]}}, {"id": "35266", "type": "Feature", "properties": {}, "geometry": {"type": "LineString", "coordinates": [[-94.30810129374358, 41.971228736142606], [-94.31187509379428, 41.96704486883566], [-94.30115775677183, 41.95752333460575]]}}, {"id": "35280", "type": "Feature", "properties": {}, "geometry": {"type": "LineString", "coordinates": [[-94.31483656260492, 41.98081627099098], [-94.30810129374358, 41.971228736142606]]}}, {"id": "35307", "type": "Feature", "properties": {}, "geometry": {"type": "LineString", "coordinates": [[-94.33210076662081, 41.972565868179665], [-94.31483656260492, 41.98081627099098]]}}, {"id": "35308", "type": "Feature", "properties": {}, "geometry": {"type": "LineString", "coordinates": [[-94.34488130388219, 41.976709468475164], [-94.33210076662081, 41.972565868179665]]}}, {"id": "35309", "type": "Feature", "properties": {}, "geometry": {"type": "LineString", "coordinates": [[-94.37836871451832, 41.98814013425374], [-94.37789751401581, 41.98812586811494]]}}, {"id": "35310", "type": "Feature", "properties": {}, "geometry": {"type": "LineString", "coordinates": [[-94.37789751401581, 41.98812586811494], [-94.35735570876946, 41.9876221356878], [-94.34488130388219, 41.976709468475164]]}}, {"id": "35311", "type": "Feature", "properties": {}, "geometry": {"type": "LineString", "coordinates": [[-94.3831415839971, 41.99999433593266], [-94.38324331640639, 41.99416913523761]]}}, {"id": "35312", "type": "Feature", "properties": {}, "geometry": {"type": "LineString", "coordinates": [[-94.42752613035813, 42.00752333450059], [-94.39967672251491, 42.009126136615926], [-94.3831415839971, 41.99999433593266]]}}, {"id": "35313", "type": "Feature", "properties": {}, "geometry": {"type": "LineString", "coordinates": [[-94.38324331640639, 41.99416913523761], [-94.37836871451832, 41.98814013425374]]}}, {"id": "35314", "type": "Feature", "properties": {}, "geometry": {"type": "LineString", "coordinates": [[-94.50654682419452, 42.056339870177226], [-94.49199061855207, 42.04161913539578], [-94.47359254661153, 42.04019613655202]]}}, {"id": "35315", "type": "Feature", "properties": {}, "geometry": {"type": "LineString", "coordinates": [[-94.57614858076731, 42.09776353899233], [-94.54977437370727, 42.09713527353262], [-94.54903983926576, 42.088543139035394]]}}, {"id": "35316", "type": "Feature", "properties": {}, "geometry": {"type": "LineString", "coordinates": [[-94.57926024879177, 42.10188853893934], [-94.57614858076731, 42.09776353899233]]}}, {"id": "35317", "type": "Feature", "properties": {}, "geometry": {"type": "LineString", "coordinates": [[-94.5842834535874, 42.124342675644655], [-94.57570918242249, 42.105873273413536]]}}, {"id": "35318", "type": "Feature", "properties": {}, "geometry": {"type": "LineString", "coordinates": [[-94.58030124978066, 42.10458247261711], [-94.57926024879177, 42.10188853893934]]}}, {"id": "35319", "type": "Feature", "properties": {}, "geometry": {"type": "LineString", "coordinates": [[-94.57570918242249, 42.105873273413536], [-94.58030124978066, 42.10458247261711]]}}, {"id": "35747", "type": "Feature", "properties": {}, "geometry": {"type": "LineString", "coordinates": [[-94.04298865632767, 41.69558784366669], [-94.0417411883505, 41.69231570982666]]}}, {"id": "35748", "type": "Feature", "properties": {}, "geometry": {"type": "LineString", "coordinates": [[-94.04282445597184, 41.695587710184945], [-94.04298865632767, 41.69558784366669]]}}, {"id": "35749", "type": "Feature", "properties": {}, "geometry": {"type": "LineString", "coordinates": [[-94.0417411883505, 41.69231570982666], [-94.04150345549878, 41.69207830976537]]}}, {"id": "35750", "type": "Feature", "properties": {}, "geometry": {"type": "LineString", "coordinates": [[-94.04258038909904, 41.695781843318706], [-94.04282445597184, 41.695587710184945]]}}, {"id": "36449", "type": "Feature", "properties": {}, "geometry": {"type": "LineString", "coordinates": [[-94.01231943950256, 41.61981890008686], [-94.011773039231, 41.61844583338156]]}}, {"id": "36467", "type": "Feature", "properties": {}, "geometry": {"type": "LineString", "coordinates": [[-93.96424302034306, 41.56804222836495], [-93.96122941960155, 41.569737428674394]]}}, {"id": "36468", "type": "Feature", "properties": {}, "geometry": {"type": "LineString", "coordinates": [[-93.95302614995404, 41.562628694936926], [-93.95131714914345, 41.55990742768832]]}}, {"id": "36569", "type": "Feature", "properties": {}, "geometry": {"type": "LineString", "coordinates": [[-93.71164468379284, 41.55890050948934], [-93.69883794806452, 41.568217311868636], [-93.69511607872207, 41.56010651034312], [-93.67616654091007, 41.56586524588977]]}}, {"id": "36571", "type": "Feature", "properties": {}, "geometry": {"type": "LineString", "coordinates": [[-94.11545082393658, 41.826597059788845], [-94.11544962378736, 41.826581859177494]]}}, {"id": "36572", "type": "Feature", "properties": {}, "geometry": {"type": "LineString", "coordinates": [[-94.11544962378736, 41.826581859177494], [-94.11704168910079, 41.81032652377692]]}}, {"id": "36573", "type": "Feature", "properties": {}, "geometry": {"type": "LineString", "coordinates": [[-94.11704168910079, 41.81032652377692], [-94.11077508659453, 41.79990985572557]]}}, {"id": "36584", "type": "Feature", "properties": {}, "geometry": {"type": "LineString", "coordinates": [[-94.19360064961405, 41.8601157263259], [-94.19219684872633, 41.861620126742785]]}}, {"id": "36591", "type": "Feature", "properties": {}, "geometry": {"type": "LineString", "coordinates": [[-94.54903983926576, 42.088543139035394], [-94.54325763620848, 42.071270870306016]]}}, {"id": "36592", "type": "Feature", "properties": {}, "geometry": {"type": "LineString", "coordinates": [[-94.47359254661153, 42.04019613655202], [-94.4731977460273, 42.03321746859225]]}}, {"id": "36593", "type": "Feature", "properties": {}, "geometry": {"type": "LineString", "coordinates": [[-94.4731977460273, 42.03321746859225], [-94.47503541163772, 42.02425346750066]]}}, {"id": "36594", "type": "Feature", "properties": {}, "geometry": {"type": "LineString", "coordinates": [[-94.05778786523764, 41.74334211672324], [-94.05004186142594, 41.72315511433677]]}}, {"id": "36595", "type": "Feature", "properties": {}, "geometry": {"type": "LineString", "coordinates": [[-94.05004186142594, 41.72315511433677], [-94.04997165988313, 41.71077664525879]]}}, {"id": "36596", "type": "Feature", "properties": {}, "geometry": {"type": "LineString", "coordinates": [[-94.01217323869008, 41.6161814328743], [-94.01214023907811, 41.61609583262915]]}}, {"id": "36597", "type": "Feature", "properties": {}, "geometry": {"type": "LineString", "coordinates": [[-94.011773039231, 41.61844583338156], [-94.01217323869008, 41.6161814328743]]}}, {"id": "36598", "type": "Feature", "properties": {}, "geometry": {"type": "LineString", "coordinates": [[-93.67601614137195, 41.567672446192866], [-93.65829826927296, 41.56627811390867], [-93.64380133447295, 41.582369850831114], [-93.64211393275505, 41.57322191619348], [-93.61189032522661, 41.57976951889466]]}}, {"id": "36599", "type": "Feature", "properties": {}, "geometry": {"type": "LineString", "coordinates": [[-93.73411448743796, 41.54229930534332], [-93.71767228412786, 41.54643230700804], [-93.71164468379284, 41.55890050948934]]}}, {"id": "36600", "type": "Feature", "properties": {}, "geometry": {"type": "LineString", "coordinates": [[-93.80591990662411, 41.531412099500166], [-93.79476070268643, 41.52673143272913], [-93.78865030193673, 41.53625883468613]]}}, {"id": "36601", "type": "Feature", "properties": {}, "geometry": {"type": "LineString", "coordinates": [[-93.81626690957742, 41.53156883167103], [-93.80591990662411, 41.531412099500166]]}}, {"id": "36602", "type": "Feature", "properties": {}, "geometry": {"type": "LineString", "coordinates": [[-93.82218250975944, 41.52163602984964], [-93.81626690957742, 41.53156883167103]]}}, {"id": "36603", "type": "Feature", "properties": {}, "geometry": {"type": "LineString", "coordinates": [[-94.00023763432706, 41.60911929904949], [-93.99920196753433, 41.60905029901931]]}}, {"id": "36604", "type": "Feature", "properties": {}, "geometry": {"type": "LineString", "coordinates": [[-93.98680042949132, 41.59570909786451], [-93.98204536102823, 41.59080823100982]]}}, {"id": "36605", "type": "Feature", "properties": {}, "geometry": {"type": "LineString", "coordinates": [[-93.98439462797273, 41.58824069679927], [-93.98895802919188, 41.58367722898458], [-93.9835832273873, 41.58144802927573]]}}, {"id": "36606", "type": "Feature", "properties": {}, "geometry": {"type": "LineString", "coordinates": [[-93.99537556663216, 41.60656823228229], [-93.99611276547681, 41.5934414967833], [-93.98680042949132, 41.59570909786451]]}}, {"id": "36607", "type": "Feature", "properties": {}, "geometry": {"type": "LineString", "coordinates": [[-93.98204536102823, 41.59080823100982], [-93.98439462797273, 41.58824069679927]]}}, {"id": "36608", "type": "Feature", "properties": {}, "geometry": {"type": "LineString", "coordinates": [[-93.99920196753433, 41.60905029901931], [-93.99537556663216, 41.60656823228229]]}}, {"id": "36609", "type": "Feature", "properties": {}, "geometry": {"type": "LineString", "coordinates": [[-94.01214023907811, 41.61609583262915], [-94.00047883467582, 41.608859832223665]]}}, {"id": "36610", "type": "Feature", "properties": {}, "geometry": {"type": "LineString", "coordinates": [[-94.00047883467582, 41.608859832223665], [-94.00023763432706, 41.60911929904949]]}}, {"id": "36611", "type": "Feature", "properties": {}, "geometry": {"type": "LineString", "coordinates": [[-94.07196920391202, 41.75079085064971], [-94.05778786523764, 41.74334211672324]]}}, {"id": "36612", "type": "Feature", "properties": {}, "geometry": {"type": "LineString", "coordinates": [[-94.08287007483186, 41.76302605179168], [-94.07196920391202, 41.75079085064971]]}}, {"id": "36613", "type": "Feature", "properties": {}, "geometry": {"type": "LineString", "coordinates": [[-94.11077508659453, 41.79990985572557], [-94.09044447886473, 41.780694853541796]]}}, {"id": "36614", "type": "Feature", "properties": {}, "geometry": {"type": "LineString", "coordinates": [[-94.09044447886473, 41.780694853541796], [-94.08065140855663, 41.77103805286352], [-94.08287007483186, 41.76302605179168]]}}, {"id": "36615", "type": "Feature", "properties": {}, "geometry": {"type": "LineString", "coordinates": [[-94.2383921274089, 41.85213532249691], [-94.21695965513474, 41.85213945703485]]}}, {"id": "36616", "type": "Feature", "properties": {}, "geometry": {"type": "LineString", "coordinates": [[-94.21695965513474, 41.85213945703485], [-94.21198271896614, 41.84587172329514], [-94.19360064961405, 41.8601157263259]]}}, {"id": "36617", "type": "Feature", "properties": {}, "geometry": {"type": "LineString", "coordinates": [[-94.45669734086994, 42.02859566892318], [-94.44876240518433, 42.03265827021319], [-94.43180153259549, 42.020182069069534]]}}, {"id": "36618", "type": "Feature", "properties": {}, "geometry": {"type": "LineString", "coordinates": [[-94.47503541163772, 42.02425346750066], [-94.45669734086994, 42.02859566892318]]}}, {"id": "36619", "type": "Feature", "properties": {}, "geometry": {"type": "LineString", "coordinates": [[-94.43180153259549, 42.020182069069534], [-94.43146153193855, 42.01501453509472]]}}, {"id": "36620", "type": "Feature", "properties": {}, "geometry": {"type": "LineString", "coordinates": [[-94.43146153193855, 42.01501453509472], [-94.42752613035813, 42.00752333450059]]}}, {"id": "36621", "type": "Feature", "properties": {}, "geometry": {"type": "LineString", "coordinates": [[-94.51758422735945, 42.056533869711146], [-94.50654682419452, 42.056339870177226]]}}, {"id": "36622", "type": "Feature", "properties": {}, "geometry": {"type": "LineString", "coordinates": [[-94.54325763620848, 42.071270870306016], [-94.52808496349891, 42.060543269039684]]}}, {"id": "36623", "type": "Feature", "properties": {}, "geometry": {"type": "LineString", "coordinates": [[-94.52808496349891, 42.060543269039684], [-94.51758422735945, 42.056533869711146]]}}, {"id": "36682", "type": "Feature", "properties": {}, "geometry": {"type": "LineString", "coordinates": [[-93.98168835526296, 41.53907008939812], [-93.96672555146165, 41.54377969124047]]}}, {"id": "36683", "type": "Feature", "properties": {}, "geometry": {"type": "LineString", "coordinates": [[-94.00664076368851, 41.556421690331966], [-94.00286956246391, 41.55348949003314]]}}, {"id": "36684", "type": "Feature", "properties": {}, "geometry": {"type": "LineString", "coordinates": [[-94.01462103285495, 41.55601782349797], [-94.00664076368851, 41.556421690331966]]}}, {"id": "36685", "type": "Feature", "properties": {}, "geometry": {"type": "LineString", "coordinates": [[-94.01647863297983, 41.556133889567384], [-94.01462103285495, 41.55601782349797]]}}, {"id": "36686", "type": "Feature", "properties": {}, "geometry": {"type": "LineString", "coordinates": [[-94.0202210342164, 41.558539423550016], [-94.01647863297983, 41.556133889567384]]}}, {"id": "36687", "type": "Feature", "properties": {}, "geometry": {"type": "LineString", "coordinates": [[-94.03282883802505, 41.55971668950586], [-94.0202210342164, 41.558539423550016]]}}, {"id": "36688", "type": "Feature", "properties": {}, "geometry": {"type": "LineString", "coordinates": [[-94.0342619716018, 41.558619822784564], [-94.03282883802505, 41.55971668950586]]}}, {"id": "36689", "type": "Feature", "properties": {}, "geometry": {"type": "LineString", "coordinates": [[-94.04032583961977, 41.55638242171844], [-94.0342619716018, 41.558619822784564]]}}, {"id": "36690", "type": "Feature", "properties": {}, "geometry": {"type": "LineString", "coordinates": [[-94.05768797796793, 41.55454062051077], [-94.04032583961977, 41.55638242171844]]}}, {"id": "36691", "type": "Feature", "properties": {}, "geometry": {"type": "LineString", "coordinates": [[-94.05847964436322, 41.554655487285096], [-94.05768797796793, 41.55454062051077]]}}, {"id": "36692", "type": "Feature", "properties": {}, "geometry": {"type": "LineString", "coordinates": [[-94.06268184558301, 41.55548128662547], [-94.05847964436322, 41.554655487285096]]}}, {"id": "36693", "type": "Feature", "properties": {}, "geometry": {"type": "LineString", "coordinates": [[-94.0758690492752, 41.55576208577706], [-94.06268184558301, 41.55548128662547]]}}, {"id": "36694", "type": "Feature", "properties": {}, "geometry": {"type": "LineString", "coordinates": [[-94.08567765145455, 41.55288341833545], [-94.0758690492752, 41.55576208577706]]}}, {"id": "36707", "type": "Feature", "properties": {}, "geometry": {"type": "LineString", "coordinates": [[-94.09222825274462, 41.5470060170558], [-94.08567765145455, 41.55288341833545]]}}, {"id": "36708", "type": "Feature", "properties": {}, "geometry": {"type": "LineString", "coordinates": [[-94.10008345576225, 41.55094268389237], [-94.09222825274462, 41.5470060170558]]}}, {"id": "36709", "type": "Feature", "properties": {}, "geometry": {"type": "LineString", "coordinates": [[-94.11128759343043, 41.56583701845417], [-94.10008345576225, 41.55094268389237]]}}, {"id": "36710", "type": "Feature", "properties": {}, "geometry": {"type": "LineString", "coordinates": [[-94.13029546604035, 41.5704814183543], [-94.11128759343043, 41.56583701845417]]}}, {"id": "36711", "type": "Feature", "properties": {}, "geometry": {"type": "LineString", "coordinates": [[-94.13227566643859, 41.57116748485079], [-94.13029546604035, 41.5704814183543]]}}, {"id": "36712", "type": "Feature", "properties": {}, "geometry": {"type": "LineString", "coordinates": [[-94.14363927034105, 41.57397988494633], [-94.13227566643859, 41.57116748485079]]}}, {"id": "36713", "type": "Feature", "properties": {}, "geometry": {"type": "LineString", "coordinates": [[-94.14415780397421, 41.57558108497389], [-94.14363927034105, 41.57397988494633]]}}, {"id": "36714", "type": "Feature", "properties": {}, "geometry": {"type": "LineString", "coordinates": [[-94.14488927066904, 41.576839218031495], [-94.14415780397421, 41.57558108497389]]}}, {"id": "36715", "type": "Feature", "properties": {}, "geometry": {"type": "LineString", "coordinates": [[-94.15059200695964, 41.58987742012443], [-94.14488927066904, 41.576839218031495]]}}, {"id": "36716", "type": "Feature", "properties": {}, "geometry": {"type": "LineString", "coordinates": [[-94.15848087524085, 41.58422468565197], [-94.15059200695964, 41.58987742012443]]}}, {"id": "36717", "type": "Feature", "properties": {}, "geometry": {"type": "LineString", "coordinates": [[-94.17487067892212, 41.580924416983514], [-94.15848087524085, 41.58422468565197]]}}, {"id": "36718", "type": "Feature", "properties": {}, "geometry": {"type": "LineString", "coordinates": [[-94.18379188124638, 41.5748578824914], [-94.17487067892212, 41.580924416983514]]}}, {"id": "36719", "type": "Feature", "properties": {}, "geometry": {"type": "LineString", "coordinates": [[-94.19262328348327, 41.57183328103736], [-94.18379188124638, 41.5748578824914]]}}, {"id": "36720", "type": "Feature", "properties": {}, "geometry": {"type": "LineString", "coordinates": [[-94.21076429172547, 41.605700218819166], [-94.19262328348327, 41.57183328103736]]}}, {"id": "36750", "type": "Feature", "properties": {}, "geometry": {"type": "LineString", "coordinates": [[-94.22343929490725, 41.602944684301626], [-94.21076429172547, 41.605700218819166]]}}, {"id": "36751", "type": "Feature", "properties": {}, "geometry": {"type": "LineString", "coordinates": [[-94.22343682813349, 41.601434883844824], [-94.22343929490725, 41.602944684301626]]}}, {"id": "36752", "type": "Feature", "properties": {}, "geometry": {"type": "LineString", "coordinates": [[-94.2372086985317, 41.59940888299698], [-94.22343682813349, 41.601434883844824]]}}, {"id": "36753", "type": "Feature", "properties": {}, "geometry": {"type": "LineString", "coordinates": [[-94.24013783248368, 41.601350416072655], [-94.2372086985317, 41.59940888299698]]}}, {"id": "36754", "type": "Feature", "properties": {}, "geometry": {"type": "LineString", "coordinates": [[-94.24743630190903, 41.60886881710203], [-94.24013783248368, 41.601350416072655]]}}, {"id": "36755", "type": "Feature", "properties": {}, "geometry": {"type": "LineString", "coordinates": [[-94.26892344205811, 41.6165540164918], [-94.261022707032, 41.61981781754485], [-94.2621003062839, 41.61352808340717], [-94.24743630190903, 41.60886881710203]]}}, {"id": "36756", "type": "Feature", "properties": {}, "geometry": {"type": "LineString", "coordinates": [[-94.28312924634928, 41.6163370823969], [-94.26892344205811, 41.6165540164918]]}}, {"id": "36757", "type": "Feature", "properties": {}, "geometry": {"type": "LineString", "coordinates": [[-94.28635711415068, 41.61885588246857], [-94.28312924634928, 41.6163370823969]]}}, {"id": "36758", "type": "Feature", "properties": {}, "geometry": {"type": "LineString", "coordinates": [[-94.28751124806814, 41.62215068295143], [-94.28635711415068, 41.61885588246857]]}}, {"id": "36759", "type": "Feature", "properties": {}, "geometry": {"type": "LineString", "coordinates": [[-94.292987716705, 41.63125901775196], [-94.28751124806814, 41.62215068295143]]}}, {"id": "36760", "type": "Feature", "properties": {}, "geometry": {"type": "LineString", "coordinates": [[-94.31408412294316, 41.634542683122646], [-94.292987716705, 41.63125901775196]]}}, {"id": "36761", "type": "Feature", "properties": {}, "geometry": {"type": "LineString", "coordinates": [[-94.32560172772973, 41.64664881812175], [-94.31408412294316, 41.634542683122646]]}}, {"id": "36762", "type": "Feature", "properties": {}, "geometry": {"type": "LineString", "coordinates": [[-94.32691146153252, 41.648845218340036], [-94.32560172772973, 41.64664881812175]]}}, {"id": "36763", "type": "Feature", "properties": {}, "geometry": {"type": "LineString", "coordinates": [[-94.34370753548755, 41.66957522033149], [-94.32691146153252, 41.648845218340036]]}}, {"id": "36771", "type": "Feature", "properties": {}, "geometry": {"type": "LineString", "coordinates": [[-94.34977947037677, 41.66731188646885], [-94.34370753548755, 41.66957522033149]]}}, {"id": "36772", "type": "Feature", "properties": {}, "geometry": {"type": "LineString", "coordinates": [[-94.36314147364683, 41.66747361845998], [-94.34977947037677, 41.66731188646885]]}}, {"id": "36773", "type": "Feature", "properties": {}, "geometry": {"type": "LineString", "coordinates": [[-94.38175374707025, 41.684194820360695], [-94.36616067628248, 41.68497308829073], [-94.36314147364683, 41.66747361845998]]}}, {"id": "36774", "type": "Feature", "properties": {}, "geometry": {"type": "LineString", "coordinates": [[-94.38138968144517, 41.695677888774895], [-94.38175374707025, 41.684194820360695]]}}, {"id": "36775", "type": "Feature", "properties": {}, "geometry": {"type": "LineString", "coordinates": [[-94.46325737716543, 41.75571629308922], [-94.4625225768226, 41.75448169273237]]}}, {"id": "36776", "type": "Feature", "properties": {}, "geometry": {"type": "LineString", "coordinates": [[-94.46499997856091, 41.75662989310775], [-94.46325737716543, 41.75571629308922]]}}, {"id": "36777", "type": "Feature", "properties": {}, "geometry": {"type": "LineString", "coordinates": [[-94.49570832240654, 41.7766620271731], [-94.48504818650812, 41.77934902867722], [-94.46862331439478, 41.76941349485891]]}}, {"id": "36778", "type": "Feature", "properties": {}, "geometry": {"type": "LineString", "coordinates": [[-94.4996815232975, 41.77702369387537], [-94.49570832240654, 41.7766620271731]]}}, {"id": "36779", "type": "Feature", "properties": {}, "geometry": {"type": "LineString", "coordinates": [[-94.52374632974703, 41.77629922559637], [-94.4996815232975, 41.77702369387537]]}}, {"id": "36780", "type": "Feature", "properties": {}, "geometry": {"type": "LineString", "coordinates": [[-94.53571840032066, 41.78095242567961], [-94.52374632974703, 41.77629922559637]]}}, {"id": "36781", "type": "Feature", "properties": {}, "geometry": {"type": "LineString", "coordinates": [[-94.538643534973, 41.787427826199114], [-94.53571840032066, 41.78095242567961]]}}, {"id": "36782", "type": "Feature", "properties": {}, "geometry": {"type": "LineString", "coordinates": [[-94.53976360297828, 41.79559442728548], [-94.538643534973, 41.787427826199114]]}}, {"id": "36783", "type": "Feature", "properties": {}, "geometry": {"type": "LineString", "coordinates": [[-94.55372160789663, 41.805690895003686], [-94.53976360297828, 41.79559442728548]]}}, {"id": "36877", "type": "Feature", "properties": {}, "geometry": {"type": "LineString", "coordinates": [[-94.20184668535731, 41.56615408003939], [-94.19262328348327, 41.57183328103736]]}}, {"id": "36878", "type": "Feature", "properties": {}, "geometry": {"type": "LineString", "coordinates": [[-94.20425268540357, 41.565855012958515], [-94.20184668535731, 41.56615408003939]]}}, {"id": "36879", "type": "Feature", "properties": {}, "geometry": {"type": "LineString", "coordinates": [[-94.20611461989971, 41.56891908006595], [-94.20425268540357, 41.565855012958515]]}}, {"id": "36880", "type": "Feature", "properties": {}, "geometry": {"type": "LineString", "coordinates": [[-94.21379028831959, 41.56834147955502], [-94.20611461989971, 41.56891908006595]]}}, {"id": "36881", "type": "Feature", "properties": {}, "geometry": {"type": "LineString", "coordinates": [[-94.21948408996639, 41.5668042120914], [-94.21379028831959, 41.56834147955502]]}}, {"id": "36882", "type": "Feature", "properties": {}, "geometry": {"type": "LineString", "coordinates": [[-94.22779902559361, 41.566316477899676], [-94.21948408996639, 41.5668042120914]]}}, {"id": "36883", "type": "Feature", "properties": {}, "geometry": {"type": "LineString", "coordinates": [[-94.23562302742648, 41.56374701069939], [-94.22779902559361, 41.566316477899676]]}}, {"id": "36884", "type": "Feature", "properties": {}, "geometry": {"type": "LineString", "coordinates": [[-94.23964282842279, 41.56335407696289], [-94.23562302742648, 41.56374701069939]]}}, {"id": "36885", "type": "Feature", "properties": {}, "geometry": {"type": "LineString", "coordinates": [[-94.2540834990416, 41.56342220904777], [-94.23964282842279, 41.56335407696289]]}}, {"id": "36886", "type": "Feature", "properties": {}, "geometry": {"type": "LineString", "coordinates": [[-94.25529249936167, 41.568547676465165], [-94.2540834990416, 41.56342220904777]]}}, {"id": "36887", "type": "Feature", "properties": {}, "geometry": {"type": "LineString", "coordinates": [[-94.2597693011908, 41.56905540971708], [-94.25529249936167, 41.568547676465165]]}}, {"id": "36888", "type": "Feature", "properties": {}, "geometry": {"type": "LineString", "coordinates": [[-94.27028503650057, 41.56492480887874], [-94.2597693011908, 41.56905540971708]]}}, {"id": "36889", "type": "Feature", "properties": {}, "geometry": {"type": "LineString", "coordinates": [[-94.27369430470056, 41.566391875039216], [-94.27028503650057, 41.56492480887874]]}}, {"id": "36890", "type": "Feature", "properties": {}, "geometry": {"type": "LineString", "coordinates": [[-94.28512184080348, 41.562718207422655], [-94.27369430470056, 41.566391875039216]]}}, {"id": "36891", "type": "Feature", "properties": {}, "geometry": {"type": "LineString", "coordinates": [[-94.29253044188604, 41.55677587242561], [-94.28512184080348, 41.562718207422655]]}}, {"id": "36892", "type": "Feature", "properties": {}, "geometry": {"type": "LineString", "coordinates": [[-94.30433224667905, 41.57094360766379], [-94.30464551257482, 41.56261707283647], [-94.29253044188604, 41.55677587242561]]}}, {"id": "36893", "type": "Feature", "properties": {}, "geometry": {"type": "LineString", "coordinates": [[-94.29304651144035, 41.582968876902314], [-94.30433224667905, 41.57094360766379]]}}, {"id": "36894", "type": "Feature", "properties": {}, "geometry": {"type": "LineString", "coordinates": [[-94.2995982464043, 41.5819668093895], [-94.29304651144035, 41.582968876902314]]}}, {"id": "36895", "type": "Feature", "properties": {}, "geometry": {"type": "LineString", "coordinates": [[-94.33494265619241, 41.57736300658144], [-94.30653365002948, 41.592905410426056], [-94.2995982464043, 41.5819668093895]]}}, {"id": "36896", "type": "Feature", "properties": {}, "geometry": {"type": "LineString", "coordinates": [[-94.33579505588739, 41.57839260680977], [-94.33494265619241, 41.57736300658144]]}}, {"id": "36897", "type": "Feature", "properties": {}, "geometry": {"type": "LineString", "coordinates": [[-94.33514625755491, 41.5942906754686], [-94.32546012090161, 41.588293875474584], [-94.33579505588739, 41.57839260680977]]}}, {"id": "36898", "type": "Feature", "properties": {}, "geometry": {"type": "LineString", "coordinates": [[-94.34760692899812, 41.60101947631649], [-94.33514625755491, 41.5942906754686]]}}, {"id": "36899", "type": "Feature", "properties": {}, "geometry": {"type": "LineString", "coordinates": [[-94.3611671329592, 41.610240209751964], [-94.34760692899812, 41.60101947631649]]}}, {"id": "36900", "type": "Feature", "properties": {}, "geometry": {"type": "LineString", "coordinates": [[-94.36235593376179, 41.610560476737945], [-94.3611671329592, 41.610240209751964]]}}, {"id": "36901", "type": "Feature", "properties": {}, "geometry": {"type": "LineString", "coordinates": [[-94.37576767135923, 41.62007687698585], [-94.36235593376179, 41.610560476737945]]}}, {"id": "36902", "type": "Feature", "properties": {}, "geometry": {"type": "LineString", "coordinates": [[-94.3760116717567, 41.620259877302075], [-94.37576767135923, 41.62007687698585]]}}, {"id": "36903", "type": "Feature", "properties": {}, "geometry": {"type": "LineString", "coordinates": [[-94.38570587438295, 41.62105981034347], [-94.3760116717567, 41.620259877302075]]}}, {"id": "36904", "type": "Feature", "properties": {}, "geometry": {"type": "LineString", "coordinates": [[-94.39634487741432, 41.62014300912462], [-94.38570587438295, 41.62105981034347]]}}, {"id": "36905", "type": "Feature", "properties": {}, "geometry": {"type": "LineString", "coordinates": [[-94.40000387816161, 41.62229227578165], [-94.39634487741432, 41.62014300912462]]}}, {"id": "36906", "type": "Feature", "properties": {}, "geometry": {"type": "LineString", "coordinates": [[-94.40488154689805, 41.622382608772014], [-94.40000387816161, 41.62229227578165]]}}, {"id": "36907", "type": "Feature", "properties": {}, "geometry": {"type": "LineString", "coordinates": [[-94.41076674809088, 41.62466820909417], [-94.40488154689805, 41.622382608772014]]}}, {"id": "36908", "type": "Feature", "properties": {}, "geometry": {"type": "LineString", "coordinates": [[-94.41549274976632, 41.62574167539117], [-94.41076674809088, 41.62466820909417]]}}, {"id": "36909", "type": "Feature", "properties": {}, "geometry": {"type": "LineString", "coordinates": [[-94.425351687246, 41.639416410744715], [-94.41549274976632, 41.62574167539117]]}}, {"id": "36910", "type": "Feature", "properties": {}, "geometry": {"type": "LineString", "coordinates": [[-94.439931158356, 41.643045676892115], [-94.425351687246, 41.639416410744715]]}}, {"id": "37508", "type": "Feature", "properties": {}, "geometry": {"type": "LineString", "coordinates": [[-94.46499997856091, 41.75662989310775], [-94.46325737716543, 41.75571629308922]]}}, {"id": "37988", "type": "Feature", "properties": {}, "geometry": {"type": "LineString", "coordinates": [[-94.00286956246391, 41.55348949003314], [-94.00023722828855, 41.550096890177215]]}}, {"id": "37996", "type": "Feature", "properties": {}, "geometry": {"type": "LineString", "coordinates": [[-94.00005376176483, 41.55002189016553], [-93.9852648232935, 41.547035623555765], [-93.98168835526296, 41.53907008939812]]}}, {"id": "37997", "type": "Feature", "properties": {}, "geometry": {"type": "LineString", "coordinates": [[-94.00023722828855, 41.550096890177215], [-94.00005376176483, 41.55002189016553]]}}, {"id": "37998", "type": "Feature", "properties": {}, "geometry": {"type": "LineString", "coordinates": [[-94.46699271225398, 41.76156909371557], [-94.46499997856091, 41.75662989310775]]}}, {"id": "37999", "type": "Feature", "properties": {}, "geometry": {"type": "LineString", "coordinates": [[-94.46862331439478, 41.76941349485891], [-94.46699271225398, 41.76156909371557]]}}, {"id": "38022", "type": "Feature", "properties": {}, "geometry": {"type": "LineString", "coordinates": [[-94.4625225768226, 41.75448169273237], [-94.45850090912712, 41.750137625940575]]}}, {"id": "38024", "type": "Feature", "properties": {}, "geometry": {"type": "LineString", "coordinates": [[-94.45596237433877, 41.74686929214237], [-94.44805870541494, 41.742752225173994]]}}, {"id": "38025", "type": "Feature", "properties": {}, "geometry": {"type": "LineString", "coordinates": [[-94.44805870541494, 41.742752225173994], [-94.43873270246073, 41.73727662518186]]}}, {"id": "38030", "type": "Feature", "properties": {}, "geometry": {"type": "LineString", "coordinates": [[-94.4197248954278, 41.72618489095872], [-94.41608389512218, 41.72654242464599]]}}, {"id": "38031", "type": "Feature", "properties": {}, "geometry": {"type": "LineString", "coordinates": [[-94.43873270246073, 41.73727662518186], [-94.4197248954278, 41.72618489095872]]}}, {"id": "38034", "type": "Feature", "properties": {}, "geometry": {"type": "LineString", "coordinates": [[-94.41608389512218, 41.72654242464599], [-94.40909595891752, 41.722300024477384]]}}, {"id": "38035", "type": "Feature", "properties": {}, "geometry": {"type": "LineString", "coordinates": [[-94.40909595891752, 41.722300024477384], [-94.40647255758934, 41.71784329047754]]}}, {"id": "38037", "type": "Feature", "properties": {}, "geometry": {"type": "LineString", "coordinates": [[-94.40647255758934, 41.71784329047754], [-94.39743368853927, 41.71598822404312]]}}, {"id": "38039", "type": "Feature", "properties": {}, "geometry": {"type": "LineString", "coordinates": [[-94.39743368853927, 41.71598822404312], [-94.39777135447478, 41.70915482315162]]}}, {"id": "38041", "type": "Feature", "properties": {}, "geometry": {"type": "LineString", "coordinates": [[-94.39777135447478, 41.70915482315162], [-94.39573368615288, 41.7029622889337], [-94.38059494909983, 41.705856290491454], [-94.38138968144517, 41.695677888774895]]}}, {"id": "38043", "type": "Feature", "properties": {}, "geometry": {"type": "LineString", "coordinates": [[-94.45850090912712, 41.750137625940575], [-94.45596237433877, 41.74686929214237]]}}, {"id": "38121", "type": "Feature", "properties": {}, "geometry": {"type": "LineString", "coordinates": [[-93.44586860550531, 41.514369918883126], [-93.43596680311522, 41.51269771929457]]}}, {"id": "38122", "type": "Feature", "properties": {}, "geometry": {"type": "LineString", "coordinates": [[-93.48886488823973, 41.55564092294036], [-93.4876878868084, 41.540400520238826], [-93.47651221764988, 41.5438014549911]]}}, {"id": "38123", "type": "Feature", "properties": {}, "geometry": {"type": "LineString", "coordinates": [[-93.47651221764988, 41.5438014549911], [-93.44586860550531, 41.514369918883126]]}}, {"id": "38124", "type": "Feature", "properties": {}, "geometry": {"type": "LineString", "coordinates": [[-93.50699909443863, 41.56303312269989], [-93.50153609154786, 41.553541855004376], [-93.48886488823973, 41.55564092294036]]}}, {"id": "38149", "type": "Feature", "properties": {}, "geometry": {"type": "LineString", "coordinates": [[-93.54727330579239, 41.56206552040418], [-93.54313363629949, 41.5508583188006], [-93.52796623220907, 41.55184105339195]]}}, {"id": "38150", "type": "Feature", "properties": {}, "geometry": {"type": "LineString", "coordinates": [[-93.576721514517, 41.5701325199138], [-93.56194991083572, 41.57266865455694], [-93.54727330579239, 41.56206552040418]]}}, {"id": "38151", "type": "Feature", "properties": {}, "geometry": {"type": "LineString", "coordinates": [[-93.61189032522661, 41.57976951889466], [-93.576721514517, 41.5701325199138]]}}, {"id": "38152", "type": "Feature", "properties": {}, "geometry": {"type": "LineString", "coordinates": [[-93.51749029046977, 41.501931045925275], [-93.49593328564609, 41.511959249085095], [-93.4775082804167, 41.50552531541893], [-93.46032787664039, 41.51734485153081], [-93.44699220568629, 41.514791452552025]]}}, {"id": "38153", "type": "Feature", "properties": {}, "geometry": {"type": "LineString", "coordinates": [[-93.44699220568629, 41.514791452552025], [-93.44586860550531, 41.514369918883126]]}}, {"id": "38154", "type": "Feature", "properties": {}, "geometry": {"type": "LineString", "coordinates": [[-93.52093022445861, 41.50131651250063], [-93.51749029046977, 41.501931045925275]]}}, {"id": "38155", "type": "Feature", "properties": {}, "geometry": {"type": "LineString", "coordinates": [[-93.52394662524885, 41.50000671192123], [-93.52394582574826, 41.50000671192123]]}}, {"id": "38156", "type": "Feature", "properties": {}, "geometry": {"type": "LineString", "coordinates": [[-93.5239472917988, 41.50000671192123], [-93.52394662524885, 41.50000671192123]]}}, {"id": "38157", "type": "Feature", "properties": {}, "geometry": {"type": "LineString", "coordinates": [[-93.52394582574826, 41.50000671192123], [-93.52093022445861, 41.50131651250063]]}}, {"id": "38158", "type": "Feature", "properties": {}, "geometry": {"type": "LineString", "coordinates": [[-93.52964469389327, 41.497911711284495], [-93.5239472917988, 41.50000671192123]]}}, {"id": "38159", "type": "Feature", "properties": {}, "geometry": {"type": "LineString", "coordinates": [[-93.5579852340585, 41.48884824137682], [-93.52964469389327, 41.497911711284495]]}}, {"id": "38160", "type": "Feature", "properties": {}, "geometry": {"type": "LineString", "coordinates": [[-93.56973070370341, 41.487938907177416], [-93.5579852340585, 41.48884824137682]]}}, {"id": "38161", "type": "Feature", "properties": {}, "geometry": {"type": "LineString", "coordinates": [[-93.57532230581698, 41.49739024133886], [-93.56973070370341, 41.487938907177416]]}}, {"id": "38162", "type": "Feature", "properties": {}, "geometry": {"type": "LineString", "coordinates": [[-93.60082704519161, 41.486073037966754], [-93.5967475116188, 41.492729706246394]]}}, {"id": "38171", "type": "Feature", "properties": {}, "geometry": {"type": "LineString", "coordinates": [[-93.60149731146277, 41.483167637495576], [-93.60082704519161, 41.486073037966754]]}}, {"id": "38172", "type": "Feature", "properties": {}, "geometry": {"type": "LineString", "coordinates": [[-93.60953004673335, 41.47900483673718], [-93.61351511436922, 41.48245990337094], [-93.60149731146277, 41.483167637495576]]}}, {"id": "38173", "type": "Feature", "properties": {}, "geometry": {"type": "LineString", "coordinates": [[-93.61348644643355, 41.469259034621174], [-93.60953004673335, 41.47900483673718]]}}, {"id": "38174", "type": "Feature", "properties": {}, "geometry": {"type": "LineString", "coordinates": [[-93.6127564466876, 41.468778634839765], [-93.61348644643355, 41.469259034621174]]}}, {"id": "38175", "type": "Feature", "properties": {}, "geometry": {"type": "LineString", "coordinates": [[-93.64007065355587, 41.46676443284893], [-93.62991211804749, 41.472370634036395], [-93.62346324826841, 41.46200703311059], [-93.6127564466876, 41.468778634839765]]}}, {"id": "38176", "type": "Feature", "properties": {}, "geometry": {"type": "LineString", "coordinates": [[-93.63629751825849, 41.460244631811356], [-93.63267891834279, 41.46411143237445], [-93.64007065355587, 41.46676443284893]]}}, {"id": "38177", "type": "Feature", "properties": {}, "geometry": {"type": "LineString", "coordinates": [[-93.64520605343893, 41.45251029655334], [-93.63629751825849, 41.460244631811356]]}}, {"id": "38178", "type": "Feature", "properties": {}, "geometry": {"type": "LineString", "coordinates": [[-93.66290645869553, 41.45591422972811], [-93.64520605343893, 41.45251029655334]]}}, {"id": "38179", "type": "Feature", "properties": {}, "geometry": {"type": "LineString", "coordinates": [[-93.67211212692754, 41.4444028936532], [-93.66290645869553, 41.45591422972811]]}}, {"id": "38180", "type": "Feature", "properties": {}, "geometry": {"type": "LineString", "coordinates": [[-93.69145766637129, 41.4513250267226], [-93.67211212692754, 41.4444028936532]]}}, {"id": "38181", "type": "Feature", "properties": {}, "geometry": {"type": "LineString", "coordinates": [[-93.69665466732664, 41.44885102637209], [-93.69145766637129, 41.4513250267226]]}}, {"id": "38182", "type": "Feature", "properties": {}, "geometry": {"type": "LineString", "coordinates": [[-93.71641833929746, 41.44789849180235], [-93.69665466732664, 41.44885102637209]]}}, {"id": "38183", "type": "Feature", "properties": {}, "geometry": {"type": "LineString", "coordinates": [[-93.72088814055559, 41.44784902423324], [-93.71641833929746, 41.44789849180235]]}}, {"id": "38184", "type": "Feature", "properties": {}, "geometry": {"type": "LineString", "coordinates": [[-93.72252594089677, 41.445193823748816], [-93.72088814055559, 41.44784902423324]]}}, {"id": "38185", "type": "Feature", "properties": {}, "geometry": {"type": "LineString", "coordinates": [[-93.72090793942445, 41.440848290010166], [-93.72252594089677, 41.445193823748816]]}}, {"id": "38186", "type": "Feature", "properties": {}, "geometry": {"type": "LineString", "coordinates": [[-93.73300094209996, 41.43630742221764], [-93.72090793942445, 41.440848290010166]]}}, {"id": "38187", "type": "Feature", "properties": {}, "geometry": {"type": "LineString", "coordinates": [[-93.74935534676914, 41.43546702061884], [-93.74264694561964, 41.44103348896775], [-93.73300094209996, 41.43630742221764]]}}, {"id": "38319", "type": "Feature", "properties": {}, "geometry": {"type": "LineString", "coordinates": [[-93.40220578989806, 41.48255065002539], [-93.39715638933042, 41.4856633173218]]}}, {"id": "38320", "type": "Feature", "properties": {}, "geometry": {"type": "LineString", "coordinates": [[-93.39715638933042, 41.4856633173218], [-93.39696078926214, 41.486335450899894]]}}, {"id": "38321", "type": "Feature", "properties": {}, "geometry": {"type": "LineString", "coordinates": [[-93.44137220243668, 41.49250924883227], [-93.42414166278606, 41.482565915220285], [-93.40220578989806, 41.48255065002539]]}}, {"id": "38322", "type": "Feature", "properties": {}, "geometry": {"type": "LineString", "coordinates": [[-93.4527532049096, 41.49311964828019], [-93.44137220243668, 41.49250924883227]]}}, {"id": "38323", "type": "Feature", "properties": {}, "geometry": {"type": "LineString", "coordinates": [[-93.47499027752248, 41.48896111321694], [-93.4527532049096, 41.49311964828019]]}}, {"id": "38324", "type": "Feature", "properties": {}, "geometry": {"type": "LineString", "coordinates": [[-93.47306440992757, 41.483105912363165], [-93.47499027752248, 41.48896111321694]]}}, {"id": "38325", "type": "Feature", "properties": {}, "geometry": {"type": "LineString", "coordinates": [[-93.47634601045769, 41.480403444709786], [-93.47306440992757, 41.483105912363165]]}}, {"id": "38326", "type": "Feature", "properties": {}, "geometry": {"type": "LineString", "coordinates": [[-93.48053427701082, 41.474222310435344], [-93.47634601045769, 41.480403444709786]]}}, {"id": "38327", "type": "Feature", "properties": {}, "geometry": {"type": "LineString", "coordinates": [[-93.48323467743359, 41.47010164319202], [-93.48053427701082, 41.474222310435344]]}}, {"id": "38328", "type": "Feature", "properties": {}, "geometry": {"type": "LineString", "coordinates": [[-93.49960248047522, 41.45583150601578], [-93.48628987735927, 41.46028384096763], [-93.48323467743359, 41.47010164319202]]}}, {"id": "38329", "type": "Feature", "properties": {}, "geometry": {"type": "LineString", "coordinates": [[-93.50114821427957, 41.45585743919832], [-93.49960248047522, 41.45583150601578]]}}, {"id": "38330", "type": "Feature", "properties": {}, "geometry": {"type": "LineString", "coordinates": [[-93.50662461554275, 41.45462763922771], [-93.50114821427957, 41.45585743919832]]}}, {"id": "38331", "type": "Feature", "properties": {}, "geometry": {"type": "LineString", "coordinates": [[-93.51532848395874, 41.45074670465073], [-93.50662461554275, 41.45462763922771]]}}, {"id": "38332", "type": "Feature", "properties": {}, "geometry": {"type": "LineString", "coordinates": [[-93.52427468639736, 41.446796703293465], [-93.51532848395874, 41.45074670465073]]}}, {"id": "38333", "type": "Feature", "properties": {}, "geometry": {"type": "LineString", "coordinates": [[-93.537265423147, 41.441705101466624], [-93.52427468639736, 41.446796703293465]]}}, {"id": "38334", "type": "Feature", "properties": {}, "geometry": {"type": "LineString", "coordinates": [[-93.53778242245765, 41.44156823472524], [-93.537265423147, 41.441705101466624]]}}, {"id": "38335", "type": "Feature", "properties": {}, "geometry": {"type": "LineString", "coordinates": [[-93.5511356923065, 41.43652123318299], [-93.53778242245765, 41.44156823472524]]}}, {"id": "38336", "type": "Feature", "properties": {}, "geometry": {"type": "LineString", "coordinates": [[-93.57199723131869, 41.42960009774615], [-93.5511356923065, 41.43652123318299]]}}, {"id": "38337", "type": "Feature", "properties": {}, "geometry": {"type": "LineString", "coordinates": [[-93.58224343341566, 41.42674429654373], [-93.57199723131869, 41.42960009774615]]}}, {"id": "38338", "type": "Feature", "properties": {}, "geometry": {"type": "LineString", "coordinates": [[-93.5875033011695, 41.4246182957553], [-93.58224343341566, 41.42674429654373]]}}, {"id": "38339", "type": "Feature", "properties": {}, "geometry": {"type": "LineString", "coordinates": [[-93.5956809032544, 41.422904694725744], [-93.5875033011695, 41.4246182957553]]}}, {"id": "38340", "type": "Feature", "properties": {}, "geometry": {"type": "LineString", "coordinates": [[-93.6100890404869, 41.42032189350921], [-93.5956809032544, 41.422904694725744]]}}, {"id": "38341", "type": "Feature", "properties": {}, "geometry": {"type": "LineString", "coordinates": [[-93.61115290719303, 41.420047493606916], [-93.6100890404869, 41.42032189350921]]}}, {"id": "38342", "type": "Feature", "properties": {}, "geometry": {"type": "LineString", "coordinates": [[-93.61972430913893, 41.4168450259572], [-93.61115290719303, 41.420047493606916]]}}, {"id": "38343", "type": "Feature", "properties": {}, "geometry": {"type": "LineString", "coordinates": [[-93.63531451250432, 41.41007242403801], [-93.61972430913893, 41.4168450259572]]}}, {"id": "38344", "type": "Feature", "properties": {}, "geometry": {"type": "LineString", "coordinates": [[-93.64470411528234, 41.40725688974439], [-93.63531451250432, 41.41007242403801]]}}, {"id": "38345", "type": "Feature", "properties": {}, "geometry": {"type": "LineString", "coordinates": [[-93.65248265068372, 41.40503588896279], [-93.64470411528234, 41.40725688974439]]}}, {"id": "38346", "type": "Feature", "properties": {}, "geometry": {"type": "LineString", "coordinates": [[-93.65309025048066, 41.40485282158622], [-93.65248265068372, 41.40503588896279]]}}, {"id": "38347", "type": "Feature", "properties": {}, "geometry": {"type": "LineString", "coordinates": [[-93.66262905264757, 41.40009122034419], [-93.65309025048066, 41.40485282158622]]}}, {"id": "38348", "type": "Feature", "properties": {}, "geometry": {"type": "LineString", "coordinates": [[-93.66539305289415, 41.39867168656762], [-93.66262905264757, 41.40009122034419]]}}, {"id": "38349", "type": "Feature", "properties": {}, "geometry": {"type": "LineString", "coordinates": [[-93.68079125663893, 41.39109208497691], [-93.66539305289415, 41.39867168656762]]}}, {"id": "38350", "type": "Feature", "properties": {}, "geometry": {"type": "LineString", "coordinates": [[-93.68288912376296, 41.39287561791947], [-93.68079125663893, 41.39109208497691]]}}, {"id": "38351", "type": "Feature", "properties": {}, "geometry": {"type": "LineString", "coordinates": [[-93.68680465820255, 41.38902988402051], [-93.68288912376296, 41.39287561791947]]}}, {"id": "38352", "type": "Feature", "properties": {}, "geometry": {"type": "LineString", "coordinates": [[-93.70354166253777, 41.387235015906555], [-93.69361466060734, 41.393693217361246], [-93.68680465820255, 41.38902988402051]]}}, {"id": "38353", "type": "Feature", "properties": {}, "geometry": {"type": "LineString", "coordinates": [[-93.70177406102795, 41.38259181524053], [-93.70354166253777, 41.387235015906555]]}}, {"id": "38354", "type": "Feature", "properties": {}, "geometry": {"type": "LineString", "coordinates": [[-93.70508352909481, 41.38128548158572], [-93.70177406102795, 41.38259181524053]]}}, {"id": "38355", "type": "Feature", "properties": {}, "geometry": {"type": "LineString", "coordinates": [[-93.7144095311507, 41.38162161420678], [-93.70508352909481, 41.38128548158572]]}}, {"id": "38356", "type": "Feature", "properties": {}, "geometry": {"type": "LineString", "coordinates": [[-93.7226960665402, 41.3775424131617], [-93.7144095311507, 41.38162161420678]]}}, {"id": "38357", "type": "Feature", "properties": {}, "geometry": {"type": "LineString", "coordinates": [[-93.72770293457408, 41.37447207891509], [-93.7226960665402, 41.3775424131617]]}}, {"id": "38358", "type": "Feature", "properties": {}, "geometry": {"type": "LineString", "coordinates": [[-93.73892386983977, 41.364829676895205], [-93.73024473473849, 41.36872727797773]]}}, {"id": "38359", "type": "Feature", "properties": {}, "geometry": {"type": "LineString", "coordinates": [[-93.76666474412866, 41.36495247503378], [-93.73892386983977, 41.364829676895205]]}}, {"id": "38360", "type": "Feature", "properties": {}, "geometry": {"type": "LineString", "coordinates": [[-93.77292434516559, 41.36253300784194], [-93.76666474412866, 41.36495247503378]]}}, {"id": "38361", "type": "Feature", "properties": {}, "geometry": {"type": "LineString", "coordinates": [[-93.79673935079585, 41.35630527173388], [-93.77609567839289, 41.35370447260375], [-93.77292434516559, 41.36253300784194]]}}, {"id": "38362", "type": "Feature", "properties": {}, "geometry": {"type": "LineString", "coordinates": [[-93.80679455309712, 41.35187307058763], [-93.79673935079585, 41.35630527173388]]}}, {"id": "38363", "type": "Feature", "properties": {}, "geometry": {"type": "LineString", "coordinates": [[-93.84499529556994, 41.339602999414105], [-93.81242375329857, 41.33867540173003], [-93.80679455309712, 41.35187307058763]]}}, {"id": "38364", "type": "Feature", "properties": {}, "geometry": {"type": "LineString", "coordinates": [[-93.85555729950673, 41.34637700025441], [-93.84499529556994, 41.339602999414105]]}}, {"id": "38365", "type": "Feature", "properties": {}, "geometry": {"type": "LineString", "coordinates": [[-93.86542390231072, 41.34752199977961], [-93.85555729950673, 41.34637700025441]]}}, {"id": "38366", "type": "Feature", "properties": {}, "geometry": {"type": "LineString", "coordinates": [[-93.88731250764512, 41.34404379774056], [-93.86542390231072, 41.34752199977961]]}}, {"id": "38367", "type": "Feature", "properties": {}, "geometry": {"type": "LineString", "coordinates": [[-93.90027471120641, 41.34221119661201], [-93.88731250764512, 41.34404379774056]]}}, {"id": "38368", "type": "Feature", "properties": {}, "geometry": {"type": "LineString", "coordinates": [[-93.9331185867393, 41.33954479398457], [-93.90027471120641, 41.34221119661201]]}}, {"id": "38369", "type": "Feature", "properties": {}, "geometry": {"type": "LineString", "coordinates": [[-93.9535091911503, 41.33266885859482], [-93.9331185867393, 41.33954479398457]]}}, {"id": "38370", "type": "Feature", "properties": {}, "geometry": {"type": "LineString", "coordinates": [[-93.95511272435664, 41.32850399066319], [-93.9535091911503, 41.33266885859482]]}}, {"id": "38371", "type": "Feature", "properties": {}, "geometry": {"type": "LineString", "coordinates": [[-93.95977879223297, 41.32255225639038], [-93.95511272435664, 41.32850399066319]]}}, {"id": "38372", "type": "Feature", "properties": {}, "geometry": {"type": "LineString", "coordinates": [[-93.97348572791087, 41.31581498768438], [-93.95977879223297, 41.32255225639038]]}}, {"id": "38373", "type": "Feature", "properties": {}, "geometry": {"type": "LineString", "coordinates": [[-93.97943092937814, 41.31445985353555], [-93.97348572791087, 41.31581498768438]]}}, {"id": "38374", "type": "Feature", "properties": {}, "geometry": {"type": "LineString", "coordinates": [[-93.98708273225589, 41.31735805378954], [-93.97943092937814, 41.31445985353555]]}}, {"id": "38375", "type": "Feature", "properties": {}, "geometry": {"type": "LineString", "coordinates": [[-93.99952140216115, 41.315903653075935], [-93.98708273225589, 41.31735805378954]]}}, {"id": "38376", "type": "Feature", "properties": {}, "geometry": {"type": "LineString", "coordinates": [[-94.00467920333242, 41.31556985217613], [-94.00023520258759, 41.316090052889564]]}}, {"id": "38377", "type": "Feature", "properties": {}, "geometry": {"type": "LineString", "coordinates": [[-94.00023520258759, 41.316090052889564], [-93.99952140216115, 41.315903653075935]]}}, {"id": "38378", "type": "Feature", "properties": {}, "geometry": {"type": "LineString", "coordinates": [[-94.00781960307293, 41.307108250731645], [-94.00467920333242, 41.31556985217613]]}}, {"id": "38379", "type": "Feature", "properties": {}, "geometry": {"type": "LineString", "coordinates": [[-94.01671260548379, 41.30505778321311], [-94.00781960307293, 41.307108250731645]]}}, {"id": "38380", "type": "Feature", "properties": {}, "geometry": {"type": "LineString", "coordinates": [[-94.01864973974898, 41.30796498344051], [-94.01671260548379, 41.30505778321311]]}}, {"id": "38381", "type": "Feature", "properties": {}, "geometry": {"type": "LineString", "coordinates": [[-94.02691434097419, 41.299919248381805], [-94.01864973974898, 41.30796498344051]]}}, {"id": "38382", "type": "Feature", "properties": {}, "geometry": {"type": "LineString", "coordinates": [[-94.03729061014116, 41.29910384768758], [-94.02691434097419, 41.299919248381805]]}}, {"id": "38383", "type": "Feature", "properties": {}, "geometry": {"type": "LineString", "coordinates": [[-94.04354094505592, 41.29828464729274], [-94.03729061014116, 41.29910384768758]]}}, {"id": "38384", "type": "Feature", "properties": {}, "geometry": {"type": "LineString", "coordinates": [[-94.04499541272234, 41.29963544751748], [-94.04354094505592, 41.29828464729274]]}}, {"id": "38385", "type": "Feature", "properties": {}, "geometry": {"type": "LineString", "coordinates": [[-94.04724161325936, 41.298447380568525], [-94.04499541272234, 41.29963544751748]]}}, {"id": "38386", "type": "Feature", "properties": {}, "geometry": {"type": "LineString", "coordinates": [[-94.05264601455255, 41.29428697970881], [-94.04724161325936, 41.298447380568525]]}}, {"id": "38387", "type": "Feature", "properties": {}, "geometry": {"type": "LineString", "coordinates": [[-94.06105301581827, 41.289716444906006], [-94.05264601455255, 41.29428697970881]]}}, {"id": "38388", "type": "Feature", "properties": {}, "geometry": {"type": "LineString", "coordinates": [[-94.0684731530657, 41.30298924645577], [-94.0732109532141, 41.29640264538114], [-94.06105301581827, 41.289716444906006]]}}, {"id": "38389", "type": "Feature", "properties": {}, "geometry": {"type": "LineString", "coordinates": [[-94.07997442198884, 41.29830424473993], [-94.0684731530657, 41.30298924645577]]}}, {"id": "38390", "type": "Feature", "properties": {}, "geometry": {"type": "LineString", "coordinates": [[-94.09223562431985, 41.287029575741144], [-94.07519215253895, 41.28372917610416], [-94.07293995305245, 41.29388597824691], [-94.07997442198884, 41.29830424473993]]}}, {"id": "38391", "type": "Feature", "properties": {}, "geometry": {"type": "LineString", "coordinates": [[-94.10493936281094, 41.30325257770217], [-94.10976582937282, 41.29055617547362], [-94.09223562431985, 41.287029575741144]]}}, {"id": "38392", "type": "Feature", "properties": {}, "geometry": {"type": "LineString", "coordinates": [[-94.10645642957793, 41.30270377723964], [-94.10493936281094, 41.30325257770217]]}}, {"id": "38393", "type": "Feature", "properties": {}, "geometry": {"type": "LineString", "coordinates": [[-94.12745036858487, 41.30467224272497], [-94.10645642957793, 41.30270377723964]]}}, {"id": "38394", "type": "Feature", "properties": {}, "geometry": {"type": "LineString", "coordinates": [[-94.1281777686064, 41.29552137461443], [-94.12745036858487, 41.30467224272497]]}}, {"id": "38395", "type": "Feature", "properties": {}, "geometry": {"type": "LineString", "coordinates": [[-94.13369843615187, 41.29474304125338], [-94.1281777686064, 41.29552137461443]]}}, {"id": "38396", "type": "Feature", "properties": {}, "geometry": {"type": "LineString", "coordinates": [[-94.14049297136408, 41.29389577358239], [-94.13369843615187, 41.29474304125338]]}}, {"id": "38397", "type": "Feature", "properties": {}, "geometry": {"type": "LineString", "coordinates": [[-94.14343543900983, 41.29380384059192], [-94.14049297136408, 41.29389577358239]]}}, {"id": "38398", "type": "Feature", "properties": {}, "geometry": {"type": "LineString", "coordinates": [[-94.15262504087299, 41.290667772854704], [-94.14343543900983, 41.29380384059192]]}}, {"id": "38399", "type": "Feature", "properties": {}, "geometry": {"type": "LineString", "coordinates": [[-94.16606624500838, 41.29718357283157], [-94.16524337742834, 41.29112123881705], [-94.15262504087299, 41.290667772854704]]}}, {"id": "38400", "type": "Feature", "properties": {}, "geometry": {"type": "LineString", "coordinates": [[-94.16891924674003, 41.299241439647794], [-94.16606624500838, 41.29718357283157]]}}, {"id": "38401", "type": "Feature", "properties": {}, "geometry": {"type": "LineString", "coordinates": [[-94.18002024883044, 41.2971774386543], [-94.16891924674003, 41.299241439647794]]}}, {"id": "38402", "type": "Feature", "properties": {}, "geometry": {"type": "LineString", "coordinates": [[-94.18345205037102, 41.3015911725684], [-94.18002024883044, 41.2971774386543]]}}, {"id": "38403", "type": "Feature", "properties": {}, "geometry": {"type": "LineString", "coordinates": [[-94.18873478563876, 41.30572897299117], [-94.18345205037102, 41.3015911725684]]}}, {"id": "38404", "type": "Feature", "properties": {}, "geometry": {"type": "LineString", "coordinates": [[-94.19422645377021, 41.30600023906171], [-94.18873478563876, 41.30572897299117]]}}, {"id": "38405", "type": "Feature", "properties": {}, "geometry": {"type": "LineString", "coordinates": [[-94.19973925476874, 41.29847017086142], [-94.19422645377021, 41.30600023906171]]}}, {"id": "38406", "type": "Feature", "properties": {}, "geometry": {"type": "LineString", "coordinates": [[-94.20860505798942, 41.304457771252444], [-94.19973925476874, 41.29847017086142]]}}, {"id": "38407", "type": "Feature", "properties": {}, "geometry": {"type": "LineString", "coordinates": [[-94.21334185921123, 41.30749683835911], [-94.20860505798942, 41.304457771252444]]}}, {"id": "38408", "type": "Feature", "properties": {}, "geometry": {"type": "LineString", "coordinates": [[-94.21286079251196, 41.31067703879994], [-94.21334185921123, 41.30749683835911]]}}, {"id": "38409", "type": "Feature", "properties": {}, "geometry": {"type": "LineString", "coordinates": [[-94.21542706188639, 41.32309737359496], [-94.21286079251196, 41.31067703879994]]}}, {"id": "38410", "type": "Feature", "properties": {}, "geometry": {"type": "LineString", "coordinates": [[-94.24074666926074, 41.328930572882406], [-94.21542706188639, 41.32309737359496]]}}, {"id": "38411", "type": "Feature", "properties": {}, "geometry": {"type": "LineString", "coordinates": [[-94.22792560001376, 41.33923764227766], [-94.24074666926074, 41.328930572882406]]}}, {"id": "38412", "type": "Feature", "properties": {}, "geometry": {"type": "LineString", "coordinates": [[-94.23208606820043, 41.34053777557323], [-94.22792560001376, 41.33923764227766]]}}, {"id": "38413", "type": "Feature", "properties": {}, "geometry": {"type": "LineString", "coordinates": [[-94.24592940496937, 41.34132437454575], [-94.23208606820043, 41.34053777557323]]}}, {"id": "38414", "type": "Feature", "properties": {}, "geometry": {"type": "LineString", "coordinates": [[-94.254106473455, 41.337510040464565], [-94.24592940496937, 41.34132437454575]]}}, {"id": "38415", "type": "Feature", "properties": {}, "geometry": {"type": "LineString", "coordinates": [[-94.26379341140552, 41.353327442538685], [-94.26954821225338, 41.342695039932295], [-94.254106473455, 41.337510040464565]]}}, {"id": "38416", "type": "Feature", "properties": {}, "geometry": {"type": "LineString", "coordinates": [[-94.28046501569311, 41.350756841034354], [-94.26379341140552, 41.353327442538685]]}}, {"id": "38417", "type": "Feature", "properties": {}, "geometry": {"type": "LineString", "coordinates": [[-94.2802786826453, 41.353730641454995], [-94.28046501569311, 41.350756841034354]]}}, {"id": "38418", "type": "Feature", "properties": {}, "geometry": {"type": "LineString", "coordinates": [[-94.2746184824817, 41.36253344271676], [-94.2802786826453, 41.353730641454995]]}}, {"id": "38419", "type": "Feature", "properties": {}, "geometry": {"type": "LineString", "coordinates": [[-94.29393408736524, 41.359597041521184], [-94.2746184824817, 41.36253344271676]]}}, {"id": "38420", "type": "Feature", "properties": {}, "geometry": {"type": "LineString", "coordinates": [[-94.29797048832971, 41.36117824127874], [-94.29393408736524, 41.359597041521184]]}}, {"id": "38421", "type": "Feature", "properties": {}, "geometry": {"type": "LineString", "coordinates": [[-94.3030384903119, 41.36394944115532], [-94.29797048832971, 41.36117824127874]]}}, {"id": "38422", "type": "Feature", "properties": {}, "geometry": {"type": "LineString", "coordinates": [[-94.32329282837915, 41.36293024019244], [-94.30941042567513, 41.36898577550046], [-94.3030384903119, 41.36394944115532]]}}, {"id": "38423", "type": "Feature", "properties": {}, "geometry": {"type": "LineString", "coordinates": [[-94.3288182974198, 41.364259239863465], [-94.32329282837915, 41.36293024019244]]}}, {"id": "38424", "type": "Feature", "properties": {}, "geometry": {"type": "LineString", "coordinates": [[-94.3323916995003, 41.38029684223471], [-94.32237149646082, 41.376815842222285], [-94.3288182974198, 41.364259239863465]]}}, {"id": "38425", "type": "Feature", "properties": {}, "geometry": {"type": "LineString", "coordinates": [[-94.34405483585448, 41.38027724113434], [-94.3323916995003, 41.38029684223471]]}}, {"id": "38426", "type": "Feature", "properties": {}, "geometry": {"type": "LineString", "coordinates": [[-94.34496643632333, 41.37927084138867], [-94.34405483585448, 41.38027724113434]]}}, {"id": "38427", "type": "Feature", "properties": {}, "geometry": {"type": "LineString", "coordinates": [[-94.35207143917921, 41.38695864169977], [-94.34496643632333, 41.37927084138867]]}}, {"id": "38428", "type": "Feature", "properties": {}, "geometry": {"type": "LineString", "coordinates": [[-94.34939683926972, 41.391556376313126], [-94.35207143917921, 41.38695864169977]]}}, {"id": "38429", "type": "Feature", "properties": {}, "geometry": {"type": "LineString", "coordinates": [[-94.36142570942047, 41.395721376227186], [-94.34939683926972, 41.391556376313126]]}}, {"id": "38430", "type": "Feature", "properties": {}, "geometry": {"type": "LineString", "coordinates": [[-94.36710664449745, 41.399038776106025], [-94.36142570942047, 41.395721376227186]]}}, {"id": "38431", "type": "Feature", "properties": {}, "geometry": {"type": "LineString", "coordinates": [[-94.37129931279547, 41.40189824291029], [-94.36710664449745, 41.399038776106025]]}}, {"id": "38432", "type": "Feature", "properties": {}, "geometry": {"type": "LineString", "coordinates": [[-94.37260611449716, 41.41406824483504], [-94.37129931279547, 41.40189824291029]]}}, {"id": "38433", "type": "Feature", "properties": {}, "geometry": {"type": "LineString", "coordinates": [[-94.37837951586128, 41.41132284406385], [-94.37260611449716, 41.41406824483504]]}}, {"id": "38434", "type": "Feature", "properties": {}, "geometry": {"type": "LineString", "coordinates": [[-94.38831945353182, 41.42358317885991], [-94.37837951586128, 41.41132284406385]]}}, {"id": "38435", "type": "Feature", "properties": {}, "geometry": {"type": "LineString", "coordinates": [[-94.39357925481035, 41.428431979410405], [-94.38831945353182, 41.42358317885991]]}}, {"id": "38436", "type": "Feature", "properties": {}, "geometry": {"type": "LineString", "coordinates": [[-94.3947650552399, 41.429849845950095], [-94.39357925481035, 41.428431979410405]]}}, {"id": "38502", "type": "Feature", "properties": {}, "geometry": {"type": "LineString", "coordinates": [[-93.3427284400394, 41.47767705255073], [-93.34187224047074, 41.48671385422644]]}}, {"id": "38503", "type": "Feature", "properties": {}, "geometry": {"type": "LineString", "coordinates": [[-93.34187224047074, 41.48671385422644], [-93.34016024018541, 41.4872021208936]]}}, {"id": "38504", "type": "Feature", "properties": {}, "geometry": {"type": "LineString", "coordinates": [[-93.34909084068418, 41.467017117651686], [-93.3427284400394, 41.47767705255073]]}}, {"id": "38505", "type": "Feature", "properties": {}, "geometry": {"type": "LineString", "coordinates": [[-93.34982144050474, 41.46534705035821], [-93.34909084068418, 41.467017117651686]]}}, {"id": "38506", "type": "Feature", "properties": {}, "geometry": {"type": "LineString", "coordinates": [[-93.35231704031409, 41.460565916360025], [-93.34982144050474, 41.46534705035821]]}}, {"id": "38507", "type": "Feature", "properties": {}, "geometry": {"type": "LineString", "coordinates": [[-93.36208344143802, 41.44251604610521], [-93.35231704031409, 41.460565916360025]]}}, {"id": "38508", "type": "Feature", "properties": {}, "geometry": {"type": "LineString", "coordinates": [[-93.36995924192681, 41.428125710001574], [-93.36208344143802, 41.44251604610521]]}}, {"id": "38509", "type": "Feature", "properties": {}, "geometry": {"type": "LineString", "coordinates": [[-93.37202657531434, 41.425380309341456], [-93.36995924192681, 41.428125710001574]]}}, {"id": "38510", "type": "Feature", "properties": {}, "geometry": {"type": "LineString", "coordinates": [[-93.37381997554081, 41.41934030799255], [-93.37202657531434, 41.425380309341456]]}}, {"id": "38511", "type": "Feature", "properties": {}, "geometry": {"type": "LineString", "coordinates": [[-93.37980684266759, 41.409364906132716], [-93.37381997554081, 41.41934030799255]]}}, {"id": "38512", "type": "Feature", "properties": {}, "geometry": {"type": "LineString", "coordinates": [[-93.39305584595974, 41.40531390513113], [-93.37980684266759, 41.409364906132716]]}}, {"id": "38513", "type": "Feature", "properties": {}, "geometry": {"type": "LineString", "coordinates": [[-93.40068164710156, 41.401354303566286], [-93.39305584595974, 41.40531390513113]]}}, {"id": "38514", "type": "Feature", "properties": {}, "geometry": {"type": "LineString", "coordinates": [[-93.40390178130669, 41.39952323670323], [-93.40068164710156, 41.401354303566286]]}}, {"id": "38515", "type": "Feature", "properties": {}, "geometry": {"type": "LineString", "coordinates": [[-93.41517098395092, 41.39354830139408], [-93.40390178130669, 41.39952323670323]]}}, {"id": "38516", "type": "Feature", "properties": {}, "geometry": {"type": "LineString", "coordinates": [[-93.41854218424409, 41.39176250096533], [-93.41517098395092, 41.39354830139408]]}}, {"id": "38517", "type": "Feature", "properties": {}, "geometry": {"type": "LineString", "coordinates": [[-93.42188065172498, 41.38697949976455], [-93.41854218424409, 41.39176250096533]]}}, {"id": "38518", "type": "Feature", "properties": {}, "geometry": {"type": "LineString", "coordinates": [[-93.4262495856514, 41.37967923217871], [-93.42188065172498, 41.38697949976455]]}}, {"id": "38519", "type": "Feature", "properties": {}, "geometry": {"type": "LineString", "coordinates": [[-93.4270381851983, 41.37812309812609], [-93.4262495856514, 41.37967923217871]]}}, {"id": "38520", "type": "Feature", "properties": {}, "geometry": {"type": "LineString", "coordinates": [[-93.43107258561461, 41.371829430566024], [-93.4270381851983, 41.37812309812609]]}}, {"id": "38521", "type": "Feature", "properties": {}, "geometry": {"type": "LineString", "coordinates": [[-93.43337765275218, 41.368281896438646], [-93.43107258561461, 41.371829430566024]]}}, {"id": "38527", "type": "Feature", "properties": {}, "geometry": {"type": "LineString", "coordinates": [[-93.43555998666575, 41.363567829146696], [-93.43492385278215, 41.36537562890619]]}}, {"id": "38528", "type": "Feature", "properties": {}, "geometry": {"type": "LineString", "coordinates": [[-93.43574178591632, 41.36317869534857], [-93.43555998666575, 41.363567829146696]]}}, {"id": "38529", "type": "Feature", "properties": {}, "geometry": {"type": "LineString", "coordinates": [[-93.4530397899431, 41.3531928926456], [-93.43574178591632, 41.36317869534857]]}}, {"id": "38530", "type": "Feature", "properties": {}, "geometry": {"type": "LineString", "coordinates": [[-93.45634785753644, 41.351955225443284], [-93.4530397899431, 41.3531928926456]]}}, {"id": "38531", "type": "Feature", "properties": {}, "geometry": {"type": "LineString", "coordinates": [[-93.46362845857247, 41.34716802413699], [-93.45634785753644, 41.351955225443284]]}}, {"id": "38532", "type": "Feature", "properties": {}, "geometry": {"type": "LineString", "coordinates": [[-93.47060379321034, 41.34194589017427], [-93.46362845857247, 41.34716802413699]]}}, {"id": "38533", "type": "Feature", "properties": {}, "geometry": {"type": "LineString", "coordinates": [[-93.47581979443225, 41.33823502216092], [-93.47060379321034, 41.34194589017427]]}}, {"id": "38534", "type": "Feature", "properties": {}, "geometry": {"type": "LineString", "coordinates": [[-93.48395386326015, 41.337335288232865], [-93.47581979443225, 41.33823502216092]]}}, {"id": "38535", "type": "Feature", "properties": {}, "geometry": {"type": "LineString", "coordinates": [[-93.48477726354115, 41.33962242189591], [-93.48395386326015, 41.337335288232865]]}}, {"id": "38536", "type": "Feature", "properties": {}, "geometry": {"type": "LineString", "coordinates": [[-93.49610526720892, 41.34212762191285], [-93.48477726354115, 41.33962242189591]]}}, {"id": "38537", "type": "Feature", "properties": {}, "geometry": {"type": "LineString", "coordinates": [[-93.50525440266348, 41.33808162045046], [-93.49610526720892, 41.34212762191285]]}}, {"id": "38538", "type": "Feature", "properties": {}, "geometry": {"type": "LineString", "coordinates": [[-93.50544080218663, 41.33579388700817], [-93.50525440266348, 41.33808162045046]]}}, {"id": "38539", "type": "Feature", "properties": {}, "geometry": {"type": "LineString", "coordinates": [[-93.51048107048108, 41.335021019682564], [-93.50544080218663, 41.33579388700817]]}}, {"id": "38540", "type": "Feature", "properties": {}, "geometry": {"type": "LineString", "coordinates": [[-93.51913380589276, 41.334114085386325], [-93.51048107048108, 41.335021019682564]]}}, {"id": "38541", "type": "Feature", "properties": {}, "geometry": {"type": "LineString", "coordinates": [[-93.52080340659501, 41.33409281915016], [-93.51913380589276, 41.334114085386325]]}}, {"id": "38542", "type": "Feature", "properties": {}, "geometry": {"type": "LineString", "coordinates": [[-93.53248927661407, 41.33449161793109], [-93.52080340659501, 41.33409281915016]]}}, {"id": "38543", "type": "Feature", "properties": {}, "geometry": {"type": "LineString", "coordinates": [[-93.53856087822835, 41.33408428445886], [-93.53248927661407, 41.33449161793109]]}}, {"id": "38544", "type": "Feature", "properties": {}, "geometry": {"type": "LineString", "coordinates": [[-93.54930961406492, 41.331323416704805], [-93.53856087822835, 41.33408428445886]]}}, {"id": "38545", "type": "Feature", "properties": {}, "geometry": {"type": "LineString", "coordinates": [[-93.56339561723317, 41.329089481755396], [-93.54930961406492, 41.331323416704805]]}}, {"id": "38546", "type": "Feature", "properties": {}, "geometry": {"type": "LineString", "coordinates": [[-93.56476161791208, 41.329044481786184], [-93.56339561723317, 41.329089481755396]]}}, {"id": "38547", "type": "Feature", "properties": {}, "geometry": {"type": "LineString", "coordinates": [[-93.57817582228328, 41.33101808124312], [-93.56476161791208, 41.329044481786184]]}}, {"id": "38548", "type": "Feature", "properties": {}, "geometry": {"type": "LineString", "coordinates": [[-93.59189409290344, 41.33379108108018], [-93.57817582228328, 41.33101808124312]]}}, {"id": "38549", "type": "Feature", "properties": {}, "geometry": {"type": "LineString", "coordinates": [[-93.59523322693427, 41.33326581430557], [-93.59189409290344, 41.33379108108018]]}}, {"id": "38664", "type": "Feature", "properties": {}, "geometry": {"type": "LineString", "coordinates": [[-93.50544080218663, 41.33579388700817], [-93.4951542666317, 41.336752087627374]]}}, {"id": "39480", "type": "Feature", "properties": {}, "geometry": {"type": "LineString", "coordinates": [[-93.14953178196323, 41.43231225781368], [-93.14649158120784, 41.432152724064046]]}}, {"id": "39481", "type": "Feature", "properties": {}, "geometry": {"type": "LineString", "coordinates": [[-93.15213531615059, 41.43253465759992], [-93.14953178196323, 41.43231225781368]]}}, {"id": "39897", "type": "Feature", "properties": {}, "geometry": {"type": "LineString", "coordinates": [[-93.51048107048108, 41.335021019682564], [-93.50544080218663, 41.33579388700817]]}}, {"id": "39911", "type": "Feature", "properties": {}, "geometry": {"type": "LineString", "coordinates": [[-93.43492385278215, 41.36537562890619], [-93.43337765275218, 41.368281896438646]]}}, {"id": "40495", "type": "Feature", "properties": {}, "geometry": {"type": "LineString", "coordinates": [[-93.72939653376912, 41.370032211533605], [-93.70508352909481, 41.38128548158572]]}}, {"id": "40500", "type": "Feature", "properties": {}, "geometry": {"type": "LineString", "coordinates": [[-93.70177406102795, 41.38259181524053], [-93.68686472495237, 41.38832068394794]]}}, {"id": "40501", "type": "Feature", "properties": {}, "geometry": {"type": "LineString", "coordinates": [[-93.68686472495237, 41.38832068394794], [-93.68079125663893, 41.39109208497691]]}}, {"id": "40504", "type": "Feature", "properties": {}, "geometry": {"type": "LineString", "coordinates": [[-93.68686472495237, 41.38832068394794], [-93.68680465820255, 41.38902988402051]]}}, {"id": "40515", "type": "Feature", "properties": {}, "geometry": {"type": "LineString", "coordinates": [[-93.66262905264757, 41.40009122034419], [-93.65248265068372, 41.40503588896279]]}}, {"id": "40908", "type": "Feature", "properties": {}, "geometry": {"type": "LineString", "coordinates": [[-93.6127564466876, 41.468778634839765], [-93.61001891260591, 41.46845803449006]]}}, {"id": "41159", "type": "Feature", "properties": {}, "geometry": {"type": "LineString", "coordinates": [[-93.39763705717769, 41.500006519500914], [-93.40547139143295, 41.48864751748525]]}}, {"id": "41160", "type": "Feature", "properties": {}, "geometry": {"type": "LineString", "coordinates": [[-93.41579419556915, 41.500010851649044], [-93.4207072633177, 41.4925946502215], [-93.40626145972536, 41.50000891937244]]}}, {"id": "41161", "type": "Feature", "properties": {}, "geometry": {"type": "LineString", "coordinates": [[-93.43596680311522, 41.51269771929457], [-93.43104546727281, 41.50857725195523], [-93.4399576029009, 41.50258805097803], [-93.41614979726764, 41.509753053639905]]}}, {"id": "41162", "type": "Feature", "properties": {}, "geometry": {"type": "LineString", "coordinates": [[-93.40626145972536, 41.50000891937244], [-93.39763705717769, 41.500006519500914]]}}, {"id": "41163", "type": "Feature", "properties": {}, "geometry": {"type": "LineString", "coordinates": [[-93.41614979726764, 41.509753053639905], [-93.41579419556915, 41.500010851649044]]}}, {"id": "41164", "type": "Feature", "properties": {}, "geometry": {"type": "LineString", "coordinates": [[-93.40547139143295, 41.48864751748525], [-93.39696078926214, 41.486335450899894]]}}, {"id": "41173", "type": "Feature", "properties": {}, "geometry": {"type": "LineString", "coordinates": [[-93.14935131581255, 41.43729985844765], [-93.15074938275383, 41.43645305837766]]}}, {"id": "41174", "type": "Feature", "properties": {}, "geometry": {"type": "LineString", "coordinates": [[-93.15074938275383, 41.43645305837766], [-93.15355611585846, 41.43268705740234]]}}, {"id": "41183", "type": "Feature", "properties": {}, "geometry": {"type": "LineString", "coordinates": [[-93.14249617935295, 41.431322657586946], [-93.13932897837594, 41.429856057886084]]}}, {"id": "41184", "type": "Feature", "properties": {}, "geometry": {"type": "LineString", "coordinates": [[-93.14779691506236, 41.436096524617426], [-93.14249617935295, 41.431322657586946]]}}, {"id": "41185", "type": "Feature", "properties": {}, "geometry": {"type": "LineString", "coordinates": [[-93.19377479605632, 41.44783232405526], [-93.18880539495629, 41.451654124670235], [-93.1792879241841, 41.438700057019666], [-93.16869272120937, 41.44372392476111], [-93.16063271847663, 41.43558745752967]]}}, {"id": "41186", "type": "Feature", "properties": {}, "geometry": {"type": "LineString", "coordinates": [[-93.200668930179, 41.4417706559315], [-93.19867512928738, 41.44038152253393]]}}, {"id": "41187", "type": "Feature", "properties": {}, "geometry": {"type": "LineString", "coordinates": [[-93.19867512928738, 41.44038152253393], [-93.19377479605632, 41.44783232405526]]}}, {"id": "41188", "type": "Feature", "properties": {}, "geometry": {"type": "LineString", "coordinates": [[-93.214879603339, 41.46599252580614], [-93.200668930179, 41.4417706559315]]}}, {"id": "41189", "type": "Feature", "properties": {}, "geometry": {"type": "LineString", "coordinates": [[-93.2241439396439, 41.46501585834356], [-93.21924400346818, 41.45829672377555], [-93.214879603339, 41.46599252580614]]}}, {"id": "41190", "type": "Feature", "properties": {}, "geometry": {"type": "LineString", "coordinates": [[-93.25403521363634, 41.461648722491255], [-93.23315514148152, 41.46454765721272]]}}, {"id": "41191", "type": "Feature", "properties": {}, "geometry": {"type": "LineString", "coordinates": [[-93.23315514148152, 41.46454765721272], [-93.2241439396439, 41.46501585834356]]}}, {"id": "41192", "type": "Feature", "properties": {}, "geometry": {"type": "LineString", "coordinates": [[-93.28217882422668, 41.48850565849929], [-93.27669562271676, 41.48660832493002]]}}, {"id": "41193", "type": "Feature", "properties": {}, "geometry": {"type": "LineString", "coordinates": [[-93.27669562271676, 41.48660832493002], [-93.25398301523012, 41.471888457469014]]}}, {"id": "41194", "type": "Feature", "properties": {}, "geometry": {"type": "LineString", "coordinates": [[-93.25398301523012, 41.471888457469014], [-93.25403521363634, 41.461648722491255]]}}, {"id": "41195", "type": "Feature", "properties": {}, "geometry": {"type": "LineString", "coordinates": [[-93.31044803276845, 41.48962732331011], [-93.29095962616024, 41.47975552300645], [-93.28217882422668, 41.48850565849929]]}}, {"id": "41196", "type": "Feature", "properties": {}, "geometry": {"type": "LineString", "coordinates": [[-93.32135696876291, 41.49155572310137], [-93.31881976707446, 41.484775921895064], [-93.31044803276845, 41.48962732331011]]}}, {"id": "41197", "type": "Feature", "properties": {}, "geometry": {"type": "LineString", "coordinates": [[-93.34016024018541, 41.4872021208936], [-93.3292749047301, 41.49075985545982]]}}, {"id": "41198", "type": "Feature", "properties": {}, "geometry": {"type": "LineString", "coordinates": [[-93.39696078926214, 41.486335450899894], [-93.38042618524193, 41.49429345303494], [-93.37293564882229, 41.48569365243281], [-93.34769864243663, 41.48670672042743]]}}, {"id": "41212", "type": "Feature", "properties": {}, "geometry": {"type": "LineString", "coordinates": [[-93.51129902876806, 41.56445732315489], [-93.50967349492213, 41.56429172262713]]}}, {"id": "41213", "type": "Feature", "properties": {}, "geometry": {"type": "LineString", "coordinates": [[-93.3292749047301, 41.49075985545982], [-93.32135696876291, 41.49155572310137]]}}, {"id": "41214", "type": "Feature", "properties": {}, "geometry": {"type": "LineString", "coordinates": [[-93.34769864243663, 41.48670672042743], [-93.34016024018541, 41.4872021208936]]}}, {"id": "41217", "type": "Feature", "properties": {}, "geometry": {"type": "LineString", "coordinates": [[-93.16063271847663, 41.43558745752967], [-93.15467578321513, 41.43280712366051]]}}, {"id": "41221", "type": "Feature", "properties": {}, "geometry": {"type": "LineString", "coordinates": [[-93.73024473473849, 41.36872727797773], [-93.72939653376912, 41.370032211533605]]}}, {"id": "41229", "type": "Feature", "properties": {}, "geometry": {"type": "LineString", "coordinates": [[-93.14935131581255, 41.43729985844765], [-93.1488343156036, 41.43693392523986]]}}, {"id": "41230", "type": "Feature", "properties": {}, "geometry": {"type": "LineString", "coordinates": [[-93.14971618273485, 41.43766585828375], [-93.14935131581255, 41.43729985844765]]}}, {"id": "41231", "type": "Feature", "properties": {}, "geometry": {"type": "LineString", "coordinates": [[-93.15213531615059, 41.43253465759992], [-93.14779691506236, 41.436096524617426]]}}, {"id": "41232", "type": "Feature", "properties": {}, "geometry": {"type": "LineString", "coordinates": [[-93.15355611585846, 41.43268705740234], [-93.15213531615059, 41.43253465759992]]}}, {"id": "41233", "type": "Feature", "properties": {}, "geometry": {"type": "LineString", "coordinates": [[-93.15467578321513, 41.43280712366051], [-93.15355611585846, 41.43268705740234]]}}, {"id": "41234", "type": "Feature", "properties": {}, "geometry": {"type": "LineString", "coordinates": [[-93.1488343156036, 41.43693392523986], [-93.14779691506236, 41.436096524617426]]}}, {"id": "41236", "type": "Feature", "properties": {}, "geometry": {"type": "LineString", "coordinates": [[-93.50967349492213, 41.56429172262713], [-93.50699909443863, 41.56303312269989]]}}, {"id": "41240", "type": "Feature", "properties": {}, "geometry": {"type": "LineString", "coordinates": [[-93.52796623220907, 41.55184105339195], [-93.51489602869277, 41.55500765431072], [-93.51129902876806, 41.56445732315489]]}}, {"id": "41244", "type": "Feature", "properties": {}, "geometry": {"type": "LineString", "coordinates": [[-93.72939653376912, 41.370032211533605], [-93.72770293457408, 41.37447207891509]]}}, {"id": "41256", "type": "Feature", "properties": {}, "geometry": {"type": "LineString", "coordinates": [[-93.15467578321513, 41.43280712366051], [-93.14971618273485, 41.43766585828375]]}}, {"id": "41299", "type": "Feature", "properties": {}, "geometry": {"type": "LineString", "coordinates": [[-93.58977584390394, 41.50000970789203], [-93.58688464311143, 41.500010308028074]]}}, {"id": "41300", "type": "Feature", "properties": {}, "geometry": {"type": "LineString", "coordinates": [[-93.5967475116188, 41.492729706246394], [-93.59184524431492, 41.50000930757705]]}}, {"id": "41301", "type": "Feature", "properties": {}, "geometry": {"type": "LineString", "coordinates": [[-93.58250244196657, 41.50001104137816], [-93.5754081066047, 41.50001204182915]]}}, {"id": "41302", "type": "Feature", "properties": {}, "geometry": {"type": "LineString", "coordinates": [[-93.58445004250315, 41.50001070834305], [-93.58250244196657, 41.50001104137816]]}}, {"id": "41303", "type": "Feature", "properties": {}, "geometry": {"type": "LineString", "coordinates": [[-93.59184524431492, 41.50000930757705], [-93.58977584390394, 41.50000970789203]]}}, {"id": "41304", "type": "Feature", "properties": {}, "geometry": {"type": "LineString", "coordinates": [[-93.58688464311143, 41.500010308028074], [-93.58445004250315, 41.50001070834305]]}}, {"id": "41305", "type": "Feature", "properties": {}, "geometry": {"type": "LineString", "coordinates": [[-93.5754081066047, 41.50001204182915], [-93.57532230581698, 41.49739024133886]]}}, {"id": "41322", "type": "Feature", "properties": {}, "geometry": {"type": "LineString", "coordinates": [[-93.00020773563904, 41.38687132594529], [-92.99326933343745, 41.38483172626087]]}}, {"id": "41324", "type": "Feature", "properties": {}, "geometry": {"type": "LineString", "coordinates": [[-92.99326933343745, 41.38483172626087], [-92.99205626644408, 41.383596659212174]]}}, {"id": "41325", "type": "Feature", "properties": {}, "geometry": {"type": "LineString", "coordinates": [[-92.99205626644408, 41.383596659212174], [-92.98116492844603, 41.369904124177324]]}}, {"id": "41329", "type": "Feature", "properties": {}, "geometry": {"type": "LineString", "coordinates": [[-93.06885649108649, 41.414762459497], [-93.04999755196414, 41.41318226052554]]}}, {"id": "41331", "type": "Feature", "properties": {}, "geometry": {"type": "LineString", "coordinates": [[-93.04999755196414, 41.41318226052554], [-93.03922054794221, 41.40481265989022]]}}, {"id": "41332", "type": "Feature", "properties": {}, "geometry": {"type": "LineString", "coordinates": [[-93.03922054794221, 41.40481265989022], [-93.04091748168356, 41.39924445857461]]}}, {"id": "41333", "type": "Feature", "properties": {}, "geometry": {"type": "LineString", "coordinates": [[-93.04091748168356, 41.39924445857461], [-93.04195094850218, 41.39789265872582]]}}, {"id": "41334", "type": "Feature", "properties": {}, "geometry": {"type": "LineString", "coordinates": [[-93.04195094850218, 41.39789265872582], [-93.04316674817065, 41.39447092483689]]}}, {"id": "41381", "type": "Feature", "properties": {}, "geometry": {"type": "LineString", "coordinates": [[-93.09503156500422, 41.42001292568599], [-93.08707809617597, 41.417051858587236]]}}, {"id": "41384", "type": "Feature", "properties": {}, "geometry": {"type": "LineString", "coordinates": [[-93.08707809617597, 41.417051858587236], [-93.06885649108649, 41.414762459497]]}}, {"id": "41386", "type": "Feature", "properties": {}, "geometry": {"type": "LineString", "coordinates": [[-93.11507337065838, 41.415498456866544], [-93.09503156500422, 41.42001292568599]]}}, {"id": "41388", "type": "Feature", "properties": {}, "geometry": {"type": "LineString", "coordinates": [[-93.11558477076986, 41.41582972383234], [-93.11507337065838, 41.415498456866544]]}}, {"id": "41390", "type": "Feature", "properties": {}, "geometry": {"type": "LineString", "coordinates": [[-93.13932897837594, 41.429856057886084], [-93.13325937730981, 41.43329932544596]]}}, {"id": "41391", "type": "Feature", "properties": {}, "geometry": {"type": "LineString", "coordinates": [[-93.13325937730981, 41.43329932544596], [-93.13050477613608, 41.42732065763637]]}}, {"id": "41392", "type": "Feature", "properties": {}, "geometry": {"type": "LineString", "coordinates": [[-93.04316674817065, 41.39447092483689], [-93.00020773563904, 41.38687132594529]]}}, {"id": "41409", "type": "Feature", "properties": {}, "geometry": {"type": "LineString", "coordinates": [[-93.13050477613608, 41.42732065763637], [-93.12187124850178, 41.41990197759785]]}}, {"id": "41411", "type": "Feature", "properties": {}, "geometry": {"type": "LineString", "coordinates": [[-93.12187124850178, 41.41990197759785], [-93.11558477076986, 41.41582972383234]]}}, {"id": "41414", "type": "Feature", "properties": {}, "geometry": {"type": "LineString", "coordinates": [[-91.5047580860431, 40.40344038574396], [-91.48087301271899, 40.40439845447518], [-91.48450961307634, 40.39487658598897], [-91.49242828206879, 40.396633785481846], [-91.48991768039421, 40.38977458435698]]}}, {"id": "41458", "type": "Feature", "properties": {}, "geometry": {"type": "LineString", "coordinates": [[-91.53348563300914, 40.45908506052051], [-91.52339349647497, 40.45484079355307], [-91.53409689793243, 40.43792605647673], [-91.5191628923225, 40.43123145680246], [-91.52686322668347, 40.416624186918995], [-91.51969429072884, 40.40804298582907]]}}, {"id": "41459", "type": "Feature", "properties": {}, "geometry": {"type": "LineString", "coordinates": [[-91.58665445059735, 40.48588486194848], [-91.58558271644594, 40.48443986152057]]}}, {"id": "41460", "type": "Feature", "properties": {}, "geometry": {"type": "LineString", "coordinates": [[-91.5681024424514, 40.462447391964886], [-91.53348563300914, 40.45908506052051]]}}, {"id": "41461", "type": "Feature", "properties": {}, "geometry": {"type": "LineString", "coordinates": [[-91.58558271644594, 40.48443986152057], [-91.5681024424514, 40.462447391964886]]}}, {"id": "41462", "type": "Feature", "properties": {}, "geometry": {"type": "LineString", "coordinates": [[-91.61470085988067, 40.50334826325672], [-91.60759832379858, 40.50005559630184]]}}, {"id": "41463", "type": "Feature", "properties": {}, "geometry": {"type": "LineString", "coordinates": [[-91.60600765716207, 40.49942739608679], [-91.58665445059735, 40.48588486194848]]}}, {"id": "41464", "type": "Feature", "properties": {}, "geometry": {"type": "LineString", "coordinates": [[-91.60759832379858, 40.50005559630184], [-91.60600765716207, 40.49942739608679]]}}, {"id": "41465", "type": "Feature", "properties": {}, "geometry": {"type": "LineString", "coordinates": [[-91.62229466572705, 40.5426210690098], [-91.6182952636742, 40.534975601886806]]}}, {"id": "41466", "type": "Feature", "properties": {}, "geometry": {"type": "LineString", "coordinates": [[-91.63733733694363, 40.545150868676764], [-91.62229466572705, 40.5426210690098]]}}, {"id": "41467", "type": "Feature", "properties": {}, "geometry": {"type": "LineString", "coordinates": [[-91.66420594529502, 40.5502292012508], [-91.63733733694363, 40.545150868676764]]}}, {"id": "41468", "type": "Feature", "properties": {}, "geometry": {"type": "LineString", "coordinates": [[-91.6695265463486, 40.550947401637806], [-91.66420594529502, 40.5502292012508]]}}, {"id": "41469", "type": "Feature", "properties": {}, "geometry": {"type": "LineString", "coordinates": [[-91.67785668236873, 40.55217026757274], [-91.6695265463486, 40.550947401637806]]}}, {"id": "41470", "type": "Feature", "properties": {}, "geometry": {"type": "LineString", "coordinates": [[-91.70008215862961, 40.58979147244539], [-91.69694929126278, 40.58834467285536]]}}, {"id": "41471", "type": "Feature", "properties": {}, "geometry": {"type": "LineString", "coordinates": [[-91.69694929126278, 40.58834467285536], [-91.69373135703178, 40.58682780604609]]}}, {"id": "41472", "type": "Feature", "properties": {}, "geometry": {"type": "LineString", "coordinates": [[-91.69373135703178, 40.58682780604609], [-91.68866315472526, 40.58337107238875]]}}, {"id": "41473", "type": "Feature", "properties": {}, "geometry": {"type": "LineString", "coordinates": [[-91.68866315472526, 40.58337107238875], [-91.69182555420707, 40.56363846913666]]}}, {"id": "41474", "type": "Feature", "properties": {}, "geometry": {"type": "LineString", "coordinates": [[-91.73199890361904, 40.61694407529702], [-91.72924850296755, 40.61356707476581]]}}, {"id": "41475", "type": "Feature", "properties": {}, "geometry": {"type": "LineString", "coordinates": [[-91.74136290800472, 40.630932677133096], [-91.73626077183833, 40.62198047623915]]}}, {"id": "41476", "type": "Feature", "properties": {}, "geometry": {"type": "LineString", "coordinates": [[-91.74527170957126, 40.63890621158052], [-91.74136290800472, 40.630932677133096]]}}, {"id": "41477", "type": "Feature", "properties": {}, "geometry": {"type": "LineString", "coordinates": [[-91.73626077183833, 40.62198047623915], [-91.73199890361904, 40.61694407529702]]}}, {"id": "41478", "type": "Feature", "properties": {}, "geometry": {"type": "LineString", "coordinates": [[-91.7574311166109, 40.672157816434904], [-91.7536365816468, 40.66371921556766]]}}, {"id": "41479", "type": "Feature", "properties": {}, "geometry": {"type": "LineString", "coordinates": [[-91.7536365816468, 40.66371921556766], [-91.7528707804435, 40.66154861489861]]}}, {"id": "41480", "type": "Feature", "properties": {}, "geometry": {"type": "LineString", "coordinates": [[-91.7528707804435, 40.66154861489861], [-91.74931457840576, 40.64614681290169]]}}, {"id": "41481", "type": "Feature", "properties": {}, "geometry": {"type": "LineString", "coordinates": [[-91.74931457840576, 40.64614681290169], [-91.74527170957126, 40.63890621158052]]}}, {"id": "41482", "type": "Feature", "properties": {}, "geometry": {"type": "LineString", "coordinates": [[-91.76737572102931, 40.68562781784043], [-91.75871751667415, 40.67461388319038]]}}, {"id": "41483", "type": "Feature", "properties": {}, "geometry": {"type": "LineString", "coordinates": [[-91.75871751667415, 40.67461388319038], [-91.7574311166109, 40.672157816434904]]}}, {"id": "41484", "type": "Feature", "properties": {}, "geometry": {"type": "LineString", "coordinates": [[-91.77180932197811, 40.68939528517083], [-91.76737572102931, 40.68562781784043]]}}, {"id": "41485", "type": "Feature", "properties": {}, "geometry": {"type": "LineString", "coordinates": [[-91.78137332548202, 40.69427161882721], [-91.77180932197811, 40.68939528517083]]}}, {"id": "41486", "type": "Feature", "properties": {}, "geometry": {"type": "LineString", "coordinates": [[-91.79148639455893, 40.6959478849886], [-91.78137332548202, 40.69427161882721]]}}, {"id": "41487", "type": "Feature", "properties": {}, "geometry": {"type": "LineString", "coordinates": [[-91.80594699879391, 40.69682868428385], [-91.79148639455893, 40.6959478849886]]}}, {"id": "41488", "type": "Feature", "properties": {}, "geometry": {"type": "LineString", "coordinates": [[-91.82239080380016, 40.69750508338994], [-91.814017601647, 40.69669301719515]]}}, {"id": "41489", "type": "Feature", "properties": {}, "geometry": {"type": "LineString", "coordinates": [[-91.814017601647, 40.69669301719515], [-91.80594699879391, 40.69682868428385]]}}, {"id": "41490", "type": "Feature", "properties": {}, "geometry": {"type": "LineString", "coordinates": [[-91.84277741160648, 40.71654028540115], [-91.82239080380016, 40.69750508338994]]}}, {"id": "41491", "type": "Feature", "properties": {}, "geometry": {"type": "LineString", "coordinates": [[-91.8898985604962, 40.741534486693], [-91.88608522558985, 40.73618281938585]]}}, {"id": "41492", "type": "Feature", "properties": {}, "geometry": {"type": "LineString", "coordinates": [[-91.89140922766512, 40.74640948750434], [-91.8898985604962, 40.741534486693]]}}, {"id": "41493", "type": "Feature", "properties": {}, "geometry": {"type": "LineString", "coordinates": [[-91.86793635259731, 40.72768408585377], [-91.84277741160648, 40.71654028540115]]}}, {"id": "41494", "type": "Feature", "properties": {}, "geometry": {"type": "LineString", "coordinates": [[-91.88608522558985, 40.73618281938585], [-91.86793635259731, 40.72768408585377]]}}, {"id": "41495", "type": "Feature", "properties": {}, "geometry": {"type": "LineString", "coordinates": [[-91.90111023233467, 40.761603422755734], [-91.89903963177446, 40.760196023012135]]}}, {"id": "41496", "type": "Feature", "properties": {}, "geometry": {"type": "LineString", "coordinates": [[-91.89260862858806, 40.75047002172554], [-91.89140922766512, 40.74640948750434]]}}, {"id": "41497", "type": "Feature", "properties": {}, "geometry": {"type": "LineString", "coordinates": [[-91.89903963177446, 40.760196023012135], [-91.89260862858806, 40.75047002172554]]}}, {"id": "41498", "type": "Feature", "properties": {}, "geometry": {"type": "LineString", "coordinates": [[-91.91970037037117, 40.759520688142146], [-91.90111023233467, 40.761603422755734]]}}, {"id": "41499", "type": "Feature", "properties": {}, "geometry": {"type": "LineString", "coordinates": [[-91.91822523516502, 40.741509618917945], [-91.91970037037117, 40.759520688142146]]}}, {"id": "41500", "type": "Feature", "properties": {}, "geometry": {"type": "LineString", "coordinates": [[-91.94413524139526, 40.73670928293272], [-91.92898743764604, 40.73515221712804]]}}, {"id": "41501", "type": "Feature", "properties": {}, "geometry": {"type": "LineString", "coordinates": [[-91.92898743764604, 40.73515221712804], [-91.91822523516502, 40.741509618917945]]}}, {"id": "41502", "type": "Feature", "properties": {}, "geometry": {"type": "LineString", "coordinates": [[-91.95230164328518, 40.73495908225299], [-91.94413524139526, 40.73670928293272]]}}, {"id": "41503", "type": "Feature", "properties": {}, "geometry": {"type": "LineString", "coordinates": [[-91.9703443803269, 40.72025087870392], [-91.95230164328518, 40.73495908225299]]}}, {"id": "41504", "type": "Feature", "properties": {}, "geometry": {"type": "LineString", "coordinates": [[-91.9856562514813, 40.71885921104912], [-91.9703443803269, 40.72025087870392]]}}, {"id": "41505", "type": "Feature", "properties": {}, "geometry": {"type": "LineString", "coordinates": [[-91.98095645366267, 40.757585817895446], [-91.98809318860765, 40.74869568211687]]}}, {"id": "41506", "type": "Feature", "properties": {}, "geometry": {"type": "LineString", "coordinates": [[-91.96638745062069, 40.76784848710583], [-91.97944125359486, 40.759012417766]]}}, {"id": "41507", "type": "Feature", "properties": {}, "geometry": {"type": "LineString", "coordinates": [[-91.95208418181615, 40.782810223638364], [-91.96638745062069, 40.76784848710583]]}}, {"id": "41508", "type": "Feature", "properties": {}, "geometry": {"type": "LineString", "coordinates": [[-91.97944125359486, 40.759012417766], [-91.98095645366267, 40.757585817895446]]}}, {"id": "41509", "type": "Feature", "properties": {}, "geometry": {"type": "LineString", "coordinates": [[-91.96745025461985, 40.799653892122365], [-91.9565905840322, 40.79501902556734]]}}, {"id": "41510", "type": "Feature", "properties": {}, "geometry": {"type": "LineString", "coordinates": [[-91.9565905840322, 40.79501902556734], [-91.95197678283404, 40.790984425148366]]}}, {"id": "41511", "type": "Feature", "properties": {}, "geometry": {"type": "LineString", "coordinates": [[-91.95197678283404, 40.790984425148366], [-91.95208418181615, 40.782810223638364]]}}, {"id": "41530", "type": "Feature", "properties": {}, "geometry": {"type": "LineString", "coordinates": [[-92.00018079689988, 40.798149223184886], [-91.99731599579695, 40.79818488987069]]}}, {"id": "41531", "type": "Feature", "properties": {}, "geometry": {"type": "LineString", "coordinates": [[-91.99731599579695, 40.79818488987069], [-91.98707745992265, 40.79839829047072]]}}, {"id": "41532", "type": "Feature", "properties": {}, "geometry": {"type": "LineString", "coordinates": [[-92.00339759745698, 40.79851028969024], [-92.00018079689988, 40.798149223184886]]}}, {"id": "41533", "type": "Feature", "properties": {}, "geometry": {"type": "LineString", "coordinates": [[-91.98707745992265, 40.79839829047072], [-91.96745025461985, 40.799653892122365]]}}, {"id": "41534", "type": "Feature", "properties": {}, "geometry": {"type": "LineString", "coordinates": [[-92.02285707022821, 40.806627823036465], [-92.0152196682428, 40.803640489979166]]}}, {"id": "41535", "type": "Feature", "properties": {}, "geometry": {"type": "LineString", "coordinates": [[-92.0152196682428, 40.803640489979166], [-92.00339759745698, 40.79851028969024]]}}, {"id": "41536", "type": "Feature", "properties": {}, "geometry": {"type": "LineString", "coordinates": [[-92.03149147371992, 40.80944469013626], [-92.02285707022821, 40.806627823036465]]}}, {"id": "41537", "type": "Feature", "properties": {}, "geometry": {"type": "LineString", "coordinates": [[-92.03693967506973, 40.81149148995656], [-92.03149147371992, 40.80944469013626]]}}, {"id": "41538", "type": "Feature", "properties": {}, "geometry": {"type": "LineString", "coordinates": [[-92.05728008162265, 40.820033223365556], [-92.04909101254317, 40.81562322323031]]}}, {"id": "41539", "type": "Feature", "properties": {}, "geometry": {"type": "LineString", "coordinates": [[-92.03730540886632, 40.811368823196084], [-92.03693967506973, 40.81149148995656]]}}, {"id": "41540", "type": "Feature", "properties": {}, "geometry": {"type": "LineString", "coordinates": [[-92.04909101254317, 40.81562322323031], [-92.03730540886632, 40.811368823196084]]}}, {"id": "41541", "type": "Feature", "properties": {}, "geometry": {"type": "LineString", "coordinates": [[-92.0730348204155, 40.830440890978835], [-92.06814388535894, 40.82801082411607]]}}, {"id": "41542", "type": "Feature", "properties": {}, "geometry": {"type": "LineString", "coordinates": [[-92.06020668232554, 40.8222688237839], [-92.05728008162265, 40.820033223365556]]}}, {"id": "41543", "type": "Feature", "properties": {}, "geometry": {"type": "LineString", "coordinates": [[-92.08122248991977, 40.83330762440043], [-92.08076342296182, 40.83349449097227]]}}, {"id": "41544", "type": "Feature", "properties": {}, "geometry": {"type": "LineString", "coordinates": [[-92.08076342296182, 40.83349449097227], [-92.0730348204155, 40.830440890978835]]}}, {"id": "41545", "type": "Feature", "properties": {}, "geometry": {"type": "LineString", "coordinates": [[-92.06814388535894, 40.82801082411607], [-92.06020668232554, 40.8222688237839]]}}, {"id": "41546", "type": "Feature", "properties": {}, "geometry": {"type": "LineString", "coordinates": [[-92.1059790305791, 40.84499349132664], [-92.08886589175297, 40.836291024060316]]}}, {"id": "41547", "type": "Feature", "properties": {}, "geometry": {"type": "LineString", "coordinates": [[-92.08886589175297, 40.836291024060316], [-92.08122248991977, 40.83330762440043]]}}, {"id": "41548", "type": "Feature", "properties": {}, "geometry": {"type": "LineString", "coordinates": [[-92.10633743142802, 40.84500449134845], [-92.1059790305791, 40.84499349132664]]}}, {"id": "41549", "type": "Feature", "properties": {}, "geometry": {"type": "LineString", "coordinates": [[-92.11472730002464, 40.84914869150669], [-92.10633743142802, 40.84500449134845]]}}, {"id": "41550", "type": "Feature", "properties": {}, "geometry": {"type": "LineString", "coordinates": [[-92.12972090526041, 40.854029624591256], [-92.11472730002464, 40.84914869150669]]}}, {"id": "41551", "type": "Feature", "properties": {}, "geometry": {"type": "LineString", "coordinates": [[-92.14661564387805, 40.86030682493098], [-92.12972090526041, 40.854029624591256]]}}, {"id": "41552", "type": "Feature", "properties": {}, "geometry": {"type": "LineString", "coordinates": [[-92.14698144414994, 40.860183891775975], [-92.14661564387805, 40.86030682493098]]}}, {"id": "41553", "type": "Feature", "properties": {}, "geometry": {"type": "LineString", "coordinates": [[-92.17107505238411, 40.87619349249387], [-92.1599873157155, 40.8753232266861], [-92.14698144414994, 40.860183891775975]]}}, {"id": "41554", "type": "Feature", "properties": {}, "geometry": {"type": "LineString", "coordinates": [[-92.17320491929522, 40.876659825816255], [-92.17107505238411, 40.87619349249387]]}}, {"id": "41555", "type": "Feature", "properties": {}, "geometry": {"type": "LineString", "coordinates": [[-92.1884242567888, 40.87751869159397], [-92.17320491929522, 40.876659825816255]]}}, {"id": "41556", "type": "Feature", "properties": {}, "geometry": {"type": "LineString", "coordinates": [[-92.21107013202625, 40.89736482692044], [-92.1884242567888, 40.87751869159397]]}}, {"id": "41557", "type": "Feature", "properties": {}, "geometry": {"type": "LineString", "coordinates": [[-92.21203186567449, 40.899538294417816], [-92.21107013202625, 40.89736482692044]]}}, {"id": "41558", "type": "Feature", "properties": {}, "geometry": {"type": "LineString", "coordinates": [[-92.22642273818552, 40.916052429178364], [-92.22334327027242, 40.91314589595549]]}}, {"id": "41559", "type": "Feature", "properties": {}, "geometry": {"type": "LineString", "coordinates": [[-92.21798906863395, 40.909099295478256], [-92.21203186567449, 40.899538294417816]]}}, {"id": "41560", "type": "Feature", "properties": {}, "geometry": {"type": "LineString", "coordinates": [[-92.22334327027242, 40.91314589595549], [-92.21798906863395, 40.909099295478256]]}}, {"id": "41561", "type": "Feature", "properties": {}, "geometry": {"type": "LineString", "coordinates": [[-92.23736294184009, 40.923213096804155], [-92.22642273818552, 40.916052429178364]]}}, {"id": "41562", "type": "Feature", "properties": {}, "geometry": {"type": "LineString", "coordinates": [[-92.27582248714963, 40.935135229530225], [-92.26862255033456, 40.91997729431553]]}}, {"id": "41563", "type": "Feature", "properties": {}, "geometry": {"type": "LineString", "coordinates": [[-92.27821015527591, 40.939293696717655], [-92.27582248714963, 40.935135229530225]]}}, {"id": "41564", "type": "Feature", "properties": {}, "geometry": {"type": "LineString", "coordinates": [[-92.26862255033456, 40.91997729431553], [-92.25111507804813, 40.914637027862575], [-92.24438694360678, 40.91953282885261]]}}, {"id": "41565", "type": "Feature", "properties": {}, "geometry": {"type": "LineString", "coordinates": [[-92.24438694360678, 40.91953282885261], [-92.23736294184009, 40.923213096804155]]}}, {"id": "41566", "type": "Feature", "properties": {}, "geometry": {"type": "LineString", "coordinates": [[-92.31332236583442, 40.94500682921824], [-92.29405435998285, 40.94565423018952]]}}, {"id": "41567", "type": "Feature", "properties": {}, "geometry": {"type": "LineString", "coordinates": [[-92.29405435998285, 40.94565423018952], [-92.29295649294151, 40.946024430141435]]}}, {"id": "41568", "type": "Feature", "properties": {}, "geometry": {"type": "LineString", "coordinates": [[-92.29295649294151, 40.946024430141435], [-92.27821015527591, 40.939293696717655]]}}, {"id": "41569", "type": "Feature", "properties": {}, "geometry": {"type": "LineString", "coordinates": [[-92.31413616581997, 40.94663909565262], [-92.31332236583442, 40.94500682921824]]}}, {"id": "41570", "type": "Feature", "properties": {}, "geometry": {"type": "LineString", "coordinates": [[-92.32318837036043, 40.96271923097311], [-92.30975509924731, 40.954823630841275], [-92.31413616581997, 40.94663909565262]]}}, {"id": "41571", "type": "Feature", "properties": {}, "geometry": {"type": "LineString", "coordinates": [[-92.34711477606908, 40.95898369609055], [-92.34145990740669, 40.957078695660364]]}}, {"id": "41572", "type": "Feature", "properties": {}, "geometry": {"type": "LineString", "coordinates": [[-92.34145990740669, 40.957078695660364], [-92.32318837036043, 40.96271923097311]]}}, {"id": "41573", "type": "Feature", "properties": {}, "geometry": {"type": "LineString", "coordinates": [[-92.35577051275214, 40.96372242976769], [-92.34711477606908, 40.95898369609055]]}}, {"id": "41574", "type": "Feature", "properties": {}, "geometry": {"type": "LineString", "coordinates": [[-92.37399678818282, 40.99929790061454], [-92.35577051275214, 40.96372242976769]]}}, {"id": "41575", "type": "Feature", "properties": {}, "geometry": {"type": "LineString", "coordinates": [[-92.37911018922287, 41.00132010104329], [-92.37492198824675, 41.000022634285294]]}}, {"id": "41576", "type": "Feature", "properties": {}, "geometry": {"type": "LineString", "coordinates": [[-92.37492198824675, 41.000022634285294], [-92.37399678818282, 40.99929790061454]]}}, {"id": "41577", "type": "Feature", "properties": {}, "geometry": {"type": "LineString", "coordinates": [[-92.39466772625127, 40.989025831301944], [-92.3857079897946, 40.98836983172932], [-92.38221232342721, 41.00002563361082]]}}, {"id": "41578", "type": "Feature", "properties": {}, "geometry": {"type": "LineString", "coordinates": [[-92.38221232342721, 41.00002563361082], [-92.37911018922287, 41.00132010104329]]}}, {"id": "41579", "type": "Feature", "properties": {}, "geometry": {"type": "LineString", "coordinates": [[-92.43191100656504, 41.020906634470485], [-92.4155893347082, 41.015760634155896]]}}, {"id": "41580", "type": "Feature", "properties": {}, "geometry": {"type": "LineString", "coordinates": [[-92.4155893347082, 41.015760634155896], [-92.40152092863806, 41.00003229938097]]}}, {"id": "41581", "type": "Feature", "properties": {}, "geometry": {"type": "LineString", "coordinates": [[-92.40152092863806, 41.00003229938097], [-92.39466772625127, 40.989025831301944]]}}, {"id": "41582", "type": "Feature", "properties": {}, "geometry": {"type": "LineString", "coordinates": [[-92.4354394084397, 41.02945083587653], [-92.43191100656504, 41.020906634470485]]}}, {"id": "41583", "type": "Feature", "properties": {}, "geometry": {"type": "LineString", "coordinates": [[-92.45541074754803, 41.038520235912365], [-92.4370028085124, 41.03056703546287]]}}, {"id": "41584", "type": "Feature", "properties": {}, "geometry": {"type": "LineString", "coordinates": [[-92.4370028085124, 41.03056703546287], [-92.4354394084397, 41.02945083587653]]}}, {"id": "41585", "type": "Feature", "properties": {}, "geometry": {"type": "LineString", "coordinates": [[-92.46317801717744, 41.04336083628994], [-92.45966354907118, 41.041654636213856]]}}, {"id": "41586", "type": "Feature", "properties": {}, "geometry": {"type": "LineString", "coordinates": [[-92.45966354907118, 41.041654636213856], [-92.45913101609264, 41.04150570291783]]}}, {"id": "41587", "type": "Feature", "properties": {}, "geometry": {"type": "LineString", "coordinates": [[-92.4794082234704, 41.05721563753519], [-92.4825377571892, 41.05220770302083]]}}, {"id": "41588", "type": "Feature", "properties": {}, "geometry": {"type": "LineString", "coordinates": [[-92.4825377571892, 41.05220770302083], [-92.48154562275514, 41.05043763628248]]}}, {"id": "41589", "type": "Feature", "properties": {}, "geometry": {"type": "LineString", "coordinates": [[-92.48154562275514, 41.05043763628248], [-92.46317801717744, 41.04336083628994]]}}, {"id": "41590", "type": "Feature", "properties": {}, "geometry": {"type": "LineString", "coordinates": [[-92.45913101609264, 41.04150570291783], [-92.45541074754803, 41.038520235912365]]}}, {"id": "41591", "type": "Feature", "properties": {}, "geometry": {"type": "LineString", "coordinates": [[-92.50278296388159, 41.06690743792286], [-92.49606256123988, 41.06263423743505]]}}, {"id": "41592", "type": "Feature", "properties": {}, "geometry": {"type": "LineString", "coordinates": [[-92.49606256123988, 41.06263423743505], [-92.4794082234704, 41.05721563753519]]}}, {"id": "41593", "type": "Feature", "properties": {}, "geometry": {"type": "LineString", "coordinates": [[-92.51634256956469, 41.08222590629707], [-92.50389763211368, 41.07531663919672]]}}, {"id": "41594", "type": "Feature", "properties": {}, "geometry": {"type": "LineString", "coordinates": [[-92.50389763211368, 41.07531663919672], [-92.50278296388159, 41.06690743792286]]}}, {"id": "41595", "type": "Feature", "properties": {}, "geometry": {"type": "LineString", "coordinates": [[-92.5232448379323, 41.084693106247], [-92.51634256956469, 41.08222590629707]]}}, {"id": "41596", "type": "Feature", "properties": {}, "geometry": {"type": "LineString", "coordinates": [[-92.53255264191716, 41.096877640711156], [-92.5232448379323, 41.084693106247]]}}, {"id": "41597", "type": "Feature", "properties": {}, "geometry": {"type": "LineString", "coordinates": [[-92.54096804422744, 41.09791030721137], [-92.53255264191716, 41.096877640711156]]}}, {"id": "41598", "type": "Feature", "properties": {}, "geometry": {"type": "LineString", "coordinates": [[-92.55647365054759, 41.11240590859906], [-92.5509166479455, 41.106290241302894]]}}, {"id": "41599", "type": "Feature", "properties": {}, "geometry": {"type": "LineString", "coordinates": [[-92.57253938788841, 41.11176570718484], [-92.55647365054759, 41.11240590859906]]}}, {"id": "41600", "type": "Feature", "properties": {}, "geometry": {"type": "LineString", "coordinates": [[-92.5776405898069, 41.11431570765684], [-92.57253938788841, 41.11176570718484]]}}, {"id": "41601", "type": "Feature", "properties": {}, "geometry": {"type": "LineString", "coordinates": [[-92.58863405996455, 41.12171510812335], [-92.5776405898069, 41.11431570765684]]}}, {"id": "41602", "type": "Feature", "properties": {}, "geometry": {"type": "LineString", "coordinates": [[-92.61131526684044, 41.12593870754273], [-92.58863405996455, 41.12171510812335]]}}, {"id": "41603", "type": "Feature", "properties": {}, "geometry": {"type": "LineString", "coordinates": [[-92.6349814090517, 41.14359010894137], [-92.6189846030359, 41.13512390857462]]}}, {"id": "41604", "type": "Feature", "properties": {}, "geometry": {"type": "LineString", "coordinates": [[-92.61848886954297, 41.13041870749315], [-92.61131526684044, 41.12593870754273]]}}, {"id": "41605", "type": "Feature", "properties": {}, "geometry": {"type": "LineString", "coordinates": [[-92.6189846030359, 41.13512390857462], [-92.61848886954297, 41.13041870749315]]}}, {"id": "41606", "type": "Feature", "properties": {}, "geometry": {"type": "LineString", "coordinates": [[-92.64016881150822, 41.1557921102751], [-92.63601834246901, 41.148309509383424]]}}, {"id": "41607", "type": "Feature", "properties": {}, "geometry": {"type": "LineString", "coordinates": [[-92.63601834246901, 41.148309509383424], [-92.6349814090517, 41.14359010894137]]}}, {"id": "41641", "type": "Feature", "properties": {}, "geometry": {"type": "LineString", "coordinates": [[-92.65680981648228, 41.16031751017258], [-92.64016881150822, 41.1557921102751]]}}, {"id": "41642", "type": "Feature", "properties": {}, "geometry": {"type": "LineString", "coordinates": [[-92.65772735032358, 41.16188331055561], [-92.65680981648228, 41.16031751017258]]}}, {"id": "41643", "type": "Feature", "properties": {}, "geometry": {"type": "LineString", "coordinates": [[-92.65731654984585, 41.16294504384763], [-92.657708350057, 41.16228491073135]]}}, {"id": "41644", "type": "Feature", "properties": {}, "geometry": {"type": "LineString", "coordinates": [[-92.657708350057, 41.16228491073135], [-92.65772735032358, 41.16188331055561]]}}, {"id": "41645", "type": "Feature", "properties": {}, "geometry": {"type": "LineString", "coordinates": [[-92.6578720177119, 41.166445111158666], [-92.65731654984585, 41.16294504384763]]}}, {"id": "41646", "type": "Feature", "properties": {}, "geometry": {"type": "LineString", "coordinates": [[-92.67212775665475, 41.18531784657157], [-92.66981775596962, 41.18458731310488]]}}, {"id": "41647", "type": "Feature", "properties": {}, "geometry": {"type": "LineString", "coordinates": [[-92.66981775596962, 41.18458731310488], [-92.65883041950875, 41.18430051422783], [-92.6578720177119, 41.166445111158666]]}}, {"id": "41648", "type": "Feature", "properties": {}, "geometry": {"type": "LineString", "coordinates": [[-92.68384162805954, 41.197017714926446], [-92.67212775665475, 41.18531784657157]]}}, {"id": "41649", "type": "Feature", "properties": {}, "geometry": {"type": "LineString", "coordinates": [[-92.69142156481624, 41.208475649616304], [-92.6777239599392, 41.20436651642205]]}}, {"id": "41650", "type": "Feature", "properties": {}, "geometry": {"type": "LineString", "coordinates": [[-92.6777239599392, 41.20436651642205], [-92.68384162805954, 41.197017714926446]]}}, {"id": "41651", "type": "Feature", "properties": {}, "geometry": {"type": "LineString", "coordinates": [[-92.69062543109906, 41.210063849917034], [-92.69142156481624, 41.208475649616304]]}}, {"id": "41652", "type": "Feature", "properties": {}, "geometry": {"type": "LineString", "coordinates": [[-92.70100496833702, 41.21958265049391], [-92.69062543109906, 41.210063849917034]]}}, {"id": "41653", "type": "Feature", "properties": {}, "geometry": {"type": "LineString", "coordinates": [[-92.7444792491257, 41.239332051082904], [-92.72860957718046, 41.23517325161372]]}}, {"id": "41663", "type": "Feature", "properties": {}, "geometry": {"type": "LineString", "coordinates": [[-92.76213518777574, 41.24393631747351], [-92.7444792491257, 41.239332051082904]]}}, {"id": "41664", "type": "Feature", "properties": {}, "geometry": {"type": "LineString", "coordinates": [[-92.80278946824136, 41.2673838521317], [-92.79392399919396, 41.26726025289892]]}}, {"id": "41665", "type": "Feature", "properties": {}, "geometry": {"type": "LineString", "coordinates": [[-92.78122679504824, 41.260640252624626], [-92.78016926146485, 41.260077319238185]]}}, {"id": "41666", "type": "Feature", "properties": {}, "geometry": {"type": "LineString", "coordinates": [[-92.81149327018203, 41.26401251790347], [-92.81102740387568, 41.26433605096184]]}}, {"id": "41667", "type": "Feature", "properties": {}, "geometry": {"type": "LineString", "coordinates": [[-92.78324246183222, 41.26196451907684], [-92.78122679504824, 41.260640252624626]]}}, {"id": "41668", "type": "Feature", "properties": {}, "geometry": {"type": "LineString", "coordinates": [[-92.81695507112691, 41.26099805034599], [-92.81149327018203, 41.26401251790347]]}}, {"id": "41669", "type": "Feature", "properties": {}, "geometry": {"type": "LineString", "coordinates": [[-92.81102740387568, 41.26433605096184], [-92.80493686847018, 41.267267651857665]]}}, {"id": "41670", "type": "Feature", "properties": {}, "geometry": {"type": "LineString", "coordinates": [[-92.78898419758258, 41.264723119545685], [-92.78324246183222, 41.26196451907684]]}}, {"id": "41671", "type": "Feature", "properties": {}, "geometry": {"type": "LineString", "coordinates": [[-92.80493686847018, 41.267267651857665], [-92.80278946824136, 41.2673838521317]]}}, {"id": "41672", "type": "Feature", "properties": {}, "geometry": {"type": "LineString", "coordinates": [[-92.79392399919396, 41.26726025289892], [-92.78898419758258, 41.264723119545685]]}}, {"id": "41673", "type": "Feature", "properties": {}, "geometry": {"type": "LineString", "coordinates": [[-92.78016926146485, 41.260077319238185], [-92.76213518777574, 41.24393631747351]]}}, {"id": "41674", "type": "Feature", "properties": {}, "geometry": {"type": "LineString", "coordinates": [[-92.84432141351935, 41.272736317169816], [-92.81695507112691, 41.26099805034599]]}}, {"id": "41675", "type": "Feature", "properties": {}, "geometry": {"type": "LineString", "coordinates": [[-92.8701294232356, 41.29944611960312], [-92.86439508960318, 41.306545454887996], [-92.8576694875126, 41.30343105466768], [-92.8551170189559, 41.295860520226626], [-92.86457848695663, 41.286171718155565], [-92.84432141351935, 41.272736317169816]]}}, {"id": "41676", "type": "Feature", "properties": {}, "geometry": {"type": "LineString", "coordinates": [[-92.88212262937125, 41.318240255365254], [-92.8701294232356, 41.29944611960312]]}}, {"id": "41677", "type": "Feature", "properties": {}, "geometry": {"type": "LineString", "coordinates": [[-92.88739189709625, 41.317564055271475], [-92.88212262937125, 41.318240255365254]]}}, {"id": "41678", "type": "Feature", "properties": {}, "geometry": {"type": "LineString", "coordinates": [[-92.93864251331219, 41.33971452229896], [-92.93039631138063, 41.338176456012654]]}}, {"id": "41725", "type": "Feature", "properties": {}, "geometry": {"type": "LineString", "coordinates": [[-92.84894728088841, 41.26342151507065], [-92.81762700467124, 41.260276316647165]]}}, {"id": "41726", "type": "Feature", "properties": {}, "geometry": {"type": "LineString", "coordinates": [[-92.81762700467124, 41.260276316647165], [-92.81695507112691, 41.26099805034599]]}}, {"id": "41727", "type": "Feature", "properties": {}, "geometry": {"type": "LineString", "coordinates": [[-92.86668728478104, 41.2549355130327], [-92.84894728088841, 41.26342151507065]]}}, {"id": "41728", "type": "Feature", "properties": {}, "geometry": {"type": "LineString", "coordinates": [[-92.87041648527452, 41.25530171277628], [-92.86668728478104, 41.2549355130327]]}}, {"id": "41729", "type": "Feature", "properties": {}, "geometry": {"type": "LineString", "coordinates": [[-92.87296288660983, 41.26001491341993], [-92.87041648527452, 41.25530171277628]]}}, {"id": "41739", "type": "Feature", "properties": {}, "geometry": {"type": "LineString", "coordinates": [[-92.89967002638215, 41.24748670945959], [-92.87296288660983, 41.26001491341993]]}}, {"id": "41740", "type": "Feature", "properties": {}, "geometry": {"type": "LineString", "coordinates": [[-92.89951762629588, 41.24508444250284], [-92.89967002638215, 41.24748670945959]]}}, {"id": "41741", "type": "Feature", "properties": {}, "geometry": {"type": "LineString", "coordinates": [[-92.89739482463449, 41.24275104269494], [-92.89951762629588, 41.24508444250284]]}}, {"id": "41742", "type": "Feature", "properties": {}, "geometry": {"type": "LineString", "coordinates": [[-92.89966489161198, 41.23357570730267], [-92.89739482463449, 41.24275104269494]]}}, {"id": "41743", "type": "Feature", "properties": {}, "geometry": {"type": "LineString", "coordinates": [[-92.90644789155762, 41.22037230463853], [-92.91457469481152, 41.230162239044716], [-92.89966489161198, 41.23357570730267]]}}, {"id": "41744", "type": "Feature", "properties": {}, "geometry": {"type": "LineString", "coordinates": [[-92.91093042553658, 41.21609230399104], [-92.90644789155762, 41.22037230463853]]}}, {"id": "41745", "type": "Feature", "properties": {}, "geometry": {"type": "LineString", "coordinates": [[-92.91862549487166, 41.21414470293286], [-92.91093042553658, 41.21609230399104]]}}, {"id": "41784", "type": "Feature", "properties": {}, "geometry": {"type": "LineString", "coordinates": [[-92.92497029392675, 41.19023243189427], [-92.93015469601023, 41.19629323259461], [-92.91465169300778, 41.20668730189118], [-92.91862549487166, 41.21414470293286]]}}, {"id": "41785", "type": "Feature", "properties": {}, "geometry": {"type": "LineString", "coordinates": [[-92.94068723071415, 41.18720409734493], [-92.92497029392675, 41.19023243189427]]}}, {"id": "41786", "type": "Feature", "properties": {}, "geometry": {"type": "LineString", "coordinates": [[-92.94909863282645, 41.1796026958986], [-92.94068723071415, 41.18720409734493]]}}, {"id": "41787", "type": "Feature", "properties": {}, "geometry": {"type": "LineString", "coordinates": [[-92.95687443375611, 41.17392302778937], [-92.94909863282645, 41.1796026958986]]}}, {"id": "41788", "type": "Feature", "properties": {}, "geometry": {"type": "LineString", "coordinates": [[-92.97505923846168, 41.16445869156797], [-92.97910764091831, 41.178091693496356], [-92.95687443375611, 41.17392302778937]]}}, {"id": "41789", "type": "Feature", "properties": {}, "geometry": {"type": "LineString", "coordinates": [[-92.97505863838707, 41.16397829135918], [-92.97505923846168, 41.16445869156797]]}}, {"id": "41790", "type": "Feature", "properties": {}, "geometry": {"type": "LineString", "coordinates": [[-92.97535990458726, 41.16301709151097], [-92.97505863838707, 41.16397829135918]]}}, {"id": "41791", "type": "Feature", "properties": {}, "geometry": {"type": "LineString", "coordinates": [[-92.97624250294719, 41.14638242167356], [-92.97535990458726, 41.16301709151097]]}}, {"id": "41792", "type": "Feature", "properties": {}, "geometry": {"type": "LineString", "coordinates": [[-92.9719375012212, 41.14174142167454], [-92.97624250294719, 41.14638242167356]]}}, {"id": "41793", "type": "Feature", "properties": {}, "geometry": {"type": "LineString", "coordinates": [[-92.96636703287302, 41.140647821889324], [-92.9719375012212, 41.14174142167454]]}}, {"id": "41794", "type": "Feature", "properties": {}, "geometry": {"type": "LineString", "coordinates": [[-92.95731629707805, 41.139693821855886], [-92.96636703287302, 41.140647821889324]]}}, {"id": "41795", "type": "Feature", "properties": {}, "geometry": {"type": "LineString", "coordinates": [[-92.94622842656047, 41.1297942212579], [-92.95731629707805, 41.139693821855886]]}}, {"id": "41796", "type": "Feature", "properties": {}, "geometry": {"type": "LineString", "coordinates": [[-92.94450342585637, 41.1297038213521], [-92.94622842656047, 41.1297942212579]]}}, {"id": "41797", "type": "Feature", "properties": {}, "geometry": {"type": "LineString", "coordinates": [[-92.93844028996533, 41.11835862002418], [-92.94450342585637, 41.1297038213521]]}}, {"id": "41798", "type": "Feature", "properties": {}, "geometry": {"type": "LineString", "coordinates": [[-92.94361069090677, 41.115221018958046], [-92.93844028996533, 41.11835862002418]]}}, {"id": "41915", "type": "Feature", "properties": {}, "geometry": {"type": "LineString", "coordinates": [[-92.24573387484885, 40.895261291304806], [-92.21296386598513, 40.89972929397515]]}}, {"id": "41916", "type": "Feature", "properties": {}, "geometry": {"type": "LineString", "coordinates": [[-92.2128183326209, 40.899641227261405], [-92.21203186567449, 40.899538294417816]]}}, {"id": "41917", "type": "Feature", "properties": {}, "geometry": {"type": "LineString", "coordinates": [[-92.21296386598513, 40.89972929397515], [-92.2128183326209, 40.899641227261405]]}}, {"id": "41918", "type": "Feature", "properties": {}, "geometry": {"type": "LineString", "coordinates": [[-92.25102587623874, 40.89383482446549], [-92.24573387484885, 40.895261291304806]]}}, {"id": "41919", "type": "Feature", "properties": {}, "geometry": {"type": "LineString", "coordinates": [[-92.26290634650118, 40.89343522342525], [-92.25102587623874, 40.89383482446549]]}}, {"id": "41920", "type": "Feature", "properties": {}, "geometry": {"type": "LineString", "coordinates": [[-92.30096075610916, 40.890789220623866], [-92.28716728482163, 40.87938521960893], [-92.27610975041118, 40.8954150896952], [-92.26290634650118, 40.89343522342525]]}}, {"id": "41921", "type": "Feature", "properties": {}, "geometry": {"type": "LineString", "coordinates": [[-92.30322608986341, 40.88708421976804], [-92.30096075610916, 40.890789220623866]]}}, {"id": "41922", "type": "Feature", "properties": {}, "geometry": {"type": "LineString", "coordinates": [[-92.3059982908302, 40.88845861991332], [-92.30322608986341, 40.88708421976804]]}}, {"id": "41950", "type": "Feature", "properties": {}, "geometry": {"type": "LineString", "coordinates": [[-92.30566729039411, 40.8879322202105], [-92.3059982908302, 40.88845861991332]]}}, {"id": "41951", "type": "Feature", "properties": {}, "geometry": {"type": "LineString", "coordinates": [[-92.30862609120834, 40.88383841902149], [-92.30566729039411, 40.8879322202105]]}}, {"id": "41952", "type": "Feature", "properties": {}, "geometry": {"type": "LineString", "coordinates": [[-92.31945229416176, 40.88018328491574], [-92.30862609120834, 40.88383841902149]]}}, {"id": "41953", "type": "Feature", "properties": {}, "geometry": {"type": "LineString", "coordinates": [[-92.33259589722331, 40.879937283657654], [-92.31945229416176, 40.88018328491574]]}}, {"id": "41954", "type": "Feature", "properties": {}, "geometry": {"type": "LineString", "coordinates": [[-92.34133929959664, 40.87801828312168], [-92.33259589722331, 40.879937283657654]]}}, {"id": "41955", "type": "Feature", "properties": {}, "geometry": {"type": "LineString", "coordinates": [[-92.35322070141204, 40.86562001328344], [-92.34273076571723, 40.86836321476309], [-92.34133929959664, 40.87801828312168]]}}, {"id": "41956", "type": "Feature", "properties": {}, "geometry": {"type": "LineString", "coordinates": [[-92.3619901710983, 40.870334880711056], [-92.35322070141204, 40.86562001328344]]}}, {"id": "41957", "type": "Feature", "properties": {}, "geometry": {"type": "LineString", "coordinates": [[-92.363737705143, 40.873652680793356], [-92.3619901710983, 40.870334880711056]]}}, {"id": "41958", "type": "Feature", "properties": {}, "geometry": {"type": "LineString", "coordinates": [[-92.36651050618438, 40.87630708086326], [-92.363737705143, 40.873652680793356]]}}, {"id": "41959", "type": "Feature", "properties": {}, "geometry": {"type": "LineString", "coordinates": [[-92.3703391070607, 40.87326421404628], [-92.36651050618438, 40.87630708086326]]}}, {"id": "41960", "type": "Feature", "properties": {}, "geometry": {"type": "LineString", "coordinates": [[-92.37883930943546, 40.87198288003523], [-92.3703391070607, 40.87326421404628]]}}, {"id": "41961", "type": "Feature", "properties": {}, "geometry": {"type": "LineString", "coordinates": [[-92.38592351180093, 40.87797727993643], [-92.37883930943546, 40.87198288003523]]}}, {"id": "41962", "type": "Feature", "properties": {}, "geometry": {"type": "LineString", "coordinates": [[-92.39315931475205, 40.88227801420237], [-92.38770337980597, 40.88605388124597], [-92.38592351180093, 40.87797727993643]]}}, {"id": "41963", "type": "Feature", "properties": {}, "geometry": {"type": "LineString", "coordinates": [[-92.40476671782938, 40.88428907993778], [-92.39315931475205, 40.88227801420237]]}}, {"id": "41964", "type": "Feature", "properties": {}, "geometry": {"type": "LineString", "coordinates": [[-92.41936072188405, 40.8879452796597], [-92.40476671782938, 40.88428907993778]]}}, {"id": "41965", "type": "Feature", "properties": {}, "geometry": {"type": "LineString", "coordinates": [[-92.4227615890395, 40.8792722783724], [-92.41936072188405, 40.8879452796597]]}}, {"id": "41966", "type": "Feature", "properties": {}, "geometry": {"type": "LineString", "coordinates": [[-92.43035992419152, 40.88125961159676], [-92.4227615890395, 40.8792722783724]]}}, {"id": "41967", "type": "Feature", "properties": {}, "geometry": {"type": "LineString", "coordinates": [[-92.44161079491573, 40.88759161215927], [-92.43035992419152, 40.88125961159676]]}}, {"id": "41968", "type": "Feature", "properties": {}, "geometry": {"type": "LineString", "coordinates": [[-92.45101659791158, 40.88680787754195], [-92.44161079491573, 40.88759161215927]]}}, {"id": "41969", "type": "Feature", "properties": {}, "geometry": {"type": "LineString", "coordinates": [[-92.46471973371582, 40.87558680833911], [-92.45101659791158, 40.88680787754195]]}}, {"id": "41970", "type": "Feature", "properties": {}, "geometry": {"type": "LineString", "coordinates": [[-92.47838620298512, 40.863334272403556], [-92.47846173692746, 40.87326427382196], [-92.46471973371582, 40.87558680833911]]}}, {"id": "41971", "type": "Feature", "properties": {}, "geometry": {"type": "LineString", "coordinates": [[-92.49769694079646, 40.85885367064518], [-92.47838620298512, 40.863334272403556]]}}, {"id": "41972", "type": "Feature", "properties": {}, "geometry": {"type": "LineString", "coordinates": [[-92.50371654253217, 40.85853166971944], [-92.49769694079646, 40.85885367064518]]}}, {"id": "41973", "type": "Feature", "properties": {}, "geometry": {"type": "LineString", "coordinates": [[-92.50887261085329, 40.856981002614944], [-92.50371654253217, 40.85853166971944]]}}, {"id": "41974", "type": "Feature", "properties": {}, "geometry": {"type": "LineString", "coordinates": [[-92.51870474619814, 40.85218540138743], [-92.50887261085329, 40.856981002614944]]}}, {"id": "41975", "type": "Feature", "properties": {}, "geometry": {"type": "LineString", "coordinates": [[-92.52024514580631, 40.84992160096355], [-92.51870474619814, 40.85218540138743]]}}, {"id": "41976", "type": "Feature", "properties": {}, "geometry": {"type": "LineString", "coordinates": [[-92.5253438135774, 40.845738799666464], [-92.52024514580631, 40.84992160096355]]}}, {"id": "41977", "type": "Feature", "properties": {}, "geometry": {"type": "LineString", "coordinates": [[-92.53895855156442, 40.8493191996358], [-92.5253438135774, 40.845738799666464]]}}, {"id": "41978", "type": "Feature", "properties": {}, "geometry": {"type": "LineString", "coordinates": [[-92.55740535621082, 40.843771064725715], [-92.53895855156442, 40.8493191996358]]}}, {"id": "41979", "type": "Feature", "properties": {}, "geometry": {"type": "LineString", "coordinates": [[-92.56527095812618, 40.8419448634784], [-92.55740535621082, 40.843771064725715]]}}, {"id": "41980", "type": "Feature", "properties": {}, "geometry": {"type": "LineString", "coordinates": [[-92.57144755932244, 40.8417647962605], [-92.56527095812618, 40.8419448634784]]}}, {"id": "41981", "type": "Feature", "properties": {}, "geometry": {"type": "LineString", "coordinates": [[-92.59012683179468, 40.843693796029584], [-92.57144755932244, 40.8417647962605]]}}, {"id": "41982", "type": "Feature", "properties": {}, "geometry": {"type": "LineString", "coordinates": [[-92.59714616681347, 40.846075395586], [-92.59012683179468, 40.843693796029584]]}}, {"id": "42863", "type": "Feature", "properties": {}, "geometry": {"type": "LineString", "coordinates": [[-92.30862609120834, 40.88383841902149], [-92.30482469042053, 40.88644448623694]]}}, {"id": "42864", "type": "Feature", "properties": {}, "geometry": {"type": "LineString", "coordinates": [[-92.30566729039411, 40.8879322202105], [-92.30482469042053, 40.88644448623694]]}}, {"id": "43129", "type": "Feature", "properties": {}, "geometry": {"type": "LineString", "coordinates": [[-92.6587767505604, 41.16653964438947], [-92.65856295062446, 41.162810310839056]]}}, {"id": "43130", "type": "Feature", "properties": {}, "geometry": {"type": "LineString", "coordinates": [[-92.65856295062446, 41.162810310839056], [-92.657708350057, 41.16228491073135]]}}, {"id": "43131", "type": "Feature", "properties": {}, "geometry": {"type": "LineString", "coordinates": [[-92.6578720177119, 41.166445111158666], [-92.6587767505604, 41.16653964438947]]}}, {"id": "43202", "type": "Feature", "properties": {}, "geometry": {"type": "LineString", "coordinates": [[-92.81046787023467, 41.26359025115571], [-92.80288346795268, 41.266880518681766]]}}, {"id": "43203", "type": "Feature", "properties": {}, "geometry": {"type": "LineString", "coordinates": [[-92.80288346795268, 41.266880518681766], [-92.80278946824136, 41.2673838521317]]}}, {"id": "43204", "type": "Feature", "properties": {}, "geometry": {"type": "LineString", "coordinates": [[-92.81102740387568, 41.26433605096184], [-92.81046787023467, 41.26359025115571]]}}, {"id": "44247", "type": "Feature", "properties": {}, "geometry": {"type": "LineString", "coordinates": [[-92.9402150474547, 41.34095872221557], [-92.93864251331219, 41.33971452229896]]}}, {"id": "44248", "type": "Feature", "properties": {}, "geometry": {"type": "LineString", "coordinates": [[-92.98116492844603, 41.369904124177324], [-92.9402150474547, 41.34095872221557]]}}, {"id": "44264", "type": "Feature", "properties": {}, "geometry": {"type": "LineString", "coordinates": [[-92.9205100408618, 41.32868825516153], [-92.90922483742575, 41.33056145584569]]}}, {"id": "44265", "type": "Feature", "properties": {}, "geometry": {"type": "LineString", "coordinates": [[-92.93039631138063, 41.338176456012654], [-92.9205100408618, 41.32868825516153]]}}, {"id": "44268", "type": "Feature", "properties": {}, "geometry": {"type": "LineString", "coordinates": [[-91.98809318860765, 40.74869568211687], [-91.99532618971341, 40.73806568020451]]}}, {"id": "44270", "type": "Feature", "properties": {}, "geometry": {"type": "LineString", "coordinates": [[-92.5509166479455, 41.106290241302894], [-92.54599524652609, 41.10193424042913]]}}, {"id": "44271", "type": "Feature", "properties": {}, "geometry": {"type": "LineString", "coordinates": [[-91.44721040185637, 40.38656778647585], [-91.42236386078535, 40.381156853360174]]}}, {"id": "44272", "type": "Feature", "properties": {}, "geometry": {"type": "LineString", "coordinates": [[-91.42236386078535, 40.381156853360174], [-91.41897119345181, 40.37866405328519]]}}, {"id": "44273", "type": "Feature", "properties": {}, "geometry": {"type": "LineString", "coordinates": [[-91.99532618971341, 40.73806568020451], [-91.9856562514813, 40.71885921104912]]}}, {"id": "44277", "type": "Feature", "properties": {}, "geometry": {"type": "LineString", "coordinates": [[-92.54599524652609, 41.10193424042913], [-92.54096804422744, 41.09791030721137]]}}, {"id": "44278", "type": "Feature", "properties": {}, "geometry": {"type": "LineString", "coordinates": [[-92.90922483742575, 41.33056145584569], [-92.90372690174854, 41.31997125442868], [-92.88739189709625, 41.317564055271475]]}}, {"id": "44290", "type": "Feature", "properties": {}, "geometry": {"type": "LineString", "coordinates": [[-92.30482469042053, 40.88644448623694], [-92.30322608986341, 40.88708421976804]]}}, {"id": "44319", "type": "Feature", "properties": {}, "geometry": {"type": "LineString", "coordinates": [[-92.72169157571898, 41.23647071864968], [-92.70881914888886, 41.22566675552209]]}}, {"id": "44321", "type": "Feature", "properties": {}, "geometry": {"type": "LineString", "coordinates": [[-92.70881914888886, 41.22566675552209], [-92.7050122360385, 41.22263531728642]]}}, {"id": "44322", "type": "Feature", "properties": {}, "geometry": {"type": "LineString", "coordinates": [[-92.7050122360385, 41.22263531728642], [-92.70100496833702, 41.21958265049391]]}}, {"id": "44323", "type": "Feature", "properties": {}, "geometry": {"type": "LineString", "coordinates": [[-92.72860957718046, 41.23517325161372], [-92.72169157571898, 41.23647071864968]]}}, {"id": "44700", "type": "Feature", "properties": {}, "geometry": {"type": "LineString", "coordinates": [[-91.41897119345181, 40.37866405328519], [-91.42757859448439, 40.371274851727236]]}}, {"id": "45194", "type": "Feature", "properties": {}, "geometry": {"type": "LineString", "coordinates": [[-93.60923035078827, 40.58336715840838], [-93.60866501492883, 40.56336815573606]]}}, {"id": "45195", "type": "Feature", "properties": {}, "geometry": {"type": "LineString", "coordinates": [[-93.60853915107606, 40.58705109294822], [-93.60923035078827, 40.58336715840838]]}}, {"id": "45196", "type": "Feature", "properties": {}, "geometry": {"type": "LineString", "coordinates": [[-93.60478495046821, 40.59521949391184], [-93.60853915107606, 40.58705109294822]]}}, {"id": "45197", "type": "Feature", "properties": {}, "geometry": {"type": "LineString", "coordinates": [[-93.59983055033514, 40.59924589516727], [-93.60478495046821, 40.59521949391184]]}}, {"id": "45198", "type": "Feature", "properties": {}, "geometry": {"type": "LineString", "coordinates": [[-93.59709574982689, 40.60652169674641], [-93.59983055033514, 40.59924589516727]]}}, {"id": "45225", "type": "Feature", "properties": {}, "geometry": {"type": "LineString", "coordinates": [[-93.59468815077942, 40.61963249879952], [-93.59709574982689, 40.60652169674641]]}}, {"id": "45226", "type": "Feature", "properties": {}, "geometry": {"type": "LineString", "coordinates": [[-93.59498795092907, 40.620684965666776], [-93.59468815077942, 40.61963249879952]]}}, {"id": "45336", "type": "Feature", "properties": {}, "geometry": {"type": "LineString", "coordinates": [[-94.06160871544965, 40.97315959393465], [-94.04931371220947, 40.98168672966887], [-94.04666611116585, 40.973517328249336], [-94.0370963755121, 40.97389992949173]]}}, {"id": "45337", "type": "Feature", "properties": {}, "geometry": {"type": "LineString", "coordinates": [[-94.06462218324053, 40.979246795023684], [-94.06160871544965, 40.97315959393465]]}}, {"id": "45338", "type": "Feature", "properties": {}, "geometry": {"type": "LineString", "coordinates": [[-94.07627331989914, 40.98201999477822], [-94.06462218324053, 40.979246795023684]]}}, {"id": "45339", "type": "Feature", "properties": {}, "geometry": {"type": "LineString", "coordinates": [[-94.09064559279221, 41.00001152986419], [-94.08508718971662, 40.98497432789853], [-94.07599792068754, 40.98762519535828], [-94.07627331989914, 40.98201999477822]]}}, {"id": "45340", "type": "Feature", "properties": {}, "geometry": {"type": "LineString", "coordinates": [[-94.10167739585965, 41.00090392979362], [-94.09064559279221, 41.00001152986419]]}}, {"id": "45341", "type": "Feature", "properties": {}, "geometry": {"type": "LineString", "coordinates": [[-94.10010379631522, 41.00964333073723], [-94.10167739585965, 41.00090392979362]]}}, {"id": "45342", "type": "Feature", "properties": {}, "geometry": {"type": "LineString", "coordinates": [[-94.12190993630654, 41.01451893044268], [-94.10010379631522, 41.00964333073723]]}}, {"id": "45343", "type": "Feature", "properties": {}, "geometry": {"type": "LineString", "coordinates": [[-94.11100433396008, 41.02334933229839], [-94.12190993630654, 41.01451893044268]]}}, {"id": "45344", "type": "Feature", "properties": {}, "geometry": {"type": "LineString", "coordinates": [[-94.10254439856791, 41.02778653408879], [-94.11100433396008, 41.02334933229839]]}}, {"id": "45345", "type": "Feature", "properties": {}, "geometry": {"type": "LineString", "coordinates": [[-94.11142513538191, 41.03460560070717], [-94.10254439856791, 41.02778653408879]]}}, {"id": "45346", "type": "Feature", "properties": {}, "geometry": {"type": "LineString", "coordinates": [[-94.10752580116012, 41.040988202573885], [-94.11142513538191, 41.03460560070717]]}}, {"id": "45347", "type": "Feature", "properties": {}, "geometry": {"type": "LineString", "coordinates": [[-94.11093900308273, 41.04808113631326], [-94.10752580116012, 41.040988202573885]]}}, {"id": "45348", "type": "Feature", "properties": {}, "geometry": {"type": "LineString", "coordinates": [[-94.11667973900819, 41.05874293782462], [-94.11269040437475, 41.05656913774486]]}}, {"id": "45349", "type": "Feature", "properties": {}, "geometry": {"type": "LineString", "coordinates": [[-94.11701200606886, 41.06022993775599], [-94.11667973900819, 41.05874293782462]]}}, {"id": "45350", "type": "Feature", "properties": {}, "geometry": {"type": "LineString", "coordinates": [[-94.11214473892508, 41.0661094060125], [-94.11701200606886, 41.06022993775599]]}}, {"id": "45351", "type": "Feature", "properties": {}, "geometry": {"type": "LineString", "coordinates": [[-94.10972573846, 41.06963240666102], [-94.11214473892508, 41.0661094060125]]}}, {"id": "45352", "type": "Feature", "properties": {}, "geometry": {"type": "LineString", "coordinates": [[-94.11057140618027, 41.073521940485755], [-94.10972573846, 41.06963240666102]]}}, {"id": "45353", "type": "Feature", "properties": {}, "geometry": {"type": "LineString", "coordinates": [[-94.12248274255589, 41.07679420713522], [-94.11057140618027, 41.073521940485755]]}}, {"id": "45354", "type": "Feature", "properties": {}, "geometry": {"type": "LineString", "coordinates": [[-94.12242234253111, 41.07757214033847], [-94.12248274255589, 41.07679420713522]]}}, {"id": "45355", "type": "Feature", "properties": {}, "geometry": {"type": "LineString", "coordinates": [[-94.11694880958862, 41.09129894271924], [-94.12242234253111, 41.07757214033847]]}}, {"id": "45356", "type": "Feature", "properties": {}, "geometry": {"type": "LineString", "coordinates": [[-94.13122334757541, 41.10083894345679], [-94.11694880958862, 41.09129894271924]]}}, {"id": "45357", "type": "Feature", "properties": {}, "geometry": {"type": "LineString", "coordinates": [[-94.13040781563798, 41.11005894532261], [-94.13122334757541, 41.10083894345679]]}}, {"id": "45358", "type": "Feature", "properties": {}, "geometry": {"type": "LineString", "coordinates": [[-94.13304001596438, 41.11330741216375], [-94.13040781563798, 41.11005894532261]]}}, {"id": "45359", "type": "Feature", "properties": {}, "geometry": {"type": "LineString", "coordinates": [[-94.13298021691254, 41.11783721319477], [-94.13304001596438, 41.11330741216375]]}}, {"id": "45360", "type": "Feature", "properties": {}, "geometry": {"type": "LineString", "coordinates": [[-94.14272261954368, 41.121336213025046], [-94.13298021691254, 41.11783721319477]]}}, {"id": "46725", "type": "Feature", "properties": {}, "geometry": {"type": "LineString", "coordinates": [[-93.87583070970577, 40.76872610631718], [-93.87537924249511, 40.76774217220555]]}}, {"id": "46728", "type": "Feature", "properties": {}, "geometry": {"type": "LineString", "coordinates": [[-93.87823811022558, 40.76662110553623], [-93.88061531028384, 40.76533950535356]]}}, {"id": "46729", "type": "Feature", "properties": {}, "geometry": {"type": "LineString", "coordinates": [[-93.87537924249511, 40.76774217220555], [-93.87525884219589, 40.767307505676236]]}}, {"id": "46730", "type": "Feature", "properties": {}, "geometry": {"type": "LineString", "coordinates": [[-93.87525884219589, 40.767307505676236], [-93.87823811022558, 40.76662110553623]]}}, {"id": "46737", "type": "Feature", "properties": {}, "geometry": {"type": "LineString", "coordinates": [[-93.88362524500069, 40.76893157223788], [-93.87582684245848, 40.76893877293927]]}}, {"id": "46739", "type": "Feature", "properties": {}, "geometry": {"type": "LineString", "coordinates": [[-93.87582684245848, 40.76893877293927], [-93.87583070970577, 40.76872610631718]]}}, {"id": "46862", "type": "Feature", "properties": {}, "geometry": {"type": "LineString", "coordinates": [[-92.71856310830039, 40.59945481439534], [-92.71069357266241, 40.596188814242154], [-92.71443670602595, 40.589092546231335]]}}, {"id": "46863", "type": "Feature", "properties": {}, "geometry": {"type": "LineString", "coordinates": [[-92.71955850900883, 40.602840548168665], [-92.71856310830039, 40.59945481439534]]}}, {"id": "46864", "type": "Feature", "properties": {}, "geometry": {"type": "LineString", "coordinates": [[-92.72277911033792, 40.60848961596973], [-92.71955850900883, 40.602840548168665]]}}, {"id": "46865", "type": "Feature", "properties": {}, "geometry": {"type": "LineString", "coordinates": [[-92.73198471478955, 40.6200596174607], [-92.72277911033792, 40.60848961596973]]}}, {"id": "46866", "type": "Feature", "properties": {}, "geometry": {"type": "LineString", "coordinates": [[-92.7310709817202, 40.63108961904818], [-92.73198471478955, 40.6200596174607]]}}, {"id": "46867", "type": "Feature", "properties": {}, "geometry": {"type": "LineString", "coordinates": [[-92.73092271568088, 40.63230255241631], [-92.7310709817202, 40.63108961904818]]}}, {"id": "46868", "type": "Feature", "properties": {}, "geometry": {"type": "LineString", "coordinates": [[-92.72919691547617, 40.64296715453172], [-92.73092271568088, 40.63230255241631]]}}, {"id": "46869", "type": "Feature", "properties": {}, "geometry": {"type": "LineString", "coordinates": [[-92.73500591797331, 40.64987202202715], [-92.72919691547617, 40.64296715453172]]}}, {"id": "46870", "type": "Feature", "properties": {}, "geometry": {"type": "LineString", "coordinates": [[-92.75230632409516, 40.66232782291646], [-92.73500591797331, 40.64987202202715]]}}, {"id": "46871", "type": "Feature", "properties": {}, "geometry": {"type": "LineString", "coordinates": [[-92.75677072647841, 40.66949442390574], [-92.75230632409516, 40.66232782291646]]}}, {"id": "46872", "type": "Feature", "properties": {}, "geometry": {"type": "LineString", "coordinates": [[-92.7571909934026, 40.669746556970416], [-92.75677072647841, 40.66949442390574]]}}, {"id": "46873", "type": "Feature", "properties": {}, "geometry": {"type": "LineString", "coordinates": [[-92.76517572899262, 40.675314624315824], [-92.7571909934026, 40.669746556970416]]}}, {"id": "46876", "type": "Feature", "properties": {}, "geometry": {"type": "LineString", "coordinates": [[-92.77378400139102, 40.70630422915002], [-92.76464473213323, 40.70538082924938]]}}, {"id": "46877", "type": "Feature", "properties": {}, "geometry": {"type": "LineString", "coordinates": [[-92.7745340021268, 40.70744902911158], [-92.77378400139102, 40.70630422915002]]}}, {"id": "46881", "type": "Feature", "properties": {}, "geometry": {"type": "LineString", "coordinates": [[-92.78080813790501, 40.71459323017779], [-92.77981400382113, 40.71582803032432]]}}, {"id": "46882", "type": "Feature", "properties": {}, "geometry": {"type": "LineString", "coordinates": [[-92.78122913785451, 40.71459362986284], [-92.78080813790501, 40.71459323017779]]}}, {"id": "46883", "type": "Feature", "properties": {}, "geometry": {"type": "LineString", "coordinates": [[-92.79207000849989, 40.726774831356146], [-92.78122913785451, 40.71459362986284]]}}, {"id": "46884", "type": "Feature", "properties": {}, "geometry": {"type": "LineString", "coordinates": [[-92.79630594325525, 40.73107956472701], [-92.79207000849989, 40.726774831356146]]}}, {"id": "46885", "type": "Feature", "properties": {}, "geometry": {"type": "LineString", "coordinates": [[-92.7988299442006, 40.73343783213701], [-92.79630594325525, 40.73107956472701]]}}, {"id": "46886", "type": "Feature", "properties": {}, "geometry": {"type": "LineString", "coordinates": [[-92.80570834702607, 40.742869366255924], [-92.7988299442006, 40.73343783213701]]}}, {"id": "46887", "type": "Feature", "properties": {}, "geometry": {"type": "LineString", "coordinates": [[-92.80283974784614, 40.753633368538566], [-92.81277534934878, 40.74609963326783], [-92.80570834702607, 40.742869366255924]]}}, {"id": "46888", "type": "Feature", "properties": {}, "geometry": {"type": "LineString", "coordinates": [[-92.81469295064643, 40.755928167726466], [-92.80283974784614, 40.753633368538566]]}}, {"id": "46889", "type": "Feature", "properties": {}, "geometry": {"type": "LineString", "coordinates": [[-92.82070981970709, 40.75760136764128], [-92.81469295064643, 40.755928167726466]]}}, {"id": "46890", "type": "Feature", "properties": {}, "geometry": {"type": "LineString", "coordinates": [[-92.8198625529856, 40.76316116887977], [-92.81508035180767, 40.76022996886816], [-92.82070981970709, 40.75760136764128]]}}, {"id": "46891", "type": "Feature", "properties": {}, "geometry": {"type": "LineString", "coordinates": [[-92.81642981899377, 40.76553916931773], [-92.8198625529856, 40.76316116887977]]}}, {"id": "46892", "type": "Feature", "properties": {}, "geometry": {"type": "LineString", "coordinates": [[-92.81922215390102, 40.77332023735365], [-92.81642981899377, 40.76553916931773]]}}, {"id": "46893", "type": "Feature", "properties": {}, "geometry": {"type": "LineString", "coordinates": [[-92.81922182062605, 40.7736634370451], [-92.81922215390102, 40.77332023735365]]}}, {"id": "46894", "type": "Feature", "properties": {}, "geometry": {"type": "LineString", "coordinates": [[-92.81960742156346, 40.7802993716526], [-92.81922182062605, 40.7736634370451]]}}, {"id": "46895", "type": "Feature", "properties": {}, "geometry": {"type": "LineString", "coordinates": [[-92.82026902178706, 40.78116903864871], [-92.81960742156346, 40.7802993716526]]}}, {"id": "46896", "type": "Feature", "properties": {}, "geometry": {"type": "LineString", "coordinates": [[-92.8318284251838, 40.78110517136852], [-92.82026902178706, 40.78116903864871]]}}, {"id": "46897", "type": "Feature", "properties": {}, "geometry": {"type": "LineString", "coordinates": [[-92.8401954280632, 40.78399077137067], [-92.8318284251838, 40.78110517136852]]}}, {"id": "46898", "type": "Feature", "properties": {}, "geometry": {"type": "LineString", "coordinates": [[-92.84726616378424, 40.79241317192538], [-92.8401954280632, 40.78399077137067]]}}, {"id": "46899", "type": "Feature", "properties": {}, "geometry": {"type": "LineString", "coordinates": [[-92.86349443510605, 40.7907451706326], [-92.84726616378424, 40.79241317192538]]}}, {"id": "46900", "type": "Feature", "properties": {}, "geometry": {"type": "LineString", "coordinates": [[-92.87056903717607, 40.79710657143196], [-92.86349443510605, 40.7907451706326]]}}, {"id": "46901", "type": "Feature", "properties": {}, "geometry": {"type": "LineString", "coordinates": [[-92.87638023964736, 40.79996663839951], [-92.87056903717607, 40.79710657143196]]}}, {"id": "46902", "type": "Feature", "properties": {}, "geometry": {"type": "LineString", "coordinates": [[-92.87629004070799, 40.81792864128242], [-92.88333717588989, 40.811544239490225], [-92.87638023964736, 40.79996663839951]]}}, {"id": "47146", "type": "Feature", "properties": {}, "geometry": {"type": "LineString", "coordinates": [[-92.78080813790501, 40.71459323017779], [-92.77495473527664, 40.70767822875739]]}}, {"id": "47716", "type": "Feature", "properties": {}, "geometry": {"type": "LineString", "coordinates": [[-92.89021906328034, 40.82132699513659], [-92.87629004070799, 40.81792864128242]]}}, {"id": "47772", "type": "Feature", "properties": {}, "geometry": {"type": "LineString", "coordinates": [[-92.81922182062605, 40.7736634370451], [-92.81922215390102, 40.77332023735365]]}}, {"id": "47821", "type": "Feature", "properties": {}, "geometry": {"type": "LineString", "coordinates": [[-92.79630594325525, 40.73107956472701], [-92.79635240861332, 40.71735042923956], [-92.78122913785451, 40.71459362986284]]}}, {"id": "47825", "type": "Feature", "properties": {}, "geometry": {"type": "LineString", "coordinates": [[-92.77495473527664, 40.70767822875739], [-92.7745340021268, 40.70744902911158]]}}, {"id": "47826", "type": "Feature", "properties": {}, "geometry": {"type": "LineString", "coordinates": [[-92.77378400139102, 40.70630422915002], [-92.77212119913888, 40.692779626584105]]}}, {"id": "47831", "type": "Feature", "properties": {}, "geometry": {"type": "LineString", "coordinates": [[-92.77212119913888, 40.692779626584105], [-92.76517572899262, 40.675314624315824]]}}, {"id": "47856", "type": "Feature", "properties": {}, "geometry": {"type": "LineString", "coordinates": [[-92.7571909934026, 40.669746556970416], [-92.76987719588104, 40.667127022583045], [-92.7705535284753, 40.657494354631645]]}}, {"id": "48089", "type": "Feature", "properties": {}, "geometry": {"type": "LineString", "coordinates": [[-96.0876411927167, 41.56553055863393], [-96.09590059269641, 41.54513455445535]]}}, {"id": "48090", "type": "Feature", "properties": {}, "geometry": {"type": "LineString", "coordinates": [[-96.08519099286349, 41.56734609223592], [-96.0876411927167, 41.56553055863393]]}}, {"id": "48099", "type": "Feature", "properties": {}, "geometry": {"type": "LineString", "coordinates": [[-96.09367646376593, 41.5889817616674], [-96.08139939269543, 41.57929516079635], [-96.08519099286349, 41.56734609223592]]}}, {"id": "48100", "type": "Feature", "properties": {}, "geometry": {"type": "LineString", "coordinates": [[-96.11442480427252, 41.60328869601498], [-96.09367646376593, 41.5889817616674]]}}, {"id": "48101", "type": "Feature", "properties": {}, "geometry": {"type": "LineString", "coordinates": [[-96.11800074050042, 41.61654609714791], [-96.11442480427252, 41.60328869601498]]}}, {"id": "48102", "type": "Feature", "properties": {}, "geometry": {"type": "LineString", "coordinates": [[-96.12081434841193, 41.67796990670098], [-96.09791900652851, 41.658973105074125], [-96.09569600408538, 41.64321150304922]]}}, {"id": "48103", "type": "Feature", "properties": {}, "geometry": {"type": "LineString", "coordinates": [[-96.00395112610202, 41.754997192591915], [-96.09757054913148, 41.737701717359286]]}}, {"id": "48104", "type": "Feature", "properties": {}, "geometry": {"type": "LineString", "coordinates": [[-95.98037352184517, 41.77540539722353], [-95.99156572449648, 41.76677599559114]]}}, {"id": "48105", "type": "Feature", "properties": {}, "geometry": {"type": "LineString", "coordinates": [[-95.97484992130029, 41.77787939826894], [-95.98037352184517, 41.77540539722353]]}}, {"id": "48106", "type": "Feature", "properties": {}, "geometry": {"type": "LineString", "coordinates": [[-95.9691421194098, 41.78012473247187], [-95.97484992130029, 41.77787939826894]]}}, {"id": "48107", "type": "Feature", "properties": {}, "geometry": {"type": "LineString", "coordinates": [[-95.96093811853363, 41.788658400796855], [-95.9691421194098, 41.78012473247187]]}}, {"id": "48108", "type": "Feature", "properties": {}, "geometry": {"type": "LineString", "coordinates": [[-95.95737438502056, 41.79636533563965], [-95.96093811853363, 41.788658400796855]]}}, {"id": "48109", "type": "Feature", "properties": {}, "geometry": {"type": "LineString", "coordinates": [[-95.95691918530989, 41.79869760276231], [-95.95737438502056, 41.79636533563965]]}}, {"id": "48110", "type": "Feature", "properties": {}, "geometry": {"type": "LineString", "coordinates": [[-95.94740418400642, 41.81308380560726], [-95.95691918530989, 41.79869760276231]]}}, {"id": "48111", "type": "Feature", "properties": {}, "geometry": {"type": "LineString", "coordinates": [[-95.94013231549326, 41.81384280623908], [-95.94740418400642, 41.81308380560726]]}}, {"id": "48112", "type": "Feature", "properties": {}, "geometry": {"type": "LineString", "coordinates": [[-95.93933838264853, 41.8144605397408], [-95.94013231549326, 41.81384280623908]]}}, {"id": "48113", "type": "Feature", "properties": {}, "geometry": {"type": "LineString", "coordinates": [[-95.93393958235113, 41.82479700799798], [-95.93933838264853, 41.8144605397408]]}}, {"id": "48114", "type": "Feature", "properties": {}, "geometry": {"type": "LineString", "coordinates": [[-95.93061918268556, 41.836618010219155], [-95.93393958235113, 41.82479700799798]]}}, {"id": "48115", "type": "Feature", "properties": {}, "geometry": {"type": "LineString", "coordinates": [[-95.9287271824752, 41.84018541084286], [-95.93061918268556, 41.836618010219155]]}}, {"id": "48116", "type": "Feature", "properties": {}, "geometry": {"type": "LineString", "coordinates": [[-95.92057198167853, 41.849379612581835], [-95.9287271824752, 41.84018541084286]]}}, {"id": "48117", "type": "Feature", "properties": {}, "geometry": {"type": "LineString", "coordinates": [[-95.9023579790313, 41.86694395016454], [-95.90632731177662, 41.855283347491515], [-95.92057198167853, 41.849379612581835]]}}, {"id": "48118", "type": "Feature", "properties": {}, "geometry": {"type": "LineString", "coordinates": [[-95.89281937718867, 41.87611381824444], [-95.9023579790313, 41.86694395016454]]}}, {"id": "48119", "type": "Feature", "properties": {}, "geometry": {"type": "LineString", "coordinates": [[-95.89058697657104, 41.87794335251286], [-95.89281937718867, 41.87611381824444]]}}, {"id": "48120", "type": "Feature", "properties": {}, "geometry": {"type": "LineString", "coordinates": [[-95.88642951055408, 41.886997220776124], [-95.89058697657104, 41.87794335251286]]}}, {"id": "48121", "type": "Feature", "properties": {}, "geometry": {"type": "LineString", "coordinates": [[-95.88456477690751, 41.89278155514819], [-95.88642951055408, 41.886997220776124]]}}, {"id": "48124", "type": "Feature", "properties": {}, "geometry": {"type": "LineString", "coordinates": [[-95.85509650431102, 41.912146226522076], [-95.85362770402425, 41.91072875974825]]}}, {"id": "48125", "type": "Feature", "properties": {}, "geometry": {"type": "LineString", "coordinates": [[-95.8546065712399, 41.912534959654316], [-95.85509650431102, 41.912146226522076]]}}, {"id": "48126", "type": "Feature", "properties": {}, "geometry": {"type": "LineString", "coordinates": [[-95.84465730276851, 41.919437761652134], [-95.8546065712399, 41.912534959654316]]}}, {"id": "48127", "type": "Feature", "properties": {}, "geometry": {"type": "LineString", "coordinates": [[-95.82484496546547, 41.93132083138003], [-95.84465730276851, 41.919437761652134]]}}, {"id": "48128", "type": "Feature", "properties": {}, "geometry": {"type": "LineString", "coordinates": [[-95.81917849775613, 41.93474803207373], [-95.82484496546547, 41.93132083138003]]}}, {"id": "48129", "type": "Feature", "properties": {}, "geometry": {"type": "LineString", "coordinates": [[-95.8186266977114, 41.93577663276898], [-95.81917849775613, 41.93474803207373]]}}, {"id": "48130", "type": "Feature", "properties": {}, "geometry": {"type": "LineString", "coordinates": [[-95.81743116403574, 41.93762796650158], [-95.8186266977114, 41.93577663276898]]}}, {"id": "48131", "type": "Feature", "properties": {}, "geometry": {"type": "LineString", "coordinates": [[-95.81124249666858, 41.94187763400743], [-95.81743116403574, 41.93762796650158]]}}, {"id": "48132", "type": "Feature", "properties": {}, "geometry": {"type": "LineString", "coordinates": [[-95.81053756351231, 41.942563167591196], [-95.81124249666858, 41.94187763400743]]}}, {"id": "48133", "type": "Feature", "properties": {}, "geometry": {"type": "LineString", "coordinates": [[-95.80583809717203, 41.95847303691701], [-95.81053756351231, 41.942563167591196]]}}, {"id": "48134", "type": "Feature", "properties": {}, "geometry": {"type": "LineString", "coordinates": [[-95.806448697342, 41.960622370602096], [-95.80583809717203, 41.95847303691701]]}}, {"id": "48135", "type": "Feature", "properties": {}, "geometry": {"type": "LineString", "coordinates": [[-95.8027392966157, 41.96395843760363], [-95.806448697342, 41.960622370602096]]}}, {"id": "48136", "type": "Feature", "properties": {}, "geometry": {"type": "LineString", "coordinates": [[-95.7928969617991, 41.972457572933244], [-95.8027392966157, 41.96395843760363]]}}, {"id": "48137", "type": "Feature", "properties": {}, "geometry": {"type": "LineString", "coordinates": [[-95.77318375807924, 41.982434842598046], [-95.7928969617991, 41.972457572933244]]}}, {"id": "48138", "type": "Feature", "properties": {}, "geometry": {"type": "LineString", "coordinates": [[-95.77314569196909, 41.98787617678268], [-95.77318375807924, 41.982434842598046]]}}, {"id": "48139", "type": "Feature", "properties": {}, "geometry": {"type": "LineString", "coordinates": [[-95.77277335914842, 41.99103084366141], [-95.77314569196909, 41.98787617678268]]}}, {"id": "48140", "type": "Feature", "properties": {}, "geometry": {"type": "LineString", "coordinates": [[-95.76332255684505, 42.00000137955213], [-95.77277335914842, 41.99103084366141]]}}, {"id": "48141", "type": "Feature", "properties": {}, "geometry": {"type": "LineString", "coordinates": [[-95.76292409023615, 42.00089717926488], [-95.76332255684505, 42.00000137955213]]}}, {"id": "48142", "type": "Feature", "properties": {}, "geometry": {"type": "LineString", "coordinates": [[-95.75703015652046, 42.00573818037303], [-95.76292409023615, 42.00089717926488]]}}, {"id": "48143", "type": "Feature", "properties": {}, "geometry": {"type": "LineString", "coordinates": [[-95.75632468976491, 42.00601178079001], [-95.75703015652046, 42.00573818037303]]}}, {"id": "48144", "type": "Feature", "properties": {}, "geometry": {"type": "LineString", "coordinates": [[-95.74656088746708, 42.01294518255021], [-95.75632468976491, 42.00601178079001]]}}, {"id": "48145", "type": "Feature", "properties": {}, "geometry": {"type": "LineString", "coordinates": [[-95.7454284873896, 42.01395244947316], [-95.74656088746708, 42.01294518255021]]}}, {"id": "48146", "type": "Feature", "properties": {}, "geometry": {"type": "LineString", "coordinates": [[-95.74371528695507, 42.01587464983302], [-95.7454284873896, 42.01395244947316]]}}, {"id": "48147", "type": "Feature", "properties": {}, "geometry": {"type": "LineString", "coordinates": [[-95.7409117545478, 42.02520558469698], [-95.74371528695507, 42.01587464983302]]}}, {"id": "48148", "type": "Feature", "properties": {}, "geometry": {"type": "LineString", "coordinates": [[-95.73932515458456, 42.029596785308314], [-95.7409117545478, 42.02520558469698]]}}, {"id": "48149", "type": "Feature", "properties": {}, "geometry": {"type": "LineString", "coordinates": [[-95.73375468713469, 42.03570678668067], [-95.73932515458456, 42.029596785308314]]}}, {"id": "48150", "type": "Feature", "properties": {}, "geometry": {"type": "LineString", "coordinates": [[-95.7269819522378, 42.038662387310765], [-95.73375468713469, 42.03570678668067]]}}, {"id": "48151", "type": "Feature", "properties": {}, "geometry": {"type": "LineString", "coordinates": [[-95.71947175079828, 42.04111525539329], [-95.7269819522378, 42.038662387310765]]}}, {"id": "48291", "type": "Feature", "properties": {}, "geometry": {"type": "LineString", "coordinates": [[-96.06757328202036, 41.80212512927301], [-96.06484041199164, 41.782982526206624], [-96.0938189500447, 41.75906652108735]]}}, {"id": "48292", "type": "Feature", "properties": {}, "geometry": {"type": "LineString", "coordinates": [[-96.09202322318164, 41.81224512893909], [-96.07912141874682, 41.80975119583764]]}}, {"id": "48296", "type": "Feature", "properties": {}, "geometry": {"type": "LineString", "coordinates": [[-96.14448271934342, 41.943026945374456], [-96.13636984806128, 41.92457701003745]]}}, {"id": "48297", "type": "Feature", "properties": {}, "geometry": {"type": "LineString", "coordinates": [[-96.14195378664716, 41.95366721359345], [-96.14448271934342, 41.943026945374456]]}}, {"id": "48298", "type": "Feature", "properties": {}, "geometry": {"type": "LineString", "coordinates": [[-96.31274672025218, 42.13503762998603], [-96.27055790707549, 42.11623162975115], [-96.26641623703448, 42.10297216167641], [-96.2748701043069, 42.08580635795682]]}}, {"id": "48299", "type": "Feature", "properties": {}, "geometry": {"type": "LineString", "coordinates": [[-96.33335160519778, 42.236509243375934], [-96.35926891473127, 42.220161920870815]]}}, {"id": "48300", "type": "Feature", "properties": {}, "geometry": {"type": "LineString", "coordinates": [[-96.33158174083175, 42.259298847238796], [-96.33335160519778, 42.236509243375934]]}}, {"id": "48301", "type": "Feature", "properties": {}, "geometry": {"type": "LineString", "coordinates": [[-96.36761408675264, 42.289874849199286], [-96.33158174083175, 42.259298847238796]]}}, {"id": "48302", "type": "Feature", "properties": {}, "geometry": {"type": "LineString", "coordinates": [[-96.40496216901903, 42.3354627870311], [-96.37253555824064, 42.315401852380035], [-96.36761408675264, 42.289874849199286]]}}, {"id": "48303", "type": "Feature", "properties": {}, "geometry": {"type": "LineString", "coordinates": [[-96.4114935050395, 42.34107658736], [-96.40496216901903, 42.3354627870311]]}}, {"id": "48304", "type": "Feature", "properties": {}, "geometry": {"type": "LineString", "coordinates": [[-96.38607131455127, 42.475013208987804], [-96.38059637664367, 42.44522527166109], [-96.4142835142085, 42.40755579722925], [-96.40881277592484, 42.37964985949469], [-96.4136959755885, 42.36636185771602]]}}, {"id": "48305", "type": "Feature", "properties": {}, "geometry": {"type": "LineString", "coordinates": [[-96.39245198423399, 42.48225747628007], [-96.38607131455127, 42.475013208987804]]}}, {"id": "48306", "type": "Feature", "properties": {}, "geometry": {"type": "LineString", "coordinates": [[-96.41047732270528, 42.48771200900145], [-96.39245198423399, 42.48225747628007]]}}, {"id": "48316", "type": "Feature", "properties": {}, "geometry": {"type": "LineString", "coordinates": [[-96.4457935990553, 42.48996360727459], [-96.41047732270528, 42.48771200900145]]}}, {"id": "48426", "type": "Feature", "properties": {}, "geometry": {"type": "LineString", "coordinates": [[-96.00395112610202, 41.754997192591915], [-96.00751319234195, 41.74593212438792], [-96.00029698973199, 41.73696232390812]]}}, {"id": "48427", "type": "Feature", "properties": {}, "geometry": {"type": "LineString", "coordinates": [[-96.00029698973199, 41.73696232390812], [-95.99219558634279, 41.730982390118115]]}}, {"id": "48742", "type": "Feature", "properties": {}, "geometry": {"type": "LineString", "coordinates": [[-95.62311716703616, 40.65215377903192], [-95.6233739675281, 40.652264379414014]]}}, {"id": "48743", "type": "Feature", "properties": {}, "geometry": {"type": "LineString", "coordinates": [[-95.60549036344571, 40.659882981707874], [-95.62311716703616, 40.65215377903192]]}}, {"id": "48762", "type": "Feature", "properties": {}, "geometry": {"type": "LineString", "coordinates": [[-95.35320811080629, 40.796715819067124], [-95.35722171163052, 40.79288908508067]]}}, {"id": "48764", "type": "Feature", "properties": {}, "geometry": {"type": "LineString", "coordinates": [[-95.35722171163052, 40.79288908508067], [-95.3639224465574, 40.79109108439846]]}}, {"id": "48766", "type": "Feature", "properties": {}, "geometry": {"type": "LineString", "coordinates": [[-95.18298390060765, 41.124067481649355], [-95.18982763564966, 41.117071546582665]]}}, {"id": "48767", "type": "Feature", "properties": {}, "geometry": {"type": "LineString", "coordinates": [[-95.18982763564966, 41.117071546582665], [-95.19079550209634, 41.11326387899789]]}}, {"id": "48769", "type": "Feature", "properties": {}, "geometry": {"type": "LineString", "coordinates": [[-95.19079550209634, 41.11326387899789], [-95.18998863530814, 41.112673545654815]]}}, {"id": "48780", "type": "Feature", "properties": {}, "geometry": {"type": "LineString", "coordinates": [[-95.64625750105711, 40.6034057701855], [-95.63806829633201, 40.57862616671524]]}}, {"id": "48781", "type": "Feature", "properties": {}, "geometry": {"type": "LineString", "coordinates": [[-95.63264176594011, 40.61960504010377], [-95.64625750105711, 40.6034057701855]]}}, {"id": "48782", "type": "Feature", "properties": {}, "geometry": {"type": "LineString", "coordinates": [[-95.6310187680382, 40.642974577443034], [-95.62458216475432, 40.62895617550918], [-95.63264176594011, 40.61960504010377]]}}, {"id": "48852", "type": "Feature", "properties": {}, "geometry": {"type": "LineString", "coordinates": [[-95.6233739675281, 40.652264379414014], [-95.62576150090707, 40.64963624552307]]}}, {"id": "48853", "type": "Feature", "properties": {}, "geometry": {"type": "LineString", "coordinates": [[-95.62576150090707, 40.64963624552307], [-95.6310187680382, 40.642974577443034]]}}, {"id": "49932", "type": "Feature", "properties": {}, "geometry": {"type": "LineString", "coordinates": [[-93.00020908041704, 40.868458441685924], [-92.9928536784639, 40.86838477567753]]}}, {"id": "49937", "type": "Feature", "properties": {}, "geometry": {"type": "LineString", "coordinates": [[-92.9928536784639, 40.86838477567753], [-92.96113826838756, 40.85387264184502]]}}, {"id": "49938", "type": "Feature", "properties": {}, "geometry": {"type": "LineString", "coordinates": [[-92.96113826838756, 40.85387264184502], [-92.95210066506372, 40.84977904195726]]}}, {"id": "49939", "type": "Feature", "properties": {}, "geometry": {"type": "LineString", "coordinates": [[-92.95210066506372, 40.84977904195726], [-92.92709245778428, 40.84705117649027]]}}, {"id": "49941", "type": "Feature", "properties": {}, "geometry": {"type": "LineString", "coordinates": [[-92.92709245778428, 40.84705117649027], [-92.89940364984925, 40.844378043754595]]}}, {"id": "49946", "type": "Feature", "properties": {}, "geometry": {"type": "LineString", "coordinates": [[-92.89940364984925, 40.844378043754595], [-92.89038329867047, 40.83718635270444]]}}, {"id": "49969", "type": "Feature", "properties": {}, "geometry": {"type": "LineString", "coordinates": [[-93.00425688190074, 40.868153441963564], [-93.00020908041704, 40.868458441685924]]}}, {"id": "49997", "type": "Feature", "properties": {}, "geometry": {"type": "LineString", "coordinates": [[-92.89038329867047, 40.83718635270444], [-92.87274624260769, 40.83734637762055]]}}, {"id": "49998", "type": "Feature", "properties": {}, "geometry": {"type": "LineString", "coordinates": [[-92.88758360835767, 40.82730284083928], [-92.89021906328034, 40.82132699513659]]}}, {"id": "49999", "type": "Feature", "properties": {}, "geometry": {"type": "LineString", "coordinates": [[-92.89038329867047, 40.83718635270444], [-92.88758360835767, 40.82730284083928]]}}, {"id": "50241", "type": "Feature", "properties": {}, "geometry": {"type": "LineString", "coordinates": [[-95.85509650431102, 41.912146226522076], [-95.87936497680175, 41.90112662305024]]}}, {"id": "50243", "type": "Feature", "properties": {}, "geometry": {"type": "LineString", "coordinates": [[-95.87936497680175, 41.90112662305024], [-95.88456477690751, 41.89278155514819]]}}, {"id": "50266", "type": "Feature", "properties": {}, "geometry": {"type": "LineString", "coordinates": [[-96.09095921184675, 41.72114751542229], [-96.07695694064614, 41.71695731529417]]}}, {"id": "50271", "type": "Feature", "properties": {}, "geometry": {"type": "LineString", "coordinates": [[-96.09418293661805, 41.643693903500676], [-96.09656660274973, 41.632423901123055]]}}, {"id": "50272", "type": "Feature", "properties": {}, "geometry": {"type": "LineString", "coordinates": [[-96.09431800371092, 41.64359576960515], [-96.09418293661805, 41.643693903500676]]}}, {"id": "50273", "type": "Feature", "properties": {}, "geometry": {"type": "LineString", "coordinates": [[-96.09569600408538, 41.64321150304922], [-96.09431800371092, 41.64359576960515]]}}, {"id": "50274", "type": "Feature", "properties": {}, "geometry": {"type": "LineString", "coordinates": [[-96.09656660274973, 41.632423901123055], [-96.09805780342643, 41.63578496833918]]}}, {"id": "50275", "type": "Feature", "properties": {}, "geometry": {"type": "LineString", "coordinates": [[-96.09805780342643, 41.63578496833918], [-96.09848420404741, 41.63633376818786]]}}, {"id": "50276", "type": "Feature", "properties": {}, "geometry": {"type": "LineString", "coordinates": [[-96.09848420404741, 41.63633376818786], [-96.09958093741484, 41.63670310205394]]}}, {"id": "50289", "type": "Feature", "properties": {}, "geometry": {"type": "LineString", "coordinates": [[-96.07912141874682, 41.80975119583764], [-96.06757328202036, 41.80212512927301]]}}, {"id": "50292", "type": "Feature", "properties": {}, "geometry": {"type": "LineString", "coordinates": [[-96.07935001932539, 41.810926396577955], [-96.07912141874682, 41.80975119583764]]}}, {"id": "50298", "type": "Feature", "properties": {}, "geometry": {"type": "LineString", "coordinates": [[-96.0002969250533, 41.7572793935704], [-96.00395112610202, 41.754997192591915]]}}, {"id": "50303", "type": "Feature", "properties": {}, "geometry": {"type": "LineString", "coordinates": [[-96.14019938767704, 41.96925001641206], [-96.1381396531385, 41.95986614851866]]}}, {"id": "50304", "type": "Feature", "properties": {}, "geometry": {"type": "LineString", "coordinates": [[-96.1381396531385, 41.95986614851866], [-96.14195378664716, 41.95366721359345]]}}, {"id": "50305", "type": "Feature", "properties": {}, "geometry": {"type": "LineString", "coordinates": [[-96.13636984806128, 41.92457701003745], [-96.13789144772718, 41.92032054230357]]}}, {"id": "50308", "type": "Feature", "properties": {}, "geometry": {"type": "LineString", "coordinates": [[-96.09569600408538, 41.64321150304922], [-96.09958093741484, 41.63670310205394]]}}, {"id": "50313", "type": "Feature", "properties": {}, "geometry": {"type": "LineString", "coordinates": [[-96.09958093741484, 41.63670310205394], [-96.11800074050042, 41.61654609714791]]}}, {"id": "50314", "type": "Feature", "properties": {}, "geometry": {"type": "LineString", "coordinates": [[-95.99156572449648, 41.76677599559114], [-96.0002969250533, 41.7572793935704]]}}, {"id": "50315", "type": "Feature", "properties": {}, "geometry": {"type": "LineString", "coordinates": [[-96.13789144772718, 41.92032054230357], [-96.16198905256604, 41.90289793785564], [-96.14254757664321, 41.869509201311836], [-96.11075163260165, 41.84951900034425], [-96.10936996350753, 41.83462959799959]]}}, {"id": "50319", "type": "Feature", "properties": {}, "geometry": {"type": "LineString", "coordinates": [[-96.35986214238196, 42.211776237927005], [-96.34765413648546, 42.19403323652762], [-96.34751746679812, 42.16661883193878], [-96.32475505850879, 42.15065503133917]]}}, {"id": "50341", "type": "Feature", "properties": {}, "geometry": {"type": "LineString", "coordinates": [[-96.33497337689934, 42.54852062350092], [-96.33945857797637, 42.545230222171426]]}}, {"id": "50342", "type": "Feature", "properties": {}, "geometry": {"type": "LineString", "coordinates": [[-96.32936857673764, 42.55951469198749], [-96.33497337689934, 42.54852062350092]]}}, {"id": "50343", "type": "Feature", "properties": {}, "geometry": {"type": "LineString", "coordinates": [[-96.30212410608483, 42.585058097461754], [-96.31903037547747, 42.5696372272395], [-96.3173045743744, 42.56321229344539], [-96.32936857673764, 42.55951469198749]]}}, {"id": "50344", "type": "Feature", "properties": {}, "geometry": {"type": "LineString", "coordinates": [[-96.29753510557504, 42.59301049900883], [-96.30212410608483, 42.585058097461754]]}}, {"id": "50345", "type": "Feature", "properties": {}, "geometry": {"type": "LineString", "coordinates": [[-96.29774877256031, 42.59511389950243], [-96.29753510557504, 42.59301049900883]]}}, {"id": "50346", "type": "Feature", "properties": {}, "geometry": {"type": "LineString", "coordinates": [[-96.29229177221231, 42.6032483005932], [-96.29774877256031, 42.59511389950243]]}}, {"id": "50347", "type": "Feature", "properties": {}, "geometry": {"type": "LineString", "coordinates": [[-96.28524777215075, 42.61590743667548], [-96.29229177221231, 42.6032483005932]]}}, {"id": "50348", "type": "Feature", "properties": {}, "geometry": {"type": "LineString", "coordinates": [[-96.2832189064203, 42.62678723864784], [-96.28524777215075, 42.61590743667548]]}}, {"id": "50349", "type": "Feature", "properties": {}, "geometry": {"type": "LineString", "coordinates": [[-96.2810185082847, 42.64729130844208], [-96.2832189064203, 42.62678723864784]]}}, {"id": "50350", "type": "Feature", "properties": {}, "geometry": {"type": "LineString", "coordinates": [[-96.26800730701456, 42.66682444527503], [-96.27327410616917, 42.648838509234615], [-96.2810185082847, 42.64729130844208]]}}, {"id": "50351", "type": "Feature", "properties": {}, "geometry": {"type": "LineString", "coordinates": [[-96.25738217307287, 42.6821751147609], [-96.26800730701456, 42.66682444527503]]}}, {"id": "50352", "type": "Feature", "properties": {}, "geometry": {"type": "LineString", "coordinates": [[-96.25332497341464, 42.695978050472604], [-96.25738217307287, 42.6821751147609]]}}, {"id": "50353", "type": "Feature", "properties": {}, "geometry": {"type": "LineString", "coordinates": [[-96.25139070747015, 42.70203365154288], [-96.25332497341464, 42.695978050472604]]}}, {"id": "50354", "type": "Feature", "properties": {}, "geometry": {"type": "LineString", "coordinates": [[-96.24473250687366, 42.71231605349533], [-96.25139070747015, 42.70203365154288]]}}, {"id": "50355", "type": "Feature", "properties": {}, "geometry": {"type": "LineString", "coordinates": [[-96.2403485073016, 42.72313285530464], [-96.24473250687366, 42.71231605349533]]}}, {"id": "50356", "type": "Feature", "properties": {}, "geometry": {"type": "LineString", "coordinates": [[-96.20892650047178, 42.73700945984787], [-96.2403485073016, 42.72313285530464]]}}, {"id": "50357", "type": "Feature", "properties": {}, "geometry": {"type": "LineString", "coordinates": [[-96.16890076492224, 42.80463287271024], [-96.20137230314292, 42.77807746653889], [-96.20892650047178, 42.73700945984787]]}}, {"id": "50955", "type": "Feature", "properties": {}, "geometry": {"type": "LineString", "coordinates": [[-96.39173391770827, 42.48321067601621], [-96.39245198423399, 42.48225747628007]]}}, {"id": "50956", "type": "Feature", "properties": {}, "geometry": {"type": "LineString", "coordinates": [[-96.38632538506309, 42.50000621230535], [-96.39173391770827, 42.48321067601621]]}}, {"id": "50957", "type": "Feature", "properties": {}, "geometry": {"type": "LineString", "coordinates": [[-96.33945857797637, 42.545230222171426], [-96.3696357839271, 42.52927901798148], [-96.38632538506309, 42.50000621230535]]}}, {"id": "50981", "type": "Feature", "properties": {}, "geometry": {"type": "LineString", "coordinates": [[-96.00541980421792, 41.8492535400827], [-96.02971460722794, 41.81782100082966], [-96.05451001259974, 41.80830673102707]]}}, {"id": "50982", "type": "Feature", "properties": {}, "geometry": {"type": "LineString", "coordinates": [[-96.05451001259974, 41.80830673102707], [-96.06757328202036, 41.80212512927301]]}}, {"id": "50983", "type": "Feature", "properties": {}, "geometry": {"type": "LineString", "coordinates": [[-95.97489594378892, 41.97107496056884], [-95.97325573596278, 41.907135817908355], [-95.99528353974205, 41.889099213949706], [-95.99715740566177, 41.877735411786205]]}}, {"id": "50984", "type": "Feature", "properties": {}, "geometry": {"type": "LineString", "coordinates": [[-95.98281094855332, 41.99346996393295], [-95.97489594378892, 41.97107496056884]]}}, {"id": "50985", "type": "Feature", "properties": {}, "geometry": {"type": "LineString", "coordinates": [[-96.01570736744551, 42.07808684129075], [-96.00633522971326, 42.058311771867444]]}}, {"id": "50986", "type": "Feature", "properties": {}, "geometry": {"type": "LineString", "coordinates": [[-96.00156716622124, 42.0973634447105], [-96.01570736744551, 42.07808684129075]]}}, {"id": "50987", "type": "Feature", "properties": {}, "geometry": {"type": "LineString", "coordinates": [[-95.99524896807833, 42.131533850166065], [-95.99921836819732, 42.12041958150647]]}}, {"id": "50988", "type": "Feature", "properties": {}, "geometry": {"type": "LineString", "coordinates": [[-95.99359876829129, 42.13565045142301], [-95.99524896807833, 42.131533850166065]]}}, {"id": "50989", "type": "Feature", "properties": {}, "geometry": {"type": "LineString", "coordinates": [[-95.99063276837838, 42.142374452450504], [-95.99359876829129, 42.13565045142301]]}}, {"id": "50990", "type": "Feature", "properties": {}, "geometry": {"type": "LineString", "coordinates": [[-95.98992796817275, 42.14319818617001], [-95.99063276837838, 42.142374452450504]]}}, {"id": "50991", "type": "Feature", "properties": {}, "geometry": {"type": "LineString", "coordinates": [[-95.98471976792077, 42.150427386998885], [-95.98992796817275, 42.14319818617001]]}}, {"id": "50993", "type": "Feature", "properties": {}, "geometry": {"type": "LineString", "coordinates": [[-95.9817778338743, 42.154385054483654], [-95.97203783154161, 42.15359438895652], [-95.98155543346783, 42.150361854101455]]}}, {"id": "50994", "type": "Feature", "properties": {}, "geometry": {"type": "LineString", "coordinates": [[-95.9782226334581, 42.15918918928454], [-95.9817778338743, 42.154385054483654]]}}, {"id": "50995", "type": "Feature", "properties": {}, "geometry": {"type": "LineString", "coordinates": [[-95.97708896675606, 42.16097338926927], [-95.9782226334581, 42.15918918928454]]}}, {"id": "50996", "type": "Feature", "properties": {}, "geometry": {"type": "LineString", "coordinates": [[-95.96874676636166, 42.17014785780812], [-95.97708896675606, 42.16097338926927]]}}, {"id": "50997", "type": "Feature", "properties": {}, "geometry": {"type": "LineString", "coordinates": [[-95.96825576609199, 42.17051405810854], [-95.96874676636166, 42.17014785780812]]}}, {"id": "50999", "type": "Feature", "properties": {}, "geometry": {"type": "LineString", "coordinates": [[-95.96304016551869, 42.176005059337186], [-95.9619921648571, 42.173925658719206]]}}, {"id": "51000", "type": "Feature", "properties": {}, "geometry": {"type": "LineString", "coordinates": [[-95.95589036457793, 42.18355466091195], [-95.96304016551869, 42.176005059337186]]}}, {"id": "51001", "type": "Feature", "properties": {}, "geometry": {"type": "LineString", "coordinates": [[-95.93421362780158, 42.20441826521185], [-95.95589036457793, 42.18355466091195]]}}, {"id": "51002", "type": "Feature", "properties": {}, "geometry": {"type": "LineString", "coordinates": [[-95.9287469597845, 42.21036526662048], [-95.93421362780158, 42.20441826521185]]}}, {"id": "51003", "type": "Feature", "properties": {}, "geometry": {"type": "LineString", "coordinates": [[-95.92807222708976, 42.212148666976205], [-95.9287469597845, 42.21036526662048]]}}, {"id": "51004", "type": "Feature", "properties": {}, "geometry": {"type": "LineString", "coordinates": [[-95.92755756070392, 42.22005860134015], [-95.92807222708976, 42.212148666976205]]}}, {"id": "51005", "type": "Feature", "properties": {}, "geometry": {"type": "LineString", "coordinates": [[-95.9182194269001, 42.2328880710096], [-95.92755756070392, 42.22005860134015]]}}, {"id": "51006", "type": "Feature", "properties": {}, "geometry": {"type": "LineString", "coordinates": [[-95.91404376011714, 42.24223980554211], [-95.9182194269001, 42.2328880710096]]}}, {"id": "51007", "type": "Feature", "properties": {}, "geometry": {"type": "LineString", "coordinates": [[-95.90952522615319, 42.24759107353621], [-95.91404376011714, 42.24223980554211]]}}, {"id": "51008", "type": "Feature", "properties": {}, "geometry": {"type": "LineString", "coordinates": [[-95.9043331587454, 42.25529867489903], [-95.90952522615319, 42.24759107353621]]}}, {"id": "51009", "type": "Feature", "properties": {}, "geometry": {"type": "LineString", "coordinates": [[-95.88713655744621, 42.27669881292467], [-95.9043331587454, 42.25529867489903]]}}, {"id": "51010", "type": "Feature", "properties": {}, "geometry": {"type": "LineString", "coordinates": [[-95.88787602453696, 42.28008208026396], [-95.88713655744621, 42.27669881292467]]}}, {"id": "51011", "type": "Feature", "properties": {}, "geometry": {"type": "LineString", "coordinates": [[-95.88960115819174, 42.28456248075822], [-95.88787602453696, 42.28008208026396]]}}, {"id": "51012", "type": "Feature", "properties": {}, "geometry": {"type": "LineString", "coordinates": [[-95.8897247591883, 42.286002614216386], [-95.88960115819174, 42.28456248075822]]}}, {"id": "51013", "type": "Feature", "properties": {}, "geometry": {"type": "LineString", "coordinates": [[-95.88486536038812, 42.309480484672584], [-95.8897247591883, 42.286002614216386]]}}, {"id": "51014", "type": "Feature", "properties": {}, "geometry": {"type": "LineString", "coordinates": [[-95.88859956449772, 42.33576908819739], [-95.88061796133309, 42.327334620795234], [-95.88486536038812, 42.309480484672584]]}}, {"id": "51015", "type": "Feature", "properties": {}, "geometry": {"type": "LineString", "coordinates": [[-95.88989596550506, 42.343061289474164], [-95.88859956449772, 42.33576908819739]]}}, {"id": "51016", "type": "Feature", "properties": {}, "geometry": {"type": "LineString", "coordinates": [[-95.88345896606413, 42.35668669156583], [-95.88989596550506, 42.343061289474164]]}}, {"id": "51017", "type": "Feature", "properties": {}, "geometry": {"type": "LineString", "coordinates": [[-95.88185643178439, 42.357852825360425], [-95.88345896606413, 42.35668669156583]]}}, {"id": "51018", "type": "Feature", "properties": {}, "geometry": {"type": "LineString", "coordinates": [[-95.87498343052874, 42.35995629276437], [-95.88185643178439, 42.357852825360425]]}}, {"id": "51019", "type": "Feature", "properties": {}, "geometry": {"type": "LineString", "coordinates": [[-95.86216056105792, 42.36445962776507], [-95.87498343052874, 42.35995629276437]]}}, {"id": "51020", "type": "Feature", "properties": {}, "geometry": {"type": "LineString", "coordinates": [[-95.85802702885506, 42.38370749723086], [-95.86216056105792, 42.36445962776507]]}}, {"id": "51038", "type": "Feature", "properties": {}, "geometry": {"type": "LineString", "coordinates": [[-95.86200403141629, 42.39504643200566], [-95.85802702885506, 42.38370749723086]]}}, {"id": "51039", "type": "Feature", "properties": {}, "geometry": {"type": "LineString", "coordinates": [[-95.85028076363362, 42.41070430223217], [-95.86200403141629, 42.39504643200566]]}}, {"id": "51040", "type": "Feature", "properties": {}, "geometry": {"type": "LineString", "coordinates": [[-95.84657643030383, 42.41847603681506], [-95.85028076363362, 42.41070430223217]]}}, {"id": "51041", "type": "Feature", "properties": {}, "geometry": {"type": "LineString", "coordinates": [[-95.84518476475726, 42.42935723859378], [-95.84657643030383, 42.41847603681506]]}}, {"id": "51042", "type": "Feature", "properties": {}, "geometry": {"type": "LineString", "coordinates": [[-95.84373396401382, 42.4309571055505], [-95.84518476475726, 42.42935723859378]]}}, {"id": "51043", "type": "Feature", "properties": {}, "geometry": {"type": "LineString", "coordinates": [[-95.83067696124063, 42.438177640597836], [-95.84373396401382, 42.4309571055505]]}}, {"id": "51044", "type": "Feature", "properties": {}, "geometry": {"type": "LineString", "coordinates": [[-95.79815287876237, 42.445204062575534], [-95.80524715483543, 42.43734390934572], [-95.83067696124063, 42.438177640597836]]}}, {"id": "51045", "type": "Feature", "properties": {}, "geometry": {"type": "LineString", "coordinates": [[-95.79684162051853, 42.44764931113164], [-95.79815287876237, 42.445204062575534]]}}, {"id": "51046", "type": "Feature", "properties": {}, "geometry": {"type": "LineString", "coordinates": [[-95.79358242127667, 42.464061113993544], [-95.78942201956535, 42.4573145133284], [-95.79684162051853, 42.44764931113164]]}}, {"id": "51047", "type": "Feature", "properties": {}, "geometry": {"type": "LineString", "coordinates": [[-95.79283695523644, 42.46803831472584], [-95.79358242127667, 42.464061113993544]]}}, {"id": "51064", "type": "Feature", "properties": {}, "geometry": {"type": "LineString", "coordinates": [[-95.79353102326935, 42.482806516935725], [-95.79887962481037, 42.47727751547852], [-95.79283695523644, 42.46803831472584]]}}, {"id": "51065", "type": "Feature", "properties": {}, "geometry": {"type": "LineString", "coordinates": [[-95.76407615084194, 42.49677532098024], [-95.79353102326935, 42.482806516935725]]}}, {"id": "51066", "type": "Feature", "properties": {}, "geometry": {"type": "LineString", "coordinates": [[-95.76289895088293, 42.50000092113103], [-95.76407615084194, 42.49677532098024]]}}, {"id": "51067", "type": "Feature", "properties": {}, "geometry": {"type": "LineString", "coordinates": [[-95.76457335308037, 42.51517312336103], [-95.75633235059766, 42.51011265655777], [-95.76289895088293, 42.50000092113103]]}}, {"id": "51068", "type": "Feature", "properties": {}, "geometry": {"type": "LineString", "coordinates": [[-95.76426061988555, 42.517276057476735], [-95.76457335308037, 42.51517312336103]]}}, {"id": "51069", "type": "Feature", "properties": {}, "geometry": {"type": "LineString", "coordinates": [[-95.76054321966164, 42.5223931246444], [-95.76426061988555, 42.517276057476735]]}}, {"id": "51070", "type": "Feature", "properties": {}, "geometry": {"type": "LineString", "coordinates": [[-95.75063935114639, 42.529766659826024], [-95.76054321966164, 42.5223931246444]]}}, {"id": "51071", "type": "Feature", "properties": {}, "geometry": {"type": "LineString", "coordinates": [[-95.75009995144585, 42.53265572717813], [-95.75063935114639, 42.529766659826024]]}}, {"id": "51072", "type": "Feature", "properties": {}, "geometry": {"type": "LineString", "coordinates": [[-95.73496694833925, 42.53973512919305], [-95.75009995144585, 42.53265572717813]]}}, {"id": "51073", "type": "Feature", "properties": {}, "geometry": {"type": "LineString", "coordinates": [[-95.73461055163173, 42.56499666664584], [-95.72900094907651, 42.558052465849364], [-95.73496694833925, 42.53973512919305]]}}, {"id": "51074", "type": "Feature", "properties": {}, "geometry": {"type": "LineString", "coordinates": [[-95.73680681841537, 42.565245932944535], [-95.73461055163173, 42.56499666664584]]}}, {"id": "51075", "type": "Feature", "properties": {}, "geometry": {"type": "LineString", "coordinates": [[-95.73724135238292, 42.56616006647403], [-95.73680681841537, 42.565245932944535]]}}, {"id": "51076", "type": "Feature", "properties": {}, "geometry": {"type": "LineString", "coordinates": [[-95.71944801551184, 42.5790699364104], [-95.73724135238292, 42.56616006647403]]}}, {"id": "51077", "type": "Feature", "properties": {}, "geometry": {"type": "LineString", "coordinates": [[-95.71992455021052, 42.58688787028932], [-95.71944801551184, 42.5790699364104]]}}, {"id": "51078", "type": "Feature", "properties": {}, "geometry": {"type": "LineString", "coordinates": [[-95.69818494483904, 42.594219872896666], [-95.71992455021052, 42.58688787028932]]}}, {"id": "51079", "type": "Feature", "properties": {}, "geometry": {"type": "LineString", "coordinates": [[-95.69732794576977, 42.60174167465025], [-95.69234001062883, 42.59669267360792], [-95.69818494483904, 42.594219872896666]]}}, {"id": "51080", "type": "Feature", "properties": {}, "geometry": {"type": "LineString", "coordinates": [[-95.69247494477102, 42.606202675416625], [-95.69732794576977, 42.60174167465025]]}}, {"id": "51081", "type": "Feature", "properties": {}, "geometry": {"type": "LineString", "coordinates": [[-95.68464360909219, 42.60456127550977], [-95.69247494477102, 42.606202675416625]]}}, {"id": "51082", "type": "Feature", "properties": {}, "geometry": {"type": "LineString", "coordinates": [[-95.67441420818596, 42.62020347848513], [-95.68464360909219, 42.60456127550977]]}}, {"id": "51083", "type": "Feature", "properties": {}, "geometry": {"type": "LineString", "coordinates": [[-95.66058193866132, 42.626450147310074], [-95.67441420818596, 42.62020347848513]]}}, {"id": "51084", "type": "Feature", "properties": {}, "geometry": {"type": "LineString", "coordinates": [[-95.64971853647197, 42.63134588165074], [-95.66058193866132, 42.626450147310074]]}}, {"id": "51085", "type": "Feature", "properties": {}, "geometry": {"type": "LineString", "coordinates": [[-95.64027753478834, 42.63626308366743], [-95.64971853647197, 42.63134588165074]]}}, {"id": "51086", "type": "Feature", "properties": {}, "geometry": {"type": "LineString", "coordinates": [[-95.63835780089019, 42.636560550291236], [-95.64027753478834, 42.63626308366743]]}}, {"id": "51087", "type": "Feature", "properties": {}, "geometry": {"type": "LineString", "coordinates": [[-95.62389913162635, 42.645203552598446], [-95.63835780089019, 42.636560550291236]]}}, {"id": "51088", "type": "Feature", "properties": {}, "geometry": {"type": "LineString", "coordinates": [[-95.62297013079045, 42.64559215262097], [-95.62389913162635, 42.645203552598446]]}}, {"id": "51089", "type": "Feature", "properties": {}, "geometry": {"type": "LineString", "coordinates": [[-95.61835613016629, 42.64540948634546], [-95.62297013079045, 42.64559215262097]]}}, {"id": "51090", "type": "Feature", "properties": {}, "geometry": {"type": "LineString", "coordinates": [[-95.6049453941904, 42.65494175549581], [-95.61835613016629, 42.64540948634546]]}}, {"id": "51091", "type": "Feature", "properties": {}, "geometry": {"type": "LineString", "coordinates": [[-95.5891813892754, 42.65301835609982], [-95.6049453941904, 42.65494175549581]]}}, {"id": "51105", "type": "Feature", "properties": {}, "geometry": {"type": "LineString", "coordinates": [[-95.57529872067003, 42.6641018919069], [-95.5891813892754, 42.65301835609982]]}}, {"id": "51106", "type": "Feature", "properties": {}, "geometry": {"type": "LineString", "coordinates": [[-95.5755769208287, 42.665062158704785], [-95.57529872067003, 42.6641018919069]]}}, {"id": "51107", "type": "Feature", "properties": {}, "geometry": {"type": "LineString", "coordinates": [[-95.56924138789574, 42.68666396253661], [-95.5755769208287, 42.665062158704785]]}}, {"id": "51108", "type": "Feature", "properties": {}, "geometry": {"type": "LineString", "coordinates": [[-95.56285238723709, 42.69303956395352], [-95.56924138789574, 42.68666396253661]]}}, {"id": "51109", "type": "Feature", "properties": {}, "geometry": {"type": "LineString", "coordinates": [[-95.56306378867122, 42.69973816488878], [-95.56285238723709, 42.69303956395352]]}}, {"id": "51110", "type": "Feature", "properties": {}, "geometry": {"type": "LineString", "coordinates": [[-95.56512932363155, 42.71398209995479], [-95.56306378867122, 42.69973816488878]]}}, {"id": "51111", "type": "Feature", "properties": {}, "geometry": {"type": "LineString", "coordinates": [[-95.56571552466009, 42.71782310077816], [-95.56512932363155, 42.71398209995479]]}}, {"id": "51112", "type": "Feature", "properties": {}, "geometry": {"type": "LineString", "coordinates": [[-95.56617912451698, 42.71976650094349], [-95.56571552466009, 42.71782310077816]]}}, {"id": "51113", "type": "Feature", "properties": {}, "geometry": {"type": "LineString", "coordinates": [[-95.57014332698373, 42.725986501187165], [-95.56617912451698, 42.71976650094349]]}}, {"id": "51114", "type": "Feature", "properties": {}, "geometry": {"type": "LineString", "coordinates": [[-95.57063439462704, 42.73343970236968], [-95.57014332698373, 42.725986501187165]]}}, {"id": "51115", "type": "Feature", "properties": {}, "geometry": {"type": "LineString", "coordinates": [[-95.55995919308299, 42.74177937136747], [-95.57063439462704, 42.73343970236968]]}}, {"id": "51116", "type": "Feature", "properties": {}, "geometry": {"type": "LineString", "coordinates": [[-95.5492557898289, 42.744722972411], [-95.55995919308299, 42.74177937136747]]}}, {"id": "51117", "type": "Feature", "properties": {}, "geometry": {"type": "LineString", "coordinates": [[-95.53519998712221, 42.74839477392113], [-95.5492557898289, 42.744722972411]]}}, {"id": "51118", "type": "Feature", "properties": {}, "geometry": {"type": "LineString", "coordinates": [[-95.52475938600449, 42.76359117681814], [-95.53519998712221, 42.74839477392113]]}}, {"id": "51119", "type": "Feature", "properties": {}, "geometry": {"type": "LineString", "coordinates": [[-95.5261591220156, 42.781081579041604], [-95.5188775184597, 42.774056378900596], [-95.52475938600449, 42.76359117681814]]}}, {"id": "51120", "type": "Feature", "properties": {}, "geometry": {"type": "LineString", "coordinates": [[-95.5272639231526, 42.789038313847925], [-95.5261591220156, 42.781081579041604]]}}, {"id": "51121", "type": "Feature", "properties": {}, "geometry": {"type": "LineString", "coordinates": [[-95.51869252300334, 42.81015471724674], [-95.5272639231526, 42.789038313847925]]}}, {"id": "51122", "type": "Feature", "properties": {}, "geometry": {"type": "LineString", "coordinates": [[-95.51221618992939, 42.8201619195259], [-95.51869252300334, 42.81015471724674]]}}, {"id": "51123", "type": "Feature", "properties": {}, "geometry": {"type": "LineString", "coordinates": [[-95.50882158942137, 42.82543972053665], [-95.51221618992939, 42.8201619195259]]}}, {"id": "51124", "type": "Feature", "properties": {}, "geometry": {"type": "LineString", "coordinates": [[-95.50772778905332, 42.829073520915124], [-95.50882158942137, 42.82543972053665]]}}, {"id": "51125", "type": "Feature", "properties": {}, "geometry": {"type": "LineString", "coordinates": [[-95.50383398935203, 42.83501352238662], [-95.50772778905332, 42.829073520915124]]}}, {"id": "51126", "type": "Feature", "properties": {}, "geometry": {"type": "LineString", "coordinates": [[-95.49998072163635, 42.837809323127445], [-95.50383398935203, 42.83501352238662]]}}, {"id": "51127", "type": "Feature", "properties": {}, "geometry": {"type": "LineString", "coordinates": [[-95.48256511825741, 42.844480125283184], [-95.49998072163635, 42.837809323127445]]}}, {"id": "51128", "type": "Feature", "properties": {}, "geometry": {"type": "LineString", "coordinates": [[-95.47967838388853, 42.84601472542019], [-95.48256511825741, 42.844480125283184]]}}, {"id": "51129", "type": "Feature", "properties": {}, "geometry": {"type": "LineString", "coordinates": [[-95.47067951591976, 42.852995727110816], [-95.47967838388853, 42.84601472542019]]}}, {"id": "51130", "type": "Feature", "properties": {}, "geometry": {"type": "LineString", "coordinates": [[-95.46788618208589, 42.855101394146324], [-95.47067951591976, 42.852995727110816]]}}, {"id": "51131", "type": "Feature", "properties": {}, "geometry": {"type": "LineString", "coordinates": [[-95.46770391571138, 42.8577077948616], [-95.46788618208589, 42.855101394146324]]}}, {"id": "51132", "type": "Feature", "properties": {}, "geometry": {"type": "LineString", "coordinates": [[-95.46621938233072, 42.86232719544311], [-95.46770391571138, 42.8577077948616]]}}, {"id": "51133", "type": "Feature", "properties": {}, "geometry": {"type": "LineString", "coordinates": [[-95.46147778230869, 42.87140719728778], [-95.46621938233072, 42.86232719544311]]}}, {"id": "51134", "type": "Feature", "properties": {}, "geometry": {"type": "LineString", "coordinates": [[-95.46230711775875, 42.8855351328795], [-95.469628785278, 42.876018397266215], [-95.46147778230869, 42.87140719728778]]}}, {"id": "51135", "type": "Feature", "properties": {}, "geometry": {"type": "LineString", "coordinates": [[-95.4580809162495, 42.88691019941475], [-95.46230711775875, 42.8855351328795]]}}, {"id": "51136", "type": "Feature", "properties": {}, "geometry": {"type": "LineString", "coordinates": [[-95.44533391309768, 42.88696513359199], [-95.4580809162495, 42.88691019941475]]}}, {"id": "51137", "type": "Feature", "properties": {}, "geometry": {"type": "LineString", "coordinates": [[-95.43548397763549, 42.89238940210082], [-95.44533391309768, 42.88696513359199]]}}, {"id": "51138", "type": "Feature", "properties": {}, "geometry": {"type": "LineString", "coordinates": [[-95.42675851012679, 42.90483113753683], [-95.42733897541225, 42.893994203010465], [-95.43548397763549, 42.89238940210082]]}}, {"id": "51139", "type": "Feature", "properties": {}, "geometry": {"type": "LineString", "coordinates": [[-95.42971757863899, 42.90947060469039], [-95.42675851012679, 42.90483113753683]]}}, {"id": "51140", "type": "Feature", "properties": {}, "geometry": {"type": "LineString", "coordinates": [[-95.43046517907631, 42.91065900510652], [-95.42971757863899, 42.90947060469039]]}}, {"id": "51141", "type": "Feature", "properties": {}, "geometry": {"type": "LineString", "coordinates": [[-95.43109291281371, 42.91632840563165], [-95.43046517907631, 42.91065900510652]]}}, {"id": "51142", "type": "Feature", "properties": {}, "geometry": {"type": "LineString", "coordinates": [[-95.43558091483779, 42.92421333986403], [-95.42858151343513, 42.92442300737803], [-95.43109291281371, 42.91632840563165]]}}, {"id": "51143", "type": "Feature", "properties": {}, "geometry": {"type": "LineString", "coordinates": [[-95.41813957921754, 42.93784814304313], [-95.42706958143833, 42.93736374281981], [-95.43558091483779, 42.92421333986403]]}}, {"id": "51144", "type": "Feature", "properties": {}, "geometry": {"type": "LineString", "coordinates": [[-95.40699877547185, 42.93609221052193], [-95.41813957921754, 42.93784814304313]]}}, {"id": "51145", "type": "Feature", "properties": {}, "geometry": {"type": "LineString", "coordinates": [[-95.39352690554759, 42.93897661211591], [-95.40699877547185, 42.93609221052193]]}}, {"id": "51146", "type": "Feature", "properties": {}, "geometry": {"type": "LineString", "coordinates": [[-95.38232296820372, 42.93292014513995], [-95.39352690554759, 42.93897661211591]]}}, {"id": "51147", "type": "Feature", "properties": {}, "geometry": {"type": "LineString", "coordinates": [[-95.37893176781904, 42.93436094515113], [-95.38232296820372, 42.93292014513995]]}}, {"id": "51148", "type": "Feature", "properties": {}, "geometry": {"type": "LineString", "coordinates": [[-95.31562688158769, 42.91615074680466], [-95.34825895683447, 42.91209154447874], [-95.35755696109791, 42.9259018126224], [-95.37893176781904, 42.93436094515113]]}}, {"id": "51149", "type": "Feature", "properties": {}, "geometry": {"type": "LineString", "coordinates": [[-95.31242328087536, 42.91571474706898], [-95.31562688158769, 42.91615074680466]]}}, {"id": "51150", "type": "Feature", "properties": {}, "geometry": {"type": "LineString", "coordinates": [[-95.3044376775128, 42.9071597461442], [-95.31242328087536, 42.91571474706898]]}}, {"id": "51151", "type": "Feature", "properties": {}, "geometry": {"type": "LineString", "coordinates": [[-95.30717634437003, 42.9055836125799], [-95.3044376775128, 42.9071597461442]]}}, {"id": "51152", "type": "Feature", "properties": {}, "geometry": {"type": "LineString", "coordinates": [[-95.30702407723443, 42.90240554564336], [-95.30717634437003, 42.9055836125799]]}}, {"id": "51153", "type": "Feature", "properties": {}, "geometry": {"type": "LineString", "coordinates": [[-95.30687074379858, 42.900096345074346], [-95.30702407723443, 42.90240554564336]]}}, {"id": "51154", "type": "Feature", "properties": {}, "geometry": {"type": "LineString", "coordinates": [[-95.30780547678431, 42.89840494485023], [-95.30687074379858, 42.900096345074346]]}}, {"id": "51155", "type": "Feature", "properties": {}, "geometry": {"type": "LineString", "coordinates": [[-95.31017387694605, 42.89312474392541], [-95.30780547678431, 42.89840494485023]]}}, {"id": "51156", "type": "Feature", "properties": {}, "geometry": {"type": "LineString", "coordinates": [[-95.31142134402491, 42.88933014366087], [-95.31017387694605, 42.89312474392541]]}}, {"id": "51157", "type": "Feature", "properties": {}, "geometry": {"type": "LineString", "coordinates": [[-95.30188334046028, 42.882214343041845], [-95.31142134402491, 42.88933014366087]]}}, {"id": "51175", "type": "Feature", "properties": {}, "geometry": {"type": "LineString", "coordinates": [[-95.29457593818775, 42.88333014388094], [-95.30188334046028, 42.882214343041845]]}}, {"id": "51176", "type": "Feature", "properties": {}, "geometry": {"type": "LineString", "coordinates": [[-95.29367507168821, 42.88266654335107], [-95.29457593818775, 42.88333014388094]]}}, {"id": "51177", "type": "Feature", "properties": {}, "geometry": {"type": "LineString", "coordinates": [[-95.28838893629714, 42.88332581073713], [-95.29367507168821, 42.88266654335107]]}}, {"id": "51178", "type": "Feature", "properties": {}, "geometry": {"type": "LineString", "coordinates": [[-95.27121006684335, 42.8938752130826], [-95.28838893629714, 42.88332581073713]]}}, {"id": "51179", "type": "Feature", "properties": {}, "geometry": {"type": "LineString", "coordinates": [[-95.26091133126855, 42.89724981453615], [-95.27121006684335, 42.8938752130826]]}}, {"id": "51180", "type": "Feature", "properties": {}, "geometry": {"type": "LineString", "coordinates": [[-95.25929353101887, 42.89763694824608], [-95.26091133126855, 42.89724981453615]]}}, {"id": "51181", "type": "Feature", "properties": {}, "geometry": {"type": "LineString", "coordinates": [[-95.25668146283631, 42.8975201482015], [-95.25929353101887, 42.89763694824608]]}}, {"id": "51182", "type": "Feature", "properties": {}, "geometry": {"type": "LineString", "coordinates": [[-95.24145792571875, 42.89442514873686], [-95.25668146283631, 42.8975201482015]]}}, {"id": "51183", "type": "Feature", "properties": {}, "geometry": {"type": "LineString", "coordinates": [[-95.24110732494145, 42.8942138154723], [-95.24145792571875, 42.89442514873686]]}}, {"id": "51184", "type": "Feature", "properties": {}, "geometry": {"type": "LineString", "coordinates": [[-95.24050605826727, 42.8940223487612], [-95.24110732494145, 42.8942138154723]]}}, {"id": "51185", "type": "Feature", "properties": {}, "geometry": {"type": "LineString", "coordinates": [[-95.23807205773359, 42.89588781603144], [-95.24050605826727, 42.8940223487612]]}}, {"id": "51186", "type": "Feature", "properties": {}, "geometry": {"type": "LineString", "coordinates": [[-95.21888825277023, 42.898539217614015], [-95.23695252422591, 42.8963732162902]]}}, {"id": "51187", "type": "Feature", "properties": {}, "geometry": {"type": "LineString", "coordinates": [[-95.23695252422591, 42.8963732162902], [-95.23807205773359, 42.89588781603144]]}}, {"id": "51188", "type": "Feature", "properties": {}, "geometry": {"type": "LineString", "coordinates": [[-95.21742825237997, 42.89961515147925], [-95.21888825277023, 42.898539217614015]]}}, {"id": "51189", "type": "Feature", "properties": {}, "geometry": {"type": "LineString", "coordinates": [[-95.21500805266402, 42.90318381838134], [-95.21742825237997, 42.89961515147925]]}}, {"id": "51190", "type": "Feature", "properties": {}, "geometry": {"type": "LineString", "coordinates": [[-95.21152531844346, 42.90364395197618], [-95.21500805266402, 42.90318381838134]]}}, {"id": "51191", "type": "Feature", "properties": {}, "geometry": {"type": "LineString", "coordinates": [[-95.20419425005477, 42.910188754006725], [-95.21152531844346, 42.90364395197618]]}}, {"id": "51192", "type": "Feature", "properties": {}, "geometry": {"type": "LineString", "coordinates": [[-95.1966013146759, 42.907495953594186], [-95.20419425005477, 42.910188754006725]]}}, {"id": "51193", "type": "Feature", "properties": {}, "geometry": {"type": "LineString", "coordinates": [[-95.19139811265018, 42.8999083527351], [-95.1966013146759, 42.907495953594186]]}}, {"id": "51194", "type": "Feature", "properties": {}, "geometry": {"type": "LineString", "coordinates": [[-95.17716930609785, 42.88253921798867], [-95.19139811265018, 42.8999083527351]]}}, {"id": "51195", "type": "Feature", "properties": {}, "geometry": {"type": "LineString", "coordinates": [[-95.15941983575874, 42.888285420246845], [-95.17716930609785, 42.88253921798867]]}}, {"id": "51196", "type": "Feature", "properties": {}, "geometry": {"type": "LineString", "coordinates": [[-95.13031589468865, 42.892475622424485], [-95.14328629897015, 42.90040795628732], [-95.15941983575874, 42.888285420246845]]}}, {"id": "51197", "type": "Feature", "properties": {}, "geometry": {"type": "LineString", "coordinates": [[-95.12076922597478, 42.89531115727203], [-95.13031589468865, 42.892475622424485]]}}, {"id": "51198", "type": "Feature", "properties": {}, "geometry": {"type": "LineString", "coordinates": [[-95.11890329217901, 42.8955855572909], [-95.12076922597478, 42.89531115727203]]}}, {"id": "51199", "type": "Feature", "properties": {}, "geometry": {"type": "LineString", "coordinates": [[-95.11691269288305, 42.90285642533388], [-95.11890329217901, 42.8955855572909]]}}, {"id": "51200", "type": "Feature", "properties": {}, "geometry": {"type": "LineString", "coordinates": [[-95.10792082548528, 42.9208504285013], [-95.11691269288305, 42.90285642533388]]}}, {"id": "51201", "type": "Feature", "properties": {}, "geometry": {"type": "LineString", "coordinates": [[-95.09768249083358, 42.928668563944804], [-95.10792082548528, 42.9208504285013]]}}, {"id": "51202", "type": "Feature", "properties": {}, "geometry": {"type": "LineString", "coordinates": [[-95.08949702220173, 42.93337683138147], [-95.09768249083358, 42.928668563944804]]}}, {"id": "51203", "type": "Feature", "properties": {}, "geometry": {"type": "LineString", "coordinates": [[-95.08884082264962, 42.93913856586718], [-95.08949702220173, 42.93337683138147]]}}, {"id": "51204", "type": "Feature", "properties": {}, "geometry": {"type": "LineString", "coordinates": [[-95.08927648939273, 42.93913876578872], [-95.08884082264962, 42.93913856586718]]}}, {"id": "51205", "type": "Feature", "properties": {}, "geometry": {"type": "LineString", "coordinates": [[-95.12379030069947, 42.95107809828479], [-95.08927648939273, 42.93913876578872]]}}, {"id": "51206", "type": "Feature", "properties": {}, "geometry": {"type": "LineString", "coordinates": [[-95.11684903377044, 42.968066501667565], [-95.12379030069947, 42.95107809828479]]}}, {"id": "51207", "type": "Feature", "properties": {}, "geometry": {"type": "LineString", "coordinates": [[-95.11666230097232, 42.968752501977654], [-95.11684903377044, 42.968066501667565]]}}, {"id": "51208", "type": "Feature", "properties": {}, "geometry": {"type": "LineString", "coordinates": [[-95.10498503142378, 42.97627417024078], [-95.11666230097232, 42.968752501977654]]}}, {"id": "51209", "type": "Feature", "properties": {}, "geometry": {"type": "LineString", "coordinates": [[-95.10495383203565, 42.97682290391253], [-95.10498503142378, 42.97627417024078]]}}, {"id": "51210", "type": "Feature", "properties": {}, "geometry": {"type": "LineString", "coordinates": [[-95.09320969638891, 42.98845897296912], [-95.10495383203565, 42.97682290391253]]}}, {"id": "51211", "type": "Feature", "properties": {}, "geometry": {"type": "LineString", "coordinates": [[-95.08118422725984, 42.99433197477188], [-95.09320969638891, 42.98845897296912]]}}, {"id": "51212", "type": "Feature", "properties": {}, "geometry": {"type": "LineString", "coordinates": [[-95.04735621948541, 43.00386311154509], [-95.05707508805273, 42.999994377213014]]}}, {"id": "51213", "type": "Feature", "properties": {}, "geometry": {"type": "LineString", "coordinates": [[-95.06215282328105, 42.99999457693684], [-95.06716809146114, 42.99999457627984]]}}, {"id": "51214", "type": "Feature", "properties": {}, "geometry": {"type": "LineString", "coordinates": [[-95.06716809146114, 42.99999457627984], [-95.0702832916613, 42.99999457627984]]}}, {"id": "51215", "type": "Feature", "properties": {}, "geometry": {"type": "LineString", "coordinates": [[-95.0702832916613, 42.99999457627984], [-95.07171642523802, 42.99999450926728]]}}, {"id": "51216", "type": "Feature", "properties": {}, "geometry": {"type": "LineString", "coordinates": [[-95.07171642523802, 42.99999450926728], [-95.08118422725984, 42.99433197477188]]}}, {"id": "51217", "type": "Feature", "properties": {}, "geometry": {"type": "LineString", "coordinates": [[-95.05707508805273, 42.999994377213014], [-95.06215282328105, 42.99999457693684]]}}, {"id": "51218", "type": "Feature", "properties": {}, "geometry": {"type": "LineString", "coordinates": [[-95.04601361902134, 43.00626297898655], [-95.04735621948541, 43.00386311154509]]}}, {"id": "51219", "type": "Feature", "properties": {}, "geometry": {"type": "LineString", "coordinates": [[-95.04461048558183, 43.00717651233058], [-95.04601361902134, 43.00626297898655]]}}, {"id": "51225", "type": "Feature", "properties": {}, "geometry": {"type": "LineString", "coordinates": [[-95.04467228608013, 43.00745097900301], [-95.04461048558183, 43.00717651233058]]}}, {"id": "51226", "type": "Feature", "properties": {}, "geometry": {"type": "LineString", "coordinates": [[-95.0430436862841, 43.01401191348823], [-95.04467228608013, 43.00745097900301]]}}, {"id": "51227", "type": "Feature", "properties": {}, "geometry": {"type": "LineString", "coordinates": [[-95.04335281992955, 43.01584131344521], [-95.0430436862841, 43.01401191348823]]}}, {"id": "51228", "type": "Feature", "properties": {}, "geometry": {"type": "LineString", "coordinates": [[-95.04956289055666, 43.033954382837365], [-95.05241022302056, 43.024513181284625], [-95.04335281992955, 43.01584131344521]]}}, {"id": "51229", "type": "Feature", "properties": {}, "geometry": {"type": "LineString", "coordinates": [[-95.05453542677701, 43.046990317800606], [-95.04956289055666, 43.033954382837365]]}}, {"id": "51230", "type": "Feature", "properties": {}, "geometry": {"type": "LineString", "coordinates": [[-95.04932909232588, 43.047009784503686], [-95.05453542677701, 43.046990317800606]]}}, {"id": "51231", "type": "Feature", "properties": {}, "geometry": {"type": "LineString", "coordinates": [[-95.04966522663383, 43.05270318568044], [-95.04932909232588, 43.047009784503686]]}}, {"id": "51232", "type": "Feature", "properties": {}, "geometry": {"type": "LineString", "coordinates": [[-95.05725763021003, 43.067021120204465], [-95.04966522663383, 43.05270318568044]]}}, {"id": "51233", "type": "Feature", "properties": {}, "geometry": {"type": "LineString", "coordinates": [[-95.05475363025447, 43.0753649884938], [-95.05725763021003, 43.067021120204465]]}}, {"id": "51234", "type": "Feature", "properties": {}, "geometry": {"type": "LineString", "coordinates": [[-95.05531423109404, 43.07607412181717], [-95.05475363025447, 43.0753649884938]]}}, {"id": "51235", "type": "Feature", "properties": {}, "geometry": {"type": "LineString", "coordinates": [[-95.05872530041617, 43.09557932470387], [-95.0666628349279, 43.08152218883507], [-95.05531423109404, 43.07607412181717]]}}, {"id": "51251", "type": "Feature", "properties": {}, "geometry": {"type": "LineString", "coordinates": [[-95.06492550394822, 43.10497992530241], [-95.05872530041617, 43.09557932470387]]}}, {"id": "51252", "type": "Feature", "properties": {}, "geometry": {"type": "LineString", "coordinates": [[-95.09053084744815, 43.1343243283266], [-95.0708425072987, 43.119912993649564], [-95.06492550394822, 43.10497992530241]]}}, {"id": "51271", "type": "Feature", "properties": {}, "geometry": {"type": "LineString", "coordinates": [[-95.15034846476338, 43.136474391300275], [-95.1209386554239, 43.12618932489003], [-95.11322752061827, 43.13389399291293], [-95.09053084744815, 43.1343243283266]]}}, {"id": "51272", "type": "Feature", "properties": {}, "geometry": {"type": "LineString", "coordinates": [[-95.15259626519992, 43.136382390911145], [-95.15034846476338, 43.136474391300275]]}}, {"id": "51273", "type": "Feature", "properties": {}, "geometry": {"type": "LineString", "coordinates": [[-95.1530958650418, 43.13658799106539], [-95.15259626519992, 43.136382390911145]]}}, {"id": "51274", "type": "Feature", "properties": {}, "geometry": {"type": "LineString", "coordinates": [[-95.20633748569391, 43.18784232786844], [-95.15830113768429, 43.17161292878829], [-95.18779734339456, 43.15070272408954], [-95.18304027348499, 43.140599922977096], [-95.1530958650418, 43.13658799106539]]}}, {"id": "51275", "type": "Feature", "properties": {}, "geometry": {"type": "LineString", "coordinates": [[-95.24295150154104, 43.23028699868709], [-95.23670496290667, 43.20212732824333], [-95.20633748569391, 43.18784232786844]]}}, {"id": "51276", "type": "Feature", "properties": {}, "geometry": {"type": "LineString", "coordinates": [[-95.26033877475088, 43.24664633314997], [-95.26101217434571, 43.2368163317071], [-95.24295150154104, 43.23028699868709]]}}, {"id": "51277", "type": "Feature", "properties": {}, "geometry": {"type": "LineString", "coordinates": [[-95.22744530143449, 43.26045080427483], [-95.26033877475088, 43.24664633314997]]}}, {"id": "51278", "type": "Feature", "properties": {}, "geometry": {"type": "LineString", "coordinates": [[-95.20076576150096, 43.264495139739644], [-95.22744530143449, 43.26045080427483]]}}, {"id": "51279", "type": "Feature", "properties": {}, "geometry": {"type": "LineString", "coordinates": [[-95.19665069506709, 43.276866542218755], [-95.20076576150096, 43.264495139739644]]}}, {"id": "51280", "type": "Feature", "properties": {}, "geometry": {"type": "LineString", "coordinates": [[-95.17734396104697, 43.312703015163954], [-95.17229469163337, 43.302394014025694], [-95.19522636318351, 43.289807744170645], [-95.19665069506709, 43.276866542218755]]}}, {"id": "51286", "type": "Feature", "properties": {}, "geometry": {"type": "LineString", "coordinates": [[-95.21381717046489, 43.31085141260983], [-95.21928517158189, 43.30382821130553], [-95.19677476498424, 43.302152612166594], [-95.19782836753994, 43.3190476150426], [-95.18831416483876, 43.323648749569614], [-95.17734396104697, 43.312703015163954]]}}, {"id": "51287", "type": "Feature", "properties": {}, "geometry": {"type": "LineString", "coordinates": [[-95.2074693692401, 43.31652601398532], [-95.21381717046489, 43.31085141260983]]}}, {"id": "51288", "type": "Feature", "properties": {}, "geometry": {"type": "LineString", "coordinates": [[-95.21200557306571, 43.33524714938008], [-95.19934750222872, 43.331781149637976], [-95.2074693692401, 43.31652601398532]]}}, {"id": "51289", "type": "Feature", "properties": {}, "geometry": {"type": "LineString", "coordinates": [[-95.21933697562768, 43.336635949142774], [-95.21200557306571, 43.33524714938008]]}}, {"id": "51290", "type": "Feature", "properties": {}, "geometry": {"type": "LineString", "coordinates": [[-95.22796451419399, 43.36269141926485], [-95.22906371253859, 43.34629814986273], [-95.21933697562768, 43.336635949142774]]}}, {"id": "51291", "type": "Feature", "properties": {}, "geometry": {"type": "LineString", "coordinates": [[-95.22885631579399, 43.37080675352119], [-95.22796451419399, 43.36269141926485]]}}, {"id": "51292", "type": "Feature", "properties": {}, "geometry": {"type": "LineString", "coordinates": [[-95.22924051625785, 43.37542442105339], [-95.22885631579399, 43.37080675352119]]}}, {"id": "51293", "type": "Feature", "properties": {}, "geometry": {"type": "LineString", "coordinates": [[-95.23629718705648, 43.39441615672506], [-95.22924051625785, 43.37542442105339]]}}, {"id": "51294", "type": "Feature", "properties": {}, "geometry": {"type": "LineString", "coordinates": [[-95.23966218897422, 43.39969375702169], [-95.23629718705648, 43.39441615672506]]}}, {"id": "51295", "type": "Feature", "properties": {}, "geometry": {"type": "LineString", "coordinates": [[-95.25076019338654, 43.41229102473864], [-95.23966218897422, 43.39969375702169]]}}, {"id": "51296", "type": "Feature", "properties": {}, "geometry": {"type": "LineString", "coordinates": [[-95.2514471943731, 43.413777758397835], [-95.25076019338654, 43.41229102473864]]}}, {"id": "51315", "type": "Feature", "properties": {}, "geometry": {"type": "LineString", "coordinates": [[-95.18702113970026, 43.12667418691231], [-95.1530958650418, 43.13658799106539]]}}, {"id": "51316", "type": "Feature", "properties": {}, "geometry": {"type": "LineString", "coordinates": [[-95.19257967482821, 43.12859138714422], [-95.18702113970026, 43.12667418691231]]}}, {"id": "51317", "type": "Feature", "properties": {}, "geometry": {"type": "LineString", "coordinates": [[-95.21558708154332, 43.1294665855523], [-95.19257967482821, 43.12859138714422]]}}, {"id": "51318", "type": "Feature", "properties": {}, "geometry": {"type": "LineString", "coordinates": [[-95.22963415172714, 43.129408584577064], [-95.21558708154332, 43.1294665855523]]}}, {"id": "51319", "type": "Feature", "properties": {}, "geometry": {"type": "LineString", "coordinates": [[-95.23754415467205, 43.13582531840721], [-95.22963415172714, 43.129408584577064]]}}, {"id": "51320", "type": "Feature", "properties": {}, "geometry": {"type": "LineString", "coordinates": [[-95.24992035842742, 43.142190718208184], [-95.23754415467205, 43.13582531840721]]}}, {"id": "51824", "type": "Feature", "properties": {}, "geometry": {"type": "LineString", "coordinates": [[-95.99921836819732, 42.12041958150647], [-95.98982543266959, 42.12186998293601], [-95.99791363351909, 42.11306004740528], [-95.9917704316851, 42.11142098104562]]}}, {"id": "52539", "type": "Feature", "properties": {}, "geometry": {"type": "LineString", "coordinates": [[-95.15259626519992, 43.136382390911145], [-95.15034846476338, 43.136474391300275]]}}, {"id": "52564", "type": "Feature", "properties": {}, "geometry": {"type": "LineString", "coordinates": [[-95.04335281992955, 43.01584131344521], [-95.0430436862841, 43.01401191348823]]}}, {"id": "52565", "type": "Feature", "properties": {}, "geometry": {"type": "LineString", "coordinates": [[-95.04467228608013, 43.00745097900301], [-95.04601361902134, 43.00626297898655]]}}, {"id": "52629", "type": "Feature", "properties": {}, "geometry": {"type": "LineString", "coordinates": [[-95.25929353101887, 42.89763694824608], [-95.26091133126855, 42.89724981453615]]}}, {"id": "52633", "type": "Feature", "properties": {}, "geometry": {"type": "LineString", "coordinates": [[-95.29367507168821, 42.88266654335107], [-95.29457593818775, 42.88333014388094]]}}, {"id": "52636", "type": "Feature", "properties": {}, "geometry": {"type": "LineString", "coordinates": [[-95.30702407723443, 42.90240554564336], [-95.3044376775128, 42.9071597461442]]}}, {"id": "53121", "type": "Feature", "properties": {}, "geometry": {"type": "LineString", "coordinates": [[-95.96304016551869, 42.176005059337186], [-95.96825576609199, 42.17051405810854]]}}, {"id": "53129", "type": "Feature", "properties": {}, "geometry": {"type": "LineString", "coordinates": [[-95.9817778338743, 42.154385054483654], [-95.98471976792077, 42.150427386998885]]}}, {"id": "53199", "type": "Feature", "properties": {}, "geometry": {"type": "LineString", "coordinates": [[-95.98233175124817, 42.01546343407615], [-95.98285554900886, 42.00000236489772]]}}, {"id": "53207", "type": "Feature", "properties": {}, "geometry": {"type": "LineString", "coordinates": [[-96.0002973598379, 42.049049571003756], [-95.98233175124817, 42.01546343407615]]}}, {"id": "53218", "type": "Feature", "properties": {}, "geometry": {"type": "LineString", "coordinates": [[-96.00088796710291, 42.11116438005828], [-96.00156716622124, 42.0973634447105]]}}, {"id": "53224", "type": "Feature", "properties": {}, "geometry": {"type": "LineString", "coordinates": [[-95.99715740566177, 41.877735411786205], [-96.0002969367314, 41.852814008105724]]}}, {"id": "53225", "type": "Feature", "properties": {}, "geometry": {"type": "LineString", "coordinates": [[-96.0002969367314, 41.852105340899406], [-96.00541980421792, 41.8492535400827]]}}, {"id": "53226", "type": "Feature", "properties": {}, "geometry": {"type": "LineString", "coordinates": [[-96.0002969367314, 41.852814008105724], [-96.0002969367314, 41.852105340899406]]}}, {"id": "53227", "type": "Feature", "properties": {}, "geometry": {"type": "LineString", "coordinates": [[-95.98285554900886, 42.00000236489772], [-95.98281094855332, 41.99346996393295]]}}, {"id": "53228", "type": "Feature", "properties": {}, "geometry": {"type": "LineString", "coordinates": [[-95.99921836819732, 42.12041958150647], [-96.00029756824705, 42.11614338128787]]}}, {"id": "53229", "type": "Feature", "properties": {}, "geometry": {"type": "LineString", "coordinates": [[-96.00029756824705, 42.11614338128787], [-96.00088796710291, 42.11116438005828]]}}, {"id": "53245", "type": "Feature", "properties": {}, "geometry": {"type": "LineString", "coordinates": [[-96.00633522971326, 42.058311771867444], [-96.0002973598379, 42.049049571003756]]}}, {"id": "53329", "type": "Feature", "properties": {}, "geometry": {"type": "LineString", "coordinates": [[-96.05849394925664, 41.82550079982138], [-96.07889035319113, 41.81280072995862]]}}, {"id": "53330", "type": "Feature", "properties": {}, "geometry": {"type": "LineString", "coordinates": [[-96.04303781315919, 41.841218603013175], [-96.05849394925664, 41.82550079982138]]}}, {"id": "53331", "type": "Feature", "properties": {}, "geometry": {"type": "LineString", "coordinates": [[-95.9863133442005, 41.950626156838254], [-95.98251907513772, 41.93572515531476]]}}, {"id": "53382", "type": "Feature", "properties": {}, "geometry": {"type": "LineString", "coordinates": [[-96.03613684195886, 42.09894237612271], [-96.03583017508716, 42.0986906430382]]}}, {"id": "53383", "type": "Feature", "properties": {}, "geometry": {"type": "LineString", "coordinates": [[-96.07543610095497, 42.49458603286135], [-96.0807537016355, 42.4892854985424]]}}, {"id": "53394", "type": "Feature", "properties": {}, "geometry": {"type": "LineString", "coordinates": [[-96.00376569136951, 42.57589745008302], [-96.01338089255638, 42.560935713299344], [-96.02478802881754, 42.56243244618272], [-96.02573802777322, 42.54878704437767], [-96.04340283099847, 42.5394981085273], [-96.05780843138861, 42.50999750311769], [-96.07688090185061, 42.5000136334597]]}}, {"id": "53395", "type": "Feature", "properties": {}, "geometry": {"type": "LineString", "coordinates": [[-96.07688090185061, 42.5000136334597], [-96.07543610095497, 42.49458603286135]]}}, {"id": "53396", "type": "Feature", "properties": {}, "geometry": {"type": "LineString", "coordinates": [[-95.99556529094102, 42.587419051913955], [-96.0003036246887, 42.584099517956574]]}}, {"id": "53397", "type": "Feature", "properties": {}, "geometry": {"type": "LineString", "coordinates": [[-96.0003036246887, 42.584099517956574], [-96.00376569136951, 42.57589745008302]]}}, {"id": "53398", "type": "Feature", "properties": {}, "geometry": {"type": "LineString", "coordinates": [[-95.98904008951561, 42.58831745250155], [-95.99556529094102, 42.587419051913955]]}}, {"id": "53399", "type": "Feature", "properties": {}, "geometry": {"type": "LineString", "coordinates": [[-95.98082822119419, 42.597651521026364], [-95.98904008951561, 42.58831745250155]]}}, {"id": "53400", "type": "Feature", "properties": {}, "geometry": {"type": "LineString", "coordinates": [[-95.97028601971954, 42.602484255933064], [-95.98082822119419, 42.597651521026364]]}}, {"id": "53401", "type": "Feature", "properties": {}, "geometry": {"type": "LineString", "coordinates": [[-95.96846368565608, 42.60452012314061], [-95.97028601971954, 42.602484255933064]]}}, {"id": "53402", "type": "Feature", "properties": {}, "geometry": {"type": "LineString", "coordinates": [[-95.95322181572018, 42.61390392563887], [-95.96846368565608, 42.60452012314061]]}}, {"id": "53403", "type": "Feature", "properties": {}, "geometry": {"type": "LineString", "coordinates": [[-95.9294014776904, 42.62319912847173], [-95.95322181572018, 42.61390392563887]]}}, {"id": "53404", "type": "Feature", "properties": {}, "geometry": {"type": "LineString", "coordinates": [[-95.92766981058857, 42.62475446226804], [-95.9294014776904, 42.62319912847173]]}}, {"id": "53405", "type": "Feature", "properties": {}, "geometry": {"type": "LineString", "coordinates": [[-95.91396160738779, 42.630246530541086], [-95.92766981058857, 42.62475446226804]]}}, {"id": "53406", "type": "Feature", "properties": {}, "geometry": {"type": "LineString", "coordinates": [[-95.90962867344638, 42.631505464541604], [-95.91396160738779, 42.630246530541086]]}}, {"id": "53407", "type": "Feature", "properties": {}, "geometry": {"type": "LineString", "coordinates": [[-95.90124140457417, 42.634822531927036], [-95.90962867344638, 42.631505464541604]]}}, {"id": "53408", "type": "Feature", "properties": {}, "geometry": {"type": "LineString", "coordinates": [[-95.90065320479412, 42.63511986533142], [-95.90124140457417, 42.634822531927036]]}}, {"id": "53409", "type": "Feature", "properties": {}, "geometry": {"type": "LineString", "coordinates": [[-95.89121226958581, 42.63868793314211], [-95.90065320479412, 42.63511986533142]]}}, {"id": "53410", "type": "Feature", "properties": {}, "geometry": {"type": "LineString", "coordinates": [[-95.87551626623952, 42.64575333568596], [-95.89121226958581, 42.63868793314211]]}}, {"id": "53411", "type": "Feature", "properties": {}, "geometry": {"type": "LineString", "coordinates": [[-95.86604139806967, 42.65565147095543], [-95.87551626623952, 42.64575333568596]]}}, {"id": "53493", "type": "Feature", "properties": {}, "geometry": {"type": "LineString", "coordinates": [[-96.08554528212335, 42.32010400601535], [-96.08484448031905, 42.308788070799956], [-96.09211501573233, 42.305133070025676], [-96.08778507857069, 42.28510626760353]]}}, {"id": "53494", "type": "Feature", "properties": {}, "geometry": {"type": "LineString", "coordinates": [[-96.08623241965384, 42.35167367737407], [-96.08554528212335, 42.32010400601535]]}}, {"id": "53495", "type": "Feature", "properties": {}, "geometry": {"type": "LineString", "coordinates": [[-96.07543141893571, 42.36799068084396], [-96.07649148397158, 42.35406981188366], [-96.08623241965384, 42.35167367737407]]}}, {"id": "53496", "type": "Feature", "properties": {}, "geometry": {"type": "LineString", "coordinates": [[-96.08299809027059, 42.389688083218424], [-96.07543141893571, 42.36799068084396]]}}, {"id": "53497", "type": "Feature", "properties": {}, "geometry": {"type": "LineString", "coordinates": [[-96.08417542767184, 42.422286421628655], [-96.07725862186801, 42.39405161742267], [-96.08299809027059, 42.389688083218424]]}}, {"id": "53498", "type": "Feature", "properties": {}, "geometry": {"type": "LineString", "coordinates": [[-96.09556610230541, 42.46229502677015], [-96.09718103423441, 42.44672822417047], [-96.08417542767184, 42.422286421628655]]}}, {"id": "53499", "type": "Feature", "properties": {}, "geometry": {"type": "LineString", "coordinates": [[-96.07785849974675, 42.48080323029695], [-96.08092669919294, 42.468735028722115], [-96.09556610230541, 42.46229502677015]]}}, {"id": "53500", "type": "Feature", "properties": {}, "geometry": {"type": "LineString", "coordinates": [[-96.07890603418272, 42.48350109763943], [-96.07785849974675, 42.48080323029695]]}}, {"id": "53501", "type": "Feature", "properties": {}, "geometry": {"type": "LineString", "coordinates": [[-96.0807537016355, 42.4892854985424], [-96.07890603418272, 42.48350109763943]]}}, {"id": "53913", "type": "Feature", "properties": {}, "geometry": {"type": "LineString", "coordinates": [[-96.08778507857069, 42.28510626760353], [-96.07828500726724, 42.268048998535626]]}}, {"id": "53932", "type": "Feature", "properties": {}, "geometry": {"type": "LineString", "coordinates": [[-95.99094240687702, 41.906546349796024], [-96.0002969430196, 41.90685581580164]]}}, {"id": "53934", "type": "Feature", "properties": {}, "geometry": {"type": "LineString", "coordinates": [[-96.00029722329397, 42.01944556638393], [-95.99057875178201, 41.99999936413309]]}}, {"id": "53935", "type": "Feature", "properties": {}, "geometry": {"type": "LineString", "coordinates": [[-95.99057875178201, 41.99999936413309], [-95.99533141635342, 41.9728133595037]]}}, {"id": "53937", "type": "Feature", "properties": {}, "geometry": {"type": "LineString", "coordinates": [[-95.98251907513772, 41.93572515531476], [-95.98255320662696, 41.92095735283012]]}}, {"id": "53947", "type": "Feature", "properties": {}, "geometry": {"type": "LineString", "coordinates": [[-96.07863106526413, 42.19329238752853], [-96.06241145639662, 42.1557464496012]]}}, {"id": "53948", "type": "Feature", "properties": {}, "geometry": {"type": "LineString", "coordinates": [[-96.06241145639662, 42.1557464496012], [-96.03613684195886, 42.09894237612271]]}}, {"id": "53953", "type": "Feature", "properties": {}, "geometry": {"type": "LineString", "coordinates": [[-96.03965403914698, 42.06449457089704], [-96.03772943817661, 42.058800836333944]]}}, {"id": "53954", "type": "Feature", "properties": {}, "geometry": {"type": "LineString", "coordinates": [[-96.03772943817661, 42.058800836333944], [-96.0252182320071, 42.03689003393983]]}}, {"id": "53955", "type": "Feature", "properties": {}, "geometry": {"type": "LineString", "coordinates": [[-96.0252182320071, 42.03689003393983], [-96.00029722329397, 42.01944556638393]]}}, {"id": "53956", "type": "Feature", "properties": {}, "geometry": {"type": "LineString", "coordinates": [[-96.00029700769831, 41.89423701397187], [-96.04303781315919, 41.841218603013175]]}}, {"id": "53957", "type": "Feature", "properties": {}, "geometry": {"type": "LineString", "coordinates": [[-96.03583017508716, 42.0986906430382], [-96.03965403914698, 42.06449457089704]]}}, {"id": "53959", "type": "Feature", "properties": {}, "geometry": {"type": "LineString", "coordinates": [[-96.07828500726724, 42.268048998535626], [-96.07863106526413, 42.19329238752853]]}}, {"id": "54007", "type": "Feature", "properties": {}, "geometry": {"type": "LineString", "coordinates": [[-95.99533141635342, 41.9728133595037], [-95.9924059475278, 41.96520422544099]]}}, {"id": "54009", "type": "Feature", "properties": {}, "geometry": {"type": "LineString", "coordinates": [[-95.9924059475278, 41.96520422544099], [-95.9863133442005, 41.950626156838254]]}}, {"id": "54010", "type": "Feature", "properties": {}, "geometry": {"type": "LineString", "coordinates": [[-95.98255320662696, 41.92095735283012], [-95.99094240687702, 41.906546349796024]]}}, {"id": "54011", "type": "Feature", "properties": {}, "geometry": {"type": "LineString", "coordinates": [[-95.99094240687702, 41.906546349796024], [-96.00029694122297, 41.89517434747635]]}}, {"id": "54012", "type": "Feature", "properties": {}, "geometry": {"type": "LineString", "coordinates": [[-96.00029694122297, 41.89517434747635], [-96.00029700769831, 41.89423701397187]]}}, {"id": "54013", "type": "Feature", "properties": {}, "geometry": {"type": "LineString", "coordinates": [[-96.07889035319113, 41.81280072995862], [-96.07935001932539, 41.810926396577955]]}}, {"id": "54014", "type": "Feature", "properties": {}, "geometry": {"type": "LineString", "coordinates": [[-96.10794416287847, 41.83500859794898], [-96.07889035319113, 41.81280072995862]]}}, {"id": "54015", "type": "Feature", "properties": {}, "geometry": {"type": "LineString", "coordinates": [[-95.93643520821162, 42.03959297351587], [-95.9584487440492, 42.01287743509498]]}}, {"id": "54016", "type": "Feature", "properties": {}, "geometry": {"type": "LineString", "coordinates": [[-95.92243033908322, 42.05203617635939], [-95.93643520821162, 42.03959297351587]]}}, {"id": "54017", "type": "Feature", "properties": {}, "geometry": {"type": "LineString", "coordinates": [[-95.92274033960292, 42.05615097718525], [-95.92243033908322, 42.05203617635939]]}}, {"id": "54018", "type": "Feature", "properties": {}, "geometry": {"type": "LineString", "coordinates": [[-95.91907180773049, 42.07295524687637], [-95.92274033960292, 42.05615097718525]]}}, {"id": "54019", "type": "Feature", "properties": {}, "geometry": {"type": "LineString", "coordinates": [[-95.91729494099681, 42.07663658091947], [-95.91907180773049, 42.07295524687637]]}}, {"id": "54020", "type": "Feature", "properties": {}, "geometry": {"type": "LineString", "coordinates": [[-95.91042420619063, 42.08093698195611], [-95.91729494099681, 42.07663658091947]]}}, {"id": "54021", "type": "Feature", "properties": {}, "geometry": {"type": "LineString", "coordinates": [[-95.90251060549302, 42.088003449990275], [-95.91042420619063, 42.08093698195611]]}}, {"id": "54022", "type": "Feature", "properties": {}, "geometry": {"type": "LineString", "coordinates": [[-95.89398060330531, 42.093377851463934], [-95.90251060549302, 42.088003449990275]]}}, {"id": "54023", "type": "Feature", "properties": {}, "geometry": {"type": "LineString", "coordinates": [[-95.88106040137345, 42.10263865370037], [-95.89398060330531, 42.093377851463934]]}}, {"id": "54024", "type": "Feature", "properties": {}, "geometry": {"type": "LineString", "coordinates": [[-95.87955673387725, 42.10508498726651], [-95.88106040137345, 42.10263865370037]]}}, {"id": "54025", "type": "Feature", "properties": {}, "geometry": {"type": "LineString", "coordinates": [[-95.86015339682812, 42.114801057127885], [-95.87955673387725, 42.10508498726651]]}}, {"id": "54026", "type": "Feature", "properties": {}, "geometry": {"type": "LineString", "coordinates": [[-95.84519692704788, 42.12488079285001], [-95.86015339682812, 42.114801057127885]]}}, {"id": "54027", "type": "Feature", "properties": {}, "geometry": {"type": "LineString", "coordinates": [[-95.8311265249212, 42.13468466155616], [-95.84519692704788, 42.12488079285001]]}}, {"id": "54028", "type": "Feature", "properties": {}, "geometry": {"type": "LineString", "coordinates": [[-95.82224419000434, 42.142774463788754], [-95.8311265249212, 42.13468466155616]]}}, {"id": "54029", "type": "Feature", "properties": {}, "geometry": {"type": "LineString", "coordinates": [[-95.82128972372675, 42.14595186394719], [-95.82224419000434, 42.142774463788754]]}}, {"id": "54030", "type": "Feature", "properties": {}, "geometry": {"type": "LineString", "coordinates": [[-95.81873932309182, 42.14679666447182], [-95.82128972372675, 42.14595186394719]]}}, {"id": "54031", "type": "Feature", "properties": {}, "geometry": {"type": "LineString", "coordinates": [[-95.81717138922187, 42.14816766500037], [-95.81873932309182, 42.14679666447182]]}}, {"id": "54032", "type": "Feature", "properties": {}, "geometry": {"type": "LineString", "coordinates": [[-95.8162789893439, 42.1502248653649], [-95.81717138922187, 42.14816766500037]]}}, {"id": "54033", "type": "Feature", "properties": {}, "geometry": {"type": "LineString", "coordinates": [[-95.81225118884997, 42.15390366615639], [-95.8162789893439, 42.1502248653649]]}}, {"id": "54034", "type": "Feature", "properties": {}, "geometry": {"type": "LineString", "coordinates": [[-95.80877438890019, 42.15934306725852], [-95.81225118884997, 42.15390366615639]]}}, {"id": "54035", "type": "Feature", "properties": {}, "geometry": {"type": "LineString", "coordinates": [[-95.80741358946678, 42.16871560195702], [-95.80877438890019, 42.15934306725852]]}}, {"id": "54036", "type": "Feature", "properties": {}, "geometry": {"type": "LineString", "coordinates": [[-95.79554771952265, 42.172161070055], [-95.80741358946678, 42.16871560195702]]}}, {"id": "54037", "type": "Feature", "properties": {}, "geometry": {"type": "LineString", "coordinates": [[-95.79025518543177, 42.17769020469527], [-95.79554771952265, 42.172161070055]]}}, {"id": "54038", "type": "Feature", "properties": {}, "geometry": {"type": "LineString", "coordinates": [[-95.78529278580112, 42.18866047314063], [-95.79025518543177, 42.17769020469527]]}}, {"id": "54039", "type": "Feature", "properties": {}, "geometry": {"type": "LineString", "coordinates": [[-95.77378291730577, 42.19759087522423], [-95.78529278580112, 42.18866047314063]]}}, {"id": "54040", "type": "Feature", "properties": {}, "geometry": {"type": "LineString", "coordinates": [[-95.77338198392309, 42.19839087545829], [-95.77378291730577, 42.19759087522423]]}}, {"id": "54041", "type": "Feature", "properties": {}, "geometry": {"type": "LineString", "coordinates": [[-95.76359018203618, 42.20757307714205], [-95.77338198392309, 42.19839087545829]]}}, {"id": "54042", "type": "Feature", "properties": {}, "geometry": {"type": "LineString", "coordinates": [[-95.7586313145812, 42.21243821184704], [-95.76359018203618, 42.20757307714205]]}}, {"id": "54043", "type": "Feature", "properties": {}, "geometry": {"type": "LineString", "coordinates": [[-95.75377311323527, 42.21199927884501], [-95.7586313145812, 42.21243821184704]]}}, {"id": "54044", "type": "Feature", "properties": {}, "geometry": {"type": "LineString", "coordinates": [[-95.75003697954442, 42.213879278960206], [-95.75377311323527, 42.21199927884501]]}}, {"id": "54045", "type": "Feature", "properties": {}, "geometry": {"type": "LineString", "coordinates": [[-95.74352431141386, 42.21729327982962], [-95.75003697954442, 42.213879278960206]]}}, {"id": "54046", "type": "Feature", "properties": {}, "geometry": {"type": "LineString", "coordinates": [[-95.7332007095737, 42.222768481394624], [-95.74352431141386, 42.21729327982962]]}}, {"id": "54047", "type": "Feature", "properties": {}, "geometry": {"type": "LineString", "coordinates": [[-95.70722550362014, 42.233263418499675], [-95.7332007095737, 42.222768481394624]]}}, {"id": "54048", "type": "Feature", "properties": {}, "geometry": {"type": "LineString", "coordinates": [[-95.70390290218383, 42.233266084988394], [-95.70722550362014, 42.233263418499675]]}}, {"id": "54049", "type": "Feature", "properties": {}, "geometry": {"type": "LineString", "coordinates": [[-95.70061630252914, 42.23688088607549], [-95.70390290218383, 42.233266084988394]]}}, {"id": "54050", "type": "Feature", "properties": {}, "geometry": {"type": "LineString", "coordinates": [[-95.70016196969274, 42.24216248698891], [-95.70061630252914, 42.23688088607549]]}}, {"id": "54051", "type": "Feature", "properties": {}, "geometry": {"type": "LineString", "coordinates": [[-95.69235176777927, 42.24596328768555], [-95.70016196969274, 42.24216248698891]]}}, {"id": "54052", "type": "Feature", "properties": {}, "geometry": {"type": "LineString", "coordinates": [[-95.68482749962072, 42.254311622953075], [-95.69235176777927, 42.24596328768555]]}}, {"id": "54053", "type": "Feature", "properties": {}, "geometry": {"type": "LineString", "coordinates": [[-95.66991256434598, 42.26872182606953], [-95.68465270094117, 42.26437122467419], [-95.68482749962072, 42.254311622953075]]}}, {"id": "54054", "type": "Feature", "properties": {}, "geometry": {"type": "LineString", "coordinates": [[-95.66409369565207, 42.266803493185634], [-95.66991256434598, 42.26872182606953]]}}, {"id": "54055", "type": "Feature", "properties": {}, "geometry": {"type": "LineString", "coordinates": [[-95.66157156230418, 42.26986789372779], [-95.66409369565207, 42.266803493185634]]}}, {"id": "54056", "type": "Feature", "properties": {}, "geometry": {"type": "LineString", "coordinates": [[-95.65877456244566, 42.277139028138215], [-95.66157156230418, 42.26986789372779]]}}, {"id": "54057", "type": "Feature", "properties": {}, "geometry": {"type": "LineString", "coordinates": [[-95.64760376035933, 42.28809303038136], [-95.65877456244566, 42.277139028138215]]}}, {"id": "54058", "type": "Feature", "properties": {}, "geometry": {"type": "LineString", "coordinates": [[-95.6473267603499, 42.28868749725243], [-95.64760376035933, 42.28809303038136]]}}, {"id": "54059", "type": "Feature", "properties": {}, "geometry": {"type": "LineString", "coordinates": [[-95.64452529316948, 42.28980823082181], [-95.6473267603499, 42.28868749725243]]}}, {"id": "54060", "type": "Feature", "properties": {}, "geometry": {"type": "LineString", "coordinates": [[-95.64276995995147, 42.28964849767565], [-95.64452529316948, 42.28980823082181]]}}, {"id": "54061", "type": "Feature", "properties": {}, "geometry": {"type": "LineString", "coordinates": [[-95.6411387595327, 42.292666631413354], [-95.64276995995147, 42.28964849767565]]}}, {"id": "54062", "type": "Feature", "properties": {}, "geometry": {"type": "LineString", "coordinates": [[-95.62851355625531, 42.291913432245195], [-95.6411387595327, 42.292666631413354]]}}, {"id": "54063", "type": "Feature", "properties": {}, "geometry": {"type": "LineString", "coordinates": [[-95.62133868782652, 42.295685900294856], [-95.62851355625531, 42.291913432245195]]}}, {"id": "54064", "type": "Feature", "properties": {}, "geometry": {"type": "LineString", "coordinates": [[-95.62109235450428, 42.29856650075603], [-95.62133868782652, 42.295685900294856]]}}, {"id": "54065", "type": "Feature", "properties": {}, "geometry": {"type": "LineString", "coordinates": [[-95.61634928753337, 42.30137850164253], [-95.62109235450428, 42.29856650075603]]}}, {"id": "54066", "type": "Feature", "properties": {}, "geometry": {"type": "LineString", "coordinates": [[-95.60427575135004, 42.30455510264072], [-95.61634928753337, 42.30137850164253]]}}, {"id": "54067", "type": "Feature", "properties": {}, "geometry": {"type": "LineString", "coordinates": [[-95.60347488440964, 42.30492070252274], [-95.60427575135004, 42.30455510264072]]}}, {"id": "54068", "type": "Feature", "properties": {}, "geometry": {"type": "LineString", "coordinates": [[-95.58557547985973, 42.31278110526619], [-95.60347488440964, 42.30492070252274]]}}, {"id": "54069", "type": "Feature", "properties": {}, "geometry": {"type": "LineString", "coordinates": [[-95.58212294610071, 42.31703243922674], [-95.58557547985973, 42.31278110526619]]}}, {"id": "54070", "type": "Feature", "properties": {}, "geometry": {"type": "LineString", "coordinates": [[-95.5709933452449, 42.327819441629586], [-95.58212294610071, 42.31703243922674]]}}, {"id": "54071", "type": "Feature", "properties": {}, "geometry": {"type": "LineString", "coordinates": [[-95.5552763410839, 42.33078364333389], [-95.5709933452449, 42.327819441629586]]}}, {"id": "54072", "type": "Feature", "properties": {}, "geometry": {"type": "LineString", "coordinates": [[-95.55234807400616, 42.33176491005018], [-95.5552763410839, 42.33078364333389]]}}, {"id": "54073", "type": "Feature", "properties": {}, "geometry": {"type": "LineString", "coordinates": [[-95.54649407220147, 42.331235443500354], [-95.55234807400616, 42.33176491005018]]}}, {"id": "54074", "type": "Feature", "properties": {}, "geometry": {"type": "LineString", "coordinates": [[-95.53936973760071, 42.336283245016595], [-95.54649407220147, 42.331235443500354]]}}, {"id": "54075", "type": "Feature", "properties": {}, "geometry": {"type": "LineString", "coordinates": [[-95.53675066974544, 42.33602991166314], [-95.53936973760071, 42.336283245016595]]}}, {"id": "54076", "type": "Feature", "properties": {}, "geometry": {"type": "LineString", "coordinates": [[-95.53114206881176, 42.33611704581388], [-95.53675066974544, 42.33602991166314]]}}, {"id": "54077", "type": "Feature", "properties": {}, "geometry": {"type": "LineString", "coordinates": [[-95.51856446546465, 42.339010047145734], [-95.53114206881176, 42.33611704581388]]}}, {"id": "54078", "type": "Feature", "properties": {}, "geometry": {"type": "LineString", "coordinates": [[-95.51739126480527, 42.34033511388018], [-95.51856446546465, 42.339010047145734]]}}, {"id": "54079", "type": "Feature", "properties": {}, "geometry": {"type": "LineString", "coordinates": [[-95.50364486164537, 42.34105344802708], [-95.51739126480527, 42.34033511388018]]}}, {"id": "54080", "type": "Feature", "properties": {}, "geometry": {"type": "LineString", "coordinates": [[-95.49914532704967, 42.3424558485926], [-95.50364486164537, 42.34105344802708]]}}, {"id": "54081", "type": "Feature", "properties": {}, "geometry": {"type": "LineString", "coordinates": [[-95.48515765706568, 42.34491671687056], [-95.49914532704967, 42.3424558485926]]}}, {"id": "54082", "type": "Feature", "properties": {}, "geometry": {"type": "LineString", "coordinates": [[-95.4834667231721, 42.347364850409676], [-95.48515765706568, 42.34491671687056]]}}, {"id": "54083", "type": "Feature", "properties": {}, "geometry": {"type": "LineString", "coordinates": [[-95.4795881229654, 42.35013505131027], [-95.4834667231721, 42.347364850409676]]}}, {"id": "55073", "type": "Feature", "properties": {}, "geometry": {"type": "LineString", "coordinates": [[-95.6473267603499, 42.28868749725243], [-95.64760376035933, 42.28809303038136]]}}, {"id": "55179", "type": "Feature", "properties": {}, "geometry": {"type": "LineString", "coordinates": [[-95.9584487440492, 42.01287743509498], [-95.98193781574157, 42.00000263126151]]}}, {"id": "55180", "type": "Feature", "properties": {}, "geometry": {"type": "LineString", "coordinates": [[-95.98193781574157, 42.00000263126151], [-95.98285554900886, 42.00000236489772]]}}, {"id": "55181", "type": "Feature", "properties": {}, "geometry": {"type": "LineString", "coordinates": [[-95.86227747858878, 41.091487432910206], [-95.8717161464493, 41.074367096268624]]}}, {"id": "55182", "type": "Feature", "properties": {}, "geometry": {"type": "LineString", "coordinates": [[-95.86593048218323, 41.114123636420125], [-95.86227747858878, 41.091487432910206]]}}, {"id": "55183", "type": "Feature", "properties": {}, "geometry": {"type": "LineString", "coordinates": [[-95.84142501615423, 41.17586764725773], [-95.84615428320573, 41.16674491269686], [-95.87070582292736, 41.16777251118334], [-95.88232822517497, 41.15677964164022], [-95.86616476280932, 41.11735873580119]]}}, {"id": "55184", "type": "Feature", "properties": {}, "geometry": {"type": "LineString", "coordinates": [[-95.86616476280932, 41.11735873580119], [-95.86593048218323, 41.114123636420125]]}}, {"id": "55185", "type": "Feature", "properties": {}, "geometry": {"type": "LineString", "coordinates": [[-95.83532461455195, 41.179808648749386], [-95.8397138153695, 41.17667731417059]]}}, {"id": "55186", "type": "Feature", "properties": {}, "geometry": {"type": "LineString", "coordinates": [[-95.8397138153695, 41.17667731417059], [-95.84142501615423, 41.17586764725773]]}}, {"id": "55264", "type": "Feature", "properties": {}, "geometry": {"type": "LineString", "coordinates": [[-95.87165270472899, 41.29457846428072], [-95.8811081055083, 41.28233152847704], [-95.92138364816532, 41.26773072318606], [-95.91166530780738, 41.22808165137114]]}}, {"id": "55265", "type": "Feature", "properties": {}, "geometry": {"type": "LineString", "coordinates": [[-95.90339310054665, 41.184495311416256], [-95.87251869234098, 41.18828224730063]]}}, {"id": "55266", "type": "Feature", "properties": {}, "geometry": {"type": "LineString", "coordinates": [[-95.88677731128261, 41.3184796669591], [-95.87281470609172, 41.30420933226596]]}}, {"id": "55267", "type": "Feature", "properties": {}, "geometry": {"type": "LineString", "coordinates": [[-95.85469028793617, 41.18663751493006], [-95.84142501615423, 41.17586764725773]]}}, {"id": "55268", "type": "Feature", "properties": {}, "geometry": {"type": "LineString", "coordinates": [[-95.87251869234098, 41.18828224730063], [-95.85469028793617, 41.18663751493006]]}}, {"id": "55269", "type": "Feature", "properties": {}, "geometry": {"type": "LineString", "coordinates": [[-95.91037390233136, 41.18456291121164], [-95.90339310054665, 41.184495311416256]]}}, {"id": "55270", "type": "Feature", "properties": {}, "geometry": {"type": "LineString", "coordinates": [[-95.87281470609172, 41.30420933226596], [-95.87165270472899, 41.29457846428072]]}}, {"id": "55338", "type": "Feature", "properties": {}, "geometry": {"type": "LineString", "coordinates": [[-95.93884625948475, 41.32827013125707], [-95.88677731128261, 41.3184796669591]]}}, {"id": "55352", "type": "Feature", "properties": {}, "geometry": {"type": "LineString", "coordinates": [[-95.91999533513136, 41.45245688498941], [-95.93251053610895, 41.43170094761685]]}}, {"id": "55353", "type": "Feature", "properties": {}, "geometry": {"type": "LineString", "coordinates": [[-95.9461576772266, 41.46597928558685], [-95.92201746978537, 41.456210486006114]]}}, {"id": "55354", "type": "Feature", "properties": {}, "geometry": {"type": "LineString", "coordinates": [[-95.92201746978537, 41.456210486006114], [-95.91999533513136, 41.45245688498941]]}}, {"id": "55377", "type": "Feature", "properties": {}, "geometry": {"type": "LineString", "coordinates": [[-95.95579181310305, 41.463584151477534], [-95.95536154613309, 41.46292128459757]]}}, {"id": "55381", "type": "Feature", "properties": {}, "geometry": {"type": "LineString", "coordinates": [[-95.87419803976402, 41.3047678651736], [-95.8728942384354, 41.29514246420274]]}}, {"id": "55382", "type": "Feature", "properties": {}, "geometry": {"type": "LineString", "coordinates": [[-95.8728942384354, 41.29514246420274], [-95.87165270472899, 41.29457846428072]]}}, {"id": "55383", "type": "Feature", "properties": {}, "geometry": {"type": "LineString", "coordinates": [[-95.87281470609172, 41.30420933226596], [-95.87419803976402, 41.3047678651736]]}}, {"id": "55813", "type": "Feature", "properties": {}, "geometry": {"type": "LineString", "coordinates": [[-95.91813613510695, 41.45395668564088], [-95.91999533513136, 41.45245688498941]]}}, {"id": "55814", "type": "Feature", "properties": {}, "geometry": {"type": "LineString", "coordinates": [[-95.95579181310305, 41.463584151477534], [-95.9461576772266, 41.46597928558685]]}}, {"id": "55823", "type": "Feature", "properties": {}, "geometry": {"type": "LineString", "coordinates": [[-95.99868182513936, 41.47136908272877], [-95.95579181310305, 41.463584151477534]]}}, {"id": "55840", "type": "Feature", "properties": {}, "geometry": {"type": "LineString", "coordinates": [[-95.90293913871446, 41.52188569673987], [-95.9079496709764, 41.50439476099213]]}}, {"id": "55841", "type": "Feature", "properties": {}, "geometry": {"type": "LineString", "coordinates": [[-95.89572993667552, 41.523487497454255], [-95.90293913871446, 41.52188569673987]]}}, {"id": "55842", "type": "Feature", "properties": {}, "geometry": {"type": "LineString", "coordinates": [[-95.88551066876572, 41.53642910033895], [-95.89572993667552, 41.523487497454255]]}}, {"id": "55843", "type": "Feature", "properties": {}, "geometry": {"type": "LineString", "coordinates": [[-95.88481093595661, 41.53681790035377], [-95.88551066876572, 41.53642910033895]]}}, {"id": "55844", "type": "Feature", "properties": {}, "geometry": {"type": "LineString", "coordinates": [[-95.87592626721666, 41.54498030244097], [-95.88481093595661, 41.53681790035377]]}}, {"id": "55845", "type": "Feature", "properties": {}, "geometry": {"type": "LineString", "coordinates": [[-95.8706918667011, 41.54991857029852], [-95.87592626721666, 41.54498030244097]]}}, {"id": "55846", "type": "Feature", "properties": {}, "geometry": {"type": "LineString", "coordinates": [[-95.85327853066994, 41.56603517347382], [-95.8706918667011, 41.54991857029852]]}}, {"id": "55847", "type": "Feature", "properties": {}, "geometry": {"type": "LineString", "coordinates": [[-95.8481017292321, 41.570606774603306], [-95.85327853066994, 41.56603517347382]]}}, {"id": "55848", "type": "Feature", "properties": {}, "geometry": {"type": "LineString", "coordinates": [[-95.84505612870352, 41.57344110879425], [-95.8481017292321, 41.570606774603306]]}}, {"id": "55849", "type": "Feature", "properties": {}, "geometry": {"type": "LineString", "coordinates": [[-95.83437269140494, 41.582951877598596], [-95.84505612870352, 41.57344110879425]]}}, {"id": "55850", "type": "Feature", "properties": {}, "geometry": {"type": "LineString", "coordinates": [[-95.82912305995373, 41.58877737887995], [-95.83437269140494, 41.582951877598596]]}}, {"id": "55851", "type": "Feature", "properties": {}, "geometry": {"type": "LineString", "coordinates": [[-95.82256905943864, 41.597782780369684], [-95.82912305995373, 41.58877737887995]]}}, {"id": "55852", "type": "Feature", "properties": {}, "geometry": {"type": "LineString", "coordinates": [[-95.81768972522563, 41.60523398204686], [-95.82256905943864, 41.597782780369684]]}}, {"id": "55853", "type": "Feature", "properties": {}, "geometry": {"type": "LineString", "coordinates": [[-95.81378572515429, 41.6109251163725], [-95.81768972522563, 41.60523398204686]]}}, {"id": "55854", "type": "Feature", "properties": {}, "geometry": {"type": "LineString", "coordinates": [[-95.80527365783124, 41.62379251871415], [-95.81378572515429, 41.6109251163725]]}}, {"id": "55855", "type": "Feature", "properties": {}, "geometry": {"type": "LineString", "coordinates": [[-95.7821472539854, 41.64629779057505], [-95.80527365783124, 41.62379251871415]]}}, {"id": "55856", "type": "Feature", "properties": {}, "geometry": {"type": "LineString", "coordinates": [[-95.78171712086441, 41.648880924118664], [-95.7821472539854, 41.64629779057505]]}}, {"id": "55857", "type": "Feature", "properties": {}, "geometry": {"type": "LineString", "coordinates": [[-95.77628332040692, 41.654455525874695], [-95.78171712086441, 41.648880924118664]]}}, {"id": "55858", "type": "Feature", "properties": {}, "geometry": {"type": "LineString", "coordinates": [[-95.7577568504662, 41.66760872865836], [-95.77628332040692, 41.654455525874695]]}}, {"id": "55859", "type": "Feature", "properties": {}, "geometry": {"type": "LineString", "coordinates": [[-95.75091271567389, 41.675490130293916], [-95.7577568504662, 41.66760872865836]]}}, {"id": "55860", "type": "Feature", "properties": {}, "geometry": {"type": "LineString", "coordinates": [[-95.7478048484214, 41.678747131467226], [-95.75091271567389, 41.675490130293916]]}}, {"id": "55861", "type": "Feature", "properties": {}, "geometry": {"type": "LineString", "coordinates": [[-95.73669604895431, 41.70699580306721], [-95.7478048484214, 41.678747131467226]]}}, {"id": "55862", "type": "Feature", "properties": {}, "geometry": {"type": "LineString", "coordinates": [[-95.73501931562873, 41.70775213629745], [-95.73669604895431, 41.70699580306721]]}}, {"id": "55863", "type": "Feature", "properties": {}, "geometry": {"type": "LineString", "coordinates": [[-95.72331471304105, 41.71469140470152], [-95.73501931562873, 41.70775213629745]]}}, {"id": "55864", "type": "Feature", "properties": {}, "geometry": {"type": "LineString", "coordinates": [[-95.71602904460849, 41.71929373922367], [-95.72331471304105, 41.71469140470152]]}}, {"id": "55865", "type": "Feature", "properties": {}, "geometry": {"type": "LineString", "coordinates": [[-95.71078391012358, 41.721858940466774], [-95.71602904460849, 41.71929373922367]]}}, {"id": "55866", "type": "Feature", "properties": {}, "geometry": {"type": "LineString", "coordinates": [[-95.70432390931983, 41.728837608091254], [-95.71078391012358, 41.721858940466774]]}}, {"id": "55867", "type": "Feature", "properties": {}, "geometry": {"type": "LineString", "coordinates": [[-95.69524310870894, 41.74036781056645], [-95.70432390931983, 41.728837608091254]]}}, {"id": "55868", "type": "Feature", "properties": {}, "geometry": {"type": "LineString", "coordinates": [[-95.6926215085029, 41.74343341134065], [-95.69524310870894, 41.74036781056645]]}}, {"id": "55891", "type": "Feature", "properties": {}, "geometry": {"type": "LineString", "coordinates": [[-95.67902670682696, 41.760248547978414], [-95.6926215085029, 41.74343341134065]]}}, {"id": "55892", "type": "Feature", "properties": {}, "geometry": {"type": "LineString", "coordinates": [[-95.6707583057281, 41.769992416946685], [-95.67902670682696, 41.760248547978414]]}}, {"id": "55893", "type": "Feature", "properties": {}, "geometry": {"type": "LineString", "coordinates": [[-95.67017843872063, 41.77061001709976], [-95.6707583057281, 41.769992416946685]]}}, {"id": "55894", "type": "Feature", "properties": {}, "geometry": {"type": "LineString", "coordinates": [[-95.64688483594253, 41.79800862265604], [-95.67017843872063, 41.77061001709976]]}}, {"id": "55895", "type": "Feature", "properties": {}, "geometry": {"type": "LineString", "coordinates": [[-95.64181810327979, 41.816003959331155], [-95.63872903417294, 41.80743035791644], [-95.64688483594253, 41.79800862265604]]}}, {"id": "55896", "type": "Feature", "properties": {}, "geometry": {"type": "LineString", "coordinates": [[-95.63961830252381, 41.81877102619189], [-95.64181810327979, 41.816003959331155]]}}, {"id": "55897", "type": "Feature", "properties": {}, "geometry": {"type": "LineString", "coordinates": [[-95.63585970196773, 41.822955627062534], [-95.63961830252381, 41.81877102619189]]}}, {"id": "55911", "type": "Feature", "properties": {}, "geometry": {"type": "LineString", "coordinates": [[-95.62669043436935, 41.83413722990351], [-95.63585970196773, 41.822955627062534]]}}, {"id": "55912", "type": "Feature", "properties": {}, "geometry": {"type": "LineString", "coordinates": [[-95.62265503412812, 41.83875596416915], [-95.62669043436935, 41.83413722990351]]}}, {"id": "55913", "type": "Feature", "properties": {}, "geometry": {"type": "LineString", "coordinates": [[-95.62155430056272, 41.840333764513346], [-95.62265503412812, 41.83875596416915]]}}, {"id": "55914", "type": "Feature", "properties": {}, "geometry": {"type": "LineString", "coordinates": [[-95.61137103263792, 41.85245176677256], [-95.62155430056272, 41.840333764513346]]}}, {"id": "55915", "type": "Feature", "properties": {}, "geometry": {"type": "LineString", "coordinates": [[-95.60577283150027, 41.85953923469967], [-95.61137103263792, 41.85245176677256]]}}, {"id": "55916", "type": "Feature", "properties": {}, "geometry": {"type": "LineString", "coordinates": [[-95.60280509783887, 41.86331143563787], [-95.60577283150027, 41.85953923469967]]}}, {"id": "55917", "type": "Feature", "properties": {}, "geometry": {"type": "LineString", "coordinates": [[-95.59799983151767, 41.873051170811266], [-95.60280509783887, 41.86331143563787]]}}, {"id": "55918", "type": "Feature", "properties": {}, "geometry": {"type": "LineString", "coordinates": [[-95.58789882950997, 41.88500717307018], [-95.59799983151767, 41.873051170811266]]}}, {"id": "55919", "type": "Feature", "properties": {}, "geometry": {"type": "LineString", "coordinates": [[-95.5780094948377, 41.894950375740756], [-95.58789882950997, 41.88500717307018]]}}, {"id": "55920", "type": "Feature", "properties": {}, "geometry": {"type": "LineString", "coordinates": [[-95.57770342804062, 41.8951101751846], [-95.5780094948377, 41.894950375740756]]}}, {"id": "55921", "type": "Feature", "properties": {}, "geometry": {"type": "LineString", "coordinates": [[-95.57672362837371, 41.896070175745784], [-95.57770342804062, 41.8951101751846]]}}, {"id": "55922", "type": "Feature", "properties": {}, "geometry": {"type": "LineString", "coordinates": [[-95.57577429506965, 41.897030242784545], [-95.57672362837371, 41.896070175745784]]}}, {"id": "55923", "type": "Feature", "properties": {}, "geometry": {"type": "LineString", "coordinates": [[-95.5705976939561, 41.90313317694062], [-95.57577429506965, 41.897030242784545]]}}, {"id": "55924", "type": "Feature", "properties": {}, "geometry": {"type": "LineString", "coordinates": [[-95.56998509413631, 41.90368164400381], [-95.5705976939561, 41.90313317694062]]}}, {"id": "55925", "type": "Feature", "properties": {}, "geometry": {"type": "LineString", "coordinates": [[-95.55571342447021, 41.91318677989795], [-95.56998509413631, 41.90368164400381]]}}, {"id": "55926", "type": "Feature", "properties": {}, "geometry": {"type": "LineString", "coordinates": [[-95.55246669025124, 41.91499124709788], [-95.55571342447021, 41.91318677989795]]}}, {"id": "55927", "type": "Feature", "properties": {}, "geometry": {"type": "LineString", "coordinates": [[-95.54257368865596, 41.91948984848334], [-95.55246669025124, 41.91499124709788]]}}, {"id": "55928", "type": "Feature", "properties": {}, "geometry": {"type": "LineString", "coordinates": [[-95.52753581803627, 41.924006449577355], [-95.54257368865596, 41.91948984848334]]}}, {"id": "55929", "type": "Feature", "properties": {}, "geometry": {"type": "LineString", "coordinates": [[-95.52386021732086, 41.925100983814666], [-95.52753581803627, 41.924006449577355]]}}, {"id": "55930", "type": "Feature", "properties": {}, "geometry": {"type": "LineString", "coordinates": [[-95.51672261550165, 41.92747318451719], [-95.52386021732086, 41.925100983814666]]}}, {"id": "55931", "type": "Feature", "properties": {}, "geometry": {"type": "LineString", "coordinates": [[-95.51644668269076, 41.92770158418038], [-95.51672261550165, 41.92747318451719]]}}, {"id": "55932", "type": "Feature", "properties": {}, "geometry": {"type": "LineString", "coordinates": [[-95.5044660134432, 41.932675185838015], [-95.51644668269076, 41.92770158418038]]}}, {"id": "55933", "type": "Feature", "properties": {}, "geometry": {"type": "LineString", "coordinates": [[-95.49839201153051, 41.93421478645682], [-95.5044660134432, 41.932675185838015]]}}, {"id": "55934", "type": "Feature", "properties": {}, "geometry": {"type": "LineString", "coordinates": [[-95.48844247536115, 41.93562058778638], [-95.49839201153051, 41.93421478645682]]}}, {"id": "55935", "type": "Feature", "properties": {}, "geometry": {"type": "LineString", "coordinates": [[-95.4881352757885, 41.93509498766382], [-95.48844247536115, 41.93562058778638]]}}, {"id": "55936", "type": "Feature", "properties": {}, "geometry": {"type": "LineString", "coordinates": [[-95.4811266073654, 41.9372972548036], [-95.4881352757885, 41.93509498766382]]}}, {"id": "55937", "type": "Feature", "properties": {}, "geometry": {"type": "LineString", "coordinates": [[-95.47738987270164, 41.93691225494853], [-95.4811266073654, 41.9372972548036]]}}, {"id": "55938", "type": "Feature", "properties": {}, "geometry": {"type": "LineString", "coordinates": [[-95.46529887057424, 41.94042165627225], [-95.47738987270164, 41.93691225494853]]}}, {"id": "55939", "type": "Feature", "properties": {}, "geometry": {"type": "LineString", "coordinates": [[-95.45489406821892, 41.94607805808332], [-95.46529887057424, 41.94042165627225]]}}, {"id": "55940", "type": "Feature", "properties": {}, "geometry": {"type": "LineString", "coordinates": [[-95.44972680060117, 41.95289599292655], [-95.45489406821892, 41.94607805808332]]}}, {"id": "55941", "type": "Feature", "properties": {}, "geometry": {"type": "LineString", "coordinates": [[-95.44862446713626, 41.953285459848225], [-95.44972680060117, 41.95289599292655]]}}, {"id": "55942", "type": "Feature", "properties": {}, "geometry": {"type": "LineString", "coordinates": [[-95.43493926440003, 41.959971395051326], [-95.44862446713626, 41.953285459848225]]}}, {"id": "55943", "type": "Feature", "properties": {}, "geometry": {"type": "LineString", "coordinates": [[-95.42994779618506, 41.962077862284104], [-95.43493926440003, 41.959971395051326]]}}, {"id": "55944", "type": "Feature", "properties": {}, "geometry": {"type": "LineString", "coordinates": [[-95.41436379389005, 41.974821998085574], [-95.42994779618506, 41.962077862284104]]}}, {"id": "55945", "type": "Feature", "properties": {}, "geometry": {"type": "LineString", "coordinates": [[-95.41130339361719, 41.98021966591115], [-95.41436379389005, 41.974821998085574]]}}, {"id": "55946", "type": "Feature", "properties": {}, "geometry": {"type": "LineString", "coordinates": [[-95.40720186030306, 41.98751566752381], [-95.41130339361719, 41.98021966591115]]}}, {"id": "55947", "type": "Feature", "properties": {}, "geometry": {"type": "LineString", "coordinates": [[-95.39506885744457, 41.99563706934623], [-95.40720186030306, 41.98751566752381]]}}, {"id": "55948", "type": "Feature", "properties": {}, "geometry": {"type": "LineString", "coordinates": [[-95.38765658943905, 42.00000087085743], [-95.39506885744457, 41.99563706934623]]}}, {"id": "55949", "type": "Feature", "properties": {}, "geometry": {"type": "LineString", "coordinates": [[-95.38566858896918, 42.00284467103535], [-95.38765658943905, 42.00000087085743]]}}, {"id": "55950", "type": "Feature", "properties": {}, "geometry": {"type": "LineString", "coordinates": [[-95.38290965522083, 42.004674204947946], [-95.38566858896918, 42.00284467103535]]}}, {"id": "55951", "type": "Feature", "properties": {}, "geometry": {"type": "LineString", "coordinates": [[-95.37205658725051, 42.01217460680476], [-95.38290965522083, 42.004674204947946]]}}, {"id": "57224", "type": "Feature", "properties": {}, "geometry": {"type": "LineString", "coordinates": [[-95.90916886717493, 41.46770955516687], [-95.91221473450312, 41.46308368720596]]}}, {"id": "57226", "type": "Feature", "properties": {}, "geometry": {"type": "LineString", "coordinates": [[-95.91221473450312, 41.46308368720596], [-95.91813613510695, 41.45395668564088]]}}, {"id": "57228", "type": "Feature", "properties": {}, "geometry": {"type": "LineString", "coordinates": [[-95.90767227031833, 41.50001216024163], [-95.90846506859086, 41.48014749013352]]}}, {"id": "57229", "type": "Feature", "properties": {}, "geometry": {"type": "LineString", "coordinates": [[-95.90846506859086, 41.48014749013352], [-95.90916886717493, 41.46770955516687]]}}, {"id": "57230", "type": "Feature", "properties": {}, "geometry": {"type": "LineString", "coordinates": [[-95.9079496709764, 41.50439476099213], [-95.90767227031833, 41.50001216024163]]}}, {"id": "57335", "type": "Feature", "properties": {}, "geometry": {"type": "LineString", "coordinates": [[-95.79272701312377, 40.66121616975691], [-95.77474320646301, 40.645435968647426], [-95.77061720393887, 40.63067903318465]]}}, {"id": "57336", "type": "Feature", "properties": {}, "geometry": {"type": "LineString", "coordinates": [[-95.82827342347655, 40.669519035822915], [-95.79272701312377, 40.66121616975691]]}}, {"id": "57337", "type": "Feature", "properties": {}, "geometry": {"type": "LineString", "coordinates": [[-95.86259797053269, 40.70943563975524], [-95.84925496573258, 40.69792043893845], [-95.84444976229348, 40.67978976978739]]}}, {"id": "57338", "type": "Feature", "properties": {}, "geometry": {"type": "LineString", "coordinates": [[-95.88626957989078, 40.74408484385003], [-95.88480364433146, 40.72020797373084], [-95.8687750388529, 40.712317239653316]]}}, {"id": "57339", "type": "Feature", "properties": {}, "geometry": {"type": "LineString", "coordinates": [[-95.8687750388529, 40.712317239653316], [-95.86259797053269, 40.70943563975524]]}}, {"id": "57340", "type": "Feature", "properties": {}, "geometry": {"type": "LineString", "coordinates": [[-95.83984284039376, 40.79716285505554], [-95.83637577099513, 40.77715705254378], [-95.86149117603408, 40.76293604810245]]}}, {"id": "57354", "type": "Feature", "properties": {}, "geometry": {"type": "LineString", "coordinates": [[-95.84857718325745, 40.85930466403109], [-95.83691064408498, 40.83553759497448], [-95.84482084376093, 40.81592059135301]]}}, {"id": "57367", "type": "Feature", "properties": {}, "geometry": {"type": "LineString", "coordinates": [[-95.80913664262336, 40.89313127181056], [-95.817299043417, 40.87857866944101]]}}, {"id": "57368", "type": "Feature", "properties": {}, "geometry": {"type": "LineString", "coordinates": [[-95.83860205408568, 40.92708987525677], [-95.82308264874445, 40.91009160752289]]}}, {"id": "57369", "type": "Feature", "properties": {}, "geometry": {"type": "LineString", "coordinates": [[-95.82308264874445, 40.91009160752289], [-95.80913664262336, 40.89313127181056]]}}, {"id": "57448", "type": "Feature", "properties": {}, "geometry": {"type": "LineString", "coordinates": [[-95.86271226857619, 40.9963448845442], [-95.82786999008245, 40.9742978172105]]}}, {"id": "57449", "type": "Feature", "properties": {}, "geometry": {"type": "LineString", "coordinates": [[-95.87283027659053, 41.04729269198221], [-95.85861280498048, 41.03297449069196], [-95.86923180522541, 41.00910482006951], [-95.86586966983175, 41.00001061867647]]}}, {"id": "57614", "type": "Feature", "properties": {}, "geometry": {"type": "LineString", "coordinates": [[-95.83147865552941, 40.957798080811635], [-95.8383937886702, 40.93525460995104], [-95.82306178177872, 40.91098967389854]]}}, {"id": "57615", "type": "Feature", "properties": {}, "geometry": {"type": "LineString", "coordinates": [[-95.82306178177872, 40.91098967389854], [-95.82308264874445, 40.91009160752289]]}}, {"id": "57710", "type": "Feature", "properties": {}, "geometry": {"type": "LineString", "coordinates": [[-95.82786999008245, 40.9742978172105], [-95.8326878561738, 40.95823828090108]]}}, {"id": "57716", "type": "Feature", "properties": {}, "geometry": {"type": "LineString", "coordinates": [[-95.77061720393887, 40.63067903318465], [-95.74834912866889, 40.60313823031842]]}}, {"id": "57717", "type": "Feature", "properties": {}, "geometry": {"type": "LineString", "coordinates": [[-95.74834912866889, 40.60313823031842], [-95.77261659863976, 40.57956075833742]]}}, {"id": "57724", "type": "Feature", "properties": {}, "geometry": {"type": "LineString", "coordinates": [[-95.79272701312377, 40.66121616975691], [-95.79268361281744, 40.66209743693558]]}}, {"id": "57725", "type": "Feature", "properties": {}, "geometry": {"type": "LineString", "coordinates": [[-95.79268361281744, 40.66209743693558], [-95.7795336092595, 40.66016743757251], [-95.74910653062427, 40.622831033685216], [-95.74733692856631, 40.60778623134883]]}}, {"id": "57742", "type": "Feature", "properties": {}, "geometry": {"type": "LineString", "coordinates": [[-95.59449476787411, 40.726568459743056], [-95.59489416603594, 40.709331789781324]]}}, {"id": "57743", "type": "Feature", "properties": {}, "geometry": {"type": "LineString", "coordinates": [[-95.59103077251038, 40.78318600178369], [-95.59452163828088, 40.76159339822384]]}}, {"id": "57744", "type": "Feature", "properties": {}, "geometry": {"type": "LineString", "coordinates": [[-95.59436783412782, 40.730265660151275], [-95.59449476787411, 40.726568459743056]]}}, {"id": "57745", "type": "Feature", "properties": {}, "geometry": {"type": "LineString", "coordinates": [[-95.59434730403032, 40.756958864518836], [-95.59436783412782, 40.730265660151275]]}}, {"id": "57746", "type": "Feature", "properties": {}, "geometry": {"type": "LineString", "coordinates": [[-95.59452163828088, 40.76159339822384], [-95.59434730403032, 40.756958864518836]]}}, {"id": "57840", "type": "Feature", "properties": {}, "geometry": {"type": "LineString", "coordinates": [[-95.58582090768017, 40.80784027302653], [-95.59004230679592, 40.79380620397723]]}}, {"id": "57841", "type": "Feature", "properties": {}, "geometry": {"type": "LineString", "coordinates": [[-95.59004230679592, 40.79380620397723], [-95.59011243916846, 40.78723686914785]]}}, {"id": "57849", "type": "Feature", "properties": {}, "geometry": {"type": "LineString", "coordinates": [[-95.5897500435115, 40.82218367501768], [-95.58582090768017, 40.80784027302653]]}}, {"id": "57850", "type": "Feature", "properties": {}, "geometry": {"type": "LineString", "coordinates": [[-95.58205397794477, 40.8508326131579], [-95.58884511123699, 40.83460281055542]]}}, {"id": "57851", "type": "Feature", "properties": {}, "geometry": {"type": "LineString", "coordinates": [[-95.5813197112012, 40.85515708078919], [-95.58205397794477, 40.8508326131579]]}}, {"id": "57852", "type": "Feature", "properties": {}, "geometry": {"type": "LineString", "coordinates": [[-95.58029818029776, 40.87876808445536], [-95.58057857953224, 40.87383081715155]]}}, {"id": "57853", "type": "Feature", "properties": {}, "geometry": {"type": "LineString", "coordinates": [[-95.58057857953224, 40.87383081715155], [-95.5813197112012, 40.85515708078919]]}}, {"id": "57863", "type": "Feature", "properties": {}, "geometry": {"type": "LineString", "coordinates": [[-95.57914131370521, 40.88430841890138], [-95.58029818029776, 40.87876808445536]]}}, {"id": "57864", "type": "Feature", "properties": {}, "geometry": {"type": "LineString", "coordinates": [[-95.57925031438347, 40.88601568584222], [-95.57914131370521, 40.88430841890138]]}}, {"id": "57865", "type": "Feature", "properties": {}, "geometry": {"type": "LineString", "coordinates": [[-95.57603991522107, 40.905685622343654], [-95.57925031438347, 40.88601568584222]]}}, {"id": "57866", "type": "Feature", "properties": {}, "geometry": {"type": "LineString", "coordinates": [[-95.57603218252311, 40.9059458221532], [-95.57603991522107, 40.905685622343654]]}}, {"id": "57867", "type": "Feature", "properties": {}, "geometry": {"type": "LineString", "coordinates": [[-95.5659667807501, 40.921602092350255], [-95.57311358221615, 40.91105649010004]]}}, {"id": "57868", "type": "Feature", "properties": {}, "geometry": {"type": "LineString", "coordinates": [[-95.57311358221615, 40.91105649010004], [-95.57603218252311, 40.9059458221532]]}}, {"id": "57869", "type": "Feature", "properties": {}, "geometry": {"type": "LineString", "coordinates": [[-95.56586498186547, 40.92762029283437], [-95.5659667807501, 40.921602092350255]]}}, {"id": "57870", "type": "Feature", "properties": {}, "geometry": {"type": "LineString", "coordinates": [[-95.5660923167178, 40.94216889494262], [-95.56586498186547, 40.92762029283437]]}}, {"id": "57871", "type": "Feature", "properties": {}, "geometry": {"type": "LineString", "coordinates": [[-95.559643516109, 40.9547742973102], [-95.5660923167178, 40.94216889494262]]}}, {"id": "57872", "type": "Feature", "properties": {}, "geometry": {"type": "LineString", "coordinates": [[-95.53095617863339, 40.98242810406959], [-95.559643516109, 40.9547742973102]]}}, {"id": "57873", "type": "Feature", "properties": {}, "geometry": {"type": "LineString", "coordinates": [[-95.527987513419, 41.00001544037789], [-95.53095617863339, 40.98242810406959]]}}, {"id": "57874", "type": "Feature", "properties": {}, "geometry": {"type": "LineString", "coordinates": [[-95.5251763147891, 41.018915709740334], [-95.527987513419, 41.00001544037789]]}}, {"id": "57875", "type": "Feature", "properties": {}, "geometry": {"type": "LineString", "coordinates": [[-95.50847191121387, 41.031855912747545], [-95.52511171514038, 41.028543044983245], [-95.5251763147891, 41.018915709740334]]}}, {"id": "57908", "type": "Feature", "properties": {}, "geometry": {"type": "LineString", "coordinates": [[-95.50714931173958, 41.0373381136388], [-95.50847191121387, 41.031855912747545]]}}, {"id": "57909", "type": "Feature", "properties": {}, "geometry": {"type": "LineString", "coordinates": [[-95.49912331024038, 41.04630944910819], [-95.50714931173958, 41.0373381136388]]}}, {"id": "57910", "type": "Feature", "properties": {}, "geometry": {"type": "LineString", "coordinates": [[-95.49429477755332, 41.06488365264266], [-95.49912331024038, 41.04630944910819]]}}, {"id": "57911", "type": "Feature", "properties": {}, "geometry": {"type": "LineString", "coordinates": [[-95.49391891165868, 41.073894320467886], [-95.49429477755332, 41.06488365264266]]}}, {"id": "57912", "type": "Feature", "properties": {}, "geometry": {"type": "LineString", "coordinates": [[-95.4743709754932, 41.09554672512073], [-95.49391891165868, 41.073894320467886]]}}, {"id": "57913", "type": "Feature", "properties": {}, "geometry": {"type": "LineString", "coordinates": [[-95.47437137614182, 41.09575265841221], [-95.4743709754932, 41.09554672512073]]}}, {"id": "57914", "type": "Feature", "properties": {}, "geometry": {"type": "LineString", "coordinates": [[-95.4657979745461, 41.10378672718829], [-95.47437137614182, 41.09575265841221]]}}, {"id": "57915", "type": "Feature", "properties": {}, "geometry": {"type": "LineString", "coordinates": [[-95.46512170932549, 41.11677672897137], [-95.4657979745461, 41.10378672718829]]}}, {"id": "57916", "type": "Feature", "properties": {}, "geometry": {"type": "LineString", "coordinates": [[-95.45256110749345, 41.13151366528268], [-95.46512170932549, 41.11677672897137]]}}, {"id": "57917", "type": "Feature", "properties": {}, "geometry": {"type": "LineString", "coordinates": [[-95.44412310536725, 41.13202253282634], [-95.45256110749345, 41.13151366528268]]}}, {"id": "57974", "type": "Feature", "properties": {}, "geometry": {"type": "LineString", "coordinates": [[-95.44202150664154, 41.145928068132385], [-95.44412310536725, 41.13202253282634]]}}, {"id": "57975", "type": "Feature", "properties": {}, "geometry": {"type": "LineString", "coordinates": [[-95.44153830644348, 41.14661446842957], [-95.44202150664154, 41.145928068132385]]}}, {"id": "57976", "type": "Feature", "properties": {}, "geometry": {"type": "LineString", "coordinates": [[-95.43819150619002, 41.15697593694947], [-95.44153830644348, 41.14661446842957]]}}, {"id": "57977", "type": "Feature", "properties": {}, "geometry": {"type": "LineString", "coordinates": [[-95.43816830719781, 41.16344773786999], [-95.43819150619002, 41.15697593694947]]}}, {"id": "57978", "type": "Feature", "properties": {}, "geometry": {"type": "LineString", "coordinates": [[-95.43653630727843, 41.1654383383298], [-95.43816830719781, 41.16344773786999]]}}, {"id": "57979", "type": "Feature", "properties": {}, "geometry": {"type": "LineString", "coordinates": [[-95.43614610696677, 41.16841147232882], [-95.43653630727843, 41.1654383383298]]}}, {"id": "57980", "type": "Feature", "properties": {}, "geometry": {"type": "LineString", "coordinates": [[-95.43950737458788, 41.17023907251465], [-95.43614610696677, 41.16841147232882]]}}, {"id": "57981", "type": "Feature", "properties": {}, "geometry": {"type": "LineString", "coordinates": [[-95.4358215079254, 41.176141340020486], [-95.43950737458788, 41.17023907251465]]}}, {"id": "57982", "type": "Feature", "properties": {}, "geometry": {"type": "LineString", "coordinates": [[-95.43515877492621, 41.179137474089146], [-95.4358215079254, 41.176141340020486]]}}, {"id": "57983", "type": "Feature", "properties": {}, "geometry": {"type": "LineString", "coordinates": [[-95.43534410814911, 41.18272774095984], [-95.43515877492621, 41.179137474089146]]}}, {"id": "57984", "type": "Feature", "properties": {}, "geometry": {"type": "LineString", "coordinates": [[-95.44700937979871, 41.19186787509325], [-95.43534410814911, 41.18272774095984]]}}, {"id": "57985", "type": "Feature", "properties": {}, "geometry": {"type": "LineString", "coordinates": [[-95.44538051320305, 41.19667127621852], [-95.44700937979871, 41.19186787509325]]}}, {"id": "57986", "type": "Feature", "properties": {}, "geometry": {"type": "LineString", "coordinates": [[-95.42953071019527, 41.21163694637793], [-95.42885337508116, 41.200431677616436], [-95.44538051320305, 41.19667127621852]]}}, {"id": "57987", "type": "Feature", "properties": {}, "geometry": {"type": "LineString", "coordinates": [[-95.42950437698104, 41.21561608018317], [-95.42953071019527, 41.21163694637793]]}}, {"id": "57988", "type": "Feature", "properties": {}, "geometry": {"type": "LineString", "coordinates": [[-95.42896137773113, 41.21788048045636], [-95.42950437698104, 41.21561608018317]]}}, {"id": "57989", "type": "Feature", "properties": {}, "geometry": {"type": "LineString", "coordinates": [[-95.42794051158101, 41.22682254827283], [-95.42896137773113, 41.21788048045636]]}}, {"id": "57990", "type": "Feature", "properties": {}, "geometry": {"type": "LineString", "coordinates": [[-95.42733611158313, 41.22819508242347], [-95.42794051158101, 41.22682254827283]]}}, {"id": "57991", "type": "Feature", "properties": {}, "geometry": {"type": "LineString", "coordinates": [[-95.4264301785854, 41.23119128255697], [-95.42733611158313, 41.22819508242347]]}}, {"id": "57992", "type": "Feature", "properties": {}, "geometry": {"type": "LineString", "coordinates": [[-95.42546657823802, 41.237137550221206], [-95.4264301785854, 41.23119128255697]]}}, {"id": "57993", "type": "Feature", "properties": {}, "geometry": {"type": "LineString", "coordinates": [[-95.42459477942444, 41.24422728460519], [-95.42546657823802, 41.237137550221206]]}}, {"id": "57994", "type": "Feature", "properties": {}, "geometry": {"type": "LineString", "coordinates": [[-95.42408151261381, 41.24621715164893], [-95.42459477942444, 41.24422728460519]]}}, {"id": "57995", "type": "Feature", "properties": {}, "geometry": {"type": "LineString", "coordinates": [[-95.4234477125533, 41.248870285489865], [-95.42408151261381, 41.24621715164893]]}}, {"id": "57996", "type": "Feature", "properties": {}, "geometry": {"type": "LineString", "coordinates": [[-95.42207138035032, 41.26213355469216], [-95.4234477125533, 41.248870285489865]]}}, {"id": "57997", "type": "Feature", "properties": {}, "geometry": {"type": "LineString", "coordinates": [[-95.42210178023784, 41.26240795429044], [-95.42207138035032, 41.26213355469216]]}}, {"id": "57998", "type": "Feature", "properties": {}, "geometry": {"type": "LineString", "coordinates": [[-95.42416838239673, 41.26988515544552], [-95.42210178023784, 41.26240795429044]]}}, {"id": "57999", "type": "Feature", "properties": {}, "geometry": {"type": "LineString", "coordinates": [[-95.4216275155819, 41.27690669048518], [-95.42416838239673, 41.26988515544552]]}}, {"id": "58000", "type": "Feature", "properties": {}, "geometry": {"type": "LineString", "coordinates": [[-95.41284818149552, 41.29623376058935], [-95.41268451294233, 41.276109557121785], [-95.4216275155819, 41.27690669048518]]}}, {"id": "58001", "type": "Feature", "properties": {}, "geometry": {"type": "LineString", "coordinates": [[-95.41287958210627, 41.29808609373547], [-95.41284818149552, 41.29623376058935]]}}, {"id": "58002", "type": "Feature", "properties": {}, "geometry": {"type": "LineString", "coordinates": [[-95.41275891590575, 41.298863561147634], [-95.41287958210627, 41.29808609373547]]}}, {"id": "58003", "type": "Feature", "properties": {}, "geometry": {"type": "LineString", "coordinates": [[-95.403394714789, 41.311375363339145], [-95.41275891590575, 41.298863561147634]]}}, {"id": "58004", "type": "Feature", "properties": {}, "geometry": {"type": "LineString", "coordinates": [[-95.39869471305282, 41.314143563821986], [-95.403394714789, 41.311375363339145]]}}, {"id": "58005", "type": "Feature", "properties": {}, "geometry": {"type": "LineString", "coordinates": [[-95.40330778212402, 41.31990536455305], [-95.39869471305282, 41.314143563821986]]}}, {"id": "58006", "type": "Feature", "properties": {}, "geometry": {"type": "LineString", "coordinates": [[-95.40406818265583, 41.32413576514216], [-95.40330778212402, 41.31990536455305]]}}, {"id": "58007", "type": "Feature", "properties": {}, "geometry": {"type": "LineString", "coordinates": [[-95.40379598324328, 41.325850965564975], [-95.40406818265583, 41.32413576514216]]}}, {"id": "58008", "type": "Feature", "properties": {}, "geometry": {"type": "LineString", "coordinates": [[-95.4027657162237, 41.3279551659844], [-95.40379598324328, 41.325850965564975]]}}, {"id": "58009", "type": "Feature", "properties": {}, "geometry": {"type": "LineString", "coordinates": [[-95.40109891646853, 41.33200330002497], [-95.4027657162237, 41.3279551659844]]}}, {"id": "58010", "type": "Feature", "properties": {}, "geometry": {"type": "LineString", "coordinates": [[-95.39997878288625, 41.337697900782814], [-95.40109891646853, 41.33200330002497]]}}, {"id": "58011", "type": "Feature", "properties": {}, "geometry": {"type": "LineString", "coordinates": [[-95.39816211719223, 41.346708369303826], [-95.39997878288625, 41.337697900782814]]}}, {"id": "58012", "type": "Feature", "properties": {}, "geometry": {"type": "LineString", "coordinates": [[-95.39710158413412, 41.35064197004201], [-95.39816211719223, 41.346708369303826]]}}, {"id": "58013", "type": "Feature", "properties": {}, "geometry": {"type": "LineString", "coordinates": [[-95.39303838372979, 41.36068190470574], [-95.39710158413412, 41.35064197004201]]}}, {"id": "58014", "type": "Feature", "properties": {}, "geometry": {"type": "LineString", "coordinates": [[-95.38572531578275, 41.368664173164106], [-95.39303838372979, 41.36068190470574]]}}, {"id": "58015", "type": "Feature", "properties": {}, "geometry": {"type": "LineString", "coordinates": [[-95.38017058142677, 41.37152330753723], [-95.38572531578275, 41.368664173164106]]}}, {"id": "58016", "type": "Feature", "properties": {}, "geometry": {"type": "LineString", "coordinates": [[-95.37713558191687, 41.37863557543486], [-95.38017058142677, 41.37152330753723]]}}, {"id": "58017", "type": "Feature", "properties": {}, "geometry": {"type": "LineString", "coordinates": [[-95.37221751504377, 41.38798897748355], [-95.37713558191687, 41.37863557543486]]}}, {"id": "58018", "type": "Feature", "properties": {}, "geometry": {"type": "LineString", "coordinates": [[-95.37091198176327, 41.39059597796459], [-95.37221751504377, 41.38798897748355]]}}, {"id": "58019", "type": "Feature", "properties": {}, "geometry": {"type": "LineString", "coordinates": [[-95.35703131280773, 41.407609514403426], [-95.37091198176327, 41.39059597796459]]}}, {"id": "58020", "type": "Feature", "properties": {}, "geometry": {"type": "LineString", "coordinates": [[-95.35633118024833, 41.41591071600811], [-95.35703131280773, 41.407609514403426]]}}, {"id": "58021", "type": "Feature", "properties": {}, "geometry": {"type": "LineString", "coordinates": [[-95.35733251522755, 41.42446358413651], [-95.35633118024833, 41.41591071600811]]}}, {"id": "58022", "type": "Feature", "properties": {}, "geometry": {"type": "LineString", "coordinates": [[-95.35690678115654, 41.4262473173128], [-95.35733251522755, 41.42446358413651]]}}, {"id": "58023", "type": "Feature", "properties": {}, "geometry": {"type": "LineString", "coordinates": [[-95.35532578218908, 41.43258171831134], [-95.35690678115654, 41.4262473173128]]}}, {"id": "58024", "type": "Feature", "properties": {}, "geometry": {"type": "LineString", "coordinates": [[-95.35848498366849, 41.43999138643068], [-95.35532578218908, 41.43258171831134]]}}, {"id": "58025", "type": "Feature", "properties": {}, "geometry": {"type": "LineString", "coordinates": [[-95.35632658356903, 41.4451823206118], [-95.35848498366849, 41.43999138643068]]}}, {"id": "58103", "type": "Feature", "properties": {}, "geometry": {"type": "LineString", "coordinates": [[-95.35617318455616, 41.45540452230613], [-95.35632658356903, 41.4451823206118]]}}, {"id": "58104", "type": "Feature", "properties": {}, "geometry": {"type": "LineString", "coordinates": [[-95.35279498638691, 41.47680879264328], [-95.35617318455616, 41.45540452230613]]}}, {"id": "58105", "type": "Feature", "properties": {}, "geometry": {"type": "LineString", "coordinates": [[-95.35038818773835, 41.49821332908947], [-95.35440532073828, 41.48561332673994], [-95.34671131860175, 41.48494919383245], [-95.35279498638691, 41.47680879264328]]}}, {"id": "58106", "type": "Feature", "properties": {}, "geometry": {"type": "LineString", "coordinates": [[-95.34975452242513, 41.50633313033133], [-95.35014852171211, 41.50000719633603]]}}, {"id": "58107", "type": "Feature", "properties": {}, "geometry": {"type": "LineString", "coordinates": [[-95.35014852171211, 41.50000719633603], [-95.35038818773835, 41.49821332908947]]}}, {"id": "58108", "type": "Feature", "properties": {}, "geometry": {"type": "LineString", "coordinates": [[-95.34868852222019, 41.50944293081771], [-95.34975452242513, 41.50633313033133]]}}, {"id": "58109", "type": "Feature", "properties": {}, "geometry": {"type": "LineString", "coordinates": [[-95.34789298947594, 41.52021379961258], [-95.34868852222019, 41.50944293081771]]}}, {"id": "58110", "type": "Feature", "properties": {}, "geometry": {"type": "LineString", "coordinates": [[-95.34557732311632, 41.527668200721216], [-95.34789298947594, 41.52021379961258]]}}, {"id": "58111", "type": "Feature", "properties": {}, "geometry": {"type": "LineString", "coordinates": [[-95.34283379008518, 41.53718060240076], [-95.34968392472527, 41.531899734631466], [-95.34557732311632, 41.527668200721216]]}}, {"id": "58112", "type": "Feature", "properties": {}, "geometry": {"type": "LineString", "coordinates": [[-95.33883679192404, 41.55586273902795], [-95.34283379008518, 41.53718060240076]]}}, {"id": "58113", "type": "Feature", "properties": {}, "geometry": {"type": "LineString", "coordinates": [[-95.33551279181083, 41.56535200710867], [-95.33883679192404, 41.55586273902795]]}}, {"id": "58114", "type": "Feature", "properties": {}, "geometry": {"type": "LineString", "coordinates": [[-95.32661272415027, 41.57826920972166], [-95.33551279181083, 41.56535200710867]]}}, {"id": "58115", "type": "Feature", "properties": {}, "geometry": {"type": "LineString", "coordinates": [[-95.32490219081379, 41.58494614444604], [-95.32661272415027, 41.57826920972166]]}}, {"id": "58116", "type": "Feature", "properties": {}, "geometry": {"type": "LineString", "coordinates": [[-95.31726952474655, 41.60673614786646], [-95.32490219081379, 41.58494614444604]]}}, {"id": "58117", "type": "Feature", "properties": {}, "geometry": {"type": "LineString", "coordinates": [[-95.31561572541017, 41.61693454949007], [-95.31726952474655, 41.60673614786646]]}}, {"id": "58118", "type": "Feature", "properties": {}, "geometry": {"type": "LineString", "coordinates": [[-95.31512192599008, 41.62425215072602], [-95.31561572541017, 41.61693454949007]]}}, {"id": "58119", "type": "Feature", "properties": {}, "geometry": {"type": "LineString", "coordinates": [[-95.31475152724224, 41.6297402184905], [-95.31512192599008, 41.62425215072602]]}}, {"id": "58120", "type": "Feature", "properties": {}, "geometry": {"type": "LineString", "coordinates": [[-95.3134331273919, 41.63874961976833], [-95.31475152724224, 41.6297402184905]]}}, {"id": "58121", "type": "Feature", "properties": {}, "geometry": {"type": "LineString", "coordinates": [[-95.30244032647914, 41.65692402352467], [-95.3134331273919, 41.63874961976833]]}}, {"id": "58122", "type": "Feature", "properties": {}, "geometry": {"type": "LineString", "coordinates": [[-95.30204079357001, 41.65987375754525], [-95.30244032647914, 41.65692402352467]]}}, {"id": "59294", "type": "Feature", "properties": {}, "geometry": {"type": "LineString", "coordinates": [[-95.40330778212402, 41.31990536455305], [-95.403394714789, 41.311375363339145]]}}, {"id": "59610", "type": "Feature", "properties": {}, "geometry": {"type": "LineString", "coordinates": [[-95.60816076552788, 40.672476650035165], [-95.6233739675281, 40.652264379414014]]}}, {"id": "59611", "type": "Feature", "properties": {}, "geometry": {"type": "LineString", "coordinates": [[-95.59575476555285, 40.70348285552615], [-95.60816076552788, 40.672476650035165]]}}, {"id": "59614", "type": "Feature", "properties": {}, "geometry": {"type": "LineString", "coordinates": [[-95.59489416603594, 40.709331789781324], [-95.59575476555285, 40.70348285552615]]}}, {"id": "59615", "type": "Feature", "properties": {}, "geometry": {"type": "LineString", "coordinates": [[-95.59011243916846, 40.78723686914785], [-95.59103077251038, 40.78318600178369]]}}, {"id": "59616", "type": "Feature", "properties": {}, "geometry": {"type": "LineString", "coordinates": [[-95.58884511123699, 40.83460281055542], [-95.5897500435115, 40.82218367501768]]}}, {"id": "59646", "type": "Feature", "properties": {}, "geometry": {"type": "LineString", "coordinates": [[-95.60029416199097, 40.664433182824766], [-95.60549036344571, 40.659882981707874]]}}, {"id": "59666", "type": "Feature", "properties": {}, "geometry": {"type": "LineString", "coordinates": [[-95.5546172866858, 40.695291390648045], [-95.57453949154136, 40.69303598849255], [-95.60029416199097, 40.664433182824766]]}}, {"id": "59667", "type": "Feature", "properties": {}, "geometry": {"type": "LineString", "coordinates": [[-95.54952695348393, 40.70827819244617], [-95.5546172866858, 40.695291390648045]]}}, {"id": "59668", "type": "Feature", "properties": {}, "geometry": {"type": "LineString", "coordinates": [[-95.54946635313487, 40.708918459723485], [-95.54952695348393, 40.70827819244617]]}}, {"id": "59669", "type": "Feature", "properties": {}, "geometry": {"type": "LineString", "coordinates": [[-95.52766388186318, 40.720110195932136], [-95.54946635313487, 40.708918459723485]]}}, {"id": "59670", "type": "Feature", "properties": {}, "geometry": {"type": "LineString", "coordinates": [[-95.52098748050072, 40.7225519971057], [-95.52766388186318, 40.720110195932136]]}}, {"id": "59671", "type": "Feature", "properties": {}, "geometry": {"type": "LineString", "coordinates": [[-95.50805307800086, 40.728281065240346], [-95.52098748050072, 40.7225519971057]]}}, {"id": "59672", "type": "Feature", "properties": {}, "geometry": {"type": "LineString", "coordinates": [[-95.50026147660367, 40.73173626651997], [-95.50805307800086, 40.728281065240346]]}}, {"id": "59673", "type": "Feature", "properties": {}, "geometry": {"type": "LineString", "coordinates": [[-95.49942094275525, 40.732354799723865], [-95.50026147660367, 40.73173626651997]]}}, {"id": "59674", "type": "Feature", "properties": {}, "geometry": {"type": "LineString", "coordinates": [[-95.48016953866843, 40.743421402823394], [-95.49942094275525, 40.732354799723865]]}}, {"id": "59675", "type": "Feature", "properties": {}, "geometry": {"type": "LineString", "coordinates": [[-95.47577927065232, 40.74331140287567], [-95.48016953866843, 40.743421402823394]]}}, {"id": "59676", "type": "Feature", "properties": {}, "geometry": {"type": "LineString", "coordinates": [[-95.4675405355174, 40.743387603561686], [-95.47577927065232, 40.74331140287567]]}}, {"id": "59677", "type": "Feature", "properties": {}, "geometry": {"type": "LineString", "coordinates": [[-95.46164613377944, 40.74284367068315], [-95.4675405355174, 40.743387603561686]]}}, {"id": "59678", "type": "Feature", "properties": {}, "geometry": {"type": "LineString", "coordinates": [[-95.45680473272596, 40.74266460383167], [-95.46164613377944, 40.74284367068315]]}}, {"id": "59679", "type": "Feature", "properties": {}, "geometry": {"type": "LineString", "coordinates": [[-95.4514830644738, 40.743080404571124], [-95.45680473272596, 40.74266460383167]]}}, {"id": "59680", "type": "Feature", "properties": {}, "geometry": {"type": "LineString", "coordinates": [[-95.43946292864256, 40.74949240631411], [-95.4514830644738, 40.743080404571124]]}}, {"id": "59681", "type": "Feature", "properties": {}, "geometry": {"type": "LineString", "coordinates": [[-95.43330852751193, 40.75274667353491], [-95.43946292864256, 40.74949240631411]]}}, {"id": "59682", "type": "Feature", "properties": {}, "geometry": {"type": "LineString", "coordinates": [[-95.41668312357942, 40.76112420924668], [-95.43330852751193, 40.75274667353491]]}}, {"id": "59683", "type": "Feature", "properties": {}, "geometry": {"type": "LineString", "coordinates": [[-95.4143686564707, 40.76343487657747], [-95.41668312357942, 40.76112420924668]]}}, {"id": "59684", "type": "Feature", "properties": {}, "geometry": {"type": "LineString", "coordinates": [[-95.4081735221318, 40.76570101084167], [-95.4143686564707, 40.76343487657747]]}}, {"id": "59685", "type": "Feature", "properties": {}, "geometry": {"type": "LineString", "coordinates": [[-95.40399365482659, 40.76821767773853], [-95.4081735221318, 40.76570101084167]]}}, {"id": "59686", "type": "Feature", "properties": {}, "geometry": {"type": "LineString", "coordinates": [[-95.39259665246018, 40.780295480782584], [-95.40399365482659, 40.76821767773853]]}}, {"id": "59687", "type": "Feature", "properties": {}, "geometry": {"type": "LineString", "coordinates": [[-95.37881751648794, 40.787478216198686], [-95.39259665246018, 40.780295480782584]]}}, {"id": "59688", "type": "Feature", "properties": {}, "geometry": {"type": "LineString", "coordinates": [[-95.37433411563475, 40.788438816296356], [-95.37881751648794, 40.787478216198686]]}}, {"id": "59689", "type": "Feature", "properties": {}, "geometry": {"type": "LineString", "coordinates": [[-95.3639224465574, 40.79109108439846], [-95.37433411563475, 40.788438816296356]]}}, {"id": "59690", "type": "Feature", "properties": {}, "geometry": {"type": "LineString", "coordinates": [[-95.35266511065808, 40.80128988675765], [-95.35320811080629, 40.796715819067124]]}}, {"id": "59691", "type": "Feature", "properties": {}, "geometry": {"type": "LineString", "coordinates": [[-95.34438550936426, 40.80892688832449], [-95.35266511065808, 40.80128988675765]]}}, {"id": "59692", "type": "Feature", "properties": {}, "geometry": {"type": "LineString", "coordinates": [[-95.3425186431172, 40.81061882189555], [-95.34438550936426, 40.80892688832449]]}}, {"id": "59693", "type": "Feature", "properties": {}, "geometry": {"type": "LineString", "coordinates": [[-95.3363427084709, 40.82065729055633], [-95.3425186431172, 40.81061882189555]]}}, {"id": "59694", "type": "Feature", "properties": {}, "geometry": {"type": "LineString", "coordinates": [[-95.33393370805157, 40.82166282448031], [-95.3363427084709, 40.82065729055633]]}}, {"id": "59695", "type": "Feature", "properties": {}, "geometry": {"type": "LineString", "coordinates": [[-95.32275364074142, 40.837004894247514], [-95.33393370805157, 40.82166282448031]]}}, {"id": "59696", "type": "Feature", "properties": {}, "geometry": {"type": "LineString", "coordinates": [[-95.30900590537995, 40.854654497683924], [-95.32275364074142, 40.837004894247514]]}}, {"id": "59697", "type": "Feature", "properties": {}, "geometry": {"type": "LineString", "coordinates": [[-95.30737850483483, 40.85552269783027], [-95.30900590537995, 40.854654497683924]]}}, {"id": "59698", "type": "Feature", "properties": {}, "geometry": {"type": "LineString", "coordinates": [[-95.30653963825958, 40.85577863161594], [-95.30680610462399, 40.85568249774087]]}}, {"id": "59699", "type": "Feature", "properties": {}, "geometry": {"type": "LineString", "coordinates": [[-95.30680610462399, 40.85568249774087], [-95.30737850483483, 40.85552269783027]]}}, {"id": "59700", "type": "Feature", "properties": {}, "geometry": {"type": "LineString", "coordinates": [[-95.28959723413466, 40.863401900352564], [-95.30153110385086, 40.85920149858911]]}}, {"id": "59701", "type": "Feature", "properties": {}, "geometry": {"type": "LineString", "coordinates": [[-95.30153110385086, 40.85920149858911], [-95.30653963825958, 40.85577863161594]]}}, {"id": "59702", "type": "Feature", "properties": {}, "geometry": {"type": "LineString", "coordinates": [[-95.28651903374444, 40.86774523435615], [-95.28959723413466, 40.863401900352564]]}}, {"id": "59703", "type": "Feature", "properties": {}, "geometry": {"type": "LineString", "coordinates": [[-95.28616483431611, 40.87189530215478], [-95.28651903374444, 40.86774523435615]]}}, {"id": "59704", "type": "Feature", "properties": {}, "geometry": {"type": "LineString", "coordinates": [[-95.2866327011706, 40.87334870216268], [-95.28616483431611, 40.87189530215478]]}}, {"id": "59705", "type": "Feature", "properties": {}, "geometry": {"type": "LineString", "coordinates": [[-95.28601243602647, 40.887825837556186], [-95.2866327011706, 40.87334870216268]]}}, {"id": "59706", "type": "Feature", "properties": {}, "geometry": {"type": "LineString", "coordinates": [[-95.28222370328079, 40.90488490711606], [-95.28601243602647, 40.887825837556186]]}}, {"id": "59707", "type": "Feature", "properties": {}, "geometry": {"type": "LineString", "coordinates": [[-95.27781930296864, 40.90732864149156], [-95.28222370328079, 40.90488490711606]]}}, {"id": "59708", "type": "Feature", "properties": {}, "geometry": {"type": "LineString", "coordinates": [[-95.27560690334082, 40.91604084290841], [-95.28303070391797, 40.91048904140958], [-95.27781930296864, 40.90732864149156]]}}, {"id": "59709", "type": "Feature", "properties": {}, "geometry": {"type": "LineString", "coordinates": [[-95.27568583740651, 40.92461764398806], [-95.27560690334082, 40.91604084290841]]}}, {"id": "59710", "type": "Feature", "properties": {}, "geometry": {"type": "LineString", "coordinates": [[-95.27416950456313, 40.93088304536338], [-95.27568583740651, 40.92461764398806]]}}, {"id": "59711", "type": "Feature", "properties": {}, "geometry": {"type": "LineString", "coordinates": [[-95.26522730322077, 40.947522448695125], [-95.26524843698616, 40.94747991513479]]}}, {"id": "59712", "type": "Feature", "properties": {}, "geometry": {"type": "LineString", "coordinates": [[-95.26524843698616, 40.94747991513479], [-95.2665554363172, 40.94077971397496]]}}, {"id": "59713", "type": "Feature", "properties": {}, "geometry": {"type": "LineString", "coordinates": [[-95.27126770365028, 40.93566071268577], [-95.27416950456313, 40.93088304536338]]}}, {"id": "59714", "type": "Feature", "properties": {}, "geometry": {"type": "LineString", "coordinates": [[-95.2665554363172, 40.94077971397496], [-95.26990570406765, 40.93831551315456]]}}, {"id": "59715", "type": "Feature", "properties": {}, "geometry": {"type": "LineString", "coordinates": [[-95.26359703884654, 40.96466011781938], [-95.26522730322077, 40.947522448695125]]}}, {"id": "59716", "type": "Feature", "properties": {}, "geometry": {"type": "LineString", "coordinates": [[-95.26990570406765, 40.93831551315456], [-95.27126770365028, 40.93566071268577]]}}, {"id": "59717", "type": "Feature", "properties": {}, "geometry": {"type": "LineString", "coordinates": [[-95.26250110587802, 40.9732809193158], [-95.26359703884654, 40.96466011781938]]}}, {"id": "59718", "type": "Feature", "properties": {}, "geometry": {"type": "LineString", "coordinates": [[-95.25370043860025, 40.98799052246337], [-95.26250110587802, 40.9732809193158]]}}, {"id": "59719", "type": "Feature", "properties": {}, "geometry": {"type": "LineString", "coordinates": [[-95.24588830441061, 41.000002524427494], [-95.25370043860025, 40.98799052246337]]}}, {"id": "59720", "type": "Feature", "properties": {}, "geometry": {"type": "LineString", "coordinates": [[-95.24455910411562, 41.002842458715214], [-95.24588830441061, 41.000002524427494]]}}, {"id": "59721", "type": "Feature", "properties": {}, "geometry": {"type": "LineString", "coordinates": [[-95.24320537083024, 41.00542605860743], [-95.24455910411562, 41.002842458715214]]}}, {"id": "59722", "type": "Feature", "properties": {}, "geometry": {"type": "LineString", "coordinates": [[-95.24700010881358, 41.03756446389791], [-95.24232710594325, 41.02350712862408]]}}, {"id": "59723", "type": "Feature", "properties": {}, "geometry": {"type": "LineString", "coordinates": [[-95.24232710594325, 41.02350712862408], [-95.24320537083024, 41.00542605860743]]}}, {"id": "59724", "type": "Feature", "properties": {}, "geometry": {"type": "LineString", "coordinates": [[-95.23682530661202, 41.044711865582684], [-95.24700010881358, 41.03756446389791]]}}, {"id": "59725", "type": "Feature", "properties": {}, "geometry": {"type": "LineString", "coordinates": [[-95.23774164030411, 41.04656126578045], [-95.23682530661202, 41.044711865582684]]}}, {"id": "59726", "type": "Feature", "properties": {}, "geometry": {"type": "LineString", "coordinates": [[-95.22508930431187, 41.050163733967864], [-95.23774164030411, 41.04656126578045]]}}, {"id": "59727", "type": "Feature", "properties": {}, "geometry": {"type": "LineString", "coordinates": [[-95.22488563827065, 41.055149868202555], [-95.22508930431187, 41.050163733967864]]}}, {"id": "59728", "type": "Feature", "properties": {}, "geometry": {"type": "LineString", "coordinates": [[-95.21823630404604, 41.0632926694879], [-95.2215590375347, 41.061390736099554]]}}, {"id": "59729", "type": "Feature", "properties": {}, "geometry": {"type": "LineString", "coordinates": [[-95.22184363818975, 41.06144193585444], [-95.22488563827065, 41.055149868202555]]}}, {"id": "59730", "type": "Feature", "properties": {}, "geometry": {"type": "LineString", "coordinates": [[-95.2215590375347, 41.061390736099554], [-95.22184363818975, 41.06144193585444]]}}, {"id": "59731", "type": "Feature", "properties": {}, "geometry": {"type": "LineString", "coordinates": [[-95.21888703734965, 41.064600669605205], [-95.21823630404604, 41.0632926694879]]}}, {"id": "59732", "type": "Feature", "properties": {}, "geometry": {"type": "LineString", "coordinates": [[-95.20838130208563, 41.072408071732276], [-95.21888703734965, 41.064600669605205]]}}, {"id": "59733", "type": "Feature", "properties": {}, "geometry": {"type": "LineString", "coordinates": [[-95.20747610211318, 41.073552138642405], [-95.20838130208563, 41.072408071732276]]}}, {"id": "59734", "type": "Feature", "properties": {}, "geometry": {"type": "LineString", "coordinates": [[-95.20349363510006, 41.07895267288834], [-95.20747610211318, 41.073552138642405]]}}, {"id": "59735", "type": "Feature", "properties": {}, "geometry": {"type": "LineString", "coordinates": [[-95.20450490275137, 41.08981587491474], [-95.20349363510006, 41.07895267288834]]}}, {"id": "59736", "type": "Feature", "properties": {}, "geometry": {"type": "LineString", "coordinates": [[-95.19281323410713, 41.09641054282462], [-95.20450490275137, 41.08981587491474]]}}, {"id": "59737", "type": "Feature", "properties": {}, "geometry": {"type": "LineString", "coordinates": [[-95.18998863530814, 41.112673545654815], [-95.19281323410713, 41.09641054282462]]}}, {"id": "59738", "type": "Feature", "properties": {}, "geometry": {"type": "LineString", "coordinates": [[-95.17610723512396, 41.14621035186347], [-95.18298390060765, 41.124067481649355]]}}, {"id": "59739", "type": "Feature", "properties": {}, "geometry": {"type": "LineString", "coordinates": [[-95.17544350140156, 41.148406352429404], [-95.17610723512396, 41.14621035186347]]}}, {"id": "59740", "type": "Feature", "properties": {}, "geometry": {"type": "LineString", "coordinates": [[-95.1735178359276, 41.161123688125834], [-95.17544350140156, 41.148406352429404]]}}, {"id": "59741", "type": "Feature", "properties": {}, "geometry": {"type": "LineString", "coordinates": [[-95.17351930287647, 41.16286188805575], [-95.1735178359276, 41.161123688125834]]}}, {"id": "59742", "type": "Feature", "properties": {}, "geometry": {"type": "LineString", "coordinates": [[-95.17361623738383, 41.16992908894722], [-95.17351930287647, 41.16286188805575]]}}, {"id": "59743", "type": "Feature", "properties": {}, "geometry": {"type": "LineString", "coordinates": [[-95.17150630408888, 41.18024509124134], [-95.17361623738383, 41.16992908894722]]}}, {"id": "59744", "type": "Feature", "properties": {}, "geometry": {"type": "LineString", "coordinates": [[-95.17056850425477, 41.18120609109206], [-95.17150630408888, 41.18024509124134]]}}, {"id": "59745", "type": "Feature", "properties": {}, "geometry": {"type": "LineString", "coordinates": [[-95.16098150298127, 41.19502409402568], [-95.17056850425477, 41.18120609109206]]}}, {"id": "59746", "type": "Feature", "properties": {}, "geometry": {"type": "LineString", "coordinates": [[-95.16058843614553, 41.19577896081802], [-95.16098150298127, 41.19502409402568]]}}, {"id": "59747", "type": "Feature", "properties": {}, "geometry": {"type": "LineString", "coordinates": [[-95.16059303731645, 41.20229729489722], [-95.16058843614553, 41.19577896081802]]}}, {"id": "59748", "type": "Feature", "properties": {}, "geometry": {"type": "LineString", "coordinates": [[-95.16057050487416, 41.2135728968899], [-95.16059303731645, 41.20229729489722]]}}, {"id": "59749", "type": "Feature", "properties": {}, "geometry": {"type": "LineString", "coordinates": [[-95.16063363847233, 41.21732369739592], [-95.16057050487416, 41.2135728968899]]}}, {"id": "59750", "type": "Feature", "properties": {}, "geometry": {"type": "LineString", "coordinates": [[-95.16276524092855, 41.23266949949025], [-95.16063363847233, 41.21732369739592]]}}, {"id": "59751", "type": "Feature", "properties": {}, "geometry": {"type": "LineString", "coordinates": [[-95.16307024142539, 41.23534516680563], [-95.16276524092855, 41.23266949949025]]}}, {"id": "59752", "type": "Feature", "properties": {}, "geometry": {"type": "LineString", "coordinates": [[-95.1625478432399, 41.25354690305331], [-95.16307024142539, 41.23534516680563]]}}, {"id": "59753", "type": "Feature", "properties": {}, "geometry": {"type": "LineString", "coordinates": [[-95.15467030810431, 41.25794037121799], [-95.1625478432399, 41.25354690305331]]}}, {"id": "59754", "type": "Feature", "properties": {}, "geometry": {"type": "LineString", "coordinates": [[-95.14555350840672, 41.27655937467435], [-95.15467030810431, 41.25794037121799]]}}, {"id": "59755", "type": "Feature", "properties": {}, "geometry": {"type": "LineString", "coordinates": [[-95.14601050923952, 41.28319190856722], [-95.14555350840672, 41.27655937467435]]}}, {"id": "59756", "type": "Feature", "properties": {}, "geometry": {"type": "LineString", "coordinates": [[-95.12587843817066, 41.29691651185658], [-95.14601050923952, 41.28319190856722]]}}, {"id": "59757", "type": "Feature", "properties": {}, "geometry": {"type": "LineString", "coordinates": [[-95.11514270185455, 41.29707631272087], [-95.12587843817066, 41.29691651185658]]}}, {"id": "59758", "type": "Feature", "properties": {}, "geometry": {"type": "LineString", "coordinates": [[-95.11465750200666, 41.29677891296695], [-95.11514270185455, 41.29707631272087]]}}, {"id": "59759", "type": "Feature", "properties": {}, "geometry": {"type": "LineString", "coordinates": [[-95.10243663133697, 41.29455877999823], [-95.11465750200666, 41.29677891296695]]}}, {"id": "59760", "type": "Feature", "properties": {}, "geometry": {"type": "LineString", "coordinates": [[-95.09634003050667, 41.29755371391879], [-95.10243663133697, 41.29455877999823]]}}, {"id": "59761", "type": "Feature", "properties": {}, "geometry": {"type": "LineString", "coordinates": [[-95.09451423164116, 41.31159618306697], [-95.10046109948327, 41.306977515140545], [-95.09634003050667, 41.29755371391879]]}}, {"id": "59762", "type": "Feature", "properties": {}, "geometry": {"type": "LineString", "coordinates": [[-95.08714009711942, 41.31703738452041], [-95.09451423164116, 41.31159618306697]]}}, {"id": "59763", "type": "Feature", "properties": {}, "geometry": {"type": "LineString", "coordinates": [[-95.08316442945471, 41.31982638540053], [-95.08714009711942, 41.31703738452041]]}}, {"id": "59764", "type": "Feature", "properties": {}, "geometry": {"type": "LineString", "coordinates": [[-95.07569949412238, 41.32217938592418], [-95.08316442945471, 41.31982638540053]]}}, {"id": "59765", "type": "Feature", "properties": {}, "geometry": {"type": "LineString", "coordinates": [[-95.07490969442625, 41.32373438593589], [-95.07569949412238, 41.32217938592418]]}}, {"id": "59835", "type": "Feature", "properties": {}, "geometry": {"type": "LineString", "coordinates": [[-95.0745054291922, 41.33729692145888], [-95.07490969442625, 41.32373438593589]]}}, {"id": "59836", "type": "Feature", "properties": {}, "geometry": {"type": "LineString", "coordinates": [[-95.07898863151773, 41.34953479018667], [-95.0745054291922, 41.33729692145888]]}}, {"id": "59837", "type": "Feature", "properties": {}, "geometry": {"type": "LineString", "coordinates": [[-95.07333483095222, 41.36124272542688], [-95.07898863151773, 41.34953479018667]]}}, {"id": "59838", "type": "Feature", "properties": {}, "geometry": {"type": "LineString", "coordinates": [[-95.06959469796172, 41.3689259271224], [-95.07333483095222, 41.36124272542688]]}}, {"id": "59839", "type": "Feature", "properties": {}, "geometry": {"type": "LineString", "coordinates": [[-95.06099089737681, 41.38193552927949], [-95.06959469796172, 41.3689259271224]]}}, {"id": "59840", "type": "Feature", "properties": {}, "geometry": {"type": "LineString", "coordinates": [[-95.06083883056552, 41.38223279655664], [-95.06099089737681, 41.38193552927949]]}}, {"id": "59841", "type": "Feature", "properties": {}, "geometry": {"type": "LineString", "coordinates": [[-95.05232782864438, 41.390141598122156], [-95.06083883056552, 41.38223279655664]]}}, {"id": "59842", "type": "Feature", "properties": {}, "geometry": {"type": "LineString", "coordinates": [[-95.03892402586585, 41.3984582004258], [-95.05232782864438, 41.390141598122156]]}}, {"id": "59843", "type": "Feature", "properties": {}, "geometry": {"type": "LineString", "coordinates": [[-95.01775068970339, 41.419300338481264], [-95.03892402586585, 41.3984582004258]]}}, {"id": "60000", "type": "Feature", "properties": {}, "geometry": {"type": "LineString", "coordinates": [[-91.17807628718784, 43.129841450029396], [-91.17696261518738, 43.08616457675814]]}}, {"id": "60001", "type": "Feature", "properties": {}, "geometry": {"type": "LineString", "coordinates": [[-91.17257388598533, 43.13817818469816], [-91.17807628718784, 43.129841450029396]]}}, {"id": "60002", "type": "Feature", "properties": {}, "geometry": {"type": "LineString", "coordinates": [[-91.16073268288059, 43.1402964529524], [-91.17257388598533, 43.13817818469816]]}}, {"id": "60003", "type": "Feature", "properties": {}, "geometry": {"type": "LineString", "coordinates": [[-91.13817101392127, 43.170661658569585], [-91.15591588219117, 43.142808053161964]]}}, {"id": "60004", "type": "Feature", "properties": {}, "geometry": {"type": "LineString", "coordinates": [[-91.09728507411353, 43.22065086920024], [-91.09769647376758, 43.214882668448546]]}}, {"id": "60005", "type": "Feature", "properties": {}, "geometry": {"type": "LineString", "coordinates": [[-91.10182627616537, 43.224721069356654], [-91.09728507411353, 43.22065086920024]]}}, {"id": "60006", "type": "Feature", "properties": {}, "geometry": {"type": "LineString", "coordinates": [[-91.08761914057098, 43.23629520597286], [-91.10182627616537, 43.224721069356654]]}}, {"id": "60007", "type": "Feature", "properties": {}, "geometry": {"type": "LineString", "coordinates": [[-91.0909088115656, 43.2682970102945], [-91.09478341157435, 43.26090920906094], [-91.08190000733147, 43.251280274756226], [-91.08761914057098, 43.23629520597286]]}}, {"id": "60008", "type": "Feature", "properties": {}, "geometry": {"type": "LineString", "coordinates": [[-91.09005981379059, 43.293177414158144], [-91.09062447950683, 43.282679279316696]]}}, {"id": "60009", "type": "Feature", "properties": {}, "geometry": {"type": "LineString", "coordinates": [[-91.09062447950683, 43.282679279316696], [-91.0909088115656, 43.2682970102945]]}}, {"id": "60010", "type": "Feature", "properties": {}, "geometry": {"type": "LineString", "coordinates": [[-91.15826563871751, 43.33698041678413], [-91.13285723108068, 43.32864268407877]]}}, {"id": "60011", "type": "Feature", "properties": {}, "geometry": {"type": "LineString", "coordinates": [[-91.17061211003359, 43.34066341708572], [-91.15826563871751, 43.33698041678413]]}}, {"id": "60012", "type": "Feature", "properties": {}, "geometry": {"type": "LineString", "coordinates": [[-91.20092511969571, 43.34903828303694], [-91.1888535157886, 43.34831881713125]]}}, {"id": "60013", "type": "Feature", "properties": {}, "geometry": {"type": "LineString", "coordinates": [[-91.17775011250141, 43.345646216830666], [-91.17061211003359, 43.34066341708572]]}}, {"id": "60014", "type": "Feature", "properties": {}, "geometry": {"type": "LineString", "coordinates": [[-91.1888535157886, 43.34831881713125], [-91.17775011250141, 43.345646216830666]]}}, {"id": "60015", "type": "Feature", "properties": {}, "geometry": {"type": "LineString", "coordinates": [[-91.210416523155, 43.3597428840669], [-91.20092511969571, 43.34903828303694]]}}, {"id": "60016", "type": "Feature", "properties": {}, "geometry": {"type": "LineString", "coordinates": [[-91.21522205897077, 43.36825848502014], [-91.210416523155, 43.3597428840669]]}}, {"id": "60017", "type": "Feature", "properties": {}, "geometry": {"type": "LineString", "coordinates": [[-91.20302692413566, 43.382881088143634], [-91.21522205897077, 43.36825848502014]]}}, {"id": "60018", "type": "Feature", "properties": {}, "geometry": {"type": "LineString", "coordinates": [[-91.2321931400145, 43.45094103035401], [-91.20741053024561, 43.42676482780963]]}}, {"id": "60019", "type": "Feature", "properties": {}, "geometry": {"type": "LineString", "coordinates": [[-91.2309253413658, 43.461120498526256], [-91.23349327442014, 43.45636989747826]]}}, {"id": "60020", "type": "Feature", "properties": {}, "geometry": {"type": "LineString", "coordinates": [[-91.23349327442014, 43.45636989747826], [-91.2321931400145, 43.45094103035401]]}}]}