uid_a,uid_b,name_a,name_b,comid,sep_m,on_channel,channels_a,channels_b,shared_days,r,median_diff,area_a_km2,area_b_km2,agree_a,agree_b,proposed,seam,evidence
USGS:01105608,USGS:011056081,"WHITMANS POND FISH LADDER AT EAST WEYMOUTH, MA",WHITMANS POND COMBINED BY-PASS & FISH LADDER FLOW,5863459,0.0,discharge,discharge,discharge,639.0,0.1134,-0.1872,32.37485,32.37485,True,True,distinct,,shared_comid+records+source_area
USGS:04057811,USGS:04057812,"GREENWOOD RESERVOIR NEAR GREENWOOD, MI","GREENWOOD AFTERBAY NEAR GREENWOOD, MI",11959926,0.0,gage_height,gage_height,gage_height,6665.0,0.4682,10.351,174.56519120000002,174.56519120000002,True,True,complementary,,shared_comid+records+source_area
USGS:04073468,USGS:434928088553601,"GREEN LAKE INLET AT CT HIGHWAY A NR GREEN LAKE, WI","GREEN LAKE AT COUNTY TRUNK HWY A NR GREEN LAKE, WI",6866237,0.0,,discharge,gage_height,,,,138.564358,266.768764,True,True,complementary,,shared_comid+records+source_area
USGS:04087440,USGS:05536121,"LAKE MICHIGAN AT CHICAGO LOCK AT CHICAGO, IL","CHICAGO RIVER AT CHICAGO LOCK AT CHICAGO, IL",12171405,0.0,gage_height,gage_height,gage_height,6403.0,0.033,0.7955,,,,,complementary,,shared_comid+records+source_area
USGS:0414826503,USGS:0414826504,"TRIB TILE TO KIMBALL DRAIN NEAR SWARTZ CREEK, MI","TRIB TO KIMBALL DRAIN NEAR SWARTZ CREEK, MI",13019761,0.0,discharge,discharge,discharge,2290.0,0.44,0.0,,,True,True,distinct,,shared_comid+records+source_area
USGS:05551000,USGS:05551001,"FOX RIVER AT SOUTH ELGIN, IL","FOX RIVER AT SOUTH ELGIN, IL (TAILWATER)",14762931,0.0,gage_height,discharge+gage_height,gage_height,5959.0,0.9844,1.8288,4030.021328,4030.021328,True,True,complementary,,shared_comid+records+source_area
USGS:05551580,USGS:05551581,"FOX RIVER AT YORKVILLE, IL","FOX RIVER TAILWATER AT YORKVILLE, IL",14763017,0.0,gage_height,discharge+gage_height+spec_cond,gage_height,4760.0,0.9076,1.6796,4672.338352,4672.338352,True,True,complementary,,shared_comid+records+source_area
USGS:05551580,USGS:05551582,"FOX RIVER AT YORKVILLE, IL","FOX RIVER BYPASS AT YORKVILLE, IL",14763017,0.0,gage_height,discharge+gage_height+spec_cond,gage_height,4901.0,0.9379,1.2014,4672.338352,4672.338352,True,True,complementary,,shared_comid+records+source_area
USGS:05551581,USGS:05551582,"FOX RIVER TAILWATER AT YORKVILLE, IL","FOX RIVER BYPASS AT YORKVILLE, IL",14763017,0.0,gage_height,gage_height,gage_height,4957.0,0.9018,-0.4785,4672.338352,4672.338352,True,True,complementary,,shared_comid+records+source_area
USGS:412354086421005,USGS:412354086421006,"KANKAKEE WELL FIELD SH-3 NEAR HANNA, IN","KANKAKEE WELL FIELD WT-3 NEAR HANNA, IN",13433691,0.0,nitrate,nitrate,nitrate,739.0,-0.3923,-6.36,,,True,True,distinct,,shared_comid+records+source_area
USGS:413611087201001,USGS:413611087201002,"CITY HALL NORTH FLUME AT GARY, IN","CITY HALL SOUTH FLUME AT GARY, IN",3398182,0.0,discharge,discharge+gage_height+spec_cond,discharge+gage_height+spec_cond,173.0,0.2997,-0.0,,,True,True,distinct,,shared_comid+records+source_area
USGS:01306495,USGS:01306500,CONNETQUOT RIVER DISTRIBUTARY NEAR OAKDALE NY,CONNETQUOT RIVER NEAR OAKDALE NY,9499636,0.04,discharge,discharge+gage_height+water_temp+spec_cond+turbidity_fnu+diss_oxy+ph,discharge,2807.0,0.6586,-0.6754,71.63906808,63.454706,True,True,distinct,,shared_comid+records+source_area
USGS:443320089212303,USGS:443320089212304,PT-24/09E/13-1447,PT-24/09E/13-1573,9033221,0.95,nitrate,nitrate+water_temp+spec_cond+diss_oxy+ph,nitrate+water_temp+spec_cond+diss_oxy+ph,980.0,0.1504,-5.22,,,True,True,distinct,,shared_comid+records+source_area
USGS:401934089541701,USGS:401934089541702,22N7W-29.1d1 (DP-1),22N7W-29.1d2 (SH-1),13606720,3.11,nitrate,nitrate,nitrate,1031.0,-0.0203,-1.9,,,True,True,distinct,,shared_comid+records+source_area
USGS:411229084541101,USGS:411229084541102,"OVERLAND FLOW EAST OF BULL RAPIDS RD NR HARLAN, IN","DRAIN TILE EAST OF BULL RAPIDS RD NR HARLAN, IN",15667131,4.62,discharge,discharge,discharge,3972.0,0.5375,-0.0003,,,True,True,distinct,,shared_comid+records+source_area
USGS:03063000,USGS:394337079544201,"Monongahela R L&D8 (Lower Pool) @ Point Marion, PA","Monongahela R at Lock & Dam 8, at Point Marion, PA",3768822,5.75,,gage_height,water_temp+spec_cond+ph,,,,7044.76736,7044.76736,True,True,complementary,,shared_comid+records+source_area
USGS:441520088045001,USGS:441520088045002,"GLRI EAST RIVER WATERWAY 3 NEAR GREENLEAF, WI","GLRI EAST RIVER TILE 1 NEAR GREENLEAF, WI",12006723,7.61,discharge,discharge,discharge,3469.0,0.4367,-0.0001,,0.10359952,True,True,distinct,,shared_comid+records+source_area
IWQIS:WQS0096,USGS:05485605,Fourmile Creek at Ankeny (96FCA),"Fourmile Creek near Ankeny, IA DS1",22248777,8.24,,water_temp+turbidity_unknown,discharge,,,,2.589988,160.579256,True,True,complementary,,shared_comid+records+source_area
USGS:01306495,USGS:01306499,CONNETQUOT RIVER DISTRIBUTARY NEAR OAKDALE NY,CONNETQUOT RIVER NEAR NORTH GREAT RIVER NY,9499636,9.75,discharge,discharge+gage_height+water_temp+spec_cond+turbidity_fnu+diss_oxy+ph,discharge,2805.0,0.4417,-0.2048,71.63906808,,True,True,distinct,,shared_comid+records+source_area
USGS:01306499,USGS:01306500,CONNETQUOT RIVER NEAR NORTH GREAT RIVER NY,CONNETQUOT RIVER NEAR OAKDALE NY,9499636,9.78,discharge,discharge,discharge,2829.0,0.9423,-0.4531,,63.454706,True,True,distinct,,shared_comid+records+source_area
IWQIS:WQS0005,IWQIS:WQS9904,English River at Kalona (5ENGK),WQS9904,11918423,11.19,nitrate,nitrate+water_temp+spec_cond+turbidity_unknown+diss_oxy+ph+orthophosphate,nitrate+water_temp,4.0,,1.76,1491.8330879999999,2.589988,True,True,distinct,,shared_comid+records+source_area
USGS:424129077495501,USGS:424129077495502,"NY-SW4 ALFRED FARMS EDGE OF FIELD, SONYEA NY","NY-TL2 ALFRED TILE EDGE OF FIELD, SONYEA",15547349,11.73,discharge,discharge,discharge,2209.0,1.0,-0.0,,,True,True,distinct,,shared_comid+records+source_area
USGS:411228084541701,USGS:411228084541702,"OVERLAND FLOW WEST OF BULL RAPIDS RD NR HARLAN, IN","DRAIN TILE WEST OF BULL RAPIDS RD NR HARLAN, IN",15667131,13.13,discharge,discharge,discharge,2727.0,0.6202,0.0,,,True,True,distinct,,shared_comid+records+source_area
USGS:424131077495801,USGS:424131077495802,"NY-SW3 ALFRED FARMS EDGE OF FIELD, SONYEA NY","NY-TL1 ALFRED TILE EDGE OF FIELD, SONYEA NY",15547349,13.58,discharge,discharge,discharge,1670.0,0.286,-0.0001,,,True,True,distinct,,shared_comid+records+source_area
IWQIS:WQS0083,IWQIS:WQS0085,Shell Rock River at Shell Rock (83 SRRSR),WQS0085,6561217,13.83,nitrate,nitrate+water_temp+turbidity_unknown,nitrate+water_temp+turbidity_unknown,1.0,,-0.04,4522.119048,2.589988,True,True,distinct,,shared_comid+records+source_area
IWQIS:WQS0007,IWQIS:WQS9903,Cedar River at Conesville (7CRC),WQS9903,17557695,20.01,nitrate,nitrate+water_temp+spec_cond+turbidity_unknown+diss_oxy+ph+fchl,nitrate+water_temp+spec_cond+turbidity_unknown+diss_oxy+ph,13.0,0.1563,0.15,20168.236556,0.0,True,True,distinct,,shared_comid+records+source_area
USGS:05429485,USGS:05429500,"LAKE WAUBESA AT MC FARLAND, WI","YAHARA RIVER AT MC FARLAND, WI",13293970,22.52,,gage_height,discharge,,,,846.926076,846.926076,True,True,complementary,,shared_comid+records+source_area
USGS:413611087200901,USGS:413611087201001,"CITY HALL SOUTHEAST FLUME AT GARY, IN","CITY HALL NORTH FLUME AT GARY, IN",3398182,22.98,discharge,discharge+gage_height+spec_cond,discharge+gage_height+spec_cond,174.0,0.6401,0.0004,,,True,True,distinct,,shared_comid+records+source_area
USGS:413611087200901,USGS:413611087201002,"CITY HALL SOUTHEAST FLUME AT GARY, IN","CITY HALL SOUTH FLUME AT GARY, IN",3398182,22.98,discharge,discharge+gage_height+spec_cond,discharge+gage_height+spec_cond,195.0,0.4633,0.0003,,,True,True,distinct,,shared_comid+records+source_area
USGS:413611087201001,USGS:413611087201101,"CITY HALL NORTH FLUME AT GARY, IN","CITY HALL WEST FLUME AT GARY, IN",3398182,22.98,discharge,discharge+gage_height+spec_cond,discharge+gage_height+spec_cond,189.0,0.5008,0.0,,,True,True,distinct,,shared_comid+records+source_area
USGS:413611087201002,USGS:413611087201101,"CITY HALL SOUTH FLUME AT GARY, IN","CITY HALL WEST FLUME AT GARY, IN",3398182,22.98,discharge,discharge+gage_height+spec_cond,discharge+gage_height+spec_cond,228.0,0.6018,0.0,,,True,True,distinct,,shared_comid+records+source_area
USGS:01467688,USGS:01467689,WB Schuylkill River ab Pine Knot Disch at Duncott,"Pine Knot Disch 500 m bl Tunnel at Duncott, PA",4779851,23.28,discharge,discharge+water_temp,discharge+water_temp,1114.0,0.6897,-0.3128,44.288794800000005,,True,True,distinct,,shared_comid+records+source_area
USGS:071948135,USGS:071948150,"North Research Br at the WREC at Fayetteville, AR","Wetland BR at the WREC at Fayetteville, AR",398558,24.79,discharge,discharge,discharge,854.0,0.8177,-0.0003,,,True,True,distinct,,shared_comid+records+source_area
USGS:02485600,USGS:02485601,"ROSS BARNETT RESERVOIR NR JACKSON, MS","PEARL RIVER AT ROSS BARNETT RESERVOIR, MS",15758240,25.99,gage_height,gage_height,gage_height,5302.0,0.0582,13.2603,7899.4634,7899.4634,True,True,complementary,,shared_comid+records+source_area
USGS:01309950,USGS:01310000,BELLMORE CREEK NEAR BELLMORE NY,BELLMORE CREEK AT BELLMORE NY,9499700,26.36,discharge,discharge,discharge,5338.0,0.9537,-0.0161,,36.88142912,True,True,distinct,,shared_comid+records+source_area
USGS:300127090045800,USGS:300128090045800,"Bayou Saint John inside gate at New Orleans, LA","Bayou Saint John outside gate at New Orleans, LA",18910456,30.83,spec_cond,gage_height+water_temp+spec_cond+diss_oxy,gage_height+water_temp+spec_cond+diss_oxy,1271.0,0.8457,41.7708,,,True,True,dual_registration,,shared_comid+records+source_area
USGS:413611087200901,USGS:413612087200901,"CITY HALL SOUTHEAST FLUME AT GARY, IN","CITY HALL NORTHEAST FLUME AT GARY, IN",3398182,31.09,discharge,discharge+gage_height+spec_cond,discharge+gage_height+spec_cond,211.0,0.7979,-0.0,,,True,True,distinct,,shared_comid+records+source_area
USGS:413611087201001,USGS:413612087200901,"CITY HALL NORTH FLUME AT GARY, IN","CITY HALL NORTHEAST FLUME AT GARY, IN",3398182,38.66,discharge,discharge+gage_height+spec_cond,discharge+gage_height+spec_cond,173.0,0.7478,-0.0004,,,True,True,distinct,,shared_comid+records+source_area
USGS:413611087201002,USGS:413612087200901,"CITY HALL SOUTH FLUME AT GARY, IN","CITY HALL NORTHEAST FLUME AT GARY, IN",3398182,38.66,discharge,discharge+gage_height+spec_cond,discharge+gage_height+spec_cond,213.0,0.5334,-0.0002,,,True,True,distinct,,shared_comid+records+source_area
USGS:01460378,USGS:01460380,D&R Ca feeder US of gate at Washington Crossing NJ,Del and Rar Ca feeder at Washington Crossing NJ,2590249,38.94,,discharge,water_temp,,,,,,True,True,complementary,,shared_comid+records+source_area
USGS:07385700,USGS:07385702,"Bayou Teche at Keystone L&D nr St. Martinville, LA",Bayou Teche below Keystone L&D nr St. Martinville,15150946,40.82,gage_height,discharge+gage_height,gage_height,6368.0,0.9205,1.9233,,,True,True,complementary,,shared_comid+records+source_area
IWQIS:WQS0031,IWQIS:WQS9931,Groundwater / Spring at Elkader (31gwBSFH),Groundwater / Spring at Elkader (99qwBSFH),13311475,41.43,nitrate,nitrate+water_temp+spec_cond+turbidity_unknown+diss_oxy+ph+fchl+orthophosphate,nitrate+orthophosphate,3.0,,12.46,266.768764,266.768764,True,True,distinct,,shared_comid+records+source_area
USGS:02076295,USGS:02076296,"WHITE OAK CREEK ABOVE NEAR CHATHAM, VA","WHITE OAK CREEK BELOW NEAR CHATHAM, VA",8712619,42.92,spec_cond,water_temp+spec_cond+turbidity_fnu+diss_oxy+ph,gage_height+water_temp+spec_cond+turbidity_fnu+diss_oxy+ph,145.0,0.9967,0.0729,41.1808092,,True,True,dual_registration,,shared_comid+records+source_area
USGS:413611087200901,USGS:413611087201101,"CITY HALL SOUTHEAST FLUME AT GARY, IN","CITY HALL WEST FLUME AT GARY, IN",3398182,45.96,discharge,discharge+gage_height+spec_cond,discharge+gage_height+spec_cond,211.0,0.5712,0.0002,,,True,True,distinct,,shared_comid+records+source_area
USGS:04170490,USGS:04170500,"KENT LAKE NEAR NEW HUDSON, MI","HURON RIVER NEAR NEW HUDSON, MI",13173829,54.98,,gage_height,discharge,,,,383.318224,383.318224,False,True,complementary,,shared_comid+records+source_area
USGS:413611087201101,USGS:413612087200901,"CITY HALL WEST FLUME AT GARY, IN","CITY HALL NORTHEAST FLUME AT GARY, IN",3398182,55.49,discharge,discharge+gage_height+spec_cond,discharge+gage_height+spec_cond,237.0,0.6869,-0.0002,,,True,True,distinct,,shared_comid+records+source_area
IWQIS:WQS0093,USGS:05481950,Beaver Creek at Johnston (93BCJ),"Beaver Creek near Grimes, IA",6597304,57.67,,water_temp+turbidity_unknown,discharge,,,,2.589988,927.215704,True,False,complementary,,shared_comid+records+source_area
USGS:424129077495501,USGS:424131077495802,"NY-SW4 ALFRED FARMS EDGE OF FIELD, SONYEA NY","NY-TL1 ALFRED TILE EDGE OF FIELD, SONYEA NY",15547349,61.46,discharge,discharge,discharge,2209.0,1.0,-0.0001,,,True,True,distinct,,shared_comid+records+source_area
USGS:06610685,USGS:410704095524301,"Offutt Ditch (Bellevue Drain) nr Offutt AFB, Nebr.","Base Lake at Offutt AFB nr Bellevue, Nebr.",940230021,62.15,gage_height,gage_height,gage_height,73.0,-0.3204,0.1158,,,True,False,complementary,,shared_comid+records+source_area
USGS:464115097254700,USGS:464115097255000,"DISCOVERY FARMS WATERWAY SITE 2 NEAR EMBDEN, ND","DISCOVERY FARMS WATERWAY SITE 1 NEAR EMBDEN, ND",14254591,63.98,discharge,discharge,discharge,2649.0,0.4986,0.0,,,False,False,distinct,,shared_comid+records+source_area
USGS:424129077495501,USGS:424131077495801,"NY-SW4 ALFRED FARMS EDGE OF FIELD, SONYEA NY","NY-SW3 ALFRED FARMS EDGE OF FIELD, SONYEA NY",15547349,70.32,discharge,discharge,discharge,1670.0,0.8445,0.0,,,True,True,dual_registration,,shared_comid+records+source_area
USGS:04037400,USGS:04037500,"CISCO LAKE NEAR WATERSMEET, MI","CISCO BRANCH ONTONAGON R AT CISCO LAKE OUTLET, MI",11952111,70.68,,gage_height,discharge,,,,131.0533928,131.3123916,True,True,complementary,,shared_comid+records+source_area
USGS:424129077495502,USGS:424131077495802,"NY-TL2 ALFRED TILE EDGE OF FIELD, SONYEA","NY-TL1 ALFRED TILE EDGE OF FIELD, SONYEA NY",15547349,71.01,discharge,discharge,discharge,2209.0,1.0,-0.0,,,True,True,distinct,,shared_comid+records+source_area
USGS:055451345,USGS:423525088260400,"WHITE RIVER AT CENTER STREET AT LAKE GENEVA, WI","GENEVA LAKE AT LAKE GENEVA, WI",14768740,74.73,,discharge,gage_height,,,,74.3326556,74.3326556,True,True,complementary,,shared_comid+records+source_area
USGS:07250550,USGS:07250551,"AR River at James W. Trimble L&D nr Van Buren, AR","ARK RIVER HYDROPLANT AT TRIMBLE L&D NR VAN BUREN,",7756168,74.81,discharge,discharge,discharge,3600.0,-0.1851,127.4258,391088.18799999997,389914.923436,True,False,distinct,,shared_comid+records+source_area
IWQIS:WQS0100,USGS:05484800,Walnut Creek at Des Moines (100WCDM),"Walnut Creek at Des Moines, IA",6609844,76.93,,water_temp+turbidity_unknown,discharge,,,,2.589988,203.05505920000002,True,True,complementary,,shared_comid+records+source_area
USGS:424129077495502,USGS:424131077495801,"NY-TL2 ALFRED TILE EDGE OF FIELD, SONYEA","NY-SW3 ALFRED FARMS EDGE OF FIELD, SONYEA NY",15547349,80.73,discharge,discharge,discharge,1670.0,0.2637,0.0,,,True,True,distinct,,shared_comid+records+source_area
USGS:401350073594801,USGS:401350073595201,Atlantic Oc in Deal Lk surge chmbr at Asbury Pk NJ,Deal Lake at Flume House at Asbury Park NJ,6261966,82.54,spec_cond,water_temp+spec_cond+diss_oxy+ph,water_temp+spec_cond+turbidity_fnu+diss_oxy+ph,21.0,0.7181,4712.6042,,,True,True,distinct,,shared_comid+records+source_area
USGS:05549500,USGS:05549501,"FOX RIVER NEAR MCHENRY, IL","FOX RIVER (TAILWATER) NEAR MCHENRY, IL",14771660,93.18,gage_height,gage_height+water_temp+spec_cond+turbidity_fnu+diss_oxy+ph+fchl+fpc,gage_height,4693.0,-0.0316,0.4303,3237.485,3237.485,False,True,complementary,,shared_comid+records+source_area
USGS:421650071120401,USGS:421652071120601,"MA-HWY-I95S-HMA-STATION 00567 NEEDHAM, MA","MA-HWY-I95S-OGFC-STATION 00568 NEEDHAM, MA",5867775,94.78,discharge,discharge+water_temp+spec_cond,discharge+water_temp+spec_cond,1779.0,0.9277,0.0,,,True,True,dual_registration,,shared_comid+records+source_area
USGS:0414826544,USGS:0414826545,"TRIB TO LUM DRAIN ADJ SHARP RD NR SWARTZ CREEK, MI","TRIB TILE TO LUM DRAIN NEAR SWARTZ CREEK, MI",13019703,95.8,discharge,discharge,discharge,1992.0,0.6183,-0.0003,,,True,True,distinct,,shared_comid+records+source_area
USGS:03071590,USGS:03071600,"CHEAT LAKE NEAR STEWARTSTOWN, WV","CHEAT RIVER AT LAKE LYNN, PA",3773975,96.32,,water_temp+spec_cond+diss_oxy+ph,gage_height,,,,3654.473068,3654.473068,False,False,complementary,,shared_comid+records+source_area
USGS:02074556,USGS:02074557,"SANDY CREEK ABOVE NEAR MOUNT HERMAN, VA","SANDY CREEK BELOW NEAR MOUNT HERMAN, VA",8672141,97.06,spec_cond,gage_height+water_temp+spec_cond+turbidity_fnu+diss_oxy+ph,gage_height+water_temp+spec_cond+turbidity_fnu+diss_oxy+ph,147.0,0.9959,1.1875,11.68084588,11.732645640000001,True,True,dual_registration,,shared_comid+records+source_area
IWQIS:WQS0079,USGS:06810000,Nishnabotna River at Hamburg (79NRH),"Nishnabotna River above Hamburg, IA",659674,98.47,,water_temp+turbidity_unknown,discharge+gage_height,,,,2.589988,7267.5063279999995,True,True,complementary,,shared_comid+records+source_area
USGS:450615091444001,USGS:450618091444001,"DISCOVERY FARMS-RED CEDAR WATERWAY 1 NR COLFAX, WI","DISCOVERY FARMS-RED CEDAR WATERWAY 2 NR COLFAX, WI",13083379,101.98,discharge,discharge,discharge,719.0,0.9674,0.0,0.005179976,0.015539928,True,True,dual_registration,,shared_comid+records+source_area
USGS:01100870,USGS:01100871,"MERRIMACK RIVER AT NEWBURYPORT, MA","MERRIMACK RIVER AT BRIDGE MARINA AT SALISBURY, MA",6742840,104.46,,gage_height,water_temp+diss_oxy,,,,,12949.94,True,True,distinct,,shared_comid+records+source_area
USGS:01362336,USGS:01362345,STONY CLOVE CR AT JANSSEN RD AT LANESVILLE NY,HOLLOW TREE BROOK AT ST HWY 214 AT LANESVILLE NY,6189746,107.4,turbidity_fnu,discharge+gage_height+turbidity_fnu,turbidity_fnu,1471.0,0.3531,-6.7738,23.957389,12.017544319999999,True,True,weak_evidence,,shared_comid+records+source_area
IWQIS:WQS0088,USGS:05458900,West Fork Cedar River at Finchford (88 WFCF),"West Fork Cedar River at Finchford, IA",2165301,108.18,,nitrate+water_temp+spec_cond+turbidity_unknown+diss_oxy+ph,discharge,,,,2191.129848,2191.129848,True,True,distinct,,shared_comid+records+source_area
USGS:391040084343800,USGS:391043084343500,M Branch Shepherd Creek at RM 0.04 near Mt Airy OH,M Branch Shepherd Creek at RM 0.15 near Mt Airy OH,3405159,109.46,discharge,discharge,discharge,301.0,0.9847,0.0,0.7251966400000001,0.6992967600000001,True,True,dual_registration,,shared_comid+records+source_area
USGS:424242090230701,USGS:424245090231000,"U.W. PLATTEVILLE FARMS SITE 07 NR PLATTEVILLE, WI","U.W. PLATTEVILLE FARMS SITE 08 NR PLATTEVILLE, WI",13356888,109.81,discharge,discharge,discharge,363.0,0.9958,0.0,0.1691262164,0.11654946,True,True,dual_registration,,shared_comid+records+source_area
USGS:422204083023901,USGS:422207083023601,COMBINED SEWER ACCESS SITE B AT RECOVERY PARK,COMBINED SEWER ACCESS SITE E AT RECOVERY PARK,10850310,110.84,spec_cond,water_temp+spec_cond,water_temp+spec_cond,290.0,0.3511,167.3229,,,False,False,distinct,,shared_comid+records+source_area
USGS:411605084240800,USGS:411607084241200,Unnamed trib abv wetland nr Winn Rd nr Defiance OH,Inflow to wetland nr Winn Rd nr Defiance OH,15649067,111.35,discharge,discharge,discharge,1052.0,0.6356,0.0,3.4446840400000003,,True,True,distinct,,shared_comid+records+source_area
IWQIS:WQS0121,USGS:06809500,East Nishnabotna River at Red Oak (121ENRRO),"East Nishnabotna River at Red Oak, IA",19166807,116.8,,nitrate,discharge+gage_height,,,,2315.449272,2315.449272,True,True,distinct,,shared_comid+records+source_area
USGS:422302071083801,USGS:422303071084301,"FRESH POND IN GATE HOUSE AT CAMBRIDGE, MA","FRESH POND BUOY, NEAR INTAKE AT CAMBRIDGE, MA",5866419,117.8,water_temp,water_temp+spec_cond,water_temp+fpc,797.0,0.996,0.0969,,,True,True,weak_evidence,,shared_comid+records+source_area
IWQIS:WQS0123,USGS:05387440,Upper Iowa River at Bluffton (WQS123 UIRB),"Upper Iowa River at Bluffton, IA",13336562,125.04,,nitrate,discharge,,,,950.525596,950.525596,True,True,distinct,,shared_comid+records+source_area
USGS:03086000,USGS:03086001,"Ohio River at Sewickley, PA","Ohio River (lower pool) at Sewickley, PA",3821215,127.48,,discharge,gage_height,,,,50504.765999999996,,False,True,distinct,,shared_comid+records+source_area
USGS:431208089314901,USGS:431212089314801,"DANE CO. MRBI TILE NO. 1 NR SPRINGFIELD CORNERS,WI","DANE CO MRBI WATERWAY 2 NR SPRINGFIELD CORNERS, WI",13293462,129.15,discharge,discharge,discharge,365.0,0.5363,0.0001,0.0989375416,0.060346720400000005,True,True,distinct,,shared_comid+records+source_area
IWQIS:WQS0118,USGS:05418500,Maquoketa River at Maquoketa (118MRM),"Maquoketa River near Maquoketa, IA",13375649,129.55,,nitrate+water_temp+spec_cond+turbidity_unknown+diss_oxy+ph,discharge+gage_height,,,,4022.2513639999997,4022.2513639999997,True,True,distinct,,shared_comid+records+source_area
USGS:0207635082,USGS:0207635085,"CHERRYSTONE CK ABOVE NR CO RD 1444 NR CHATHAM, VA","CHERRYSTONE CK BELOW NR CO RD 1444 NR CHATHAM, VA",8712295,130.35,spec_cond,water_temp+spec_cond+turbidity_fnu+diss_oxy+ph,gage_height+water_temp+spec_cond+turbidity_fnu+diss_oxy+ph,145.0,0.9997,-0.1354,96.34755360000001,96.34755360000001,True,True,dual_registration,,shared_comid+records+source_area
IWQIS:WQS0033,USGS:05490500,Des Moines River at Keosauqua (33DMRK),"Des Moines River at Keosauqua, IA",4998271,130.8,,nitrate+water_temp+turbidity_unknown,discharge+gage_height,,,,36358.251544,36358.251544,True,True,distinct,,shared_comid+records+source_area
USGS:411607084241200,USGS:411610084240800,Inflow to wetland nr Winn Rd nr Defiance OH,Wetland outflow near Winn Rd near Defiance OH,15649067,131.28,discharge,discharge,discharge,1033.0,0.9339,0.0,,,True,True,dual_registration,,shared_comid+records+source_area
USGS:03039040,USGS:03039041,"Allegheny River at Lock & Dam 5 near Freeport, PA","Allegheny River bl Lock & Dam 5 near Freeport, PA",11049952,131.85,spec_cond,gage_height+water_temp+spec_cond,gage_height+water_temp+spec_cond+diss_oxy,0.0,,,24226.747752,24190.48792,True,True,sequential,2017-12-19..2018-05-30,shared_comid+records+source_area
IWQIS:WQP0010,USGS:05451500,Iowa River at Marshalltown (WQP10 IRM),"Iowa River at Marshalltown, IA",17539323,134.17,,nitrate+water_temp+turbidity_unknown,discharge,,,,2.589988,3967.861616,True,True,distinct,,shared_comid+records+source_area
USGS:450654091441501,USGS:450659091441401,"DISCOVERY FARMS-RED CEDAR WATERWAY 3 NR COLFAX, WI","DISCOVERY FARMS-RED CEDAR WATERWAY 4 NR COLFAX, WI",13082869,134.32,discharge,discharge,discharge,712.0,0.9697,0.0,0.00647497,0.0028489868000000002,False,False,dual_registration,,shared_comid+records+source_area
IWQIS:WQP0013,USGS:05481650,Des Moines River at Des Moines (Saylorville 2 Downstream),"Des Moines River near Saylorville, IA",6597718,135.57,,nitrate,discharge,,,,2.589988,15128.119908,True,True,distinct,,shared_comid+records+source_area
IWQIS:WQS0010,USGS:05474000,Skunk River at Augusta (10SRA),"Skunk River at Augusta, IA",7006146,139.06,,nitrate+water_temp+spec_cond+turbidity_unknown+diss_oxy+ph+fchl,discharge,,,,11168.028256,11168.028256,True,True,distinct,,shared_comid+records+source_area
USGS:411228084541701,USGS:411229084541102,"OVERLAND FLOW WEST OF BULL RAPIDS RD NR HARLAN, IN","DRAIN TILE EAST OF BULL RAPIDS RD NR HARLAN, IN",15667131,139.14,discharge,discharge,discharge,3342.0,0.4654,-0.0004,,,True,True,distinct,,shared_comid+records+source_area
USGS:411228084541701,USGS:411229084541101,"OVERLAND FLOW WEST OF BULL RAPIDS RD NR HARLAN, IN","OVERLAND FLOW EAST OF BULL RAPIDS RD NR HARLAN, IN",15667131,143.6,discharge,discharge,discharge,3340.0,0.906,0.0,,,True,True,dual_registration,,shared_comid+records+source_area
USGS:391059084345500,USGS:391101084344900,W Branch Shepherd Creek at RM 0.40 near Mt Airy OH,"Unnamed Drainage at Westonridge Rd, Mt Airy OH",3405159,144.83,discharge,discharge,discharge,485.0,0.6793,0.0006,0.28489868,,True,True,distinct,,shared_comid+records+source_area
USGS:391100084344300,USGS:391101084344900,"Unnamed Drainage at Horizonvue Dr, Mt Airy OH","Unnamed Drainage at Westonridge Rd, Mt Airy OH",3405159,146.0,discharge,discharge,discharge,1217.0,0.6734,0.0,,,True,True,distinct,,shared_comid+records+source_area
USGS:411228084541702,USGS:411229084541102,"DRAIN TILE WEST OF BULL RAPIDS RD NR HARLAN, IN","DRAIN TILE EAST OF BULL RAPIDS RD NR HARLAN, IN",15667131,150.69,discharge,discharge,discharge,2954.0,0.7434,-0.0004,,,True,True,distinct,,shared_comid+records+source_area
USGS:442114088085701,USGS:442119088085501,"GLRI WATERWAY NUMBER 5 NR WRIGHTSTOWN, WI","GLRI WATERWAY NUMBER 4 NR WRIGHTSTOWN, WI",12007781,154.39,discharge,discharge,discharge,4122.0,0.9299,0.0,0.01942491,0.020201906399999997,True,True,dual_registration,,shared_comid+records+source_area
USGS:411228084541702,USGS:411229084541101,"DRAIN TILE WEST OF BULL RAPIDS RD NR HARLAN, IN","OVERLAND FLOW EAST OF BULL RAPIDS RD NR HARLAN, IN",15667131,155.09,discharge,discharge,discharge,2952.0,0.6557,0.0,,,True,True,distinct,,shared_comid+records+source_area
USGS:01073389,USGS:430509071092201,"Pawtuckaway Lake near Nottingham, NH","BURNHAMS MARSHES NEAR NOTTINGHAM, NH",5848650,155.13,gage_height,gage_height+water_temp+spec_cond+turbidity_fnu+diss_oxy+ph,gage_height,199.0,0.5395,-0.3593,,,True,True,weak_evidence,,shared_comid+records+source_area
USGS:411605084240800,USGS:411610084240800,Unnamed trib abv wetland nr Winn Rd nr Defiance OH,Wetland outflow near Winn Rd near Defiance OH,15649067,155.48,discharge,discharge,discharge,1042.0,0.5708,0.0,3.4446840400000003,,True,True,distinct,,shared_comid+records+source_area
IWQIS:WQP0006,IWQIS:WQP0007,Saturated Waterway 1 at Reinbeck,Saturated Waterway 2 at Reinbeck,22475257,157.21,nitrate,nitrate,nitrate+water_temp+spec_cond+diss_oxy+ph+fchl,765.0,0.8377,1.08,2.589988,2.589988,True,True,distinct,,shared_comid+records+source_area
USGS:03520967,USGS:03520968,"INDIAN CR ALONG N & W RAILROAD NR CEDAR BLUFF, VA","INDIAN CREEK ABOVE RT 631 NEAR CEDAR BLUFF, VA",14637575,157.54,spec_cond,water_temp+spec_cond+turbidity_fnu+ph,water_temp+spec_cond+turbidity_fnu+ph,97.0,0.9969,0.8958,82.879616,82.879616,True,True,dual_registration,,shared_comid+records+source_area
USGS:424302090225601,USGS:424302090230301,"U.W. PLATTEVILLE FARMS SITE 03 NR PLATTEVILLE, WI","U.W. PLATTEVILLE FARMS SITE 06 NR PLATTEVILLE, WI",13356846,158.32,discharge,discharge,discharge,359.0,0.549,0.0,0.056979735999999996,0.0106189508,True,True,distinct,,shared_comid+records+source_area
IWQIS:WQS0083,USGS:05462000,Shell Rock River at Shell Rock (83 SRRSR),"Shell Rock River at Shell Rock, IA",6561217,162.11,,nitrate+water_temp+turbidity_unknown,discharge,,,,4522.119048,4522.119048,True,True,distinct,,shared_comid+records+source_area
USGS:03027400,USGS:03027500,"Weir 1 at East Branch Clarion River Dam, PA","EB Clarion River at EB Clarion River Dam, PA",6874115,164.57,gage_height,gage_height,discharge+gage_height+water_temp+spec_cond+turbidity_fnu+diss_oxy+ph,2552.0,0.1041,7.7206,187.5151312,189.58712160000002,True,True,weak_evidence,,shared_comid+records+source_area
IWQIS:WQS0084,USGS:05458500,Cedar River at Janesville (84CRJ),"Cedar River at Janesville, IA",7017505,167.15,,nitrate+water_temp+turbidity_unknown,discharge,,,,144707.809536,4301.970068,True,True,distinct,,shared_comid+records+source_area
IWQIS:WQS0085,USGS:05462000,WQS0085,"Shell Rock River at Shell Rock, IA",6561217,172.16,,nitrate+water_temp+turbidity_unknown,discharge,,,,2.589988,4522.119048,True,True,distinct,,shared_comid+records+source_area
USGS:03520980,USGS:03520981,"INDIAN CREEK TRIB ALONG RT 631 NR CEDAR BLUFF, VA","INDIAN CREEK TRIBUTARY AB MOUTH NR CEDAR BLUFF, VA",14637577,173.94,spec_cond,water_temp+spec_cond+turbidity_fnu,water_temp+spec_cond+turbidity_fnu,101.0,0.9212,17.1875,2.27918944,2.35688908,True,True,dual_registration,,shared_comid+records+source_area
USGS:01648010,USGS:01648011,"Rock Creek at Joyce Rd Washington, DC",Luzon Branch above Rock Creek at Washington DC,22338431,180.53,discharge,nitrate+discharge+gage_height+water_temp+spec_cond+turbidity_fnu+diss_oxy+ph,discharge+water_temp,1193.0,0.7088,0.8521,164.9822356,2.66768764,True,True,distinct,,shared_comid+records+source_area
USGS:391059084342600,USGS:391104084343000,M Branch Shepherd Creek at RM 0.50 near Mt Airy OH,"Unnamed Drainage at Ponderosa Dr, Mt Airy OH",3405159,182.41,discharge,discharge,discharge,1003.0,0.4049,0.0003,0.20719904,,True,True,distinct,,shared_comid+records+source_area
USGS:01362356,USGS:01362357,WARNER CREEK AT SILVER HOLLOW RD NR CHICHESTER NY,WARNER CREEK NEAR CHICHESTER NY,6189748,184.55,turbidity_fnu,turbidity_fnu,discharge+gage_height+turbidity_fnu,976.0,0.967,-0.9333,22.2738968,22.55879548,True,True,weak_evidence,,shared_comid+records+source_area
USGS:03039035,USGS:03039036,"Allegheny River at Lock & Dam 6 at Clinton, PA","Allegheny River below Lock & Dam 6 at Clinton, PA",4742269,186.66,gage_height,gage_height+water_temp+diss_oxy,gage_height+water_temp+diss_oxy,3950.0,0.9834,-0.1606,24174.947992,24146.458124,False,True,weak_evidence,,shared_comid+records+source_area
USGS:424421077495301,USGS:424428077495401,"NY-SW1 MERRIMAC FARMS EDGE OF FIELD, E GROVELAND","NY-SW2 MERRIMAC FARMS EDGE OF FIELD, E GROVELAND",15547241,189.62,discharge,discharge,discharge,2391.0,1.0,0.0,,,True,True,dual_registration,,shared_comid+records+source_area
USGS:06893557,USGS:390202094362700,"Brush Creek at Ward Parkway in Kansas City, MO","BRUSH CREEK AT STATE LINE RD, KANSAS CITY, MO",4390865,195.2,,discharge,water_temp+spec_cond+turbidity_fnu+diss_oxy+ph,,,,31.597853599999997,,True,True,distinct,,shared_comid+records+source_area
USGS:391035084344300,USGS:391040084343800,East Branch Shepherd Creek near Mt Airy OH,M Branch Shepherd Creek at RM 0.04 near Mt Airy OH,3405159,195.87,discharge,discharge,discharge,1003.0,0.9653,-0.0011,0.36259832000000003,0.7251966400000001,True,True,distinct,,shared_comid+records+source_area
IWQIS:WQS0105,IWQIS:WQS0106,Benton County DOT Ditch 1 (105BCD1),Benton County DOT Ditch 2 (106BCD2),22477837,197.54,water_temp,water_temp+turbidity_unknown,water_temp+turbidity_unknown,698.0,0.9126,-0.3564,2.589988,2.589988,True,True,weak_evidence,,shared_comid+records+source_area
IWQIS:WQS9999,USGS:05454500,Cedar River at Iowa City (test),"Iowa River at Iowa City, IA",11916315,197.69,,nitrate+water_temp+spec_cond+turbidity_unknown+diss_oxy+ph+fchl,discharge+gage_height,,,,8394.151108,8471.850748,True,True,distinct,,shared_comid+records+source_area
USGS:03049680,USGS:03049681,"Allegheny R at Lock & Dam 2 at Aspinwall, PA","Allegheny R at L&D 2 (lower pool) at Aspinwall, PA",11050700,208.65,gage_height,gage_height,gage_height,3344.0,0.8932,-1.8227,30302.8596,,False,True,weak_evidence,,shared_comid+records+source_area
USGS:424314090240601,USGS:424317090241401,"U.W. PLATTEVILLE FARMS SITE 02 NR PLATTEVILLE, WI","U.W. PLATTEVILLE FARMS SITE 2B NEAR PLATTEVILLE,WI",13356860,213.31,discharge,discharge,discharge,571.0,0.8697,0.0,0.0846926076,0.033151846400000004,False,False,dual_registration,,shared_comid+records+source_area
USGS:0135749950,USGS:01357500,MOHAWK RIVER DIVERSION TO POWER PLANT AT COHOES NY,MOHAWK RIVER AT COHOES NY,22751957,217.37,spec_cond,water_temp+spec_cond+turbidity_fnu+diss_oxy+ph+fdom+fchl+fpc,discharge+gage_height+water_temp+spec_cond+turbidity_fnu,596.0,0.9986,4.849,4.32527996,8935.4586,True,True,dual_registration,,shared_comid+records+source_area
USGS:404320073072601,USGS:404327073072701,"Great South Bay 10 near Connetquot River, NY",GREAT SOUTH BAY 1 of 3 NEAR GREAT RIVER NY,9499896,219.01,diss_oxy,water_temp+diss_oxy,diss_oxy,0.0,,,,,,,sequential,2015-09-19..2016-08-08,shared_comid+records+source_area
USGS:430428089325701,USGS:430435089325901,"WEST OLD SAUK ROAD STORM SEWER AT MADISON, WI","BEAR CLAW WAY STORM SEWER AT MADISON, WI",13633331,221.8,discharge,discharge,discharge,133.0,0.4319,0.0,0.0056979736000000005,0.002589988,False,False,distinct,,shared_comid+records+source_area
USGS:434244090470801,USGS:434246090465801,"DISCOVERY FARMS-JERSEY WATERWAY 2 NEAR CASHTON, WI","DISCOVERY FARMS-JERSEY WATERWAY 3 NEAR CASHTON, WI",13624183,224.11,discharge,discharge,discharge,2513.0,0.965,0.0,0.06474970000000001,0.10230452599999999,True,True,dual_registration,,shared_comid+records+source_area
USGS:03072655,USGS:03072656,"Monongahela River near Masontown, PA","Monongahela River (lower pool) near Masontown, PA",3788105,227.35,gage_height,discharge+gage_height,gage_height,0.0,,,11499.54672,,True,True,sequential,2010-09-23..2015-09-29,shared_comid+records+source_area
USGS:0136223095,USGS:420706074212201,BROADST HOLLOW BR AT BROADST HLW RD AT ALLABEN NY,BROADSTREET HOL BR NR BROADST HOL RD AT ALLABEN NY,6189630,241.7,,turbidity_fnu,water_temp,,,,,,True,True,distinct,,shared_comid+records+source_area
USGS:401347074003501,USGS:401352074002701,Deal lake at Railroad Bridge at Asbury Park NJ,Deal Lake 150 ft east of Main St at Interlaken NJ,6261966,255.95,spec_cond,water_temp+spec_cond+turbidity_fnu+diss_oxy+ph,water_temp+spec_cond+turbidity_fnu+diss_oxy+ph,0.0,,,,,True,True,sequential,2022-10-03..2023-09-12,shared_comid+records+source_area
USGS:01576516,USGS:015765185,"Big Spring Run ab Trib near Willow Street, PA",Unnamed Trib to Big Spring Run nr Willow Street PA,4724385,258.82,discharge,discharge+gage_height+water_temp+turbidity_fnu,discharge+gage_height+water_temp+turbidity_fnu,288.0,0.8093,0.0083,0.93239568,2.7194874,True,True,distinct,,shared_comid+records+source_area
IWQIS:WQS0028,IWQIS:WQS0029,Des Moines River at Boone (28DMRB),Water supply well at Boone (29gwDMRB),6595222,259.89,nitrate,nitrate+water_temp+spec_cond+diss_oxy+ph+fchl,nitrate,75.0,0.344,1.42,145.039328,145.039328,True,True,distinct,,shared_comid+records+source_area
USGS:0205450393,USGS:0205450495,"ROANOKE RIVER ALONG ROUTE 626 AT LAFAYETTE, VA","ROANOKE RIVER ABOVE ROUTE 11 AT LAFAYETTE, VA",8628449,269.27,spec_cond,water_temp+spec_cond+turbidity_fnu+diss_oxy+ph,water_temp+spec_cond+turbidity_fnu+diss_oxy+ph,2660.0,0.9918,-9.5417,663.036928,665.6269159999999,True,True,distinct,,shared_comid+records+source_area
USGS:01309990,USGS:01310000,BELLMORE CREEK TRIBUTARY AT BELLMORE NY,BELLMORE CREEK AT BELLMORE NY,9499700,272.23,discharge,discharge,discharge,5338.0,0.9471,-0.1155,,36.88142912,False,True,distinct,,shared_comid+records+source_area
USGS:01467689,USGS:01467691,"Pine Knot Disch 500 m bl Tunnel at Duncott, PA",Oak Hill Disch 200 m bl Borehole at Duncott,4779851,273.72,discharge,discharge+water_temp,discharge,267.0,0.7654,0.478,,,True,True,distinct,,shared_comid+records+source_area
USGS:391059084345500,USGS:391100084344300,W Branch Shepherd Creek at RM 0.40 near Mt Airy OH,"Unnamed Drainage at Horizonvue Dr, Mt Airy OH",3405159,275.17,discharge,discharge,discharge,485.0,0.5117,0.0006,0.28489868,,True,True,distinct,,shared_comid+records+source_area
USGS:03336998,USGS:03337000,"BONEYARD CREEK BELOW 6TH STREET AT CHAMPAIGN, IL","BONEYARD CREEK AT URBANA, IL",10082040,281.91,gage_height,gage_height,discharge+gage_height,6614.0,0.927,0.3261,10.8779496,11.55134648,True,True,weak_evidence,,shared_comid+records+source_area
USGS:424253090232100,USGS:424302090231900,"U.W. PLATTEVILLE FARMS SITE 11 NR PLATTEVILLE, WI","U.W. PLATTEVILLE FARMS SITE 10 NR PLATTEVILLE, WI",13356858,283.02,discharge,discharge,discharge,344.0,0.8288,0.0,0.0137269364,0.041439808,True,True,distinct,,shared_comid+records+source_area
USGS:01365500,USGS:01365505,CHESTNUT CREEK AT GRAHAMSVILLE NY,NEVERSINK RES DIVERSION CHANNEL AT GRAHAMSVILLE NY,6199814,284.0,discharge,discharge,discharge,2892.0,-0.0555,-0.2039,54.1307492,,True,True,distinct,,shared_comid+records+source_area
USGS:01467688,USGS:01467691,WB Schuylkill River ab Pine Knot Disch at Duncott,Oak Hill Disch 200 m bl Borehole at Duncott,4779851,286.24,discharge,discharge+water_temp,discharge,247.0,0.9368,0.0365,44.288794800000005,,True,True,distinct,,shared_comid+records+source_area
USGS:01309950,USGS:01309990,BELLMORE CREEK NEAR BELLMORE NY,BELLMORE CREEK TRIBUTARY AT BELLMORE NY,9499700,289.29,discharge,discharge,discharge,5339.0,0.8071,0.0903,,,True,False,distinct,,shared_comid+records+source_area
USGS:0347927162,USGS:0347927164,"BUCKEYE CR ABOVE BUCKEYE LAKE NEAR CANNON GAP, NC","BUCKEYE CR BELOW BUCKEYE LAKE NEAR CANNON GAP, NC",19743474,292.66,discharge,discharge+gage_height,discharge+gage_height,2739.0,0.9895,0.0017,8.18436208,8.72825956,True,True,distinct,,shared_comid+records+source_area
USGS:424247090234500,USGS:424256090234001,"U.W. PLATTEVILLE FARMS SITE 9 NEAR PLATTEVILLE, WI","U.W. PLATTEVILLE FARMS SITE 04 NR PLATTEVILLE, WI",13356858,301.41,discharge,discharge,discharge,13.0,,0.0,0.0826206172,0.3025105984,True,True,distinct,,shared_comid+records+source_area
USGS:0136230002,USGS:0136230005,WOODLAND CREEK ABOVE MOUTH AT PHOENICIA NY,WOODLAND CREEK AT MOUTH AT PHOENICIA NY,6189648,303.52,turbidity_fnu,discharge+gage_height+water_temp+turbidity_fnu,water_temp+turbidity_fnu,405.0,0.8164,-3.4958,53.3537528,53.8717504,True,True,weak_evidence,,shared_comid+records+source_area
USGS:391035084344300,USGS:391043084343500,East Branch Shepherd Creek near Mt Airy OH,M Branch Shepherd Creek at RM 0.15 near Mt Airy OH,3405159,305.33,discharge,discharge,discharge,301.0,0.9504,-0.0017,0.36259832000000003,0.6992967600000001,True,True,distinct,,shared_comid+records+source_area
USGS:423909090172100,USGS:423912090170800,"DISCOVERY FARMS WATERWAY SITE NO 2 NEAR BELMONT,WI","DISCOVERY FARMS WATERWAY SITE NO 1 NEAR BELMONT,WI",13356914,308.69,discharge,discharge,discharge,1003.0,0.9407,0.0,0.0696706772,0.0683756832,True,True,distinct,,shared_comid+records+source_area
USGS:071948140,USGS:071948150,"South Research Br at the WREC at Fayetteville, AR","Wetland BR at the WREC at Fayetteville, AR",398558,311.08,discharge,discharge,discharge,835.0,0.8396,-0.0006,,,True,True,distinct,,shared_comid+records+source_area
USGS:071948135,USGS:071948140,"North Research Br at the WREC at Fayetteville, AR","South Research Br at the WREC at Fayetteville, AR",398558,312.07,discharge,discharge,discharge,835.0,0.9358,0.0003,,,True,True,distinct,,shared_comid+records+source_area
USGS:04183030,USGS:04183032,"BLACK CREEK AT DARLING RD NEAR HARLAN, IN","BLACK CREEK AT BRUSH COLLEGE RD NEAR HARLAN, IN",15667203,315.46,gage_height,gage_height+water_temp+turbidity_fnu,discharge+gage_height+water_temp+turbidity_fnu,658.0,0.948,0.0668,7.17426676,7.3037661599999995,True,True,weak_evidence,,shared_comid+records+source_area
IWQIS:WQS0097,USGS:05485640,Fourmile Creek at Des Moines (97FCDM),"Fourmile Creek at Des Moines, IA",22248913,316.74,,water_temp+turbidity_unknown,discharge,,,,2.589988,240.0918876,True,True,distinct,,shared_comid+records+source_area
IWQIS:WQS0119,USGS:05421740,Wapsipinicon River at Anamosa (WQS 119WRA),"Wapsipinicon River near Anamosa, IA",14794879,321.74,,nitrate,discharge,,,,4079.2311,4079.2311,True,True,distinct,,shared_comid+records+source_area
USGS:01362368,USGS:01362370,OX CLOVE NEAR MOUTH AT CHICHESTER NY,STONY CLOVE CREEK BLW OX CLOVE AT CHICHESTER NY,6189644,326.5,discharge,discharge+gage_height+turbidity_fnu,discharge+gage_height+turbidity_fnu,3498.0,0.9346,-1.394,9.91965404,80.03062919999999,True,True,distinct,,shared_comid+records+source_area
USGS:401349074000601,USGS:401350073595201,Deal lake DS of Park Ave at Asbury Park NJ,Deal Lake at Flume House at Asbury Park NJ,6261966,327.17,spec_cond,water_temp+spec_cond+turbidity_fnu+diss_oxy+ph,water_temp+spec_cond+turbidity_fnu+diss_oxy+ph,36.0,0.8731,-239.4784,,,True,True,distinct,,shared_comid+records+source_area
USGS:06893619,USGS:06893620,"Rock Creek at E Wilson Road in Independence, MO","Rock Creek at Kentucky Road in Independence, MO",4390605,327.21,discharge,discharge+gage_height+water_temp+spec_cond+turbidity_fnu+diss_oxy,discharge+gage_height+water_temp+spec_cond+turbidity_fnu+diss_oxy+ph,0.0,,,22.42929608,24.604886,True,True,sequential,2024-07-03..2024-10-29,shared_comid+records+source_area
USGS:410536096194801,USGS:410546096194301,"Mid-East Chute of Platte R nr Camp Ashland, Nebr.","Mid-US-East Chute Platte R nr Camp Ashland, Nebr.",17414976,332.13,spec_cond,water_temp+spec_cond+turbidity_fnu+diss_oxy+ph,water_temp+spec_cond+turbidity_fnu+diss_oxy,531.0,0.9802,1.3408,,,True,True,distinct,,shared_comid+records+source_area
USGS:01389005,USGS:01389010,Passaic River below Pompton Riv at Two Bridges NJ,Passaic River at I-80 at Singac NJ,6251122,335.58,,nitrate+gage_height+water_temp+spec_cond+turbidity_fnu+diss_oxy+ph+fchl,discharge,,,,1916.59112,1916.59112,True,True,distinct,,shared_comid+records+source_area
USGS:06903880,USGS:06903900,"Rathbun Lake near Rathbun, IA","Chariton River near Rathbun, IA",940280022,341.63,gage_height,gage_height,discharge+gage_height,6727.0,0.7223,274.8788,1421.903412,1421.903412,False,False,weak_evidence,,shared_comid+records+source_area
USGS:03400798,USGS:03400800,"MARTINS FORK LK AT MARTINS FK DAM NR SMITH, KY","MARTINS FORK NEAR SMITH, KY",10190044,343.22,gage_height,gage_height+water_temp,discharge+gage_height+water_temp+spec_cond+diss_oxy+ph,0.0,,,144.2623316,144.52133039999998,True,True,sequential,2016-03-18..2017-07-15,shared_comid+records+source_area
USGS:391100084344300,USGS:391104084343000,"Unnamed Drainage at Horizonvue Dr, Mt Airy OH","Unnamed Drainage at Ponderosa Dr, Mt Airy OH",3405159,344.26,discharge,discharge,discharge,1218.0,0.6198,-0.0003,,,True,True,distinct,,shared_comid+records+source_area
USGS:01104410,USGS:01104415,"CAMBRIDGE RES., UNNAMED TRIB 1, NR LEXINGTON, MA","CAMBRIDGE RES., UNNAMED TRIB 2, NR LEXINGTON, MA",5867679,346.26,discharge,discharge+gage_height+water_temp+spec_cond,discharge+gage_height+water_temp+spec_cond,1117.0,0.8208,0.0017,0.9064958,1.06189508,True,True,distinct,,shared_comid+records+source_area
USGS:01446775,USGS:01446776,"Bushkill Creek ab Rt 33 bridge at Tatamy, PA","Bushkill Creek bl SR2017 bridge at Tatamy, PA",2588233,350.31,discharge,discharge,discharge,6789.0,0.97,1.2629,80.54862680000001,80.54862680000001,True,True,distinct,,shared_comid+records+source_area
USGS:05046475,USGS:05046502,"OTTER TAIL RIVER DIVERSION AT BRECKENRIDGE, MN","OTTER TAIL RIVER AT 11TH ST IN BRECKENRIDGE, MN",6658059,351.97,discharge,discharge+gage_height,discharge+gage_height,35.0,0.6641,-28.4018,,,True,True,distinct,,shared_comid+records+source_area
USGS:0535739503,USGS:0535739504,"LITTLE TURTLE RIVER AT GARNET STREET AT MERCER, WI","MERCER LAKE STORM SEWER @ BOAT LANDING @ MERCER,WI",13346262,352.74,discharge,discharge,discharge,526.0,0.0824,0.1165,26.96177508,,False,True,distinct,,shared_comid+records+source_area
USGS:01105606,USGS:01105608,"WHITMANS POND, WHITMANS POND DAM AT E. WEYMOUTH,MA","WHITMANS POND FISH LADDER AT EAST WEYMOUTH, MA",5863459,352.94,discharge,discharge+gage_height,discharge,6177.0,0.5423,0.0838,32.1158512,32.37485,True,True,distinct,,shared_comid+records+source_area
USGS:01105606,USGS:011056081,"WHITMANS POND, WHITMANS POND DAM AT E. WEYMOUTH,MA",WHITMANS POND COMBINED BY-PASS & FISH LADDER FLOW,5863459,352.94,discharge,discharge+gage_height,discharge,639.0,0.9999,0.0,32.1158512,32.37485,True,True,distinct,,shared_comid+records+source_area
USGS:07378746,USGS:07378748,"Bayou Manchac at Alligator B. near Kleinpeter, LA","Bluff Swamp near Kleinpeter, LA",18991248,357.72,gage_height,gage_height,gage_height,5950.0,0.0281,-0.0137,133.95417935999998,,False,True,weak_evidence,,shared_comid+records+source_area
USGS:02162285,USGS:02162287,"TABLE ROCK RESERVOIR NR CLEVELAND, SC","TABLE ROCK RESERVOIR TAILRACE NR CLEVELAND, SC",9866086,358.32,,gage_height,discharge,,,,39.367817599999995,,False,True,distinct,,shared_comid+records+source_area
USGS:401336074002901,USGS:401347074003501,Sunset Lake outlet at Bond St at Asbury Park NJ,Deal lake at Railroad Bridge at Asbury Park NJ,6261966,372.8,spec_cond,water_temp+spec_cond+turbidity_fnu+diss_oxy+ph,water_temp+spec_cond+turbidity_fnu+diss_oxy+ph,1.0,,-4371.5756,,,True,True,distinct,,shared_comid+records+source_area
USGS:04057811,USGS:04057814,"GREENWOOD RESERVOIR NEAR GREENWOOD, MI","GREENWOOD RELEASE NEAR GREENWOOD, MI",11959926,375.01,,gage_height,discharge,,,,174.56519120000002,174.56519120000002,True,False,distinct,,shared_comid+records+source_area
USGS:04057812,USGS:04057814,"GREENWOOD AFTERBAY NEAR GREENWOOD, MI","GREENWOOD RELEASE NEAR GREENWOOD, MI",11959926,375.01,,gage_height,discharge,,,,174.56519120000002,174.56519120000002,True,False,distinct,,shared_comid+records+source_area
USGS:435441087463900,USGS:435444087462300,"DISCOVERY FARMS WATERWAY NUMBER 1 NR CLEVELAND, WI","DISCOVERY FARMS WATERWAY NUMBER 2 NR CLEVELAND, WI",12175340,382.13,discharge,discharge,discharge,1371.0,0.9044,0.0,0.061641714400000006,0.0486917744,True,True,distinct,,shared_comid+records+source_area
USGS:05414850,USGS:424247090234500,"GALENA R.-U.W. PLATTEVILLE FARMS-NR PLATTEVILLE,WI","U.W. PLATTEVILLE FARMS SITE 9 NEAR PLATTEVILLE, WI",13356858,384.89,discharge,discharge,discharge,226.0,0.0515,0.2201,7.61456472,0.0826206172,True,True,distinct,,shared_comid+records+source_area
USGS:07263886,USGS:07263887,"Buckingham Flats HW/TW near Bayou Meto, AR","Canon Brake(nr Bayou Meto)TW nr Bayou Meto, AR",15314733,392.19,gage_height,gage_height,gage_height,1099.0,0.7811,0.1189,,,True,False,weak_evidence,,shared_comid+records+source_area
USGS:01104455,USGS:01104460,"STONY BROOK, UNNAMED TRIBUTARY 1, NEAR WALTHAM, MA","STONY BROOK AT RT 20 AT WALTHAM, MA",5866457,404.4,discharge,discharge+gage_height+water_temp+spec_cond+turbidity_fnu,discharge+gage_height+water_temp+spec_cond,4594.0,0.5243,-0.7718,1.24319424,56.979736,True,True,distinct,,shared_comid+records+source_area
USGS:464114097260900,USGS:464115097255000,"DISCOVERY FARMS WATERWAY SITE 3 NEAR EMBDEN, ND","DISCOVERY FARMS WATERWAY SITE 1 NEAR EMBDEN, ND",14254591,406.35,discharge,discharge,discharge,2688.0,0.4705,0.0,,,True,False,distinct,,shared_comid+records+source_area
USGS:0136235580,USGS:0136235585,WARNER CREEK IN SILVER HOLLOW NEAR CHICHESTER NY,WARNER CREEK IN SILVER HOLLOW NEAR PHOENICIA NY,6189748,407.12,turbidity_fnu,turbidity_fnu,turbidity_fnu,2542.0,0.7868,-0.6397,18.80331288,19.1659112,True,True,weak_evidence,,shared_comid+records+source_area
USGS:401349074000601,USGS:401350073594801,Deal lake DS of Park Ave at Asbury Park NJ,Atlantic Oc in Deal Lk surge chmbr at Asbury Pk NJ,6261966,408.28,spec_cond,water_temp+spec_cond+turbidity_fnu+diss_oxy+ph,water_temp+spec_cond+diss_oxy+ph,22.0,0.6853,-7214.9615,,,True,True,distinct,,shared_comid+records+source_area
USGS:03027200,USGS:03027400,"Weir 6 at East Branch Clarion River Dam, PA","Weir 1 at East Branch Clarion River Dam, PA",6874115,409.99,gage_height,gage_height,gage_height,1567.0,0.4044,-8.4643,187.5151312,187.5151312,True,True,weak_evidence,,shared_comid+records+source_area
USGS:05536357,USGS:413722087304901,"GRAND CALUMET RIVER AT HOHMAN AV AT HAMMOND, IN","GRAND CALUMET RIVER AT SOHL AV AT HAMMOND, IN",13463913,413.97,,discharge,water_temp+diss_oxy,,,,,15.09963004,True,True,distinct,,shared_comid+records+source_area
USGS:0205696042,USGS:0205696095,"BLACKWATER RIVER ABOVE MAPLE BRANCH NR REDWOOD, VA","BLACKWATER RIVER BELOW MAPLE BRANCH NR REDWOOD, VA",8626735,416.06,spec_cond,water_temp+spec_cond+turbidity_fnu+diss_oxy+ph,gage_height+water_temp+spec_cond+turbidity_fnu+diss_oxy+ph,2558.0,0.9219,0.8438,424.758032,427.34802,True,True,distinct,,shared_comid+records+source_area
USGS:391059084342600,USGS:391100084344300,M Branch Shepherd Creek at RM 0.50 near Mt Airy OH,"Unnamed Drainage at Horizonvue Dr, Mt Airy OH",3405159,417.21,discharge,discharge,discharge,1003.0,0.4742,0.0006,0.20719904,,True,True,distinct,,shared_comid+records+source_area
USGS:01104453,USGS:01104455,STONY BROOK UNNAMED TRIB 2 NR WESTON STATION,"STONY BROOK, UNNAMED TRIBUTARY 1, NEAR WALTHAM, MA",5866457,426.43,discharge,discharge+gage_height+water_temp+spec_cond,discharge+gage_height+water_temp+spec_cond+turbidity_fnu,728.0,0.2207,0.069,5.77567324,1.24319424,True,True,distinct,,shared_comid+records+source_area
USGS:03311500,USGS:03311505,"GREEN RIVER AT LOCK 6 AT BROWNSVILLE, KY","GREEN RIVER AT WATER PLANT AT BROWNSVILLE, KY",4005122,438.84,water_temp,water_temp,water_temp,0.0,,,7153.546856,,True,True,sequential,2014-11-29..2023-08-17,shared_comid+records+source_area
USGS:424253090232100,USGS:424256090234001,"U.W. PLATTEVILLE FARMS SITE 11 NR PLATTEVILLE, WI","U.W. PLATTEVILLE FARMS SITE 04 NR PLATTEVILLE, WI",13356858,439.72,discharge,discharge,discharge,13.0,,0.0,0.0137269364,0.3025105984,True,True,distinct,,shared_comid+records+source_area
USGS:401330074001201,USGS:401336074002901,Sunset Lake east of Heck St at Asbury Park NJ,Sunset Lake outlet at Bond St at Asbury Park NJ,6261966,439.94,spec_cond,water_temp+spec_cond+turbidity_fnu+diss_oxy+ph,water_temp+spec_cond+turbidity_fnu+diss_oxy+ph,32.0,0.8865,-3.2656,,,True,True,distinct,,shared_comid+records+source_area
USGS:424245090231000,USGS:424259090231301,"U.W. PLATTEVILLE FARMS SITE 08 NR PLATTEVILLE, WI","U.W. PLATTEVILLE FARMS SITE 05 NR PLATTEVILLE, WI",13356888,441.13,discharge,discharge,discharge,511.0,0.6788,0.0,0.11654946,0.0577567324,True,False,distinct,,shared_comid+records+source_area
IWQIS:WQS0089,USGS:06817000,Nodaway River at Clarinda (89NRC),"Nodaway River at Clarinda, IA",19129083,441.5,water_temp,water_temp+turbidity_unknown,nitrate+discharge+gage_height+water_temp,53.0,0.9223,0.4269,2.589988,1973.570856,True,True,weak_evidence,,shared_comid+records+source_area
USGS:01104453,USGS:01104460,STONY BROOK UNNAMED TRIB 2 NR WESTON STATION,"STONY BROOK AT RT 20 AT WALTHAM, MA",5866457,466.91,discharge,discharge+gage_height+water_temp+spec_cond,discharge+gage_height+water_temp+spec_cond,1919.0,0.7999,-0.6873,5.77567324,56.979736,True,True,distinct,,shared_comid+records+source_area
USGS:0136235575,USGS:0136235580,WARNER CREEK NR CARL MOUNTAIN NR CHICHESTER NY,WARNER CREEK IN SILVER HOLLOW NEAR CHICHESTER NY,6189748,468.72,turbidity_fnu,turbidity_fnu,turbidity_fnu,2694.0,0.9512,-0.9469,18.28531528,18.80331288,True,True,weak_evidence,,shared_comid+records+source_area
USGS:464114097260900,USGS:464115097254700,"DISCOVERY FARMS WATERWAY SITE 3 NEAR EMBDEN, ND","DISCOVERY FARMS WATERWAY SITE 2 NEAR EMBDEN, ND",14254591,470.17,discharge,discharge,discharge,2650.0,0.9198,0.0,,,True,False,distinct,,shared_comid+records+source_area
USGS:07381000,USGS:07381002,"Bayou Lafourche at Thibodaux, LA","Bayou Lafourche below weir at Thibodaux, LA",22366581,472.62,gage_height,discharge+gage_height,gage_height,1933.0,0.6934,0.4359,,,True,True,weak_evidence,,shared_comid+records+source_area
USGS:01362330,USGS:01362332,STONY CLOVE CREEK NEAR LANESVILLE NY,STONY CLOVE CREEK AT WRIGHT RD NEAR LANESVILLE NY,6189746,472.65,turbidity_fnu,turbidity_fnu,turbidity_fnu,2781.0,0.7048,-0.5448,19.42491,20.90120316,True,True,weak_evidence,,shared_comid+records+source_area
USGS:391101084344900,USGS:391104084343000,"Unnamed Drainage at Westonridge Rd, Mt Airy OH","Unnamed Drainage at Ponderosa Dr, Mt Airy OH",3405159,472.91,discharge,discharge,discharge,1217.0,0.5966,-0.0003,,,True,True,distinct,,shared_comid+records+source_area
USGS:04035995,USGS:04036000,"LAKE GOGEBIC NEAR BERGLAND, MI","WEST BRANCH ONTONAGON RIVER NEAR BERGLAND, MI",11947259,485.75,,gage_height,discharge,,,,419.578056,419.578056,True,True,distinct,,shared_comid+records+source_area
IWQIS:WQP0002,IWQIS:WQS0001,WQP0002,Iowa River at Iowa City (1IAIC),11916299,507.88,nitrate,nitrate+orthophosphate,nitrate+water_temp+spec_cond+turbidity_unknown+diss_oxy+ph+fchl,195.0,0.9257,-1.72,2.589988,8150.692236,False,True,distinct,,shared_comid+records+source_area
USGS:424256090234001,USGS:424302090231900,"U.W. PLATTEVILLE FARMS SITE 04 NR PLATTEVILLE, WI","U.W. PLATTEVILLE FARMS SITE 10 NR PLATTEVILLE, WI",13356858,510.19,discharge,discharge,discharge,13.0,,0.0,0.3025105984,0.041439808,True,True,distinct,,shared_comid+records+source_area
USGS:401349074000601,USGS:401352074002701,Deal lake DS of Park Ave at Asbury Park NJ,Deal Lake 150 ft east of Main St at Interlaken NJ,6261966,512.92,spec_cond,water_temp+spec_cond+turbidity_fnu+diss_oxy+ph,water_temp+spec_cond+turbidity_fnu+diss_oxy+ph,0.0,,,,,True,True,sequential,2023-04-04..2023-09-12,shared_comid+records+source_area
USGS:413612087200901,USGS:413628087201401,"CITY HALL NORTHEAST FLUME AT GARY, IN","GRAND CALUMET RIVER AT BROADWAY ST AT GARY, IN",3398182,515.15,,discharge+gage_height+spec_cond,water_temp+diss_oxy,,,,,,True,True,distinct,,shared_comid+records+source_area
USGS:401336074002901,USGS:401352074002701,Sunset Lake outlet at Bond St at Asbury Park NJ,Deal Lake 150 ft east of Main St at Interlaken NJ,6261966,518.13,spec_cond,water_temp+spec_cond+turbidity_fnu+diss_oxy+ph,water_temp+spec_cond+turbidity_fnu+diss_oxy+ph,15.0,0.433,-4394.7292,,,True,True,distinct,,shared_comid+records+source_area
USGS:01365505,USGS:01365550,NEVERSINK RES DIVERSION CHANNEL AT GRAHAMSVILLE NY,CHESTNUT CREEK AT MOUTH AT GRAHAMSVILLE NY,6199814,527.79,discharge,discharge,discharge+water_temp,2889.0,0.9185,-0.9299,,55.684742,True,True,distinct,,shared_comid+records+source_area
USGS:01653521,USGS:01653522,"PISCATAWAY CREEK AT JOINT BASE ANDREWS, MD","PISCATAWAY CREEK TRIB AT JOINT BASE ANDREWS, MD",22337835,528.29,spec_cond,discharge+gage_height+water_temp+spec_cond+turbidity_fnu,gage_height+water_temp+spec_cond+turbidity_fnu,100.0,0.4841,-1.0625,2.48638848,,True,True,distinct,,shared_comid+records+source_area
USGS:07144790,USGS:07144795,"CHENEY RE NR CHENEY, KS","NF NINNESCAH R AT CHENEY DAM, KS",21160795,529.79,,nitrate+water_temp+spec_cond+turbidity_fnu+diss_oxy+ph+fdom,discharge+gage_height,,,,2333.579188,2333.579188,False,True,distinct,,shared_comid+records+source_area
USGS:01195490,USGS:01195510,"QUINNIPIAC RIVER AT SOUTHINGTON, CT","QUINNIPIAC RIVER DS W CENTER ST AT SOUTHINGTON, CT",6174422,530.8,,discharge+gage_height,water_temp+spec_cond+diss_oxy+ph,,,,45.06579119999999,47.914778,True,True,distinct,,shared_comid+records+source_area
USGS:01104415,USGS:424317071263001,"CAMBRIDGE RES., UNNAMED TRIB 2, NR LEXINGTON, MA",Upper Hobbs Brook Reservoir Buoy 1,5867679,531.63,water_temp,discharge+gage_height+water_temp+spec_cond,water_temp+fpc,408.0,0.9559,-5.275,1.06189508,,True,True,weak_evidence,,shared_comid+records+source_area
USGS:015765185,USGS:015765195,Unnamed Trib to Big Spring Run nr Willow Street PA,"Big Spring Run near Mylin Corners, PA",4724385,531.65,discharge,discharge+gage_height+water_temp+turbidity_fnu,discharge+gage_height+water_temp+spec_cond+turbidity_fnu,969.0,0.9459,-0.0327,2.7194874,4.3511798399999995,True,True,distinct,,shared_comid+records+source_area
USGS:03228400,USGS:03228500,Hoover Reservoir at Central College OH,Big Walnut Creek at Central College OH,5213261,537.34,,water_temp,discharge,,,,492.09772,492.09772,False,True,distinct,,shared_comid+records+source_area
USGS:413611087201101,USGS:413628087201401,"CITY HALL WEST FLUME AT GARY, IN","GRAND CALUMET RIVER AT BROADWAY ST AT GARY, IN",3398182,537.39,,discharge+gage_height+spec_cond,water_temp+diss_oxy,,,,,,True,True,distinct,,shared_comid+records+source_area
USGS:06470590,USGS:06470595,"LAKE LAMOURE SOUTH OF LAMOURE, ND","COTTONWOOD CREEK BELOW LAKE LAMOURE, ND",11468856,539.72,gage_height,gage_height,gage_height,0.0,,,,,False,True,sequential,2009-05-18..2009-06-03,shared_comid+records+source_area
USGS:413611087201001,USGS:413628087201401,"CITY HALL NORTH FLUME AT GARY, IN","GRAND CALUMET RIVER AT BROADWAY ST AT GARY, IN",3398182,540.95,,discharge+gage_height+spec_cond,water_temp+diss_oxy,,,,,,True,True,distinct,,shared_comid+records+source_area
USGS:413611087201002,USGS:413628087201401,"CITY HALL SOUTH FLUME AT GARY, IN","GRAND CALUMET RIVER AT BROADWAY ST AT GARY, IN",3398182,540.95,,discharge+gage_height+spec_cond,water_temp+diss_oxy,,,,,,True,True,distinct,,shared_comid+records+source_area
USGS:01104410,USGS:424317071263001,"CAMBRIDGE RES., UNNAMED TRIB 1, NR LEXINGTON, MA",Upper Hobbs Brook Reservoir Buoy 1,5867679,543.68,water_temp,discharge+gage_height+water_temp+spec_cond,water_temp+fpc,320.0,0.9702,-5.5255,0.9064958,,True,True,weak_evidence,,shared_comid+records+source_area
USGS:05531044,USGS:05531045,"SALT CREEK NEAR ELK GROVE VILLAGE, IL","SALT CREEK AT ELK GROVE VILLAGE, IL",14785333,543.94,discharge,discharge+gage_height,discharge+gage_height,0.0,,,134.4203772,134.679376,False,True,sequential,2015-10-31..2015-11-02,shared_comid+records+source_area
USGS:424242090230701,USGS:424259090231301,"U.W. PLATTEVILLE FARMS SITE 07 NR PLATTEVILLE, WI","U.W. PLATTEVILLE FARMS SITE 05 NR PLATTEVILLE, WI",13356888,544.89,discharge,discharge,discharge,235.0,0.4862,0.0,0.1691262164,0.0577567324,True,False,distinct,,shared_comid+records+source_area
USGS:413611087200901,USGS:413628087201401,"CITY HALL SOUTHEAST FLUME AT GARY, IN","GRAND CALUMET RIVER AT BROADWAY ST AT GARY, IN",3398182,545.46,,discharge+gage_height+spec_cond,water_temp+diss_oxy,,,,,,True,True,distinct,,shared_comid+records+source_area
USGS:391043084343500,USGS:391059084342600,M Branch Shepherd Creek at RM 0.15 near Mt Airy OH,M Branch Shepherd Creek at RM 0.50 near Mt Airy OH,3405159,550.0,discharge,discharge,discharge,301.0,0.9447,0.0023,0.6992967600000001,0.20719904,True,True,distinct,,shared_comid+records+source_area
USGS:03027200,USGS:03027500,"Weir 6 at East Branch Clarion River Dam, PA","EB Clarion River at EB Clarion River Dam, PA",6874115,552.64,gage_height,gage_height,discharge+gage_height+water_temp+spec_cond+turbidity_fnu+diss_oxy+ph,1563.0,0.2888,-0.8579,187.5151312,189.58712160000002,True,True,weak_evidence,,shared_comid+records+source_area
USGS:01576516,USGS:015765195,"Big Spring Run ab Trib near Willow Street, PA","Big Spring Run near Mylin Corners, PA",4724385,557.97,discharge,discharge+gage_height+water_temp+turbidity_fnu,discharge+gage_height+water_temp+spec_cond+turbidity_fnu,15.0,0.7788,-0.0113,0.93239568,4.3511798399999995,True,True,distinct,,shared_comid+records+source_area
USGS:07027000,USGS:07027005,"REELFOOT LAKE NR TIPTONVILLE, TN",RUNNING REELFOOT BAYOU BELOW REELFOOT SPILLWAY,7484732,561.53,gage_height,gage_height,gage_height,3050.0,0.8423,3.3467,621.59712,621.59712,True,False,weak_evidence,,shared_comid+records+source_area
USGS:391059084342600,USGS:391101084344900,M Branch Shepherd Creek at RM 0.50 near Mt Airy OH,"Unnamed Drainage at Westonridge Rd, Mt Airy OH",3405159,562.15,discharge,discharge,discharge,1003.0,0.5462,0.0006,0.20719904,,True,True,distinct,,shared_comid+records+source_area
USGS:300009090051600,USGS:300026090050800,"City Park East Lagoon at New Orleans, LA","Bayou Saint John Midlake at New Orleans, LA",22772198,566.11,spec_cond,gage_height+water_temp+spec_cond+diss_oxy,gage_height+water_temp+spec_cond+diss_oxy,1010.0,0.7968,-683.3333,,,False,False,distinct,,shared_comid+records+source_area
USGS:391043084343500,USGS:391100084344300,M Branch Shepherd Creek at RM 0.15 near Mt Airy OH,"Unnamed Drainage at Horizonvue Dr, Mt Airy OH",3405159,570.97,discharge,discharge,discharge,517.0,0.6776,0.0025,0.6992967600000001,,True,True,distinct,,shared_comid+records+source_area
USGS:424247090234500,USGS:424253090232100,"U.W. PLATTEVILLE FARMS SITE 9 NEAR PLATTEVILLE, WI","U.W. PLATTEVILLE FARMS SITE 11 NR PLATTEVILLE, WI",13356858,573.92,discharge,discharge,discharge,343.0,0.5714,0.0,0.0826206172,0.0137269364,True,True,distinct,,shared_comid+records+source_area
USGS:05059300,USGS:05059310,"SHEYENNE R AB SHEYENNE R DIVERSION NR HORACE, ND","SHEYENNE RIVER DIVERSION NR HORACE, ND",14828151,590.71,discharge,discharge+gage_height+water_temp+spec_cond,discharge,619.0,0.956,12.5597,13001.73976,13053.53952,True,True,distinct,,shared_comid+records+source_area
USGS:073745245,USGS:295124089542100,"Caernarvon Canal Sector Gate at Caernarvon, La","Caernarvon Outfall Channel at Caernarvon, LA",22798749,596.07,gage_height,gage_height,discharge+gage_height+water_temp+spec_cond,790.0,0.8768,-0.0348,,,False,False,weak_evidence,,shared_comid+records+source_area
USGS:03171597,USGS:0317159760,"LITTLE STONY CREEK AB ARCHER TRAIL NR PEMBROKE, VA","LITTLE STONY CREEK BL ARCHER TRAIL NR PEMBROKE, VA",6907823,596.91,spec_cond,water_temp+spec_cond+turbidity_fnu+diss_oxy+ph,gage_height+water_temp+spec_cond+turbidity_fnu+diss_oxy+ph,2644.0,0.9618,-0.9271,51.0227636,52.3177576,True,True,distinct,,shared_comid+records+source_area
USGS:01457000,USGS:01457005,Musconetcong River near Bloomsbury NJ,Musconetcong River trib 6 nr Bloomsbury NJ,2588261,597.6,,discharge,water_temp,,,,365.188308,,True,True,distinct,,shared_comid+records+source_area
USGS:03337000,USGS:03337100,"BONEYARD CREEK AT URBANA, IL","BONEYARD CREEK AT LINCOLN AVE AT URBANA, IL",10082040,603.2,discharge,discharge+gage_height,discharge+gage_height,6802.0,0.9875,-0.0297,11.55134648,12.38014264,True,True,distinct,,shared_comid+records+source_area
USGS:391059084345500,USGS:391104084343000,W Branch Shepherd Creek at RM 0.40 near Mt Airy OH,"Unnamed Drainage at Ponderosa Dr, Mt Airy OH",3405159,614.4,discharge,discharge,discharge,485.0,0.3104,0.0003,0.28489868,,True,True,distinct,,shared_comid+records+source_area
USGS:0535739504,USGS:460930090035900,"MERCER LAKE STORM SEWER @ BOAT LANDING @ MERCER,WI","MERCER LAKE AT MERCER, WI",13346262,616.66,,discharge,gage_height,,,,,33.669844,True,True,distinct,,shared_comid+records+source_area
USGS:434250090461401,USGS:434311090461401,"DISCOVERY FARMS-JERSEY WATERWAY 5 NEAR CASHTON, WI","DISCOVERY FARMS-JERSEY WATERWAY 4 NEAR CASHTON, WI",13624181,622.97,discharge,discharge,discharge,2512.0,0.9329,0.0,0.1351973736,0.056720737199999996,True,True,distinct,,shared_comid+records+source_area
USGS:401330074001201,USGS:401349074000601,Sunset Lake east of Heck St at Asbury Park NJ,Deal lake DS of Park Ave at Asbury Park NJ,6261966,623.99,spec_cond,water_temp+spec_cond+turbidity_fnu+diss_oxy+ph,water_temp+spec_cond+turbidity_fnu+diss_oxy+ph,53.0,0.7468,-3352.1979,,,True,True,distinct,,shared_comid+records+source_area
USGS:01123360,USGS:01123365,"QUINEBAUG R BL E BRIMFIELD DAM AT FISKDALE, MA","QUINEBAUG RIVER AT HOLLAND RD AT FISKDALE, MA",6147587,635.41,,discharge,water_temp+spec_cond+diss_oxy,,,,162.1332488,162.9102452,True,True,distinct,,shared_comid+records+source_area
USGS:01455045,USGS:01455047,Lopatcong Creek at Uniontown NJ,"Lopatcong Creek tributary at Uniontown, NJ",2588239,635.67,water_temp,water_temp,water_temp,329.0,0.9952,-0.4,,,True,True,weak_evidence,,shared_comid+records+source_area
USGS:01362350,USGS:01362352,STONY CLOVE CREEK AT CHICHESTER NY,STONY CLOVE CR ABV WARNER CR AT CHICHESTER NY,6189746,636.13,turbidity_fnu,turbidity_fnu,turbidity_fnu,0.0,,,45.32479,45.32479,True,True,sequential,2021-03-17..2021-07-06,shared_comid+records+source_area
USGS:391040084343800,USGS:391100084344300,M Branch Shepherd Creek at RM 0.04 near Mt Airy OH,"Unnamed Drainage at Horizonvue Dr, Mt Airy OH",3405159,636.23,discharge,discharge,discharge,1003.0,0.4853,0.002,0.7251966400000001,,True,True,distinct,,shared_comid+records+source_area
USGS:0136235585,USGS:01362356,WARNER CREEK IN SILVER HOLLOW NEAR PHOENICIA NY,WARNER CREEK AT SILVER HOLLOW RD NR CHICHESTER NY,6189748,642.64,turbidity_fnu,turbidity_fnu,turbidity_fnu,2392.0,0.9325,0.4698,19.1659112,22.2738968,True,True,weak_evidence,,shared_comid+records+source_area
USGS:04182867,USGS:04182900,"MAUMEE RIVER AT TECUMSEH STREET AT FORT WAYNE, IN","MAUMEE RIVER AT FORT WAYNE, IN",15668481,652.74,,nitrate+water_temp+spec_cond+turbidity_fnu+diss_oxy+ph,discharge,,,,4988.316888,4988.316888,True,True,distinct,,shared_comid+records+source_area
USGS:391040084343800,USGS:391059084342600,M Branch Shepherd Creek at RM 0.04 near Mt Airy OH,M Branch Shepherd Creek at RM 0.50 near Mt Airy OH,3405159,656.73,discharge,discharge,discharge,1003.0,0.9621,0.0014,0.7251966400000001,0.20719904,True,True,distinct,,shared_comid+records+source_area
USGS:03012545,USGS:03012550,"Allegheny River below Kinzua Dam at Big Bend, PA","Allegheny River at Kinzua Dam, PA",8975664,659.82,water_temp,water_temp+diss_oxy,discharge+gage_height+water_temp+spec_cond+diss_oxy,451.0,0.9976,-0.0583,5646.1738399999995,5646.1738399999995,True,True,weak_evidence,,shared_comid+records+source_area
USGS:391043084343500,USGS:391101084344900,M Branch Shepherd Creek at RM 0.15 near Mt Airy OH,"Unnamed Drainage at Westonridge Rd, Mt Airy OH",3405159,661.06,discharge,discharge,discharge,515.0,0.6464,0.0025,0.6992967600000001,,True,True,distinct,,shared_comid+records+source_area
USGS:05414850,USGS:424256090234001,"GALENA R.-U.W. PLATTEVILLE FARMS-NR PLATTEVILLE,WI","U.W. PLATTEVILLE FARMS SITE 04 NR PLATTEVILLE, WI",13356858,666.54,discharge,discharge,discharge,13.0,,0.1135,7.61456472,0.3025105984,True,True,distinct,,shared_comid+records+source_area
USGS:391043084343500,USGS:391104084343000,M Branch Shepherd Creek at RM 0.15 near Mt Airy OH,"Unnamed Drainage at Ponderosa Dr, Mt Airy OH",3405159,671.78,discharge,discharge,discharge,516.0,0.7656,0.0024,0.6992967600000001,,True,True,distinct,,shared_comid+records+source_area
USGS:01362232,USGS:420706074212201,BROADSTREET HOLLOW BROOK AT HWY28 AT ALLABEN NY,BROADSTREET HOL BR NR BROADST HOL RD AT ALLABEN NY,6189630,682.72,water_temp,discharge+gage_height+water_temp+turbidity_fnu,water_temp,117.0,0.9518,0.2406,23.72429008,,True,True,weak_evidence,,shared_comid+records+source_area
USGS:05357205,USGS:05357206,"ALLEQUASH CREEK NEAR SAYNER, WI","ALLEQUASH CREEK SITE NO. 3 NR BOULDER JUNCTION, WI",13344872,684.51,discharge,discharge+gage_height+water_temp+spec_cond+turbidity_fnu+diss_oxy+ph,discharge+gage_height+water_temp,0.0,,,10.8779496,9.841954399999999,True,True,sequential,2023-04-15..2021-07-22,shared_comid+records+source_area
USGS:401336074002901,USGS:401349074000601,Sunset Lake outlet at Bond St at Asbury Park NJ,Deal lake DS of Park Ave at Asbury Park NJ,6261966,687.04,spec_cond,water_temp+spec_cond+turbidity_fnu+diss_oxy+ph,water_temp+spec_cond+turbidity_fnu+diss_oxy+ph,32.0,0.7007,-2414.9311,,,True,True,distinct,,shared_comid+records+source_area
USGS:391059084342600,USGS:391059084345500,M Branch Shepherd Creek at RM 0.50 near Mt Airy OH,W Branch Shepherd Creek at RM 0.40 near Mt Airy OH,3405159,689.46,discharge,discharge,discharge,485.0,0.946,0.0,0.20719904,0.28489868,True,True,distinct,,shared_comid+records+source_area
USGS:0201144558,USGS:0201144806,"WARWICK RUN ABOVE LICK DRAFT NEAR MILL GAP, VA","WARWICK RUN BELOW LICK DRAFT NEAR MILL GAP, VA",8520727,689.92,spec_cond,water_temp+spec_cond+turbidity_fnu+diss_oxy+ph,gage_height+water_temp+spec_cond+turbidity_fnu+diss_oxy+ph,878.0,0.9118,16.7813,6.63036928,13.70103652,True,True,distinct,,shared_comid+records+source_area
USGS:391043084343500,USGS:391059084345500,M Branch Shepherd Creek at RM 0.15 near Mt Airy OH,W Branch Shepherd Creek at RM 0.40 near Mt Airy OH,3405159,690.14,discharge,discharge,discharge,0.0,,,0.6992967600000001,0.28489868,True,True,sequential,2009-04-28..2009-12-02,shared_comid+records+source_area
USGS:401347074003501,USGS:401349074000601,Deal lake at Railroad Bridge at Asbury Park NJ,Deal lake DS of Park Ave at Asbury Park NJ,6261966,695.58,spec_cond,water_temp+spec_cond+turbidity_fnu+diss_oxy+ph,water_temp+spec_cond+turbidity_fnu+diss_oxy+ph,22.0,0.9099,-1669.5312,,,True,True,distinct,,shared_comid+records+source_area
USGS:01105584,USGS:01105585,"TOWN BROOK AT DIVERSION TUNNEL AT QUINCY, MA","TOWN BROOK AT QUINCY, MA",5866555,696.92,,gage_height,discharge,,,,,10.644850680000001,False,False,distinct,,shared_comid+records+source_area
USGS:391040084343800,USGS:391101084344900,M Branch Shepherd Creek at RM 0.04 near Mt Airy OH,"Unnamed Drainage at Westonridge Rd, Mt Airy OH",3405159,708.65,discharge,discharge,discharge,1003.0,0.5383,0.0023,0.7251966400000001,,True,True,distinct,,shared_comid+records+source_area
USGS:03146402,USGS:03146405,N. Fk. Licking River at E. Main St. at Newark OH,"North Fork Licking River at Ohio Street, Newark OH",15363451,715.25,discharge,discharge,discharge+gage_height,0.0,,,621.59712,624.187108,True,True,sequential,2010-09-28..2010-11-30,shared_comid+records+source_area
USGS:391040084343800,USGS:391059084345500,M Branch Shepherd Creek at RM 0.04 near Mt Airy OH,W Branch Shepherd Creek at RM 0.40 near Mt Airy OH,3405159,716.42,discharge,discharge,discharge,485.0,0.9682,0.0017,0.7251966400000001,0.28489868,True,True,distinct,,shared_comid+records+source_area
USGS:03340870,USGS:03340900,"CECIL M. HARDEN LAKE AT FERNDALE, IN","BIG RACCOON CREEK AT FERNDALE, IN",10209503,719.15,nitrate,nitrate+water_temp+spec_cond+turbidity_fnu+diss_oxy+ph+fchl+fpc,nitrate+discharge+gage_height+water_temp+spec_cond+turbidity_fnu+diss_oxy+ph+fchl+fpc,202.0,0.9573,0.3,556.8474199999999,574.977336,False,True,distinct,,shared_comid+records+source_area
USGS:01407639,USGS:401352074002701,Harvey Brook US Corlies Av at Allenhurst NJ,Deal Lake 150 ft east of Main St at Interlaken NJ,6261966,719.85,spec_cond,water_temp+spec_cond+turbidity_fnu+diss_oxy+ph,water_temp+spec_cond+turbidity_fnu+diss_oxy+ph,15.0,0.919,-2559.375,,,True,True,distinct,,shared_comid+records+source_area
USGS:01455097,USGS:01455098,Lopatcong Ck DS of Chestnut St at Phillipsburg NJ,"Lopatcong Creek trib2 at Alpha, NJ",2588059,721.71,water_temp,water_temp,water_temp,246.0,0.9805,1.75,,,True,True,weak_evidence,,shared_comid+records+source_area
USGS:03431500,USGS:034315005,"CUMBERLAND RIVER AT NASHVILLE, TN","CUMBERLAND RIVER AT WOODLAND ST AT NASHVILLE, TN",18408692,726.99,discharge,discharge,discharge,273.0,1.0,0.0,33296.885728,33260.625896,True,True,distinct,,shared_comid+records+source_area
USGS:424247090234500,USGS:424302090231900,"U.W. PLATTEVILLE FARMS SITE 9 NEAR PLATTEVILLE, WI","U.W. PLATTEVILLE FARMS SITE 10 NR PLATTEVILLE, WI",13356858,750.11,discharge,discharge,discharge,354.0,0.7267,0.0,0.0826206172,0.041439808,True,True,distinct,,shared_comid+records+source_area
USGS:01362357,USGS:01362358,WARNER CREEK NEAR CHICHESTER NY,WARNER CREEK AT CHICHESTER NY,6189748,758.42,turbidity_fnu,discharge+gage_height+turbidity_fnu,turbidity_fnu,43.0,0.999,-0.124,22.55879548,23.309891999999998,True,True,weak_evidence,,shared_comid+records+source_area
USGS:0205494935,USGS:02055000,"ROANOKE RIV AT JEFFERSON ST BRIDGE AT ROANOKE, VA","ROANOKE RIVER AT ROANOKE, VA",8627261,759.22,,water_temp+spec_cond+turbidity_fnu+ph,discharge,,,,994.555392,994.555392,True,True,distinct,,shared_comid+records+source_area
USGS:401330074001201,USGS:401347074003501,Sunset Lake east of Heck St at Asbury Park NJ,Deal lake at Railroad Bridge at Asbury Park NJ,6261966,760.24,spec_cond,water_temp+spec_cond+turbidity_fnu+diss_oxy+ph,water_temp+spec_cond+turbidity_fnu+diss_oxy+ph,22.0,0.2137,-3637.4948,,,True,True,distinct,,shared_comid+records+source_area
USGS:01636845,USGS:01636846,"LITTLE CATOCTIN CREEK NEAR ROSEMONT, MD","LITTLE CATOCTIN CREEK AT ROSEMONT, MD",4505366,767.35,discharge,discharge+gage_height+water_temp+spec_cond+turbidity_fnu+ph,discharge+gage_height+water_temp+spec_cond+turbidity_fnu+ph,1370.0,0.9903,-0.0113,10.77435008,11.7844454,True,True,distinct,,shared_comid+records+source_area
USGS:391040084343800,USGS:391104084343000,M Branch Shepherd Creek at RM 0.04 near Mt Airy OH,"Unnamed Drainage at Ponderosa Dr, Mt Airy OH",3405159,771.01,discharge,discharge,discharge,1003.0,0.4531,0.0017,0.7251966400000001,,True,True,distinct,,shared_comid+records+source_area
USGS:0136235585,USGS:01362357,WARNER CREEK IN SILVER HOLLOW NEAR PHOENICIA NY,WARNER CREEK NEAR CHICHESTER NY,6189748,773.83,turbidity_fnu,turbidity_fnu,discharge+gage_height+turbidity_fnu,1002.0,0.6709,-0.2234,19.1659112,22.55879548,True,True,weak_evidence,,shared_comid+records+source_area
USGS:01365500,USGS:01365550,CHESTNUT CREEK AT GRAHAMSVILLE NY,CHESTNUT CREEK AT MOUTH AT GRAHAMSVILLE NY,6199814,776.2,discharge,discharge,discharge+water_temp,2889.0,0.3427,-0.9005,54.1307492,55.684742,True,True,distinct,,shared_comid+records+source_area
USGS:040870876,USGS:04087088,"UNDERWOOD CR ON BIKE PATH/Rt 100, WAUWATOSA, WI.","UNDERWOOD CREEK AT WAUWATOSA, WI",12163882,776.44,discharge,discharge,discharge+gage_height,457.0,0.5264,-0.0453,,46.8787828,True,True,distinct,,shared_comid+records+source_area
USGS:391035084344300,USGS:391100084344300,East Branch Shepherd Creek near Mt Airy OH,"Unnamed Drainage at Horizonvue Dr, Mt Airy OH",3405159,778.4,discharge,discharge,discharge,1003.0,0.512,0.0006,0.36259832000000003,,True,True,distinct,,shared_comid+records+source_area
USGS:0110057380,USGS:01100574,"HARTWELL BROOK AT BEDFORD, MA","ELM BROOK AT BEDFORD, MA",6747180,781.47,discharge,discharge,discharge,391.0,0.9342,-0.1611,0.9064958,15.22912944,True,True,distinct,,shared_comid+records+source_area
USGS:401330074001201,USGS:401352074002701,Sunset Lake east of Heck St at Asbury Park NJ,Deal Lake 150 ft east of Main St at Interlaken NJ,6261966,789.42,spec_cond,water_temp+spec_cond+turbidity_fnu+diss_oxy+ph,water_temp+spec_cond+turbidity_fnu+diss_oxy+ph,0.0,,,,,True,True,sequential,2023-04-04..2023-09-12,shared_comid+records+source_area
USGS:401330074001201,USGS:401350073595201,Sunset Lake east of Heck St at Asbury Park NJ,Deal Lake at Flume House at Asbury Park NJ,6261966,792.99,spec_cond,water_temp+spec_cond+turbidity_fnu+diss_oxy+ph,water_temp+spec_cond+turbidity_fnu+diss_oxy+ph,36.0,0.5229,-4895.6302,,,True,True,distinct,,shared_comid+records+source_area
USGS:0535739503,USGS:460930090035900,"LITTLE TURTLE RIVER AT GARNET STREET AT MERCER, WI","MERCER LAKE AT MERCER, WI",13346262,796.56,,discharge,gage_height,,,,26.96177508,33.669844,False,True,distinct,,shared_comid+records+source_area
USGS:391035084344300,USGS:391059084345500,East Branch Shepherd Creek near Mt Airy OH,W Branch Shepherd Creek at RM 0.40 near Mt Airy OH,3405159,799.8,discharge,discharge,discharge,485.0,0.967,0.0,0.36259832000000003,0.28489868,True,True,distinct,,shared_comid+records+source_area
USGS:01362365,USGS:01362368,OX CLOVE AT CHICHESTER NY,OX CLOVE NEAR MOUTH AT CHICHESTER NY,6189644,801.21,turbidity_fnu,turbidity_fnu,discharge+gage_height+turbidity_fnu,3118.0,0.8201,-3.7354,8.05486268,9.91965404,True,True,weak_evidence,,shared_comid+records+source_area
USGS:01362322,USGS:01362330,MYRTLE BROOK AT STATE HWY 214 AT EDGEWOOD NY,STONY CLOVE CREEK NEAR LANESVILLE NY,6189746,805.7,turbidity_fnu,discharge+gage_height+turbidity_fnu,turbidity_fnu,2205.0,0.8727,-0.2252,4.68787828,19.42491,True,True,weak_evidence,,shared_comid+records+source_area
USGS:01583570,USGS:01583580,"POND BRANCH AT OREGON RIDGE, MD","BAISMAN RUN AT BROADMOOR, MD",11688418,812.76,discharge,discharge,discharge,6795.0,0.0577,-0.0317,0.31079856,3.80728236,True,True,distinct,,shared_comid+records+source_area
IWQIS:WQS0101,IWQIS:WQS0112,Mud Creek at Benton County (101MCBC1),Mud Creek Wetland Outlet at Keystone (112 MCWO),22476413,817.53,nitrate,nitrate,nitrate,398.0,0.5708,5.105,5.179976,5.179976,True,True,distinct,,shared_comid+records+source_area
USGS:391035084344300,USGS:391101084344900,East Branch Shepherd Creek near Mt Airy OH,"Unnamed Drainage at Westonridge Rd, Mt Airy OH",3405159,824.06,discharge,discharge,discharge,1003.0,0.5252,0.0006,0.36259832000000003,,True,True,distinct,,shared_comid+records+source_area
IWQIS:WQP0004,IWQIS:WQP0015,Blind Inlet at Walcott (4BISC),In-Field Research Project at Walcott (WQP 15),14796931,827.1,,nitrate,water_temp+turbidity_unknown,,,,2.589988,2.589988,True,True,distinct,,shared_comid+records+source_area
USGS:01362359,USGS:01362370,"STONY CLOVE CR AT SILVER HOLLOW RD, CHICHESTER NY",STONY CLOVE CREEK BLW OX CLOVE AT CHICHESTER NY,6189644,829.03,turbidity_fnu,turbidity_fnu,discharge+gage_height+turbidity_fnu,3037.0,0.9656,-0.7477,68.8936808,80.03062919999999,True,True,weak_evidence,,shared_comid+records+source_area
USGS:401350073595201,USGS:401352074002701,Deal Lake at Flume House at Asbury Park NJ,Deal Lake 150 ft east of Main St at Interlaken NJ,6261966,832.02,spec_cond,water_temp+spec_cond+turbidity_fnu+diss_oxy+ph,water_temp+spec_cond+turbidity_fnu+diss_oxy+ph,0.0,,,,,True,True,sequential,2023-04-04..2023-09-12,shared_comid+records+source_area
USGS:01362359,USGS:01362368,"STONY CLOVE CR AT SILVER HOLLOW RD, CHICHESTER NY",OX CLOVE NEAR MOUTH AT CHICHESTER NY,6189644,832.34,turbidity_fnu,turbidity_fnu,discharge+gage_height+turbidity_fnu,2979.0,0.7483,-2.849,68.8936808,9.91965404,True,True,weak_evidence,,shared_comid+records+source_area
USGS:401330074001201,USGS:401350073594801,Sunset Lake east of Heck St at Asbury Park NJ,Atlantic Oc in Deal Lk surge chmbr at Asbury Pk NJ,6261966,837.24,spec_cond,water_temp+spec_cond+turbidity_fnu+diss_oxy+ph,water_temp+spec_cond+diss_oxy+ph,22.0,-0.182,-13901.3977,,,True,True,distinct,,shared_comid+records+source_area
USGS:0205373035,USGS:0205373075,"BOTTOM CREEK ABOVE TRIBUTARY NR BENT MOUNTAIN, VA","BOTTOM CREEK ALONG ROUTE 612 NR BENT MOUNTAIN, VA",8628651,839.22,spec_cond,water_temp+spec_cond+turbidity_fnu+diss_oxy+ph,gage_height+water_temp+spec_cond+turbidity_fnu+diss_oxy+ph,2564.0,0.8894,-3.7188,1.0359952000000001,1.7870917199999998,True,True,distinct,,shared_comid+records+source_area
USGS:0162246747,USGS:0162246784,"BUCKHORN CREEK ABV TRIBUTARY NR LONE FOUNTAIN, VA","BUCKHORN CREEK ABOVE RT 250 NR LONE FOUNTAIN, VA",5909165,841.15,spec_cond,water_temp+spec_cond+turbidity_fnu+diss_oxy+ph,gage_height+water_temp+spec_cond+turbidity_fnu+diss_oxy+ph,1102.0,0.9387,0.0,5.749773360000001,8.9354586,True,True,distinct,,shared_comid+records+source_area
USGS:03271500,USGS:03271510,Great Miami River at Miamisburg OH,Great Miami River near Linden Ave at Miamisburg OH,3883750,843.13,,discharge,water_temp+spec_cond+diss_oxy+ph,,,,7021.457468,7026.637444,True,True,distinct,,shared_comid+records+source_area
USGS:03353451,USGS:03353460,"EAGLE CREEK BELOW RESERVOIR AT INDIANAPOLIS, IN","EAGLE CREEK AT CLERMONT, IN",18476791,848.63,discharge,discharge,discharge,3186.0,0.2223,-0.0428,419.578056,424.758032,True,True,distinct,,shared_comid+records+source_area
USGS:391035084344300,USGS:391059084342600,East Branch Shepherd Creek near Mt Airy OH,M Branch Shepherd Creek at RM 0.50 near Mt Airy OH,3405159,849.5,discharge,discharge,discharge,1003.0,0.9366,0.0,0.36259832000000003,0.20719904,True,True,distinct,,shared_comid+records+source_area
USGS:03115917,USGS:410121081330300,Tuscarawas River above Barberton OH,Long Lake Feeder O&E Canal OH,19386588,850.69,discharge,discharge,discharge,3321.0,0.0005,0.4587,170.1622116,,True,True,distinct,,shared_comid+records+source_area
USGS:01651000,USGS:01651003,"NORTHWEST BR ANACOSTIA RIVER NR HYATTSVILLE, MD","NORTHWEST BRANCH ANACOSTIA RIVER AT BRENTWOOD, MD",22337977,864.54,discharge,discharge+gage_height+water_temp+spec_cond+turbidity_fnu,discharge+gage_height+water_temp+spec_cond+turbidity_fnu,174.0,0.9932,-0.047,127.94540719999999,132.8663844,True,True,distinct,,shared_comid+records+source_area
USGS:02054500,USGS:0205450393,"ROANOKE RIVER AT LAFAYETTE, VA","ROANOKE RIVER ALONG ROUTE 626 AT LAFAYETTE, VA",8628449,867.58,,discharge,water_temp+spec_cond+turbidity_fnu+diss_oxy+ph,,,,657.856952,663.036928,False,True,distinct,,shared_comid+records+source_area
USGS:0136235575,USGS:0136235585,WARNER CREEK NR CARL MOUNTAIN NR CHICHESTER NY,WARNER CREEK IN SILVER HOLLOW NEAR PHOENICIA NY,6189748,874.89,turbidity_fnu,turbidity_fnu,turbidity_fnu,2168.0,0.8217,-1.3328,18.28531528,19.1659112,True,True,weak_evidence,,shared_comid+records+source_area
USGS:431250077322101,USGS:431314077315901,IRONDEQUOIT BAY AT BIRDS AND WORMS NY,IRONDEQUOIT BAY AT POINT PLEASANT NY,21633969,883.46,,orthophosphate,water_temp+spec_cond+turbidity_fnu+diss_oxy+ph+fdom+fchl+fpc,,,,,,True,True,distinct,,shared_comid+records+source_area
USGS:03336998,USGS:03337100,"BONEYARD CREEK BELOW 6TH STREET AT CHAMPAIGN, IL","BONEYARD CREEK AT LINCOLN AVE AT URBANA, IL",10082040,885.0,gage_height,gage_height,discharge+gage_height,6569.0,0.9728,1.1918,10.8779496,12.38014264,True,True,weak_evidence,,shared_comid+records+source_area
USGS:04026160,USGS:465130091060701,"SISKIWIT RIVER AT CORNUCOPIA, WI","LAKE SUPERIOR AT SISKIWIT HARBOR AT CORNUCOPIA, WI",1797707,887.41,spec_cond,discharge+gage_height+water_temp+spec_cond+turbidity_fnu,water_temp+spec_cond+turbidity_fnu,320.0,0.3651,34.4271,122.7654312,,True,True,distinct,,shared_comid+records+source_area
USGS:01585225,USGS:01585230,"MOORES RUN TRIB. NEAR TODD AVE AT BALTIMORE, MD","MOORES RUN AT RADECKE AVE AT BALTIMORE, MD",11689172,887.63,discharge,discharge+water_temp,discharge+water_temp,5397.0,0.9555,-0.0263,0.38849819999999996,9.11675776,True,True,distinct,,shared_comid+records+source_area
USGS:413913083314200,USGS:413922083310500,Maumee River at Maritime Plaza at Toledo OH,Maumee River at Riverside Dr at Toledo OH,15634577,894.56,spec_cond,water_temp+spec_cond,water_temp+spec_cond,179.0,0.9164,12.0521,,,True,True,distinct,,shared_comid+records+source_area
USGS:05401065,USGS:05401067,"LONG LAKE NEAR PLAINFIELD, WI","PLAINFIELD LAKE NEAR PLAINFIELD, WI",14705032,899.92,gage_height,gage_height,gage_height,1162.0,-0.0266,0.0762,37.8138248,39.8858152,False,False,weak_evidence,,shared_comid+records+source_area
USGS:01644388,USGS:01644390,"TENMILE CREEK NEAR CLARKSBURG, MD","TENMILE CREEK NEAR BOYDS, MD",4505772,901.58,discharge,discharge,discharge,4820.0,0.9862,-0.0195,8.72825956,11.603146240000001,True,False,distinct,,shared_comid+records+source_area
USGS:01365080,USGS:01365100,PEPACTON RES DIV OUTLET NR GRAHAMSVILLE NY,CANNONSVILLE RES DIV CHANNEL NR GRAHAMSVILLE NY,6200384,902.92,,gage_height,discharge+water_temp,,,,,,True,False,distinct,,shared_comid+records+source_area
USGS:05536340,USGS:05536343,"MIDLOTHIAN CREEK AT OAK FOREST, IL","NATALIE CREEK AT MIDLOTHIAN, IL",13463785,904.33,discharge,discharge+gage_height,discharge+gage_height,3381.0,0.7759,0.1368,32.633848799999996,7.3037661599999995,True,True,distinct,,shared_comid+records+source_area
USGS:01407639,USGS:401347074003501,Harvey Brook US Corlies Av at Allenhurst NJ,Deal lake at Railroad Bridge at Asbury Park NJ,6261966,905.65,spec_cond,water_temp+spec_cond+turbidity_fnu+diss_oxy+ph,water_temp+spec_cond+turbidity_fnu+diss_oxy+ph,0.0,,,,,True,True,sequential,2022-10-03..2023-09-12,shared_comid+records+source_area
USGS:404200073034301,USGS:404213073041801,"Great South Bay 8 near Browns River, NY","Great South Bay 7 near Browns River, NY",9500240,909.54,water_temp,water_temp+diss_oxy,water_temp+diss_oxy,160.0,0.9989,-0.1307,,,,,weak_evidence,,shared_comid+records+source_area
USGS:401350073594801,USGS:401352074002701,Atlantic Oc in Deal Lk surge chmbr at Asbury Pk NJ,Deal Lake 150 ft east of Main St at Interlaken NJ,6261966,914.51,spec_cond,water_temp+spec_cond+diss_oxy+ph,water_temp+spec_cond+turbidity_fnu+diss_oxy+ph,15.0,-0.4679,2495.3774,,,True,True,distinct,,shared_comid+records+source_area
USGS:02481960,USGS:02481961,"WOLF CREEK AT INDUSTRIAL DRIVE NR PEARL RIVER, MS","WOLF CREEK NEAR PEARL RIVER, MS",15788018,922.26,spec_cond,discharge+gage_height+water_temp+spec_cond+diss_oxy+ph,water_temp+spec_cond+diss_oxy+ph,4.0,,-200.8229,19.683908799999998,21.31560124,True,True,distinct,,shared_comid+records+source_area
USGS:0136223095,USGS:01362232,BROADST HOLLOW BR AT BROADST HLW RD AT ALLABEN NY,BROADSTREET HOLLOW BROOK AT HWY28 AT ALLABEN NY,6189630,923.73,turbidity_fnu,turbidity_fnu,discharge+gage_height+water_temp+turbidity_fnu,432.0,0.9343,-0.5076,,23.72429008,True,True,weak_evidence,,shared_comid+records+source_area
USGS:03312900,USGS:03313000,"BARREN RIVER LAKE NEAR FINNEY, KY","BARREN RIVER NEAR FINNEY, KY",4036902,924.1,,gage_height,water_temp,,,,2439.768696,2439.768696,False,True,distinct,,shared_comid+records+source_area
USGS:01118500,USGS:01118502,"PAWCATUCK RIVER AT WESTERLY, RI","PAWCATUCK RIVER SOUTH OF ROUTE 1 AT PAWCATUCK, CT",6140952,937.85,spec_cond,discharge+gage_height+water_temp+spec_cond+turbidity_fnu+diss_oxy+ph+fchl,water_temp+spec_cond+turbidity_fnu+diss_oxy+ph+fchl,163.0,0.7935,-5.9167,761.456472,766.636448,True,True,distinct,,shared_comid+records+source_area
USGS:01362356,USGS:01362358,WARNER CREEK AT SILVER HOLLOW RD NR CHICHESTER NY,WARNER CREEK AT CHICHESTER NY,6189748,941.92,turbidity_fnu,turbidity_fnu,turbidity_fnu,475.0,0.9891,-0.788,22.2738968,23.309891999999998,True,True,weak_evidence,,shared_comid+records+source_area
IWQIS:WQS0098,USGS:05484900,Raccoon River at Des Moines (98RRDMWW),"Raccoon River at Fleur Drive at Des Moines, IA",6610140,942.59,,water_temp+turbidity_unknown,discharge,,,,2.589988,9388.7065,True,True,distinct,,shared_comid+records+source_area
USGS:05414850,USGS:424253090232100,"GALENA R.-U.W. PLATTEVILLE FARMS-NR PLATTEVILLE,WI","U.W. PLATTEVILLE FARMS SITE 11 NR PLATTEVILLE, WI",13356858,943.03,discharge,discharge,discharge,227.0,0.0111,0.2213,7.61456472,0.0137269364,True,True,distinct,,shared_comid+records+source_area
USGS:05532600,USGS:414757087490401,"DES PLAINES RIVER AT LYONS, IL","SUMMIT CONDUIT AT SUMMIT, IL",14786231,944.14,gage_height,gage_height,discharge+gage_height,0.0,,,1635.8364208,,True,True,sequential,2013-02-27..2013-10-20,shared_comid+records+source_area
USGS:054279465,USGS:05427948,"S FORK PHEASANT BRANCH @ DEMING WAY @ MIDDLETON,WI","PHEASANT BRANCH AT MIDDLETON, WI",13294264,952.79,discharge,discharge,discharge+gage_height+water_temp,5468.0,0.0136,-0.1061,15.85072656,47.396780400000004,True,True,distinct,,shared_comid+records+source_area
USGS:391035084344300,USGS:391104084343000,East Branch Shepherd Creek near Mt Airy OH,"Unnamed Drainage at Ponderosa Dr, Mt Airy OH",3405159,954.28,discharge,discharge,discharge,1003.0,0.3943,0.0003,0.36259832000000003,,True,True,distinct,,shared_comid+records+source_area
USGS:05428000,USGS:05428500,"LAKE MENDOTA AT MADISON, WI","YAHARA RIVER AT EAST MAIN STREET AT MADISON, WI",13293750,974.59,gage_height,gage_height,discharge+gage_height,996.0,0.8638,1.2771,603.467204,608.6471799999999,False,True,weak_evidence,,shared_comid+records+source_area
USGS:01407639,USGS:401349074000601,Harvey Brook US Corlies Av at Allenhurst NJ,Deal lake DS of Park Ave at Asbury Park NJ,6261966,978.63,spec_cond,water_temp+spec_cond+turbidity_fnu+diss_oxy+ph,water_temp+spec_cond+turbidity_fnu+diss_oxy+ph,0.0,,,,,True,True,sequential,2023-04-04..2023-09-12,shared_comid+records+source_area
USGS:401336074002901,USGS:401350073595201,Sunset Lake outlet at Bond St at Asbury Park NJ,Deal Lake at Flume House at Asbury Park NJ,6261966,979.45,spec_cond,water_temp+spec_cond+turbidity_fnu+diss_oxy+ph,water_temp+spec_cond+turbidity_fnu+diss_oxy+ph,15.0,0.5116,-3405.2072,,,True,True,distinct,,shared_comid+records+source_area
USGS:401913089534501,USGS:401934089541702,22N7W-28.5a (IL Tree Nursery),22N7W-29.1d2 (SH-1),13606720,1000.45,nitrate,nitrate+water_temp+spec_cond+turbidity_fnu+diss_oxy+ph,nitrate,1013.0,-0.027,12.3,,,True,True,distinct,,shared_comid+records+source_area
USGS:401913089534501,USGS:401934089541701,22N7W-28.5a (IL Tree Nursery),22N7W-29.1d1 (DP-1),13606720,1002.47,nitrate,nitrate+water_temp+spec_cond+turbidity_fnu+diss_oxy+ph,nitrate,1240.0,-0.3113,15.0,,,True,True,distinct,,shared_comid+records+source_area
USGS:01119382,USGS:01119384,"WILLIMANTIC RIVER AT MERROW RD. NEAR MERROW, CT","WILLIMANTIC RIVER NEAR MANSFIELD DEPOT, CT",6162555,1004.6,discharge,discharge,discharge,41.0,0.9912,-0.1614,249.4158444,253.818824,True,True,distinct,,shared_comid+records+source_area
USGS:05568703,USGS:401913089534501,"MASON TAZEWELL DRAINAGE D NR NURSERY NR TOPEKA, IL",22N7W-28.5a (IL Tree Nursery),13606720,1008.82,,gage_height,nitrate+water_temp+spec_cond+turbidity_fnu+diss_oxy+ph,,,,440.8159576,,True,True,distinct,,shared_comid+records+source_area
USGS:05515500,USGS:412354086421005,"KANKAKEE RIVER AT DAVIS, IN","KANKAKEE WELL FIELD SH-3 NEAR HANNA, IN",13433691,1013.02,nitrate,nitrate+discharge+gage_height+water_temp+spec_cond+turbidity_fnu+diss_oxy+ph+fchl+fpc,nitrate,1027.0,0.0872,-1.98,1403.773496,,True,True,distinct,,shared_comid+records+source_area
USGS:05515500,USGS:412354086421006,"KANKAKEE RIVER AT DAVIS, IN","KANKAKEE WELL FIELD WT-3 NEAR HANNA, IN",13433691,1013.02,nitrate,nitrate+discharge+gage_height+water_temp+spec_cond+turbidity_fnu+diss_oxy+ph+fchl+fpc,nitrate,806.0,0.0741,-8.195,1403.773496,,True,True,distinct,,shared_comid+records+source_area
USGS:431533076582101,USGS:431601076584701,SODUS BAY AT SAND POINT NY,LAKE ONTARIO AT SODUS BAY NY,21632333,1016.2,,water_temp+spec_cond+turbidity_fnu+diss_oxy+ph+fdom+fchl+fpc,orthophosphate,,,,,,True,True,distinct,,shared_comid+records+source_area
USGS:401347074003501,USGS:401350073595201,Deal lake at Railroad Bridge at Asbury Park NJ,Deal Lake at Flume House at Asbury Park NJ,6261966,1022.72,spec_cond,water_temp+spec_cond+turbidity_fnu+diss_oxy+ph,water_temp+spec_cond+turbidity_fnu+diss_oxy+ph,21.0,0.477,-2982.6042,,,True,True,distinct,,shared_comid+records+source_area
USGS:0136235580,USGS:01362356,WARNER CREEK IN SILVER HOLLOW NEAR CHICHESTER NY,WARNER CREEK AT SILVER HOLLOW RD NR CHICHESTER NY,6189748,1048.82,turbidity_fnu,turbidity_fnu,turbidity_fnu,2973.0,0.8712,-0.0506,18.80331288,22.2738968,True,True,weak_evidence,,shared_comid+records+source_area
USGS:401336074002901,USGS:401350073594801,Sunset Lake outlet at Bond St at Asbury Park NJ,Atlantic Oc in Deal Lk surge chmbr at Asbury Pk NJ,6261966,1048.95,spec_cond,water_temp+spec_cond+turbidity_fnu+diss_oxy+ph,water_temp+spec_cond+diss_oxy+ph,16.0,0.2001,-8534.1745,,,True,True,distinct,,shared_comid+records+source_area
USGS:04174490,USGS:04174500,"ALLEN CREEK AT MOUTH AT ANN ARBOR, MI","HURON RIVER AT ANN ARBOR, MI",13176035,1057.11,discharge,discharge,discharge+gage_height+water_temp+spec_cond+turbidity_fnu+diss_oxy+ph,5069.0,0.117,-12.7247,,1888.101252,False,True,distinct,,shared_comid+records+source_area
USGS:01362349,USGS:01362350,STONY CLOVE CR ABOVE MOGGRE RD NEAR CHICHESTER NY,STONY CLOVE CREEK AT CHICHESTER NY,6189746,1058.04,turbidity_fnu,turbidity_fnu,turbidity_fnu,1094.0,0.881,-2.4042,42.475803199999994,45.32479,True,True,weak_evidence,,shared_comid+records+source_area
USGS:05590520,USGS:394803088215001,"KASKASKIA RIVER BELOW FICKLIN, IL","KASKASKIA RIVER INFLOW AT FICKLIN, IL",13770104,1072.25,gage_height,discharge+gage_height,gage_height,4965.0,0.4616,-1.4051,322.14270744,,True,True,weak_evidence,,shared_comid+records+source_area
USGS:0205373228,USGS:0205373422,"BOTTOM CREEK ABOVE CONFLUENCE NR BENT MOUNTAIN, VA","BOTTOM CREEK BL POOR MTN RD NEAR BENT MOUNTAIN, VA",8628769,1087.54,spec_cond,water_temp+spec_cond+turbidity_fnu+diss_oxy+ph,gage_height+water_temp+spec_cond+turbidity_fnu+diss_oxy+ph,2578.0,0.9767,-4.201,5.38717504,8.90955872,True,True,distinct,,shared_comid+records+source_area
USGS:401347074003501,USGS:401350073594801,Deal lake at Railroad Bridge at Asbury Park NJ,Atlantic Oc in Deal Lk surge chmbr at Asbury Pk NJ,6261966,1103.42,spec_cond,water_temp+spec_cond+turbidity_fnu+diss_oxy+ph,water_temp+spec_cond+diss_oxy+ph,22.0,0.6052,-8511.2636,,,True,True,distinct,,shared_comid+records+source_area
USGS:03284520,USGS:03284525,"EAST HICKMAN CR AT ANDOVER VILLAGE NR CADENTOWN,KY","E HICKMAN CR TRIB AT CHILESBURG RD NR LEXINGTON,KY",1826834,1107.32,discharge,discharge,discharge,1624.0,0.9032,0.0082,4.09218104,2.48638848,True,False,distinct,,shared_comid+records+source_area
USGS:01362336,USGS:01362347,STONY CLOVE CR AT JANSSEN RD AT LANESVILLE NY,STONY CLOVE CREEK AT LANESVILLE NY,6189746,1114.3,turbidity_fnu,discharge+gage_height+turbidity_fnu,turbidity_fnu,2051.0,0.7084,-0.8661,23.957389,39.8858152,True,True,weak_evidence,,shared_comid+records+source_area
USGS:01362345,USGS:01362347,HOLLOW TREE BROOK AT ST HWY 214 AT LANESVILLE NY,STONY CLOVE CREEK AT LANESVILLE NY,6189746,1117.49,turbidity_fnu,turbidity_fnu,turbidity_fnu,2120.0,0.7451,8.4436,12.017544319999999,39.8858152,True,True,weak_evidence,,shared_comid+records+source_area
USGS:03288100,USGS:03288110,"NORTH ELKHORN CREEK AT GEORGETOWN, KY","ROYAL SPRINGS AT GEORGETOWN, KY",1825124,1124.97,discharge,discharge,discharge,6797.0,0.604,2.3786,380.728236,,True,True,distinct,,shared_comid+records+source_area
USGS:01362365,USGS:01362370,OX CLOVE AT CHICHESTER NY,STONY CLOVE CREEK BLW OX CLOVE AT CHICHESTER NY,6189644,1125.2,turbidity_fnu,turbidity_fnu,discharge+gage_height+turbidity_fnu,3182.0,0.7606,-1.3335,8.05486268,80.03062919999999,True,True,weak_evidence,,shared_comid+records+source_area
USGS:05579620,USGS:05579624,"KICKAPOO CREEK TRIBUTARY NEAR BLOOMINGTON, IL","KICKAPOO CR TRIB NR LONGFIELD RD NR BLOOMINGTON,IL",13551311,1131.43,nitrate,nitrate+discharge+gage_height+water_temp+spec_cond,nitrate+water_temp+spec_cond,237.0,0.9932,0.48,9.841954399999999,12.25064324,True,True,distinct,,shared_comid+records+source_area
USGS:05414850,USGS:424302090231900,"GALENA R.-U.W. PLATTEVILLE FARMS-NR PLATTEVILLE,WI","U.W. PLATTEVILLE FARMS SITE 10 NR PLATTEVILLE, WI",13356858,1134.88,discharge,discharge,discharge,227.0,0.0362,0.2212,7.61456472,0.041439808,True,True,distinct,,shared_comid+records+source_area
USGS:02054500,USGS:0205450495,"ROANOKE RIVER AT LAFAYETTE, VA","ROANOKE RIVER ABOVE ROUTE 11 AT LAFAYETTE, VA",8628449,1136.64,,discharge,water_temp+spec_cond+turbidity_fnu+diss_oxy+ph,,,,657.856952,665.6269159999999,False,True,distinct,,shared_comid+records+source_area
USGS:435414087471400,USGS:435441087463900,"DISCOVERY FARMS WATERWAY NUMBER 3 NR CLEVELAND, WI","DISCOVERY FARMS WATERWAY NUMBER 1 NR CLEVELAND, WI",12175340,1146.22,discharge,discharge,discharge,1370.0,0.8888,0.0,0.020201906399999997,0.061641714400000006,True,True,distinct,,shared_comid+records+source_area
USGS:05059460,USGS:05059465,"SHEYENNE RIVER ON 32ND AVE E AT WEST FARGO, ND","SHEYENNE RIVER DIV ON SHEYENNE ST AT W FARGO, ND",14828149,1150.34,discharge,discharge+gage_height,discharge+gage_height,183.0,0.9517,3.1998,,,True,True,distinct,,shared_comid+records+source_area
USGS:01407639,USGS:401350073595201,Harvey Brook US Corlies Av at Allenhurst NJ,Deal Lake at Flume House at Asbury Park NJ,6261966,1168.99,spec_cond,water_temp+spec_cond+turbidity_fnu+diss_oxy+ph,water_temp+spec_cond+turbidity_fnu+diss_oxy+ph,0.0,,,,,True,True,sequential,2023-04-04..2023-09-12,shared_comid+records+source_area
USGS:404133073041801,USGS:404200073034301,"Great South Bay 9 near Browns River, NY","Great South Bay 8 near Browns River, NY",9500240,1170.21,water_temp,water_temp+diss_oxy,water_temp+diss_oxy,139.0,0.9983,0.0292,,,,,weak_evidence,,shared_comid+records+source_area
USGS:0136235580,USGS:01362357,WARNER CREEK IN SILVER HOLLOW NEAR CHICHESTER NY,WARNER CREEK NEAR CHICHESTER NY,6189748,1171.18,turbidity_fnu,turbidity_fnu,discharge+gage_height+turbidity_fnu,1026.0,0.9208,-2.2495,18.80331288,22.55879548,True,True,weak_evidence,,shared_comid+records+source_area
USGS:01123600,USGS:01123620,"QUINEBAUG R BL WESTVILLE DAM NR SOUTHBRIDGE, MA","QUINEBAUG RIVER AT MILL ST AT SOUTHBRIDGE, MA",6147605,1180.66,,discharge,water_temp+spec_cond+diss_oxy,,,,244.49486720000002,245.27186360000002,True,True,distinct,,shared_comid+records+source_area
USGS:06803495,USGS:06803500,"Salt Creek at Innovation Campus at Lincoln, Nebr.","Salt Creek at 27th Street at Lincoln, Nebr.",17405849,1184.34,discharge,discharge+gage_height,discharge+gage_height,6802.0,0.9978,-0.9061,1771.551792,1774.14178,True,True,distinct,,shared_comid+records+source_area
USGS:413658083344200,USGS:413704083335100,Maumee River nr Walbridge Park nr Holland OH,Maumee River at Rossford Marina at Rossford OH,15634581,1186.57,spec_cond,water_temp+spec_cond,water_temp+spec_cond,141.0,0.9556,-3.6771,,,False,True,distinct,,shared_comid+records+source_area
USGS:01362347,USGS:01362349,STONY CLOVE CREEK AT LANESVILLE NY,STONY CLOVE CR ABOVE MOGGRE RD NEAR CHICHESTER NY,6189746,1188.28,turbidity_fnu,turbidity_fnu,turbidity_fnu,2500.0,0.8498,0.22,39.8858152,42.475803199999994,True,True,weak_evidence,,shared_comid+records+source_area
USGS:404211073061701,USGS:404213073070801,"Great South Bay 13 near Connetquot River, NY","Great South Bay 14 near Connetquot River, NY",9500256,1188.7,water_temp,water_temp+diss_oxy,water_temp+diss_oxy,193.0,0.9995,0.024,,,,,weak_evidence,,shared_comid+records+source_area
USGS:07010022,USGS:07010030,"River Des Peres near University City, MO","River Des Peres Tributary at Pagedale, MO",3624227,1194.15,discharge,discharge,discharge,6801.0,0.9506,0.0365,23.154492719999997,5.20587588,True,True,distinct,,shared_comid+records+source_area
USGS:03432504,USGS:034325065,"ROBINSON BRANCH ABOVE BOSTON, TN","ROBINSON BRANCH AT BOSTON THETA ROAD, TN",18395462,1202.9,discharge,discharge+gage_height+turbidity_fnu,discharge+gage_height+turbidity_fnu,1355.0,0.8714,-0.0208,1.4762931599999998,3.6777829599999996,True,True,distinct,,shared_comid+records+source_area
USGS:01456050,USGS:01456060,Musconetcong R at Hackettstown NJ,Bowers Brook at Hackettstown NJ,2586799,1213.01,water_temp,water_temp,water_temp,152.0,0.9551,4.75,190.364118,4.1439808000000005,True,True,weak_evidence,,shared_comid+records+source_area
USGS:01648000,USGS:01648011,"ROCK CREEK AT SHERRILL DRIVE WASHINGTON, DC",Luzon Branch above Rock Creek at Washington DC,22338431,1216.97,discharge,discharge,discharge+water_temp,1193.0,0.7112,0.7858,161.09725360000002,2.66768764,True,True,distinct,,shared_comid+records+source_area
USGS:04127917,USGS:04127918,"PINE RIVER NEAR RUDYARD, MI","PINE RIVER AT MACKINAC TRAIL NEAR RUDYARD, MI",12206226,1229.84,discharge,discharge,discharge,1612.0,1.0,0.0,520.587588,523.177576,True,True,distinct,,shared_comid+records+source_area
USGS:05536356,USGS:413722087304901,"GRAND CALUMET RIVER AT COLUMBIA AV AT HAMMOND, IN","GRAND CALUMET RIVER AT SOHL AV AT HAMMOND, IN",13463913,1231.3,water_temp,nitrate+discharge+gage_height+water_temp+spec_cond+turbidity_fnu+diss_oxy+ph+fchl+orthophosphate,water_temp+diss_oxy,199.0,0.9955,-0.2469,,15.09963004,True,True,weak_evidence,,shared_comid+records+source_area
USGS:01362322,USGS:01362332,MYRTLE BROOK AT STATE HWY 214 AT EDGEWOOD NY,STONY CLOVE CREEK AT WRIGHT RD NEAR LANESVILLE NY,6189746,1232.37,turbidity_fnu,discharge+gage_height+turbidity_fnu,turbidity_fnu,2975.0,0.8593,-0.2823,4.68787828,20.90120316,True,True,weak_evidence,,shared_comid+records+source_area
USGS:01407639,USGS:401336074002901,Harvey Brook US Corlies Av at Allenhurst NJ,Sunset Lake outlet at Bond St at Asbury Park NJ,6261966,1235.48,spec_cond,water_temp+spec_cond+turbidity_fnu+diss_oxy+ph,water_temp+spec_cond+turbidity_fnu+diss_oxy+ph,15.0,0.577,1869.8125,,,True,True,distinct,,shared_comid+records+source_area
USGS:01407639,USGS:401350073594801,Harvey Brook US Corlies Av at Allenhurst NJ,Atlantic Oc in Deal Lk surge chmbr at Asbury Pk NJ,6261966,1237.0,spec_cond,water_temp+spec_cond+turbidity_fnu+diss_oxy+ph,water_temp+spec_cond+diss_oxy+ph,15.0,-0.3485,-4753.5714,,,True,True,distinct,,shared_comid+records+source_area
USGS:410606073245700,USGS:410643073243700,"NORWALK R AT MARITIME AQUARIUM NR S NORWALK, CT","NORWALK RIVER AT FERRY POINT NEAR NORWALK, CT",7733919,1242.37,spec_cond,water_temp+spec_cond+turbidity_fnu+diss_oxy+ph,water_temp+spec_cond+diss_oxy,514.0,0.7239,717.1875,,,True,True,distinct,,shared_comid+records+source_area
USGS:01359133,USGS:01359135,PATROON CR AT NORTHERN BLVD AT ALBANY NY,PATROON CREEK AT ALBANY NY,6186206,1244.08,discharge,discharge,discharge,0.0,,,33.9288428,35.7418344,True,True,sequential,2009-03-29..2018-12-20,shared_comid+records+source_area
USGS:404133073041801,USGS:404213073041801,"Great South Bay 9 near Browns River, NY","Great South Bay 7 near Browns River, NY",9500240,1244.44,water_temp,water_temp+diss_oxy,water_temp+diss_oxy,188.0,0.9965,-0.0677,,,,,weak_evidence,,shared_comid+records+source_area
USGS:404213073041801,USGS:404254073041701,"Great South Bay 7 near Browns River, NY","Great South Bay 5 near Browns River, NY",9500240,1275.75,water_temp,water_temp+diss_oxy,water_temp+diss_oxy,191.0,0.9972,-0.0719,,,,,weak_evidence,,shared_comid+records+source_area
USGS:07010030,USGS:07010035,"River Des Peres Tributary at Pagedale, MO","Engelholm Creek near Wellston, MO",3624227,1276.69,discharge,discharge,discharge,6801.0,0.958,-0.0042,5.20587588,3.6259832,True,True,distinct,,shared_comid+records+source_area
USGS:04201515,USGS:04201526,Abram Creek at Brook Park OH,Abram Creek at Kolthoff Drive at Brook Park OH,15594685,1296.93,,gage_height,discharge,,,,13.26073856,21.030702559999998,True,True,distinct,,shared_comid+records+source_area
USGS:404213073070801,USGS:404253073065101,"Great South Bay 14 near Connetquot River, NY","Great South Bay 11 near Connetquot River, NY",9500256,1305.82,water_temp,water_temp+diss_oxy,water_temp+diss_oxy,175.0,0.9979,-0.2688,,,,,weak_evidence,,shared_comid+records+source_area
USGS:05576000,USGS:05576022,"SOUTH FORK SANGAMON RIVER NEAR ROCHESTER, IL","SOUTH FORK SANGAMON RIVER BELOW ROCHESTER, IL",13565382,1307.58,gage_height,discharge+gage_height+water_temp,gage_height,6547.0,0.998,0.1829,2245.519596,2253.28956,True,True,weak_evidence,,shared_comid+records+source_area
USGS:404153073030701,USGS:404226073034201,GREAT SOUTH BAY 3 of 3 NEAR SAYVILLE NY,"Great South Bay 6 near Browns River, NY",9499872,1310.61,diss_oxy,diss_oxy,water_temp+diss_oxy,0.0,,,,,,,sequential,2015-09-19..2016-07-26,shared_comid+records+source_area
USGS:413626087211101,USGS:413628087201401,"GRAND CALUMET RIVER AT BUCHANAN ST AT GARY, IN","GRAND CALUMET RIVER AT BROADWAY ST AT GARY, IN",3398182,1311.38,water_temp,water_temp+diss_oxy,water_temp+diss_oxy,196.0,0.9965,-0.0052,,,True,True,weak_evidence,,shared_comid+records+source_area
USGS:01466940,USGS:01466950,NB Rancocas C DS of Greenwood Br at New Lisbon NJ,NB Rancocas C near Pemberton NJ,4490660,1324.22,water_temp,water_temp,water_temp,104.0,0.9993,0.0,,297.84862,True,True,weak_evidence,,shared_comid+records+source_area
USGS:0134277121,USGS:0134277123,HONNEDAGA LAKE TRIBUTARY NO. 5 AT FOREST LODGE NY,HONNEDAGA LAKE TRIBUTARY NO. 6 AT FOREST LODGE NY,22738413,1325.32,discharge,discharge+water_temp,discharge+water_temp,1428.0,0.8202,0.0028,0.31079856,0.18129916000000001,True,True,distinct,,shared_comid+records+source_area
USGS:01362359,USGS:01362365,"STONY CLOVE CR AT SILVER HOLLOW RD, CHICHESTER NY",OX CLOVE AT CHICHESTER NY,6189644,1341.0,turbidity_fnu,turbidity_fnu,turbidity_fnu,2845.0,0.7352,0.4463,68.8936808,8.05486268,True,True,weak_evidence,,shared_comid+records+source_area
USGS:06479452,USGS:06479500,"BIG SIOUX RIVER AT LAKE KAMPESKA NR WATERTOWN, SD","BIG SIOUX RIVER AT WATERTOWN, SD",9372356,1360.82,gage_height,gage_height,discharge+gage_height,269.0,0.181,4.0813,1396.003532,2087.530328,False,True,weak_evidence,,shared_comid+records+source_area
USGS:01362200,USGS:01362230,ESOPUS CREEK AT ALLABEN NY,DIVERSION FROM SCHOHARIE RESERVOIR NY,6189632,1371.23,discharge,discharge+gage_height+water_temp+turbidity_fnu,discharge+water_temp,6610.0,-0.2395,-1.5669,164.9822356,,True,True,distinct,,shared_comid+records+source_area
USGS:0205491522,USGS:0205492550,"ROANOKE RIVER AT BRIDGE STREET BR AT ROANOKE, VA","ROANOKE RIVER AT MEMORIAL AVE BR AT ROANOKE, VA",8625065,1383.77,spec_cond,water_temp+spec_cond+turbidity_fnu+ph,water_temp+spec_cond+turbidity_fnu+ph,0.0,,,960.885548,968.6555119999999,True,True,sequential,2008-09-30..2008-10-03,shared_comid+records+source_area
USGS:01648000,USGS:01648010,"ROCK CREEK AT SHERRILL DRIVE WASHINGTON, DC","Rock Creek at Joyce Rd Washington, DC",22338431,1393.54,discharge,discharge,nitrate+discharge+gage_height+water_temp+spec_cond+turbidity_fnu+diss_oxy+ph,4917.0,0.9963,-0.0934,161.09725360000002,164.9822356,True,True,distinct,,shared_comid+records+source_area
USGS:0136235585,USGS:01362358,WARNER CREEK IN SILVER HOLLOW NEAR PHOENICIA NY,WARNER CREEK AT CHICHESTER NY,6189748,1407.92,turbidity_fnu,turbidity_fnu,turbidity_fnu,560.0,0.9897,0.1453,19.1659112,23.309891999999998,True,True,weak_evidence,,shared_comid+records+source_area
USGS:07377780,USGS:07377782,"White Bayou at State Hwy 64 near Zachary, LA","White Bayou SE of Zachary, LA",18988440,1408.17,,gage_height,discharge,,,,,116.54946,True,True,distinct,,shared_comid+records+source_area
USGS:06887000,USGS:391423096351600,"BIG BLUE R NR MANHATTAN, KS","BIG BLUE R BL RIVER POND NR MANHATTAN, KS",2279137,1433.4,spec_cond,nitrate+discharge+gage_height+water_temp+spec_cond+turbidity_fnu+diss_oxy+ph,water_temp+spec_cond+turbidity_fnu+diss_oxy+ph,33.0,0.3265,-3.9271,24967.48432,,True,True,distinct,,shared_comid+records+source_area
USGS:071948140,USGS:07194816,"South Research Br at the WREC at Fayetteville, AR","Research Br Outlet at the WREC at Fayetteville, AR",398558,1440.68,discharge,discharge,discharge,835.0,0.857,0.0,,,True,True,distinct,,shared_comid+records+source_area
USGS:01362332,USGS:01362336,STONY CLOVE CREEK AT WRIGHT RD NEAR LANESVILLE NY,STONY CLOVE CR AT JANSSEN RD AT LANESVILLE NY,6189746,1453.77,turbidity_fnu,turbidity_fnu,discharge+gage_height+turbidity_fnu,2008.0,0.646,-0.608,20.90120316,23.957389,True,True,weak_evidence,,shared_comid+records+source_area
USGS:071948150,USGS:07194816,"Wetland BR at the WREC at Fayetteville, AR","Research Br Outlet at the WREC at Fayetteville, AR",398558,1454.02,discharge,discharge,discharge,854.0,0.8173,0.0003,,,True,True,distinct,,shared_comid+records+source_area
USGS:413611087201101,USGS:413626087211101,"CITY HALL WEST FLUME AT GARY, IN","GRAND CALUMET RIVER AT BUCHANAN ST AT GARY, IN",3398182,1459.9,,discharge+gage_height+spec_cond,water_temp+diss_oxy,,,,,,True,True,distinct,,shared_comid+records+source_area
USGS:01456887,USGS:01457000,Musconetcong River US of Trib 4 nr Asbury NJ,Musconetcong River near Bloomsbury NJ,2588261,1469.96,,water_temp,discharge,,,,,365.188308,True,True,distinct,,shared_comid+records+source_area
USGS:01362295,USGS:01362297,PANTHER KILL AT PANTHER KILL ROAD NR PHOENICIA NY,PANTHER KILL AT WOODLAND VALLEY RD NR PHOENICIA NY,6189650,1471.77,turbidity_fnu,turbidity_fnu,discharge+gage_height+turbidity_fnu,88.0,0.7365,-4.6435,7.6663644799999995,9.14265764,True,True,weak_evidence,,shared_comid+records+source_area
USGS:01407639,USGS:401330074001201,Harvey Brook US Corlies Av at Allenhurst NJ,Sunset Lake east of Heck St at Asbury Park NJ,6261966,1476.29,spec_cond,water_temp+spec_cond+turbidity_fnu+diss_oxy+ph,water_temp+spec_cond+turbidity_fnu+diss_oxy+ph,0.0,,,,,True,True,sequential,2023-04-04..2023-09-12,shared_comid+records+source_area
USGS:071948135,USGS:07194816,"North Research Br at the WREC at Fayetteville, AR","Research Br Outlet at the WREC at Fayetteville, AR",398558,1478.53,discharge,discharge,discharge,854.0,0.8339,0.0,,,True,True,distinct,,shared_comid+records+source_area
USGS:413611087201001,USGS:413626087211101,"CITY HALL NORTH FLUME AT GARY, IN","GRAND CALUMET RIVER AT BUCHANAN ST AT GARY, IN",3398182,1481.67,,discharge+gage_height+spec_cond,water_temp+diss_oxy,,,,,,True,True,distinct,,shared_comid+records+source_area
USGS:413611087201002,USGS:413626087211101,"CITY HALL SOUTH FLUME AT GARY, IN","GRAND CALUMET RIVER AT BUCHANAN ST AT GARY, IN",3398182,1481.67,,discharge+gage_height+spec_cond,water_temp+diss_oxy,,,,,,True,True,distinct,,shared_comid+records+source_area
USGS:435414087471400,USGS:435444087462300,"DISCOVERY FARMS WATERWAY NUMBER 3 NR CLEVELAND, WI","DISCOVERY FARMS WATERWAY NUMBER 2 NR CLEVELAND, WI",12175340,1491.53,discharge,discharge,discharge,1370.0,0.9051,0.0,0.020201906399999997,0.0486917744,True,True,distinct,,shared_comid+records+source_area
USGS:01362342,USGS:01362345,HOLLOW TREE BROOK AT LANESVILLE NY,HOLLOW TREE BROOK AT ST HWY 214 AT LANESVILLE NY,6189746,1491.76,turbidity_fnu,discharge+gage_height+turbidity_fnu,turbidity_fnu,1458.0,0.2987,-11.8287,5.0504766,12.017544319999999,True,True,weak_evidence,,shared_comid+records+source_area
USGS:413612087200901,USGS:413626087211101,"CITY HALL NORTHEAST FLUME AT GARY, IN","GRAND CALUMET RIVER AT BUCHANAN ST AT GARY, IN",3398182,1494.05,,discharge+gage_height+spec_cond,water_temp+diss_oxy,,,,,,True,True,distinct,,shared_comid+records+source_area
USGS:413611087200901,USGS:413626087211101,"CITY HALL SOUTHEAST FLUME AT GARY, IN","GRAND CALUMET RIVER AT BUCHANAN ST AT GARY, IN",3398182,1503.48,,discharge+gage_height+spec_cond,water_temp+diss_oxy,,,,,,True,True,distinct,,shared_comid+records+source_area
USGS:0136235575,USGS:01362356,WARNER CREEK NR CARL MOUNTAIN NR CHICHESTER NY,WARNER CREEK AT SILVER HOLLOW RD NR CHICHESTER NY,6189748,1517.28,turbidity_fnu,turbidity_fnu,turbidity_fnu,2639.0,0.8177,-1.3896,18.28531528,22.2738968,True,True,weak_evidence,,shared_comid+records+source_area
USGS:404211073061701,USGS:404253073065101,"Great South Bay 13 near Connetquot River, NY","Great South Bay 11 near Connetquot River, NY",9500256,1527.59,water_temp,water_temp+diss_oxy,water_temp+diss_oxy,175.0,0.9973,-0.2312,,,,,weak_evidence,,shared_comid+records+source_area
USGS:01362332,USGS:01362345,STONY CLOVE CREEK AT WRIGHT RD NEAR LANESVILLE NY,HOLLOW TREE BROOK AT ST HWY 214 AT LANESVILLE NY,6189746,1537.82,turbidity_fnu,turbidity_fnu,turbidity_fnu,1934.0,0.4153,-11.4384,20.90120316,12.017544319999999,True,True,weak_evidence,,shared_comid+records+source_area
USGS:04118997,USGS:04119000,"GRAND RIVER AT 6TH ST AT GRAND RAPIDS, MI","GRAND RIVER AT GRAND RAPIDS, MI",9008387,1543.25,,water_temp+spec_cond+turbidity_fnu+diss_oxy,discharge,,,,12703.89114,12690.9412,True,True,distinct,,shared_comid+records+source_area
USGS:01362336,USGS:01362342,STONY CLOVE CR AT JANSSEN RD AT LANESVILLE NY,HOLLOW TREE BROOK AT LANESVILLE NY,6189746,1549.73,discharge,discharge+gage_height+turbidity_fnu,discharge+gage_height+turbidity_fnu,2558.0,0.9481,0.3518,23.957389,5.0504766,True,True,distinct,,shared_comid+records+source_area
USGS:413626087211101,USGS:413632087221900,"GRAND CALUMET RIVER AT BUCHANAN ST AT GARY, IN","GRAND CALUMET RIVER AT BRIDGE ST AT GARY, IN",3398182,1550.95,water_temp,water_temp+diss_oxy,water_temp+diss_oxy,196.0,0.9969,0.1448,,,True,True,weak_evidence,,shared_comid+records+source_area
USGS:03353415,USGS:03353420,"SCHOOL BRANCH AT MALONEY ROAD NEAR BROWNSBURG, IN","SCHOOL BRANCH AT CR750N AT BROWNSBURG, IN",18476381,1565.82,nitrate,nitrate+discharge+gage_height+water_temp+spec_cond+turbidity_fnu+diss_oxy+ph+orthophosphate,nitrate+discharge+gage_height+water_temp+spec_cond+turbidity_fnu+diss_oxy+ph+orthophosphate,2830.0,0.9371,-0.12,8.78005932,12.1729436,True,False,distinct,,shared_comid+records+source_area
USGS:04057800,USGS:04057801,"MIDDLE BRANCH ESCANABA RIVER AT HUMBOLDT, MI","M BR ESCANABA R AT US HWY 41 NR HUMBOLDT, MI",11959338,1572.05,,discharge+gage_height,water_temp+spec_cond+diss_oxy+ph,,,,118.3624516,123.2834288,True,True,distinct,,shared_comid+records+source_area
USGS:0202848919,USGS:0202848938,"SPRUCE CREEK ABOVE ROUTE 151 NEAR NELLYSFORD, VA","SPRUCE CREEK AT ROUTE 627 NEAR NELLYSFORD, VA",8544709,1595.08,spec_cond,water_temp+spec_cond+turbidity_fnu+diss_oxy+ph,gage_height+water_temp+spec_cond+turbidity_fnu+diss_oxy+ph,1134.0,0.9343,1.3542,6.5526696399999995,7.45916544,True,True,distinct,,shared_comid+records+source_area
USGS:0136235575,USGS:01362357,WARNER CREEK NR CARL MOUNTAIN NR CHICHESTER NY,WARNER CREEK NEAR CHICHESTER NY,6189748,1638.72,turbidity_fnu,turbidity_fnu,discharge+gage_height+turbidity_fnu,922.0,0.8812,-3.0986,18.28531528,22.55879548,True,True,weak_evidence,,shared_comid+records+source_area
USGS:404149073051301,USGS:404211073061701,GREAT SOUTH BAY 2 of 3 NEAR WEST SAYVILLE NY,"Great South Bay 13 near Connetquot River, NY",9500256,1639.44,diss_oxy,diss_oxy,water_temp+diss_oxy,0.0,,,,,,,sequential,2015-09-19..2016-07-26,shared_comid+records+source_area
USGS:05536356,USGS:413651087285001,"GRAND CALUMET RIVER AT COLUMBIA AV AT HAMMOND, IN","GRAND CALUMET R AT INDPLS BLVD AT EAST CHICAGO, IN",13463913,1665.94,water_temp,nitrate+discharge+gage_height+water_temp+spec_cond+turbidity_fnu+diss_oxy+ph+fchl+orthophosphate,water_temp+diss_oxy,201.0,0.9653,-1.1344,,,True,True,weak_evidence,,shared_comid+records+source_area
USGS:404146073074301,USGS:404240073074301,"Great South Bay 15 near Connetquot River, NY","Great South Bay 12 near Connetquot River, NY",9500282,1679.99,water_temp,water_temp+diss_oxy,water_temp+diss_oxy,158.0,0.9991,-0.0714,,,,,weak_evidence,,shared_comid+records+source_area
USGS:01362349,USGS:01362352,STONY CLOVE CR ABOVE MOGGRE RD NEAR CHICHESTER NY,STONY CLOVE CR ABV WARNER CR AT CHICHESTER NY,6189746,1685.55,turbidity_fnu,turbidity_fnu,turbidity_fnu,1493.0,0.8646,-0.7521,42.475803199999994,45.32479,True,True,weak_evidence,,shared_comid+records+source_area
USGS:03259757,USGS:03259813,W Fk Mill Creek at West Fork Road at Cincinnati OH,W Fk Mill Creek at Hille Park at Cincinnati OH,3405231,1695.33,discharge,discharge+gage_height+water_temp+spec_cond+turbidity_fnu+diss_oxy+ph,discharge+gage_height+water_temp+spec_cond+turbidity_fnu+diss_oxy+ph,609.0,0.6056,-0.0248,16.29102452,24.630785879999998,True,True,distinct,,shared_comid+records+source_area
USGS:01622459,USGS:01622464,"MIDDLE RIVER AT ROUTE 721 NEAR CHURCHVILLE, VA","MIDDLE RIVER ABOVE ROUTE 250 NEAR CHURCHVILLE, VA",5909017,1709.43,spec_cond,water_temp+spec_cond+turbidity_fnu+diss_oxy+ph,gage_height+water_temp+spec_cond+turbidity_fnu+diss_oxy+ph,1150.0,0.9833,-3.1927,232.0629248,236.7249032,True,True,distinct,,shared_comid+records+source_area
USGS:01475530,USGS:014755456,"Cobbs Cr at U.S. Hghwy No. 1 at Philadelphia, PA","Naylor Creek at Upper Darby, PA",4495656,1721.49,gage_height,discharge+gage_height+water_temp+spec_cond+diss_oxy+ph,gage_height,3431.0,0.1128,0.1876,12.38014264,4.4029796,True,False,weak_evidence,,shared_comid+records+source_area
USGS:05408476,USGS:434425090462401,"WEST FORK KICKAPOO RIVER @ OGDEN AVE AT CASHTON,WI","DISCOVERY FARMS-JERSEY WATERWAY 6 AT CASHTON, WI",13624141,1738.47,discharge,discharge,discharge,1485.0,0.5395,0.0,4.816082686,0.19424909999999998,True,True,distinct,,shared_comid+records+source_area
USGS:0136235580,USGS:01362358,WARNER CREEK IN SILVER HOLLOW NEAR CHICHESTER NY,WARNER CREEK AT CHICHESTER NY,6189748,1744.99,turbidity_fnu,turbidity_fnu,turbidity_fnu,553.0,0.9905,0.6656,18.80331288,23.309891999999998,True,True,weak_evidence,,shared_comid+records+source_area
USGS:01359135,USGS:01359139,PATROON CREEK AT ALBANY NY,HUDSON RIVER AT ALBANY NY,6186206,1751.86,,discharge,water_temp,,,,35.7418344,21465.820544,True,True,distinct,,shared_comid+records+source_area
USGS:05059715,USGS:464114097260900,"MAPLE RIVER ABOVE MAPLE RIVER DAM NR SHELDON, ND","DISCOVERY FARMS WATERWAY SITE 3 NEAR EMBDEN, ND",14254591,1753.44,discharge,discharge+gage_height,discharge,424.0,0.2475,22.6235,2320.629248,,True,True,distinct,,shared_comid+records+source_area
USGS:01362312,USGS:01362322,STONY CLOVE CREEK AT EDGEWOOD NY,MYRTLE BROOK AT STATE HWY 214 AT EDGEWOOD NY,6189746,1770.57,turbidity_fnu,turbidity_fnu,discharge+gage_height+turbidity_fnu,2413.0,0.6327,-0.6341,5.853372879999999,4.68787828,True,True,weak_evidence,,shared_comid+records+source_area
USGS:01653522,USGS:01653560,"PISCATAWAY CREEK TRIB AT JOINT BASE ANDREWS, MD","PISCATAWAY CREEK AT WOODYARD, MD",22337835,1773.16,spec_cond,gage_height+water_temp+spec_cond+turbidity_fnu,gage_height+water_temp+spec_cond+turbidity_fnu,244.0,0.1811,-11.6354,,8.23616184,True,True,distinct,,shared_comid+records+source_area
USGS:05406457,USGS:05406469,"BLACK EARTH CREEK NR BREWERY RD AT CROSS PLAINS,WI","BREWERY CREEK-UPSTREAM SITE-AT CROSS PLAINS, WI",13633137,1800.43,discharge,discharge+gage_height+water_temp+spec_cond+turbidity_fnu+diss_oxy,discharge+gage_height+water_temp+spec_cond+turbidity_fnu+diss_oxy,4353.0,0.7375,0.3153,29.5258632,26.1588788,False,True,distinct,,shared_comid+records+source_area
USGS:04092677,USGS:413632087221900,"GRAND CALUMET RIVER AT INDUSTRIAL HWY AT GARY, IN","GRAND CALUMET RIVER AT BRIDGE ST AT GARY, IN",3398182,1817.32,water_temp,discharge+gage_height+water_temp+diss_oxy,water_temp+diss_oxy,189.0,0.9922,-0.6527,,,True,True,weak_evidence,,shared_comid+records+source_area
USGS:01466850,USGS:01466900,Greenwood Br at Greenwood Brdg Rd nr New Lisbon NJ,Greenwood Branch at New Lisbon NJ,4491946,1837.13,water_temp,water_temp,discharge+gage_height+water_temp+spec_cond,163.0,0.9892,-0.3406,,201.7600652,True,True,weak_evidence,,shared_comid+records+source_area
USGS:05536085,USGS:05536105,"NB CHICAGO RIVER AT N PULASKI ROAD AT CHICAGO, IL","NB CHICAGO RIVER AT ALBANY AVENUE AT CHICAGO, IL",13463903,1852.71,discharge,discharge+gage_height,discharge+gage_height,0.0,,,291.1146512,292.668644,True,True,sequential,2018-04-17..2018-04-20,shared_comid+records+source_area
USGS:01465963,USGS:01465965,Ong Run at Trenton Rd near Browns Mills NJ,Ong Run at Browns Mills NJ,4490532,1856.13,water_temp,water_temp,water_temp,383.0,0.9918,1.9,,4.84327756,True,True,weak_evidence,,shared_comid+records+source_area
USGS:404200073034301,USGS:404254073041701,"Great South Bay 8 near Browns River, NY","Great South Bay 5 near Browns River, NY",9500240,1857.03,water_temp,water_temp+diss_oxy,water_temp+diss_oxy,142.0,0.9969,-0.1917,,,,,weak_evidence,,shared_comid+records+source_area
USGS:05054000,USGS:465240096465000,"RED RIVER OF THE NORTH AT FARGO, ND","RED RIVER FLOOD GAGE 4 AT FARGO, ND",6667867,1857.32,gage_height,discharge+gage_height+water_temp+spec_cond+turbidity_fnu+diss_oxy+ph,gage_height,161.0,0.9876,-262.2783,17611.9184,,True,True,weak_evidence,,shared_comid+records+source_area
IWQIS:WQS0092,USGS:05482000,Des Moines River at Des Moines (92DMRDM),"Des Moines River at 2nd Avenue at Des Moines, IA",6597748,1878.12,water_temp,water_temp+turbidity_unknown,nitrate+discharge+gage_height+water_temp,494.0,0.9936,0.1911,2.589988,16174.475059999999,True,True,weak_evidence,,shared_comid+records+source_area
USGS:03292474,USGS:0329247450,"GOOSE CREEK AT OLD WESTPORT RD NR ST MATTHEWS, KY","GOOSE CREEK AT HWY 22 AT SPRING VALLEY, KY",10163710,1888.12,discharge,discharge+gage_height+water_temp+spec_cond+diss_oxy+ph,discharge+gage_height+water_temp+spec_cond+diss_oxy+ph,615.0,0.9934,-0.0376,15.539928,21.26380148,True,True,distinct,,shared_comid+records+source_area
USGS:01362330,USGS:01362336,STONY CLOVE CREEK NEAR LANESVILLE NY,STONY CLOVE CR AT JANSSEN RD AT LANESVILLE NY,6189746,1917.3,turbidity_fnu,turbidity_fnu,discharge+gage_height+turbidity_fnu,1247.0,0.7706,-1.3167,19.42491,23.957389,True,True,weak_evidence,,shared_comid+records+source_area
USGS:461656096430500,USGS:461744096440200,"ANTELOPE CREEK TRIBUTARY NEAR DWIGHT, ND","ANTELOPE CR TRIB NR DWIGHT, ND ALTERNATE SITE",6676176,1932.95,gage_height,gage_height,gage_height,0.0,,,,,True,True,sequential,2009-04-03..2011-03-21,shared_comid+records+source_area
USGS:0329247450,USGS:03292475,"GOOSE CREEK AT HWY 22 AT SPRING VALLEY, KY","GOOSE CREEK AT US HWY 42 NEAR GLENVIEW ACRES, KY",10163710,1936.36,discharge,discharge+gage_height+water_temp+spec_cond+diss_oxy+ph,discharge+gage_height+water_temp+spec_cond+diss_oxy+ph,364.0,0.9715,-0.0162,21.26380148,26.1588788,True,True,distinct,,shared_comid+records+source_area
USGS:05532500,USGS:05532600,"DES PLAINES RIVER AT RIVERSIDE, IL","DES PLAINES RIVER AT LYONS, IL",14786231,1941.07,gage_height,discharge+gage_height,gage_height,4195.0,0.8876,-2.6257,1631.69244,1635.8364208,True,True,weak_evidence,,shared_comid+records+source_area
USGS:034324715,USGS:03432472,UNNAMED TRIB TO SYCAMORE CR (FLUME) NR SYCAMORE,"SYCAMORE CREEK AT BURWOOD, TN",18394284,1965.15,discharge,discharge+gage_height+turbidity_fnu,discharge+gage_height+turbidity_fnu,826.0,0.7058,-0.0086,0.05179976,3.85908212,True,True,distinct,,shared_comid+records+source_area
USGS:01424998,USGS:01425000,CANNONSVILLE RES RELEASE CHANNEL NR STILESVILLE NY,WEST BRANCH DELAWARE RIVER AT STILESVILLE NY,2614238,1987.77,discharge,discharge+gage_height,discharge+water_temp,272.0,0.8157,-0.1982,1181.034528,1181.034528,True,True,distinct,,shared_comid+records+source_area
USGS:413745083314900,USGS:413849083315000,Maumee River at Fassett St at Toledo OH,Maumee River at Boers-Boyer Way at Toledo OH,15634581,1989.62,spec_cond,water_temp+spec_cond,water_temp+spec_cond,161.0,0.4168,-3.1562,,,True,True,distinct,,shared_comid+records+source_area
USGS:01362330,USGS:01362345,STONY CLOVE CREEK NEAR LANESVILLE NY,HOLLOW TREE BROOK AT ST HWY 214 AT LANESVILLE NY,6189746,2004.52,turbidity_fnu,turbidity_fnu,turbidity_fnu,1263.0,0.3979,-15.051,19.42491,12.017544319999999,True,True,weak_evidence,,shared_comid+records+source_area
USGS:01362332,USGS:01362342,STONY CLOVE CREEK AT WRIGHT RD NEAR LANESVILLE NY,HOLLOW TREE BROOK AT LANESVILLE NY,6189746,2021.67,turbidity_fnu,turbidity_fnu,discharge+gage_height+turbidity_fnu,2322.0,0.7446,0.9985,20.90120316,5.0504766,True,True,weak_evidence,,shared_comid+records+source_area
USGS:295906090054200,USGS:300009090051600,"City Park South Lagoon at New Orleans, LA","City Park East Lagoon at New Orleans, LA",22772198,2062.98,spec_cond,gage_height+water_temp+spec_cond+diss_oxy,gage_height+water_temp+spec_cond+diss_oxy,1120.0,0.7377,104.9871,,,False,False,distinct,,shared_comid+records+source_area
USGS:01456887,USGS:01457005,Musconetcong River US of Trib 4 nr Asbury NJ,Musconetcong River trib 6 nr Bloomsbury NJ,2588261,2066.55,water_temp,water_temp,water_temp,550.0,0.9038,2.8,,,True,True,weak_evidence,,shared_comid+records+source_area
IWQIS:WQP0008,IWQIS:WQP0009,Alleman Creek at Alleman (Saturated Buffer 1),Alleman Creek at Alleman (Saturated Buffer 2),22248727,2076.94,nitrate,nitrate,nitrate,339.0,0.5182,0.32,2.589988,2.589988,True,True,distinct,,shared_comid+records+source_area
USGS:05060000,USGS:465234097045600,"MAPLE RIVER NEAR MAPLETON, ND","MAPLE RIVER AT STATE ROUTE 10 NR MAPLETON, ND",14254205,2134.33,gage_height,discharge+gage_height,gage_height,19.0,0.9887,-269.6352,3807.28236,,True,True,weak_evidence,,shared_comid+records+source_area
USGS:07144100,USGS:375350097262800,"L ARKANSAS R NR SEDGWICK, KS","L ARKANSAS R UPSTREAM OF ASR FAC NR SEDGWICK, KS",21177172,2141.18,nitrate,nitrate+discharge+gage_height+water_temp+spec_cond+turbidity_fnu+diss_oxy+ph+fdom,nitrate+gage_height+water_temp+spec_cond+turbidity_fnu+diss_oxy+ph+fdom,3344.0,0.902,-0.1,3208.995132,,True,True,distinct,,shared_comid+records+source_area
USGS:01653521,USGS:01653560,"PISCATAWAY CREEK AT JOINT BASE ANDREWS, MD","PISCATAWAY CREEK AT WOODYARD, MD",22337835,2141.29,spec_cond,discharge+gage_height+water_temp+spec_cond+turbidity_fnu,gage_height+water_temp+spec_cond+turbidity_fnu,100.0,0.8283,-44.2188,2.48638848,8.23616184,True,True,distinct,,shared_comid+records+source_area
USGS:05059715,USGS:464115097255000,"MAPLE RIVER ABOVE MAPLE RIVER DAM NR SHELDON, ND","DISCOVERY FARMS WATERWAY SITE 1 NEAR EMBDEN, ND",14254591,2158.89,discharge,discharge+gage_height,discharge,380.0,-0.0436,21.1952,2320.629248,,True,False,distinct,,shared_comid+records+source_area
USGS:01362370,USGS:01362398,STONY CLOVE CREEK BLW OX CLOVE AT CHICHESTER NY,STONY CLOVE CR ABOVE ST HWY 214 AT PHOENICIA NY,6189644,2160.58,turbidity_fnu,discharge+gage_height+turbidity_fnu,turbidity_fnu,318.0,0.9687,0.8932,80.03062919999999,83.9156112,True,True,weak_evidence,,shared_comid+records+source_area
USGS:0136235575,USGS:01362358,WARNER CREEK NR CARL MOUNTAIN NR CHICHESTER NY,WARNER CREEK AT CHICHESTER NY,6189748,2179.38,turbidity_fnu,turbidity_fnu,turbidity_fnu,446.0,0.9935,-1.2128,18.28531528,23.309891999999998,True,True,weak_evidence,,shared_comid+records+source_area
USGS:01589312,USGS:01589315,"DEAD RUN NEAR CATONSVILLE, MD","DEAD RUN AT WOODLAWN, MD",11689198,2198.26,discharge,discharge,discharge,6463.0,0.9083,-0.0195,2.04609052,6.29367084,True,True,distinct,,shared_comid+records+source_area
USGS:05059715,USGS:464115097254700,"MAPLE RIVER ABOVE MAPLE RIVER DAM NR SHELDON, ND","DISCOVERY FARMS WATERWAY SITE 2 NEAR EMBDEN, ND",14254591,2222.3,discharge,discharge+gage_height,discharge,355.0,0.2624,20.436,2320.629248,,True,False,distinct,,shared_comid+records+source_area
USGS:01408900,USGS:01409000,Cedar Creek at Western Blvd near Lanoka Harbor NJ,Cedar Creek at Lanoka Harbor NJ,9453855,2235.32,discharge,discharge,discharge,1582.0,1.0,-0.1727,129.2404012,138.0463604,True,True,distinct,,shared_comid+records+source_area
USGS:07241504,USGS:07241506,"Crutcho Creek at SE 50th st. at Boone Township, OK","Crutcho Creek at SE 29th st. at Boone Township, OK",415461,2242.35,discharge,discharge,discharge,555.0,0.988,-0.0235,,28.691887064,True,True,distinct,,shared_comid+records+source_area
USGS:01362347,USGS:01362350,STONY CLOVE CREEK AT LANESVILLE NY,STONY CLOVE CREEK AT CHICHESTER NY,6189746,2246.18,turbidity_fnu,turbidity_fnu,turbidity_fnu,1268.0,0.8109,-1.7322,39.8858152,45.32479,True,True,weak_evidence,,shared_comid+records+source_area
USGS:01362345,USGS:01362349,HOLLOW TREE BROOK AT ST HWY 214 AT LANESVILLE NY,STONY CLOVE CR ABOVE MOGGRE RD NEAR CHICHESTER NY,6189746,2262.75,turbidity_fnu,turbidity_fnu,turbidity_fnu,1824.0,0.6848,8.0185,12.017544319999999,42.475803199999994,True,True,weak_evidence,,shared_comid+records+source_area
USGS:01362336,USGS:01362349,STONY CLOVE CR AT JANSSEN RD AT LANESVILLE NY,STONY CLOVE CR ABOVE MOGGRE RD NEAR CHICHESTER NY,6189746,2278.29,turbidity_fnu,discharge+gage_height+turbidity_fnu,turbidity_fnu,2162.0,0.7588,-0.2603,23.957389,42.475803199999994,True,True,weak_evidence,,shared_comid+records+source_area
USGS:01103038,USGS:01103040,"MALDEN RIVER AT MALDEN, MA","MYSTIC RIVER RT 16 AT MEDFORD, MA",5867675,2302.98,discharge,discharge,discharge,66.0,-0.1568,-1.5192,,,True,True,distinct,,shared_comid+records+source_area
USGS:430338089295701,USGS:430402089282000,"DETENTION POND OUTLET AT MEMORIAL HS @ MADISON, WI","SOUTH KENOSHA DRIVE STORM SEWER AT MADISON, WI",13424845,2313.81,discharge,discharge,discharge,0.0,,,,0.007769964,False,False,sequential,2013-04-13..2023-08-17,shared_comid+records+source_area
USGS:07010094,USGS:07010097,"Grammond Creek near Wilbur Park, MO","River Des Peres at St. Louis, MO",3624471,2327.89,discharge,discharge,discharge,6799.0,-0.0172,-0.2486,1.60579256,220.6669776,True,True,distinct,,shared_comid+records+source_area
USGS:01100475,USGS:01100500,"MERRIMACK R AT ABE BASHARA BOAT HOUSE LAWRENCE, MA","MERRIMACK RIVER AT LAWRENCE, MA",6746076,2329.85,,water_temp+spec_cond+diss_oxy,gage_height,,,,12069.344079999999,12100.423936,True,True,distinct,,shared_comid+records+source_area
USGS:01306440,USGS:01306460,CONNETQUOT BROOK AT CENTRAL ISLIP NY,CONNETQUOT BK NR CENTRAL ISLIP NY,9499614,2336.99,discharge,discharge,discharge,2099.0,0.9185,-0.5864,42.2168044,56.720737199999995,True,True,distinct,,shared_comid+records+source_area
USGS:01362332,USGS:01362347,STONY CLOVE CREEK AT WRIGHT RD NEAR LANESVILLE NY,STONY CLOVE CREEK AT LANESVILLE NY,6189746,2339.8,turbidity_fnu,turbidity_fnu,turbidity_fnu,2649.0,0.7971,-1.7773,20.90120316,39.8858152,True,True,weak_evidence,,shared_comid+records+source_area
USGS:01362359,USGS:01362398,"STONY CLOVE CR AT SILVER HOLLOW RD, CHICHESTER NY",STONY CLOVE CR ABOVE ST HWY 214 AT PHOENICIA NY,6189644,2341.07,turbidity_fnu,turbidity_fnu,turbidity_fnu,258.0,0.9727,-0.2397,68.8936808,83.9156112,True,True,weak_evidence,,shared_comid+records+source_area
USGS:07381350,USGS:07381355,"Company Canal at Hwy 1 at Lockport, LA","Company Canal at Salt Barrier near Lockport, LA",11060645,2342.71,spec_cond,gage_height+water_temp+spec_cond,gage_height+water_temp+spec_cond,6360.0,0.7283,9.8152,,,True,False,distinct,,shared_comid+records+source_area
USGS:06893557,USGS:06893562,"Brush Creek at Ward Parkway in Kansas City, MO","Brush Creek at Rockhill Road in Kansas City, MO",4390865,2389.08,discharge,discharge,discharge+gage_height,516.0,0.5197,-0.0342,31.597853599999997,44.029796,True,True,distinct,,shared_comid+records+source_area
USGS:01455250,USGS:01455265,Pohatcong Creek trib 10 at Kennedy Mills NJ,Pohatcong Creek near Kennedy Mills NJ,2588065,2401.81,water_temp,water_temp,water_temp,216.0,0.9987,0.0,,,True,True,weak_evidence,,shared_comid+records+source_area
USGS:03284530,USGS:03284533,"EAST HICKMAN CR AT DELONG RD NR EAST HICKMAN, KY","EAST HICKMAN CR AT TATES CR RD NR EAST HICKMAN, KY",1826988,2408.26,discharge,discharge,discharge+gage_height+water_temp+spec_cond+diss_oxy+ph,0.0,,,39.1088188,50.47886611999999,True,True,sequential,2012-06-10..2014-02-04,shared_comid+records+source_area
USGS:042085017,USGS:412624081450700,East Br Big Creek at Brookpark Rd nr Parma OH,East Branch Big Creek at Brooklyn OH,15588372,2409.99,discharge,discharge,discharge,1229.0,0.9711,-0.0716,34.4468404,49.727769599999995,True,True,distinct,,shared_comid+records+source_area
USGS:01362330,USGS:01362342,STONY CLOVE CREEK NEAR LANESVILLE NY,HOLLOW TREE BROOK AT LANESVILLE NY,6189746,2416.91,turbidity_fnu,turbidity_fnu,discharge+gage_height+turbidity_fnu,1959.0,0.6613,0.6219,19.42491,5.0504766,True,True,weak_evidence,,shared_comid+records+source_area
USGS:07010022,USGS:07010035,"River Des Peres near University City, MO","Engelholm Creek near Wellston, MO",3624227,2442.01,discharge,discharge,discharge,6803.0,0.9228,0.0303,23.154492719999997,3.6259832,True,True,distinct,,shared_comid+records+source_area
USGS:05427927,USGS:05427930,"DORN (SPRING) CREEK @ CT HIGHWAY Q NR WAUNAKEE, WI","DORN (SPRING) CREEK AT CT HIGHWAY M NR WAUNAKEE,WI",13294176,2450.51,discharge,discharge,discharge+water_temp,5145.0,0.0107,-0.0682,25.7703806,32.633848799999996,True,True,distinct,,shared_comid+records+source_area
USGS:0205551460,USGS:0205551614,"LICK RUN ABOVE PATTON AVENUE AT ROANOKE, VA","TINKER CREEK ABOVE GLADE CREEK AT ROANOKE, VA",8627197,2476.4,discharge,discharge+gage_height+water_temp+spec_cond+turbidity_fnu+diss_oxy+ph,discharge+gage_height+water_temp+spec_cond+turbidity_fnu+diss_oxy+ph,1808.0,0.8498,-1.4416,13.13123916,202.019064,True,True,distinct,,shared_comid+records+source_area
USGS:01362368,USGS:01362398,OX CLOVE NEAR MOUTH AT CHICHESTER NY,STONY CLOVE CR ABOVE ST HWY 214 AT PHOENICIA NY,6189644,2483.77,turbidity_fnu,discharge+gage_height+turbidity_fnu,turbidity_fnu,310.0,0.8663,3.0589,9.91965404,83.9156112,True,True,weak_evidence,,shared_comid+records+source_area
USGS:404133073041801,USGS:404254073041701,"Great South Bay 9 near Browns River, NY","Great South Bay 5 near Browns River, NY",9500240,2520.09,water_temp,water_temp+diss_oxy,water_temp+diss_oxy,175.0,0.9952,-0.1542,,,,,weak_evidence,,shared_comid+records+source_area
USGS:05532500,USGS:414757087490401,"DES PLAINES RIVER AT RIVERSIDE, IL","SUMMIT CONDUIT AT SUMMIT, IL",14786231,2522.45,discharge,discharge+gage_height,discharge+gage_height,816.0,0.2991,11.2769,1631.69244,,True,True,distinct,,shared_comid+records+source_area
USGS:06893562,USGS:390202094362700,"Brush Creek at Rockhill Road in Kansas City, MO","BRUSH CREEK AT STATE LINE RD, KANSAS CITY, MO",4390865,2537.66,,discharge+gage_height,water_temp+spec_cond+turbidity_fnu+diss_oxy+ph,,,,44.029796,,True,True,distinct,,shared_comid+records+source_area
USGS:01362342,USGS:01362347,HOLLOW TREE BROOK AT LANESVILLE NY,STONY CLOVE CREEK AT LANESVILLE NY,6189746,2541.31,turbidity_fnu,discharge+gage_height+turbidity_fnu,turbidity_fnu,2287.0,0.6853,-3.0798,5.0504766,39.8858152,True,True,weak_evidence,,shared_comid+records+source_area
USGS:01465995,USGS:01466000,"MB Mt Misery Bk at Glass Works Rd, Byrne St For NJ",Middle Br Mount Misery Bk in Byrne State Forest NJ,4492020,2550.25,water_temp,water_temp,water_temp,356.0,0.9987,0.2,4.84327756,7.3037661599999995,True,True,weak_evidence,,shared_comid+records+source_area
USGS:01362312,USGS:01362330,STONY CLOVE CREEK AT EDGEWOOD NY,STONY CLOVE CREEK NEAR LANESVILLE NY,6189746,2576.02,turbidity_fnu,turbidity_fnu,turbidity_fnu,1999.0,0.7796,-0.9562,5.853372879999999,19.42491,True,True,weak_evidence,,shared_comid+records+source_area
USGS:04237496,USGS:04237500,SENECA RIVER NEAR BALDWINSVILLE NY,SENECA RIVER AT BALDWINSVILLE NY,21975021,2581.36,discharge,discharge,discharge,2459.0,1.0,0.0,8106.66244,8127.382344,True,True,distinct,,shared_comid+records+source_area
USGS:01466081,USGS:01466088,NB Mt Misery Bk at Glassworks Rd at Byrne St Fr NJ,NB Mount Misery Brook at Mount Misery NJ,4491984,2593.28,water_temp,water_temp,water_temp,348.0,0.9895,1.5,,,True,True,weak_evidence,,shared_comid+records+source_area
USGS:01589330,USGS:01589340,"DEAD RUN AT FRANKLINTOWN, MD","ROGNEL HGTS STORM SEWER OUTFALL AT BALTIMORE, MD",11689186,2597.67,discharge,discharge,discharge,1003.0,0.8694,0.0566,14.296733759999999,0.07769964,True,True,distinct,,shared_comid+records+source_area
USGS:295906090054200,USGS:300026090050800,"City Park South Lagoon at New Orleans, LA","Bayou Saint John Midlake at New Orleans, LA",22772198,2628.67,spec_cond,gage_height+water_temp+spec_cond+diss_oxy,gage_height+water_temp+spec_cond+diss_oxy,1197.0,0.5492,-1010.0,,,False,False,distinct,,shared_comid+records+source_area
USGS:01362322,USGS:01362336,MYRTLE BROOK AT STATE HWY 214 AT EDGEWOOD NY,STONY CLOVE CR AT JANSSEN RD AT LANESVILLE NY,6189746,2680.76,discharge,discharge+gage_height+turbidity_fnu,discharge+gage_height+turbidity_fnu,2555.0,0.9578,-0.3675,4.68787828,23.957389,True,True,distinct,,shared_comid+records+source_area
USGS:01467004,USGS:01467005,North Branch Rancocas Creek at Smithville NJ,NB Rancocas C at Iron Works Park at Mount Holly NJ,4491878,2696.86,water_temp,water_temp,gage_height+water_temp+spec_cond,332.0,0.9959,-0.113,357.418344,362.59832,True,True,weak_evidence,,shared_comid+records+source_area
USGS:01103025,USGS:422302071083801,"ALEWIFE BROOK NEAR ARLINGTON, MA","FRESH POND IN GATE HOUSE AT CAMBRIDGE, MA",5866419,2701.05,,discharge,water_temp+spec_cond,,,,21.65229968,,True,True,distinct,,shared_comid+records+source_area
USGS:01359133,USGS:01359139,PATROON CR AT NORTHERN BLVD AT ALBANY NY,HUDSON RIVER AT ALBANY NY,6186206,2707.32,,discharge,water_temp,,,,33.9288428,21465.820544,True,True,distinct,,shared_comid+records+source_area
USGS:01103025,USGS:422303071084301,"ALEWIFE BROOK NEAR ARLINGTON, MA","FRESH POND BUOY, NEAR INTAKE AT CAMBRIDGE, MA",5866419,2708.34,,discharge,water_temp+fpc,,,,21.65229968,,True,True,distinct,,shared_comid+records+source_area
USGS:01362330,USGS:01362347,STONY CLOVE CREEK NEAR LANESVILLE NY,STONY CLOVE CREEK AT LANESVILLE NY,6189746,2744.07,turbidity_fnu,turbidity_fnu,turbidity_fnu,1957.0,0.7406,-2.7531,19.42491,39.8858152,True,True,weak_evidence,,shared_comid+records+source_area
USGS:01362322,USGS:01362345,MYRTLE BROOK AT STATE HWY 214 AT EDGEWOOD NY,HOLLOW TREE BROOK AT ST HWY 214 AT LANESVILLE NY,6189746,2760.11,turbidity_fnu,discharge+gage_height+turbidity_fnu,turbidity_fnu,2271.0,0.3727,-10.4781,4.68787828,12.017544319999999,True,True,weak_evidence,,shared_comid+records+source_area
USGS:04208502,USGS:412624081450700,Big Creek at Cleveland OH,East Branch Big Creek at Brooklyn OH,15588372,2775.07,discharge,discharge,discharge,4336.0,0.9632,0.235,91.42657639999999,49.727769599999995,True,True,distinct,,shared_comid+records+source_area
USGS:404149073051301,USGS:404213073070801,GREAT SOUTH BAY 2 of 3 NEAR WEST SAYVILLE NY,"Great South Bay 14 near Connetquot River, NY",9500256,2779.03,diss_oxy,diss_oxy,water_temp+diss_oxy,0.0,,,,,,,sequential,2015-09-19..2016-07-26,shared_comid+records+source_area
USGS:07160290,USGS:07160300,"North Boggy Creek at Garriott Rd at Enid, OK","Boggy Creek at 30th St at Enid, OK",250386,2800.61,,gage_height,discharge,,,,27.194874,93.7575656,False,True,distinct,,shared_comid+records+source_area
USGS:413628087201401,USGS:413632087221900,"GRAND CALUMET RIVER AT BROADWAY ST AT GARY, IN","GRAND CALUMET RIVER AT BRIDGE ST AT GARY, IN",3398182,2852.29,water_temp,water_temp+diss_oxy,water_temp+diss_oxy,202.0,0.9876,0.1307,,,True,True,weak_evidence,,shared_comid+records+source_area
USGS:01362347,USGS:01362352,STONY CLOVE CREEK AT LANESVILLE NY,STONY CLOVE CR ABV WARNER CR AT CHICHESTER NY,6189746,2872.74,turbidity_fnu,turbidity_fnu,turbidity_fnu,1550.0,0.934,-0.5575,39.8858152,45.32479,True,True,weak_evidence,,shared_comid+records+source_area
USGS:01455030,USGS:01455045,Lopatcong Creek at Allens Mills NJ,Lopatcong Creek at Uniontown NJ,2588239,2882.03,water_temp,water_temp,water_temp,329.0,0.9965,-0.3,5.309475399999999,,True,True,weak_evidence,,shared_comid+records+source_area
USGS:01362322,USGS:01362342,MYRTLE BROOK AT STATE HWY 214 AT EDGEWOOD NY,HOLLOW TREE BROOK AT LANESVILLE NY,6189746,2884.21,discharge,discharge+gage_height+turbidity_fnu,discharge+gage_height+turbidity_fnu,3558.0,0.9326,-0.0166,4.68787828,5.0504766,True,True,distinct,,shared_comid+records+source_area
USGS:413651087285001,USGS:413722087304901,"GRAND CALUMET R AT INDPLS BLVD AT EAST CHICAGO, IN","GRAND CALUMET RIVER AT SOHL AV AT HAMMOND, IN",13463913,2894.51,water_temp,water_temp+diss_oxy,water_temp+diss_oxy,199.0,0.9766,0.927,,15.09963004,True,True,weak_evidence,,shared_comid+records+source_area
USGS:465240096465000,USGS:465414096462600,"RED RIVER FLOOD GAGE 4 AT FARGO, ND","RED RIVER FLOOD GAGE 5 AT FARGO, ND",6667867,2935.14,gage_height,gage_height,gage_height,158.0,0.9969,0.5227,,,True,True,weak_evidence,,shared_comid+records+source_area
USGS:03288180,USGS:03288190,"CANE RUN CREEK AT CITATION BLVD NR LEXINGTON, KY","TRIB TO CANE RUN CR AT NEWTOWN PK NR LEXINGTON, KY",1825494,2943.3,discharge,discharge+gage_height+water_temp+spec_cond+diss_oxy+ph,discharge,176.0,0.5426,0.0656,14.34853352,11.99164444,True,True,distinct,,shared_comid+records+source_area
USGS:413922083310500,USGS:414032083293600,Maumee River at Riverside Dr at Toledo OH,Maumee River at Summit St at Toledo OH,15634577,2985.07,spec_cond,water_temp+spec_cond,water_temp+spec_cond,178.0,0.9556,-20.1198,,,True,True,distinct,,shared_comid+records+source_area
USGS:01362312,USGS:01362332,STONY CLOVE CREEK AT EDGEWOOD NY,STONY CLOVE CREEK AT WRIGHT RD NEAR LANESVILLE NY,6189746,2991.88,turbidity_fnu,turbidity_fnu,turbidity_fnu,2399.0,0.7444,-0.9431,5.853372879999999,20.90120316,True,True,weak_evidence,,shared_comid+records+source_area
USGS:413611087201101,USGS:413632087221900,"CITY HALL WEST FLUME AT GARY, IN","GRAND CALUMET RIVER AT BRIDGE ST AT GARY, IN",3398182,2994.71,,discharge+gage_height+spec_cond,water_temp+diss_oxy,,,,,,True,True,distinct,,shared_comid+records+source_area
USGS:413611087201001,USGS:413632087221900,"CITY HALL NORTH FLUME AT GARY, IN","GRAND CALUMET RIVER AT BRIDGE ST AT GARY, IN",3398182,3017.13,,discharge+gage_height+spec_cond,water_temp+diss_oxy,,,,,,True,True,distinct,,shared_comid+records+source_area
USGS:413611087201002,USGS:413632087221900,"CITY HALL SOUTH FLUME AT GARY, IN","GRAND CALUMET RIVER AT BRIDGE ST AT GARY, IN",3398182,3017.13,,discharge+gage_height+spec_cond,water_temp+diss_oxy,,,,,,True,True,distinct,,shared_comid+records+source_area
USGS:404149073051301,USGS:404253073065101,GREAT SOUTH BAY 2 of 3 NEAR WEST SAYVILLE NY,"Great South Bay 11 near Connetquot River, NY",9500256,3027.74,diss_oxy,diss_oxy,water_temp+diss_oxy,0.0,,,,,,,sequential,2015-09-19..2016-08-08,shared_comid+records+source_area
USGS:413612087200901,USGS:413632087221900,"CITY HALL NORTHEAST FLUME AT GARY, IN","GRAND CALUMET RIVER AT BRIDGE ST AT GARY, IN",3398182,3033.0,,discharge+gage_height+spec_cond,water_temp+diss_oxy,,,,,,True,True,distinct,,shared_comid+records+source_area
USGS:413611087200901,USGS:413632087221900,"CITY HALL SOUTHEAST FLUME AT GARY, IN","GRAND CALUMET RIVER AT BRIDGE ST AT GARY, IN",3398182,3039.57,,discharge+gage_height+spec_cond,water_temp+diss_oxy,,,,,,True,True,distinct,,shared_comid+records+source_area
USGS:04174514,USGS:04174518,"MALLETTS CREEK AT DOYLE PARK AT ANN ARBOR, MI","MALLETTS CREEK AT ANN ARBOR, MI",13175747,3067.79,discharge,discharge,discharge+gage_height,1886.0,0.3709,-0.0464,21.96309824,28.2308692,True,True,distinct,,shared_comid+records+source_area
USGS:413704083335100,USGS:413745083314900,Maumee River at Rossford Marina at Rossford OH,Maumee River at Fassett St at Toledo OH,15634581,3079.09,spec_cond,water_temp+spec_cond,water_temp+spec_cond,165.0,0.8988,-1.8854,,,True,True,distinct,,shared_comid+records+source_area
USGS:01455030,USGS:01455047,Lopatcong Creek at Allens Mills NJ,"Lopatcong Creek tributary at Uniontown, NJ",2588239,3127.34,water_temp,water_temp,water_temp,388.0,0.9923,-0.8,5.309475399999999,,True,True,weak_evidence,,shared_comid+records+source_area
USGS:300602090375100,USGS:300740090382500,CRMS5373-H01-RT,"Maurepas Swamp nr Hope Canal, N of Garyville, La",15207137,3145.55,spec_cond,gage_height+water_temp+spec_cond,gage_height+water_temp+spec_cond+diss_oxy+ph,0.0,,,,,True,True,sequential,2024-12-05..2025-06-06,shared_comid+records+source_area
USGS:05530990,USGS:05531015,"SALT CREEK AT ROLLING MEADOWS, IL","SALT CREEK AT HIGGINS RD NR ELK GROVE VILLAGE, IL",14785397,3272.5,gage_height,discharge+gage_height,gage_height,6029.0,0.7004,-0.9571,78.994634,91.68557519999999,True,True,weak_evidence,,shared_comid+records+source_area
USGS:01362365,USGS:01362398,OX CLOVE AT CHICHESTER NY,STONY CLOVE CR ABOVE ST HWY 214 AT PHOENICIA NY,6189644,3284.92,turbidity_fnu,turbidity_fnu,turbidity_fnu,312.0,0.9002,0.1806,8.05486268,83.9156112,True,True,weak_evidence,,shared_comid+records+source_area
USGS:05536357,USGS:413651087285001,"GRAND CALUMET RIVER AT HOHMAN AV AT HAMMOND, IN","GRAND CALUMET R AT INDPLS BLVD AT EAST CHICAGO, IN",13463913,3305.21,,discharge,water_temp+diss_oxy,,,,,,True,True,distinct,,shared_comid+records+source_area
USGS:01362345,USGS:01362350,HOLLOW TREE BROOK AT ST HWY 214 AT LANESVILLE NY,STONY CLOVE CREEK AT CHICHESTER NY,6189746,3310.93,turbidity_fnu,turbidity_fnu,turbidity_fnu,397.0,0.7062,5.124,12.017544319999999,45.32479,True,True,weak_evidence,,shared_comid+records+source_area
USGS:07142019,USGS:07142020,"CHEYENNE BOTTOMS DV NR GREAT BEND, KS","WALNUT C BLW CHEYENNE BTMS DV NR GREAT BEND, KS",21187401,3312.13,discharge,discharge+gage_height,discharge,729.0,-0.0214,0.2322,3884.982,3884.982,True,False,distinct,,shared_comid+records+source_area
USGS:01362336,USGS:01362350,STONY CLOVE CR AT JANSSEN RD AT LANESVILLE NY,STONY CLOVE CREEK AT CHICHESTER NY,6189746,3331.25,turbidity_fnu,discharge+gage_height+turbidity_fnu,turbidity_fnu,958.0,0.8641,-3.5984,23.957389,45.32479,True,True,weak_evidence,,shared_comid+records+source_area
USGS:04092677,USGS:413626087211101,"GRAND CALUMET RIVER AT INDUSTRIAL HWY AT GARY, IN","GRAND CALUMET RIVER AT BUCHANAN ST AT GARY, IN",3398182,3353.17,water_temp,discharge+gage_height+water_temp+diss_oxy,water_temp+diss_oxy,183.0,0.9855,-0.7521,,,True,True,weak_evidence,,shared_comid+records+source_area
USGS:03292500,USGS:03292550,"SOUTH FORK BEARGRASS CREEK AT LOUISVILLE, KY","S FK BEARGRASS CREEK AT E OAK ST AT LOUISVILLE, KY",10163886,3428.2,discharge,discharge+gage_height+water_temp+spec_cond+diss_oxy+ph,discharge+gage_height+water_temp+spec_cond+diss_oxy+ph,2570.0,0.962,-0.1054,44.5477936,58.533728800000006,True,True,distinct,,shared_comid+records+source_area
USGS:01362332,USGS:01362349,STONY CLOVE CREEK AT WRIGHT RD NEAR LANESVILLE NY,STONY CLOVE CR ABOVE MOGGRE RD NEAR CHICHESTER NY,6189746,3512.6,turbidity_fnu,turbidity_fnu,turbidity_fnu,2437.0,0.7434,-1.2635,20.90120316,42.475803199999994,True,True,weak_evidence,,shared_comid+records+source_area
USGS:01362322,USGS:01362347,MYRTLE BROOK AT STATE HWY 214 AT EDGEWOOD NY,STONY CLOVE CREEK AT LANESVILLE NY,6189746,3548.67,turbidity_fnu,discharge+gage_height+turbidity_fnu,turbidity_fnu,2957.0,0.7556,-2.2321,4.68787828,39.8858152,True,True,weak_evidence,,shared_comid+records+source_area
USGS:01362342,USGS:01362349,HOLLOW TREE BROOK AT LANESVILLE NY,STONY CLOVE CR ABOVE MOGGRE RD NEAR CHICHESTER NY,6189746,3559.61,turbidity_fnu,discharge+gage_height+turbidity_fnu,turbidity_fnu,2155.0,0.5978,-2.626,5.0504766,42.475803199999994,True,True,weak_evidence,,shared_comid+records+source_area
USGS:02020246,USGS:02020258,"RAMSEYS DRAFT AT ROUTE 716 NEAR WEST AUGUSTA, VA","RAMSEYS DRAFT AT ROUTE 629 NEAR WEST AUGUSTA, VA",8538463,3565.31,spec_cond,gage_height+water_temp+spec_cond+turbidity_fnu+diss_oxy+ph,water_temp+spec_cond+turbidity_fnu+diss_oxy+ph,1274.0,0.8849,-7.1042,43.5117984,55.1667444,True,True,distinct,,shared_comid+records+source_area
USGS:05437641,USGS:05437645,ROCK RIVER AT AUBURN ST AT ROCKFORD,"ROCK RIVER ABOVE DAM AT ROCKFORD, IL",10603738,3588.51,gage_height,gage_height,gage_height,3896.0,0.4921,0.1859,16907.441663999998,16925.57158,True,True,weak_evidence,,shared_comid+records+source_area
USGS:01302025,USGS:01302027,"HARLEM R AT ROBERTO CLEMENTE STATE PARK, BRONX NY",HARLEM R AT MILL POND PARK ALCOVE 1 AT BRONX NY,26408394,3593.7,spec_cond,water_temp+spec_cond+turbidity_fnu,water_temp+spec_cond+turbidity_fnu,239.0,0.9709,-4528.125,,,True,True,distinct,,shared_comid+records+source_area
USGS:03292474,USGS:03292475,"GOOSE CREEK AT OLD WESTPORT RD NR ST MATTHEWS, KY","GOOSE CREEK AT US HWY 42 NEAR GLENVIEW ACRES, KY",10163710,3621.5,discharge,discharge+gage_height+water_temp+spec_cond+diss_oxy+ph,discharge+gage_height+water_temp+spec_cond+diss_oxy+ph,6335.0,0.7274,-0.0734,15.539928,26.1588788,True,True,distinct,,shared_comid+records+source_area
USGS:05401063,USGS:05401065,"LAKE HURON NEAR PLAINFIELD, WI","LONG LAKE NEAR PLAINFIELD, WI",14705032,3699.33,gage_height,gage_height,gage_height,2726.0,0.9749,24.7955,21.60049992,37.8138248,False,False,weak_evidence,,shared_comid+records+source_area
USGS:01359525,USGS:01359528,NORMANS KILL AT KARLSFELD NY,NORMANS KILL AT ALBANY NY,6186102,3756.67,,gage_height,discharge,,,,422.168044,435.117984,True,True,distinct,,shared_comid+records+source_area
USGS:05537980,USGS:05538010,"DES PLAINES RIVER AT ROUTE 53 AT JOLIET, IL","DES PLAINES RIVER AT ROCKDALE, IL",14787569,3764.28,spec_cond,nitrate+discharge+gage_height+water_temp+spec_cond+turbidity_fnu+diss_oxy+ph+fchl+fpc+orthophosphate,water_temp+spec_cond+turbidity_fnu+diss_oxy+ph+fchl+fpc,532.0,0.9652,1.3021,3890.161976,3900.521928,True,True,distinct,,shared_comid+records+source_area
USGS:413913083314200,USGS:414032083293600,Maumee River at Maritime Plaza at Toledo OH,Maumee River at Summit St at Toledo OH,15634577,3794.82,spec_cond,water_temp+spec_cond,water_temp+spec_cond,179.0,0.8735,-4.9167,,,True,True,distinct,,shared_comid+records+source_area
USGS:01104683,USGS:01104705,"MUDDY RIVER AT BROOKLINE, MA","CHARLES RIVER AT FIRST ST AT CAMBRIDGE, MA",5867717,3862.16,gage_height,gage_height,gage_height,6452.0,0.1739,-30.3825,15.35862884,,True,True,weak_evidence,,shared_comid+records+source_area
USGS:412325081415500,USGS:412453081395500,West Creek at Ridgewood Road at Parma OH,West Creek at Brooklyn Heights OH,15587158,3890.45,discharge,discharge,discharge,4105.0,0.0246,-0.1365,,23.90558924,True,True,distinct,,shared_comid+records+source_area
USGS:01362330,USGS:01362349,STONY CLOVE CREEK NEAR LANESVILLE NY,STONY CLOVE CR ABOVE MOGGRE RD NEAR CHICHESTER NY,6189746,3896.37,turbidity_fnu,turbidity_fnu,turbidity_fnu,1791.0,0.6789,-2.3344,19.42491,42.475803199999994,True,True,weak_evidence,,shared_comid+records+source_area
USGS:01362345,USGS:01362352,HOLLOW TREE BROOK AT ST HWY 214 AT LANESVILLE NY,STONY CLOVE CR ABV WARNER CR AT CHICHESTER NY,6189746,3919.68,turbidity_fnu,turbidity_fnu,turbidity_fnu,1676.0,0.7749,8.3944,12.017544319999999,45.32479,True,True,weak_evidence,,shared_comid+records+source_area
USGS:01362336,USGS:01362352,STONY CLOVE CR AT JANSSEN RD AT LANESVILLE NY,STONY CLOVE CR ABV WARNER CR AT CHICHESTER NY,6189746,3945.11,turbidity_fnu,discharge+gage_height+turbidity_fnu,turbidity_fnu,1345.0,0.4907,-0.8993,23.957389,45.32479,True,True,weak_evidence,,shared_comid+records+source_area
USGS:03123499,USGS:03292500,"BRADLEY CREEK AT LOUISVILLE, KY","SOUTH FORK BEARGRASS CREEK AT LOUISVILLE, KY",10163886,3971.78,spec_cond,nitrate+water_temp+spec_cond+turbidity_fnu+diss_oxy+ph,discharge+gage_height+water_temp+spec_cond+diss_oxy+ph,63.0,-0.0414,-143.7188,,44.5477936,True,True,distinct,,shared_comid+records+source_area
USGS:04168000,USGS:04168400,"LOWER RIVER ROUGE AT INKSTER, MI","LOWER RIVER ROUGE AT DEARBORN, MI",10850162,3986.76,discharge,discharge,nitrate+discharge+gage_height+water_temp+spec_cond+turbidity_fnu+diss_oxy+ph,886.0,0.9918,-0.1104,215.4870016,235.688908,True,True,distinct,,shared_comid+records+source_area
USGS:04073240,USGS:435857089325301,"CHAFFEE CREEK AT I-39 NEAR COLOMA, WI","PLEASANT LAKE NEAR WESTFIELD, WI",6867619,4017.55,,discharge,gage_height,,,,11.1369484,,True,False,distinct,,shared_comid+records+source_area
USGS:07364200,USGS:07364203,"Bayou Bartholomew near Jones, LA","Bayou Bartholomew NW of Jones, LA",19474395,4037.92,gage_height,discharge+gage_height,gage_height,6491.0,0.9988,0.5029,3074.315756,3082.08572,True,True,weak_evidence,,shared_comid+records+source_area
USGS:03288190,USGS:03288200,"TRIB TO CANE RUN CR AT NEWTOWN PK NR LEXINGTON, KY","CANE RUN AT BEREA ROAD NEAR DONERAIL, KY",1825494,4100.49,discharge,discharge,discharge,0.0,,,11.99164444,51.5407612,True,True,sequential,2012-06-16..2012-09-30,shared_comid+records+source_area
USGS:03298135,USGS:03298150,"CHENOWETH RUN AT RUCKRIEGAL PARKWAY, KY","CHENOWETH RUN AT GELHAUS LANE NEAR FERN CREEK, KY",10264014,4103.92,discharge,discharge+gage_height+water_temp+spec_cond+diss_oxy+ph,discharge+gage_height+water_temp+spec_cond+diss_oxy+ph,6357.0,0.9421,-0.1566,14.167234359999998,30.043860799999997,True,True,distinct,,shared_comid+records+source_area
USGS:05424500,USGS:05426067,"BEAVER LAKE NEAR HARTLAND, WI","BARK RIVER AT NAGAWICKA ROAD AT DELAFIELD, WI",13291814,4175.63,,gage_height,discharge,,,,8.10666244,92.98056919999999,False,True,distinct,,shared_comid+records+source_area
USGS:413658083344200,USGS:413745083314900,Maumee River nr Walbridge Park nr Holland OH,Maumee River at Fassett St at Toledo OH,15634581,4234.71,spec_cond,water_temp+spec_cond,water_temp+spec_cond,157.0,0.9038,-15.1667,,,False,True,distinct,,shared_comid+records+source_area
USGS:413704083335100,USGS:413849083315000,Maumee River at Rossford Marina at Rossford OH,Maumee River at Boers-Boyer Way at Toledo OH,15634581,4287.18,spec_cond,water_temp+spec_cond,water_temp+spec_cond,149.0,0.4168,-9.3229,,,True,True,distinct,,shared_comid+records+source_area
USGS:01589180,USGS:01589197,"GWYNNS FALLS AT GLYNDON, MD","GWYNNS FALLS NEAR DELIGHT, MD",11688596,4304.23,discharge,discharge,discharge,4174.0,0.9432,-0.0824,0.82879616,10.955649240000001,True,True,distinct,,shared_comid+records+source_area
USGS:01362312,USGS:01362342,STONY CLOVE CREEK AT EDGEWOOD NY,HOLLOW TREE BROOK AT LANESVILLE NY,6189746,4306.63,turbidity_fnu,turbidity_fnu,discharge+gage_height+turbidity_fnu,2164.0,0.6355,-0.1089,5.853372879999999,5.0504766,True,True,weak_evidence,,shared_comid+records+source_area
USGS:01421614,USGS:01421618,TOWN BROOK TRIBUTARY SOUTHEAST OF HOBART NY,TOWN BROOK SOUTHEAST OF HOBART NY,2612794,4379.57,discharge,discharge,discharge,546.0,0.8542,-0.4914,1.96839088,37.036828400000005,True,True,distinct,,shared_comid+records+source_area
USGS:01362312,USGS:01362336,STONY CLOVE CREEK AT EDGEWOOD NY,STONY CLOVE CR AT JANSSEN RD AT LANESVILLE NY,6189746,4419.83,turbidity_fnu,turbidity_fnu,discharge+gage_height+turbidity_fnu,1523.0,0.5108,-2.4384,5.853372879999999,23.957389,True,True,weak_evidence,,shared_comid+records+source_area
USGS:05401063,USGS:05401067,"LAKE HURON NEAR PLAINFIELD, WI","PLAINFIELD LAKE NEAR PLAINFIELD, WI",14705032,4465.99,gage_height,gage_height,gage_height,1175.0,-0.0193,24.89,21.60049992,39.8858152,False,False,weak_evidence,,shared_comid+records+source_area
USGS:01465987,USGS:01465991,SB Mount Misery Brook near Woodmansie NJ,South Branch Mt Misery Bk in Byrne State Forest NJ,4492040,4466.76,water_temp,water_temp,water_temp,447.0,0.9757,0.4,,29.266864400000003,True,True,weak_evidence,,shared_comid+records+source_area
USGS:01362312,USGS:01362345,STONY CLOVE CREEK AT EDGEWOOD NY,HOLLOW TREE BROOK AT ST HWY 214 AT LANESVILLE NY,6189746,4491.47,turbidity_fnu,turbidity_fnu,turbidity_fnu,1520.0,0.1055,-11.8145,5.853372879999999,12.017544319999999,True,True,weak_evidence,,shared_comid+records+source_area
USGS:042085017,USGS:04208502,East Br Big Creek at Brookpark Rd nr Parma OH,Big Creek at Cleveland OH,15588372,4521.26,discharge,discharge,discharge,1230.0,0.9653,-0.2839,34.4468404,91.42657639999999,True,True,distinct,,shared_comid+records+source_area
USGS:01362342,USGS:01362350,HOLLOW TREE BROOK AT LANESVILLE NY,STONY CLOVE CREEK AT CHICHESTER NY,6189746,4544.21,turbidity_fnu,discharge+gage_height+turbidity_fnu,turbidity_fnu,1318.0,0.6872,-4.4984,5.0504766,45.32479,True,True,weak_evidence,,shared_comid+records+source_area
USGS:03352953,USGS:03353000,"WHITE RIVER AT MICHIGAN STREET AT INDIANAPOLIS, IN","WHITE RIVER AT INDIANAPOLIS, IN",18476879,4544.58,discharge,discharge,discharge+gage_height,6779.0,0.0802,-1.699,4200.960536,4234.63038,True,True,distinct,,shared_comid+records+source_area
USGS:07164480,USGS:07164500,"Arkansas Rv at SH 344 nr Tulsa, OK","Arkansas River at Tulsa, OK",369211,4548.48,gage_height,gage_height,discharge+gage_height+water_temp+diss_oxy,761.0,0.7645,1.7142,192819.42662399999,192850.50648,False,True,weak_evidence,,shared_comid+records+source_area
USGS:01362332,USGS:01362350,STONY CLOVE CREEK AT WRIGHT RD NEAR LANESVILLE NY,STONY CLOVE CREEK AT CHICHESTER NY,6189746,4561.04,turbidity_fnu,turbidity_fnu,turbidity_fnu,2046.0,0.6384,-2.4649,20.90120316,45.32479,True,True,weak_evidence,,shared_comid+records+source_area
USGS:0110588364,USGS:011058837,"QUASHNET R. 0.6 MI DS OF JOHNS POND NR MASHPEE, MA","QUASHNET RIVER AT WAQUOIT VILLAGE, MA",5878731,4591.35,discharge,discharge+gage_height,discharge,950.0,0.8573,-0.2679,7.71816424,6.68216904,True,True,distinct,,shared_comid+records+source_area
USGS:04092677,USGS:413628087201401,"GRAND CALUMET RIVER AT INDUSTRIAL HWY AT GARY, IN","GRAND CALUMET RIVER AT BROADWAY ST AT GARY, IN",3398182,4662.52,water_temp,discharge+gage_height+water_temp+diss_oxy,water_temp+diss_oxy,189.0,0.9722,-0.7833,,,True,True,weak_evidence,,shared_comid+records+source_area
USGS:01362322,USGS:01362349,MYRTLE BROOK AT STATE HWY 214 AT EDGEWOOD NY,STONY CLOVE CR ABOVE MOGGRE RD NEAR CHICHESTER NY,6189746,4701.79,turbidity_fnu,discharge+gage_height+turbidity_fnu,turbidity_fnu,2760.0,0.7816,-1.7391,4.68787828,42.475803199999994,True,True,weak_evidence,,shared_comid+records+source_area
USGS:03293000,USGS:03293500,"M FK BEARGRASS AT OLD CANNONS LN AT LOUISVILLE, KY","M FK BEARGRASS CR AT LEXINGTON RD AT LOUISVILLE,KY",10163884,4734.43,discharge,discharge+gage_height+water_temp+spec_cond+diss_oxy+ph,discharge+gage_height+water_temp+spec_cond+turbidity_fnu+diss_oxy+ph,6581.0,0.9294,-0.0578,48.95077319999999,64.2317024,True,True,distinct,,shared_comid+records+source_area
USGS:04092677,USGS:413611087201101,"GRAND CALUMET RIVER AT INDUSTRIAL HWY AT GARY, IN","CITY HALL WEST FLUME AT GARY, IN",3398182,4764.39,discharge,discharge+gage_height+water_temp+diss_oxy,discharge+gage_height+spec_cond,282.0,-0.108,14.4653,,,True,True,distinct,,shared_comid+records+source_area
USGS:04092677,USGS:413611087201001,"GRAND CALUMET RIVER AT INDUSTRIAL HWY AT GARY, IN","CITY HALL NORTH FLUME AT GARY, IN",3398182,4787.23,discharge,discharge+gage_height+water_temp+diss_oxy,discharge+gage_height+spec_cond,205.0,-0.0015,14.5147,,,True,True,distinct,,shared_comid+records+source_area
USGS:04092677,USGS:413611087201002,"GRAND CALUMET RIVER AT INDUSTRIAL HWY AT GARY, IN","CITY HALL SOUTH FLUME AT GARY, IN",3398182,4787.23,discharge,discharge+gage_height+water_temp+diss_oxy,discharge+gage_height+spec_cond,247.0,-0.1195,14.4802,,,True,True,distinct,,shared_comid+records+source_area
USGS:05054000,USGS:465414096462600,"RED RIVER OF THE NORTH AT FARGO, ND","RED RIVER FLOOD GAGE 5 AT FARGO, ND",6667867,4790.42,gage_height,discharge+gage_height+water_temp+spec_cond+turbidity_fnu+diss_oxy+ph,gage_height,169.0,0.9903,-261.787,17611.9184,,True,True,weak_evidence,,shared_comid+records+source_area
USGS:04092677,USGS:413612087200901,"GRAND CALUMET RIVER AT INDUSTRIAL HWY AT GARY, IN","CITY HALL NORTHEAST FLUME AT GARY, IN",3398182,4806.73,discharge,discharge+gage_height+water_temp+diss_oxy,discharge+gage_height+spec_cond,284.0,-0.0215,14.5061,,,True,True,distinct,,shared_comid+records+source_area
USGS:04092677,USGS:413611087200901,"GRAND CALUMET RIVER AT INDUSTRIAL HWY AT GARY, IN","CITY HALL SOUTHEAST FLUME AT GARY, IN",3398182,4810.07,discharge,discharge+gage_height+water_temp+diss_oxy,discharge+gage_height+spec_cond,230.0,-0.0701,14.4982,,,True,True,distinct,,shared_comid+records+source_area
USGS:01362330,USGS:01362350,STONY CLOVE CREEK NEAR LANESVILLE NY,STONY CLOVE CREEK AT CHICHESTER NY,6189746,4932.77,turbidity_fnu,turbidity_fnu,turbidity_fnu,2136.0,0.7858,-3.9101,19.42491,45.32479,True,True,weak_evidence,,shared_comid+records+source_area
USGS:01362342,USGS:01362352,HOLLOW TREE BROOK AT LANESVILLE NY,STONY CLOVE CR ABV WARNER CR AT CHICHESTER NY,6189746,5100.9,turbidity_fnu,discharge+gage_height+turbidity_fnu,turbidity_fnu,1024.0,0.6134,-3.6697,5.0504766,45.32479,True,True,weak_evidence,,shared_comid+records+source_area
USGS:01362332,USGS:01362352,STONY CLOVE CREEK AT WRIGHT RD NEAR LANESVILLE NY,STONY CLOVE CR ABV WARNER CR AT CHICHESTER NY,6189746,5194.9,turbidity_fnu,turbidity_fnu,turbidity_fnu,1381.0,0.9156,-2.4427,20.90120316,45.32479,True,True,weak_evidence,,shared_comid+records+source_area
USGS:05059465,USGS:05059500,"SHEYENNE RIVER DIV ON SHEYENNE ST AT W FARGO, ND","SHEYENNE RIVER AT WEST FARGO, ND",14828149,5220.82,discharge,discharge+gage_height,discharge+gage_height,183.0,0.9161,-12.4877,,13105.33928,True,True,distinct,,shared_comid+records+source_area
USGS:413658083344200,USGS:413849083315000,Maumee River nr Walbridge Park nr Holland OH,Maumee River at Boers-Boyer Way at Toledo OH,15634581,5245.77,spec_cond,water_temp+spec_cond,water_temp+spec_cond,137.0,0.4549,-24.125,,,False,True,distinct,,shared_comid+records+source_area
USGS:01362312,USGS:01362347,STONY CLOVE CREEK AT EDGEWOOD NY,STONY CLOVE CREEK AT LANESVILLE NY,6189746,5319.08,turbidity_fnu,turbidity_fnu,turbidity_fnu,2262.0,0.6207,-3.1576,5.853372879999999,39.8858152,True,True,weak_evidence,,shared_comid+records+source_area
USGS:03288180,USGS:03288200,"CANE RUN CREEK AT CITATION BLVD NR LEXINGTON, KY","CANE RUN AT BEREA ROAD NEAR DONERAIL, KY",1825494,5445.35,discharge,discharge+gage_height+water_temp+spec_cond+diss_oxy+ph,discharge,0.0,,,14.34853352,51.5407612,True,True,sequential,2012-06-16..2026-02-21,shared_comid+records+source_area
USGS:01362354,USGS:0136235575,WARNER CR BLW SILVER HOLLOW NOTCH NR EDGEWOOD NY,WARNER CREEK NR CARL MOUNTAIN NR CHICHESTER NY,6189748,5457.72,turbidity_fnu,turbidity_fnu,turbidity_fnu,430.0,0.6672,-0.1685,6.03467204,18.28531528,True,True,weak_evidence,,shared_comid+records+source_area
USGS:04087120,USGS:04087142,"MENOMONEE RIVER AT WAUWATOSA, WI","MENOMONEE RIVER AT 16TH STREET AT MILWAUKEE, WI",12162512,5468.01,discharge,discharge+gage_height,discharge+gage_height+water_temp+turbidity_fnu+turbidity_ntu,4331.0,0.9006,-7.7579,318.56852399999997,378.138248,True,True,distinct,,shared_comid+records+source_area
USGS:04167000,USGS:04167150,"MIDDLE RIVER ROUGE NEAR GARDEN CITY, MI","MIDDLE RIVER ROUGE AT DEARBORN HEIGHTS, MI",10850156,5559.22,discharge,discharge,discharge+water_temp+spec_cond+turbidity_fnu+diss_oxy+ph,803.0,0.6833,-0.1316,258.7398012,284.89868,True,True,distinct,,shared_comid+records+source_area
USGS:01362330,USGS:01362352,STONY CLOVE CREEK NEAR LANESVILLE NY,STONY CLOVE CR ABV WARNER CR AT CHICHESTER NY,6189746,5568.67,turbidity_fnu,turbidity_fnu,turbidity_fnu,772.0,0.8708,-3.6497,19.42491,45.32479,True,True,weak_evidence,,shared_comid+records+source_area
USGS:01362322,USGS:01362350,MYRTLE BROOK AT STATE HWY 214 AT EDGEWOOD NY,STONY CLOVE CREEK AT CHICHESTER NY,6189746,5736.38,turbidity_fnu,discharge+gage_height+turbidity_fnu,turbidity_fnu,1511.0,0.6463,-4.0582,4.68787828,45.32479,True,True,weak_evidence,,shared_comid+records+source_area
USGS:04087000,USGS:040870115,"MILWAUKEE RIVER AT MILWAUKEE, WI","MILWAUKEE RIVER D/S E CHERRY ST AT MILWAUKEE, WI",12162648,5851.25,gage_height,discharge+gage_height+water_temp,gage_height+water_temp+turbidity_ntu,725.0,-0.1126,-0.9612,1781.911744,1802.631648,True,True,weak_evidence,,shared_comid+records+source_area
USGS:05451070,USGS:05451080,"South Fork Iowa River Headwaters nr Blairsburg, IA","South Fork Iowa River near Blairsburg, IA",6570914,5899.57,discharge,discharge,discharge+gage_height+water_temp+spec_cond+diss_oxy+ph,203.0,0.5702,-0.333,6.9929676,31.079856,True,True,distinct,,shared_comid+records+source_area
USGS:01362354,USGS:0136235580,WARNER CR BLW SILVER HOLLOW NOTCH NR EDGEWOOD NY,WARNER CREEK IN SILVER HOLLOW NEAR CHICHESTER NY,6189748,5902.51,turbidity_fnu,turbidity_fnu,turbidity_fnu,383.0,0.5845,-6.0552,6.03467204,18.80331288,True,True,weak_evidence,,shared_comid+records+source_area
USGS:03353460,USGS:03353500,"EAGLE CREEK AT CLERMONT, IN","EAGLE CREEK AT INDIANAPOLIS, IN",18476791,6218.38,discharge,discharge,discharge,6799.0,0.9883,-0.1444,424.758032,450.657912,True,True,distinct,,shared_comid+records+source_area
USGS:01362354,USGS:0136235585,WARNER CR BLW SILVER HOLLOW NOTCH NR EDGEWOOD NY,WARNER CREEK IN SILVER HOLLOW NEAR PHOENICIA NY,6189748,6300.88,turbidity_fnu,turbidity_fnu,turbidity_fnu,0.0,,,6.03467204,19.1659112,True,True,sequential,2018-11-15..2018-12-19,shared_comid+records+source_area
USGS:05059460,USGS:05059500,"SHEYENNE RIVER ON 32ND AVE E AT WEST FARGO, ND","SHEYENNE RIVER AT WEST FARGO, ND",14828149,6349.04,discharge,discharge+gage_height,discharge+gage_height,183.0,0.9182,-6.5129,,13105.33928,True,True,distinct,,shared_comid+records+source_area
USGS:01362322,USGS:01362352,MYRTLE BROOK AT STATE HWY 214 AT EDGEWOOD NY,STONY CLOVE CR ABV WARNER CR AT CHICHESTER NY,6189746,6372.42,turbidity_fnu,discharge+gage_height+turbidity_fnu,turbidity_fnu,1652.0,0.8902,-2.2479,4.68787828,45.32479,True,True,weak_evidence,,shared_comid+records+source_area
USGS:03352988,USGS:03353120,"POGUES RUN AT VERMONT STREET AT INDIANAPOLIS, IN","PLEASANT RUN AT ARLINGTON AV AT INDIANAPOLIS, IN",18476797,6426.75,discharge,discharge,discharge,6801.0,0.8551,-0.0062,25.22648312,19.63210904,False,True,distinct,,shared_comid+records+source_area
USGS:01362312,USGS:01362349,STONY CLOVE CREEK AT EDGEWOOD NY,STONY CLOVE CR ABOVE MOGGRE RD NEAR CHICHESTER NY,6189746,6470.48,turbidity_fnu,turbidity_fnu,turbidity_fnu,1975.0,0.4877,-3.081,5.853372879999999,42.475803199999994,True,True,weak_evidence,,shared_comid+records+source_area
USGS:03353451,USGS:03353500,"EAGLE CREEK BELOW RESERVOIR AT INDIANAPOLIS, IN","EAGLE CREEK AT INDIANAPOLIS, IN",18476791,6722.5,discharge,discharge,discharge,3186.0,0.2737,-0.1699,419.578056,450.657912,True,True,distinct,,shared_comid+records+source_area
USGS:07374525,USGS:295124089542100,"Mississippi River at Belle Chasse, LA","Caernarvon Outfall Channel at Caernarvon, LA",22798749,6785.07,discharge,discharge+gage_height+turbidity_fnu,discharge+gage_height+water_temp+spec_cond,260.0,0.553,10935.2468,2926686.44,,True,False,distinct,,shared_comid+records+source_area
USGS:073745245,USGS:07374525,"Caernarvon Canal Sector Gate at Caernarvon, La","Mississippi River at Belle Chasse, LA",22798749,6848.25,gage_height,gage_height,discharge+gage_height+turbidity_fnu,958.0,0.2648,-2.3961,,2926686.44,False,True,weak_evidence,,shared_comid+records+source_area
USGS:01362354,USGS:01362356,WARNER CR BLW SILVER HOLLOW NOTCH NR EDGEWOOD NY,WARNER CREEK AT SILVER HOLLOW RD NR CHICHESTER NY,6189748,6919.57,turbidity_fnu,turbidity_fnu,turbidity_fnu,430.0,0.6669,-5.738,6.03467204,22.2738968,True,True,weak_evidence,,shared_comid+records+source_area
USGS:03353633,USGS:03353637,"DERBYSHIRE CK ABOVE MCFARLAND RD AT SOUTHPORT, IN","LITTLE BUCK CREEK NEAR INDIANAPOLIS, IN",18476509,6919.76,,water_temp,discharge,,,,0.67339688,44.029796,True,True,distinct,,shared_comid+records+source_area
USGS:01362354,USGS:01362357,WARNER CR BLW SILVER HOLLOW NOTCH NR EDGEWOOD NY,WARNER CREEK NEAR CHICHESTER NY,6189748,6999.05,turbidity_fnu,turbidity_fnu,discharge+gage_height+turbidity_fnu,0.0,,,6.03467204,22.55879548,True,True,sequential,2018-11-15..2020-08-15,shared_comid+records+source_area
USGS:06800500,USGS:411351096164101,"Elkhorn River at Waterloo, Nebr.","Elkhorn River at Center St Bridge near Venice, NE",24750511,7013.51,water_temp,nitrate+discharge+gage_height+water_temp+spec_cond+turbidity_fnu+diss_oxy,water_temp,47.0,0.9931,-0.4,17870.9172,,True,True,weak_evidence,,shared_comid+records+source_area
USGS:02011460,USGS:02011470,"BACK CREEK NEAR SUNRISE, VA","BACK CREEK AT SUNRISE, VA",8520739,7207.47,discharge,discharge,discharge+water_temp,6801.0,0.9368,-0.2549,157.73026919999998,195.80309279999997,True,True,distinct,,shared_comid+records+source_area
USGS:01362354,USGS:01362358,WARNER CR BLW SILVER HOLLOW NOTCH NR EDGEWOOD NY,WARNER CREEK AT CHICHESTER NY,6189748,7285.82,turbidity_fnu,turbidity_fnu,turbidity_fnu,0.0,,,6.03467204,23.309891999999998,True,True,sequential,2018-11-15..2024-06-20,shared_comid+records+source_area
USGS:01362312,USGS:01362350,STONY CLOVE CREEK AT EDGEWOOD NY,STONY CLOVE CREEK AT CHICHESTER NY,6189746,7500.62,turbidity_fnu,turbidity_fnu,turbidity_fnu,1333.0,0.705,-5.1093,5.853372879999999,45.32479,True,True,weak_evidence,,shared_comid+records+source_area
USGS:01362192,USGS:0136219503,PANTHER MTN TRIB TO ESOPUS CR NR OLIVEREA NY,ESOPUS CREEK BELOW LOST CLOVE RD AT BIG INDIAN NY,6189668,7562.37,discharge,discharge,discharge+gage_height+water_temp+turbidity_fnu,0.0,,,3.98858152,76.6636448,True,True,sequential,2009-06-28..2016-10-12,shared_comid+records+source_area
USGS:07287150,USGS:07287160,"ABIACA CREEK NR SEVEN PINES, MS","ABIACA CREEK AT CRUGER, MS",17995532,7939.07,discharge,discharge+gage_height,discharge+gage_height,1368.0,0.9162,-0.0127,246.5668576,247.8618516,True,True,distinct,,shared_comid+records+source_area
USGS:01362312,USGS:01362352,STONY CLOVE CREEK AT EDGEWOOD NY,STONY CLOVE CR ABV WARNER CR AT CHICHESTER NY,6189746,8136.74,turbidity_fnu,turbidity_fnu,turbidity_fnu,988.0,0.7542,-2.9089,5.853372879999999,45.32479,True,True,weak_evidence,,shared_comid+records+source_area
USGS:01362465,USGS:01362487,BEAVER KILL TRIBUTARY ABOVE LAKE HILL NY,BEAVER KILL AT MOUNT TREMPER NY,6189750,8711.41,discharge,discharge,discharge+gage_height+turbidity_fnu,0.0,,,2.64178776,64.7497,True,True,sequential,2010-09-28..2010-09-30,shared_comid+records+source_area
USGS:04165710,USGS:422204083023901,"DETROIT RIVER AT FORT WAYNE AT DETROIT, MI",COMBINED SEWER ACCESS SITE B AT RECOVERY PARK,10850310,8752.51,,discharge+gage_height,water_temp+spec_cond,,,,592589.2544,,True,False,distinct,,shared_comid+records+source_area
USGS:04165710,USGS:422207083023601,"DETROIT RIVER AT FORT WAYNE AT DETROIT, MI",COMBINED SEWER ACCESS SITE E AT RECOVERY PARK,10850310,8859.95,,discharge+gage_height,water_temp+spec_cond,,,,592589.2544,,True,False,distinct,,shared_comid+records+source_area
USGS:05535000,USGS:05535070,"SKOKIE RIVER AT LAKE FOREST, IL","SKOKIE RIVER NEAR HIGHLAND PARK, IL",13463117,9014.04,discharge,discharge+gage_height,discharge+gage_height,6798.0,0.9476,-0.1314,33.669844,54.648746800000005,True,True,distinct,,shared_comid+records+source_area
USGS:05551675,USGS:05551700,"BLACKBERRY CREEK NEAR MONTGOMERY, IL","BLACKBERRY CREEK NEAR YORKVILLE, IL",14762875,9089.93,discharge,discharge+gage_height,discharge+gage_height,6803.0,0.9476,-0.1897,142.44934,181.8171576,True,True,distinct,,shared_comid+records+source_area
USGS:05401034,USGS:05401067,"S.BR.TENMILE CREEK NEAR BANCROFT, WI","PLAINFIELD LAKE NEAR PLAINFIELD, WI",14705032,9596.48,,discharge,gage_height,,,,66.04469399999999,39.8858152,True,False,distinct,,shared_comid+records+source_area
USGS:05401034,USGS:05401065,"S.BR.TENMILE CREEK NEAR BANCROFT, WI","LONG LAKE NEAR PLAINFIELD, WI",14705032,10018.51,,discharge,gage_height,,,,66.04469399999999,37.8138248,True,False,distinct,,shared_comid+records+source_area
USGS:06470475,USGS:06470500,"JAMES RIVER AT CNTY RD 34 NR GRAND RAPIDS, ND","JAMES RIVER AT LAMOURE, ND",11468954,10582.29,gage_height,gage_height,discharge+gage_height+water_temp,334.0,0.9618,-0.0898,,10282.25236,True,True,weak_evidence,,shared_comid+records+source_area
USGS:01349711,USGS:01349810,WEST KILL BELOW HUNTER BROOK NEAR SPRUCETON NY,WEST KILL NEAR WEST KILL NY,3247574,10766.21,discharge,discharge,discharge,6800.0,0.9526,-0.8495,12.87224036,69.929676,True,True,distinct,,shared_comid+records+source_area
USGS:06471500,USGS:06471510,"ELM RIVER AT WESTPORT, SD","ELM RIVER NEAR ORDWAY, SD",11446173,12324.3,gage_height,discharge+gage_height,gage_height,1010.0,0.9515,0.1554,3897.93194,3936.78176,True,True,weak_evidence,,shared_comid+records+source_area
USGS:05401034,USGS:05401063,"S.BR.TENMILE CREEK NEAR BANCROFT, WI","LAKE HURON NEAR PLAINFIELD, WI",14705032,13468.85,,discharge,gage_height,,,,66.04469399999999,21.60049992,True,False,distinct,,shared_comid+records+source_area
USGS:073745257,USGS:07380238,Crooked B. NW of L. Cuatro Caballo near Delacroix,"Naomi Diversion Canal near Naomi, LA",22798751,25703.66,gage_height,gage_height+water_temp+spec_cond,discharge+gage_height,852.0,0.3303,1.0752,,,False,False,weak_evidence,,shared_comid+records+source_area
