,time_series_id,geometry,unit_of_measure,parameter_name,parameter_code,statistic_id,hydrologic_unit_code,state_name,last_modified,begin,end,begin_utc,end_utc,computation_period_identifier,computation_identifier,thresholds,sublocation_identifier,primary,monitoring_location_id,web_description,parameter_description,parent_time_series_id,data_gap_interval
2,00d465c2ea24468b9d740473b5a31774,POINT (-91.2617990802579 42.7399884281497),tons/day,Suspnd sedmnt disch,80155,00003,070600040902,Iowa,2017-05-17 16:04:51.431615,1957-10-01 00:00:00.000001,1962-09-29 00:00:00.000001,1957-10-01 05:00:00+00:00,1962-09-29 05:00:00+00:00,Daily,Mean,[],sediment station,Primary,USGS-05412500,,"Suspended sediment discharge, short tons per day",,
3,0193e7d310c24f60a0daba66d0f110f5,POINT (-94.1413055555556 42.4108888888889),ft,Gage height,00065,,071000040603,Iowa,2019-06-19 19:12:16.992317,2013-05-27 00:00:00.000001,2014-06-30 00:00:00.000001,2013-05-27 05:00:00+00:00,2014-06-30 05:00:00+00:00,Water Year,Max At Event Time,[],,Primary,USGS-05480603,,"Gage height, feet",,
4,01dcf9a3a5284446bb173ef0ee4ef051,POINT (-90.7293333333333 42.1643333333333),mg/l,"NO3+NO2,water,insitu as N",99133,00003,070600060803,Iowa,2024-06-05 14:44:52.084109,2012-05-25 00:00:00.000001,2014-11-11 00:00:00.000001,2012-05-25 05:00:00+00:00,2014-11-11 06:00:00+00:00,Daily,Mean,[],,Primary,USGS-05418400,,"Nitrate plus nitrite, water, in situ, milligrams per liter as nitrogen",ce57b28c69504d128c979cf87ba8252a,
5,0227ad387d9a475e96273c48f68f8165,POINT (-95.5814444444444 40.8732777777778),mg/l,"Phosphorus, wu as P",00665,00011,102400020805,Iowa,2026-07-13 07:04:04.821485,2016-03-02 06:00:00.000001,2026-07-13 07:00:00.000001,2016-03-02 12:00:00+00:00,2026-07-13 12:00:00+00:00,Points,Instantaneous,[],,Primary,USGS-06808500,,"Phosphorus, water, unfiltered, milligrams per liter as phosphorus",472544bad1c04989aadaedc71be19dce,PT1H12M
6,02ca344dda494a23b8aeb7e09365c30f,POINT (-90.3350833333333 42.1638611111111),mg/l,"Phosphorus, wu as P",00665,00003,070600061007,Iowa,2019-09-25 15:00:44.698085,,,,,Daily,Mean,[],,Primary,USGS-05418720,,"Phosphorus, water, unfiltered, milligrams per liter as phosphorus",1aa109392e294f9cba8b493930c43278,
7,02eda68a3e284388940203b6ff30ba75,POINT (-91.6157222222222 41.6064055555556),tons/day,"NO3+NO2, w, total as N",83554,00003,070802090207,Iowa,2019-10-31 17:33:23.159797,2012-05-18 00:00:00.000001,2015-10-29 00:00:00.000001,2012-05-18 05:00:00+00:00,2015-10-29 05:00:00+00:00,Daily,Mean,[],,Primary,USGS-05455100,,"Nitrate plus nitrite, water, total, short tons per day as nitrogen",,P1D
8,03f4feacd7864b8485068f7e93f5a381,POINT (-93.1521944444444 42.3153055555556),ft^3/s,Discharge,00060,,070802070604,Iowa,2026-05-14 17:51:48.193012,1996-06-17 00:00:00.000001,2025-06-28 00:00:00.000001,1996-06-17 05:00:00+00:00,2025-06-28 05:00:00+00:00,Water Year,Max At Event Time,[],,Primary,USGS-05451210,,"Discharge, cubic feet per second",d9cdecb0c5a6473180e38a948b1e57e6,
9,0408c08ce3714abf827edfc53ba7ba47,POINT (-90.7293333333333 42.1643333333333),ft^3/s,Discharge,00060,00011,070600060803,Iowa,2026-07-13 07:19:13.429324,1998-04-30 05:00:00.000001,2026-07-13 07:00:00.000001,1998-04-30 10:00:00+00:00,2026-07-13 12:00:00+00:00,Points,Instantaneous,"[{'Name': 'Peak discharge, 25,000 cfs, July 24, 2010', 'Type': 'None', 'Periods': [{'EndTime': '9999-12-31T23:59:59.9999999+00:00', 'StartTime': '0001-01-01T00:00:00.0000000+00:00', 'AppliedTime': '0001-01-01T00:00:00Z', 'SuppressData': False, 'ReferenceValue': 25000}], 'Severity': 0, 'Description': 'Display reference value', 'DisplayColor': '#00CCFF', 'ReferenceCode': 'NWISWeb ref level - Public', 'ProcessingOrder': 'Suppression'}, {'Name': 'Peak measured discharge, 19,400 cfs, June 4, 2002', 'Type': 'None', 'Periods': [{'EndTime': '9999-12-31T23:59:59.9999999+00:00', 'StartTime': '0001-01-01T00:00:00.0000000+00:00', 'AppliedTime': '2020-03-03T22:08:54.0587182Z', 'SuppressData': False, 'ReferenceValue': 19400}], 'Severity': 0, 'Description': 'Display reference value', 'DisplayColor': '#990600', 'ReferenceCode': 'NWISWeb ref level - Public', 'ProcessingOrder': 'Suppression'}]",,Primary,USGS-05418400,,"Discharge, cubic feet per second",4567c424058144108baee610c79fff8d,PT1H12M
10,045623a84b5c42f3a6ba60df97a7347f,POINT (-95.23916666666666 43.21277777777778),ft^3/s,Discharge,00060,00011,102300030802,Iowa,2018-03-07 16:59:51.951035,2010-03-16 05:00:00.000001,2017-10-02 15:15:00.000001,2010-03-16 10:00:00+00:00,2017-10-02 20:15:00+00:00,Points,Instantaneous,"[{'Name': 'Peak discharge, 6,020 cfs, July 15, 2011', 'Type': 'None', 'Periods': [{'EndTime': '9999-12-31T23:59:59.9999999+00:00', 'StartTime': '2017-03-06T00:00:00.0000000-06:00', 'AppliedTime': '2017-04-30T13:52:38.873526Z', 'SuppressData': False, 'ReferenceValue': 6020}], 'Severity': 0, 'Description': 'Display reference value', 'DisplayColor': '#00CCFF', 'ReferenceCode': 'NWISWeb ref level - Public', 'ProcessingOrder': 'Suppression'}]",,Primary,USGS-06604440,,"Discharge, cubic feet per second",3d66f00a66114cf9b4b5fafdaa5f7f28,PT1H12M
11,04fd4a0c829c434ba4a7efbc5f0b7bcf,POINT (-93.1521944444444 42.3153055555556),mg/l,Dissolved oxygen,00300,00011,070802070604,Iowa,2017-04-30 12:39:45.568239,2007-10-01 06:00:00.000001,2011-11-29 05:45:00.000001,2007-10-01 11:00:00+00:00,2011-11-29 11:45:00+00:00,Points,Instantaneous,"[{'Name': 'Minimum water quality criteria', 'Type': 'None', 'Periods': [{'EndTime': '9999-12-31T23:59:59.9999999+00:00', 'StartTime': '2012-10-01T00:00:00.0000000-06:00', 'AppliedTime': '2017-04-30T12:33:54.2257718Z', 'SuppressData': False, 'ReferenceValue': 5}], 'Severity': 0, 'Description': 'Display reference value', 'DisplayColor': '#00CCFF', 'ReferenceCode': 'NWISWeb ref level - Public', 'ProcessingOrder': 'Suppression'}, {'Name': 'VERY LOW', 'Type': 'ThresholdBelow', 'Periods': [{'EndTime': '9999-12-31T23:59:59.9999999+00:00', 'StartTime': '2012-10-01T00:00:00.0000000-06:00', 'AppliedTime': '2017-04-30T12:33:53.7758502Z', 'SuppressData': True, 'ReferenceValue': -1}], 'Severity': 0, 'Description': 'Unspecified threshold value', 'DisplayColor': '#800000', 'ReferenceCode': 'AQUARIUS only', 'ProcessingOrder': 'Suppression'}, {'Name': 'VERY HIGH', 'Type': 'ThresholdAbove', 'Periods': [{'EndTime': '9999-12-31T23:59:59.9999999+00:00', 'StartTime': '2012-10-01T00:00:00.0000000-06:00', 'AppliedTime': '2017-04-30T12:33:53.2807421Z', 'SuppressData': True, 'ReferenceValue': 25}], 'Severity': 0, 'Description': 'Unspecified threshold value', 'DisplayColor': '#FF0000', 'ReferenceCode': 'AQUARIUS only', 'ProcessingOrder': 'Suppression'}]",,Primary,USGS-05451210,,"Dissolved oxygen, water, unfiltered, milligrams per liter",,PT1H12M
12,0507c255551344f884703db5fe73181f,POINT (-91.7851805555556 42.0691638888889),ft^3/s,Discharge,00060,00003,070802051507,Iowa,2026-07-13 06:23:20.394462,2009-03-25 00:00:00.000001,2026-07-11 00:00:00.000001,2009-03-25 05:00:00+00:00,2026-07-11 05:00:00+00:00,Daily,Mean,[],,Primary,USGS-05464420,,"Discharge, cubic feet per second",88734aaf6c8a4662a668df5bc0cf0dbf,
13,05dfdb9e56fc4b34ad3b3717ae010026,POINT (-93.6197222222222 41.6119444444444),mg/l,Suspnd sedmnt conc,80154,00003,071000041003,Iowa,2017-04-30 13:26:19.844743,1954-11-03 00:00:00.000001,1961-09-30 00:00:00.000001,1954-11-03 06:00:00+00:00,1961-09-30 05:00:00+00:00,Daily,Mean,[],sediment station,Primary,USGS-05482000,,"Suspended sediment concentration, milligrams per liter",,
15,071ccd3397d542f7b081e39037cdc7e9,POINT (-94.3710555555555 41.6874166666667),ft^3/s,Discharge,00060,00011,071000070603,Iowa,2026-07-13 07:22:25.584636,1986-10-03 05:00:00.000001,2026-07-13 07:15:00.000001,1986-10-03 10:00:00+00:00,2026-07-13 12:15:00+00:00,Points,Instantaneous,"[{'Name': 'Peak discharge, 22,400 cfs, July 9, 1993', 'Type': 'None', 'Periods': [{'EndTime': '9999-12-31T23:59:59.9999999+00:00', 'StartTime': '2017-03-20T00:00:00.0000000-06:00', 'AppliedTime': '2017-04-30T13:33:59.4337506Z', 'SuppressData': False, 'ReferenceValue': 22400}], 'Severity': 0, 'Description': 'Display reference value', 'DisplayColor': '#00CCFF', 'ReferenceCode': 'NWISWeb ref level - Public', 'ProcessingOrder': 'Suppression'}, {'Name': 'Highest QM, 21,600 cfs., July 9, 1993', 'Type': 'None', 'Periods': [{'EndTime': '9999-12-31T23:59:59.9999999+00:00', 'StartTime': '0001-01-01T00:00:00.0000000+00:00', 'AppliedTime': '2019-09-24T14:05:20.9605766Z', 'SuppressData': False, 'ReferenceValue': 21600}], 'Severity': 0, 'Description': 'NWISWeb reference line displayed to USGS level users', 'DisplayColor': '#990600', 'ReferenceCode': 'NWISWeb ref level - USGS', 'ProcessingOrder': 'Suppression'}]",,Primary,USGS-05483600,,"Discharge, cubic feet per second",bc2a5860c7324473a34880019cfd7ff3,PT1H12M
16,072ece4c6f2a4d9187b6f51f181c1860,POINT (-91.6671239375737 41.9719454904984),ft^3/s,Discharge,00060,00011,070802051507,Iowa,2026-07-13 07:07:15.735708,1992-10-01 05:15:00.000001,2026-07-13 07:00:00.000001,1992-10-01 10:15:00+00:00,2026-07-13 12:00:00+00:00,Points,Instantaneous,"[{'Name': 'Peak discharge, 140,000 cfs, June 13, 2008', 'Type': 'None', 'Periods': [{'EndTime': '9999-12-31T23:59:59.9999999+00:00', 'StartTime': '0001-01-01T00:00:00.0000000+00:00', 'AppliedTime': '0001-01-01T00:00:00Z', 'SuppressData': False, 'ReferenceValue': 140000}], 'Severity': 0, 'Description': 'Display reference value', 'DisplayColor': '#00CCFF', 'ReferenceCode': 'NWISWeb ref level - Public', 'ProcessingOrder': 'Suppression'}, {'Name': 'Peak measured discharge, 140,000 cfs, June 13, 2008', 'Type': 'None', 'Periods': [{'EndTime': '9999-12-31T23:59:59.9999999+00:00', 'StartTime': '0001-01-01T00:00:00.0000000+00:00', 'AppliedTime': '2020-03-02T18:35:13.481017Z', 'SuppressData': False, 'ReferenceValue': 140000}], 'Severity': 0, 'Description': 'Display reference value', 'DisplayColor': '#990600', 'ReferenceCode': 'NWISWeb ref level - Public', 'ProcessingOrder': 'Suppression'}]",,Primary,USGS-05464500,,"Discharge, cubic feet per second",dce20396189a49b5aa1c3b0cc6e76899,PT1H12M
17,07496d85db6947d1ab2a71f0a06ecc42,POINT (-95.23916666666666 43.21277777777778),mg/l,"NO3+NO2,water,insitu as N",99133,00003,102300030802,Iowa,2017-04-30 13:53:07.641406,2012-06-01 00:00:00.000001,2015-09-30 00:00:00.000001,2012-06-01 05:00:00+00:00,2015-09-30 05:00:00+00:00,Daily,Mean,[],,Primary,USGS-06604440,,"Nitrate plus nitrite, water, in situ, milligrams per liter as nitrogen",7ba6be2061a14cd9b89d76c632eff249,
19,07780c99413c428791bfa7e2bcfff3cb,POINT (-90.3350833333333 42.1638611111111),ft,Gage height,00065,,070600061007,Iowa,2020-02-20 23:03:05.645025,2014-07-02 00:00:00.000001,2019-03-15 00:00:00.000001,2014-07-02 05:00:00+00:00,2019-03-15 05:00:00+00:00,Water Year,Max At Event Time,[],,Primary,USGS-05418720,,"Gage height, feet",2d0ae756c933471dbf9dc5f45fb35e0e,
20,082261c3b6804d21bdd76bb15179c83e,POINT (-91.7851805555556 42.0691638888889),tons/day,"NO3+NO2, w, total as N",83554,00003,070802051507,Iowa,2026-07-13 06:23:41.573554,2012-10-14 00:00:00.000001,2026-07-12 00:00:00.000001,2012-10-14 05:00:00+00:00,2026-07-12 05:00:00+00:00,Daily,Mean,[],,Primary,USGS-05464420,,"Nitrate plus nitrite, water, total, short tons per day as nitrogen",,P1D
21,0844693674724299934613e15778dabd,POINT (-93.9497777777778 41.5340277777778),ft^3/s,Discharge,00060,,071000061702,Iowa,2026-04-21 14:36:10.519611,1915-05-29 00:00:00.000001,2025-07-30 00:00:00.000001,1915-05-29 06:00:00+00:00,2025-07-30 05:00:00+00:00,Water Year,Max At Event Time,[],,Primary,USGS-05484500,,"Discharge, cubic feet per second",d0b757ceb8b342eb9e724ebe0c288f11,
24,09218c46ce5244d3873906a80e005685,POINT (-93.6197222222222 41.6119444444444),tons/day,"NO3+NO2, w, total as N",83554,00003,071000041003,Iowa,2026-07-13 06:30:53.670143,2023-07-13 00:00:00.000001,2026-07-12 00:00:00.000001,2023-07-13 05:00:00+00:00,2026-07-12 05:00:00+00:00,Daily,Mean,[],,Primary,USGS-05482000,,"Nitrate plus nitrite, water, total, short tons per day as nitrogen",,P1D
25,0946f73e8702449c94e5388bc3a216e0,POINT (-91.7851805555556 42.0691638888889),degC,"Temperature, water",00010,00011,070802051507,Iowa,2026-04-03 16:33:23.426059,2012-10-13 05:00:00.000001,2018-09-17 18:15:00.000001,2012-10-13 10:00:00+00:00,2018-09-17 23:15:00+00:00,Points,Instantaneous,"[{'Name': 'VERY HIGH', 'Type': 'ThresholdAbove', 'Periods': [{'EndTime': '9999-12-31T23:59:59.9999999+00:00', 'StartTime': '2016-12-08T00:00:00.0000000-06:00', 'AppliedTime': '2017-04-30T12:54:47.8730396Z', 'SuppressData': True, 'ReferenceValue': 40}], 'Severity': 0, 'Description': 'Unspecified threshold value', 'DisplayColor': '#FF0000', 'ReferenceCode': 'AQUARIUS only', 'ProcessingOrder': 'Suppression'}, {'Name': 'VERY LOW', 'Type': 'ThresholdBelow', 'Periods': [{'EndTime': '9999-12-31T23:59:59.9999999+00:00', 'StartTime': '2016-12-08T00:00:00.0000000-06:00', 'AppliedTime': '2017-04-30T12:54:48.3629757Z', 'SuppressData': True, 'ReferenceValue': -4}], 'Severity': 0, 'Description': 'Unspecified threshold value', 'DisplayColor': '#800000', 'ReferenceCode': 'AQUARIUS only', 'ProcessingOrder': 'Suppression'}]",,Primary,USGS-05464420,,"Temperature, water, degrees Celsius",,PT1H12M
26,099153a47bc3469195709b746945c3db,POINT (-94.1511666666667 41.5904166666667),_FBRU,"Turbidity, FBRU",72213,00003,071000070902,Iowa,2026-05-07 15:35:41.802034,2016-03-02 00:00:00.000001,2024-08-31 00:00:00.000001,2016-03-02 06:00:00+00:00,2024-08-31 05:00:00+00:00,Daily,Mean,[],,Primary,USGS-05484000,,"Turbidity, water, unfiltered, monochrome near infra-red LED light, 780-900 nm, detector angles at 90 +-2.5 degrees and 0-45 degrees, ratiometric correction, FBRU",a6de6ff23b3a477eb357a907ab5b66a0,
27,0a23e06120dc493bb597c45867909208,POINT (-91.7851805555556 42.0691638888889),ft,Gage height,00065,00011,070802051507,Iowa,2026-07-13 06:22:42.270428,2009-03-26 05:00:00.000001,2026-07-13 06:15:00.000001,2009-03-26 10:00:00+00:00,2026-07-13 11:15:00+00:00,Points,Instantaneous,"[{'Name': 'Operational limit (minimum) lower operating limit', 'Type': 'ThresholdBelow', 'Periods': [{'EndTime': '9999-12-31T23:59:59.9999999+00:00', 'StartTime': '2017-02-16T00:00:00.0000000-06:00', 'AppliedTime': '2017-04-30T12:54:46.0370601Z', 'SuppressData': True, 'ReferenceValue': 0, 'SecondaryReferenceValue': 0.2}], 'Severity': 0, 'Description': 'Values below a specified threshold limit', 'DisplayColor': '#666666', 'ReferenceCode': 'Operational limit - low-Public', 'ProcessingOrder': 'Suppression'}, {'Name': 'Operational limit (maximum) upper operating limit', 'Type': 'ThresholdAbove', 'Periods': [{'EndTime': '9999-12-31T23:59:59.9999999+00:00', 'StartTime': '2017-02-16T00:00:00.0000000-06:00', 'AppliedTime': '2017-04-30T12:54:45.8558672Z', 'SuppressData': True, 'ReferenceValue': 30.2, 'SecondaryReferenceValue': 27.18}], 'Severity': 0, 'Description': 'Values above a specified threshold limit', 'DisplayColor': '#CCCCCC', 'ReferenceCode': 'Operational limit - high-Public', 'ProcessingOrder': 'Suppression'}, {'Name': 'Peak stage, 23.22 ft, June 13, 2008', 'Type': 'None', 'Periods': [{'EndTime': '9999-12-31T23:59:59.9999999+00:00', 'StartTime': '0001-01-01T00:00:00.0000000+00:00', 'AppliedTime': '2019-09-27T14:54:44.7850604Z', 'SuppressData': False, 'ReferenceValue': 23.22}], 'Severity': 0, 'Description': 'Display reference value', 'DisplayColor': '#990600', 'ReferenceCode': 'NWISWeb ref level - Public', 'ProcessingOrder': 'Suppression'}, {'Name': 'National Weather Service Flood Stage', 'Type': 'None', 'Periods': [{'EndTime': '9999-12-31T23:59:59.9999999+00:00', 'StartTime': '0001-01-01T00:00:00.0000000+00:00', 'AppliedTime': '2019-09-27T14:54:23.8862593Z', 'SuppressData': False, 'ReferenceValue': 12.5}], 'Severity': 0, 'Description': 'Display reference value', 'DisplayColor': '#990600', 'ReferenceCode': 'NWISWeb ref level - Public', 'ProcessingOrder': 'Suppression'}]",,Primary,USGS-05464420,,"Gage height, feet",51eebd30a3b74ea3b3b57f80233bbd39,PT1H12M
28,0b490eaffab34aed911864d955bb2fed,POINT (-91.7851805555556 42.0691638888889),mg/l,"Phosphorus, wu as P",00665,00011,070802051507,Iowa,2026-07-13 08:23:16.741280,2023-07-17 00:00:00.000001,2026-07-13 08:15:00.000001,2023-07-17 05:00:00+00:00,2026-07-13 13:15:00+00:00,Points,Instantaneous,[],,Primary,USGS-05464420,,"Phosphorus, water, unfiltered, milligrams per liter as phosphorus",d3c3b92855d04bc3942160286206bbba,
29,0c7a73564e594361b20b2340042e56a7,POINT (-91.124556 42.470333),ft^3/s,Discharge,00060,00003,0706000603,Iowa,2017-10-14 22:28:37.799187,2012-04-12 00:00:00.000001,2016-07-18 00:00:00.000001,2012-04-12 05:00:00+00:00,2016-07-18 05:00:00+00:00,Daily,Mean,[],,Primary,USGS-05418110,,"Discharge, cubic feet per second",f8f649c86e1f4fad8381ec53a76949d9,
30,0cfcd6a5682444aab2bb6c891a012a9f,POINT (-91.1820916666667 41.1780861111111),ft^3/s,Discharge,00060,00003,070802091104,Iowa,2026-07-13 06:07:28.468627,1914-10-01 00:00:00.000001,2026-07-11 00:00:00.000001,1914-10-01 06:00:00+00:00,2026-07-11 05:00:00+00:00,Daily,Mean,[],,Primary,USGS-05465500,,"Discharge, cubic feet per second",6fea358d4238410cafa47e2e5daea269,
31,0d4f46fc724c46228cb9a11ea16b41e4,POINT (-91.7595985412444 41.9894159694734),tons/day,"NO3+NO2, w, total as N",83554,00003,070802051506,Iowa,2026-07-13 06:43:19.654285,2023-07-13 00:00:00.000001,2026-07-12 00:00:00.000001,2023-07-13 05:00:00+00:00,2026-07-12 05:00:00+00:00,Daily,Mean,[],,Primary,USGS-05464475,,"Nitrate plus nitrite, water, total, short tons per day as nitrogen",,P1D
32,0d9ad22bcb7d44b5bd0042835f5bc9ac,POINT (-91.1820916666667 41.1780861111111),degC,"Temperature, water",00010,00003,070802091104,Iowa,2023-04-11 20:10:28.778955,2011-10-01 00:00:00.000001,2018-04-22 00:00:00.000001,2011-10-01 05:00:00+00:00,2018-04-22 05:00:00+00:00,Daily,Mean,[],,Primary,USGS-05465500,,"Temperature, water, degrees Celsius",cf7b9fcc1a4e442684d612c7b94ca566,
34,0f6e250ce4a746968752d7b54832d9cb,POINT (-93.1521944444444 42.3153055555556),uS/cm,Specific cond at 25C,00095,00003,070802070604,Iowa,2017-10-14 18:03:44.188131,2005-10-01 00:00:00.000001,2011-11-28 00:00:00.000001,2005-10-01 05:00:00+00:00,2011-11-28 06:00:00+00:00,Daily,Mean,[],,Primary,USGS-05451210,,"Specific conductance, water, unfiltered, microsiemens per centimeter at 25 degrees Celsius",6d456829e951477481efd70021f8ad53,
35,1153a62e70654ee2bfdc1d3f62fa3554,POINT (-90.7293333333333 42.1643333333333),mg/l,"NO3+NO2,water,insitu as N",99133,00011,070600060803,Iowa,2017-04-30 12:21:33.666188,2013-05-30 05:00:00.000001,2013-06-16 04:45:00.000001,2013-05-30 10:00:00+00:00,2013-06-16 09:45:00+00:00,Points,Instantaneous,"[{'Name': 'VERY LOW', 'Type': 'ThresholdBelow', 'Periods': [{'EndTime': '9999-12-31T23:59:59.9999999+00:00', 'StartTime': '2013-10-01T00:00:00.0000000-06:00', 'AppliedTime': '2017-04-30T12:19:40.5939221Z', 'SuppressData': True, 'ReferenceValue': -1}], 'Severity': 0, 'Description': 'Unspecified threshold value', 'DisplayColor': '#800000', 'ReferenceCode': 'AQUARIUS only', 'ProcessingOrder': 'Suppression'}, {'Name': 'VERY HIGH', 'Type': 'ThresholdAbove', 'Periods': [{'EndTime': '9999-12-31T23:59:59.9999999+00:00', 'StartTime': '2013-10-01T00:00:00.0000000-06:00', 'AppliedTime': '2017-04-30T12:19:40.4316814Z', 'SuppressData': True, 'ReferenceValue': 50}], 'Severity': 0, 'Description': 'Unspecified threshold value', 'DisplayColor': '#FF0000', 'ReferenceCode': 'AQUARIUS only', 'ProcessingOrder': 'Suppression'}]",SUNA,Primary,USGS-05418400,,"Nitrate plus nitrite, water, in situ, milligrams per liter as nitrogen",,PT1H12M
36,125c20853f054d8f9b751a9e085d12fe,POINT (-94.1413055555556 42.4108888888889),ft^3/s,Discharge,00060,00003,071000040603,Iowa,2017-04-30 13:13:56.421455,2013-02-08 00:00:00.000001,2014-10-02 00:00:00.000001,2013-02-08 06:00:00+00:00,2014-10-02 05:00:00+00:00,Daily,Mean,[],,Primary,USGS-05480603,,"Discharge, cubic feet per second",ae7ae58d3ade47b5b0ff2b9d344fdac3,
37,14115b697cc748cba6c657b946964c68,POINT (-95.0145277777778 40.7432222222222),mg/l,Suspnd sedmnt conc,80154,00003,102400090703,Iowa,2017-04-30 14:21:01.951201,1975-10-01 00:00:00.000001,1992-09-29 00:00:00.000001,1975-10-01 05:00:00+00:00,1992-09-29 05:00:00+00:00,Daily,Mean,[],sediment station,Primary,USGS-06817000,,"Suspended sediment concentration, milligrams per liter",,
38,14f8f25aaad3458a932cdd71778696b8,POINT (-91.6157222222222 41.6064055555556),mg/l,"NO3+NO2,water,insitu as N",99133,00011,070802090207,Iowa,2020-10-02 16:37:48.118680,2012-05-18 05:00:00.000001,2015-10-31 04:45:00.000001,2012-05-18 10:00:00+00:00,2015-10-31 09:45:00+00:00,Points,Instantaneous,"[{'Name': 'VERY HIGH', 'Type': 'ThresholdAbove', 'Periods': [{'EndTime': '9999-12-31T23:59:59.9999999+00:00', 'StartTime': '2015-11-10T00:00:00.0000000-06:00', 'AppliedTime': '2017-04-30T12:43:45.7980965Z', 'SuppressData': True, 'ReferenceValue': 50}], 'Severity': 0, 'Description': 'Unspecified threshold value', 'DisplayColor': '#FF0000', 'ReferenceCode': 'AQUARIUS only', 'ProcessingOrder': 'Suppression'}, {'Name': 'VERY LOW', 'Type': 'ThresholdBelow', 'Periods': [{'EndTime': '9999-12-31T23:59:59.9999999+00:00', 'StartTime': '2015-11-10T00:00:00.0000000-06:00', 'AppliedTime': '2017-04-30T12:43:46.2605273Z', 'SuppressData': True, 'ReferenceValue': -1}], 'Severity': 0, 'Description': 'Unspecified threshold value', 'DisplayColor': '#800000', 'ReferenceCode': 'AQUARIUS only', 'ProcessingOrder': 'Suppression'}]",,Primary,USGS-05455100,,"Nitrate plus nitrite, water, in situ, milligrams per liter as nitrogen",,PT1H12M
39,153070ae120e4d149bc2467309935f31,POINT (-93.8059444444444 42.4319722222222),degC,"Temperature, water",00010,00003,071000050704,Iowa,2024-10-24 06:17:32.286334,2011-11-22 00:00:00.000001,2024-10-23 00:00:00.000001,2011-11-22 06:00:00+00:00,2024-10-23 05:00:00+00:00,Daily,Mean,[],,Primary,USGS-05481000,,"Temperature, water, degrees Celsius",3e46be4944b44991ace2115f656f98e0,
41,15e729d211ff4e11822bd83db553e40a,POINT (-91.124556 42.470333),mg/l,"NO3+NO2,water,insitu as N",99133,00003,0706000603,Iowa,2017-04-30 12:14:49.300201,2012-05-16 00:00:00.000001,2014-11-12 00:00:00.000001,2012-05-16 05:00:00+00:00,2014-11-12 06:00:00+00:00,Daily,Mean,[],,Primary,USGS-05418110,,"Nitrate plus nitrite, water, in situ, milligrams per liter as nitrogen",7c0fedfd24ca4da3b487565ff22b9fda,
42,16d1b440c73b43e395889966f72c75d5,POINT (-91.73691666666667 41.999611111111115),mg/l,"NO3+NO2,water,insitu as N",99133,00003,070802051507,Iowa,2026-07-13 06:20:49.834941,2025-02-28 00:00:00.000001,2026-07-11 00:00:00.000001,2025-02-28 06:00:00+00:00,2026-07-11 05:00:00+00:00,Daily,Mean,[],,Primary,USGS-415959091441301,,"Nitrate plus nitrite, water, in situ, milligrams per liter as nitrogen",aaf8a09ad59d4e61bc6eba46e56f7d83,P1D
44,17a200d6d49b498c84d9c9b538454435,POINT (-90.7293333333333 42.1643333333333),%,Diss oxygen saturtn,00301,00011,070600060803,Iowa,2020-10-02 16:15:00.725305,2013-05-11 05:00:00.000001,2013-08-06 04:59:55.000001,2013-05-11 10:00:00+00:00,2013-08-06 09:59:55+00:00,Points,Instantaneous,"[{'Name': 'VERY LOW', 'Type': 'ThresholdBelow', 'Periods': [{'EndTime': '9999-12-31T23:59:59.9999999+00:00', 'StartTime': '2013-10-25T00:00:00.0000000-06:00', 'AppliedTime': '2017-04-30T12:19:36.242942Z', 'SuppressData': True, 'ReferenceValue': -1}], 'Severity': 0, 'Description': 'Unspecified threshold value', 'DisplayColor': '#800000', 'ReferenceCode': 'AQUARIUS only', 'ProcessingOrder': 'Suppression'}, {'Name': 'VERY HIGH', 'Type': 'ThresholdAbove', 'Periods': [{'EndTime': '9999-12-31T23:59:59.9999999+00:00', 'StartTime': '2013-10-25T00:00:00.0000000-06:00', 'AppliedTime': '2017-04-30T12:19:36.300782Z', 'SuppressData': True, 'ReferenceValue': 200}], 'Severity': 0, 'Description': 'Unspecified threshold value', 'DisplayColor': '#FF0000', 'ReferenceCode': 'AQUARIUS only', 'ProcessingOrder': 'Suppression'}]",YSI EX02,Primary,USGS-05418400,,"Dissolved oxygen, water, unfiltered, percent of saturation",,PT1H12M
45,18f3de0a993a499cade13ad5d72c0fbc,POINT (-91.2617990802579 42.7399884281497),ft^3/s,Discharge,00060,00003,070600040902,Iowa,2026-07-13 06:32:25.224557,1913-08-08 00:00:00.000001,2026-07-11 00:00:00.000001,1913-08-08 06:00:00+00:00,2026-07-11 05:00:00+00:00,Daily,Mean,[],,Primary,USGS-05412500,,"Discharge, cubic feet per second",64d3f050eef14d1482574af3fa9a7681,
46,1a81e51cfa8148caaa19c46185176b51,POINT (-93.1521944444444 42.3153055555556),_NTU,"Turbidity, NTU",63675,00003,070802070604,Iowa,2017-10-15 02:14:54.085910,2010-04-23 00:00:00.000001,2011-11-29 00:00:00.000001,2010-04-23 05:00:00+00:00,2011-11-29 06:00:00+00:00,Daily,Mean,[],,Primary,USGS-05451210,,"Turbidity, water, unfiltered, broad band light source (400-680 nm), detection angle 90 +-30 degrees to incident light, nephelometric turbidity units (NTU)",9bb6aeb4469c445b923e9ec2cf31a125,
47,1aa109392e294f9cba8b493930c43278,POINT (-90.3350833333333 42.1638611111111),mg/l,"Phosphorus, wu as P",00665,00011,070600061007,Iowa,2020-02-04 16:58:26.847598,,,,,Points,Instantaneous,[],,Primary,USGS-05418720,,"Phosphorus, water, unfiltered, milligrams per liter as phosphorus",e638ada40a884bc7996340079c9a1560,
48,1ae17b2f49794cd2be759de90ecc078b,POINT (-93.1521944444444 42.3153055555556),ft,Gage height,00065,,070802070604,Iowa,2026-06-18 13:18:23.527453,1996-02-10 00:00:00.000001,2025-06-28 00:00:00.000001,1996-02-10 06:00:00+00:00,2025-06-28 05:00:00+00:00,Water Year,Max At Event Time,[],,Primary,USGS-05451210,,"Gage height, feet",f8ec0ceeb1a747e2a73a98b899cdca74,
49,1b182dbc47a4489ea879a2e7e69a848c,POINT (-93.8059444444444 42.4319722222222),tons/day,"NO3+NO2, w, total as N",83554,00003,071000050704,Iowa,2024-12-17 21:10:06.554713,2012-03-15 00:00:00.000001,2017-10-01 00:00:00.000001,2012-03-15 05:00:00+00:00,2017-10-01 05:00:00+00:00,Daily,Mean,[],,Primary,USGS-05481000,,"Nitrate plus nitrite, water, total, short tons per day as nitrogen",,P1D
50,1bcf54ef2e2b471d9a88c74c6d3c2fed,POINT (-94.3710555555555 41.6874166666667),ft,Gage height,00065,,071000070603,Iowa,2026-03-07 19:22:33.459279,1953-06-10 00:00:00.000001,2025-06-24 00:00:00.000001,1953-06-10 05:00:00+00:00,2025-06-24 05:00:00+00:00,Water Year,Max At Event Time,[],,Primary,USGS-05483600,,"Gage height, feet",bc2a5860c7324473a34880019cfd7ff3,
51,1ca262e1acf64cbdb1d1958ba9e897c9,POINT (-91.1820916666667 41.1780861111111),ft,Gage height,00065,,070802091104,Iowa,2026-04-12 15:07:12.129078,1912-04-03 00:00:00.000001,2025-08-02 00:00:00.000001,1912-04-03 06:00:00+00:00,2025-08-02 05:00:00+00:00,Water Year,Max At Event Time,[],,Primary,USGS-05465500,,"Gage height, feet",f1148b0524754242b464320cfec3e16a,
52,1db57969ea1d470fadd5a07f8aa55915,POINT (-94.1511666666667 41.5904166666667),mg/l,"NO3+NO2,water,insitu as N",99133,00003,071000070902,Iowa,2026-07-13 07:02:06.868584,2016-03-03 00:00:00.000001,2026-07-12 00:00:00.000001,2016-03-03 06:00:00+00:00,2026-07-12 05:00:00+00:00,Daily,Mean,[],,Primary,USGS-05484000,,"Nitrate plus nitrite, water, in situ, milligrams per liter as nitrogen",af28b543c90c423087ac75edc6edc4cd,
53,1e7e139286514f30b5d21aa583469947,POINT (-91.7595985412444 41.9894159694734),ft^3/s,Discharge,00060,00003,070802051506,Iowa,2026-07-13 06:43:15.549449,2019-04-17 00:00:00.000001,2026-07-11 00:00:00.000001,2019-04-17 05:00:00+00:00,2026-07-11 05:00:00+00:00,Daily,Mean,[],,Primary,USGS-05464475,,"Discharge, cubic feet per second",d04f7c428fa24c70b10cfbda6774763b,P1D
55,1f651fbefc8842b79d5e059d84b95c60,POINT (-91.1820916666667 41.1780861111111),_FNU,"Turbidity, FNU",63680,00003,070802091104,Iowa,2026-05-13 00:56:27.852758,2014-05-21 00:00:00.000001,2015-11-10 00:00:00.000001,2014-05-21 05:00:00+00:00,2015-11-10 06:00:00+00:00,Daily,Mean,[],,Primary,USGS-05465500,,"Turbidity, water, unfiltered, monochrome near infra-red LED light, 780-900 nm, detection angle 90 +-2.5 degrees, formazin nephelometric units (FNU)",e9d0fd94d442449d92d336ea199e5b51,
56,1fe0d769fdd946a2a9284944196d6bf3,POINT (-91.7851805555556 42.0691638888889),pH Units,pH,00400,00008,070802051507,Iowa,2026-07-13 06:22:41.642237,2022-03-16 00:00:00.000001,2026-07-12 00:00:00.000001,2022-03-16 05:00:00+00:00,2026-07-12 05:00:00+00:00,Daily,Median,[],,Primary,USGS-05464420,,"pH, water, unfiltered, field, standard units",fb507987536f49bfa3010d66cb32e99a,P1D
57,208b6abfa61e4dca89847d92453e51b1,POINT (-91.6157222222222 41.6064055555556),ft^3/s,Discharge,00060,,070802090207,Iowa,2026-06-18 03:08:40.126644,1951-08-28 00:00:00.000001,2025-07-12 00:00:00.000001,1951-08-28 05:00:00+00:00,2025-07-12 05:00:00+00:00,Water Year,Max At Event Time,[],,Primary,USGS-05455100,,"Discharge, cubic feet per second",c14df1053611453bae3e0738829e0fe5,
58,2234e9135f154ca0876be315ee13752a,POINT (-93.7668055555555 42.49325),mg/l,"NO3+NO2,water,insitu as N",99133,00003,071000050701,Iowa,2026-04-15 18:15:12.678671,2013-04-27 00:00:00.000001,2013-08-21 00:00:00.000001,2013-04-27 05:00:00+00:00,2013-08-21 05:00:00+00:00,Daily,Mean,[],,Primary,USGS-05480986,,"Nitrate plus nitrite, water, in situ, milligrams per liter as nitrogen",475532ead15a4e0f9a018038485df3e9,
59,225280deabda46cdb1915960f543ca61,POINT (-93.7668055555555 42.49325),ft^3/s,Discharge,00060,,071000050701,Iowa,2019-06-19 19:13:48.338832,2013-06-24 00:00:00.000001,2013-06-24 00:00:00.000001,2013-06-24 05:00:00+00:00,2013-06-24 05:00:00+00:00,Water Year,Max At Event Time,[],,Primary,USGS-05480986,,"Discharge, cubic feet per second",85330b4a42c44ffc853758e41ef2f217,
60,23729895d3904a5babc42ef67a040203,POINT (-94.3710555555555 41.6874166666667),ft^3/s,Discharge,00060,00003,071000070603,Iowa,2026-07-13 06:22:34.758349,1958-06-24 00:00:00.000001,2026-07-11 00:00:00.000001,1958-06-24 05:00:00+00:00,2026-07-11 05:00:00+00:00,Daily,Mean,[],,Primary,USGS-05483600,,"Discharge, cubic feet per second",071ccd3397d542f7b081e39037cdc7e9,
61,240ece9f26bb43a384e9992f7dd59db6,POINT (-90.7293333333333 42.1643333333333),mg/l,Dissolved oxygen,00300,00003,070600060803,Iowa,2017-10-14 08:42:53.488462,2013-05-11 00:00:00.000001,2013-08-05 00:00:00.000001,2013-05-11 05:00:00+00:00,2013-08-05 05:00:00+00:00,Daily,Mean,[],YSI EX02,Primary,USGS-05418400,,"Dissolved oxygen, water, unfiltered, milligrams per liter",8497a1038df24ecda4bc391504ff640c,
62,259f835c12274b778750b4accf1ab109,POINT (-91.2617990802579 42.7399884281497),mg/l,"NO3+NO2,water,insitu as N",99133,00011,070600040902,Iowa,2026-07-13 06:32:13.470134,2012-05-09 05:00:00.000001,2026-07-13 06:15:00.000001,2012-05-09 10:00:00+00:00,2026-07-13 11:15:00+00:00,Points,Instantaneous,"[{'Name': 'VERY HIGH', 'Type': 'ThresholdAbove', 'Periods': [{'EndTime': '9999-12-31T23:59:59.9999999+00:00', 'StartTime': '2016-06-07T00:00:00.0000000-06:00', 'AppliedTime': '2017-04-30T12:16:46.6974911Z', 'SuppressData': True, 'ReferenceValue': 50}], 'Severity': 0, 'Description': 'Unspecified threshold value', 'DisplayColor': '#FF0000', 'ReferenceCode': 'AQUARIUS only', 'ProcessingOrder': 'Suppression'}, {'Name': 'VERY LOW', 'Type': 'ThresholdBelow', 'Periods': [{'EndTime': '9999-12-31T23:59:59.9999999+00:00', 'StartTime': '2016-06-07T00:00:00.0000000-06:00', 'AppliedTime': '2017-04-30T12:16:46.9113459Z', 'SuppressData': True, 'ReferenceValue': -1}], 'Severity': 0, 'Description': 'Unspecified threshold value', 'DisplayColor': '#800000', 'ReferenceCode': 'AQUARIUS only', 'ProcessingOrder': 'Suppression'}]",,Primary,USGS-05412500,,"Nitrate plus nitrite, water, in situ, milligrams per liter as nitrogen",,PT1H12M
63,261f0456932b453e9aa3ae13e6de460b,POINT (-91.7851805555556 42.0691638888889),tons/day,"Phosphorus, wu",91007,00003,070802051507,Iowa,2026-07-13 06:24:06.406749,2023-07-13 00:00:00.000001,2026-07-12 00:00:00.000001,2023-07-13 05:00:00+00:00,2026-07-12 05:00:00+00:00,Daily,Mean,[],,Primary,USGS-05464420,,"Phosphorus, water, unfiltered, short tons of phosphorus per day",,
64,263030b770a145bb88d52560d147f81a,POINT (-91.2617990802579 42.7399884281497),_FBRU,"Turbidity, FBRU",72213,00011,070600040902,Iowa,2026-07-13 05:32:53.006530,2018-03-27 21:05:00.000001,2026-07-13 05:15:00.000001,2018-03-28 02:05:00+00:00,2026-07-13 10:15:00+00:00,Points,Instantaneous,"[{'Name': 'VERY LOW', 'Type': 'ThresholdBelow', 'Periods': [{'EndTime': '9999-12-31T23:59:59.9999999+00:00', 'StartTime': '2020-02-05T00:00:00.0000000-06:00', 'AppliedTime': '2020-10-13T16:01:45.7366556Z', 'SuppressData': True, 'ReferenceValue': -1}], 'Severity': 0, 'Description': 'Unspecified threshold value', 'DisplayColor': '#990600', 'ReferenceCode': 'AQUARIUS only', 'ProcessingOrder': 'Suppression'}, {'Name': 'VERY HIGH', 'Type': 'ThresholdAbove', 'Periods': [{'EndTime': '9999-12-31T23:59:59.9999999+00:00', 'Comments': 'sensor operational limit in TS mode', 'StartTime': '2020-02-05T00:00:00.0000000-06:00', 'AppliedTime': '2020-10-13T16:02:56.6634627Z', 'SuppressData': True, 'ReferenceValue': 50000}], 'Severity': 0, 'Description': 'Unspecified threshold value', 'DisplayColor': '#990600', 'ReferenceCode': 'AQUARIUS only', 'ProcessingOrder': 'Suppression'}]",,Primary,USGS-05412500,,"Turbidity, water, unfiltered, monochrome near infra-red LED light, 780-900 nm, detector angles at 90 +-2.5 degrees and 0-45 degrees, ratiometric correction, FBRU",,PT1H12M
65,263c259a0191449ebc51ca8188e45e85,POINT (-94.1511666666667 41.5904166666667),ft^3/s,Discharge,00060,,071000070902,Iowa,2026-04-23 12:41:20.713383,1940-07-31 00:00:00.000001,2025-07-30 00:00:00.000001,1940-07-31 05:00:00+00:00,2025-07-30 05:00:00+00:00,Water Year,Max At Event Time,[],,Primary,USGS-05484000,,"Discharge, cubic feet per second",ca2eb3e799a74b24b48e720422c9a9ed,
67,29c368856ea64f38b4b3824d3a50cd76,POINT (-95.0145277777778 40.7432222222222),uS/cm,Specific cond at 25C,00095,00011,102400090703,Iowa,2017-04-30 14:20:21.245294,,,,,Daily,Instantaneous,[],sediment station,Primary,USGS-06817000,,"Specific conductance, water, unfiltered, microsiemens per centimeter at 25 degrees Celsius",,
68,2c440da1a5e14b04b3cf4e529a4716c5,POINT (-90.7293333333333 42.1643333333333),ft,Gage height,00065,,070600060803,Iowa,2026-06-12 09:21:18.396208,1999-05-18 00:00:00.000001,2025-08-11 00:00:00.000001,1999-05-18 05:00:00+00:00,2025-08-11 05:00:00+00:00,Water Year,Max At Event Time,[],,Primary,USGS-05418400,,"Gage height, feet",4567c424058144108baee610c79fff8d,
69,2d0ae756c933471dbf9dc5f45fb35e0e,POINT (-90.3350833333333 42.1638611111111),ft,Gage height,00065,00011,070600061007,Iowa,2020-02-20 22:07:33.682717,2014-04-10 05:00:00.000001,2020-02-03 21:45:00.000001,2014-04-10 10:00:00+00:00,2020-02-04 03:45:00+00:00,Points,Instantaneous,"[{'Name': 'Operational limit (maximum) upper operating limit', 'Type': 'ThresholdAbove', 'Periods': [{'EndTime': '9999-12-31T23:59:59.9999999+00:00', 'StartTime': '2017-02-15T00:00:00.0000000-06:00', 'AppliedTime': '2017-04-30T12:15:03.1535862Z', 'SuppressData': True, 'ReferenceValue': 36.5, 'SecondaryReferenceValue': 32.85}], 'Severity': 0, 'Description': 'Values above a specified threshold limit', 'DisplayColor': '#CCCCCC', 'ReferenceCode': 'Operational limit - high-Public', 'ProcessingOrder': 'Suppression'}, {'Name': 'Operational limit (minimum) lower operating limit', 'Type': 'ThresholdBelow', 'Periods': [{'EndTime': '9999-12-31T23:59:59.9999999+00:00', 'StartTime': '2017-02-15T00:00:00.0000000-06:00', 'AppliedTime': '2017-04-30T12:15:03.4233074Z', 'SuppressData': True, 'ReferenceValue': 0, 'SecondaryReferenceValue': 0.2}], 'Severity': 0, 'Description': 'Values below a specified threshold limit', 'DisplayColor': '#666666', 'ReferenceCode': 'Operational limit - low-Public', 'ProcessingOrder': 'Suppression'}, {'Name': 'Peak stage, 19.23 ft, July 2, 2014', 'Type': 'None', 'Periods': [{'EndTime': '9999-12-31T23:59:59.9999999+00:00', 'StartTime': '0001-01-01T00:00:00.0000000+00:00', 'AppliedTime': '2019-09-20T15:44:37.6316356Z', 'SuppressData': False, 'ReferenceValue': 19.23}], 'Severity': 0, 'Description': 'Display reference value', 'DisplayColor': '#990600', 'ReferenceCode': 'NWISWeb ref level - Public', 'ProcessingOrder': 'Suppression'}]",,Primary,USGS-05418720,,"Gage height, feet",13570319661c40dcbab9f71403c6f06e,PT1H12M
70,2d62db35fa2c47e5acf297657e230e30,POINT (-91.6671239375737 41.9719454904984),tons/day,"NO3+NO2, w, total as N",83554,00003,070802051507,Iowa,2019-10-31 17:42:49.430878,2009-04-14 00:00:00.000001,2012-09-29 00:00:00.000001,2009-04-14 05:00:00+00:00,2012-09-29 05:00:00+00:00,Daily,Mean,[],,Primary,USGS-05464500,,"Nitrate plus nitrite, water, total, short tons per day as nitrogen",,P1D
73,30308cf243344d9c8cde1b784159fe7f,POINT (-91.2617990802579 42.7399884281497),degC,"Temperature, water",00010,00011,070600040902,Iowa,2026-07-13 07:31:54.223107,2012-05-30 05:00:00.000001,2026-07-13 07:15:00.000001,2012-05-30 10:00:00+00:00,2026-07-13 12:15:00+00:00,Points,Instantaneous,"[{'Name': 'VERY LOW', 'Type': 'ThresholdBelow', 'Periods': [{'EndTime': '9999-12-31T23:59:59.9999999+00:00', 'StartTime': '2016-12-08T00:00:00.0000000-06:00', 'AppliedTime': '2017-04-30T12:16:49.6891727Z', 'SuppressData': True, 'ReferenceValue': -4}], 'Severity': 0, 'Description': 'Unspecified threshold value', 'DisplayColor': '#800000', 'ReferenceCode': 'AQUARIUS only', 'ProcessingOrder': 'Suppression'}, {'Name': 'VERY HIGH', 'Type': 'ThresholdAbove', 'Periods': [{'EndTime': '9999-12-31T23:59:59.9999999+00:00', 'StartTime': '2016-12-08T00:00:00.0000000-06:00', 'AppliedTime': '2017-04-30T12:16:49.3225931Z', 'SuppressData': True, 'ReferenceValue': 40}], 'Severity': 0, 'Description': 'Unspecified threshold value', 'DisplayColor': '#FF0000', 'ReferenceCode': 'AQUARIUS only', 'ProcessingOrder': 'Suppression'}]",,Primary,USGS-05412500,,"Temperature, water, degrees Celsius",,PT1H12M
74,3049787088224a5cbde3309d3c07dc24,POINT (-94.1413055555556 42.4108888888889),mg/l,"NO3+NO2,water,insitu as N",99133,00003,071000040603,Iowa,2017-04-30 13:13:33.415262,2013-06-14 00:00:00.000001,2014-10-02 00:00:00.000001,2013-06-14 05:00:00+00:00,2014-10-02 05:00:00+00:00,Daily,Mean,[],,Primary,USGS-05480603,,"Nitrate plus nitrite, water, in situ, milligrams per liter as nitrogen",8d6ca40825e940a7a883e8289420fded,
76,341f8b5695b04b7ebe9c34f068cc47b5,POINT (-95.5814444444444 40.8732777777778),mg/l,"Phosphorus, wu as P",00665,00003,102400020805,Iowa,2026-07-13 06:04:40.580126,2016-03-02 00:00:00.000001,2026-07-12 00:00:00.000001,2016-03-02 06:00:00+00:00,2026-07-12 05:00:00+00:00,Daily,Mean,[],,Primary,USGS-06808500,,"Phosphorus, water, unfiltered, milligrams per liter as phosphorus",0227ad387d9a475e96273c48f68f8165,P1D
77,34887e9f6ce84f698e6f781594285b5b,POINT (-91.1820916666667 41.1780861111111),uS/cm,"SpecCond,wu25degCLab",90095,00011,070802091104,Iowa,2020-04-17 14:22:11.639861,,,,,Daily,Instantaneous,[],sediment station,Primary,USGS-05465500,,"Specific conductance, water, unfiltered, laboratory, microsiemens per centimeter at 25 degrees Celsius",,
78,35b046a96ab0457a9bf8cf616e52e18a,POINT (-93.8059444444444 42.4319722222222),ft^3/s,Discharge,00060,,071000050704,Iowa,2026-03-16 17:15:29.121372,1918-06-10 00:00:00.000001,2025-07-21 00:00:00.000001,1918-06-10 05:00:00+00:00,2025-07-21 05:00:00+00:00,Water Year,Max At Event Time,"[{'Name': 'Highest since 1896-01-01', 'Type': 'ThresholdAbove', 'Periods': [{'EndTime': '1918-06-10T00:00:00.0000000-06:00', 'StartTime': '1896-01-01T00:00:00.0000000-06:00', 'AppliedTime': '2019-06-19T19:14:17.7024288Z', 'SuppressData': False, 'ReferenceValue': 21500}], 'Severity': 0, 'Description': 'Highest possible flood value for period based on local observations - min value above which a higher flood would have been detected for the period', 'DisplayColor': '#0000CC', 'ReferenceCode': 'Lower perception threshold - Highest for period', 'ProcessingOrder': 'Suppression'}]",,Primary,USGS-05481000,,"Discharge, cubic feet per second",be4603f0af984e6fb288645ea8b34297,
79,363b115fc5c448bb8454307761b9112e,POINT (-91.73691666666667 41.999611111111115),uS/cm,Specific cond at 25C,00095,00003,070802051507,Iowa,2026-07-13 06:20:49.509000,2025-03-11 00:00:00.000001,2026-07-12 00:00:00.000001,2025-03-11 05:00:00+00:00,2026-07-12 05:00:00+00:00,Daily,Mean,[],,Primary,USGS-415959091441301,InSitu Aqua Troll,"Specific conductance, water, unfiltered, microsiemens per centimeter at 25 degrees Celsius",96e6b907b72a44048cda0e5639605f08,P1D
80,3674cca183d640c48fc4b20d598066d5,POINT (-90.7293333333333 42.1643333333333),QSE,"fDOM, water, in situ",32295,00003,070600060803,Iowa,2017-04-30 12:21:00.553819,2013-05-11 00:00:00.000001,2013-08-04 00:00:00.000001,2013-05-11 05:00:00+00:00,2013-08-04 05:00:00+00:00,Daily,Mean,[],YSI EX02,Primary,USGS-05418400,,"Dissolved organic matter fluorescence (fDOM), water, in situ, concentration estimated from reference material, micrograms per liter as quinine sulfate equivalents (QSE)",edaaf9024996465e8743b3ddf2e9cc2f,
81,3a2ba294f0c1440d8c37dae829404b24,POINT (-95.0145277777778 40.7432222222222),mg/l,"NO3+NO2,water,insitu as N",99133,00003,102400090703,Iowa,2026-07-13 06:45:30.741384,2012-05-30 00:00:00.000001,2026-07-12 00:00:00.000001,2012-05-30 05:00:00+00:00,2026-07-12 05:00:00+00:00,Daily,Mean,[],,Primary,USGS-06817000,,"Nitrate plus nitrite, water, in situ, milligrams per liter as nitrogen",4014d03a7334438f80bd5e30a8e46cd0,
82,3a5074bf277f47c8935a80879fac72b6,POINT (-91.7851805555556 42.0691638888889),degC,"Temperature, water",00010,00011,070802051507,Iowa,2026-07-13 06:22:24.111125,2018-08-03 16:45:00.000001,2026-07-13 06:15:00.000001,2018-08-03 21:45:00+00:00,2026-07-13 11:15:00+00:00,Points,Instantaneous,"[{'Name': 'VERY LOW', 'Type': 'ThresholdBelow', 'Periods': [{'EndTime': '9999-12-31T23:59:59.9999999+00:00', 'StartTime': '2021-08-25T00:00:00.0000000-06:00', 'AppliedTime': '2022-01-19T14:22:58.8720923Z', 'SuppressData': True, 'ReferenceValue': -4}], 'Severity': 0, 'Description': 'Unspecified threshold value', 'DisplayColor': '#990600', 'ReferenceCode': 'AQUARIUS only', 'ProcessingOrder': 'Suppression'}, {'Name': 'Upper', 'Type': 'ThresholdAbove', 'Periods': [{'EndTime': '2021-12-17T00:00:00.0000000-06:00', 'StartTime': '2019-12-02T00:00:00.0000000-06:00', 'AppliedTime': '0001-01-01T00:00:00Z', 'SuppressData': False, 'ReferenceValue': 50}, {'EndTime': '9999-12-31T23:59:59.9999999+00:00', 'StartTime': '2021-12-17T00:00:00.0000000-06:00', 'AppliedTime': '2022-08-25T21:31:22.8005011Z', 'SuppressData': True, 'ReferenceValue': 50}], 'Severity': 0, 'Description': 'Unspecified threshold value', 'DisplayColor': '#990600', 'ReferenceCode': 'AQUARIUS only', 'ProcessingOrder': 'Suppression'}]",YSI EXO3,Primary,USGS-05464420,,"Temperature, water, degrees Celsius",,PT1H12M
83,3d29a8412d044aaeb7d2c7e68522d7b5,POINT (-90.7293333333333 42.1643333333333),degC,"Temperature, water",00010,00003,070600060803,Iowa,2017-04-30 12:23:44.957080,2013-05-11 00:00:00.000001,2013-08-20 00:00:00.000001,2013-05-11 05:00:00+00:00,2013-08-20 05:00:00+00:00,Daily,Mean,[],YSI EX02,Primary,USGS-05418400,,"Temperature, water, degrees Celsius",46b03611b0334a60b2ea7e80d9d22d0e,
84,3d4ac6d9cd3e419db4f9c84356646afe,POINT (-94.9910277777778 42.3545555555556),ft,Gage height,00065,00011,071000060801,Iowa,2026-07-13 07:21:14.381544,2007-10-01 06:00:00.000001,2026-07-13 07:15:00.000001,2007-10-01 11:00:00+00:00,2026-07-13 12:15:00+00:00,Points,Instantaneous,"[{'Name': 'Operational limit (maximum) upper operating limit', 'Type': 'ThresholdAbove', 'Periods': [{'EndTime': '9999-12-31T23:59:59.9999999+00:00', 'StartTime': '2017-03-21T00:00:00.0000000-06:00', 'AppliedTime': '2017-04-30T13:27:55.3651633Z', 'SuppressData': True, 'ReferenceValue': 34.1, 'SecondaryReferenceValue': 30.69}], 'Severity': 0, 'Description': 'Values above a specified threshold limit', 'DisplayColor': '#CCCCCC', 'ReferenceCode': 'Operational limit - high-Public', 'ProcessingOrder': 'Suppression'}, {'Name': 'Operational limit (minimum) lower operating limit', 'Type': 'ThresholdBelow', 'Periods': [{'EndTime': '9999-12-31T23:59:59.9999999+00:00', 'StartTime': '2017-03-21T00:00:00.0000000-06:00', 'AppliedTime': '2017-04-30T13:27:56.4053985Z', 'SuppressData': True, 'ReferenceValue': 4.9, 'SecondaryReferenceValue': 5.1}], 'Severity': 0, 'Description': 'Values below a specified threshold limit', 'DisplayColor': '#666666', 'ReferenceCode': 'Operational limit - low-Public', 'ProcessingOrder': 'Suppression'}, {'Name': 'Peak gage height, 20.14 ft, June 17, 1990', 'Type': 'None', 'Periods': [{'EndTime': '9999-12-31T23:59:59.9999999+00:00', 'StartTime': '2017-03-21T00:00:00.0000000-06:00', 'AppliedTime': '2017-04-30T13:27:57.0970973Z', 'SuppressData': False, 'ReferenceValue': 20.14}], 'Severity': 0, 'Description': 'Display reference value', 'DisplayColor': '#00CCFF', 'ReferenceCode': 'NWISWeb ref level - Public', 'ProcessingOrder': 'Suppression'}, {'Name': 'National Weather Service Flood Stage', 'Type': 'None', 'Periods': [{'EndTime': '9999-12-31T23:59:59.9999999+00:00', 'StartTime': '2017-03-21T00:00:00.0000000-06:00', 'AppliedTime': '2017-04-30T13:27:56.7753588Z', 'SuppressData': False, 'ReferenceValue': 13}], 'Severity': 0, 'Description': 'Display reference value', 'DisplayColor': '#00CCFF', 'ReferenceCode': 'NWISWeb ref level - Public', 'ProcessingOrder': 'Suppression'}]",,Primary,USGS-05482300,,"Gage height, feet",0ff7021f92744c93b9c1449fae011070,PT1H12M
85,3d66f00a66114cf9b4b5fafdaa5f7f28,POINT (-95.23916666666666 43.21277777777778),ft,Gage height,00065,00011,102300030802,Iowa,2018-03-23 21:38:19.106611,2010-03-16 05:00:00.000001,2017-10-02 15:15:00.000001,2010-03-16 10:00:00+00:00,2017-10-02 20:15:00+00:00,Points,Instantaneous,"[{'Name': 'Operational limit (maximum) upper operating limit', 'Type': 'ThresholdAbove', 'Periods': [{'EndTime': '9999-12-31T23:59:59.9999999+00:00', 'StartTime': '2017-03-06T00:00:00.0000000-06:00', 'AppliedTime': '2017-04-30T13:52:27.2220355Z', 'SuppressData': True, 'ReferenceValue': 24.55, 'SecondaryReferenceValue': 22.095}], 'Severity': 0, 'Description': 'Values above a specified threshold limit', 'DisplayColor': '#CCCCCC', 'ReferenceCode': 'Operational limit - high-Public', 'ProcessingOrder': 'Suppression'}, {'Name': 'National Weather Service Flood Stage', 'Type': 'None', 'Periods': [{'EndTime': '9999-12-31T23:59:59.9999999+00:00', 'StartTime': '2017-03-06T00:00:00.0000000-06:00', 'AppliedTime': '2017-04-30T13:52:27.8910079Z', 'SuppressData': False, 'ReferenceValue': 10}], 'Severity': 0, 'Description': 'Display reference value', 'DisplayColor': '#00CCFF', 'ReferenceCode': 'NWISWeb ref level - Public', 'ProcessingOrder': 'Suppression'}, {'Name': 'Peak gage height, 14.45 ft, July 15, 2011', 'Type': 'None', 'Periods': [{'EndTime': '9999-12-31T23:59:59.9999999+00:00', 'StartTime': '2017-03-06T00:00:00.0000000-06:00', 'AppliedTime': '2017-04-30T13:52:28.0197209Z', 'SuppressData': False, 'ReferenceValue': 14.45}], 'Severity': 0, 'Description': 'Display reference value', 'DisplayColor': '#00CCFF', 'ReferenceCode': 'NWISWeb ref level - Public', 'ProcessingOrder': 'Suppression'}, {'Name': 'Operational limit (minimum) lower operating limit', 'Type': 'ThresholdBelow', 'Periods': [{'EndTime': '9999-12-31T23:59:59.9999999+00:00', 'StartTime': '2017-03-06T00:00:00.0000000-06:00', 'AppliedTime': '2017-04-30T13:52:27.5318524Z', 'SuppressData': True, 'ReferenceValue': 3, 'SecondaryReferenceValue': 3.2}], 'Severity': 0, 'Description': 'Values below a specified threshold limit', 'DisplayColor': '#666666', 'ReferenceCode': 'Operational limit - low-Public', 'ProcessingOrder': 'Suppression'}]",,Primary,USGS-06604440,,"Gage height, feet",,PT1H12M
88,3e46be4944b44991ace2115f656f98e0,POINT (-93.8059444444444 42.4319722222222),degC,"Temperature, water",00010,00011,071000050704,Iowa,2024-10-24 18:16:52.234217,2011-11-22 06:00:00.000001,2024-10-24 18:00:00.000001,2011-11-22 12:00:00+00:00,2024-10-24 23:00:00+00:00,Points,Instantaneous,"[{'Name': 'VERY HIGH', 'Type': 'ThresholdAbove', 'Periods': [{'EndTime': '9999-12-31T23:59:59.9999999+00:00', 'StartTime': '2017-03-22T00:00:00.0000000-06:00', 'AppliedTime': '2017-04-30T13:22:45.8714569Z', 'SuppressData': True, 'ReferenceValue': 40}], 'Severity': 0, 'Description': 'Unspecified threshold value', 'DisplayColor': '#FF0000', 'ReferenceCode': 'AQUARIUS only', 'ProcessingOrder': 'Suppression'}, {'Name': 'VERY LOW', 'Type': 'ThresholdBelow', 'Periods': [{'EndTime': '9999-12-31T23:59:59.9999999+00:00', 'StartTime': '2017-03-22T00:00:00.0000000-06:00', 'AppliedTime': '2017-04-30T13:22:46.3460522Z', 'SuppressData': True, 'ReferenceValue': -4}], 'Severity': 0, 'Description': 'Unspecified threshold value', 'DisplayColor': '#800000', 'ReferenceCode': 'AQUARIUS only', 'ProcessingOrder': 'Suppression'}]",,Primary,USGS-05481000,,"Temperature, water, degrees Celsius",,PT1H12M
89,3e9ad1bc4d334904a5b5cfcdb516faab,POINT (-91.73691666666667 41.999611111111115),degC,"Temperature, water",00010,00011,070802051507,Iowa,2026-06-11 21:10:59.372753,2023-12-20 17:00:00.000001,2026-06-02 18:30:00.000001,2023-12-20 23:00:00+00:00,2026-06-02 23:30:00+00:00,Points,Instantaneous,"[{'Name': 'high limit', 'Type': 'ThresholdAbove', 'Periods': [{'EndTime': '9999-12-31T23:59:59.9999999+00:00', 'StartTime': '0001-01-01T00:00:00.0000000+00:00', 'AppliedTime': '2026-03-27T18:07:08.6688979Z', 'SuppressData': True, 'ReferenceValue': 25}], 'Severity': 0, 'Description': 'Values above a specified threshold limit', 'DisplayColor': '#990600', 'ReferenceCode': 'Operational limit - high-Public', 'ProcessingOrder': 'Suppression'}, {'Name': 'low limit', 'Type': 'ThresholdBelow', 'Periods': [{'EndTime': '9999-12-31T23:59:59.9999999+00:00', 'StartTime': '0001-01-01T00:00:00.0000000+00:00', 'AppliedTime': '2026-03-27T18:07:25.2190502Z', 'SuppressData': True, 'ReferenceValue': 0}], 'Severity': 0, 'Description': 'Values below a specified threshold limit', 'DisplayColor': '#990600', 'ReferenceCode': 'Operational limit - low-Public', 'ProcessingOrder': 'Suppression'}]",,Primary,USGS-415959091441301,EXO,"Temperature, water, degrees Celsius",,PT1H12M
90,3f6c731f18294ee0b417a3dd3ce0762f,POINT (-95.5814444444444 40.8732777777778),ft^3/s,Discharge,00060,00003,102400020805,Iowa,2026-07-13 06:04:48.002669,1948-06-01 00:00:00.000001,2026-07-11 00:00:00.000001,1948-06-01 05:00:00+00:00,2026-07-11 05:00:00+00:00,Daily,Mean,[],,Primary,USGS-06808500,,"Discharge, cubic feet per second",f678f5066a824f478b00282dfd9d5646,
91,4014d03a7334438f80bd5e30a8e46cd0,POINT (-95.0145277777778 40.7432222222222),mg/l,"NO3+NO2,water,insitu as N",99133,00011,102400090703,Iowa,2026-07-13 04:45:05.551308,2012-05-30 05:00:00.000001,2026-07-13 04:30:00.000001,2012-05-30 10:00:00+00:00,2026-07-13 09:30:00+00:00,Points,Instantaneous,"[{'Name': 'Out of water', 'Type': 'ThresholdBelow', 'Periods': [{'EndTime': '2019-07-22T10:00:00.0000000-06:00', 'Comments': 'Out of water', 'StartTime': '2019-06-28T00:00:00.0000000-06:00', 'AppliedTime': '2019-07-01T14:38:06.293465Z', 'SuppressData': True, 'ReferenceValue': 1}], 'Severity': 0, 'Description': 'Unspecified threshold value', 'DisplayColor': '#990600', 'ReferenceCode': 'AQUARIUS only', 'ProcessingOrder': 'Suppression'}, {'Name': 'VERY HIGH', 'Type': 'ThresholdAbove', 'Periods': [{'EndTime': '9999-12-31T23:59:59.9999999+00:00', 'StartTime': '2017-03-31T00:00:00.0000000-06:00', 'AppliedTime': '2017-04-30T14:16:45.3644912Z', 'SuppressData': True, 'ReferenceValue': 50}], 'Severity': 0, 'Description': 'Unspecified threshold value', 'DisplayColor': '#FF0000', 'ReferenceCode': 'AQUARIUS only', 'ProcessingOrder': 'Suppression'}, {'Name': 'VERY LOW', 'Type': 'ThresholdBelow', 'Periods': [{'EndTime': '9999-12-31T23:59:59.9999999+00:00', 'StartTime': '2017-03-31T00:00:00.0000000-06:00', 'AppliedTime': '2017-04-30T14:16:45.6641123Z', 'SuppressData': True, 'ReferenceValue': -1}], 'Severity': 0, 'Description': 'Unspecified threshold value', 'DisplayColor': '#800000', 'ReferenceCode': 'AQUARIUS only', 'ProcessingOrder': 'Suppression'}]",Downstream QW Location,Primary,USGS-06817000,,"Nitrate plus nitrite, water, in situ, milligrams per liter as nitrogen",,PT1H12M
92,40c2d66ff43c436187643f511ffdcbdc,POINT (-91.2617990802579 42.7399884281497),mg/l,"NO3+NO2,water,insitu as N",99133,00003,070600040902,Iowa,2026-07-13 06:32:16.367983,2012-05-09 00:00:00.000001,2026-07-12 00:00:00.000001,2012-05-09 05:00:00+00:00,2026-07-12 05:00:00+00:00,Daily,Mean,[],,Primary,USGS-05412500,,"Nitrate plus nitrite, water, in situ, milligrams per liter as nitrogen",259f835c12274b778750b4accf1ab109,
93,420899457156459aa4dbdc9b5228fcb3,POINT (-95.0145277777778 40.7432222222222),degC,"Temperature, water",00010,00003,102400090703,Iowa,2026-07-13 06:45:28.938582,2012-09-13 00:00:00.000001,2026-07-12 00:00:00.000001,2012-09-13 05:00:00+00:00,2026-07-12 05:00:00+00:00,Daily,Mean,[],,Primary,USGS-06817000,,"Temperature, water, degrees Celsius",8f98b6fc5eaa4f239523907f72942f36,
94,422c7385d7794103a17aa58756353968,POINT (-94.3770833333333 41.9878611111111),ft^3/s,Discharge,00060,00003,071000061405,Iowa,2026-07-13 06:21:31.224182,1940-03-01 00:00:00.000001,2026-07-11 00:00:00.000001,1940-03-01 06:00:00+00:00,2026-07-11 05:00:00+00:00,Daily,Mean,[],,Primary,USGS-05482500,,"Discharge, cubic feet per second",f01e21fa52a44e5696147f6869960223,
95,43bba0c0c082494a8b5e11a71acfdf2e,POINT (-93.6197222222222 41.6119444444444),ft^3/s,Discharge,00060,00011,071000041003,Iowa,2026-07-13 06:30:43.721344,1996-10-01 06:00:00.000001,2026-07-13 06:15:00.000001,1996-10-01 11:00:00+00:00,2026-07-13 11:15:00+00:00,Points,Instantaneous,"[{'Name': 'Peak discharge, 47,300 cfs, June 13, 2008', 'Type': 'None', 'Periods': [{'EndTime': '9999-12-31T23:59:59.9999999+00:00', 'StartTime': '2017-04-04T00:00:00.0000000-06:00', 'AppliedTime': '2017-04-30T13:23:44.3440066Z', 'SuppressData': False, 'ReferenceValue': 47300}], 'Severity': 0, 'Description': 'Display reference value', 'DisplayColor': '#00CCFF', 'ReferenceCode': 'NWISWeb ref level - Public', 'ProcessingOrder': 'Suppression'}, {'Name': 'Highest QM, 58,400 cfs., June 24, 1954', 'Type': 'None', 'Periods': [{'EndTime': '9999-12-31T23:59:59.9999999+00:00', 'StartTime': '0001-01-01T00:00:00.0000000+00:00', 'AppliedTime': '2019-09-11T18:11:23.2524115Z', 'SuppressData': False, 'ReferenceValue': 58400}], 'Severity': 0, 'Description': 'NWISWeb reference line displayed to USGS level users', 'DisplayColor': '#990600', 'ReferenceCode': 'NWISWeb ref level - USGS', 'ProcessingOrder': 'Suppression'}]",,Primary,USGS-05482000,,"Discharge, cubic feet per second",ab29cc9bbc73490892b3edaa6fe28ff3,PT1H12M
96,44b5f7a83bde43a6ba779dd02e242cc1,POINT (-90.7293333333333 42.1643333333333),_FBRU,"Turbidity, FBRU",72213,00003,070600060803,Iowa,2017-04-30 12:24:26.732700,2012-05-25 00:00:00.000001,2014-11-11 00:00:00.000001,2012-05-25 05:00:00+00:00,2014-11-11 06:00:00+00:00,Daily,Mean,[],,Primary,USGS-05418400,,"Turbidity, water, unfiltered, monochrome near infra-red LED light, 780-900 nm, detector angles at 90 +-2.5 degrees and 0-45 degrees, ratiometric correction, FBRU",91cf830a982343419a12b92a35b5c4ed,
97,45144cfc38bc41c5bfcf29af7ce91a26,POINT (-90.3350833333333 42.1638611111111),mg/l,"NO3+NO2,water,insitu as N",99133,00003,070600061007,Iowa,2019-10-31 17:30:48.914140,2014-05-23 00:00:00.000001,2018-10-22 00:00:00.000001,2014-05-23 05:00:00+00:00,2018-10-22 05:00:00+00:00,Daily,Mean,[],,Primary,USGS-05418720,,"Nitrate plus nitrite, water, in situ, milligrams per liter as nitrogen",66066968565b4c5aa0742e1584be99fe,
98,4567c424058144108baee610c79fff8d,POINT (-90.7293333333333 42.1643333333333),ft,Gage height,00065,00011,070600060803,Iowa,2026-07-13 07:18:51.020997,2007-10-01 06:00:00.000001,2026-07-13 07:00:00.000001,2007-10-01 11:00:00+00:00,2026-07-13 12:00:00+00:00,Points,Instantaneous,"[{'Name': 'Operational limit (maximum) upper operating limit', 'Type': 'ThresholdAbove', 'Periods': [{'EndTime': '9999-12-31T23:59:59.9999999+00:00', 'StartTime': '2017-02-15T00:00:00.0000000-06:00', 'AppliedTime': '2017-04-30T12:19:26.3038515Z', 'SuppressData': True, 'ReferenceValue': 36.4, 'SecondaryReferenceValue': 32.76}], 'Severity': 0, 'Description': 'Values above a specified threshold limit', 'DisplayColor': '#CCCCCC', 'ReferenceCode': 'Operational limit - high-Public', 'ProcessingOrder': 'Suppression'}, {'Name': 'Operational limit (minimum) lower operating limit', 'Type': 'ThresholdBelow', 'Periods': [{'EndTime': '9999-12-31T23:59:59.9999999+00:00', 'StartTime': '2017-02-15T00:00:00.0000000-06:00', 'AppliedTime': '2017-04-30T12:19:26.835164Z', 'SuppressData': True, 'ReferenceValue': 0, 'SecondaryReferenceValue': 0.2}], 'Severity': 0, 'Description': 'Values below a specified threshold limit', 'DisplayColor': '#666666', 'ReferenceCode': 'Operational limit - low-Public', 'ProcessingOrder': 'Suppression'}, {'Name': 'Peak stage, 22.44 ft, July 24, 2010', 'Type': 'None', 'Periods': [{'EndTime': '9999-12-31T23:59:59.9999999+00:00', 'StartTime': '0001-01-01T00:00:00.0000000+00:00', 'AppliedTime': '2019-09-20T15:39:43.6000542Z', 'SuppressData': False, 'ReferenceValue': 22.44}], 'Severity': 0, 'Description': 'Display reference value', 'DisplayColor': '#990600', 'ReferenceCode': 'NWISWeb ref level - Public', 'ProcessingOrder': 'Suppression'}]",,Primary,USGS-05418400,,"Gage height, feet",91ead394c735498c809e6c111e26241c,PT1H12M
99,457f9a25ed554ec6944e8f4d8153594f,POINT (-90.3350833333333 42.1638611111111),ft^3/s,Discharge,00060,00011,070600061007,Iowa,2020-02-04 16:49:26.260084,2014-04-13 05:00:00.000001,2018-10-04 16:00:00.000001,2014-04-13 10:00:00+00:00,2018-10-04 21:00:00+00:00,Points,Instantaneous,"[{'Name': 'Peak discharge, 29,900 cfs, July 2, 2014', 'Type': 'None', 'Periods': [{'EndTime': '9999-12-31T23:59:59.9999999+00:00', 'StartTime': '0001-01-01T00:00:00.0000000+00:00', 'AppliedTime': '0001-01-01T00:00:00Z', 'SuppressData': False, 'ReferenceValue': 29900}], 'Severity': 0, 'Description': 'Display reference value', 'DisplayColor': '#00CCFF', 'ReferenceCode': 'NWISWeb ref level - Public', 'ProcessingOrder': 'Suppression'}]",,Primary,USGS-05418720,,"Discharge, cubic feet per second",2d0ae756c933471dbf9dc5f45fb35e0e,PT1H12M
100,459818fb77d74a53bc3dea6bc18fcb73,POINT (-91.6671239375737 41.9719454904984),mg/l,"NO3+NO2,water,insitu as N",99133,00011,070802051507,Iowa,2019-10-31 17:42:49.380796,2009-04-14 05:00:00.000001,2012-10-01 05:00:00.000001,2009-04-14 10:00:00+00:00,2012-10-01 10:00:00+00:00,Points,Instantaneous,"[{'Name': 'VERY LOW', 'Type': 'ThresholdBelow', 'Periods': [{'EndTime': '9999-12-31T23:59:59.9999999+00:00', 'StartTime': '2012-10-01T00:00:00.0000000-06:00', 'AppliedTime': '2017-04-30T12:56:59.5033628Z', 'SuppressData': True, 'ReferenceValue': -1}], 'Severity': 0, 'Description': 'Unspecified threshold value', 'DisplayColor': '#800000', 'ReferenceCode': 'AQUARIUS only', 'ProcessingOrder': 'Suppression'}, {'Name': 'VERY HIGH', 'Type': 'ThresholdAbove', 'Periods': [{'EndTime': '9999-12-31T23:59:59.9999999+00:00', 'StartTime': '2012-10-01T00:00:00.0000000-06:00', 'AppliedTime': '2017-04-30T12:56:59.3205624Z', 'SuppressData': True, 'ReferenceValue': 50}], 'Severity': 0, 'Description': 'Unspecified threshold value', 'DisplayColor': '#FF0000', 'ReferenceCode': 'AQUARIUS only', 'ProcessingOrder': 'Suppression'}]",,Primary,USGS-05464500,,"Nitrate plus nitrite, water, in situ, milligrams per liter as nitrogen",,PT1H12M
101,463657112d5d45d4b6dc9e59c726e8ea,POINT (-91.2617990802579 42.7399884281497),ft^3/s,Discharge,00060,,070600040902,Iowa,2026-04-05 06:32:06.740468,1902-05-18 00:00:00.000001,2025-08-10 00:00:00.000001,1902-05-18 06:00:00+00:00,2025-08-10 05:00:00+00:00,Water Year,Max At Event Time,"[{'Name': 'Highest since 1890-01-01', 'Type': 'ThresholdAbove', 'Periods': [{'EndTime': '1922-02-23T00:00:00.0000000-06:00', 'StartTime': '1890-01-01T00:00:00.0000000-06:00', 'AppliedTime': '2019-06-19T17:55:57.3546413Z', 'SuppressData': False, 'ReferenceValue': 32300}], 'Severity': 0, 'Description': 'Highest possible flood value for period based on local observations - min value above which a higher flood would have been detected for the period', 'DisplayColor': '#0000CC', 'ReferenceCode': 'Lower perception threshold - Highest for period', 'ProcessingOrder': 'Suppression'}]",,Primary,USGS-05412500,,"Discharge, cubic feet per second",64d3f050eef14d1482574af3fa9a7681,
102,46b03611b0334a60b2ea7e80d9d22d0e,POINT (-90.7293333333333 42.1643333333333),degC,"Temperature, water",00010,00011,070600060803,Iowa,2020-10-02 16:20:22.789235,2013-05-11 05:00:00.000001,2013-08-21 04:59:08.000001,2013-05-11 10:00:00+00:00,2013-08-21 09:59:08+00:00,Points,Instantaneous,"[{'Name': 'VERY LOW', 'Type': 'ThresholdBelow', 'Periods': [{'EndTime': '9999-12-31T23:59:59.9999999+00:00', 'StartTime': '2013-10-25T00:00:00.0000000-06:00', 'AppliedTime': '2017-04-30T12:19:33.0080341Z', 'SuppressData': True, 'ReferenceValue': -4}], 'Severity': 0, 'Description': 'Unspecified threshold value', 'DisplayColor': '#800000', 'ReferenceCode': 'AQUARIUS only', 'ProcessingOrder': 'Suppression'}, {'Name': 'VERY HIGH', 'Type': 'ThresholdAbove', 'Periods': [{'EndTime': '9999-12-31T23:59:59.9999999+00:00', 'StartTime': '2013-10-25T00:00:00.0000000-06:00', 'AppliedTime': '2017-04-30T12:19:32.7825506Z', 'SuppressData': True, 'ReferenceValue': 40}], 'Severity': 0, 'Description': 'Unspecified threshold value', 'DisplayColor': '#FF0000', 'ReferenceCode': 'AQUARIUS only', 'ProcessingOrder': 'Suppression'}]",YSI EX02,Primary,USGS-05418400,,"Temperature, water, degrees Celsius",,PT1H12M
103,472544bad1c04989aadaedc71be19dce,POINT (-95.5814444444444 40.8732777777778),_FBRU,"Turbidity, FBRU",72213,00011,102400020805,Iowa,2026-07-13 07:04:01.094510,2016-03-02 06:00:00.000001,2026-07-13 07:00:00.000001,2016-03-02 12:00:00+00:00,2026-07-13 12:00:00+00:00,Points,Instantaneous,"[{'Name': 'VERY LOW', 'Type': 'ThresholdBelow', 'Periods': [{'EndTime': '9999-12-31T23:59:59.9999999+00:00', 'StartTime': '2021-03-11T00:00:00.0000000-06:00', 'AppliedTime': '2021-09-14T15:55:04.7339808Z', 'SuppressData': True, 'ReferenceValue': 1}], 'Severity': 0, 'Description': 'Unspecified threshold value', 'DisplayColor': '#990600', 'ReferenceCode': 'AQUARIUS only', 'ProcessingOrder': 'Suppression'}]",,Primary,USGS-06808500,,"Turbidity, water, unfiltered, monochrome near infra-red LED light, 780-900 nm, detector angles at 90 +-2.5 degrees and 0-45 degrees, ratiometric correction, FBRU",,PT1H12M
104,475532ead15a4e0f9a018038485df3e9,POINT (-93.7668055555555 42.49325),mg/l,"NO3+NO2,water,insitu as N",99133,00011,071000050701,Iowa,2026-04-15 18:15:12.633557,2013-04-27 05:00:00.000001,2013-08-21 04:45:00.000001,2013-04-27 10:00:00+00:00,2013-08-21 09:45:00+00:00,Points,Instantaneous,"[{'Name': 'VERY HIGH', 'Type': 'ThresholdAbove', 'Periods': [{'EndTime': '9999-12-31T23:59:59.9999999+00:00', 'StartTime': '2013-11-05T00:00:00.0000000-06:00', 'AppliedTime': '2017-04-30T13:13:45.1151495Z', 'SuppressData': True, 'ReferenceValue': 50}], 'Severity': 0, 'Description': 'Unspecified threshold value', 'DisplayColor': '#FF0000', 'ReferenceCode': 'AQUARIUS only', 'ProcessingOrder': 'Suppression'}, {'Name': 'VERY LOW', 'Type': 'ThresholdBelow', 'Periods': [{'EndTime': '9999-12-31T23:59:59.9999999+00:00', 'StartTime': '2013-11-05T00:00:00.0000000-06:00', 'AppliedTime': '2017-04-30T13:13:45.3213261Z', 'SuppressData': True, 'ReferenceValue': -1}], 'Severity': 0, 'Description': 'Unspecified threshold value', 'DisplayColor': '#800000', 'ReferenceCode': 'AQUARIUS only', 'ProcessingOrder': 'Suppression'}]",,Primary,USGS-05480986,,"Nitrate plus nitrite, water, in situ, milligrams per liter as nitrogen",,PT1H12M
107,49cceef9e288463abaffa802ca537d1c,POINT (-93.1521944444444 42.3153055555556),QSE,"fDOM, water, in situ",32295,00011,070802070604,Iowa,2017-04-30 12:36:23.962827,2013-05-14 05:00:00.000001,2013-11-18 05:45:46.000001,2013-05-14 10:00:00+00:00,2013-11-18 11:45:46+00:00,Points,Instantaneous,"[{'Name': 'VERY LOW', 'Type': 'ThresholdBelow', 'Periods': [{'EndTime': '9999-12-31T23:59:59.9999999+00:00', 'StartTime': '2013-11-19T00:00:00.0000000-06:00', 'AppliedTime': '2017-04-30T12:34:43.5909086Z', 'SuppressData': True, 'ReferenceValue': -1}], 'Severity': 0, 'Description': 'Unspecified threshold value', 'DisplayColor': '#800000', 'ReferenceCode': 'AQUARIUS only', 'ProcessingOrder': 'Suppression'}, {'Name': 'VERY HIGH', 'Type': 'ThresholdAbove', 'Periods': [{'EndTime': '9999-12-31T23:59:59.9999999+00:00', 'StartTime': '2013-11-19T00:00:00.0000000-06:00', 'AppliedTime': '2017-04-30T12:34:43.3443061Z', 'SuppressData': True, 'ReferenceValue': 200}], 'Severity': 0, 'Description': 'Unspecified threshold value', 'DisplayColor': '#FF0000', 'ReferenceCode': 'AQUARIUS only', 'ProcessingOrder': 'Suppression'}]",,Primary,USGS-05451210,,"Dissolved organic matter fluorescence (fDOM), water, in situ, concentration estimated from reference material, micrograms per liter as quinine sulfate equivalents (QSE)",,PT1H12M
108,4a2def3c00b8483da70093b6c31428ab,POINT (-94.1511666666667 41.5904166666667),ft,Gage height,00065,00011,071000070902,Iowa,2026-07-13 07:02:06.261297,2007-10-01 06:00:00.000001,2026-07-13 06:45:00.000001,2007-10-01 11:00:00+00:00,2026-07-13 11:45:00+00:00,Points,Instantaneous,"[{'Name': 'National Weather Service Flood Stage', 'Type': 'None', 'Periods': [{'EndTime': '9999-12-31T23:59:59.9999999+00:00', 'StartTime': '2017-03-20T00:00:00.0000000-06:00', 'AppliedTime': '2017-04-30T13:32:57.8668175Z', 'SuppressData': False, 'ReferenceValue': 20}], 'Severity': 0, 'Description': 'Display reference value', 'DisplayColor': '#00CCFF', 'ReferenceCode': 'NWISWeb ref level - Public', 'ProcessingOrder': 'Suppression'}, {'Name': 'Operational limit (minimum) lower operating limit', 'Type': 'ThresholdBelow', 'Periods': [{'EndTime': '9999-12-31T23:59:59.9999999+00:00', 'StartTime': '2017-03-20T00:00:00.0000000-06:00', 'AppliedTime': '2017-04-30T13:32:57.2682642Z', 'SuppressData': True, 'ReferenceValue': 1.5, 'SecondaryReferenceValue': 1.7}], 'Severity': 0, 'Description': 'Values below a specified threshold limit', 'DisplayColor': '#666666', 'ReferenceCode': 'Operational limit - low-Public', 'ProcessingOrder': 'Suppression'}, {'Name': 'Operational limit (maximum) upper operating limit', 'Type': 'ThresholdAbove', 'Periods': [{'EndTime': '9999-12-31T23:59:59.9999999+00:00', 'StartTime': '2017-03-20T00:00:00.0000000-06:00', 'AppliedTime': '2017-04-30T13:32:56.4103046Z', 'SuppressData': True, 'ReferenceValue': 39, 'SecondaryReferenceValue': 35.1}], 'Severity': 0, 'Description': 'Values above a specified threshold limit', 'DisplayColor': '#CCCCCC', 'ReferenceCode': 'Operational limit - high-Public', 'ProcessingOrder': 'Suppression'}, {'Name': 'Peak gage height, 29.04 ft, July 2, 1958', 'Type': 'None', 'Periods': [{'EndTime': '9999-12-31T23:59:59.9999999+00:00', 'StartTime': '0001-01-01T00:00:00.0000000+00:00', 'AppliedTime': '2019-09-24T14:11:57.8391379Z', 'SuppressData': False, 'ReferenceValue': 29.04}], 'Severity': 0, 'Description': 'Display reference value', 'DisplayColor': '#990600', 'ReferenceCode': 'NWISWeb ref level - Public', 'ProcessingOrder': 'Suppression'}]",,Primary,USGS-05484000,,"Gage height, feet",2ec5f93fcb7a4244a1c1e190598e30dc,PT1H12M
109,4a68a8c10318491e8a172305c935a9e1,POINT (-91.124556 42.470333),ft,Gage height,00065,00011,0706000603,Iowa,2018-03-23 20:06:33.604648,,,,,Points,Instantaneous,"[{'Name': 'Operational limit (minimum) lower operating limit', 'Type': 'ThresholdBelow', 'Periods': [{'EndTime': '9999-12-31T23:59:59.9999999+00:00', 'StartTime': '2016-07-20T00:00:00.0000000-06:00', 'AppliedTime': '2017-04-30T12:13:55.9122774Z', 'SuppressData': True, 'ReferenceValue': 1, 'SecondaryReferenceValue': 1.2}], 'Severity': 0, 'Description': 'Values below a specified threshold limit', 'DisplayColor': '#666666', 'ReferenceCode': 'Operational limit - low-Public', 'ProcessingOrder': 'Suppression'}, {'Name': 'Operational limit (maximum) upper operating limit', 'Type': 'ThresholdAbove', 'Periods': [{'EndTime': '9999-12-31T23:59:59.9999999+00:00', 'StartTime': '2016-07-20T00:00:00.0000000-06:00', 'AppliedTime': '2017-04-30T12:13:55.4676014Z', 'SuppressData': True, 'ReferenceValue': 37.5, 'SecondaryReferenceValue': 33.75}], 'Severity': 0, 'Description': 'Values above a specified threshold limit', 'DisplayColor': '#CCCCCC', 'ReferenceCode': 'Operational limit - high-Public', 'ProcessingOrder': 'Suppression'}, {'Name': 'Peak stage, 14.02 ft, March 10, 2013', 'Type': 'None', 'Periods': [{'EndTime': '9999-12-31T23:59:59.9999999+00:00', 'StartTime': '0001-01-01T00:00:00.0000000+00:00', 'AppliedTime': '2019-09-20T15:38:36.2431059Z', 'SuppressData': False, 'ReferenceValue': 14.02}], 'Severity': 0, 'Description': 'Display reference value', 'DisplayColor': '#990600', 'ReferenceCode': 'NWISWeb ref level - Public', 'ProcessingOrder': 'Suppression'}]",,,USGS-05418110,,"Gage height, feet",,PT1H12M
110,4a99323e28e74139ad5426ef947a6488,POINT (-90.3350833333333 42.1638611111111),tons/day,"Phosphorus, wu",91007,00003,070600061007,Iowa,2020-02-04 16:49:28.628248,,,,,Daily,Mean,[],,Primary,USGS-05418720,,"Phosphorus, water, unfiltered, short tons of phosphorus per day",,
111,4ad345c7a543474bb4650437505750c4,POINT (-91.7851805555556 42.0691638888889),degC,"Temperature, water",00010,00003,070802051507,Iowa,2026-04-03 16:33:23.436651,2012-10-13 00:00:00.000001,2018-09-16 00:00:00.000001,2012-10-13 05:00:00+00:00,2018-09-16 05:00:00+00:00,Daily,Mean,[],,Primary,USGS-05464420,,"Temperature, water, degrees Celsius",0946f73e8702449c94e5388bc3a216e0,
112,4b3c53fb920149debac0ec40f2e00840,POINT (-94.1511666666667 41.5904166666667),ft,Gage height,00065,,071000070902,Iowa,2026-04-03 05:02:35.131424,1940-07-31 00:00:00.000001,2025-07-30 00:00:00.000001,1940-07-31 05:00:00+00:00,2025-07-30 05:00:00+00:00,Water Year,Max At Event Time,[],,Primary,USGS-05484000,,"Gage height, feet",4a2def3c00b8483da70093b6c31428ab,
113,4b9786ea0f58476e99e71b969deedd42,POINT (-94.3710555555555 41.6874166666667),uS/cm,"SpecCond,wu25degCLab",90095,00011,071000070603,Iowa,2017-04-30 13:34:27.501035,,,,,Daily,Instantaneous,[],sediment station,Primary,USGS-05483600,,"Specific conductance, water, unfiltered, laboratory, microsiemens per centimeter at 25 degrees Celsius",,
115,4c9047fbf35d4c7ab20b1b0d01710bec,POINT (-90.7293333333333 42.1643333333333),ft^3/s,Discharge,00060,,070600060803,Iowa,2026-06-12 09:22:20.324192,1999-05-18 00:00:00.000001,2025-08-11 00:00:00.000001,1999-05-18 05:00:00+00:00,2025-08-11 05:00:00+00:00,Water Year,Max At Event Time,[],,Primary,USGS-05418400,,"Discharge, cubic feet per second",0408c08ce3714abf827edfc53ba7ba47,
116,4cfc2f25ee8244399aed6f8e87892385,POINT (-91.7851805555556 42.0691638888889),mg/l,"NO3+NO2,water,insitu as N",99133,00011,070802051507,Iowa,2026-07-13 06:22:24.855661,2012-10-14 05:00:00.000001,2026-07-13 06:15:00.000001,2012-10-14 10:00:00+00:00,2026-07-13 11:15:00+00:00,Points,Instantaneous,"[{'Name': 'VERY HIGH', 'Type': 'ThresholdAbove', 'Periods': [{'EndTime': '9999-12-31T23:59:59.9999999+00:00', 'StartTime': '2016-07-14T00:00:00.0000000-06:00', 'AppliedTime': '2017-04-30T12:54:49.7589266Z', 'SuppressData': True, 'ReferenceValue': 50}], 'Severity': 0, 'Description': 'Unspecified threshold value', 'DisplayColor': '#FF0000', 'ReferenceCode': 'AQUARIUS only', 'ProcessingOrder': 'Suppression'}, {'Name': 'VERY LOW', 'Type': 'ThresholdBelow', 'Periods': [{'EndTime': '9999-12-31T23:59:59.9999999+00:00', 'StartTime': '2016-07-14T00:00:00.0000000-06:00', 'AppliedTime': '2017-04-30T12:54:49.914272Z', 'SuppressData': True, 'ReferenceValue': -1}], 'Severity': 0, 'Description': 'Unspecified threshold value', 'DisplayColor': '#800000', 'ReferenceCode': 'AQUARIUS only', 'ProcessingOrder': 'Suppression'}]",,Primary,USGS-05464420,,"Nitrate plus nitrite, water, in situ, milligrams per liter as nitrogen",,PT1H12M
117,4d3f600d869849a381772a67075b9ffc,POINT (-93.8059444444444 42.4319722222222),ft,Gage height,00065,,071000050704,Iowa,2026-07-04 18:18:07.196612,1918-06-10 00:00:00.000001,2025-07-21 00:00:00.000001,1918-06-10 05:00:00+00:00,2025-07-21 05:00:00+00:00,Water Year,Max At Event Time,[],,Primary,USGS-05481000,,"Gage height, feet",9fdca9e24bc74f55a7d2ffc63054f49a,
118,4dfa3ab91cb54511945ae0ab321f61cf,POINT (-93.6197222222222 41.6119444444444),tons/day,Suspnd sedmnt disch,80155,00003,071000041003,Iowa,2017-04-30 13:23:57.980835,1954-11-01 00:00:00.000001,1961-09-30 00:00:00.000001,1954-11-01 06:00:00+00:00,1961-09-30 05:00:00+00:00,Daily,Mean,[],sediment station,Primary,USGS-05482000,,"Suspended sediment discharge, short tons per day",,
119,4e85f3e8fa434c51b5d78078ba36fe47,POINT (-94.9910277777778 42.3545555555556),ft^3/s,Discharge,00060,00003,071000060801,Iowa,2026-07-13 06:21:32.668256,1958-06-01 00:00:00.000001,2026-07-11 00:00:00.000001,1958-06-01 05:00:00+00:00,2026-07-11 05:00:00+00:00,Daily,Mean,[],,Primary,USGS-05482300,,"Discharge, cubic feet per second",9c7b6f855088401eaa7f38c4939e57d8,
121,4f355b4f8f8443b79be94b5fc852deb7,POINT (-91.73691666666667 41.999611111111115),degC,"Temperature, water",00010,00011,070802051507,Iowa,2026-07-13 08:21:03.605505,2025-02-27 13:30:00.000001,2026-07-13 08:15:00.000001,2025-02-27 19:30:00+00:00,2026-07-13 13:15:00+00:00,Points,Instantaneous,"[{'Name': 'High', 'Type': 'ThresholdAbove', 'Periods': [{'EndTime': '9999-12-31T23:59:59.9999999+00:00', 'StartTime': '0001-01-01T00:00:00.0000000+00:00', 'AppliedTime': '2026-06-12T13:10:40.2603361Z', 'SuppressData': True, 'ReferenceValue': 14}], 'Severity': 0, 'Description': 'Unspecified threshold value', 'DisplayColor': '#990600', 'ReferenceCode': 'AQUARIUS only', 'ProcessingOrder': 'Suppression'}, {'Name': 'Low', 'Type': 'ThresholdBelow', 'Periods': [{'EndTime': '9999-12-31T23:59:59.9999999+00:00', 'StartTime': '0001-01-01T00:00:00.0000000+00:00', 'AppliedTime': '2026-06-12T13:10:59.6160361Z', 'SuppressData': False, 'ReferenceValue': 0}], 'Severity': 0, 'Description': 'Unspecified threshold value', 'DisplayColor': '#990600', 'ReferenceCode': 'AQUARIUS only', 'ProcessingOrder': 'Suppression'}]",,Primary,USGS-415959091441301,InSitu Aqua Troll,"Temperature, water, degrees Celsius",,PT1H12M
122,4f4fdea2ae4448019caf990fc991ea0b,POINT (-93.6197222222222 41.6119444444444),ft^3/s,Discharge,00060,,071000041003,Iowa,2026-05-28 13:57:21.754191,1902-07-10 00:00:00.000001,2025-08-01 00:00:00.000001,1902-07-10 06:00:00+00:00,2025-08-01 05:00:00+00:00,Water Year,Max At Event Time,"[{'Name': 'Highest since 1892-01-01', 'Type': 'ThresholdAbove', 'Periods': [{'EndTime': '1954-06-24T00:00:00.0000000-06:00', 'StartTime': '1892-01-01T00:00:00.0000000-06:00', 'AppliedTime': '2019-06-19T19:19:35.6683356Z', 'SuppressData': False, 'ReferenceValue': 60200}], 'Severity': 0, 'Description': 'Highest possible flood value for period based on local observations - min value above which a higher flood would have been detected for the period', 'DisplayColor': '#0000CC', 'ReferenceCode': 'Lower perception threshold - Highest for period', 'ProcessingOrder': 'Suppression'}]",,Primary,USGS-05482000,,"Discharge, cubic feet per second",43bba0c0c082494a8b5e11a71acfdf2e,
123,4feceabd54ad4f098d873209672f5fc7,POINT (-95.5814444444444 40.8732777777778),ft^3/s,Discharge,00060,,102400020805,Iowa,2026-06-11 17:04:35.099185,1949-03-05 00:00:00.000001,2025-08-10 00:00:00.000001,1949-03-05 06:00:00+00:00,2025-08-10 05:00:00+00:00,Water Year,Max At Event Time,[],,Primary,USGS-06808500,,"Discharge, cubic feet per second",f678f5066a824f478b00282dfd9d5646,
124,536e85cc7d3e4848b8e24219688765f0,POINT (-93.1521944444444 42.3153055555556),%,Diss oxygen saturtn,00301,00003,070802070604,Iowa,2017-04-30 12:40:23.532507,2013-05-14 00:00:00.000001,2013-11-17 00:00:00.000001,2013-05-14 05:00:00+00:00,2013-11-17 06:00:00+00:00,Daily,Mean,[],,Primary,USGS-05451210,,"Dissolved oxygen, water, unfiltered, percent of saturation",a9387c99f6f44fb8ba0faac04a4a39e4,
126,561fb657c2b345299cd0c44ec78c3331,POINT (-91.7595985412444 41.9894159694734),ft^3/s,Discharge,00060,,070802051506,Iowa,2026-06-17 16:43:15.764915,2019-05-19 00:00:00.000001,2025-07-12 00:00:00.000001,2019-05-19 05:00:00+00:00,2025-07-12 05:00:00+00:00,Water Year,Max At Event Time,[],,Primary,USGS-05464475,,"Discharge, cubic feet per second",d04f7c428fa24c70b10cfbda6774763b,
127,56e7e5311f60446fa8cea54ac5c7cac8,POINT (-93.1521944444444 42.3153055555556),degC,"Temperature, water",00010,00003,070802070604,Iowa,2017-10-14 20:29:01.540899,2005-10-01 00:00:00.000001,2011-11-28 00:00:00.000001,2005-10-01 05:00:00+00:00,2011-11-28 06:00:00+00:00,Daily,Mean,[],,Primary,USGS-05451210,,"Temperature, water, degrees Celsius",8cb566bbee6e4f67a4c77d8816e52bde,
128,57173ad290dd4258b257a7b59a34d2a4,POINT (-94.1511666666667 41.5904166666667),tons/day,"Phosphorus, wu",91007,00003,071000070902,Iowa,2026-07-13 07:02:23.340240,2016-03-03 00:00:00.000001,2026-07-11 00:00:00.000001,2016-03-03 06:00:00+00:00,2026-07-11 05:00:00+00:00,Daily,Mean,[],,Primary,USGS-05484000,,"Phosphorus, water, unfiltered, short tons of phosphorus per day",,P1D
130,577eac8df85247e2bd86ff16b8b4862b,POINT (-95.5814444444444 40.8732777777778),mg/l,"NO3+NO2,water,insitu as N",99133,00003,102400020805,Iowa,2026-07-13 06:04:34.764385,2016-03-02 00:00:00.000001,2026-07-12 00:00:00.000001,2016-03-02 06:00:00+00:00,2026-07-12 05:00:00+00:00,Daily,Mean,[],,Primary,USGS-06808500,,"Nitrate plus nitrite, water, in situ, milligrams per liter as nitrogen",8e76388ebcb245d38f39db6dc7224309,
132,5b2851ca189e4e37a7f3ab03d67ea3be,POINT (-91.7851805555556 42.0691638888889),mg/l,Dissolved oxygen,00300,00003,070802051507,Iowa,2026-07-13 06:22:41.965288,2018-08-03 00:00:00.000001,2026-07-12 00:00:00.000001,2018-08-03 05:00:00+00:00,2026-07-12 05:00:00+00:00,Daily,Mean,[],YSI EXO3,Primary,USGS-05464420,,"Dissolved oxygen, water, unfiltered, milligrams per liter",97fb87d3352149c283ddac38dbfbead2,
134,5bbe233e80d24a559b325e2a317d3beb,POINT (-93.1521944444444 42.3153055555556),mg/l,"NO3+NO2,water,insitu as N",99133,00003,070802070604,Iowa,2017-10-14 21:35:52.333797,2010-07-30 00:00:00.000001,2011-11-28 00:00:00.000001,2010-07-30 05:00:00+00:00,2011-11-28 06:00:00+00:00,Daily,Mean,[],,Primary,USGS-05451210,,"Nitrate plus nitrite, water, in situ, milligrams per liter as nitrogen",5febb1614666434c9a1d7d9dd9184550,
135,5c214107bd3549e0b89758ce0724c79e,POINT (-90.7293333333333 42.1643333333333),pH Units,pH,00400,00011,070600060803,Iowa,2020-10-02 16:25:02.948285,2013-05-11 05:00:00.000001,2013-08-06 04:59:55.000001,2013-05-11 10:00:00+00:00,2013-08-06 09:59:55+00:00,Points,Instantaneous,"[{'Name': 'VERY HIGH', 'Type': 'ThresholdAbove', 'Periods': [{'EndTime': '9999-12-31T23:59:59.9999999+00:00', 'StartTime': '2013-11-01T00:00:00.0000000-06:00', 'AppliedTime': '2017-04-30T12:19:37.5759124Z', 'SuppressData': True, 'ReferenceValue': 15}], 'Severity': 0, 'Description': 'Unspecified threshold value', 'DisplayColor': '#FF0000', 'ReferenceCode': 'AQUARIUS only', 'ProcessingOrder': 'Suppression'}, {'Name': 'VERY LOW', 'Type': 'ThresholdBelow', 'Periods': [{'EndTime': '9999-12-31T23:59:59.9999999+00:00', 'StartTime': '2013-11-01T00:00:00.0000000-06:00', 'AppliedTime': '2017-04-30T12:19:37.7167462Z', 'SuppressData': True, 'ReferenceValue': -1}], 'Severity': 0, 'Description': 'Unspecified threshold value', 'DisplayColor': '#800000', 'ReferenceCode': 'AQUARIUS only', 'ProcessingOrder': 'Suppression'}]",YSI EX02,Primary,USGS-05418400,,"pH, water, unfiltered, field, standard units",,PT1H12M
136,5c4b4c3700d94a498c0d1daf00c7a5bf,POINT (-91.2617990802579 42.7399884281497),tons/day,"NO3+NO2, w, total as N",83554,00003,070600040902,Iowa,2026-07-13 06:32:24.555724,2012-05-09 00:00:00.000001,2026-07-12 00:00:00.000001,2012-05-09 05:00:00+00:00,2026-07-12 05:00:00+00:00,Daily,Mean,[],,Primary,USGS-05412500,,"Nitrate plus nitrite, water, total, short tons per day as nitrogen",,P1D
137,5e33b3d42e8b4f61bc1058fb17564b3e,POINT (-91.7851805555556 42.0691638888889),_FNU,"Turbidity, FNU",63680,00003,070802051507,Iowa,2026-07-13 06:22:41.771252,2018-08-03 00:00:00.000001,2026-07-12 00:00:00.000001,2018-08-03 05:00:00+00:00,2026-07-12 05:00:00+00:00,Daily,Mean,[],YSI EXO3,Primary,USGS-05464420,,"Turbidity, water, unfiltered, monochrome near infra-red LED light, 780-900 nm, detection angle 90 +-2.5 degrees, formazin nephelometric units (FNU)",d3c3b92855d04bc3942160286206bbba,
138,5ea61630c7a9494090f625012038c0a6,POINT (-91.6671239375737 41.9719454904984),tons/day,Suspnd sedmnt disch,80155,00003,070802051507,Iowa,2020-04-17 14:03:49.706945,1943-10-01 00:00:00.000001,1954-09-30 00:00:00.000001,1943-10-01 05:00:00+00:00,1954-09-30 06:00:00+00:00,Daily,Mean,[],,Primary,USGS-05464500,,"Suspended sediment discharge, short tons per day",,
139,5fad133ec1144901ae2cefbc70f48788,POINT (-95.0145277777778 40.7432222222222),ft,Gage height,00065,00011,102400090703,Iowa,2026-07-13 07:22:26.387260,2007-10-01 06:00:00.000001,2026-07-13 07:15:00.000001,2007-10-01 11:00:00+00:00,2026-07-13 12:15:00+00:00,Points,Instantaneous,"[{'Name': 'Operational limit (maximum) upper operating limit', 'Type': 'ThresholdAbove', 'Periods': [{'EndTime': '9999-12-31T23:59:59.9999999+00:00', 'StartTime': '2017-04-05T00:00:00.0000000-06:00', 'AppliedTime': '2017-04-30T14:17:21.1500961Z', 'SuppressData': True, 'ReferenceValue': 42.4, 'SecondaryReferenceValue': 38.16}], 'Severity': 0, 'Description': 'Values above a specified threshold limit', 'DisplayColor': '#CCCCCC', 'ReferenceCode': 'Operational limit - high-Public', 'ProcessingOrder': 'Suppression'}, {'Name': 'National Weather Service Flood Stage', 'Type': 'None', 'Periods': [{'EndTime': '9999-12-31T23:59:59.9999999+00:00', 'StartTime': '2017-04-05T00:00:00.0000000-06:00', 'AppliedTime': '2017-04-30T14:17:21.8342332Z', 'SuppressData': False, 'ReferenceValue': 23}], 'Severity': 0, 'Description': 'Display reference value', 'DisplayColor': '#00CCFF', 'ReferenceCode': 'NWISWeb ref level - Public', 'ProcessingOrder': 'Suppression'}, {'Name': 'Operational limit (minimum) lower operating limit', 'Type': 'ThresholdBelow', 'Periods': [{'EndTime': '9999-12-31T23:59:59.9999999+00:00', 'StartTime': '2017-04-05T00:00:00.0000000-06:00', 'AppliedTime': '2017-04-30T14:17:21.6876228Z', 'SuppressData': True, 'ReferenceValue': 3, 'SecondaryReferenceValue': 3.2}], 'Severity': 0, 'Description': 'Values below a specified threshold limit', 'DisplayColor': '#666666', 'ReferenceCode': 'Operational limit - low-Public', 'ProcessingOrder': 'Suppression'}, {'Name': 'Peak gage height, 26.61 ft, June 5, 2008', 'Type': 'None', 'Periods': [{'EndTime': '9999-12-31T23:59:59.9999999+00:00', 'StartTime': '2017-04-05T00:00:00.0000000-06:00', 'AppliedTime': '2017-04-30T14:17:22.1026684Z', 'SuppressData': False, 'ReferenceValue': 26.61}], 'Severity': 0, 'Description': 'Display reference value', 'DisplayColor': '#00CCFF', 'ReferenceCode': 'NWISWeb ref level - Public', 'ProcessingOrder': 'Suppression'}]",,Primary,USGS-06817000,,"Gage height, feet",,PT1H12M
140,5febb1614666434c9a1d7d9dd9184550,POINT (-93.1521944444444 42.3153055555556),mg/l,"NO3+NO2,water,insitu as N",99133,00011,070802070604,Iowa,2017-04-30 12:36:48.403357,2010-07-30 05:00:00.000001,2011-11-29 05:45:00.000001,2010-07-30 10:00:00+00:00,2011-11-29 11:45:00+00:00,Points,Instantaneous,"[{'Name': 'VERY LOW', 'Type': 'ThresholdBelow', 'Periods': [{'EndTime': '9999-12-31T23:59:59.9999999+00:00', 'StartTime': '2012-10-01T00:00:00.0000000-06:00', 'AppliedTime': '2017-04-30T12:34:39.3202085Z', 'SuppressData': True, 'ReferenceValue': -1}], 'Severity': 0, 'Description': 'Unspecified threshold value', 'DisplayColor': '#800000', 'ReferenceCode': 'AQUARIUS only', 'ProcessingOrder': 'Suppression'}, {'Name': 'VERY HIGH', 'Type': 'ThresholdAbove', 'Periods': [{'EndTime': '9999-12-31T23:59:59.9999999+00:00', 'StartTime': '2012-10-01T00:00:00.0000000-06:00', 'AppliedTime': '2017-04-30T12:34:38.8656199Z', 'SuppressData': True, 'ReferenceValue': 50}], 'Severity': 0, 'Description': 'Unspecified threshold value', 'DisplayColor': '#FF0000', 'ReferenceCode': 'AQUARIUS only', 'ProcessingOrder': 'Suppression'}]",,Primary,USGS-05451210,,"Nitrate plus nitrite, water, in situ, milligrams per liter as nitrogen",,PT1H12M
141,603d9a72a03d483eb622b4165330eb6a,POINT (-95.3435833333333 43.4586944444444),mg/l,"NO3+NO2,water,insitu as N",99133,00011,102300030104,Iowa,2018-09-05 15:31:52.234595,2016-05-05 06:00:00.000001,2017-10-04 20:00:00.000001,2016-05-05 11:00:00+00:00,2017-10-05 01:00:00+00:00,Points,Instantaneous,"[{'Name': 'VERY LOW Nitrate Probe Out of Water', 'Type': 'ThresholdBelow', 'Periods': [{'EndTime': '9999-12-31T23:59:59.9999999+00:00', 'StartTime': '0001-01-01T00:00:00.0000000+00:00', 'AppliedTime': '2017-04-30T13:47:05.8347207Z', 'SuppressData': True, 'ReferenceValue': 0.5}], 'Severity': 0, 'Description': 'Unspecified threshold value', 'DisplayColor': '#800000', 'ReferenceCode': 'AQUARIUS only', 'ProcessingOrder': 'Suppression'}]",,Primary,USGS-06603750,,"Nitrate plus nitrite, water, in situ, milligrams per liter as nitrogen",,PT1H12M
142,63ca3d0e567e428896f9dd75fe6e8b09,POINT (-94.3710555555555 41.6874166666667),mg/l,Suspnd sedmnt conc,80154,00003,071000070603,Iowa,2017-04-30 13:37:43.870923,1979-03-24 00:00:00.000001,1985-09-29 00:00:00.000001,1979-03-24 06:00:00+00:00,1985-09-29 05:00:00+00:00,Daily,Mean,[],sediment station,Primary,USGS-05483600,,"Suspended sediment concentration, milligrams per liter",,
143,6402d4d6ac204592a8049709b3bcbd4f,POINT (-93.1521944444444 42.3153055555556),ug/l,"Chloro a, phyto, cf",70953,00011,070802070604,Iowa,2018-03-15 10:56:02.604562,,,,,Points,Instantaneous,"[{'Name': 'VERY HIGH', 'Type': 'ThresholdAbove', 'Periods': [{'EndTime': '9999-12-31T23:59:59.9999999+00:00', 'StartTime': '0001-01-01T00:00:00.0000000+00:00', 'AppliedTime': '2017-04-30T12:34:35.186537Z', 'SuppressData': True, 'ReferenceValue': 200}], 'Severity': 0, 'Description': 'Unspecified threshold value', 'DisplayColor': '#FF0000', 'ReferenceCode': 'AQUARIUS only', 'ProcessingOrder': 'Suppression'}, {'Name': 'VERY LOW', 'Type': 'ThresholdBelow', 'Periods': [{'EndTime': '9999-12-31T23:59:59.9999999+00:00', 'StartTime': '0001-01-01T00:00:00.0000000+00:00', 'AppliedTime': '2017-04-30T12:34:36.6855241Z', 'SuppressData': True, 'ReferenceValue': -1}], 'Severity': 0, 'Description': 'Unspecified threshold value', 'DisplayColor': '#800000', 'ReferenceCode': 'AQUARIUS only', 'ProcessingOrder': 'Suppression'}]",,,USGS-05451210,,"Chlorophyll a, phytoplankton, chromatographic-fluorometric method, micrograms per liter",,PT1H12M
144,64167a63487b4290a25280367e66eb16,POINT (-91.1820916666667 41.1780861111111),tons/day,"NO3+NO2, w, total as N",83554,00003,070802091104,Iowa,2026-07-13 06:07:27.322112,2009-06-03 00:00:00.000001,2026-07-12 00:00:00.000001,2009-06-03 05:00:00+00:00,2026-07-12 05:00:00+00:00,Daily,Mean,[],,Primary,USGS-05465500,,"Nitrate plus nitrite, water, total, short tons per day as nitrogen",,P1D
145,643f6fbebc0043698e615c306d657817,POINT (-93.9497777777778 41.5340277777778),mg/l,"NO3+NO2,water,insitu as N",99133,00011,071000061702,Iowa,2026-07-13 07:17:34.687884,2012-03-02 06:00:00.000001,2026-07-13 07:00:00.000001,2012-03-02 12:00:00+00:00,2026-07-13 12:00:00+00:00,Points,Instantaneous,"[{'Name': 'VERY LOW', 'Type': 'ThresholdBelow', 'Periods': [{'EndTime': '9999-12-31T23:59:59.9999999+00:00', 'StartTime': '2017-03-14T00:00:00.0000000-06:00', 'AppliedTime': '2017-04-30T13:35:01.8652956Z', 'SuppressData': True, 'ReferenceValue': -1}], 'Severity': 0, 'Description': 'Unspecified threshold value', 'DisplayColor': '#800000', 'ReferenceCode': 'AQUARIUS only', 'ProcessingOrder': 'Suppression'}, {'Name': 'VERY HIGH', 'Type': 'ThresholdAbove', 'Periods': [{'EndTime': '9999-12-31T23:59:59.9999999+00:00', 'StartTime': '2017-03-14T00:00:00.0000000-06:00', 'AppliedTime': '2017-04-30T13:35:01.535588Z', 'SuppressData': True, 'ReferenceValue': 50}], 'Severity': 0, 'Description': 'Unspecified threshold value', 'DisplayColor': '#FF0000', 'ReferenceCode': 'AQUARIUS only', 'ProcessingOrder': 'Suppression'}]",,Primary,USGS-05484500,,"Nitrate plus nitrite, water, in situ, milligrams per liter as nitrogen",,PT1H12M
146,64bb1245fb3e4387a8c88e5254769cff,POINT (-94.3770833333333 41.9878611111111),degC,"Temperature, water",00010,00011,071000061405,Iowa,2026-01-26 17:19:32.635779,2012-03-13 05:00:00.000001,2022-05-04 14:45:00.000001,2012-03-13 10:00:00+00:00,2022-05-04 19:45:00+00:00,Points,Instantaneous,"[{'Name': 'VERY HIGH', 'Type': 'ThresholdAbove', 'Periods': [{'EndTime': '9999-12-31T23:59:59.9999999+00:00', 'StartTime': '2017-03-20T00:00:00.0000000-06:00', 'AppliedTime': '2017-04-30T13:28:30.433792Z', 'SuppressData': True, 'ReferenceValue': 40}], 'Severity': 0, 'Description': 'Unspecified threshold value', 'DisplayColor': '#FF0000', 'ReferenceCode': 'AQUARIUS only', 'ProcessingOrder': 'Suppression'}, {'Name': 'VERY LOW', 'Type': 'ThresholdBelow', 'Periods': [{'EndTime': '9999-12-31T23:59:59.9999999+00:00', 'StartTime': '2017-03-20T00:00:00.0000000-06:00', 'AppliedTime': '2017-04-30T13:28:30.4971523Z', 'SuppressData': True, 'ReferenceValue': -4}], 'Severity': 0, 'Description': 'Unspecified threshold value', 'DisplayColor': '#800000', 'ReferenceCode': 'AQUARIUS only', 'ProcessingOrder': 'Suppression'}]",,Primary,USGS-05482500,,"Temperature, water, degrees Celsius",,PT1H12M
147,64d3f050eef14d1482574af3fa9a7681,POINT (-91.2617990802579 42.7399884281497),ft^3/s,Discharge,00060,00011,070600040902,Iowa,2026-07-13 06:32:17.334204,1990-10-01 05:15:00.000001,2026-07-13 06:15:00.000001,1990-10-01 10:15:00+00:00,2026-07-13 11:15:00+00:00,Points,Instantaneous,"[{'Name': 'Peak discharge, 66,700 cfs, May 23, 2004', 'Type': 'None', 'Periods': [{'EndTime': '9999-12-31T23:59:59.9999999+00:00', 'StartTime': '0001-01-01T00:00:00.0000000+00:00', 'AppliedTime': '0001-01-01T00:00:00Z', 'SuppressData': False, 'ReferenceValue': 66700}], 'Severity': 0, 'Description': 'Display reference value', 'DisplayColor': '#00CCFF', 'ReferenceCode': 'NWISWeb ref level - Public', 'ProcessingOrder': 'Suppression'}, {'Name': 'Peak measured discharge, 49,9000 cfs, June 15, 1991', 'Type': 'None', 'Periods': [{'EndTime': '9999-12-31T23:59:59.9999999+00:00', 'StartTime': '0001-01-01T00:00:00.0000000+00:00', 'AppliedTime': '2020-03-04T15:02:23.5678356Z', 'SuppressData': False, 'ReferenceValue': 49900}], 'Severity': 0, 'Description': 'Display reference value', 'DisplayColor': '#990600', 'ReferenceCode': 'NWISWeb ref level - Public', 'ProcessingOrder': 'Suppression'}]",,Primary,USGS-05412500,,"Discharge, cubic feet per second",afb1f166b9894766895369cc77f08476,PT1H12M
148,65aecfdc99f84136a4c9433cedddc194,POINT (-94.3770833333333 41.9878611111111),tons/day,"NO3+NO2, w, total as N",83554,00003,071000061405,Iowa,2026-07-13 06:42:38.452440,2008-04-03 00:00:00.000001,2026-07-12 00:00:00.000001,2008-04-03 05:00:00+00:00,2026-07-12 05:00:00+00:00,Daily,Mean,[],,Primary,USGS-05482500,,"Nitrate plus nitrite, water, total, short tons per day as nitrogen",,P1D
149,66066968565b4c5aa0742e1584be99fe,POINT (-90.3350833333333 42.1638611111111),mg/l,"NO3+NO2,water,insitu as N",99133,00011,070600061007,Iowa,2020-02-04 16:50:16.846657,2014-05-23 05:00:00.000001,2018-10-23 14:30:00.000001,2014-05-23 10:00:00+00:00,2018-10-23 19:30:00+00:00,Points,Instantaneous,"[{'Name': 'VERY LOW', 'Type': 'ThresholdBelow', 'Periods': [{'EndTime': '9999-12-31T23:59:59.9999999+00:00', 'StartTime': '2016-11-30T00:00:00.0000000-06:00', 'AppliedTime': '2017-04-30T12:14:54.819802Z', 'SuppressData': True, 'ReferenceValue': -1}], 'Severity': 0, 'Description': 'Unspecified threshold value', 'DisplayColor': '#800000', 'ReferenceCode': 'AQUARIUS only', 'ProcessingOrder': 'Suppression'}, {'Name': 'VERY HIGH', 'Type': 'ThresholdAbove', 'Periods': [{'EndTime': '9999-12-31T23:59:59.9999999+00:00', 'StartTime': '2016-11-30T00:00:00.0000000-06:00', 'AppliedTime': '2017-04-30T12:14:54.1573947Z', 'SuppressData': True, 'ReferenceValue': 50}], 'Severity': 0, 'Description': 'Unspecified threshold value', 'DisplayColor': '#FF0000', 'ReferenceCode': 'AQUARIUS only', 'ProcessingOrder': 'Suppression'}]",,Primary,USGS-05418720,,"Nitrate plus nitrite, water, in situ, milligrams per liter as nitrogen",,PT1H12M
150,66a40c19d51145aeaa05e5878f0c3334,POINT (-94.9910277777778 42.3545555555556),degC,"Temperature, water",00010,00003,071000060801,Iowa,2023-04-11 20:02:18.615307,2012-03-13 00:00:00.000001,2022-05-03 00:00:00.000001,2012-03-13 05:00:00+00:00,2022-05-03 05:00:00+00:00,Daily,Mean,[],,Primary,USGS-05482300,,"Temperature, water, degrees Celsius",d754a112ebd14ee78633bb238c1a1e02,
152,68223f52e4984b19b40ba4d95de23c18,POINT (-90.7293333333333 42.1643333333333),tons/day,"NO3+NO2, w, total as N",83554,00003,070600060803,Iowa,2019-10-31 17:26:01.406800,2012-05-25 00:00:00.000001,2014-11-11 00:00:00.000001,2012-05-25 05:00:00+00:00,2014-11-11 06:00:00+00:00,Daily,Mean,[],,Primary,USGS-05418400,,"Nitrate plus nitrite, water, total, short tons per day as nitrogen",,P1D
153,685f82726b564c34aedb9efca9493f4b,POINT (-94.3770833333333 41.9878611111111),mg/l,"NO3+NO2,water,insitu as N",99133,00003,071000061405,Iowa,2026-07-13 06:42:27.251008,2008-04-03 00:00:00.000001,2026-07-12 00:00:00.000001,2008-04-03 05:00:00+00:00,2026-07-12 05:00:00+00:00,Daily,Mean,[],,Primary,USGS-05482500,,"Nitrate plus nitrite, water, in situ, milligrams per liter as nitrogen",8d20391f7c864c44abdfd0f2242b87f4,
154,692bdc41bae543de9b6e4aa8b0b6b2dc,POINT (-94.1511666666667 41.5904166666667),degC,"Temperature, water",00010,00003,071000070902,Iowa,2024-09-03 17:02:36.447761,2016-03-01 00:00:00.000001,2024-08-31 00:00:00.000001,2016-03-01 06:00:00+00:00,2024-08-31 05:00:00+00:00,Daily,Mean,[],,Primary,USGS-05484000,,"Temperature, water, degrees Celsius",ebcf1f72c4c94f098eee1f739dc2e9cb,
155,69d98a6447f7402daca835c55f40a926,POINT (-93.1521944444444 42.3153055555556),in,Precipitation,00045,00006,070802070604,Iowa,2017-10-15 06:30:55.515627,1995-10-25 00:00:00.000001,2008-09-29 00:00:00.000001,1995-10-25 05:00:00+00:00,2008-09-29 05:00:00+00:00,Daily,Sum,[],,Primary,USGS-05451210,,"Precipitation, total, inches",88f095169fe14da7a70add25baab4987,
156,6af1ce0c4dcc435cbf5781f140e453b0,POINT (-93.1521944444444 42.3153055555556),ug/l,"DEPRECATED Chlorophyll, in situ",62361,00003,070802070604,Iowa,2017-10-15 07:01:50.988149,2013-05-14 00:00:00.000001,2013-11-17 00:00:00.000001,2013-05-14 05:00:00+00:00,2013-11-17 06:00:00+00:00,Daily,Mean,[],,Primary,USGS-05451210,,"Chlorophyll, total, water, fluorometric, 650-700 nanometers, in situ sensor, micrograms per liter",e4be819c83c5411cb247372f3b862586,
157,6ca1b0aa7c1d411e883df3515a8b6def,POINT (-90.7293333333333 42.1643333333333),degC,"Temperature, water",00010,00003,070600060803,Iowa,2017-04-30 12:23:32.576843,2012-05-25 00:00:00.000001,2014-11-10 00:00:00.000001,2012-05-25 05:00:00+00:00,2014-11-10 06:00:00+00:00,Daily,Mean,[],,Primary,USGS-05418400,,"Temperature, water, degrees Celsius",ea8f690bb8a94c96965e713006a6f2fc,
158,6d1e2ccccf544fb18775a939c38b0481,POINT (-93.6197222222222 41.6119444444444),degC,"Temperature, water",00010,00011,071000041003,Iowa,2026-07-13 07:29:57.161105,2013-09-19 05:00:00.000001,2026-07-13 07:15:00.000001,2013-09-19 10:00:00+00:00,2026-07-13 12:15:00+00:00,Points,Instantaneous,"[{'Name': 'VERY HIGH', 'Type': 'ThresholdAbove', 'Periods': [{'EndTime': '9999-12-31T23:59:59.9999999+00:00', 'StartTime': '2017-04-04T00:00:00.0000000-06:00', 'AppliedTime': '2017-04-30T13:23:27.1102921Z', 'SuppressData': True, 'ReferenceValue': 40}], 'Severity': 0, 'Description': 'Unspecified threshold value', 'DisplayColor': '#FF0000', 'ReferenceCode': 'AQUARIUS only', 'ProcessingOrder': 'Suppression'}, {'Name': 'VERY LOW', 'Type': 'ThresholdBelow', 'Periods': [{'EndTime': '9999-12-31T23:59:59.9999999+00:00', 'StartTime': '2017-04-04T00:00:00.0000000-06:00', 'AppliedTime': '2017-04-30T13:23:27.2743013Z', 'SuppressData': True, 'ReferenceValue': -4}], 'Severity': 0, 'Description': 'Unspecified threshold value', 'DisplayColor': '#800000', 'ReferenceCode': 'AQUARIUS only', 'ProcessingOrder': 'Suppression'}]",,Primary,USGS-05482000,,"Temperature, water, degrees Celsius",,PT1H12M
159,6d456829e951477481efd70021f8ad53,POINT (-93.1521944444444 42.3153055555556),uS/cm,Specific cond at 25C,00095,00011,070802070604,Iowa,2017-04-30 12:38:56.924185,2007-10-01 06:00:00.000001,2011-11-29 05:45:00.000001,2007-10-01 11:00:00+00:00,2011-11-29 11:45:00+00:00,Points,Instantaneous,"[{'Name': 'VERY LOW', 'Type': 'ThresholdBelow', 'Periods': [{'EndTime': '9999-12-31T23:59:59.9999999+00:00', 'StartTime': '2012-10-01T00:00:00.0000000-06:00', 'AppliedTime': '2017-04-30T12:34:00.928173Z', 'SuppressData': True, 'ReferenceValue': -1}], 'Severity': 0, 'Description': 'Unspecified threshold value', 'DisplayColor': '#800000', 'ReferenceCode': 'AQUARIUS only', 'ProcessingOrder': 'Suppression'}, {'Name': 'VERY HIGH', 'Type': 'ThresholdAbove', 'Periods': [{'EndTime': '9999-12-31T23:59:59.9999999+00:00', 'StartTime': '2012-10-01T00:00:00.0000000-06:00', 'AppliedTime': '2017-04-30T12:34:00.6609417Z', 'SuppressData': True, 'ReferenceValue': 5001}], 'Severity': 0, 'Description': 'Unspecified threshold value', 'DisplayColor': '#FF0000', 'ReferenceCode': 'AQUARIUS only', 'ProcessingOrder': 'Suppression'}]",,Primary,USGS-05451210,,"Specific conductance, water, unfiltered, microsiemens per centimeter at 25 degrees Celsius",,PT1H12M
160,6d5ef7d542e046a186a351eeffd55d20,POINT (-94.3710555555555 41.6874166666667),tons/day,"NO3+NO2, w, total as N",83554,00003,071000070603,Iowa,2025-02-26 20:37:17.386740,2010-05-18 00:00:00.000001,2015-11-09 00:00:00.000001,2010-05-18 05:00:00+00:00,2015-11-09 06:00:00+00:00,Daily,Mean,[],,Primary,USGS-05483600,,"Nitrate plus nitrite, water, total, short tons per day as nitrogen",,P1D
161,6d60096243db4201964d38b1122719e1,POINT (-91.2617990802579 42.7399884281497),_FBRU,"Turbidity, FBRU",72213,00003,070600040902,Iowa,2026-07-13 06:32:20.627222,2018-03-28 00:00:00.000001,2026-07-12 00:00:00.000001,2018-03-28 05:00:00+00:00,2026-07-12 05:00:00+00:00,Daily,Mean,[],,Primary,USGS-05412500,,"Turbidity, water, unfiltered, monochrome near infra-red LED light, 780-900 nm, detector angles at 90 +-2.5 degrees and 0-45 degrees, ratiometric correction, FBRU",263030b770a145bb88d52560d147f81a,P1D
162,6e2bb54e4928491c9a1e639ffc0b8e57,POINT (-91.1820916666667 41.1780861111111),degC,"Temperature, water",00010,00011,070802091104,Iowa,2020-04-17 14:22:46.413207,,,,,Daily,Instantaneous,[],sediment station,Primary,USGS-05465500,,"Temperature, water, degrees Celsius",,
163,6fa041f1652a4b30bc6912e57bcf9726,POINT (-91.2617990802579 42.7399884281497),ft,Gage height,00065,,070600040902,Iowa,2026-04-05 06:32:05.431358,1902-05-18 00:00:00.000001,2025-08-10 00:00:00.000001,1902-05-18 06:00:00+00:00,2025-08-10 05:00:00+00:00,Water Year,Max At Event Time,[],,Primary,USGS-05412500,,"Gage height, feet",afb1f166b9894766895369cc77f08476,
164,6fea358d4238410cafa47e2e5daea269,POINT (-91.1820916666667 41.1780861111111),ft^3/s,Discharge,00060,00011,070802091104,Iowa,2026-07-13 07:07:43.668675,1986-10-01 05:15:00.000001,2026-07-13 07:00:00.000001,1986-10-01 10:15:00+00:00,2026-07-13 12:00:00+00:00,Points,Instantaneous,"[{'Name': 'Peak measured discharge, 156,000 cfs, June 16, 2008', 'Type': 'None', 'Periods': [{'EndTime': '9999-12-31T23:59:59.9999999+00:00', 'StartTime': '0001-01-01T00:00:00.0000000+00:00', 'AppliedTime': '2020-03-02T18:26:36.449615Z', 'SuppressData': False, 'ReferenceValue': 156000}], 'Severity': 0, 'Description': 'Display reference value', 'DisplayColor': '#990600', 'ReferenceCode': 'NWISWeb ref level - Public', 'ProcessingOrder': 'Suppression'}, {'Name': 'Peak discharge, 188,000 cfs, June 14, 2008', 'Type': 'None', 'Periods': [{'EndTime': '9999-12-31T23:59:59.9999999+00:00', 'StartTime': '0001-01-01T00:00:00.0000000+00:00', 'AppliedTime': '0001-01-01T00:00:00Z', 'SuppressData': False, 'ReferenceValue': 188000}], 'Severity': 0, 'Description': 'Display reference value', 'DisplayColor': '#00CCFF', 'ReferenceCode': 'NWISWeb ref level - Public', 'ProcessingOrder': 'Suppression'}]",,Primary,USGS-05465500,,"Discharge, cubic feet per second",f1148b0524754242b464320cfec3e16a,PT1H12M
165,700d80e2eebf48d78f292c41e48ebb45,POINT (-93.9497777777778 41.5340277777778),degC,"Temperature, water",00010,00003,071000061702,Iowa,2024-11-13 19:25:38.292231,2012-03-14 00:00:00.000001,2022-06-27 00:00:00.000001,2012-03-14 05:00:00+00:00,2022-06-27 05:00:00+00:00,Daily,Mean,[],,Primary,USGS-05484500,,"Temperature, water, degrees Celsius",871104a8bf16460eac5830f80a718364,
166,72d60b88c83a43b88839405ffc3fff18,POINT (-94.1511666666667 41.5904166666667),mg/l,"Phosphorus, wu as P",00665,00003,071000070902,Iowa,2026-05-07 15:36:00.775345,2016-03-03 00:00:00.000001,2024-08-31 00:00:00.000001,2016-03-03 06:00:00+00:00,2024-08-31 05:00:00+00:00,Daily,Mean,[],,Primary,USGS-05484000,,"Phosphorus, water, unfiltered, milligrams per liter as phosphorus",eda7f5eca10a41f4b1d5a7491abde6d2,P1D
167,730ae91fb5a846b2aa131be9071eabca,POINT (-91.7595985412444 41.9894159694734),ft,Gage height,00065,,070802051506,Iowa,2026-06-17 16:43:10.378779,2019-05-19 00:00:00.000001,2025-07-12 00:00:00.000001,2019-05-19 05:00:00+00:00,2025-07-12 05:00:00+00:00,Water Year,Max At Event Time,[],,Primary,USGS-05464475,,"Gage height, feet",db0cea2e17e24b9d85a63e016fc65185,
168,745fc427c9b4412e95874f7c5ef98a78,POINT (-91.2617990802579 42.7399884281497),mg/l,Suspnd sedmnt conc,80154,00003,070600040902,Iowa,2017-05-17 16:04:10.380197,1957-10-01 00:00:00.000001,1962-09-29 00:00:00.000001,1957-10-01 05:00:00+00:00,1962-09-29 05:00:00+00:00,Daily,Mean,[],sediment station,Primary,USGS-05412500,,"Suspended sediment concentration, milligrams per liter",,
169,74d18d68b83641d0a5c3c76f4cc78e50,POINT (-94.9910277777778 42.3545555555556),mg/l,"NO3+NO2,water,insitu as N",99133,00003,071000060801,Iowa,2026-07-13 06:21:03.231303,2008-03-27 00:00:00.000001,2026-07-12 00:00:00.000001,2008-03-27 05:00:00+00:00,2026-07-12 05:00:00+00:00,Daily,Mean,[],,Primary,USGS-05482300,,"Nitrate plus nitrite, water, in situ, milligrams per liter as nitrogen",7e223bd521fb4c7fbf527206848bb271,
170,752db3bcf02640c0a851b5dc3c675d12,POINT (-93.9497777777778 41.5340277777778),tons/day,"NO3+NO2, w, total as N",83554,00003,071000061702,Iowa,2026-07-13 06:18:29.994896,2012-03-02 00:00:00.000001,2026-07-12 00:00:00.000001,2012-03-02 06:00:00+00:00,2026-07-12 05:00:00+00:00,Daily,Mean,[],,Primary,USGS-05484500,,"Nitrate plus nitrite, water, total, short tons per day as nitrogen",,P1D
171,7628d11dad314c2e8747661b478493c1,POINT (-93.6197222222222 41.6119444444444),degC,"Temperature, water",00010,00011,071000041003,Iowa,2017-04-30 13:26:15.636134,,,,,Daily,Instantaneous,[],sediment station,Primary,USGS-05482000,,"Temperature, water, degrees Celsius",,
172,77702da77d99439b85861d148bf2ccdf,POINT (-91.73691666666667 41.999611111111115),ft,"Water level, depth LSD",72019,00011,070802051507,Iowa,2026-07-13 07:20:51.120460,2025-03-11 13:30:00.000001,2026-07-13 07:15:00.000001,2025-03-11 18:30:00+00:00,2026-07-13 12:15:00+00:00,Points,Instantaneous,"[{'Name': 'high limit', 'Type': 'ThresholdAbove', 'Periods': [{'EndTime': '9999-12-31T23:59:59.9999999+00:00', 'StartTime': '0001-01-01T00:00:00.0000000+00:00', 'AppliedTime': '2025-12-23T22:03:39.6923269Z', 'SuppressData': True, 'ReferenceValue': 20}], 'Severity': 0, 'Description': 'Values above a specified threshold limit', 'DisplayColor': '#990600', 'ReferenceCode': 'Operational limit - high-Public', 'ProcessingOrder': 'Suppression'}, {'Name': 'low limit', 'Type': 'ThresholdBelow', 'Periods': [{'EndTime': '9999-12-31T23:59:59.9999999+00:00', 'StartTime': '0001-01-01T00:00:00.0000000+00:00', 'AppliedTime': '2025-12-23T22:03:02.7741946Z', 'SuppressData': True, 'ReferenceValue': -5}], 'Severity': 0, 'Description': 'Values below a specified threshold limit', 'DisplayColor': '#990600', 'ReferenceCode': 'Operational limit - low-Public', 'ProcessingOrder': 'Suppression'}]",,Primary,USGS-415959091441301,,"Depth to water level, feet below land surface",,PT1H12M
173,77a945e4bfe341a397df430f92360e3b,POINT (-90.3350833333333 42.1638611111111),ft^3/s,Discharge,00060,,070600061007,Iowa,2020-02-20 22:52:54.019860,2014-07-02 00:00:00.000001,2018-02-21 00:00:00.000001,2014-07-02 05:00:00+00:00,2018-02-21 06:00:00+00:00,Water Year,Max At Event Time,[],,Primary,USGS-05418720,,"Discharge, cubic feet per second",457f9a25ed554ec6944e8f4d8153594f,
174,782ce741e7204d65a99964d40c1d10f5,POINT (-91.73691666666667 41.999611111111115),ft,"Water level, depth LSD",72019,00003,070802051507,Iowa,2026-07-13 06:20:49.855853,2025-03-12 00:00:00.000001,2026-07-12 00:00:00.000001,2025-03-12 05:00:00+00:00,2026-07-12 05:00:00+00:00,Daily,Mean,[],,Primary,USGS-415959091441301,,"Depth to water level, feet below land surface",77702da77d99439b85861d148bf2ccdf,P1D
175,7851664b38a748dbbad6def399cfa046,POINT (-93.6197222222222 41.6119444444444),ft,Gage height,00065,,071000041003,Iowa,2026-07-05 23:31:49.970985,1903-05-31 00:00:00.000001,2025-08-01 00:00:00.000001,1903-05-31 06:00:00+00:00,2025-08-01 05:00:00+00:00,Water Year,Max At Event Time,[],,Primary,USGS-05482000,,"Gage height, feet",ab29cc9bbc73490892b3edaa6fe28ff3,
176,7975ee5e868b49ef9cab69dbd15b72e4,POINT (-94.9910277777778 42.3545555555556),ft^3/s,Discharge,00060,,071000060801,Iowa,2026-05-06 19:48:53.084455,1954-06-21 00:00:00.000001,2025-07-31 00:00:00.000001,1954-06-21 05:00:00+00:00,2025-07-31 05:00:00+00:00,Water Year,Max At Event Time,[],,Primary,USGS-05482300,,"Discharge, cubic feet per second",9c7b6f855088401eaa7f38c4939e57d8,
177,7991c5a481b5430e838374f2f5112d4f,POINT (-93.9497777777778 41.5340277777778),ft^3/s,Discharge,00060,00003,071000061702,Iowa,2026-07-13 06:18:31.359642,1915-04-25 00:00:00.000001,2026-07-11 00:00:00.000001,1915-04-25 06:00:00+00:00,2026-07-11 05:00:00+00:00,Daily,Mean,[],,Primary,USGS-05484500,,"Discharge, cubic feet per second",d0b757ceb8b342eb9e724ebe0c288f11,
178,79fb788ea62749e4a91c05ed59403295,POINT (-90.7293333333333 42.1643333333333),_FNU,"Turbidity, FNU",63680,00011,070600060803,Iowa,2020-10-02 16:23:37.342355,2013-05-11 05:00:00.000001,2013-08-05 04:59:55.000001,2013-05-11 10:00:00+00:00,2013-08-05 09:59:55+00:00,Points,Instantaneous,"[{'Name': 'VERY HIGH', 'Type': 'ThresholdAbove', 'Periods': [{'EndTime': '9999-12-31T23:59:59.9999999+00:00', 'StartTime': '2013-10-25T00:00:00.0000000-06:00', 'AppliedTime': '2017-04-30T12:19:38.9179615Z', 'SuppressData': True, 'ReferenceValue': 10001}], 'Severity': 0, 'Description': 'Unspecified threshold value', 'DisplayColor': '#FF0000', 'ReferenceCode': 'AQUARIUS only', 'ProcessingOrder': 'Suppression'}, {'Name': 'VERY LOW', 'Type': 'ThresholdBelow', 'Periods': [{'EndTime': '9999-12-31T23:59:59.9999999+00:00', 'StartTime': '2013-10-25T00:00:00.0000000-06:00', 'AppliedTime': '2017-04-30T12:19:38.8748459Z', 'SuppressData': True, 'ReferenceValue': -1}], 'Severity': 0, 'Description': 'Unspecified threshold value', 'DisplayColor': '#800000', 'ReferenceCode': 'AQUARIUS only', 'ProcessingOrder': 'Suppression'}]",YSI EX02,Primary,USGS-05418400,,"Turbidity, water, unfiltered, monochrome near infra-red LED light, 780-900 nm, detection angle 90 +-2.5 degrees, formazin nephelometric units (FNU)",,PT1H12M
179,7a942cbdea75429697d50542416de372,POINT (-94.3770833333333 41.9878611111111),ft^3/s,Discharge,00060,,071000061405,Iowa,2026-05-12 19:35:42.642564,1940-08-28 00:00:00.000001,2025-08-11 00:00:00.000001,1940-08-28 05:00:00+00:00,2025-08-11 05:00:00+00:00,Water Year,Max At Event Time,[],,Primary,USGS-05482500,,"Discharge, cubic feet per second",f01e21fa52a44e5696147f6869960223,
180,7ac972259e994a7383c121edea473d8b,POINT (-94.3710555555555 41.6874166666667),tons/day,Suspnd sedmnt disch,80155,00003,071000070603,Iowa,2017-04-30 13:34:38.763013,1979-03-24 00:00:00.000001,1985-09-29 00:00:00.000001,1979-03-24 06:00:00+00:00,1985-09-29 05:00:00+00:00,Daily,Mean,[],sediment station,Primary,USGS-05483600,,"Suspended sediment discharge, short tons per day",,
181,7acff7952af5411f971bce84aa314682,POINT (-95.0145277777778 40.7432222222222),ft^3/s,Discharge,00060,00003,102400090703,Iowa,2026-07-13 06:23:14.772052,1918-05-17 00:00:00.000001,2026-07-11 00:00:00.000001,1918-05-17 05:00:00+00:00,2026-07-11 05:00:00+00:00,Daily,Mean,[],,Primary,USGS-06817000,,"Discharge, cubic feet per second",e0b5ad3c55fb47bb9eaa2233c4c13266,
182,7ba6be2061a14cd9b89d76c632eff249,POINT (-95.23916666666666 43.21277777777778),mg/l,"NO3+NO2,water,insitu as N",99133,00011,102300030802,Iowa,2017-04-30 13:53:07.621487,2012-06-01 05:00:00.000001,2015-10-01 05:00:00.000001,2012-06-01 10:00:00+00:00,2015-10-01 10:00:00+00:00,Points,Instantaneous,"[{'Name': 'VERY HIGH', 'Type': 'ThresholdAbove', 'Periods': [{'EndTime': '9999-12-31T23:59:59.9999999+00:00', 'StartTime': '2015-10-02T00:00:00.0000000-06:00', 'AppliedTime': '2017-04-30T13:52:33.6939793Z', 'SuppressData': True, 'ReferenceValue': 50}], 'Severity': 0, 'Description': 'Unspecified threshold value', 'DisplayColor': '#FF0000', 'ReferenceCode': 'AQUARIUS only', 'ProcessingOrder': 'Suppression'}, {'Name': 'VERY LOW', 'Type': 'ThresholdBelow', 'Periods': [{'EndTime': '9999-12-31T23:59:59.9999999+00:00', 'StartTime': '2015-10-02T00:00:00.0000000-06:00', 'AppliedTime': '2017-04-30T13:52:33.8866749Z', 'SuppressData': True, 'ReferenceValue': -1}], 'Severity': 0, 'Description': 'Unspecified threshold value', 'DisplayColor': '#800000', 'ReferenceCode': 'AQUARIUS only', 'ProcessingOrder': 'Suppression'}]",,Primary,USGS-06604440,,"Nitrate plus nitrite, water, in situ, milligrams per liter as nitrogen",,PT1H12M
183,7c0fedfd24ca4da3b487565ff22b9fda,POINT (-91.124556 42.470333),mg/l,"NO3+NO2,water,insitu as N",99133,00011,0706000603,Iowa,2017-04-30 12:14:49.276005,2012-05-16 05:00:00.000001,2014-11-13 05:45:00.000001,2012-05-16 10:00:00+00:00,2014-11-13 11:45:00+00:00,Points,Instantaneous,"[{'Name': 'VERY LOW', 'Type': 'ThresholdBelow', 'Periods': [{'EndTime': '9999-12-31T23:59:59.9999999+00:00', 'StartTime': '2014-11-14T00:00:00.0000000-06:00', 'AppliedTime': '2017-04-30T12:14:01.8113871Z', 'SuppressData': True, 'ReferenceValue': -1}], 'Severity': 0, 'Description': 'Unspecified threshold value', 'DisplayColor': '#800000', 'ReferenceCode': 'AQUARIUS only', 'ProcessingOrder': 'Suppression'}, {'Name': 'VERY HIGH', 'Type': 'ThresholdAbove', 'Periods': [{'EndTime': '9999-12-31T23:59:59.9999999+00:00', 'StartTime': '2014-11-14T00:00:00.0000000-06:00', 'AppliedTime': '2017-04-30T12:14:01.6994741Z', 'SuppressData': True, 'ReferenceValue': 50}], 'Severity': 0, 'Description': 'Unspecified threshold value', 'DisplayColor': '#FF0000', 'ReferenceCode': 'AQUARIUS only', 'ProcessingOrder': 'Suppression'}]",,Primary,USGS-05418110,,"Nitrate plus nitrite, water, in situ, milligrams per liter as nitrogen",,PT1H12M
184,7e223bd521fb4c7fbf527206848bb271,POINT (-94.9910277777778 42.3545555555556),mg/l,"NO3+NO2,water,insitu as N",99133,00011,071000060801,Iowa,2026-07-13 07:20:55.746036,2008-03-27 05:00:00.000001,2026-07-13 07:15:00.000001,2008-03-27 10:00:00+00:00,2026-07-13 12:15:00+00:00,Points,Instantaneous,"[{'Name': 'VERY LOW', 'Type': 'ThresholdBelow', 'Periods': [{'EndTime': '9999-12-31T23:59:59.9999999+00:00', 'StartTime': '2017-03-07T00:00:00.0000000-06:00', 'AppliedTime': '2017-04-30T13:28:03.190358Z', 'SuppressData': True, 'ReferenceValue': 0}], 'Severity': 0, 'Description': 'Unspecified threshold value', 'DisplayColor': '#800000', 'ReferenceCode': 'AQUARIUS only', 'ProcessingOrder': 'Suppression'}, {'Name': 'VERY HIGH', 'Type': 'ThresholdAbove', 'Periods': [{'EndTime': '9999-12-31T23:59:59.9999999+00:00', 'StartTime': '2017-03-07T00:00:00.0000000-06:00', 'AppliedTime': '2017-04-30T13:28:02.9496911Z', 'SuppressData': True, 'ReferenceValue': 50}], 'Severity': 0, 'Description': 'Unspecified threshold value', 'DisplayColor': '#FF0000', 'ReferenceCode': 'AQUARIUS only', 'ProcessingOrder': 'Suppression'}]",,Primary,USGS-05482300,,"Nitrate plus nitrite, water, in situ, milligrams per liter as nitrogen",,PT1H12M
185,7f62e35382f44fa3b8012d6cb5e50a75,POINT (-95.5814444444444 40.8732777777778),degC,"Temperature, water",00010,00011,102400020805,Iowa,2026-07-13 07:04:00.570077,2016-03-02 06:00:00.000001,2026-07-13 07:00:00.000001,2016-03-02 12:00:00+00:00,2026-07-13 12:00:00+00:00,Points,Instantaneous,"[{'Name': 'Operational limit (minimum) lower operating limit', 'Type': 'ThresholdBelow', 'Periods': [{'EndTime': '9999-12-31T23:59:59.9999999+00:00', 'StartTime': '2024-11-22T00:00:00.0000000-06:00', 'AppliedTime': '2025-01-27T18:39:24.9177613Z', 'SuppressData': True, 'ReferenceValue': -0.2}], 'Severity': 0, 'Description': 'Values below a specified threshold limit', 'DisplayColor': '#990600', 'ReferenceCode': 'Operational limit - low-Public', 'ProcessingOrder': 'Suppression'}]",,Primary,USGS-06808500,,"Temperature, water, degrees Celsius",,PT1H12M
188,813bacb1784143fc80dd0f7ceeb96ec3,POINT (-95.0145277777778 40.7432222222222),ft,Gage height,00065,,102400090703,Iowa,2026-06-06 22:22:16.470124,1903-08-01 00:00:00.000001,2025-06-26 00:00:00.000001,1903-08-01 06:00:00+00:00,2025-06-26 05:00:00+00:00,Water Year,Max At Event Time,[],,Primary,USGS-06817000,,"Gage height, feet",5fad133ec1144901ae2cefbc70f48788,
189,8273eca5eaea49d991f418de6e271db1,POINT (-95.5814444444444 40.8732777777778),tons/day,"Phosphorus, wu",91007,00003,102400020805,Iowa,2026-07-13 06:04:57.723149,2016-01-01 00:00:00.000001,2026-07-12 00:00:00.000001,2016-01-01 06:00:00+00:00,2026-07-12 05:00:00+00:00,Daily,Mean,[],,Primary,USGS-06808500,,"Phosphorus, water, unfiltered, short tons of phosphorus per day",,P1D
191,8446bc1dc7fb432ca8dbb660d50376df,POINT (-93.6197222222222 41.6119444444444),degC,"Temperature, water",00010,00003,071000041003,Iowa,2026-07-13 06:30:37.505661,2013-09-19 00:00:00.000001,2026-07-12 00:00:00.000001,2013-09-19 05:00:00+00:00,2026-07-12 05:00:00+00:00,Daily,Mean,[],,Primary,USGS-05482000,,"Temperature, water, degrees Celsius",6d1e2ccccf544fb18775a939c38b0481,
192,8497a1038df24ecda4bc391504ff640c,POINT (-90.7293333333333 42.1643333333333),mg/l,Dissolved oxygen,00300,00011,070600060803,Iowa,2020-10-02 16:15:31.151511,2013-05-11 05:00:00.000001,2013-08-06 04:59:55.000001,2013-05-11 10:00:00+00:00,2013-08-06 09:59:55+00:00,Points,Instantaneous,"[{'Name': 'VERY HIGH', 'Type': 'ThresholdAbove', 'Periods': [{'EndTime': '9999-12-31T23:59:59.9999999+00:00', 'StartTime': '2013-10-25T00:00:00.0000000-06:00', 'AppliedTime': '2017-04-30T12:19:36.9231265Z', 'SuppressData': True, 'ReferenceValue': 25}], 'Severity': 0, 'Description': 'Unspecified threshold value', 'DisplayColor': '#FF0000', 'ReferenceCode': 'AQUARIUS only', 'ProcessingOrder': 'Suppression'}, {'Name': 'VERY LOW', 'Type': 'ThresholdBelow', 'Periods': [{'EndTime': '9999-12-31T23:59:59.9999999+00:00', 'StartTime': '2013-10-25T00:00:00.0000000-06:00', 'AppliedTime': '2017-04-30T12:19:37.1200189Z', 'SuppressData': True, 'ReferenceValue': -1}], 'Severity': 0, 'Description': 'Unspecified threshold value', 'DisplayColor': '#800000', 'ReferenceCode': 'AQUARIUS only', 'ProcessingOrder': 'Suppression'}]",YSI EX02,Primary,USGS-05418400,,"Dissolved oxygen, water, unfiltered, milligrams per liter",,PT1H12M
193,85330b4a42c44ffc853758e41ef2f217,POINT (-93.7668055555555 42.49325),ft^3/s,Discharge,00060,00011,071000050701,Iowa,2017-04-30 13:14:37.063497,2013-02-13 06:00:00.000001,2013-11-04 05:45:00.000001,2013-02-13 12:00:00+00:00,2013-11-04 11:45:00+00:00,Points,Instantaneous,[],,Primary,USGS-05480986,,"Discharge, cubic feet per second",,PT1H12M
194,85ccd5e2309046ceb32509244f5e559b,POINT (-91.6671239375737 41.9719454904984),ft^3/s,Discharge,00060,,070802051507,Iowa,2026-04-08 18:08:04.871932,1851-06-01 00:00:00.000001,2025-08-04 00:00:00.000001,1851-06-01 06:00:00+00:00,2025-08-04 05:00:00+00:00,Water Year,Max At Event Time,[],,Primary,USGS-05464500,,"Discharge, cubic feet per second",072ece4c6f2a4d9187b6f51f181c1860,
196,85e769e25bd9460eb0f567665e6d459e,POINT (-91.6671239375737 41.9719454904984),degC,"Temperature, water",00010,00011,070802051507,Iowa,2020-04-17 14:04:00.027197,,,,,Daily,Instantaneous,[],sediment station,Primary,USGS-05464500,,"Temperature, water, degrees Celsius",,
198,871104a8bf16460eac5830f80a718364,POINT (-93.9497777777778 41.5340277777778),degC,"Temperature, water",00010,00011,071000061702,Iowa,2026-07-13 08:17:39.467525,2012-03-14 05:00:00.000001,2024-06-04 19:00:00.000001,2012-03-14 10:00:00+00:00,2024-06-05 00:00:00+00:00,Points,Instantaneous,"[{'Name': 'VERY HIGH', 'Type': 'ThresholdAbove', 'Periods': [{'EndTime': '9999-12-31T23:59:59.9999999+00:00', 'StartTime': '2017-04-05T00:00:00.0000000-06:00', 'AppliedTime': '2017-04-30T13:35:05.7360646Z', 'SuppressData': True, 'ReferenceValue': 40}], 'Severity': 0, 'Description': 'Unspecified threshold value', 'DisplayColor': '#FF0000', 'ReferenceCode': 'AQUARIUS only', 'ProcessingOrder': 'Suppression'}, {'Name': 'VERY LOW', 'Type': 'ThresholdBelow', 'Periods': [{'EndTime': '9999-12-31T23:59:59.9999999+00:00', 'StartTime': '2017-04-05T00:00:00.0000000-06:00', 'AppliedTime': '2017-04-30T13:35:06.6039732Z', 'SuppressData': True, 'ReferenceValue': -4}], 'Severity': 0, 'Description': 'Unspecified threshold value', 'DisplayColor': '#800000', 'ReferenceCode': 'AQUARIUS only', 'ProcessingOrder': 'Suppression'}]",,Primary,USGS-05484500,,"Temperature, water, degrees Celsius",,PT1H12M
199,8764e962882640ebad99d971b8bfe3d1,POINT (-93.6197222222222 41.6119444444444),ft^3/s,Discharge,00060,00003,071000041003,Iowa,2026-07-13 06:30:52.117711,1915-03-01 00:00:00.000001,2026-07-11 00:00:00.000001,1915-03-01 06:00:00+00:00,2026-07-11 05:00:00+00:00,Daily,Mean,[],,Primary,USGS-05482000,,"Discharge, cubic feet per second",43bba0c0c082494a8b5e11a71acfdf2e,
200,87aa768839d8429d84b83eab7fcc6ab3,POINT (-95.5814444444444 40.8732777777778),degC,"Temperature, water",00010,00003,102400020805,Iowa,2026-07-13 06:04:34.534648,2016-03-02 00:00:00.000001,2026-07-12 00:00:00.000001,2016-03-02 06:00:00+00:00,2026-07-12 05:00:00+00:00,Daily,Mean,[],,Primary,USGS-06808500,,"Temperature, water, degrees Celsius",7f62e35382f44fa3b8012d6cb5e50a75,
202,88734aaf6c8a4662a668df5bc0cf0dbf,POINT (-91.7851805555556 42.0691638888889),ft^3/s,Discharge,00060,00011,070802051507,Iowa,2026-07-13 06:23:01.607798,2009-03-26 05:00:00.000001,2026-07-13 06:15:00.000001,2009-03-26 10:00:00+00:00,2026-07-13 11:15:00+00:00,Points,Instantaneous,"[{'Name': 'Peak discharge, 88,500 cfs, September 27, 2016', 'Type': 'None', 'Periods': [{'EndTime': '9999-12-31T23:59:59.9999999+00:00', 'StartTime': '0001-01-01T00:00:00.0000000+00:00', 'AppliedTime': '0001-01-01T00:00:00Z', 'SuppressData': False, 'ReferenceValue': 88500}], 'Severity': 0, 'Description': 'Display reference value', 'DisplayColor': '#00CCFF', 'ReferenceCode': 'NWISWeb ref level - Public', 'ProcessingOrder': 'Suppression'}, {'Name': 'Peak measured discharge, 79,000 cfs, September 26, 2016', 'Type': 'None', 'Periods': [{'EndTime': '9999-12-31T23:59:59.9999999+00:00', 'StartTime': '0001-01-01T00:00:00.0000000+00:00', 'AppliedTime': '2020-03-02T18:37:55.2239682Z', 'SuppressData': False, 'ReferenceValue': 79000}], 'Severity': 0, 'Description': 'Display reference value', 'DisplayColor': '#990600', 'ReferenceCode': 'NWISWeb ref level - Public', 'ProcessingOrder': 'Suppression'}]",,Primary,USGS-05464420,,"Discharge, cubic feet per second",0a23e06120dc493bb597c45867909208,PT1H12M
203,88a91c5cf5bc43bb89280658c044001e,POINT (-93.9497777777778 41.5340277777778),ft,Gage height,00065,00011,071000061702,Iowa,2026-07-13 07:18:06.543078,2007-10-01 06:00:00.000001,2026-07-13 07:00:00.000001,2007-10-01 11:00:00+00:00,2026-07-13 12:00:00+00:00,Points,Instantaneous,"[{'Name': 'Operational limit (maximum) upper operating limit', 'Type': 'ThresholdAbove', 'Periods': [{'EndTime': '9999-12-31T23:59:59.9999999+00:00', 'StartTime': '2017-04-05T00:00:00.0000000-06:00', 'AppliedTime': '2017-04-30T13:34:55.8866153Z', 'SuppressData': True, 'ReferenceValue': 27, 'SecondaryReferenceValue': 24.3}], 'Severity': 0, 'Description': 'Values above a specified threshold limit', 'DisplayColor': '#CCCCCC', 'ReferenceCode': 'Operational limit - high-Public', 'ProcessingOrder': 'Suppression'}, {'Name': 'National Weather Service Flood Stage', 'Type': 'None', 'Periods': [{'EndTime': '9999-12-31T23:59:59.9999999+00:00', 'StartTime': '2017-04-05T00:00:00.0000000-06:00', 'AppliedTime': '2017-04-30T13:34:56.6945805Z', 'SuppressData': False, 'ReferenceValue': 17}], 'Severity': 0, 'Description': 'Display reference value', 'DisplayColor': '#00CCFF', 'ReferenceCode': 'NWISWeb ref level - Public', 'ProcessingOrder': 'Suppression'}, {'Name': 'Operational limit (minimum) lower operating limit', 'Type': 'ThresholdBelow', 'Periods': [{'EndTime': '9999-12-31T23:59:59.9999999+00:00', 'StartTime': '2017-04-05T00:00:00.0000000-06:00', 'AppliedTime': '2017-04-30T13:34:56.3699777Z', 'SuppressData': True, 'ReferenceValue': 1, 'SecondaryReferenceValue': 1.2}], 'Severity': 0, 'Description': 'Values below a specified threshold limit', 'DisplayColor': '#666666', 'ReferenceCode': 'Operational limit - low-Public', 'ProcessingOrder': 'Suppression'}, {'Name': 'Peak gage height, 26.34 ft, July 10, 1993', 'Type': 'None', 'Periods': [{'EndTime': '9999-12-31T23:59:59.9999999+00:00', 'StartTime': '2017-04-05T00:00:00.0000000-06:00', 'AppliedTime': '2017-04-30T13:34:56.8777436Z', 'SuppressData': False, 'ReferenceValue': 26.34}], 'Severity': 0, 'Description': 'Display reference value', 'DisplayColor': '#00CCFF', 'ReferenceCode': 'NWISWeb ref level - Public', 'ProcessingOrder': 'Suppression'}]",,Primary,USGS-05484500,,"Gage height, feet",249ac7dbed144873997c7a75ac055210,PT1H12M
204,88f095169fe14da7a70add25baab4987,POINT (-93.1521944444444 42.3153055555556),in,Precipitation,00045,,070802070604,Iowa,2017-04-30 12:38:11.803843,2007-10-01 06:00:00.000001,2008-10-01 04:30:00.000001,2007-10-01 11:00:00+00:00,2008-10-01 09:30:00+00:00,Points,Decumulated,"[{'Name': 'VERY LOW', 'Type': 'ThresholdBelow', 'Periods': [{'EndTime': '9999-12-31T23:59:59.9999999+00:00', 'StartTime': '2008-10-01T00:00:00.0000000-06:00', 'AppliedTime': '2017-04-30T12:34:51.869496Z', 'SuppressData': True, 'ReferenceValue': -1}], 'Severity': 0, 'Description': 'Unspecified threshold value', 'DisplayColor': '#800000', 'ReferenceCode': 'AQUARIUS only', 'ProcessingOrder': 'Suppression'}, {'Name': 'VERY HIGH', 'Type': 'ThresholdAbove', 'Periods': [{'EndTime': '9999-12-31T23:59:59.9999999+00:00', 'StartTime': '2008-10-01T00:00:00.0000000-06:00', 'AppliedTime': '2017-04-30T12:34:51.8604546Z', 'SuppressData': True, 'ReferenceValue': 10}], 'Severity': 0, 'Description': 'Unspecified threshold value', 'DisplayColor': '#FF0000', 'ReferenceCode': 'AQUARIUS only', 'ProcessingOrder': 'Suppression'}]",,Primary,USGS-05451210,,"Precipitation, total, inches",,PT1H12M
205,890b119d35c049ab972ca4479dfd6910,POINT (-91.2617990802579 42.7399884281497),degC,"Temperature, water",00010,00011,070600040902,Iowa,2017-05-17 15:22:47.245885,,,,,Daily,Instantaneous,[],sediment station,Primary,USGS-05412500,,"Temperature, water, degrees Celsius",,
206,89a78f04dae5438daa37fd05f7deb29e,POINT (-93.7668055555555 42.49325),ft^3/s,Discharge,00060,00003,071000050701,Iowa,2017-04-30 13:14:37.101546,2013-02-13 00:00:00.000001,2013-11-03 00:00:00.000001,2013-02-13 06:00:00+00:00,2013-11-03 05:00:00+00:00,Daily,Mean,[],,Primary,USGS-05480986,,"Discharge, cubic feet per second",85330b4a42c44ffc853758e41ef2f217,
207,89fa78190dd747d58e6c68c6cd753138,POINT (-91.73691666666667 41.999611111111115),uS/cm,Specific cond at 25C,00095,00011,070802051507,Iowa,2026-06-11 21:10:59.392018,2023-12-20 17:00:00.000001,2026-06-02 18:30:00.000001,2023-12-20 23:00:00+00:00,2026-06-02 23:30:00+00:00,Points,Instantaneous,[],,Primary,USGS-415959091441301,EXO,"Specific conductance, water, unfiltered, microsiemens per centimeter at 25 degrees Celsius",,PT1H12M
209,8ae33f8b15de4a6baccee6432090fd38,POINT (-94.3710555555555 41.6874166666667),degC,"Temperature, water",00010,00011,071000070603,Iowa,2017-04-30 13:37:26.222033,,,,,Daily,Instantaneous,[],sediment station,Primary,USGS-05483600,,"Temperature, water, degrees Celsius",,
210,8b58862cd53c4faf9befb52441edda6a,POINT (-95.0145277777778 40.7432222222222),degC,"Temperature, air",00020,00011,102400090703,Iowa,2026-07-13 07:22:25.904182,2025-08-25 00:00:00.000001,2026-07-13 07:15:00.000001,2025-08-25 05:00:00+00:00,2026-07-13 12:15:00+00:00,Points,Instantaneous,"[{'Name': 'VERY LOW', 'Type': 'ThresholdBelow', 'Periods': [{'EndTime': '9999-12-31T23:59:59.9999999+00:00', 'StartTime': '0001-01-01T00:00:00.0000000+00:00', 'AppliedTime': '2017-04-30T14:16:48.0826236Z', 'SuppressData': True, 'ReferenceValue': -50}], 'Severity': 0, 'Description': 'Unspecified threshold value', 'DisplayColor': '#800000', 'ReferenceCode': 'AQUARIUS only', 'ProcessingOrder': 'Suppression'}, {'Name': 'VERY HIGH', 'Type': 'ThresholdAbove', 'Periods': [{'EndTime': '9999-12-31T23:59:59.9999999+00:00', 'StartTime': '0001-01-01T00:00:00.0000000+00:00', 'AppliedTime': '2017-04-30T14:16:48.0298759Z', 'SuppressData': True, 'ReferenceValue': 60}], 'Severity': 0, 'Description': 'Unspecified threshold value', 'DisplayColor': '#FF0000', 'ReferenceCode': 'AQUARIUS only', 'ProcessingOrder': 'Suppression'}]",,,USGS-06817000,,"Temperature, air, degrees Celsius",,PT1H12M
211,8cb566bbee6e4f67a4c77d8816e52bde,POINT (-93.1521944444444 42.3153055555556),degC,"Temperature, water",00010,00011,070802070604,Iowa,2017-04-30 12:39:18.858663,2007-10-01 06:00:00.000001,2011-11-29 05:45:00.000001,2007-10-01 11:00:00+00:00,2011-11-29 11:45:00+00:00,Points,Instantaneous,"[{'Name': 'VERY LOW', 'Type': 'ThresholdBelow', 'Periods': [{'EndTime': '9999-12-31T23:59:59.9999999+00:00', 'StartTime': '2012-02-24T00:00:00.0000000-06:00', 'AppliedTime': '2017-04-30T12:33:47.0840251Z', 'SuppressData': True, 'ReferenceValue': -4}], 'Severity': 0, 'Description': 'Unspecified threshold value', 'DisplayColor': '#800000', 'ReferenceCode': 'AQUARIUS only', 'ProcessingOrder': 'Suppression'}, {'Name': 'VERY HIGH', 'Type': 'ThresholdAbove', 'Periods': [{'EndTime': '9999-12-31T23:59:59.9999999+00:00', 'StartTime': '2012-02-24T00:00:00.0000000-06:00', 'AppliedTime': '2017-04-30T12:33:46.5288884Z', 'SuppressData': True, 'ReferenceValue': 40}], 'Severity': 0, 'Description': 'Unspecified threshold value', 'DisplayColor': '#FF0000', 'ReferenceCode': 'AQUARIUS only', 'ProcessingOrder': 'Suppression'}]",,Primary,USGS-05451210,,"Temperature, water, degrees Celsius",,PT1H12M
213,8d20391f7c864c44abdfd0f2242b87f4,POINT (-94.3770833333333 41.9878611111111),mg/l,"NO3+NO2,water,insitu as N",99133,00011,071000061405,Iowa,2026-07-13 06:42:20.960319,2008-04-03 05:00:00.000001,2026-07-13 06:30:00.000001,2008-04-03 10:00:00+00:00,2026-07-13 11:30:00+00:00,Points,Instantaneous,"[{'Name': 'VERY HIGH', 'Type': 'ThresholdAbove', 'Periods': [{'EndTime': '9999-12-31T23:59:59.9999999+00:00', 'StartTime': '2017-03-27T00:00:00.0000000-06:00', 'AppliedTime': '2017-04-30T13:28:27.5101855Z', 'SuppressData': True, 'ReferenceValue': 50}], 'Severity': 0, 'Description': 'Unspecified threshold value', 'DisplayColor': '#FF0000', 'ReferenceCode': 'AQUARIUS only', 'ProcessingOrder': 'Suppression'}, {'Name': 'VERY LOW', 'Type': 'ThresholdBelow', 'Periods': [{'EndTime': '9999-12-31T23:59:59.9999999+00:00', 'StartTime': '2017-03-27T00:00:00.0000000-06:00', 'AppliedTime': '2017-04-30T13:28:27.7745751Z', 'SuppressData': True, 'ReferenceValue': -1}], 'Severity': 0, 'Description': 'Unspecified threshold value', 'DisplayColor': '#800000', 'ReferenceCode': 'AQUARIUS only', 'ProcessingOrder': 'Suppression'}]",,Primary,USGS-05482500,,"Nitrate plus nitrite, water, in situ, milligrams per liter as nitrogen",,PT1H12M
214,8d6ca40825e940a7a883e8289420fded,POINT (-94.1413055555556 42.4108888888889),mg/l,"NO3+NO2,water,insitu as N",99133,00011,071000040603,Iowa,2017-04-30 13:13:33.390586,2013-06-14 05:00:00.000001,2014-10-03 04:45:00.000001,2013-06-14 10:00:00+00:00,2014-10-03 09:45:00+00:00,Points,Instantaneous,"[{'Name': 'VERY LOW', 'Type': 'ThresholdBelow', 'Periods': [{'EndTime': '9999-12-31T23:59:59.9999999+00:00', 'StartTime': '2014-10-04T00:00:00.0000000-06:00', 'AppliedTime': '2017-04-30T13:13:13.8212036Z', 'SuppressData': True, 'ReferenceValue': -1}], 'Severity': 0, 'Description': 'Unspecified threshold value', 'DisplayColor': '#800000', 'ReferenceCode': 'AQUARIUS only', 'ProcessingOrder': 'Suppression'}, {'Name': 'VERY HIGH', 'Type': 'ThresholdAbove', 'Periods': [{'EndTime': '9999-12-31T23:59:59.9999999+00:00', 'StartTime': '2014-10-04T00:00:00.0000000-06:00', 'AppliedTime': '2017-04-30T13:13:13.7242022Z', 'SuppressData': True, 'ReferenceValue': 50}], 'Severity': 0, 'Description': 'Unspecified threshold value', 'DisplayColor': '#FF0000', 'ReferenceCode': 'AQUARIUS only', 'ProcessingOrder': 'Suppression'}]",,Primary,USGS-05480603,,"Nitrate plus nitrite, water, in situ, milligrams per liter as nitrogen",,PT1H12M
215,8e76388ebcb245d38f39db6dc7224309,POINT (-95.5814444444444 40.8732777777778),mg/l,"NO3+NO2,water,insitu as N",99133,00011,102400020805,Iowa,2026-07-13 07:04:00.433686,2016-03-02 06:00:00.000001,2026-07-13 07:00:00.000001,2016-03-02 12:00:00+00:00,2026-07-13 12:00:00+00:00,Points,Instantaneous,"[{'Name': 'VERY HIGH', 'Type': 'ThresholdAbove', 'Periods': [{'EndTime': '9999-12-31T23:59:59.9999999+00:00', 'Comments': 'Operating limit of sensor', 'StartTime': '2021-03-11T00:00:00.0000000-06:00', 'AppliedTime': '2021-09-14T15:40:30.6533171Z', 'SuppressData': True, 'ReferenceValue': 50}], 'Severity': 0, 'Description': 'Unspecified threshold value', 'DisplayColor': '#990600', 'ReferenceCode': 'AQUARIUS only', 'ProcessingOrder': 'Suppression'}, {'Name': 'VERY LOW', 'Type': 'ThresholdBelow', 'Periods': [{'EndTime': '9999-12-31T23:59:59.9999999+00:00', 'StartTime': '2021-03-11T00:00:00.0000000-06:00', 'AppliedTime': '2021-09-14T15:43:40.2170873Z', 'SuppressData': True, 'ReferenceValue': -1}], 'Severity': 0, 'Description': 'Unspecified threshold value', 'DisplayColor': '#990600', 'ReferenceCode': 'AQUARIUS only', 'ProcessingOrder': 'Suppression'}]",,Primary,USGS-06808500,,"Nitrate plus nitrite, water, in situ, milligrams per liter as nitrogen",,PT1H12M
216,8eed23f92e444fa1a13106b294205745,POINT (-93.8059444444444 42.4319722222222),mg/l,"NO3+NO2,water,insitu as N",99133,00003,071000050704,Iowa,2024-12-17 21:09:42.561104,2012-03-15 00:00:00.000001,2017-10-01 00:00:00.000001,2012-03-15 05:00:00+00:00,2017-10-01 05:00:00+00:00,Daily,Mean,[],,Primary,USGS-05481000,,"Nitrate plus nitrite, water, in situ, milligrams per liter as nitrogen",d0ecc6b4e6d24e18a32b224ef09aae96,
217,8f7347c6c2884108b725243211d7db4d,POINT (-90.7293333333333 42.1643333333333),%,Diss oxygen saturtn,00301,00003,070600060803,Iowa,2017-04-30 12:25:03.614374,2013-05-11 00:00:00.000001,2013-08-05 00:00:00.000001,2013-05-11 05:00:00+00:00,2013-08-05 05:00:00+00:00,Daily,Mean,[],YSI EX02,Primary,USGS-05418400,,"Dissolved oxygen, water, unfiltered, percent of saturation",17a200d6d49b498c84d9c9b538454435,
218,8f98b6fc5eaa4f239523907f72942f36,POINT (-95.0145277777778 40.7432222222222),degC,"Temperature, water",00010,00011,102400090703,Iowa,2026-07-13 07:45:25.480319,2012-09-13 05:00:00.000001,2026-07-13 07:30:00.000001,2012-09-13 10:00:00+00:00,2026-07-13 12:30:00+00:00,Points,Instantaneous,"[{'Name': 'VERY HIGH', 'Type': 'ThresholdAbove', 'Periods': [{'EndTime': '9999-12-31T23:59:59.9999999+00:00', 'StartTime': '2017-01-19T00:00:00.0000000-06:00', 'AppliedTime': '2017-04-30T14:16:47.5469895Z', 'SuppressData': True, 'ReferenceValue': 40}], 'Severity': 0, 'Description': 'Unspecified threshold value', 'DisplayColor': '#FF0000', 'ReferenceCode': 'AQUARIUS only', 'ProcessingOrder': 'Suppression'}, {'Name': 'VERY LOW', 'Type': 'ThresholdBelow', 'Periods': [{'EndTime': '9999-12-31T23:59:59.9999999+00:00', 'StartTime': '2017-01-19T00:00:00.0000000-06:00', 'AppliedTime': '2017-04-30T14:16:47.7278934Z', 'SuppressData': True, 'ReferenceValue': -4}], 'Severity': 0, 'Description': 'Unspecified threshold value', 'DisplayColor': '#800000', 'ReferenceCode': 'AQUARIUS only', 'ProcessingOrder': 'Suppression'}]",Downstream QW Location,Primary,USGS-06817000,,"Temperature, water, degrees Celsius",,PT1H12M
219,8fb3dff4b36c4d74b147671a5a1dbf0b,POINT (-90.7293333333333 42.1643333333333),mg/l,"NO3+NO2,water,insitu as N",99133,00003,070600060803,Iowa,2017-04-30 12:21:33.689214,2013-05-30 00:00:00.000001,2013-06-15 00:00:00.000001,2013-05-30 05:00:00+00:00,2013-06-15 05:00:00+00:00,Daily,Mean,[],SUNA,Primary,USGS-05418400,,"Nitrate plus nitrite, water, in situ, milligrams per liter as nitrogen",1153a62e70654ee2bfdc1d3f62fa3554,
220,91cf830a982343419a12b92a35b5c4ed,POINT (-90.7293333333333 42.1643333333333),_FBRU,"Turbidity, FBRU",72213,00011,070600060803,Iowa,2020-10-02 16:21:14.704651,2012-05-25 05:00:00.000001,2014-11-12 05:45:00.000001,2012-05-25 10:00:00+00:00,2014-11-12 11:45:00+00:00,Points,Instantaneous,"[{'Name': 'VERY HIGH', 'Type': 'ThresholdAbove', 'Periods': [{'EndTime': '9999-12-31T23:59:59.9999999+00:00', 'StartTime': '2014-11-13T00:00:00.0000000-06:00', 'AppliedTime': '2017-04-30T12:19:32.2857211Z', 'SuppressData': True, 'ReferenceValue': 10001}], 'Severity': 0, 'Description': 'Unspecified threshold value', 'DisplayColor': '#FF0000', 'ReferenceCode': 'AQUARIUS only', 'ProcessingOrder': 'Suppression'}, {'Name': 'VERY LOW', 'Type': 'ThresholdBelow', 'Periods': [{'EndTime': '9999-12-31T23:59:59.9999999+00:00', 'StartTime': '2014-11-13T00:00:00.0000000-06:00', 'AppliedTime': '2017-04-30T12:19:32.5388491Z', 'SuppressData': True, 'ReferenceValue': -1}], 'Severity': 0, 'Description': 'Unspecified threshold value', 'DisplayColor': '#800000', 'ReferenceCode': 'AQUARIUS only', 'ProcessingOrder': 'Suppression'}]",,Primary,USGS-05418400,,"Turbidity, water, unfiltered, monochrome near infra-red LED light, 780-900 nm, detector angles at 90 +-2.5 degrees and 0-45 degrees, ratiometric correction, FBRU",,PT1H12M
222,9457afe53abe430aab87f2aaad180584,POINT (-91.2617990802579 42.7399884281497),mg/l,"Phosphorus, wu as P",00665,00003,070600040902,Iowa,2026-07-13 06:32:25.891466,2018-03-28 00:00:00.000001,2026-07-12 00:00:00.000001,2018-03-28 05:00:00+00:00,2026-07-12 05:00:00+00:00,Daily,Mean,[],,Primary,USGS-05412500,,"Phosphorus, water, unfiltered, milligrams per liter as phosphorus",a50e3cb7490c44e4a32c726e10733fda,
223,9475339a95ce49d79fc95de3ac68ae6d,POINT (-95.23916666666666 43.21277777777778),tons/day,"NO3+NO2, w, total as N",83554,00003,102300030802,Iowa,2019-09-03 20:11:50.219915,,,,,Daily,Mean,[],,Primary,USGS-06604440,,"Nitrate plus nitrite, water, total, short tons per day as nitrogen",,P1D
224,94db4db4149146718bf8f97ee0815c5a,POINT (-90.7293333333333 42.1643333333333),uS/cm,Specific cond at 25C,00095,00011,070600060803,Iowa,2020-10-02 16:17:35.821362,2013-05-11 05:00:00.000001,2013-08-07 04:59:08.000001,2013-05-11 10:00:00+00:00,2013-08-07 09:59:08+00:00,Points,Instantaneous,"[{'Name': 'VERY HIGH', 'Type': 'ThresholdAbove', 'Periods': [{'EndTime': '9999-12-31T23:59:59.9999999+00:00', 'StartTime': '2013-10-25T00:00:00.0000000-06:00', 'AppliedTime': '2017-04-30T12:19:35.4709749Z', 'SuppressData': True, 'ReferenceValue': 5001}], 'Severity': 0, 'Description': 'Unspecified threshold value', 'DisplayColor': '#FF0000', 'ReferenceCode': 'AQUARIUS only', 'ProcessingOrder': 'Suppression'}, {'Name': 'VERY LOW', 'Type': 'ThresholdBelow', 'Periods': [{'EndTime': '9999-12-31T23:59:59.9999999+00:00', 'StartTime': '2013-10-25T00:00:00.0000000-06:00', 'AppliedTime': '2017-04-30T12:19:35.7331588Z', 'SuppressData': True, 'ReferenceValue': -1}], 'Severity': 0, 'Description': 'Unspecified threshold value', 'DisplayColor': '#800000', 'ReferenceCode': 'AQUARIUS only', 'ProcessingOrder': 'Suppression'}]",YSI EX02,Primary,USGS-05418400,,"Specific conductance, water, unfiltered, microsiemens per centimeter at 25 degrees Celsius",,PT1H12M
225,96298464f10c4e6aa02e035056453519,POINT (-91.124556 42.470333),ft,Gage height,00065,,0706000603,Iowa,2019-06-19 17:59:00.108667,2013-03-10 00:00:00.000001,2015-03-11 00:00:00.000001,2013-03-10 06:00:00+00:00,2015-03-11 05:00:00+00:00,Water Year,Max At Event Time,[],,Primary,USGS-05418110,,"Gage height, feet",4a68a8c10318491e8a172305c935a9e1,
227,96e6b907b72a44048cda0e5639605f08,POINT (-91.73691666666667 41.999611111111115),uS/cm,Specific cond at 25C,00095,00011,070802051507,Iowa,2026-07-13 08:21:03.941235,2025-03-10 19:45:00.000001,2026-07-13 08:15:00.000001,2025-03-11 00:45:00+00:00,2026-07-13 13:15:00+00:00,Points,Instantaneous,[],,Primary,USGS-415959091441301,InSitu Aqua Troll,"Specific conductance, water, unfiltered, microsiemens per centimeter at 25 degrees Celsius",,PT1H12M
228,9727adc70cdb46c3b8ce2ed8740f2d85,POINT (-91.1820916666667 41.1780861111111),mg/l,"NO3+NO2,water,insitu as N",99133,00011,070802091104,Iowa,2026-07-13 07:07:30.947832,2009-06-03 05:00:00.000001,2026-07-13 07:00:00.000001,2009-06-03 10:00:00+00:00,2026-07-13 12:00:00+00:00,Points,Instantaneous,"[{'Name': 'VERY HIGH', 'Type': 'ThresholdAbove', 'Periods': [{'EndTime': '9999-12-31T23:59:59.9999999+00:00', 'StartTime': '2016-05-11T00:00:00.0000000-06:00', 'AppliedTime': '2017-04-30T13:06:22.3751338Z', 'SuppressData': True, 'ReferenceValue': 50}], 'Severity': 0, 'Description': 'Unspecified threshold value', 'DisplayColor': '#FF0000', 'ReferenceCode': 'AQUARIUS only', 'ProcessingOrder': 'Suppression'}, {'Name': 'VERY LOW', 'Type': 'ThresholdBelow', 'Periods': [{'EndTime': '9999-12-31T23:59:59.9999999+00:00', 'StartTime': '2016-05-11T00:00:00.0000000-06:00', 'AppliedTime': '2017-04-30T13:06:22.9176626Z', 'SuppressData': True, 'ReferenceValue': -1}], 'Severity': 0, 'Description': 'Unspecified threshold value', 'DisplayColor': '#800000', 'ReferenceCode': 'AQUARIUS only', 'ProcessingOrder': 'Suppression'}]",,Primary,USGS-05465500,,"Nitrate plus nitrite, water, in situ, milligrams per liter as nitrogen",,PT1H12M
229,97fb87d3352149c283ddac38dbfbead2,POINT (-91.7851805555556 42.0691638888889),mg/l,Dissolved oxygen,00300,00011,070802051507,Iowa,2026-07-13 06:22:24.226753,2018-08-03 16:45:00.000001,2026-07-13 06:15:00.000001,2018-08-03 21:45:00+00:00,2026-07-13 11:15:00+00:00,Points,Instantaneous,"[{'Name': 'Very Low', 'Type': 'ThresholdBelow', 'Periods': [{'EndTime': '9999-12-31T23:59:59.9999999+00:00', 'StartTime': '2021-12-16T11:30:00.0000000-06:00', 'AppliedTime': '2022-05-19T12:12:26.3139534Z', 'SuppressData': True, 'ReferenceValue': -1}], 'Severity': 0, 'Description': 'Unspecified threshold value', 'DisplayColor': '#990600', 'ReferenceCode': 'AQUARIUS only', 'ProcessingOrder': 'Suppression'}, {'Name': 'Very High', 'Type': 'ThresholdAbove', 'Periods': [{'EndTime': '9999-12-31T23:59:59.9999999+00:00', 'StartTime': '2021-12-16T11:30:00.0000000-06:00', 'AppliedTime': '2022-05-19T12:10:59.4388501Z', 'SuppressData': True, 'ReferenceValue': 30}], 'Severity': 0, 'Description': 'Unspecified threshold value', 'DisplayColor': '#990600', 'ReferenceCode': 'AQUARIUS only', 'ProcessingOrder': 'Suppression'}]",YSI EXO3,Primary,USGS-05464420,,"Dissolved oxygen, water, unfiltered, milligrams per liter",,PT1H12M
230,98e8d8bf298541a6b89eba68f5395015,POINT (-93.8059444444444 42.4319722222222),ft^3/s,Discharge,00060,00003,071000050704,Iowa,2026-07-13 06:18:26.932798,1940-03-09 00:00:00.000001,2026-07-11 00:00:00.000001,1940-03-09 06:00:00+00:00,2026-07-11 05:00:00+00:00,Daily,Mean,[],,Primary,USGS-05481000,,"Discharge, cubic feet per second",be4603f0af984e6fb288645ea8b34297,
231,9bb6aeb4469c445b923e9ec2cf31a125,POINT (-93.1521944444444 42.3153055555556),_NTU,"Turbidity, NTU",63675,00011,070802070604,Iowa,2018-03-15 10:56:02.516293,2010-04-23 05:00:00.000001,2011-11-29 05:45:00.000001,2010-04-23 10:00:00+00:00,2011-11-29 11:45:00+00:00,Points,Instantaneous,"[{'Name': 'VERY HIGH', 'Type': 'ThresholdAbove', 'Periods': [{'EndTime': '9999-12-31T23:59:59.9999999+00:00', 'StartTime': '2012-10-01T00:00:00.0000000-06:00', 'AppliedTime': '2017-04-30T12:34:09.8163226Z', 'SuppressData': True, 'ReferenceValue': 10001}], 'Severity': 0, 'Description': 'Unspecified threshold value', 'DisplayColor': '#FF0000', 'ReferenceCode': 'AQUARIUS only', 'ProcessingOrder': 'Suppression'}, {'Name': 'VERY LOW', 'Type': 'ThresholdBelow', 'Periods': [{'EndTime': '9999-12-31T23:59:59.9999999+00:00', 'StartTime': '2012-10-01T00:00:00.0000000-06:00', 'AppliedTime': '2017-04-30T12:34:10.0623296Z', 'SuppressData': True, 'ReferenceValue': -1}], 'Severity': 0, 'Description': 'Unspecified threshold value', 'DisplayColor': '#800000', 'ReferenceCode': 'AQUARIUS only', 'ProcessingOrder': 'Suppression'}]",,Primary,USGS-05451210,,"Turbidity, water, unfiltered, broad band light source (400-680 nm), detection angle 90 +-30 degrees to incident light, nephelometric turbidity units (NTU)",,PT1H12M
232,9c7b6f855088401eaa7f38c4939e57d8,POINT (-94.9910277777778 42.3545555555556),ft^3/s,Discharge,00060,00011,071000060801,Iowa,2026-07-13 07:21:35.146911,1990-10-01 05:15:00.000001,2026-07-13 07:15:00.000001,1990-10-01 10:15:00+00:00,2026-07-13 12:15:00+00:00,Points,Instantaneous,"[{'Name': 'Peak discharge, 13,100 cfs, March 23, 1979', 'Type': 'None', 'Periods': [{'EndTime': '9999-12-31T23:59:59.9999999+00:00', 'StartTime': '2017-03-21T00:00:00.0000000-06:00', 'AppliedTime': '2017-04-30T13:28:22.5138275Z', 'SuppressData': False, 'ReferenceValue': 13100}], 'Severity': 0, 'Description': 'Display reference value', 'DisplayColor': '#00CCFF', 'ReferenceCode': 'NWISWeb ref level - Public', 'ProcessingOrder': 'Suppression'}, {'Name': 'Highest QM, 12,500 cfs., March 23, 1979', 'Type': 'None', 'Periods': [{'EndTime': '9999-12-31T23:59:59.9999999+00:00', 'StartTime': '0001-01-01T00:00:00.0000000+00:00', 'AppliedTime': '2019-09-24T13:45:53.3758789Z', 'SuppressData': False, 'ReferenceValue': 12500}], 'Severity': 0, 'Description': 'NWISWeb reference line displayed to USGS level users', 'DisplayColor': '#990600', 'ReferenceCode': 'NWISWeb ref level - USGS', 'ProcessingOrder': 'Suppression'}]",,Primary,USGS-05482300,,"Discharge, cubic feet per second",3d4ac6d9cd3e419db4f9c84356646afe,PT1H12M
233,9cfd0a20891b42be9d0ea224e31fe019,POINT (-91.6157222222222 41.6064055555556),ft^3/s,Discharge,00060,00003,070802090207,Iowa,2026-07-13 06:08:41.120820,1950-10-01 00:00:00.000001,2026-07-11 00:00:00.000001,1950-10-01 06:00:00+00:00,2026-07-11 05:00:00+00:00,Daily,Mean,[],,Primary,USGS-05455100,,"Discharge, cubic feet per second",c14df1053611453bae3e0738829e0fe5,
234,9d10bf811dae4102a25136e62ba482a6,POINT (-93.7668055555555 42.49325),ft,Gage height,00065,,071000050701,Iowa,2019-06-19 19:13:37.547203,2013-06-24 00:00:00.000001,2013-06-24 00:00:00.000001,2013-06-24 05:00:00+00:00,2013-06-24 05:00:00+00:00,Water Year,Max At Event Time,[],,Primary,USGS-05480986,,"Gage height, feet",,
235,9e6798919b2d4bb3b8ee2262a8301f86,POINT (-93.1521944444444 42.3153055555556),pH Units,pH,00400,00011,070802070604,Iowa,2017-04-30 12:37:57.625318,2007-10-01 06:00:00.000001,2011-11-29 05:45:00.000001,2007-10-01 11:00:00+00:00,2011-11-29 11:45:00+00:00,Points,Instantaneous,"[{'Name': 'VERY HIGH', 'Type': 'ThresholdAbove', 'Periods': [{'EndTime': '9999-12-31T23:59:59.9999999+00:00', 'StartTime': '2012-02-24T00:00:00.0000000-06:00', 'AppliedTime': '2017-04-30T12:34:05.9036723Z', 'SuppressData': True, 'ReferenceValue': 15}], 'Severity': 0, 'Description': 'Unspecified threshold value', 'DisplayColor': '#FF0000', 'ReferenceCode': 'AQUARIUS only', 'ProcessingOrder': 'Suppression'}, {'Name': 'VERY LOW', 'Type': 'ThresholdBelow', 'Periods': [{'EndTime': '9999-12-31T23:59:59.9999999+00:00', 'StartTime': '2012-02-24T00:00:00.0000000-06:00', 'AppliedTime': '2017-04-30T12:34:06.340107Z', 'SuppressData': True, 'ReferenceValue': -1}], 'Severity': 0, 'Description': 'Unspecified threshold value', 'DisplayColor': '#800000', 'ReferenceCode': 'AQUARIUS only', 'ProcessingOrder': 'Suppression'}]",,Primary,USGS-05451210,,"pH, water, unfiltered, field, standard units",,PT1H12M
236,9e9349d2a51a4ccc904607b7c313aa9b,POINT (-91.6157222222222 41.6064055555556),degC,"Temperature, water",00010,00011,070802090207,Iowa,2020-10-02 16:38:04.944426,2012-02-21 06:00:00.000001,2015-11-10 05:45:00.000001,2012-02-21 12:00:00+00:00,2015-11-10 11:45:00+00:00,Points,Instantaneous,"[{'Name': 'VERY LOW', 'Type': 'ThresholdBelow', 'Periods': [{'EndTime': '9999-12-31T23:59:59.9999999+00:00', 'StartTime': '2015-11-10T00:00:00.0000000-06:00', 'AppliedTime': '2017-04-30T12:43:47.9622935Z', 'SuppressData': True, 'ReferenceValue': -4}], 'Severity': 0, 'Description': 'Unspecified threshold value', 'DisplayColor': '#800000', 'ReferenceCode': 'AQUARIUS only', 'ProcessingOrder': 'Suppression'}, {'Name': 'VERY HIGH', 'Type': 'ThresholdAbove', 'Periods': [{'EndTime': '9999-12-31T23:59:59.9999999+00:00', 'StartTime': '2015-11-10T00:00:00.0000000-06:00', 'AppliedTime': '2017-04-30T12:43:47.7247465Z', 'SuppressData': True, 'ReferenceValue': 40}], 'Severity': 0, 'Description': 'Unspecified threshold value', 'DisplayColor': '#FF0000', 'ReferenceCode': 'AQUARIUS only', 'ProcessingOrder': 'Suppression'}]",,Primary,USGS-05455100,,"Temperature, water, degrees Celsius",,PT1H12M
237,9fdca9e24bc74f55a7d2ffc63054f49a,POINT (-93.8059444444444 42.4319722222222),ft,Gage height,00065,00011,071000050704,Iowa,2026-07-13 07:17:52.712234,2007-10-01 06:00:00.000001,2026-07-13 07:00:00.000001,2007-10-01 11:00:00+00:00,2026-07-13 12:00:00+00:00,Points,Instantaneous,"[{'Name': 'National Weather Service Flood Stage', 'Type': 'None', 'Periods': [{'EndTime': '9999-12-31T23:59:59.9999999+00:00', 'StartTime': '2017-03-22T00:00:00.0000000-06:00', 'AppliedTime': '2017-04-30T13:22:40.3708106Z', 'SuppressData': False, 'ReferenceValue': 14}], 'Severity': 0, 'Description': 'Display reference value', 'DisplayColor': '#00CCFF', 'ReferenceCode': 'NWISWeb ref level - Public', 'ProcessingOrder': 'Suppression'}, {'Name': 'Operational limit (maximum) upper operating limit', 'Type': 'ThresholdAbove', 'Periods': [{'EndTime': '9999-12-31T23:59:59.9999999+00:00', 'StartTime': '2017-03-22T00:00:00.0000000-06:00', 'AppliedTime': '2017-04-30T13:22:39.2606405Z', 'SuppressData': True, 'ReferenceValue': 33.2, 'SecondaryReferenceValue': 29.88}], 'Severity': 0, 'Description': 'Values above a specified threshold limit', 'DisplayColor': '#CCCCCC', 'ReferenceCode': 'Operational limit - high-Public', 'ProcessingOrder': 'Suppression'}, {'Name': 'Peak gage height, 18.55 ft, June 22, 1954', 'Type': 'None', 'Periods': [{'EndTime': '9999-12-31T23:59:59.9999999+00:00', 'StartTime': '2017-03-22T00:00:00.0000000-06:00', 'AppliedTime': '2017-04-30T13:22:40.5188935Z', 'SuppressData': False, 'ReferenceValue': 18.55}], 'Severity': 0, 'Description': 'Display reference value', 'DisplayColor': '#00CCFF', 'ReferenceCode': 'NWISWeb ref level - Public', 'ProcessingOrder': 'Suppression'}, {'Name': 'Operational limit (minimum) lower operating limit', 'Type': 'ThresholdBelow', 'Periods': [{'EndTime': '9999-12-31T23:59:59.9999999+00:00', 'StartTime': '2017-03-22T00:00:00.0000000-06:00', 'AppliedTime': '2017-04-30T13:22:39.8437619Z', 'SuppressData': True, 'ReferenceValue': 0.7, 'SecondaryReferenceValue': 0.9}], 'Severity': 0, 'Description': 'Values below a specified threshold limit', 'DisplayColor': '#666666', 'ReferenceCode': 'Operational limit - low-Public', 'ProcessingOrder': 'Suppression'}]",,Primary,USGS-05481000,,"Gage height, feet",3546c130f9e044d5b13d1b20d9d8b395,PT1H12M
238,a24d74b432fe488a93ad980e8c00b2dc,POINT (-91.6671239375737 41.9719454904984),ft,"Stream level, NGVD29",63158,00011,070802051507,Iowa,2026-07-13 04:07:10.299464,2007-10-01 06:00:00.000001,2026-07-13 04:00:00.000001,2007-10-01 11:00:00+00:00,2026-07-13 09:00:00+00:00,Points,Instantaneous,[],,Primary,USGS-05464500,,"Stream water level elevation above NGVD 1929, in feet",dce20396189a49b5aa1c3b0cc6e76899,PT1H12M
239,a260490e53b242ff8932fcf88cd328fc,POINT (-90.7293333333333 42.1643333333333),uS/cm,Specific cond at 25C,00095,00003,070600060803,Iowa,2017-04-30 12:22:58.583173,2013-05-11 00:00:00.000001,2013-08-06 00:00:00.000001,2013-05-11 05:00:00+00:00,2013-08-06 05:00:00+00:00,Daily,Mean,[],YSI EX02,Primary,USGS-05418400,,"Specific conductance, water, unfiltered, microsiemens per centimeter at 25 degrees Celsius",94db4db4149146718bf8f97ee0815c5a,
240,a2cd5c6e69f04161a925bb8c47f40ea0,POINT (-95.23916666666666 43.21277777777778),ft,Gage height,00065,,102300030802,Iowa,2019-06-19 19:56:59.489557,2010-03-18 00:00:00.000001,2015-03-11 00:00:00.000001,2010-03-18 05:00:00+00:00,2015-03-11 05:00:00+00:00,Water Year,Max At Event Time,[],,Primary,USGS-06604440,,"Gage height, feet",3d66f00a66114cf9b4b5fafdaa5f7f28,
241,a3296719d5944a4badfb44ac26e43941,POINT (-90.3350833333333 42.1638611111111),ft^3/s,Discharge,00060,00003,070600061007,Iowa,2020-02-04 16:49:27.591993,2014-04-09 00:00:00.000001,2018-10-03 00:00:00.000001,2014-04-09 05:00:00+00:00,2018-10-03 05:00:00+00:00,Daily,Mean,[],,Primary,USGS-05418720,,"Discharge, cubic feet per second",457f9a25ed554ec6944e8f4d8153594f,
242,a3865e83325b4d939685479c476ce7f2,POINT (-95.0145277777778 40.7432222222222),uS/cm,"SpecCond,wu25degCLab",90095,00011,102400090703,Iowa,2017-04-30 14:17:55.502369,,,,,Daily,Instantaneous,[],sediment station,Primary,USGS-06817000,,"Specific conductance, water, unfiltered, laboratory, microsiemens per centimeter at 25 degrees Celsius",,
243,a50e3cb7490c44e4a32c726e10733fda,POINT (-91.2617990802579 42.7399884281497),mg/l,"Phosphorus, wu as P",00665,00011,070600040902,Iowa,2026-07-13 04:32:33.198784,2018-03-27 21:05:00.000001,2026-07-13 04:15:00.000001,2018-03-28 02:05:00+00:00,2026-07-13 09:15:00+00:00,Points,Instantaneous,[],,Primary,USGS-05412500,,"Phosphorus, water, unfiltered, milligrams per liter as phosphorus",263030b770a145bb88d52560d147f81a,
244,a6de6ff23b3a477eb357a907ab5b66a0,POINT (-94.1511666666667 41.5904166666667),_FBRU,"Turbidity, FBRU",72213,00011,071000070902,Iowa,2026-05-07 15:35:26.917659,2016-03-03 06:00:00.000001,2026-05-07 15:30:00.000001,2016-03-03 12:00:00+00:00,2026-05-07 20:30:00+00:00,Points,Instantaneous,[],,Primary,USGS-05484000,,"Turbidity, water, unfiltered, monochrome near infra-red LED light, 780-900 nm, detector angles at 90 +-2.5 degrees and 0-45 degrees, ratiometric correction, FBRU",,PT1H12M
245,a9387c99f6f44fb8ba0faac04a4a39e4,POINT (-93.1521944444444 42.3153055555556),%,Diss oxygen saturtn,00301,00011,070802070604,Iowa,2017-04-30 12:40:23.514030,2013-05-14 05:00:00.000001,2013-11-18 05:45:46.000001,2013-05-14 10:00:00+00:00,2013-11-18 11:45:46+00:00,Points,Instantaneous,"[{'Name': 'VERY HIGH', 'Type': 'ThresholdAbove', 'Periods': [{'EndTime': '9999-12-31T23:59:59.9999999+00:00', 'StartTime': '2014-10-01T00:00:00.0000000-06:00', 'AppliedTime': '2017-04-30T12:34:41.9448496Z', 'SuppressData': True, 'ReferenceValue': 200}], 'Severity': 0, 'Description': 'Unspecified threshold value', 'DisplayColor': '#FF0000', 'ReferenceCode': 'AQUARIUS only', 'ProcessingOrder': 'Suppression'}, {'Name': 'VERY LOW', 'Type': 'ThresholdBelow', 'Periods': [{'EndTime': '9999-12-31T23:59:59.9999999+00:00', 'StartTime': '2014-10-01T00:00:00.0000000-06:00', 'AppliedTime': '2017-04-30T12:34:41.9985718Z', 'SuppressData': True, 'ReferenceValue': -1}], 'Severity': 0, 'Description': 'Unspecified threshold value', 'DisplayColor': '#800000', 'ReferenceCode': 'AQUARIUS only', 'ProcessingOrder': 'Suppression'}]",,Primary,USGS-05451210,,"Dissolved oxygen, water, unfiltered, percent of saturation",,PT1H12M
246,aaf8a09ad59d4e61bc6eba46e56f7d83,POINT (-91.73691666666667 41.999611111111115),mg/l,"NO3+NO2,water,insitu as N",99133,00011,070802051507,Iowa,2026-07-13 07:20:51.490939,2025-02-27 13:30:00.000001,2026-07-13 07:15:00.000001,2025-02-27 19:30:00+00:00,2026-07-13 12:15:00+00:00,Points,Instantaneous,"[{'Name': 'Very High', 'Type': 'ThresholdAbove', 'Periods': [{'EndTime': '9999-12-31T23:59:59.9999999+00:00', 'StartTime': '0001-01-01T00:00:00.0000000+00:00', 'AppliedTime': '2026-01-23T20:21:21.3652317Z', 'SuppressData': True, 'ReferenceValue': 15}], 'Severity': 0, 'Description': 'Unspecified threshold value', 'DisplayColor': '#990600', 'ReferenceCode': 'AQUARIUS only', 'ProcessingOrder': 'Suppression'}, {'Name': 'low limit', 'Type': 'ThresholdBelow', 'Periods': [{'EndTime': '9999-12-31T23:59:59.9999999+00:00', 'StartTime': '0001-01-01T00:00:00.0000000+00:00', 'AppliedTime': '2026-03-27T18:04:25.8617724Z', 'SuppressData': True, 'ReferenceValue': 0}], 'Severity': 0, 'Description': 'Values below a specified threshold limit', 'DisplayColor': '#990600', 'ReferenceCode': 'Operational limit - low-Public', 'ProcessingOrder': 'Suppression'}]",,Primary,USGS-415959091441301,,"Nitrate plus nitrite, water, in situ, milligrams per liter as nitrogen",,PT1H12M
247,ab29cc9bbc73490892b3edaa6fe28ff3,POINT (-93.6197222222222 41.6119444444444),ft,Gage height,00065,00011,071000041003,Iowa,2026-07-13 06:30:37.655185,2007-10-01 06:00:00.000001,2026-07-13 06:15:00.000001,2007-10-01 11:00:00+00:00,2026-07-13 11:15:00+00:00,Points,Instantaneous,"[{'Name': 'Operational limit (minimum) lower operating limit', 'Type': 'ThresholdBelow', 'Periods': [{'EndTime': '9999-12-31T23:59:59.9999999+00:00', 'StartTime': '2017-04-04T00:00:00.0000000-06:00', 'AppliedTime': '2017-04-30T13:23:24.7428647Z', 'SuppressData': True, 'ReferenceValue': 8.5, 'SecondaryReferenceValue': 8.7}], 'Severity': 0, 'Description': 'Values below a specified threshold limit', 'DisplayColor': '#666666', 'ReferenceCode': 'Operational limit - low-Public', 'ProcessingOrder': 'Suppression'}, {'Name': 'Operational limit (maximum) upper operating limit', 'Type': 'ThresholdAbove', 'Periods': [{'EndTime': '9999-12-31T23:59:59.9999999+00:00', 'StartTime': '2017-04-04T00:00:00.0000000-06:00', 'AppliedTime': '2017-04-30T13:23:24.1587051Z', 'SuppressData': True, 'ReferenceValue': 43.3, 'SecondaryReferenceValue': 38.97}], 'Severity': 0, 'Description': 'Values above a specified threshold limit', 'DisplayColor': '#CCCCCC', 'ReferenceCode': 'Operational limit - high-Public', 'ProcessingOrder': 'Suppression'}, {'Name': 'National Weather Service Flood Stage', 'Type': 'None', 'Periods': [{'EndTime': '9999-12-31T23:59:59.9999999+00:00', 'StartTime': '2017-04-04T00:00:00.0000000-06:00', 'AppliedTime': '2017-04-30T13:23:24.9085081Z', 'SuppressData': False, 'ReferenceValue': 23}], 'Severity': 0, 'Description': 'Display reference value', 'DisplayColor': '#00CCFF', 'ReferenceCode': 'NWISWeb ref level - Public', 'ProcessingOrder': 'Suppression'}, {'Name': 'Peak gage height, 31.57 ft, June 13, 2008', 'Type': 'None', 'Periods': [{'EndTime': '9999-12-31T23:59:59.9999999+00:00', 'StartTime': '2017-04-04T00:00:00.0000000-06:00', 'AppliedTime': '2017-04-30T13:23:25.2218225Z', 'SuppressData': False, 'ReferenceValue': 31.57}], 'Severity': 0, 'Description': 'Display reference value', 'DisplayColor': '#00CCFF', 'ReferenceCode': 'NWISWeb ref level - Public', 'ProcessingOrder': 'Suppression'}]",,Primary,USGS-05482000,,"Gage height, feet",0bebbbdec6cd4f418d4f5d8374d89063,PT1H12M
248,ab779cb6cfab4b7884f91c5fd9ecacdd,POINT (-90.7293333333333 42.1643333333333),ug/l,"DEPRECATED Chlorophyll, in situ",62361,00011,070600060803,Iowa,2017-04-30 12:20:37.239643,2013-05-11 05:00:00.000001,2013-08-06 04:59:55.000001,2013-05-11 10:00:00+00:00,2013-08-06 09:59:55+00:00,Points,Instantaneous,"[{'Name': 'VERY LOW', 'Type': 'ThresholdBelow', 'Periods': [{'EndTime': '9999-12-31T23:59:59.9999999+00:00', 'StartTime': '2013-10-24T00:00:00.0000000-06:00', 'AppliedTime': '2017-04-30T12:19:40.0486787Z', 'SuppressData': True, 'ReferenceValue': -1}], 'Severity': 0, 'Description': 'Unspecified threshold value', 'DisplayColor': '#800000', 'ReferenceCode': 'AQUARIUS only', 'ProcessingOrder': 'Suppression'}, {'Name': 'VERY HIGH', 'Type': 'ThresholdAbove', 'Periods': [{'EndTime': '9999-12-31T23:59:59.9999999+00:00', 'StartTime': '2013-10-24T00:00:00.0000000-06:00', 'AppliedTime': '2017-04-30T12:19:39.7247974Z', 'SuppressData': True, 'ReferenceValue': 200}], 'Severity': 0, 'Description': 'Unspecified threshold value', 'DisplayColor': '#FF0000', 'ReferenceCode': 'AQUARIUS only', 'ProcessingOrder': 'Suppression'}]",YSI EX02,Primary,USGS-05418400,,"Chlorophyll, total, water, fluorometric, 650-700 nanometers, in situ sensor, micrograms per liter",,PT1H12M
249,abc5ccb0fb3542b78c91e0052d5dc43c,POINT (-95.0145277777778 40.7432222222222),degC,"Temperature, water",00010,00011,102400090703,Iowa,2017-04-30 14:20:54.290438,,,,,Daily,Instantaneous,[],sediment station,Primary,USGS-06817000,,"Temperature, water, degrees Celsius",,
250,ad34b2ec850c411cbf465409ac616713,POINT (-95.5814444444444 40.8732777777778),ft,Gage height,00065,00011,102400020805,Iowa,2026-07-13 07:04:05.029776,2007-10-01 06:00:00.000001,2026-07-13 07:00:00.000001,2007-10-01 11:00:00+00:00,2026-07-13 12:00:00+00:00,Points,Instantaneous,"[{'Name': 'CSG PIN', 'Type': 'None', 'Periods': [{'EndTime': '9999-12-31T23:59:59.9999999+00:00', 'StartTime': '0001-01-01T00:00:00.0000000+00:00', 'AppliedTime': '2026-05-28T12:52:21.129275Z', 'SuppressData': False, 'ReferenceValue': 22.62}], 'Severity': 0, 'Description': 'Unspecified threshold value', 'DisplayColor': '#990600', 'ReferenceCode': 'AQUARIUS only', 'ProcessingOrder': 'Suppression'}, {'Name': 'Peak gage height, 24.60 ft, March 5, 1949', 'Type': 'None', 'Periods': [{'EndTime': '9999-12-31T23:59:59.9999999+00:00', 'StartTime': '2017-04-03T00:00:00.0000000-06:00', 'AppliedTime': '2017-04-30T14:11:07.9616731Z', 'SuppressData': False, 'ReferenceValue': 24.6}], 'Severity': 0, 'Description': 'Display reference value', 'DisplayColor': '#00CCFF', 'ReferenceCode': 'NWISWeb ref level - Public', 'ProcessingOrder': 'Suppression'}, {'Name': 'Operational limit (maximum) upper operating limit', 'Type': 'ThresholdAbove', 'Periods': [{'EndTime': '9999-12-31T23:59:59.9999999+00:00', 'StartTime': '2017-04-03T00:00:00.0000000-06:00', 'AppliedTime': '2017-04-30T14:11:06.0550108Z', 'SuppressData': True, 'ReferenceValue': 38.4, 'SecondaryReferenceValue': 34.56}], 'Severity': 0, 'Description': 'Values above a specified threshold limit', 'DisplayColor': '#CCCCCC', 'ReferenceCode': 'Operational limit - high-Public', 'ProcessingOrder': 'Suppression'}, {'Name': 'Operational limit (minimum) lower operating limit', 'Type': 'ThresholdBelow', 'Periods': [{'EndTime': '9999-12-31T23:59:59.9999999+00:00', 'StartTime': '2017-04-03T00:00:00.0000000-06:00', 'AppliedTime': '2017-04-30T14:11:07.3313985Z', 'SuppressData': True, 'ReferenceValue': 5.5, 'SecondaryReferenceValue': 5.7}], 'Severity': 0, 'Description': 'Values below a specified threshold limit', 'DisplayColor': '#666666', 'ReferenceCode': 'Operational limit - low-Public', 'ProcessingOrder': 'Suppression'}, {'Name': 'National Weather Service Flood Stage', 'Type': 'None', 'Periods': [{'EndTime': '9999-12-31T23:59:59.9999999+00:00', 'StartTime': '2017-04-03T00:00:00.0000000-06:00', 'AppliedTime': '2017-04-30T14:11:07.7386652Z', 'SuppressData': False, 'ReferenceValue': 19}], 'Severity': 0, 'Description': 'Display reference value', 'DisplayColor': '#00CCFF', 'ReferenceCode': 'NWISWeb ref level - Public', 'ProcessingOrder': 'Suppression'}]",,Primary,USGS-06808500,,"Gage height, feet",1cd97a26d0274f81b7431a347296de25,PT1H12M
251,ad947fdeedac42f289cc693802f772d9,POINT (-91.2617990802579 42.7399884281497),tons/day,"Phosphorus, wu",91007,00003,070600040902,Iowa,2026-07-13 06:32:30.821332,2017-12-31 00:00:00.000001,2026-07-12 00:00:00.000001,2017-12-31 06:00:00+00:00,2026-07-12 05:00:00+00:00,Daily,Mean,[],,Primary,USGS-05412500,,"Phosphorus, water, unfiltered, short tons of phosphorus per day",,
252,ada8bb15a0eb4022b38e3ef71163a756,POINT (-91.7851805555556 42.0691638888889),uS/cm,Specific cond at 25C,00095,00011,070802051507,Iowa,2026-07-13 06:22:24.044070,2018-08-03 16:45:00.000001,2026-07-13 06:15:00.000001,2018-08-03 21:45:00+00:00,2026-07-13 11:15:00+00:00,Points,Instantaneous,"[{'Name': 'Very High', 'Type': 'ThresholdAbove', 'Periods': [{'EndTime': '9999-12-31T23:59:59.9999999+00:00', 'StartTime': '2021-12-16T11:30:00.0000000-06:00', 'AppliedTime': '2022-05-19T12:17:50.297989Z', 'SuppressData': True, 'ReferenceValue': 5000}], 'Severity': 0, 'Description': 'Unspecified threshold value', 'DisplayColor': '#990600', 'ReferenceCode': 'AQUARIUS only', 'ProcessingOrder': 'Suppression'}, {'Name': 'Very Low', 'Type': 'ThresholdBelow', 'Periods': [{'EndTime': '9999-12-31T23:59:59.9999999+00:00', 'StartTime': '2021-12-16T11:30:00.0000000-06:00', 'AppliedTime': '2022-05-19T12:18:26.385104Z', 'SuppressData': True, 'ReferenceValue': -1}], 'Severity': 0, 'Description': 'Unspecified threshold value', 'DisplayColor': '#990600', 'ReferenceCode': 'AQUARIUS only', 'ProcessingOrder': 'Suppression'}]",YSI EXO3,Primary,USGS-05464420,,"Specific conductance, water, unfiltered, microsiemens per centimeter at 25 degrees Celsius",,PT1H12M
253,adbe28e37b4e446f9d855c40e2d32dec,POINT (-94.1511666666667 41.5904166666667),ft^3/s,Discharge,00060,00003,071000070902,Iowa,2026-07-13 07:02:13.978407,1940-03-04 00:00:00.000001,2026-07-11 00:00:00.000001,1940-03-04 06:00:00+00:00,2026-07-11 05:00:00+00:00,Daily,Mean,[],,Primary,USGS-05484000,,"Discharge, cubic feet per second",ca2eb3e799a74b24b48e720422c9a9ed,
254,ae7ae58d3ade47b5b0ff2b9d344fdac3,POINT (-94.1413055555556 42.4108888888889),ft^3/s,Discharge,00060,00011,071000040603,Iowa,2017-04-30 13:13:56.386211,2013-03-15 05:00:00.000001,2014-09-05 04:55:00.000001,2013-03-15 10:00:00+00:00,2014-09-05 09:55:00+00:00,Points,Instantaneous,[],,Primary,USGS-05480603,,"Discharge, cubic feet per second",,PT1H12M
255,aed65594bdc94391915f7a5e7288eb28,POINT (-91.1820916666667 41.1780861111111),uS/cm,Specific cond at 25C,00095,00011,070802091104,Iowa,2020-04-17 14:22:17.347128,,,,,Daily,Instantaneous,[],sediment station,Primary,USGS-05465500,,"Specific conductance, water, unfiltered, microsiemens per centimeter at 25 degrees Celsius",,
256,af28b543c90c423087ac75edc6edc4cd,POINT (-94.1511666666667 41.5904166666667),mg/l,"NO3+NO2,water,insitu as N",99133,00011,071000070902,Iowa,2026-07-13 07:02:04.149216,2016-03-03 06:00:00.000001,2026-07-13 06:45:00.000001,2016-03-03 12:00:00+00:00,2026-07-13 11:45:00+00:00,Points,Instantaneous,"[{'Name': 'Lower Working Limite', 'Type': 'ThresholdBelow', 'Periods': [{'EndTime': '9999-12-31T23:59:59.9999999+00:00', 'StartTime': '2023-08-14T00:00:00.0000000-06:00', 'AppliedTime': '2023-08-21T12:13:51.16069Z', 'SuppressData': True, 'ReferenceValue': 0, 'SecondaryReferenceValue': 0}], 'Severity': 0, 'Description': 'Values below a specified threshold limit', 'DisplayColor': '#990600', 'ReferenceCode': 'Operational limit - low-Public', 'ProcessingOrder': 'Suppression'}]",,Primary,USGS-05484000,,"Nitrate plus nitrite, water, in situ, milligrams per liter as nitrogen",,PT1H12M
257,af8850ac261c47268ff2498f423b8e15,POINT (-94.9910277777778 42.3545555555556),ft,Gage height,00065,,071000060801,Iowa,2026-05-06 19:03:48.193694,1954-06-21 00:00:00.000001,2025-07-31 00:00:00.000001,1954-06-21 05:00:00+00:00,2025-07-31 05:00:00+00:00,Water Year,Max At Event Time,[],,Primary,USGS-05482300,,"Gage height, feet",3d4ac6d9cd3e419db4f9c84356646afe,
259,afb1f166b9894766895369cc77f08476,POINT (-91.2617990802579 42.7399884281497),ft,Gage height,00065,00011,070600040902,Iowa,2026-07-13 06:32:14.715489,2007-10-01 06:00:00.000001,2026-07-13 06:15:00.000001,2007-10-01 11:00:00+00:00,2026-07-13 11:15:00+00:00,Points,Instantaneous,"[{'Name': 'Operational limit (maximum) upper operating limit', 'Type': 'ThresholdAbove', 'Periods': [{'EndTime': '9999-12-31T23:59:59.9999999+00:00', 'StartTime': '2017-03-14T00:00:00.0000000-06:00', 'AppliedTime': '2017-04-30T12:16:42.3396834Z', 'SuppressData': True, 'ReferenceValue': 39, 'SecondaryReferenceValue': 35.1}], 'Severity': 0, 'Description': 'Values above a specified threshold limit', 'DisplayColor': '#CCCCCC', 'ReferenceCode': 'Operational limit - high-Public', 'ProcessingOrder': 'Suppression'}, {'Name': 'National Weather Service Flood Stage', 'Type': 'None', 'Periods': [{'EndTime': '9999-12-31T23:59:59.9999999+00:00', 'StartTime': '0001-01-01T00:00:00.0000000+00:00', 'AppliedTime': '0001-01-01T00:00:00Z', 'SuppressData': False, 'ReferenceValue': 17}], 'Severity': 0, 'Description': 'Display reference value', 'DisplayColor': '#00CCFF', 'ReferenceCode': 'NWISWeb ref level - Public', 'ProcessingOrder': 'Suppression'}, {'Name': 'Operational limit (minimum) lower operating limit', 'Type': 'ThresholdBelow', 'Periods': [{'EndTime': '9999-12-31T23:59:59.9999999+00:00', 'StartTime': '2017-03-14T00:00:00.0000000-06:00', 'AppliedTime': '2017-04-30T12:16:42.8064042Z', 'SuppressData': True, 'ReferenceValue': 4, 'SecondaryReferenceValue': 4.2}], 'Severity': 0, 'Description': 'Values below a specified threshold limit', 'DisplayColor': '#666666', 'ReferenceCode': 'Operational limit - low-Public', 'ProcessingOrder': 'Suppression'}, {'Name': 'Peak stage, 32.80 ft, May 23, 2004', 'Type': 'None', 'Periods': [{'EndTime': '9999-12-31T23:59:59.9999999+00:00', 'StartTime': '0001-01-01T00:00:00.0000000+00:00', 'AppliedTime': '2019-09-20T15:20:19.9107252Z', 'SuppressData': False, 'ReferenceValue': 32.8}], 'Severity': 0, 'Description': 'Display reference value', 'DisplayColor': '#990600', 'ReferenceCode': 'NWISWeb ref level - Public', 'ProcessingOrder': 'Suppression'}]",,Primary,USGS-05412500,,"Gage height, feet",,PT1H12M
261,b06249f9a95246b1aa3b90a56cd36295,POINT (-93.6197222222222 41.6119444444444),mg/l,"NO3+NO2,water,insitu as N",99133,00011,071000041003,Iowa,2026-07-13 06:30:27.606925,2016-04-01 06:00:00.000001,2026-07-13 06:15:00.000001,2016-04-01 11:00:00+00:00,2026-07-13 11:15:00+00:00,Points,Instantaneous,"[{'Name': 'VERY HIGH', 'Type': 'ThresholdAbove', 'Periods': [{'EndTime': '9999-12-31T23:59:59.9999999+00:00', 'StartTime': '2017-03-14T00:00:00.0000000-06:00', 'AppliedTime': '2017-04-30T13:23:32.4818978Z', 'SuppressData': True, 'ReferenceValue': 50}], 'Severity': 0, 'Description': 'Unspecified threshold value', 'DisplayColor': '#FF0000', 'ReferenceCode': 'AQUARIUS only', 'ProcessingOrder': 'Suppression'}, {'Name': 'VERY LOW', 'Type': 'ThresholdBelow', 'Periods': [{'EndTime': '9999-12-31T23:59:59.9999999+00:00', 'StartTime': '2017-03-14T00:00:00.0000000-06:00', 'AppliedTime': '2017-04-30T13:23:32.6115141Z', 'SuppressData': True, 'ReferenceValue': -1}], 'Severity': 0, 'Description': 'Unspecified threshold value', 'DisplayColor': '#800000', 'ReferenceCode': 'AQUARIUS only', 'ProcessingOrder': 'Suppression'}]",,Primary,USGS-05482000,,"Nitrate plus nitrite, water, in situ, milligrams per liter as nitrogen",,PT1H12M
262,b0e85554643741699592330d47559f2d,POINT (-90.3350833333333 42.1638611111111),_FNU,"Turbidity, FNU",63680,00003,070600061007,Iowa,2020-02-04 16:59:11.265779,2014-08-19 00:00:00.000001,2018-10-22 00:00:00.000001,2014-08-19 05:00:00+00:00,2018-10-22 05:00:00+00:00,Daily,Mean,[],,Primary,USGS-05418720,,"Turbidity, water, unfiltered, monochrome near infra-red LED light, 780-900 nm, detection angle 90 +-2.5 degrees, formazin nephelometric units (FNU)",e638ada40a884bc7996340079c9a1560,
263,b1212e368ace4339a799a7a93d777d33,POINT (-91.7851805555556 42.0691638888889),%,Diss oxygen saturtn,00301,00003,070802051507,Iowa,2026-07-13 06:22:41.737172,2026-03-14 00:00:00.000001,2026-07-12 00:00:00.000001,2026-03-14 05:00:00+00:00,2026-07-12 05:00:00+00:00,Daily,Mean,[],YSI EXO3,,USGS-05464420,,"Dissolved oxygen, water, unfiltered, percent of saturation",,
264,b252a4e71dba4893890bce245b22cf4c,POINT (-91.7851805555556 42.0691638888889),ft,Gage height,00065,,070802051507,Iowa,2026-04-09 03:22:07.352434,2008-06-13 00:00:00.000001,2025-08-04 00:00:00.000001,2008-06-13 05:00:00+00:00,2025-08-04 05:00:00+00:00,Water Year,Max At Event Time,[],,Primary,USGS-05464420,,"Gage height, feet",0a23e06120dc493bb597c45867909208,
265,b2daf712872e4452942422cc797857cc,POINT (-91.6157222222222 41.6064055555556),ft,Gage height,00065,00011,070802090207,Iowa,2026-07-13 07:08:35.889582,2007-10-01 06:00:00.000001,2026-07-13 07:00:00.000001,2007-10-01 11:00:00+00:00,2026-07-13 12:00:00+00:00,Points,Instantaneous,"[{'Name': 'Operational limit (minimum) lower operating limit', 'Type': 'ThresholdBelow', 'Periods': [{'EndTime': '9999-12-31T23:59:59.9999999+00:00', 'StartTime': '2017-01-30T00:00:00.0000000-06:00', 'AppliedTime': '2017-04-30T12:43:39.2434353Z', 'SuppressData': True, 'ReferenceValue': 0.3, 'SecondaryReferenceValue': 0.5}], 'Severity': 0, 'Description': 'Values below a specified threshold limit', 'DisplayColor': '#666666', 'ReferenceCode': 'Operational limit - low-Public', 'ProcessingOrder': 'Suppression'}, {'Name': 'Operational limit (maximum) upper operating limit', 'Type': 'ThresholdAbove', 'Periods': [{'EndTime': '9999-12-31T23:59:59.9999999+00:00', 'StartTime': '2017-01-30T00:00:00.0000000-06:00', 'AppliedTime': '2017-04-30T12:43:38.6498537Z', 'SuppressData': True, 'ReferenceValue': 28.8, 'SecondaryReferenceValue': 25.92}], 'Severity': 0, 'Description': 'Values above a specified threshold limit', 'DisplayColor': '#CCCCCC', 'ReferenceCode': 'Operational limit - high-Public', 'ProcessingOrder': 'Suppression'}, {'Name': 'Peak stage, 18.61 ft, July 1, 2014', 'Type': 'None', 'Periods': [{'EndTime': '9999-12-31T23:59:59.9999999+00:00', 'StartTime': '0001-01-01T00:00:00.0000000+00:00', 'AppliedTime': '2019-09-25T15:19:57.5493545Z', 'SuppressData': False, 'ReferenceValue': 18.61}], 'Severity': 0, 'Description': 'Display reference value', 'DisplayColor': '#990600', 'ReferenceCode': 'NWISWeb ref level - Public', 'ProcessingOrder': 'Suppression'}]",,Primary,USGS-05455100,,"Gage height, feet",,PT1H12M
266,b580b30190714adcb4dd438dc4999232,POINT (-93.1521944444444 42.3153055555556),_FNU,"Turbidity, FNU",63680,00003,070802070604,Iowa,2017-10-14 08:32:31.225898,2013-05-14 00:00:00.000001,2013-11-17 00:00:00.000001,2013-05-14 05:00:00+00:00,2013-11-17 06:00:00+00:00,Daily,Mean,[],,Primary,USGS-05451210,,"Turbidity, water, unfiltered, monochrome near infra-red LED light, 780-900 nm, detection angle 90 +-2.5 degrees, formazin nephelometric units (FNU)",e1cb162881b34d97b3fb2871af56f4fc,
267,b5d5debbeaf0464da180537fe991fd6a,POINT (-90.7293333333333 42.1643333333333),ft^3/s,Discharge,00060,00003,070600060803,Iowa,2026-07-13 06:19:03.062656,1998-04-29 00:00:00.000001,2026-07-11 00:00:00.000001,1998-04-29 05:00:00+00:00,2026-07-11 05:00:00+00:00,Daily,Mean,[],,Primary,USGS-05418400,,"Discharge, cubic feet per second",0408c08ce3714abf827edfc53ba7ba47,
268,b5ea7c22f97f4237afa0b657c6c49507,POINT (-91.124556 42.470333),_FBRU,"Turbidity, FBRU",72213,00003,0706000603,Iowa,2017-04-30 12:16:28.160103,2012-04-12 00:00:00.000001,2014-11-11 00:00:00.000001,2012-04-12 05:00:00+00:00,2014-11-11 06:00:00+00:00,Daily,Mean,[],,Primary,USGS-05418110,,"Turbidity, water, unfiltered, monochrome near infra-red LED light, 780-900 nm, detector angles at 90 +-2.5 degrees and 0-45 degrees, ratiometric correction, FBRU",b9d5a25d322c4879b77e96af291cdfc8,
269,b64d6777cada4f55b4f7e04d1e4258bf,POINT (-91.6671239375737 41.9719454904984),ft^3/s,Discharge,00060,00003,070802051507,Iowa,2026-07-13 06:07:05.338896,1902-10-01 00:00:00.000001,2026-07-11 00:00:00.000001,1902-10-01 06:00:00+00:00,2026-07-11 05:00:00+00:00,Daily,Mean,[],,Primary,USGS-05464500,,"Discharge, cubic feet per second",072ece4c6f2a4d9187b6f51f181c1860,
270,b660feec98cd4efa92fbbf5ce004b5b8,POINT (-91.7851805555556 42.0691638888889),degC,"Temperature, water",00010,00003,070802051507,Iowa,2026-07-13 06:22:41.963578,2018-08-03 00:00:00.000001,2026-07-12 00:00:00.000001,2018-08-03 05:00:00+00:00,2026-07-12 05:00:00+00:00,Daily,Mean,[],YSI EXO3,Primary,USGS-05464420,,"Temperature, water, degrees Celsius",3a5074bf277f47c8935a80879fac72b6,
271,b7b2b4e987444dd294df57c8380e8958,POINT (-91.7595985412444 41.9894159694734),degC,"Temperature, water",00010,00011,070802051506,Iowa,2026-07-13 05:42:45.238509,2019-04-16 23:00:00.000001,2026-07-13 05:30:00.000001,2019-04-17 04:00:00+00:00,2026-07-13 10:30:00+00:00,Points,Instantaneous,"[{'Name': 'Very High', 'Type': 'ThresholdAbove', 'Periods': [{'EndTime': '9999-12-31T23:59:59.9999999+00:00', 'StartTime': '2021-12-20T00:00:00.0000000-06:00', 'AppliedTime': '2022-01-26T16:16:36.8272529Z', 'SuppressData': True, 'ReferenceValue': 40}], 'Severity': 0, 'Description': 'Unspecified threshold value', 'DisplayColor': '#990600', 'ReferenceCode': 'AQUARIUS only', 'ProcessingOrder': 'Suppression'}, {'Name': 'Very Low', 'Type': 'ThresholdBelow', 'Periods': [{'EndTime': '9999-12-31T23:59:59.9999999+00:00', 'StartTime': '2021-12-20T00:00:00.0000000-06:00', 'AppliedTime': '2022-01-26T16:17:02.5029983Z', 'SuppressData': True, 'ReferenceValue': -4}], 'Severity': 0, 'Description': 'Unspecified threshold value', 'DisplayColor': '#990600', 'ReferenceCode': 'AQUARIUS only', 'ProcessingOrder': 'Suppression'}]",,Primary,USGS-05464475,,"Temperature, water, degrees Celsius",,PT1H12M
272,b9d5a25d322c4879b77e96af291cdfc8,POINT (-91.124556 42.470333),_FBRU,"Turbidity, FBRU",72213,00011,0706000603,Iowa,2017-04-30 12:16:27.917073,2012-04-12 05:00:00.000001,2014-11-13 05:45:00.000001,2012-04-12 10:00:00+00:00,2014-11-13 11:45:00+00:00,Points,Instantaneous,"[{'Name': 'VERY HIGH', 'Type': 'ThresholdAbove', 'Periods': [{'EndTime': '9999-12-31T23:59:59.9999999+00:00', 'StartTime': '2014-11-13T00:00:00.0000000-06:00', 'AppliedTime': '2017-04-30T12:14:03.068105Z', 'SuppressData': True, 'ReferenceValue': 10001}], 'Severity': 0, 'Description': 'Unspecified threshold value', 'DisplayColor': '#FF0000', 'ReferenceCode': 'AQUARIUS only', 'ProcessingOrder': 'Suppression'}, {'Name': 'VERY LOW', 'Type': 'ThresholdBelow', 'Periods': [{'EndTime': '9999-12-31T23:59:59.9999999+00:00', 'StartTime': '2014-11-13T00:00:00.0000000-06:00', 'AppliedTime': '2017-04-30T12:14:03.0629105Z', 'SuppressData': True, 'ReferenceValue': -1}], 'Severity': 0, 'Description': 'Unspecified threshold value', 'DisplayColor': '#800000', 'ReferenceCode': 'AQUARIUS only', 'ProcessingOrder': 'Suppression'}]",,Primary,USGS-05418110,,"Turbidity, water, unfiltered, monochrome near infra-red LED light, 780-900 nm, detector angles at 90 +-2.5 degrees and 0-45 degrees, ratiometric correction, FBRU",,PT1H12M
273,bb0314971eac40048d54b295fb93fe4c,POINT (-95.5814444444444 40.8732777777778),ft,Gage height,00065,,102400020805,Iowa,2026-06-11 17:04:28.532464,1947-06-01 00:00:00.000001,2025-08-10 00:00:00.000001,1947-06-01 05:00:00+00:00,2025-08-10 05:00:00+00:00,Water Year,Max At Event Time,[],,Primary,USGS-06808500,,"Gage height, feet",ad34b2ec850c411cbf465409ac616713,
274,bb66ecb5d7f64999aacc30197cf5021e,POINT (-91.124556 42.470333),degC,"Temperature, water",00010,00003,0706000603,Iowa,2017-10-15 06:20:11.221765,2012-04-13 00:00:00.000001,2014-11-11 00:00:00.000001,2012-04-13 05:00:00+00:00,2014-11-11 06:00:00+00:00,Daily,Mean,[],,Primary,USGS-05418110,,"Temperature, water, degrees Celsius",d5b7fc65c9d64e9b9e22ace418bc097c,
275,bb9535c0cf584d59b76cfb9eaf267c4d,POINT (-94.3710555555555 41.6874166666667),mg/l,"NO3+NO2,water,insitu as N",99133,00011,071000070603,Iowa,2026-07-13 08:22:02.422851,2010-05-18 05:00:00.000001,2015-11-10 15:00:00.000001,2010-05-18 10:00:00+00:00,2015-11-10 21:00:00+00:00,Points,Instantaneous,"[{'Name': 'VERY HIGH', 'Type': 'ThresholdAbove', 'Periods': [{'EndTime': '9999-12-31T23:59:59.9999999+00:00', 'StartTime': '2015-11-10T00:00:00.0000000-06:00', 'AppliedTime': '2017-04-30T13:33:33.7659024Z', 'SuppressData': True, 'ReferenceValue': 50}], 'Severity': 0, 'Description': 'Unspecified threshold value', 'DisplayColor': '#FF0000', 'ReferenceCode': 'AQUARIUS only', 'ProcessingOrder': 'Suppression'}, {'Name': 'VERY LOW', 'Type': 'ThresholdBelow', 'Periods': [{'EndTime': '9999-12-31T23:59:59.9999999+00:00', 'StartTime': '2015-11-10T00:00:00.0000000-06:00', 'AppliedTime': '2017-04-30T13:33:33.7768135Z', 'SuppressData': True, 'ReferenceValue': -1}], 'Severity': 0, 'Description': 'Unspecified threshold value', 'DisplayColor': '#800000', 'ReferenceCode': 'AQUARIUS only', 'ProcessingOrder': 'Suppression'}, {'Name': 'Approximate real-time maximum detection threshold.', 'Type': 'None', 'Periods': [{'EndTime': '9999-12-31T23:59:59.9999999+00:00', 'StartTime': '2015-11-10T00:00:00.0000000-06:00', 'AppliedTime': '2017-04-30T13:33:34.0246797Z', 'SuppressData': False, 'ReferenceValue': 23}], 'Severity': 0, 'Description': 'Display reference value', 'DisplayColor': '#00CCFF', 'ReferenceCode': 'NWISWeb ref level - Public', 'ProcessingOrder': 'Suppression'}]",,Primary,USGS-05483600,,"Nitrate plus nitrite, water, in situ, milligrams per liter as nitrogen",,PT1H12M
276,bc2a5860c7324473a34880019cfd7ff3,POINT (-94.3710555555555 41.6874166666667),ft,Gage height,00065,00011,071000070603,Iowa,2026-07-13 07:22:01.597197,2007-10-01 06:00:00.000001,2026-07-13 06:15:00.000001,2007-10-01 11:00:00+00:00,2026-07-13 11:15:00+00:00,Points,Instantaneous,"[{'Name': 'Operational limit (maximum) upper operating limit', 'Type': 'ThresholdAbove', 'Periods': [{'EndTime': '9999-12-31T23:59:59.9999999+00:00', 'StartTime': '2017-03-20T00:00:00.0000000-06:00', 'AppliedTime': '2017-04-30T13:33:14.2445024Z', 'SuppressData': True, 'ReferenceValue': 28.3, 'SecondaryReferenceValue': 25.47}], 'Severity': 0, 'Description': 'Values above a specified threshold limit', 'DisplayColor': '#CCCCCC', 'ReferenceCode': 'Operational limit - high-Public', 'ProcessingOrder': 'Suppression'}, {'Name': 'Operational limit (minimum) lower operating limit', 'Type': 'ThresholdBelow', 'Periods': [{'EndTime': '9999-12-31T23:59:59.9999999+00:00', 'StartTime': '2017-03-20T00:00:00.0000000-06:00', 'AppliedTime': '2017-04-30T13:33:14.5824971Z', 'SuppressData': True, 'ReferenceValue': 3.1, 'SecondaryReferenceValue': 3.3}], 'Severity': 0, 'Description': 'Values below a specified threshold limit', 'DisplayColor': '#666666', 'ReferenceCode': 'Operational limit - low-Public', 'ProcessingOrder': 'Suppression'}, {'Name': 'National Weather Service Flood Stage', 'Type': 'None', 'Periods': [{'EndTime': '9999-12-31T23:59:59.9999999+00:00', 'StartTime': '2017-03-20T00:00:00.0000000-06:00', 'AppliedTime': '2017-04-30T13:33:14.9954923Z', 'SuppressData': False, 'ReferenceValue': 11}], 'Severity': 0, 'Description': 'Display reference value', 'DisplayColor': '#00CCFF', 'ReferenceCode': 'NWISWeb ref level - Public', 'ProcessingOrder': 'Suppression'}, {'Name': 'Peak gage height, 20.04 ft, July 9, 1993', 'Type': 'None', 'Periods': [{'EndTime': '9999-12-31T23:59:59.9999999+00:00', 'StartTime': '2017-03-20T00:00:00.0000000-06:00', 'AppliedTime': '2017-04-30T13:33:15.2754707Z', 'SuppressData': False, 'ReferenceValue': 20.04}], 'Severity': 0, 'Description': 'Display reference value', 'DisplayColor': '#00CCFF', 'ReferenceCode': 'NWISWeb ref level - Public', 'ProcessingOrder': 'Suppression'}]",,Primary,USGS-05483600,,"Gage height, feet",062a908bda9f4380958fd251ef81cec9,PT1H12M
277,bcb3164baf27483ca16f0bbc4fb9d4d2,POINT (-91.7851805555556 42.0691638888889),mg/l,"NO3+NO2,water,insitu as N",99133,00003,070802051507,Iowa,2026-07-13 06:22:42.724288,2012-10-14 00:00:00.000001,2026-07-12 00:00:00.000001,2012-10-14 05:00:00+00:00,2026-07-12 05:00:00+00:00,Daily,Mean,[],,Primary,USGS-05464420,,"Nitrate plus nitrite, water, in situ, milligrams per liter as nitrogen",4cfc2f25ee8244399aed6f8e87892385,
278,be4603f0af984e6fb288645ea8b34297,POINT (-93.8059444444444 42.4319722222222),ft^3/s,Discharge,00060,00011,071000050704,Iowa,2026-07-13 07:18:24.878761,1990-10-01 05:15:00.000001,2026-07-13 07:00:00.000001,1990-10-01 10:15:00+00:00,2026-07-13 12:00:00+00:00,Points,Instantaneous,"[{'Name': 'Peak discharge, 20,700 cfs, June 28, 2010', 'Type': 'None', 'Periods': [{'EndTime': '9999-12-31T23:59:59.9999999+00:00', 'StartTime': '2017-03-22T00:00:00.0000000-06:00', 'AppliedTime': '2017-04-30T13:23:03.9739433Z', 'SuppressData': False, 'ReferenceValue': 20700}], 'Severity': 0, 'Description': 'Display reference value', 'DisplayColor': '#00CCFF', 'ReferenceCode': 'NWISWeb ref level - Public', 'ProcessingOrder': 'Suppression'}, {'Name': 'Highest QM, 19,600 cfs., June 22, 1954', 'Type': 'None', 'Periods': [{'EndTime': '9999-12-31T23:59:59.9999999+00:00', 'StartTime': '0001-01-01T00:00:00.0000000+00:00', 'AppliedTime': '2019-09-11T18:02:47.6927429Z', 'SuppressData': False, 'ReferenceValue': 19600}], 'Severity': 0, 'Description': 'NWISWeb reference line displayed to USGS level users', 'DisplayColor': '#990600', 'ReferenceCode': 'NWISWeb ref level - USGS', 'ProcessingOrder': 'Suppression'}]",,Primary,USGS-05481000,,"Discharge, cubic feet per second",9fdca9e24bc74f55a7d2ffc63054f49a,PT1H12M
279,c04107d4f04e443eb207b900928051a9,POINT (-93.6197222222222 41.6119444444444),mg/l,"NO3+NO2,water,insitu as N",99133,00003,071000041003,Iowa,2026-07-13 06:30:38.051557,2016-03-31 00:00:00.000001,2026-07-12 00:00:00.000001,2016-03-31 05:00:00+00:00,2026-07-12 05:00:00+00:00,Daily,Mean,[],,Primary,USGS-05482000,,"Nitrate plus nitrite, water, in situ, milligrams per liter as nitrogen",b06249f9a95246b1aa3b90a56cd36295,
280,c0420d28d7cc4ed98ef5f4fc9e516ac9,POINT (-91.6671239375737 41.9719454904984),degC,"Temperature, water",00010,00003,070802051507,Iowa,2017-04-30 13:00:20.831649,2012-04-19 00:00:00.000001,2012-09-29 00:00:00.000001,2012-04-19 05:00:00+00:00,2012-09-29 05:00:00+00:00,Daily,Mean,[],,Primary,USGS-05464500,,"Temperature, water, degrees Celsius",cdbd5bea443f41b39127b6792b12725d,
281,c0a9e371d93844aeb4760ad29ef3b1c3,POINT (-94.3770833333333 41.9878611111111),degC,"Temperature, water",00010,00003,071000061405,Iowa,2025-05-30 11:03:17.221572,2012-03-13 00:00:00.000001,2022-05-03 00:00:00.000001,2012-03-13 05:00:00+00:00,2022-05-03 05:00:00+00:00,Daily,Mean,[],,Primary,USGS-05482500,,"Temperature, water, degrees Celsius",64bb1245fb3e4387a8c88e5254769cff,
282,c0e8e81f738a4abe89dc5ae5fbfcf011,POINT (-94.3770833333333 41.9878611111111),ft,Gage height,00065,00011,071000061405,Iowa,2026-07-13 07:21:18.969447,2007-10-01 06:00:00.000001,2026-07-13 07:15:00.000001,2007-10-01 11:00:00+00:00,2026-07-13 12:15:00+00:00,Points,Instantaneous,"[{'Name': 'Peak gage height, 22.30 ft, June 23, 1947', 'Type': 'None', 'Periods': [{'EndTime': '9999-12-31T23:59:59.9999999+00:00', 'StartTime': '2017-03-20T00:00:00.0000000-06:00', 'AppliedTime': '2017-04-30T13:28:22.5435352Z', 'SuppressData': False, 'ReferenceValue': 22.3}], 'Severity': 0, 'Description': 'Display reference value', 'DisplayColor': '#00CCFF', 'ReferenceCode': 'NWISWeb ref level - Public', 'ProcessingOrder': 'Suppression'}, {'Name': 'Operational limit (minimum) lower operating limit', 'Type': 'ThresholdBelow', 'Periods': [{'EndTime': '9999-12-31T23:59:59.9999999+00:00', 'StartTime': '2017-03-20T00:00:00.0000000-06:00', 'AppliedTime': '2017-04-30T13:28:21.5826844Z', 'SuppressData': True, 'ReferenceValue': 1.5, 'SecondaryReferenceValue': 1.7}], 'Severity': 0, 'Description': 'Values below a specified threshold limit', 'DisplayColor': '#666666', 'ReferenceCode': 'Operational limit - low-Public', 'ProcessingOrder': 'Suppression'}, {'Name': 'National Weather Service Flood Stage', 'Type': 'None', 'Periods': [{'EndTime': '9999-12-31T23:59:59.9999999+00:00', 'StartTime': '2017-03-20T00:00:00.0000000-06:00', 'AppliedTime': '2017-04-30T13:28:22.0122539Z', 'SuppressData': False, 'ReferenceValue': 19}], 'Severity': 0, 'Description': 'Display reference value', 'DisplayColor': '#00CCFF', 'ReferenceCode': 'NWISWeb ref level - Public', 'ProcessingOrder': 'Suppression'}, {'Name': 'Operational limit (maximum) upper operating limit', 'Type': 'ThresholdAbove', 'Periods': [{'EndTime': '9999-12-31T23:59:59.9999999+00:00', 'StartTime': '2017-03-20T00:00:00.0000000-06:00', 'AppliedTime': '2017-04-30T13:28:20.8821502Z', 'SuppressData': True, 'ReferenceValue': 40.8, 'SecondaryReferenceValue': 36.72}], 'Severity': 0, 'Description': 'Values above a specified threshold limit', 'DisplayColor': '#CCCCCC', 'ReferenceCode': 'Operational limit - high-Public', 'ProcessingOrder': 'Suppression'}]",,Primary,USGS-05482500,,"Gage height, feet",5dace5aa93ee45da839e7757f9091f54,PT1H12M
283,c0fcfe9652a3483e87f5ae59ac649724,POINT (-95.0145277777778 40.7432222222222),tons/day,Suspnd sedmnt disch,80155,00003,102400090703,Iowa,2017-04-30 14:18:02.931123,1975-10-01 00:00:00.000001,1992-09-29 00:00:00.000001,1975-10-01 05:00:00+00:00,1992-09-29 05:00:00+00:00,Daily,Mean,[],sediment station,Primary,USGS-06817000,,"Suspended sediment discharge, short tons per day",,
284,c1087d12e8304b638034a701e014139e,POINT (-91.1820916666667 41.1780861111111),mg/l,Suspnd sedmnt conc,80154,00003,070802091104,Iowa,2026-02-23 21:00:36.395172,1978-04-01 00:00:00.000001,2024-09-28 00:00:00.000001,1978-04-01 06:00:00+00:00,2024-09-28 05:00:00+00:00,Daily,Mean,[],sediment station,Primary,USGS-05465500,,"Suspended sediment concentration, milligrams per liter",,
285,c14df1053611453bae3e0738829e0fe5,POINT (-91.6157222222222 41.6064055555556),ft^3/s,Discharge,00060,00011,070802090207,Iowa,2026-07-13 07:08:46.014254,1990-10-01 05:15:00.000001,2026-07-13 07:00:00.000001,1990-10-01 10:15:00+00:00,2026-07-13 12:00:00+00:00,Points,Instantaneous,"[{'Name': 'Peak discharge, 14,600 cfs, April 18, 2013', 'Type': 'None', 'Periods': [{'EndTime': '9999-12-31T23:59:59.9999999+00:00', 'StartTime': '0001-01-01T00:00:00.0000000+00:00', 'AppliedTime': '0001-01-01T00:00:00Z', 'SuppressData': False, 'ReferenceValue': 14600}], 'Severity': 0, 'Description': 'Display reference value', 'DisplayColor': '#00CCFF', 'ReferenceCode': 'NWISWeb ref level - Public', 'ProcessingOrder': 'Suppression'}, {'Name': 'Peak measured discharge, 13,500 cfs, June 15, 1982', 'Type': 'None', 'Periods': [{'EndTime': '9999-12-31T23:59:59.9999999+00:00', 'StartTime': '0001-01-01T00:00:00.0000000+00:00', 'AppliedTime': '2020-03-02T19:00:07.6441141Z', 'SuppressData': False, 'ReferenceValue': 13500}], 'Severity': 0, 'Description': 'Display reference value', 'DisplayColor': '#990600', 'ReferenceCode': 'NWISWeb ref level - Public', 'ProcessingOrder': 'Suppression'}]",,Primary,USGS-05455100,,"Discharge, cubic feet per second",b2daf712872e4452942422cc797857cc,PT1H12M
286,c1bf33256d19460bb785fa46584ed1ec,POINT (-90.7293333333333 42.1643333333333),ug/l,"DEPRECATED Chlorophyll, in situ",62361,00003,070600060803,Iowa,2017-04-30 12:20:37.268495,2013-05-11 00:00:00.000001,2013-08-05 00:00:00.000001,2013-05-11 05:00:00+00:00,2013-08-05 05:00:00+00:00,Daily,Mean,[],YSI EX02,Primary,USGS-05418400,,"Chlorophyll, total, water, fluorometric, 650-700 nanometers, in situ sensor, micrograms per liter",ab779cb6cfab4b7884f91c5fd9ecacdd,
288,c34adb05661e4383b3505f448b15891b,POINT (-95.23916666666666 43.21277777777778),ft^3/s,Discharge,00060,,102300030802,Iowa,2019-06-19 19:57:15.341775,2010-03-18 00:00:00.000001,2015-03-11 00:00:00.000001,2010-03-18 05:00:00+00:00,2015-03-11 05:00:00+00:00,Water Year,Max At Event Time,[],,Primary,USGS-06604440,,"Discharge, cubic feet per second",045623a84b5c42f3a6ba60df97a7347f,
289,c3bdc8f2d8e94f6b9ccf36bfa1b84a1e,POINT (-90.7293333333333 42.1643333333333),pH Units,pH,00400,00008,070600060803,Iowa,2017-04-30 12:22:22.758877,2013-05-11 00:00:00.000001,2013-08-05 00:00:00.000001,2013-05-11 05:00:00+00:00,2013-08-05 05:00:00+00:00,Daily,Median,[],YSI EX02,Primary,USGS-05418400,,"pH, water, unfiltered, field, standard units",5c214107bd3549e0b89758ce0724c79e,
290,c3fcc3e9c5c14f87a5db8bbb1f2c05f5,POINT (-91.73691666666667 41.999611111111115),uS/cm,Specific cond at 25C,00095,00003,070802051507,Iowa,2026-06-11 21:11:22.608366,2023-12-20 00:00:00.000001,2026-06-02 00:00:00.000001,2023-12-20 06:00:00+00:00,2026-06-02 05:00:00+00:00,Daily,Mean,[],,Primary,USGS-415959091441301,EXO,"Specific conductance, water, unfiltered, microsiemens per centimeter at 25 degrees Celsius",89fa78190dd747d58e6c68c6cd753138,P1D
292,c492e92348db47628510e8d677d3dc9c,POINT (-95.3435833333333 43.4586944444444),mg/l,"NO3+NO2,water,insitu as N",99133,00003,102300030104,Iowa,2018-03-07 16:43:43.716262,2016-05-05 00:00:00.000001,2017-10-03 00:00:00.000001,2016-05-05 05:00:00+00:00,2017-10-03 05:00:00+00:00,Daily,Mean,[],,Primary,USGS-06603750,,"Nitrate plus nitrite, water, in situ, milligrams per liter as nitrogen",603d9a72a03d483eb622b4165330eb6a,
293,c7bade9c86dd4f28a43fdf2dcce20ce4,POINT (-94.1511666666667 41.5904166666667),tons/day,"NO3+NO2, w, total as N",83554,00003,071000070902,Iowa,2026-07-13 07:02:13.729909,2016-03-03 00:00:00.000001,2026-07-12 00:00:00.000001,2016-03-03 06:00:00+00:00,2026-07-12 05:00:00+00:00,Daily,Mean,[],,Primary,USGS-05484000,,"Nitrate plus nitrite, water, total, short tons per day as nitrogen",,P1D
294,c7ef418937f0409b9d655c89cb4d6513,POINT (-91.1820916666667 41.1780861111111),mg/l,"NO3+NO2,water,insitu as N",99133,00003,070802091104,Iowa,2026-07-13 06:07:16.640107,2009-06-03 00:00:00.000001,2026-07-12 00:00:00.000001,2009-06-03 05:00:00+00:00,2026-07-12 05:00:00+00:00,Daily,Mean,[],,Primary,USGS-05465500,,"Nitrate plus nitrite, water, in situ, milligrams per liter as nitrogen",9727adc70cdb46c3b8ce2ed8740f2d85,
296,ca2eb3e799a74b24b48e720422c9a9ed,POINT (-94.1511666666667 41.5904166666667),ft^3/s,Discharge,00060,00011,071000070902,Iowa,2026-07-13 07:02:08.502110,1990-10-01 05:15:00.000001,2026-07-13 06:45:00.000001,1990-10-01 10:15:00+00:00,2026-07-13 11:45:00+00:00,Points,Instantaneous,"[{'Name': 'Peak discharge, 44,000 cfs, July 10, 1993', 'Type': 'None', 'Periods': [{'EndTime': '9999-12-31T23:59:59.9999999+00:00', 'StartTime': '2017-03-20T00:00:00.0000000-06:00', 'AppliedTime': '2017-04-30T13:33:35.0257264Z', 'SuppressData': False, 'ReferenceValue': 44000}], 'Severity': 0, 'Description': 'Display reference value', 'DisplayColor': '#00CCFF', 'ReferenceCode': 'NWISWeb ref level - Public', 'ProcessingOrder': 'Suppression'}, {'Name': 'Highest QM, 37,800 cfs., June 25, 2015', 'Type': 'None', 'Periods': [{'EndTime': '9999-12-31T23:59:59.9999999+00:00', 'StartTime': '0001-01-01T00:00:00.0000000+00:00', 'AppliedTime': '2019-09-24T14:08:43.9802104Z', 'SuppressData': False, 'ReferenceValue': 37800}], 'Severity': 0, 'Description': 'NWISWeb reference line displayed to USGS level users', 'DisplayColor': '#990600', 'ReferenceCode': 'NWISWeb ref level - USGS', 'ProcessingOrder': 'Suppression'}]",,Primary,USGS-05484000,,"Discharge, cubic feet per second",4a2def3c00b8483da70093b6c31428ab,PT1H12M
297,ca77431614a644d39b8fabf7cbf8bf7f,POINT (-94.3710555555555 41.6874166666667),uS/cm,Specific cond at 25C,00095,00011,071000070603,Iowa,2017-04-30 13:36:43.335058,,,,,Daily,Instantaneous,[],sediment station,Primary,USGS-05483600,,"Specific conductance, water, unfiltered, microsiemens per centimeter at 25 degrees Celsius",,
299,cc767c9efe344352903f0b1c719edbb2,POINT (-90.3350833333333 42.1638611111111),degC,"Temperature, water",00010,00003,070600061007,Iowa,2018-12-17 21:30:19.147462,2014-05-23 00:00:00.000001,2018-10-03 00:00:00.000001,2014-05-23 05:00:00+00:00,2018-10-03 05:00:00+00:00,Daily,Mean,[],,Primary,USGS-05418720,,"Temperature, water, degrees Celsius",e8c9961bb7df4639be271223994c2e58,
300,cd33fea4429c4ff0a17b7415ab248201,POINT (-91.1820916666667 41.1780861111111),ft^3/s,Discharge,00060,,070802091104,Iowa,2026-04-12 15:07:16.805673,1903-06-03 00:00:00.000001,2024-05-29 00:00:00.000001,1903-06-03 06:00:00+00:00,2024-05-29 05:00:00+00:00,Water Year,Max At Event Time,[],,Primary,USGS-05465500,,"Discharge, cubic feet per second",6fea358d4238410cafa47e2e5daea269,
301,cdbd5bea443f41b39127b6792b12725d,POINT (-91.6671239375737 41.9719454904984),degC,"Temperature, water",00010,00011,070802051507,Iowa,2017-04-30 13:00:20.806704,2012-04-19 05:00:00.000001,2012-10-01 04:45:00.000001,2012-04-19 10:00:00+00:00,2012-10-01 09:45:00+00:00,Points,Instantaneous,"[{'Name': 'VERY HIGH', 'Type': 'ThresholdAbove', 'Periods': [{'EndTime': '9999-12-31T23:59:59.9999999+00:00', 'StartTime': '2012-10-01T00:00:00.0000000-06:00', 'AppliedTime': '2017-04-30T12:57:00.0421727Z', 'SuppressData': True, 'ReferenceValue': 40}], 'Severity': 0, 'Description': 'Unspecified threshold value', 'DisplayColor': '#FF0000', 'ReferenceCode': 'AQUARIUS only', 'ProcessingOrder': 'Suppression'}, {'Name': 'VERY LOW', 'Type': 'ThresholdBelow', 'Periods': [{'EndTime': '9999-12-31T23:59:59.9999999+00:00', 'StartTime': '2012-10-01T00:00:00.0000000-06:00', 'AppliedTime': '2017-04-30T12:57:00.1693319Z', 'SuppressData': True, 'ReferenceValue': -4}], 'Severity': 0, 'Description': 'Unspecified threshold value', 'DisplayColor': '#800000', 'ReferenceCode': 'AQUARIUS only', 'ProcessingOrder': 'Suppression'}]",,Primary,USGS-05464500,,"Temperature, water, degrees Celsius",,PT1H12M
302,ce3501584ad04fe6902b71a82592e602,POINT (-90.7293333333333 42.1643333333333),_FNU,"Turbidity, FNU",63680,00003,070600060803,Iowa,2017-10-15 08:12:24.960036,2013-05-11 00:00:00.000001,2013-08-04 00:00:00.000001,2013-05-11 05:00:00+00:00,2013-08-04 05:00:00+00:00,Daily,Mean,[],YSI EX02,Primary,USGS-05418400,,"Turbidity, water, unfiltered, monochrome near infra-red LED light, 780-900 nm, detection angle 90 +-2.5 degrees, formazin nephelometric units (FNU)",79fb788ea62749e4a91c05ed59403295,
303,ce57b28c69504d128c979cf87ba8252a,POINT (-90.7293333333333 42.1643333333333),mg/l,"NO3+NO2,water,insitu as N",99133,00011,070600060803,Iowa,2020-10-02 16:16:19.898884,2012-05-25 05:00:00.000001,2014-11-12 20:45:00.000001,2012-05-25 10:00:00+00:00,2014-11-13 02:45:00+00:00,Points,Instantaneous,"[{'Name': 'VERY LOW', 'Type': 'ThresholdBelow', 'Periods': [{'EndTime': '9999-12-31T23:59:59.9999999+00:00', 'StartTime': '2014-11-12T00:00:00.0000000-06:00', 'AppliedTime': '2017-04-30T12:19:31.4649077Z', 'SuppressData': True, 'ReferenceValue': -1}], 'Severity': 0, 'Description': 'Unspecified threshold value', 'DisplayColor': '#800000', 'ReferenceCode': 'AQUARIUS only', 'ProcessingOrder': 'Suppression'}, {'Name': 'VERY HIGH', 'Type': 'ThresholdAbove', 'Periods': [{'EndTime': '9999-12-31T23:59:59.9999999+00:00', 'StartTime': '2014-11-12T00:00:00.0000000-06:00', 'AppliedTime': '2017-04-30T12:19:31.0638397Z', 'SuppressData': True, 'ReferenceValue': 50}], 'Severity': 0, 'Description': 'Unspecified threshold value', 'DisplayColor': '#FF0000', 'ReferenceCode': 'AQUARIUS only', 'ProcessingOrder': 'Suppression'}]",,Primary,USGS-05418400,,"Nitrate plus nitrite, water, in situ, milligrams per liter as nitrogen",,PT1H12M
304,cf54a2e4d6c3483b83db099aec538794,POINT (-91.6157222222222 41.6064055555556),ft,Gage height,00065,,070802090207,Iowa,2026-06-18 03:08:29.870644,1951-08-28 00:00:00.000001,2025-07-12 00:00:00.000001,1951-08-28 05:00:00+00:00,2025-07-12 05:00:00+00:00,Water Year,Max At Event Time,[],,Primary,USGS-05455100,,"Gage height, feet",b2daf712872e4452942422cc797857cc,
306,cf7b9fcc1a4e442684d612c7b94ca566,POINT (-91.1820916666667 41.1780861111111),degC,"Temperature, water",00010,00011,070802091104,Iowa,2023-08-16 05:52:59.146573,2011-10-01 06:45:00.000001,2018-04-23 15:45:00.000001,2011-10-01 11:45:00+00:00,2018-04-23 20:45:00+00:00,Points,Instantaneous,"[{'Name': 'VERY HIGH', 'Type': 'ThresholdAbove', 'Periods': [{'EndTime': '9999-12-31T23:59:59.9999999+00:00', 'StartTime': '2016-10-05T00:00:00.0000000-06:00', 'AppliedTime': '2017-04-30T13:06:30.232833Z', 'SuppressData': True, 'ReferenceValue': 40}], 'Severity': 0, 'Description': 'Unspecified threshold value', 'DisplayColor': '#FF0000', 'ReferenceCode': 'AQUARIUS only', 'ProcessingOrder': 'Suppression'}, {'Name': 'VERY LOW', 'Type': 'ThresholdBelow', 'Periods': [{'EndTime': '9999-12-31T23:59:59.9999999+00:00', 'StartTime': '2016-10-05T00:00:00.0000000-06:00', 'AppliedTime': '2017-04-30T13:06:30.2735523Z', 'SuppressData': True, 'ReferenceValue': -4}], 'Severity': 0, 'Description': 'Unspecified threshold value', 'DisplayColor': '#800000', 'ReferenceCode': 'AQUARIUS only', 'ProcessingOrder': 'Suppression'}]",,Primary,USGS-05465500,,"Temperature, water, degrees Celsius",,PT1H12M
307,cfd0602d2b47494085f25a3c0aa1b0f9,POINT (-91.6671239375737 41.9719454904984),ft,Gage height,00065,,070802051507,Iowa,2026-04-08 18:07:56.627989,1851-06-01 00:00:00.000001,2025-08-04 00:00:00.000001,1851-06-01 06:00:00+00:00,2025-08-04 05:00:00+00:00,Water Year,Max At Event Time,[],,Primary,USGS-05464500,,"Gage height, feet",dce20396189a49b5aa1c3b0cc6e76899,
308,d04f7c428fa24c70b10cfbda6774763b,POINT (-91.7595985412444 41.9894159694734),ft^3/s,Discharge,00060,00011,070802051506,Iowa,2026-07-13 04:42:57.705682,2019-04-16 23:00:00.000001,2026-07-13 04:30:00.000001,2019-04-17 04:00:00+00:00,2026-07-13 09:30:00+00:00,Points,Instantaneous,"[{'Name': 'Peak discharge, 992 cfs, May 18, 2019', 'Type': 'None', 'Periods': [{'EndTime': '9999-12-31T23:59:59.9999999+00:00', 'StartTime': '0001-01-01T00:00:00.0000000+00:00', 'AppliedTime': '2019-09-27T15:00:55.3545308Z', 'SuppressData': False, 'ReferenceValue': 992}], 'Severity': 0, 'Description': 'Display reference value', 'DisplayColor': '#990600', 'ReferenceCode': 'NWISWeb ref level - Public', 'ProcessingOrder': 'Suppression'}, {'Name': 'Peak measured discharge, 880 cfs, May 24, 2019', 'Type': 'None', 'Periods': [{'EndTime': '9999-12-31T23:59:59.9999999+00:00', 'StartTime': '0001-01-01T00:00:00.0000000+00:00', 'AppliedTime': '2020-03-02T18:36:40.5215115Z', 'SuppressData': False, 'ReferenceValue': 880}], 'Severity': 0, 'Description': 'Display reference value', 'DisplayColor': '#990600', 'ReferenceCode': 'NWISWeb ref level - Public', 'ProcessingOrder': 'Suppression'}]",,Primary,USGS-05464475,,"Discharge, cubic feet per second",db0cea2e17e24b9d85a63e016fc65185,PT1H12M
309,d0b757ceb8b342eb9e724ebe0c288f11,POINT (-93.9497777777778 41.5340277777778),ft^3/s,Discharge,00060,00011,071000061702,Iowa,2026-07-13 07:18:35.958372,1986-10-01 05:15:00.000001,2026-07-13 07:00:00.000001,1986-10-01 10:15:00+00:00,2026-07-13 12:00:00+00:00,Points,Instantaneous,"[{'Name': 'Peak discharge, 70,100 cfs, July 10, 1993', 'Type': 'None', 'Periods': [{'EndTime': '9999-12-31T23:59:59.9999999+00:00', 'StartTime': '2017-04-05T00:00:00.0000000-06:00', 'AppliedTime': '2017-04-30T13:35:22.78063Z', 'SuppressData': False, 'ReferenceValue': 70100}], 'Severity': 0, 'Description': 'Display reference value', 'DisplayColor': '#00CCFF', 'ReferenceCode': 'NWISWeb ref level - Public', 'ProcessingOrder': 'Suppression'}, {'Name': 'Highest QM, 65,500 cfs., July 10, 1993', 'Type': 'None', 'Periods': [{'EndTime': '9999-12-31T23:59:59.9999999+00:00', 'StartTime': '0001-01-01T00:00:00.0000000+00:00', 'AppliedTime': '2019-09-11T18:16:02.8105747Z', 'SuppressData': False, 'ReferenceValue': 65500}], 'Severity': 0, 'Description': 'NWISWeb reference line displayed to USGS level users', 'DisplayColor': '#990600', 'ReferenceCode': 'NWISWeb ref level - USGS', 'ProcessingOrder': 'Suppression'}]",,Primary,USGS-05484500,,"Discharge, cubic feet per second",88a91c5cf5bc43bb89280658c044001e,PT1H12M
310,d0ecc6b4e6d24e18a32b224ef09aae96,POINT (-93.8059444444444 42.4319722222222),mg/l,"NO3+NO2,water,insitu as N",99133,00011,071000050704,Iowa,2024-12-17 21:09:29.189277,2012-03-15 05:00:00.000001,2017-10-02 14:15:00.000001,2012-03-15 10:00:00+00:00,2017-10-02 19:15:00+00:00,Points,Instantaneous,"[{'Name': 'VERY LOW', 'Type': 'ThresholdBelow', 'Periods': [{'EndTime': '9999-12-31T23:59:59.9999999+00:00', 'StartTime': '2017-03-09T00:00:00.0000000-06:00', 'AppliedTime': '2017-04-30T13:22:49.8611067Z', 'SuppressData': True, 'ReferenceValue': -1}], 'Severity': 0, 'Description': 'Unspecified threshold value', 'DisplayColor': '#800000', 'ReferenceCode': 'AQUARIUS only', 'ProcessingOrder': 'Suppression'}, {'Name': 'VERY HIGH', 'Type': 'ThresholdAbove', 'Periods': [{'EndTime': '9999-12-31T23:59:59.9999999+00:00', 'StartTime': '2017-03-09T00:00:00.0000000-06:00', 'AppliedTime': '2017-04-30T13:22:49.6041643Z', 'SuppressData': True, 'ReferenceValue': 50}], 'Severity': 0, 'Description': 'Unspecified threshold value', 'DisplayColor': '#FF0000', 'ReferenceCode': 'AQUARIUS only', 'ProcessingOrder': 'Suppression'}]",,Primary,USGS-05481000,,"Nitrate plus nitrite, water, in situ, milligrams per liter as nitrogen",,PT1H12M
311,d35e8a56b45d4aebb993fe02e1ffa126,POINT (-91.6671239375737 41.9719454904984),mg/l,"NO3+NO2,water,insitu as N",99133,00003,070802051507,Iowa,2017-04-30 12:57:54.416145,2009-04-14 00:00:00.000001,2012-09-29 00:00:00.000001,2009-04-14 05:00:00+00:00,2012-09-29 05:00:00+00:00,Daily,Mean,[],,Primary,USGS-05464500,,"Nitrate plus nitrite, water, in situ, milligrams per liter as nitrogen",459818fb77d74a53bc3dea6bc18fcb73,
312,d3c3b92855d04bc3942160286206bbba,POINT (-91.7851805555556 42.0691638888889),_FNU,"Turbidity, FNU",63680,00011,070802051507,Iowa,2026-07-13 06:22:23.508069,2018-08-03 16:45:00.000001,2026-07-13 06:15:00.000001,2018-08-03 21:45:00+00:00,2026-07-13 11:15:00+00:00,Points,Instantaneous,"[{'Name': 'Very High', 'Type': 'ThresholdAbove', 'Periods': [{'EndTime': '9999-12-31T23:59:59.9999999+00:00', 'StartTime': '2021-08-25T00:00:00.0000000-06:00', 'AppliedTime': '2022-05-20T12:09:07.2472925Z', 'SuppressData': True, 'ReferenceValue': 5000}], 'Severity': 0, 'Description': 'Unspecified threshold value', 'DisplayColor': '#990600', 'ReferenceCode': 'AQUARIUS only', 'ProcessingOrder': 'Suppression'}, {'Name': 'Very Low', 'Type': 'ThresholdBelow', 'Periods': [{'EndTime': '9999-12-31T23:59:59.9999999+00:00', 'StartTime': '2021-08-25T00:00:00.0000000-06:00', 'AppliedTime': '2022-05-20T12:09:36.3876345Z', 'SuppressData': True, 'ReferenceValue': -1}], 'Severity': 0, 'Description': 'Unspecified threshold value', 'DisplayColor': '#990600', 'ReferenceCode': 'AQUARIUS only', 'ProcessingOrder': 'Suppression'}]",YSI EXO3,Primary,USGS-05464420,,"Turbidity, water, unfiltered, monochrome near infra-red LED light, 780-900 nm, detection angle 90 +-2.5 degrees, formazin nephelometric units (FNU)",,PT1H12M
313,d54db9c4a259411fae5380a7081029bd,POINT (-91.7595985412444 41.9894159694734),degC,"Temperature, water",00010,00003,070802051506,Iowa,2026-07-13 06:43:10.754987,2019-04-16 00:00:00.000001,2026-07-12 00:00:00.000001,2019-04-16 05:00:00+00:00,2026-07-12 05:00:00+00:00,Daily,Mean,[],,Primary,USGS-05464475,,"Temperature, water, degrees Celsius",b7b2b4e987444dd294df57c8380e8958,P1D
314,d55a87cffdf34c718e1b887ced07c607,POINT (-95.5814444444444 40.8732777777778),tons/day,"NO3+NO2, w, total as N",83554,00003,102400020805,Iowa,2026-07-13 06:04:51.357085,2016-03-02 00:00:00.000001,2026-07-12 00:00:00.000001,2016-03-02 06:00:00+00:00,2026-07-12 05:00:00+00:00,Daily,Mean,[],,Primary,USGS-06808500,,"Nitrate plus nitrite, water, total, short tons per day as nitrogen",,P1D
315,d5b7fc65c9d64e9b9e22ace418bc097c,POINT (-91.124556 42.470333),degC,"Temperature, water",00010,00011,0706000603,Iowa,2017-04-30 12:16:10.617214,2012-04-13 05:00:00.000001,2014-11-13 05:45:00.000001,2012-04-13 10:00:00+00:00,2014-11-13 11:45:00+00:00,Points,Instantaneous,"[{'Name': 'VERY HIGH', 'Type': 'ThresholdAbove', 'Periods': [{'EndTime': '9999-12-31T23:59:59.9999999+00:00', 'StartTime': '2014-11-13T00:00:00.0000000-06:00', 'AppliedTime': '2017-04-30T12:13:59.6594793Z', 'SuppressData': True, 'ReferenceValue': 40}], 'Severity': 0, 'Description': 'Unspecified threshold value', 'DisplayColor': '#FF0000', 'ReferenceCode': 'AQUARIUS only', 'ProcessingOrder': 'Suppression'}, {'Name': 'VERY LOW', 'Type': 'ThresholdBelow', 'Periods': [{'EndTime': '9999-12-31T23:59:59.9999999+00:00', 'StartTime': '2014-11-13T00:00:00.0000000-06:00', 'AppliedTime': '2017-04-30T12:13:59.7135368Z', 'SuppressData': True, 'ReferenceValue': -4}], 'Severity': 0, 'Description': 'Unspecified threshold value', 'DisplayColor': '#800000', 'ReferenceCode': 'AQUARIUS only', 'ProcessingOrder': 'Suppression'}]",,Primary,USGS-05418110,,"Temperature, water, degrees Celsius",,PT1H12M
316,d68822399b524b7cb4cf63605b20339e,POINT (-95.23916666666666 43.21277777777778),ft^3/s,Discharge,00060,00003,102300030802,Iowa,2018-03-07 16:59:51.970750,2010-03-16 00:00:00.000001,2017-10-01 00:00:00.000001,2010-03-16 05:00:00+00:00,2017-10-01 05:00:00+00:00,Daily,Mean,[],,Primary,USGS-06604440,,"Discharge, cubic feet per second",045623a84b5c42f3a6ba60df97a7347f,
317,d754a112ebd14ee78633bb238c1a1e02,POINT (-94.9910277777778 42.3545555555556),degC,"Temperature, water",00010,00011,071000060801,Iowa,2026-01-26 17:18:06.838237,2012-03-13 05:00:00.000001,2022-05-04 15:15:00.000001,2012-03-13 10:00:00+00:00,2022-05-04 20:15:00+00:00,Points,Instantaneous,"[{'Name': 'VERY LOW', 'Type': 'ThresholdBelow', 'Periods': [{'EndTime': '9999-12-31T23:59:59.9999999+00:00', 'StartTime': '2017-03-21T00:00:00.0000000-06:00', 'AppliedTime': '2017-04-30T13:28:06.2945628Z', 'SuppressData': True, 'ReferenceValue': -4}], 'Severity': 0, 'Description': 'Unspecified threshold value', 'DisplayColor': '#800000', 'ReferenceCode': 'AQUARIUS only', 'ProcessingOrder': 'Suppression'}, {'Name': 'VERY HIGH', 'Type': 'ThresholdAbove', 'Periods': [{'EndTime': '9999-12-31T23:59:59.9999999+00:00', 'StartTime': '2017-03-21T00:00:00.0000000-06:00', 'AppliedTime': '2017-04-30T13:28:06.1326939Z', 'SuppressData': True, 'ReferenceValue': 40}], 'Severity': 0, 'Description': 'Unspecified threshold value', 'DisplayColor': '#FF0000', 'ReferenceCode': 'AQUARIUS only', 'ProcessingOrder': 'Suppression'}]",,Primary,USGS-05482300,,"Temperature, water, degrees Celsius",,PT1H12M
319,d9cdecb0c5a6473180e38a948b1e57e6,POINT (-93.1521944444444 42.3153055555556),ft^3/s,Discharge,00060,00011,070802070604,Iowa,2026-07-13 06:59:01.896654,1995-10-26 05:00:00.000001,2026-07-13 06:45:00.000001,1995-10-26 10:00:00+00:00,2026-07-13 11:45:00+00:00,Points,Instantaneous,"[{'Name': 'Peak discharge, 7,390 cfs, June 8, 2008, June 30, 2014', 'Type': 'None', 'Periods': [{'EndTime': '9999-12-31T23:59:59.9999999+00:00', 'StartTime': '2017-04-17T00:00:00.0000000-06:00', 'AppliedTime': '2017-04-30T12:34:57.0098427Z', 'SuppressData': False, 'ReferenceValue': 7390}], 'Severity': 0, 'Description': 'Display reference value', 'DisplayColor': '#00CCFF', 'ReferenceCode': 'NWISWeb ref level - Public', 'ProcessingOrder': 'Suppression'}, {'Name': 'Highest QM, 5,850 cfs, June 9, 2008', 'Type': 'None', 'Periods': [{'EndTime': '9999-12-31T23:59:59.9999999+00:00', 'StartTime': '0001-01-01T00:00:00.0000000+00:00', 'AppliedTime': '2019-09-11T13:25:43.3588426Z', 'SuppressData': False, 'ReferenceValue': 5850}], 'Severity': 0, 'Description': 'NWISWeb reference line displayed to USGS level users', 'DisplayColor': '#990600', 'ReferenceCode': 'NWISWeb ref level - USGS', 'ProcessingOrder': 'Suppression'}]",,Primary,USGS-05451210,,"Discharge, cubic feet per second",f8ec0ceeb1a747e2a73a98b899cdca74,PT1H12M
320,db0cea2e17e24b9d85a63e016fc65185,POINT (-91.7595985412444 41.9894159694734),ft,Gage height,00065,00011,070802051506,Iowa,2026-07-13 07:43:23.084635,2019-04-16 23:00:00.000001,2026-07-13 07:30:00.000001,2019-04-17 04:00:00+00:00,2026-07-13 12:30:00+00:00,Points,Instantaneous,"[{'Name': 'Operational limit (minimum)', 'Type': 'ThresholdBelow', 'Periods': [{'EndTime': '2021-07-25T00:00:00.0000000-06:00', 'StartTime': '2020-07-03T00:00:00.0000000-06:00', 'AppliedTime': '2020-07-16T11:18:39.0002749Z', 'SuppressData': True, 'ReferenceValue': 4, 'SecondaryReferenceValue': 4.5}, {'EndTime': '9999-12-31T23:59:59.9999999+00:00', 'StartTime': '2021-07-26T00:01:00.0000000-06:00', 'AppliedTime': '2021-07-28T00:03:46.5987053Z', 'SuppressData': True, 'ReferenceValue': 3, 'SecondaryReferenceValue': 4}, {'EndTime': '2020-07-02T23:30:00.0000000-06:00', 'StartTime': '2019-09-06T00:00:00.0000000-06:00', 'AppliedTime': '2019-09-27T14:57:29.0114458Z', 'SuppressData': True, 'ReferenceValue': 4.48, 'SecondaryReferenceValue': 4.6}], 'Severity': 0, 'Description': 'Values below a specified threshold limit', 'DisplayColor': '#990600', 'ReferenceCode': 'Operational limit - low-Public', 'ProcessingOrder': 'Suppression'}, {'Name': 'Peak stage, 11.66 ft, May 18, 2019', 'Type': 'None', 'Periods': [{'EndTime': '9999-12-31T23:59:59.9999999+00:00', 'StartTime': '0001-01-01T00:00:00.0000000+00:00', 'AppliedTime': '2019-09-27T14:59:41.6785292Z', 'SuppressData': False, 'ReferenceValue': 11.66}], 'Severity': 0, 'Description': 'Display reference value', 'DisplayColor': '#990600', 'ReferenceCode': 'NWISWeb ref level - Public', 'ProcessingOrder': 'Suppression'}, {'Name': 'Operational limit (maximum)', 'Type': 'ThresholdAbove', 'Periods': [{'EndTime': '9999-12-31T23:59:59.9999999+00:00', 'StartTime': '2019-09-06T00:00:00.0000000-06:00', 'AppliedTime': '2019-09-27T14:58:25.2758358Z', 'SuppressData': True, 'ReferenceValue': 20.6, 'SecondaryReferenceValue': 19.8}], 'Severity': 0, 'Description': 'Values above a specified threshold limit', 'DisplayColor': '#990600', 'ReferenceCode': 'Operational limit - high-Public', 'ProcessingOrder': 'Suppression'}]",,Primary,USGS-05464475,Radar,"Gage height, feet",,PT1H12M
321,db29c83ff1aa41f789adb49826b96280,POINT (-93.1521944444444 42.3153055555556),mg/l,Dissolved oxygen,00300,00003,070802070604,Iowa,2017-10-15 01:10:57.947218,2005-10-01 00:00:00.000001,2011-11-28 00:00:00.000001,2005-10-01 05:00:00+00:00,2011-11-28 06:00:00+00:00,Daily,Mean,[],,Primary,USGS-05451210,,"Dissolved oxygen, water, unfiltered, milligrams per liter",04fd4a0c829c434ba4a7efbc5f0b7bcf,
322,db35ddc3a0db42368aa671b551f3830c,POINT (-93.1521944444444 42.3153055555556),pH Units,pH,00400,00008,070802070604,Iowa,2017-04-30 12:37:57.649787,2005-10-01 00:00:00.000001,2011-11-28 00:00:00.000001,2005-10-01 05:00:00+00:00,2011-11-28 06:00:00+00:00,Daily,Median,[],,Primary,USGS-05451210,,"pH, water, unfiltered, field, standard units",9e6798919b2d4bb3b8ee2262a8301f86,
323,dce20396189a49b5aa1c3b0cc6e76899,POINT (-91.6671239375737 41.9719454904984),ft,Gage height,00065,00011,070802051507,Iowa,2026-07-13 07:07:12.614996,2007-10-01 06:00:00.000001,2026-07-13 07:00:00.000001,2007-10-01 11:00:00+00:00,2026-07-13 12:00:00+00:00,Points,Instantaneous,"[{'Name': 'Operational limit (minimum) lower operating limit', 'Type': 'ThresholdBelow', 'Periods': [{'EndTime': '9999-12-31T23:59:59.9999999+00:00', 'StartTime': '2017-02-01T00:00:00.0000000-06:00', 'AppliedTime': '2017-04-30T12:56:53.4042421Z', 'SuppressData': True, 'ReferenceValue': 1, 'SecondaryReferenceValue': 1.2}], 'Severity': 0, 'Description': 'Values below a specified threshold limit', 'DisplayColor': '#666666', 'ReferenceCode': 'Operational limit - low-Public', 'ProcessingOrder': 'Suppression'}, {'Name': 'Operational limit (maximum) upper operating limit', 'Type': 'ThresholdAbove', 'Periods': [{'EndTime': '9999-12-31T23:59:59.9999999+00:00', 'StartTime': '2017-02-01T00:00:00.0000000-06:00', 'AppliedTime': '2017-04-30T12:56:53.1156108Z', 'SuppressData': True, 'ReferenceValue': 24.9, 'SecondaryReferenceValue': 22.41}], 'Severity': 0, 'Description': 'Values above a specified threshold limit', 'DisplayColor': '#CCCCCC', 'ReferenceCode': 'Operational limit - high-Public', 'ProcessingOrder': 'Suppression'}, {'Name': 'National Weather Service Flood Stage', 'Type': 'None', 'Periods': [{'EndTime': '9999-12-31T23:59:59.9999999+00:00', 'StartTime': '0001-01-01T00:00:00.0000000+00:00', 'AppliedTime': '0001-01-01T00:00:00Z', 'SuppressData': False, 'ReferenceValue': 12}], 'Severity': 0, 'Description': 'Display reference value', 'DisplayColor': '#00CCFF', 'ReferenceCode': 'NWISWeb ref level - Public', 'ProcessingOrder': 'Suppression'}, {'Name': 'Peak stage, 31.12 ft, June 13, 2008', 'Type': 'None', 'Periods': [{'EndTime': '9999-12-31T23:59:59.9999999+00:00', 'StartTime': '0001-01-01T00:00:00.0000000+00:00', 'AppliedTime': '2019-09-27T15:08:52.2301329Z', 'SuppressData': False, 'ReferenceValue': 31.12}], 'Severity': 0, 'Description': 'Display reference value', 'DisplayColor': '#990600', 'ReferenceCode': 'NWISWeb ref level - Public', 'ProcessingOrder': 'Suppression'}]",,Primary,USGS-05464500,,"Gage height, feet",39b91e240b574b4db8d6208f362bad95,PT1H12M
324,dd2f7ea40f0b4f7bb6d8a2f08b3e5899,POINT (-91.6157222222222 41.6064055555556),mg/l,"NO3+NO2,water,insitu as N",99133,00003,070802090207,Iowa,2017-04-30 12:44:56.267279,2012-05-09 00:00:00.000001,2015-11-05 00:00:00.000001,2012-05-09 05:00:00+00:00,2015-11-05 06:00:00+00:00,Daily,Mean,[],,Primary,USGS-05455100,,"Nitrate plus nitrite, water, in situ, milligrams per liter as nitrogen",14f8f25aaad3458a932cdd71778696b8,
326,df6a7d2295ae415d9d7174786dce8666,POINT (-91.73691666666667 41.999611111111115),ft,"Elevation, GW, NAVD88",62611,00003,070802051507,Iowa,2026-07-13 06:21:08.473213,2025-03-12 00:00:00.000001,2026-07-12 00:00:00.000001,2025-03-12 05:00:00+00:00,2026-07-12 05:00:00+00:00,Daily,Mean,[],,Primary,USGS-415959091441301,,"Groundwater level above NAVD 1988, feet",e62c6588420949019881d2b97be92357,P1D
327,e00fefd28059407eb0c680f1f0641285,POINT (-91.7595985412444 41.9894159694734),mg/l,"NO3+NO2,water,insitu as N",99133,00003,070802051506,Iowa,2026-07-13 06:43:09.863338,2019-04-17 00:00:00.000001,2026-07-12 00:00:00.000001,2019-04-17 05:00:00+00:00,2026-07-12 05:00:00+00:00,Daily,Mean,[],,Primary,USGS-05464475,,"Nitrate plus nitrite, water, in situ, milligrams per liter as nitrogen",f3866bdaaaca4f8690ba1fc70036a046,
328,e018e6cf60fd43e39e2fa21d3847d0e1,POINT (-93.9497777777778 41.5340277777778),mg/l,"NO3+NO2,water,insitu as N",99133,00003,071000061702,Iowa,2026-07-13 06:17:35.100684,2012-03-02 00:00:00.000001,2026-07-12 00:00:00.000001,2012-03-02 06:00:00+00:00,2026-07-12 05:00:00+00:00,Daily,Mean,[],,Primary,USGS-05484500,,"Nitrate plus nitrite, water, in situ, milligrams per liter as nitrogen",643f6fbebc0043698e615c306d657817,
329,e0b5ad3c55fb47bb9eaa2233c4c13266,POINT (-95.0145277777778 40.7432222222222),ft^3/s,Discharge,00060,00011,102400090703,Iowa,2026-07-13 07:22:51.505479,1989-10-01 05:10:57.000001,2026-07-13 06:15:00.000001,1989-10-01 10:10:57+00:00,2026-07-13 11:15:00+00:00,Points,Instantaneous,"[{'Name': 'Peak discharge, 47,900 cfs, June 5, 2008', 'Type': 'None', 'Periods': [{'EndTime': '9999-12-31T23:59:59.9999999+00:00', 'StartTime': '2017-04-05T00:00:00.0000000-06:00', 'AppliedTime': '2017-04-30T14:17:41.3373918Z', 'SuppressData': False, 'ReferenceValue': 47900}], 'Severity': 0, 'Description': 'Display reference value', 'DisplayColor': '#00CCFF', 'ReferenceCode': 'NWISWeb ref level - Public', 'ProcessingOrder': 'Suppression'}, {'Name': 'Highest QM, 49,700 cfs., June 5, 2008', 'Type': 'None', 'Periods': [{'EndTime': '9999-12-31T23:59:59.9999999+00:00', 'StartTime': '0001-01-01T00:00:00.0000000+00:00', 'AppliedTime': '2019-09-24T20:41:08.7950546Z', 'SuppressData': False, 'ReferenceValue': 49700}], 'Severity': 0, 'Description': 'NWISWeb reference line displayed to USGS level users', 'DisplayColor': '#990600', 'ReferenceCode': 'NWISWeb ref level - USGS', 'ProcessingOrder': 'Suppression'}]",,Primary,USGS-06817000,,"Discharge, cubic feet per second",5fad133ec1144901ae2cefbc70f48788,PT1H12M
330,e18ed666f24948eeb86c0de12b2ad3de,POINT (-91.7851805555556 42.0691638888889),ft^3/s,Discharge,00060,,070802051507,Iowa,2026-06-16 18:02:57.043301,2010-03-17 00:00:00.000001,2024-06-28 00:00:00.000001,2010-03-17 05:00:00+00:00,2024-06-28 05:00:00+00:00,Water Year,Max At Event Time,[],,Primary,USGS-05464420,,"Discharge, cubic feet per second",88734aaf6c8a4662a668df5bc0cf0dbf,
331,e1cb162881b34d97b3fb2871af56f4fc,POINT (-93.1521944444444 42.3153055555556),_FNU,"Turbidity, FNU",63680,00011,070802070604,Iowa,2017-04-30 12:40:02.280800,2013-05-14 05:00:00.000001,2013-11-18 05:45:46.000001,2013-05-14 10:00:00+00:00,2013-11-18 11:45:46+00:00,Points,Instantaneous,"[{'Name': 'VERY LOW', 'Type': 'ThresholdBelow', 'Periods': [{'EndTime': '9999-12-31T23:59:59.9999999+00:00', 'StartTime': '2014-10-01T00:00:00.0000000-06:00', 'AppliedTime': '2017-04-30T12:34:43.2153049Z', 'SuppressData': True, 'ReferenceValue': -1}], 'Severity': 0, 'Description': 'Unspecified threshold value', 'DisplayColor': '#800000', 'ReferenceCode': 'AQUARIUS only', 'ProcessingOrder': 'Suppression'}, {'Name': 'VERY HIGH', 'Type': 'ThresholdAbove', 'Periods': [{'EndTime': '9999-12-31T23:59:59.9999999+00:00', 'StartTime': '2014-10-01T00:00:00.0000000-06:00', 'AppliedTime': '2017-04-30T12:34:42.5453181Z', 'SuppressData': True, 'ReferenceValue': 10001}], 'Severity': 0, 'Description': 'Unspecified threshold value', 'DisplayColor': '#FF0000', 'ReferenceCode': 'AQUARIUS only', 'ProcessingOrder': 'Suppression'}]",,Primary,USGS-05451210,,"Turbidity, water, unfiltered, monochrome near infra-red LED light, 780-900 nm, detection angle 90 +-2.5 degrees, formazin nephelometric units (FNU)",,PT1H12M
332,e25501938a4642f095f8e251353a25ae,POINT (-91.6157222222222 41.6064055555556),degC,"Temperature, water",00010,00003,070802090207,Iowa,2017-10-14 22:47:25.930730,2012-02-17 00:00:00.000001,2015-11-08 00:00:00.000001,2012-02-17 06:00:00+00:00,2015-11-08 06:00:00+00:00,Daily,Mean,[],,Primary,USGS-05455100,,"Temperature, water, degrees Celsius",9e9349d2a51a4ccc904607b7c313aa9b,
333,e414eb126b9a487aae1342b4c90df281,POINT (-91.73691666666667 41.999611111111115),degC,"Temperature, water",00010,00003,070802051507,Iowa,2026-06-11 21:11:22.579177,2023-12-20 00:00:00.000001,2026-06-02 00:00:00.000001,2023-12-20 06:00:00+00:00,2026-06-02 05:00:00+00:00,Daily,Mean,[],,Primary,USGS-415959091441301,EXO,"Temperature, water, degrees Celsius",3e9ad1bc4d334904a5b5cfcdb516faab,P1D
334,e4be819c83c5411cb247372f3b862586,POINT (-93.1521944444444 42.3153055555556),ug/l,"DEPRECATED Chlorophyll, in situ",62361,00011,070802070604,Iowa,2017-04-30 12:35:47.786983,2013-05-14 05:00:00.000001,2013-11-18 05:45:46.000001,2013-05-14 10:00:00+00:00,2013-11-18 11:45:46+00:00,Points,Instantaneous,"[{'Name': 'VERY HIGH', 'Type': 'ThresholdAbove', 'Periods': [{'EndTime': '9999-12-31T23:59:59.9999999+00:00', 'StartTime': '2013-11-19T00:00:00.0000000-06:00', 'AppliedTime': '2017-04-30T12:34:43.9810146Z', 'SuppressData': True, 'ReferenceValue': 200}], 'Severity': 0, 'Description': 'Unspecified threshold value', 'DisplayColor': '#FF0000', 'ReferenceCode': 'AQUARIUS only', 'ProcessingOrder': 'Suppression'}, {'Name': 'VERY LOW', 'Type': 'ThresholdBelow', 'Periods': [{'EndTime': '9999-12-31T23:59:59.9999999+00:00', 'StartTime': '2013-11-19T00:00:00.0000000-06:00', 'AppliedTime': '2017-04-30T12:34:44.2797845Z', 'SuppressData': True, 'ReferenceValue': -1}], 'Severity': 0, 'Description': 'Unspecified threshold value', 'DisplayColor': '#800000', 'ReferenceCode': 'AQUARIUS only', 'ProcessingOrder': 'Suppression'}]",,Primary,USGS-05451210,,"Chlorophyll, total, water, fluorometric, 650-700 nanometers, in situ sensor, micrograms per liter",,PT1H12M
335,e62c6588420949019881d2b97be92357,POINT (-91.73691666666667 41.999611111111115),ft,"Elevation, GW, NAVD88",62611,00011,070802051507,Iowa,2026-07-13 07:21:06.761218,2025-03-11 13:30:00.000001,2026-07-13 07:15:00.000001,2025-03-11 18:30:00+00:00,2026-07-13 12:15:00+00:00,Points,Instantaneous,[],,Primary,USGS-415959091441301,,"Groundwater level above NAVD 1988, feet",77702da77d99439b85861d148bf2ccdf,PT1H12M
336,e638ada40a884bc7996340079c9a1560,POINT (-90.3350833333333 42.1638611111111),_FNU,"Turbidity, FNU",63680,00011,070600061007,Iowa,2020-02-04 16:59:09.886032,2014-08-19 05:00:00.000001,2018-10-23 14:30:00.000001,2014-08-19 10:00:00+00:00,2018-10-23 19:30:00+00:00,Points,Instantaneous,"[{'Name': 'VERY LOW', 'Type': 'ThresholdBelow', 'Periods': [{'EndTime': '9999-12-31T23:59:59.9999999+00:00', 'StartTime': '2015-03-16T00:00:00.0000000-06:00', 'AppliedTime': '2017-04-30T12:15:01.2701017Z', 'SuppressData': True, 'ReferenceValue': -1}], 'Severity': 0, 'Description': 'Unspecified threshold value', 'DisplayColor': '#800000', 'ReferenceCode': 'AQUARIUS only', 'ProcessingOrder': 'Suppression'}, {'Name': 'VERY HIGH', 'Type': 'ThresholdAbove', 'Periods': [{'EndTime': '9999-12-31T23:59:59.9999999+00:00', 'StartTime': '2015-03-16T00:00:00.0000000-06:00', 'AppliedTime': '2017-04-30T12:15:00.9126108Z', 'SuppressData': True, 'ReferenceValue': 10001}], 'Severity': 0, 'Description': 'Unspecified threshold value', 'DisplayColor': '#FF0000', 'ReferenceCode': 'AQUARIUS only', 'ProcessingOrder': 'Suppression'}]",,Primary,USGS-05418720,,"Turbidity, water, unfiltered, monochrome near infra-red LED light, 780-900 nm, detection angle 90 +-2.5 degrees, formazin nephelometric units (FNU)",,PT1H12M
338,e8c9961bb7df4639be271223994c2e58,POINT (-90.3350833333333 42.1638611111111),degC,"Temperature, water",00010,00011,070600061007,Iowa,2020-02-04 16:58:44.210002,2014-05-23 05:00:00.000001,2018-10-04 16:00:00.000001,2014-05-23 10:00:00+00:00,2018-10-04 21:00:00+00:00,Points,Instantaneous,"[{'Name': 'VERY LOW', 'Type': 'ThresholdBelow', 'Periods': [{'EndTime': '9999-12-31T23:59:59.9999999+00:00', 'StartTime': '2016-11-15T00:00:00.0000000-06:00', 'AppliedTime': '2017-04-30T12:14:56.1341864Z', 'SuppressData': True, 'ReferenceValue': -4}], 'Severity': 0, 'Description': 'Unspecified threshold value', 'DisplayColor': '#800000', 'ReferenceCode': 'AQUARIUS only', 'ProcessingOrder': 'Suppression'}, {'Name': 'VERY HIGH', 'Type': 'ThresholdAbove', 'Periods': [{'EndTime': '9999-12-31T23:59:59.9999999+00:00', 'StartTime': '2016-11-15T00:00:00.0000000-06:00', 'AppliedTime': '2017-04-30T12:14:55.9287688Z', 'SuppressData': True, 'ReferenceValue': 40}], 'Severity': 0, 'Description': 'Unspecified threshold value', 'DisplayColor': '#FF0000', 'ReferenceCode': 'AQUARIUS only', 'ProcessingOrder': 'Suppression'}]",,Primary,USGS-05418720,,"Temperature, water, degrees Celsius",,PT1H12M
339,e8f8de6325914d098538c4631355e902,POINT (-94.9910277777778 42.3545555555556),tons/day,"NO3+NO2, w, total as N",83554,00003,071000060801,Iowa,2026-07-13 06:21:31.591732,2008-03-27 00:00:00.000001,2026-07-12 00:00:00.000001,2008-03-27 05:00:00+00:00,2026-07-12 05:00:00+00:00,Daily,Mean,[],,Primary,USGS-05482300,,"Nitrate plus nitrite, water, total, short tons per day as nitrogen",,P1D
341,e9c97d2e7fe842d3bcea80cd997fb6a8,POINT (-94.3770833333333 41.9878611111111),ft,Gage height,00065,,071000061405,Iowa,2026-04-05 23:20:30.009150,1940-08-28 00:00:00.000001,2025-08-11 00:00:00.000001,1940-08-28 05:00:00+00:00,2025-08-11 05:00:00+00:00,Water Year,Max At Event Time,[],,Primary,USGS-05482500,,"Gage height, feet",c0e8e81f738a4abe89dc5ae5fbfcf011,
342,e9d0fd94d442449d92d336ea199e5b51,POINT (-91.1820916666667 41.1780861111111),_FNU,"Turbidity, FNU",63680,00011,070802091104,Iowa,2026-05-13 00:56:17.837153,2014-05-21 05:00:00.000001,2026-05-13 00:45:00.000001,2014-05-21 10:00:00+00:00,2026-05-13 05:45:00+00:00,Points,Instantaneous,"[{'Name': 'VERY LOW', 'Type': 'ThresholdBelow', 'Periods': [{'EndTime': '9999-12-31T23:59:59.9999999+00:00', 'StartTime': '2015-11-12T00:00:00.0000000-06:00', 'AppliedTime': '2017-04-30T13:06:28.4317833Z', 'SuppressData': True, 'ReferenceValue': -1}], 'Severity': 0, 'Description': 'Unspecified threshold value', 'DisplayColor': '#800000', 'ReferenceCode': 'AQUARIUS only', 'ProcessingOrder': 'Suppression'}, {'Name': 'VERY HIGH', 'Type': 'ThresholdAbove', 'Periods': [{'EndTime': '9999-12-31T23:59:59.9999999+00:00', 'StartTime': '2015-11-12T00:00:00.0000000-06:00', 'AppliedTime': '2017-04-30T13:06:28.4584988Z', 'SuppressData': True, 'ReferenceValue': 10001}], 'Severity': 0, 'Description': 'Unspecified threshold value', 'DisplayColor': '#FF0000', 'ReferenceCode': 'AQUARIUS only', 'ProcessingOrder': 'Suppression'}]",,Primary,USGS-05465500,,"Turbidity, water, unfiltered, monochrome near infra-red LED light, 780-900 nm, detection angle 90 +-2.5 degrees, formazin nephelometric units (FNU)",,PT1H12M
343,ea8f690bb8a94c96965e713006a6f2fc,POINT (-90.7293333333333 42.1643333333333),degC,"Temperature, water",00010,00011,070600060803,Iowa,2020-10-02 16:19:21.157736,2012-05-25 05:00:00.000001,2014-11-12 05:45:00.000001,2012-05-25 10:00:00+00:00,2014-11-12 11:45:00+00:00,Points,Instantaneous,"[{'Name': 'VERY LOW', 'Type': 'ThresholdBelow', 'Periods': [{'EndTime': '9999-12-31T23:59:59.9999999+00:00', 'StartTime': '2014-11-12T00:00:00.0000000-06:00', 'AppliedTime': '2017-04-30T12:19:29.9107276Z', 'SuppressData': True, 'ReferenceValue': -4}], 'Severity': 0, 'Description': 'Unspecified threshold value', 'DisplayColor': '#800000', 'ReferenceCode': 'AQUARIUS only', 'ProcessingOrder': 'Suppression'}, {'Name': 'VERY HIGH', 'Type': 'ThresholdAbove', 'Periods': [{'EndTime': '9999-12-31T23:59:59.9999999+00:00', 'StartTime': '2014-11-12T00:00:00.0000000-06:00', 'AppliedTime': '2017-04-30T12:19:29.9179277Z', 'SuppressData': True, 'ReferenceValue': 40}], 'Severity': 0, 'Description': 'Unspecified threshold value', 'DisplayColor': '#FF0000', 'ReferenceCode': 'AQUARIUS only', 'ProcessingOrder': 'Suppression'}]",,Primary,USGS-05418400,,"Temperature, water, degrees Celsius",,PT1H12M
344,eb4795b4c0d44092b701c23473ba59bf,POINT (-91.1820916666667 41.1780861111111),tons/day,Suspnd sedmnt disch,80155,00003,070802091104,Iowa,2026-02-23 21:01:12.713549,1978-04-01 00:00:00.000001,2024-09-28 00:00:00.000001,1978-04-01 06:00:00+00:00,2024-09-28 05:00:00+00:00,Daily,Mean,[],sediment station,Primary,USGS-05465500,,"Suspended sediment discharge, short tons per day",,
345,ebcf1f72c4c94f098eee1f739dc2e9cb,POINT (-94.1511666666667 41.5904166666667),degC,"Temperature, water",00010,00011,071000070902,Iowa,2026-01-26 17:20:56.434642,2016-03-01 06:00:00.000001,2024-09-03 17:45:00.000001,2016-03-01 12:00:00+00:00,2024-09-03 22:45:00+00:00,Points,Instantaneous,[],,Primary,USGS-05484000,,"Temperature, water, degrees Celsius",,PT1H12M
346,eda7f5eca10a41f4b1d5a7491abde6d2,POINT (-94.1511666666667 41.5904166666667),mg/l,"Phosphorus, wu as P",00665,00011,071000070902,Iowa,2026-05-07 15:35:41.532485,2016-03-03 06:00:00.000001,2026-05-07 15:30:00.000001,2016-03-03 12:00:00+00:00,2026-05-07 20:30:00+00:00,Points,Instantaneous,[],,Primary,USGS-05484000,,"Phosphorus, water, unfiltered, milligrams per liter as phosphorus",a6de6ff23b3a477eb357a907ab5b66a0,PT1H12M
347,edaaf9024996465e8743b3ddf2e9cc2f,POINT (-90.7293333333333 42.1643333333333),QSE,"fDOM, water, in situ",32295,00011,070600060803,Iowa,2017-04-30 12:21:00.516153,2013-05-11 05:00:00.000001,2013-08-05 04:59:55.000001,2013-05-11 10:00:00+00:00,2013-08-05 09:59:55+00:00,Points,Instantaneous,"[{'Name': 'VERY HIGH', 'Type': 'ThresholdAbove', 'Periods': [{'EndTime': '9999-12-31T23:59:59.9999999+00:00', 'StartTime': '2013-10-01T00:00:00.0000000-06:00', 'AppliedTime': '2017-04-30T12:19:39.5679536Z', 'SuppressData': True, 'ReferenceValue': 200}], 'Severity': 0, 'Description': 'Unspecified threshold value', 'DisplayColor': '#FF0000', 'ReferenceCode': 'AQUARIUS only', 'ProcessingOrder': 'Suppression'}, {'Name': 'VERY LOW', 'Type': 'ThresholdBelow', 'Periods': [{'EndTime': '9999-12-31T23:59:59.9999999+00:00', 'StartTime': '2013-10-01T00:00:00.0000000-06:00', 'AppliedTime': '2017-04-30T12:19:39.4486979Z', 'SuppressData': True, 'ReferenceValue': -1}], 'Severity': 0, 'Description': 'Unspecified threshold value', 'DisplayColor': '#800000', 'ReferenceCode': 'AQUARIUS only', 'ProcessingOrder': 'Suppression'}]",YSI EX02,Primary,USGS-05418400,,"Dissolved organic matter fluorescence (fDOM), water, in situ, concentration estimated from reference material, micrograms per liter as quinine sulfate equivalents (QSE)",,PT1H12M
349,f01e21fa52a44e5696147f6869960223,POINT (-94.3770833333333 41.9878611111111),ft^3/s,Discharge,00060,00011,071000061405,Iowa,2026-07-13 07:21:39.300480,1990-10-01 05:15:00.000001,2026-07-13 07:15:00.000001,1990-10-01 10:15:00+00:00,2026-07-13 12:15:00+00:00,Points,Instantaneous,"[{'Name': 'Peak discharge, 29,100 cfs, June 23, 1947', 'Type': 'None', 'Periods': [{'EndTime': '9999-12-31T23:59:59.9999999+00:00', 'StartTime': '2017-03-20T00:00:00.0000000-06:00', 'AppliedTime': '2017-04-30T13:28:42.0744828Z', 'SuppressData': False, 'ReferenceValue': 29100}], 'Severity': 0, 'Description': 'Display reference value', 'DisplayColor': '#00CCFF', 'ReferenceCode': 'NWISWeb ref level - Public', 'ProcessingOrder': 'Suppression'}, {'Name': 'Highest QM, 28,400 cfs., June 23, 1947', 'Type': 'None', 'Periods': [{'EndTime': '9999-12-31T23:59:59.9999999+00:00', 'StartTime': '0001-01-01T00:00:00.0000000+00:00', 'AppliedTime': '2019-09-24T13:55:16.2804045Z', 'SuppressData': False, 'ReferenceValue': 28400}], 'Severity': 0, 'Description': 'NWISWeb reference line displayed to USGS level users', 'DisplayColor': '#990600', 'ReferenceCode': 'NWISWeb ref level - USGS', 'ProcessingOrder': 'Suppression'}]",,Primary,USGS-05482500,,"Discharge, cubic feet per second",c0e8e81f738a4abe89dc5ae5fbfcf011,PT1H12M
350,f0287716a40345efad4577f83ef06261,POINT (-91.2617990802579 42.7399884281497),degC,"Temperature, water",00010,00003,070600040902,Iowa,2026-07-13 06:32:16.084885,2012-05-30 00:00:00.000001,2026-07-12 00:00:00.000001,2012-05-30 05:00:00+00:00,2026-07-12 05:00:00+00:00,Daily,Mean,[],,Primary,USGS-05412500,,"Temperature, water, degrees Celsius",30308cf243344d9c8cde1b784159fe7f,
351,f03251fe719a4cce80f3994ed46b4f4e,POINT (-91.124556 42.470333),ft^3/s,Discharge,00060,,0706000603,Iowa,2019-06-19 17:59:06.553770,2013-03-10 00:00:00.000001,2015-03-11 00:00:00.000001,2013-03-10 06:00:00+00:00,2015-03-11 05:00:00+00:00,Water Year,Max At Event Time,[],,Primary,USGS-05418110,,"Discharge, cubic feet per second",f8f649c86e1f4fad8381ec53a76949d9,
353,f077a4d8d9804625b7f6473dc98c648b,POINT (-91.7851805555556 42.0691638888889),uS/cm,Specific cond at 25C,00095,00003,070802051507,Iowa,2026-07-13 06:22:42.008121,2018-08-04 00:00:00.000001,2026-07-12 00:00:00.000001,2018-08-04 05:00:00+00:00,2026-07-12 05:00:00+00:00,Daily,Mean,[],YSI EXO3,Primary,USGS-05464420,,"Specific conductance, water, unfiltered, microsiemens per centimeter at 25 degrees Celsius",ada8bb15a0eb4022b38e3ef71163a756,
354,f0eabc1713d443b7bbada4dfb53edf13,POINT (-91.124556 42.470333),tons/day,"NO3+NO2, w, total as N",83554,00003,0706000603,Iowa,2019-10-31 17:15:11.972730,2012-05-16 00:00:00.000001,2014-11-11 00:00:00.000001,2012-05-16 05:00:00+00:00,2014-11-11 06:00:00+00:00,Daily,Mean,[],,Primary,USGS-05418110,,"Nitrate plus nitrite, water, total, short tons per day as nitrogen",,P1D
355,f1148b0524754242b464320cfec3e16a,POINT (-91.1820916666667 41.1780861111111),ft,Gage height,00065,00011,070802091104,Iowa,2026-07-13 07:07:37.248358,2007-10-01 06:00:00.000001,2026-07-13 07:00:00.000001,2007-10-01 11:00:00+00:00,2026-07-13 12:00:00+00:00,Points,Instantaneous,"[{'Name': 'Operational limit (maximum) upper operating limit', 'Type': 'ThresholdAbove', 'Periods': [{'EndTime': '9999-12-31T23:59:59.9999999+00:00', 'StartTime': '2017-03-08T00:00:00.0000000-06:00', 'AppliedTime': '2017-04-30T13:06:17.6636106Z', 'SuppressData': True, 'ReferenceValue': 29.2, 'SecondaryReferenceValue': 26.28}], 'Severity': 0, 'Description': 'Values above a specified threshold limit', 'DisplayColor': '#CCCCCC', 'ReferenceCode': 'Operational limit - high-Public', 'ProcessingOrder': 'Suppression'}, {'Name': 'Operational limit (minimum) lower operating limit', 'Type': 'ThresholdBelow', 'Periods': [{'EndTime': '9999-12-31T23:59:59.9999999+00:00', 'StartTime': '2017-03-08T00:00:00.0000000-06:00', 'AppliedTime': '2017-04-30T13:06:18.1283265Z', 'SuppressData': True, 'ReferenceValue': 8, 'SecondaryReferenceValue': 8.2}], 'Severity': 0, 'Description': 'Values below a specified threshold limit', 'DisplayColor': '#666666', 'ReferenceCode': 'Operational limit - low-Public', 'ProcessingOrder': 'Suppression'}, {'Name': 'National Weather Service Flood Stage', 'Type': 'None', 'Periods': [{'EndTime': '9999-12-31T23:59:59.9999999+00:00', 'StartTime': '0001-01-01T00:00:00.0000000+00:00', 'AppliedTime': '0001-01-01T00:00:00Z', 'SuppressData': False, 'ReferenceValue': 21}], 'Severity': 0, 'Description': 'Display reference value', 'DisplayColor': '#00CCFF', 'ReferenceCode': 'NWISWeb ref level - Public', 'ProcessingOrder': 'Suppression'}, {'Name': 'Peak stage, 32.15 ft, June 14, 2008', 'Type': 'None', 'Periods': [{'EndTime': '9999-12-31T23:59:59.9999999+00:00', 'StartTime': '0001-01-01T00:00:00.0000000+00:00', 'AppliedTime': '2019-09-27T15:24:30.0726104Z', 'SuppressData': False, 'ReferenceValue': 32.15}], 'Severity': 0, 'Description': 'Display reference value', 'DisplayColor': '#990600', 'ReferenceCode': 'NWISWeb ref level - Public', 'ProcessingOrder': 'Suppression'}]",,Primary,USGS-05465500,,"Gage height, feet",188fd713a1824a989c9b07ae7a6000ec,PT1H12M
356,f3866bdaaaca4f8690ba1fc70036a046,POINT (-91.7595985412444 41.9894159694734),mg/l,"NO3+NO2,water,insitu as N",99133,00011,070802051506,Iowa,2026-07-13 04:42:52.821641,2019-04-16 23:00:00.000001,2026-07-13 04:30:00.000001,2019-04-17 04:00:00+00:00,2026-07-13 09:30:00+00:00,Points,Instantaneous,[],,Primary,USGS-05464475,,"Nitrate plus nitrite, water, in situ, milligrams per liter as nitrogen",,PT1H12M
357,f38bc780f3424875b25a7f32bbb4e241,POINT (-94.3710555555555 41.6874166666667),ft^3/s,Discharge,00060,,071000070603,Iowa,2026-03-24 18:28:12.459024,1953-06-10 00:00:00.000001,2025-06-24 00:00:00.000001,1953-06-10 05:00:00+00:00,2025-06-24 05:00:00+00:00,Water Year,Max At Event Time,[],,Primary,USGS-05483600,,"Discharge, cubic feet per second",071ccd3397d542f7b081e39037cdc7e9,
359,f678f5066a824f478b00282dfd9d5646,POINT (-95.5814444444444 40.8732777777778),ft^3/s,Discharge,00060,00011,102400020805,Iowa,2026-07-13 07:04:10.277381,1990-10-01 05:15:00.000001,2026-07-13 07:00:00.000001,1990-10-01 10:15:00+00:00,2026-07-13 12:00:00+00:00,Points,Instantaneous,"[{'Name': 'Peak discharge, 40,800 cfs, May 26, 1987', 'Type': 'None', 'Periods': [{'EndTime': '9999-12-31T23:59:59.9999999+00:00', 'StartTime': '2017-04-03T00:00:00.0000000-06:00', 'AppliedTime': '2017-04-30T14:11:23.9972802Z', 'SuppressData': False, 'ReferenceValue': 40800}], 'Severity': 0, 'Description': 'Display reference value', 'DisplayColor': '#00CCFF', 'ReferenceCode': 'NWISWeb ref level - Public', 'ProcessingOrder': 'Suppression'}, {'Name': 'Highest QM, 35,800 cfs., May 26, 1987', 'Type': 'None', 'Periods': [{'EndTime': '9999-12-31T23:59:59.9999999+00:00', 'StartTime': '0001-01-01T00:00:00.0000000+00:00', 'AppliedTime': '2019-09-24T20:05:24.2886673Z', 'SuppressData': False, 'ReferenceValue': 35800}], 'Severity': 0, 'Description': 'NWISWeb reference line displayed to USGS level users', 'DisplayColor': '#990600', 'ReferenceCode': 'NWISWeb ref level - USGS', 'ProcessingOrder': 'Suppression'}]",,Primary,USGS-06808500,,"Discharge, cubic feet per second",ad34b2ec850c411cbf465409ac616713,PT1H12M
360,f842b866644142248f3fa53eef236cba,POINT (-95.5814444444444 40.8732777777778),_FBRU,"Turbidity, FBRU",72213,00003,102400020805,Iowa,2026-07-13 06:04:35.314923,2016-03-02 00:00:00.000001,2026-07-12 00:00:00.000001,2016-03-02 06:00:00+00:00,2026-07-12 05:00:00+00:00,Daily,Mean,[],,Primary,USGS-06808500,,"Turbidity, water, unfiltered, monochrome near infra-red LED light, 780-900 nm, detector angles at 90 +-2.5 degrees and 0-45 degrees, ratiometric correction, FBRU",472544bad1c04989aadaedc71be19dce,
361,f894b84417514dcda8dca1e81a82e6eb,POINT (-94.1413055555556 42.4108888888889),ft^3/s,Discharge,00060,,071000040603,Iowa,2019-06-19 19:12:24.618615,2013-05-27 00:00:00.000001,2014-06-30 00:00:00.000001,2013-05-27 05:00:00+00:00,2014-06-30 05:00:00+00:00,Water Year,Max At Event Time,[],,Primary,USGS-05480603,,"Discharge, cubic feet per second",ae7ae58d3ade47b5b0ff2b9d344fdac3,
362,f89b0b61ce4b421da66a9a259d952f8f,POINT (-91.6671239375737 41.9719454904984),mg/l,Suspnd sedmnt conc,80154,00003,070802051507,Iowa,2020-04-17 14:03:42.010896,1943-10-04 00:00:00.000001,1954-09-30 00:00:00.000001,1943-10-04 05:00:00+00:00,1954-09-30 06:00:00+00:00,Daily,Mean,[],,Primary,USGS-05464500,,"Suspended sediment concentration, milligrams per liter",,
363,f8ec0ceeb1a747e2a73a98b899cdca74,POINT (-93.1521944444444 42.3153055555556),ft,Gage height,00065,00011,070802070604,Iowa,2026-07-13 06:59:01.101984,2007-10-01 06:00:00.000001,2026-07-13 06:45:00.000001,2007-10-01 11:00:00+00:00,2026-07-13 11:45:00+00:00,Points,Instantaneous,"[{'Name': 'Peak gage height, 13.84 ft, June 8, 2008', 'Type': 'None', 'Periods': [{'EndTime': '9999-12-31T23:59:59.9999999+00:00', 'StartTime': '2017-04-17T00:00:00.0000000-06:00', 'AppliedTime': '2017-04-30T12:34:28.9467789Z', 'SuppressData': False, 'ReferenceValue': 13.84}], 'Severity': 0, 'Description': 'Display reference value', 'DisplayColor': '#00CCFF', 'ReferenceCode': 'NWISWeb ref level - Public', 'ProcessingOrder': 'Suppression'}, {'Name': 'Operational limit (maximum) upper operating limit', 'Type': 'ThresholdAbove', 'Periods': [{'EndTime': '9999-12-31T23:59:59.9999999+00:00', 'StartTime': '2017-04-17T00:00:00.0000000-06:00', 'AppliedTime': '2017-04-30T12:34:27.8297686Z', 'SuppressData': True, 'ReferenceValue': 28.4, 'SecondaryReferenceValue': 25.56}], 'Severity': 0, 'Description': 'Values above a specified threshold limit', 'DisplayColor': '#CCCCCC', 'ReferenceCode': 'Operational limit - high-Public', 'ProcessingOrder': 'Suppression'}, {'Name': 'Operational limit (minimum) lower operating limit', 'Type': 'ThresholdBelow', 'Periods': [{'EndTime': '9999-12-31T23:59:59.9999999+00:00', 'StartTime': '2017-04-17T00:00:00.0000000-06:00', 'AppliedTime': '2017-04-30T12:34:28.3896834Z', 'SuppressData': True, 'ReferenceValue': 1.2, 'SecondaryReferenceValue': 1.4}], 'Severity': 0, 'Description': 'Values below a specified threshold limit', 'DisplayColor': '#666666', 'ReferenceCode': 'Operational limit - low-Public', 'ProcessingOrder': 'Suppression'}, {'Name': 'Bottom of QW pipe', 'Type': 'None', 'Periods': [{'EndTime': '9999-12-31T23:59:59.9999999+00:00', 'StartTime': '2017-04-17T00:00:00.0000000-06:00', 'AppliedTime': '2017-04-30T12:34:29.3137327Z', 'SuppressData': False, 'ReferenceValue': 2}], 'Severity': 0, 'Description': 'NWISWeb reference line displayed to USGS level users', 'DisplayColor': '#00CCFF', 'ReferenceCode': 'NWISWeb ref level - USGS', 'ProcessingOrder': 'Suppression'}]",,Primary,USGS-05451210,,"Gage height, feet",4e1ce1f4f2d64ffd813b2168bff9e82b,PT1H12M
364,f8f649c86e1f4fad8381ec53a76949d9,POINT (-91.124556 42.470333),ft^3/s,Discharge,00060,00011,0706000603,Iowa,2018-03-23 20:02:45.468512,2012-04-13 05:00:00.000001,2016-07-20 05:00:00.000001,2012-04-13 10:00:00+00:00,2016-07-20 10:00:00+00:00,Points,Instantaneous,"[{'Name': 'Peak discharge, 6,190 cfs, March 10, 2013', 'Type': 'None', 'Periods': [{'EndTime': '9999-12-31T23:59:59.9999999+00:00', 'StartTime': '0001-01-01T00:00:00.0000000+00:00', 'AppliedTime': '0001-01-01T00:00:00Z', 'SuppressData': False, 'ReferenceValue': 6190}], 'Severity': 0, 'Description': 'Display reference value', 'DisplayColor': '#00CCFF', 'ReferenceCode': 'NWISWeb ref level - Public', 'ProcessingOrder': 'Suppression'}, {'Name': 'Peak measured discharge, 9,440 cfs, August 2, 1972', 'Type': 'None', 'Periods': [{'EndTime': '9999-12-31T23:59:59.9999999+00:00', 'StartTime': '0001-01-01T00:00:00.0000000+00:00', 'AppliedTime': '2020-03-03T22:10:44.6636197Z', 'SuppressData': False, 'ReferenceValue': 9440}], 'Severity': 0, 'Description': 'Display reference value', 'DisplayColor': '#990600', 'ReferenceCode': 'NWISWeb ref level - Public', 'ProcessingOrder': 'Suppression'}]",,Primary,USGS-05418110,,"Discharge, cubic feet per second",4a68a8c10318491e8a172305c935a9e1,PT1H12M
366,f977ac4b6ced4f52999b4f55d29fb41e,POINT (-93.1521944444444 42.3153055555556),ft^3/s,Discharge,00060,00003,070802070604,Iowa,2026-07-13 06:59:06.615155,1995-10-25 00:00:00.000001,2026-07-12 00:00:00.000001,1995-10-25 05:00:00+00:00,2026-07-12 05:00:00+00:00,Daily,Mean,[],,Primary,USGS-05451210,,"Discharge, cubic feet per second",d9cdecb0c5a6473180e38a948b1e57e6,
367,f99ec140ac244f3d9e064527a8085129,POINT (-93.9497777777778 41.5340277777778),ft,Gage height,00065,,071000061702,Iowa,2026-04-06 14:17:29.353878,1915-05-29 00:00:00.000001,2025-07-30 00:00:00.000001,1915-05-29 06:00:00+00:00,2025-07-30 05:00:00+00:00,Water Year,Max At Event Time,[],,Primary,USGS-05484500,,"Gage height, feet",88a91c5cf5bc43bb89280658c044001e,
369,fa056db2e15a4b6cb1a111f35dd4e880,POINT (-93.1521944444444 42.3153055555556),QSE,"fDOM, water, in situ",32295,00003,070802070604,Iowa,2017-10-15 06:05:37.383333,2013-05-14 00:00:00.000001,2013-11-17 00:00:00.000001,2013-05-14 05:00:00+00:00,2013-11-17 06:00:00+00:00,Daily,Mean,[],,Primary,USGS-05451210,,"Dissolved organic matter fluorescence (fDOM), water, in situ, concentration estimated from reference material, micrograms per liter as quinine sulfate equivalents (QSE)",49cceef9e288463abaffa802ca537d1c,
370,fb507987536f49bfa3010d66cb32e99a,POINT (-91.7851805555556 42.0691638888889),pH Units,pH,00400,00011,070802051507,Iowa,2026-07-13 07:22:32.966489,2022-03-16 16:30:00.000001,2026-07-13 07:15:00.000001,2022-03-16 21:30:00+00:00,2026-07-13 12:15:00+00:00,Points,Instantaneous,"[{'Name': 'Very High', 'Type': 'ThresholdAbove', 'Periods': [{'EndTime': '9999-12-31T23:59:59.9999999+00:00', 'StartTime': '0001-01-01T00:00:00.0000000+00:00', 'AppliedTime': '2022-05-20T12:13:12.8510624Z', 'SuppressData': True, 'ReferenceValue': 15}], 'Severity': 0, 'Description': 'Unspecified threshold value', 'DisplayColor': '#990600', 'ReferenceCode': 'AQUARIUS only', 'ProcessingOrder': 'Suppression'}, {'Name': 'Very Low', 'Type': 'ThresholdBelow', 'Periods': [{'EndTime': '9999-12-31T23:59:59.9999999+00:00', 'StartTime': '0001-01-01T00:00:00.0000000+00:00', 'AppliedTime': '2022-05-20T12:13:40.7542243Z', 'SuppressData': True, 'ReferenceValue': -1}], 'Severity': 0, 'Description': 'Unspecified threshold value', 'DisplayColor': '#990600', 'ReferenceCode': 'AQUARIUS only', 'ProcessingOrder': 'Suppression'}]",,Primary,USGS-05464420,,"pH, water, unfiltered, field, standard units",,PT1H12M
373,fc9cfc709e7b4e0bb98771111e41799a,POINT (-91.73691666666667 41.999611111111115),degC,"Temperature, water",00010,00003,070802051507,Iowa,2026-07-13 06:20:49.501100,2025-02-27 00:00:00.000001,2026-07-12 00:00:00.000001,2025-02-27 06:00:00+00:00,2026-07-12 05:00:00+00:00,Daily,Mean,[],,Primary,USGS-415959091441301,InSitu Aqua Troll,"Temperature, water, degrees Celsius",4f355b4f8f8443b79be94b5fc852deb7,P1D
374,fccbb5a0342a432abaa90fb590619fed,POINT (-95.0145277777778 40.7432222222222),tons/day,"NO3+NO2, w, total as N",83554,00003,102400090703,Iowa,2026-07-13 06:45:51.146370,2012-05-30 00:00:00.000001,2026-07-12 00:00:00.000001,2012-05-30 05:00:00+00:00,2026-07-12 05:00:00+00:00,Daily,Mean,[],,Primary,USGS-06817000,,"Nitrate plus nitrite, water, total, short tons per day as nitrogen",,P1D
375,fdc5af40243b4b3bbc60b8b3df28df9a,POINT (-91.73691666666667 41.999611111111115),ft,"Water level, depth LSD",72019,00001,070802051507,Iowa,2026-07-13 06:20:49.931162,2025-03-12 00:00:00.000001,2026-07-12 00:00:00.000001,2025-03-12 05:00:00+00:00,2026-07-12 05:00:00+00:00,Daily,Max,[],,Primary,USGS-415959091441301,,"Depth to water level, feet below land surface",77702da77d99439b85861d148bf2ccdf,P1D
376,fe7294b0844348e2a6ed28ebe73c9ee3,POINT (-95.0145277777778 40.7432222222222),ft^3/s,Discharge,00060,,102400090703,Iowa,2026-06-06 22:22:23.150921,1918-05-29 00:00:00.000001,2025-06-26 00:00:00.000001,1918-05-29 05:00:00+00:00,2025-06-26 05:00:00+00:00,Water Year,Max At Event Time,[],,Primary,USGS-06817000,,"Discharge, cubic feet per second",e0b5ad3c55fb47bb9eaa2233c4c13266,
377,ffd5da09ba54469f9b279156489ab375,POINT (-90.3350833333333 42.1638611111111),tons/day,"NO3+NO2, w, total as N",83554,00003,070600061007,Iowa,2020-02-04 16:49:27.895434,2014-06-30 00:00:00.000001,2018-10-02 00:00:00.000001,2014-06-30 05:00:00+00:00,2018-10-02 05:00:00+00:00,Daily,Mean,[],,Primary,USGS-05418720,,"Nitrate plus nitrite, water, total, short tons per day as nitrogen",,P1D
