snr_id,uid,minted_under
SNR-0001,USGS:0738165055,snap-20260825-adopt
SNR-0002,USGS:292859090004000,snap-20260825-adopt
SNR-0003,USGS:0738165033,snap-20260825-adopt
SNR-0004,USGS:292939089544400,snap-20260825-adopt
SNR-0005,USGS:292952090565300,snap-20260825-adopt
SNR-0006,USGS:292952089453800,snap-20260825-adopt
SNR-0007,USGS:07374528,snap-20260825-adopt
SNR-0008,USGS:07380335,snap-20260825-adopt
SNR-0009,USGS:07381326,snap-20260825-adopt
SNR-000A,USGS:073816501,snap-20260825-adopt
SNR-000B,USGS:073815925,snap-20260825-adopt
SNR-000C,USGS:293229091230800,snap-20260825-adopt
SNR-000D,USGS:07381650,snap-20260825-adopt
SNR-000E,USGS:07380330,snap-20260825-adopt
SNR-000F,USGS:07381235,snap-20260825-adopt
SNR-000G,USGS:073745275,snap-20260825-adopt
SNR-000H,USGS:073745258,snap-20260825-adopt
SNR-000I,USGS:07374530,snap-20260825-adopt
SNR-000J,USGS:07380255,snap-20260825-adopt
SNR-000K,USGS:073816503,snap-20260825-adopt
SNR-000L,USGS:07374527,snap-20260825-adopt
SNR-000M,USGS:07381200,snap-20260825-adopt
SNR-000N,USGS:07385835,snap-20260825-adopt
SNR-000O,USGS:07381331,snap-20260825-adopt
SNR-000P,USGS:07381330,snap-20260825-adopt
SNR-000Q,USGS:07380241,snap-20260825-adopt
SNR-000R,USGS:07381655,snap-20260825-adopt
SNR-000S,USGS:07381483,snap-20260825-adopt
SNR-000T,USGS:073816505,snap-20260825-adopt
SNR-000U,USGS:07381355,snap-20260825-adopt
SNR-000V,USGS:07374526,snap-20260825-adopt
SNR-000W,USGS:07381660,snap-20260825-adopt
SNR-000X,USGS:07381350,snap-20260825-adopt
SNR-000Y,USGS:07381150,snap-20260825-adopt
SNR-000Z,USGS:073816202,snap-20260825-adopt
SNR-0010,USGS:073814675,snap-20260825-adopt
SNR-0011,USGS:07380250,snap-20260825-adopt
SNR-0012,USGS:07387050,snap-20260825-adopt
SNR-0013,USGS:07381670,snap-20260825-adopt
SNR-0014,USGS:07381464,snap-20260825-adopt
SNR-0015,USGS:073814690,snap-20260825-adopt
SNR-0016,USGS:07381489,snap-20260825-adopt
SNR-0017,USGS:07381600,snap-20260825-adopt
SNR-0018,USGS:07381590,snap-20260825-adopt
SNR-0019,USGS:07380238,snap-20260825-adopt
SNR-001A,USGS:073815945,snap-20260825-adopt
SNR-001B,USGS:07385820,snap-20260825-adopt
SNR-001C,USGS:073802345,snap-20260825-adopt
SNR-001D,USGS:07387040,snap-20260825-adopt
SNR-001E,USGS:073745257,snap-20260825-adopt
SNR-001F,USGS:073814660,snap-20260825-adopt
SNR-001G,USGS:294319089485900,snap-20260825-adopt
SNR-001H,USGS:07380240,snap-20260825-adopt
SNR-001I,USGS:07385795,snap-20260825-adopt
SNR-001J,USGS:073802358,snap-20260825-adopt
SNR-001K,USGS:00004263,snap-20260825-adopt
SNR-001L,USGS:07381695,snap-20260825-adopt
SNR-001M,USGS:073802375,snap-20260825-adopt
SNR-001N,USGS:294638089472600,snap-20260825-adopt
SNR-001O,USGS:07381460,snap-20260825-adopt
SNR-001P,USGS:073745253,snap-20260825-adopt
SNR-001Q,USGS:00004267,snap-20260825-adopt
SNR-001R,USGS:07385800,snap-20260825-adopt
SNR-001S,USGS:294736091164200,snap-20260825-adopt
SNR-001T,USGS:073815990,snap-20260825-adopt
SNR-001U,USGS:07381000,snap-20260825-adopt
SNR-001V,USGS:07381002,snap-20260825-adopt
SNR-001W,USGS:07380325,snap-20260825-adopt
SNR-001X,USGS:294905089525100,snap-20260825-adopt
SNR-001Y,USGS:07385790,snap-20260825-adopt
SNR-001Z,USGS:294925089532101,snap-20260825-adopt
SNR-0020,USGS:07380300,snap-20260825-adopt
SNR-0021,USGS:295011091184300,snap-20260825-adopt
SNR-0022,USGS:295020089411600,snap-20260825-adopt
SNR-0023,USGS:07387005,snap-20260825-adopt
SNR-0024,USGS:07381459,snap-20260825-adopt
SNR-0025,USGS:073802344,snap-20260825-adopt
SNR-0026,USGS:295124089542100,snap-20260825-adopt
SNR-0027,USGS:2951190901217,snap-20260825-adopt
SNR-0028,USGS:07374525,snap-20260825-adopt
SNR-0029,USGS:073745245,snap-20260825-adopt
SNR-002A,USGS:07385765,snap-20260825-adopt
SNR-002B,USGS:07387000,snap-20260825-adopt
SNR-002C,USGS:07385780,snap-20260825-adopt
SNR-002D,USGS:073815450,snap-20260825-adopt
SNR-002E,USGS:073815730,snap-20260825-adopt
SNR-002F,USGS:073815720,snap-20260825-adopt
SNR-002G,USGS:073815980,snap-20260825-adopt
SNR-002H,USGS:07381454,snap-20260825-adopt
SNR-002I,USGS:07380270,snap-20260825-adopt
SNR-002J,USGS:07374515,snap-20260825-adopt
SNR-002K,USGS:295447091191500,snap-20260825-adopt
SNR-002L,USGS:295501090190400,snap-20260825-adopt
SNR-002M,USGS:07381588,snap-20260825-adopt
SNR-002N,USGS:073815660,snap-20260825-adopt
SNR-002O,USGS:07374510,snap-20260825-adopt
SNR-002P,USGS:073745235,snap-20260825-adopt
SNR-002Q,USGS:07380231,snap-20260825-adopt
SNR-002R,USGS:07380500,snap-20260825-adopt
SNR-002S,USGS:091303000,snap-20260825-adopt
SNR-002T,USGS:07385955,snap-20260825-adopt
SNR-002U,USGS:07385950,snap-20260825-adopt
SNR-002V,USGS:07386980,snap-20260825-adopt
SNR-002W,USGS:07381457,snap-20260825-adopt
SNR-002X,USGS:295827090052800,snap-20260825-adopt
SNR-002Y,USGS:091300900,snap-20260825-adopt
SNR-002Z,USGS:073815668,snap-20260825-adopt
SNR-0030,USGS:073802352,snap-20260825-adopt
SNR-0031,USGS:07381567,snap-20260825-adopt
SNR-0032,USGS:295906090054200,snap-20260825-adopt
SNR-0033,USGS:073815640,snap-20260825-adopt
SNR-0034,USGS:07380232,snap-20260825-adopt
SNR-0035,USGS:073804751,snap-20260825-adopt
SNR-0036,USGS:073802354,snap-20260825-adopt
SNR-0037,USGS:073802341,snap-20260825-adopt
SNR-0038,USGS:300003090163500,snap-20260825-adopt
SNR-0039,USGS:300009090051600,snap-20260825-adopt
SNR-003A,USGS:300026090050800,snap-20260825-adopt
SNR-003B,USGS:300034090055300,snap-20260825-adopt
SNR-003C,USGS:073802339,snap-20260825-adopt
SNR-003D,USGS:073802331,snap-20260825-adopt
SNR-003E,USGS:300127090045800,snap-20260825-adopt
SNR-003F,USGS:300128090045800,snap-20260825-adopt
SNR-003G,USGS:300138090064700,snap-20260825-adopt
SNR-003H,USGS:073802332,snap-20260825-adopt
SNR-003I,USGS:0738153844,snap-20260825-adopt
SNR-003J,USGS:0738153843,snap-20260825-adopt
SNR-003K,USGS:300312091320000,snap-20260825-adopt
SNR-003L,USGS:073815973,snap-20260825-adopt
SNR-003M,USGS:073815397,snap-20260825-adopt
SNR-003N,USGS:07386962,snap-20260825-adopt
SNR-003O,USGS:07386960,snap-20260825-adopt
SNR-003P,USGS:0738023325,snap-20260825-adopt
SNR-003Q,USGS:07385702,snap-20260825-adopt
SNR-003R,USGS:07385700,snap-20260825-adopt
SNR-003S,USGS:07385270,snap-20260825-adopt
SNR-003T,USGS:07381550,snap-20260825-adopt
SNR-003U,USGS:073815395,snap-20260825-adopt
SNR-003V,USGS:073815970,snap-20260825-adopt
SNR-003W,USGS:091360000,snap-20260825-adopt
SNR-003X,USGS:0738153842,snap-20260825-adopt
SNR-003Y,USGS:300507091355600,snap-20260825-adopt
SNR-003Z,USGS:3005160902620,snap-20260825-adopt
SNR-0040,USGS:091325300,snap-20260825-adopt
SNR-0041,USGS:07380401,snap-20260825-adopt
SNR-0042,USGS:0738153841,snap-20260825-adopt
SNR-0043,USGS:300602090375100,snap-20260825-adopt
SNR-0044,USGS:07380400,snap-20260825-adopt
SNR-0045,USGS:07380212,snap-20260825-adopt
SNR-0046,USGS:07386956,snap-20260825-adopt
SNR-0047,USGS:073802305,snap-20260825-adopt
SNR-0048,USGS:073815963,snap-20260825-adopt
SNR-0049,USGS:07374200,snap-20260825-adopt
SNR-004A,USGS:300703089522700,snap-20260825-adopt
SNR-004B,USGS:300713091362400,snap-20260825-adopt
SNR-004C,USGS:3007220891501,snap-20260825-adopt
SNR-004D,USGS:300722089150100,snap-20260825-adopt
SNR-004E,USGS:091324000,snap-20260825-adopt
SNR-004F,USGS:073815386,snap-20260825-adopt
SNR-004G,USGS:07381452,snap-20260825-adopt
SNR-004H,USGS:300740090382500,snap-20260825-adopt
SNR-004I,USGS:073815960,snap-20260825-adopt
SNR-004J,USGS:073802337,snap-20260825-adopt
SNR-004K,USGS:07381451,snap-20260825-adopt
SNR-004L,USGS:3004510895507,snap-20260825-adopt
SNR-004M,USGS:300830089515000,snap-20260825-adopt
SNR-004N,USGS:07386940,snap-20260825-adopt
SNR-004O,USGS:07386953,snap-20260825-adopt
SNR-004P,USGS:073802334,snap-20260825-adopt
SNR-004Q,USGS:300904090075200,snap-20260825-adopt
SNR-004R,USGS:300910089374820,snap-20260825-adopt
SNR-004S,USGS:07381450,snap-20260825-adopt
SNR-004T,USGS:07386935,snap-20260825-adopt
SNR-004U,USGS:0738023365,snap-20260825-adopt
SNR-004V,USGS:301001089442600,snap-20260825-adopt
SNR-004W,USGS:301002091344100,snap-20260825-adopt
SNR-004X,USGS:073802220,snap-20260825-adopt
SNR-004Y,USGS:073802225,snap-20260825-adopt
SNR-004Z,USGS:07386950,snap-20260825-adopt
SNR-0050,USGS:301058089313900,snap-20260825-adopt
SNR-0051,USGS:073802285,snap-20260825-adopt
SNR-0052,USGS:073802284,snap-20260825-adopt
SNR-0053,USGS:073802282,snap-20260825-adopt
SNR-0054,USGS:301104089253400,snap-20260825-adopt
SNR-0055,USGS:07385260,snap-20260825-adopt
SNR-0056,USGS:301140089351800,snap-20260825-adopt
SNR-0057,USGS:301141089320300,snap-20260825-adopt
SNR-0058,USGS:301200090072400,snap-20260825-adopt
SNR-0059,USGS:07385250,snap-20260825-adopt
SNR-005A,USGS:073802280,snap-20260825-adopt
SNR-005B,USGS:07386900,snap-20260825-adopt
SNR-005C,USGS:07386880,snap-20260825-adopt
SNR-005D,USGS:07380228,snap-20260825-adopt
SNR-005E,USGS:07386850,snap-20260825-adopt
SNR-005F,USGS:301324090382400,snap-20260825-adopt
SNR-005G,USGS:073815382,snap-20260825-adopt
SNR-005H,USGS:07381408,snap-20260825-adopt
SNR-005I,USGS:073814075,snap-20260825-adopt
SNR-005J,USGS:07380227,snap-20260825-adopt
SNR-005K,USGS:07386800,snap-20260825-adopt
SNR-005L,USGS:07380210,snap-20260825-adopt
SNR-005M,USGS:073802273,snap-20260825-adopt
SNR-005N,USGS:07380226,snap-20260825-adopt
SNR-005O,USGS:073815190,snap-20260825-adopt
SNR-005P,USGS:07380223,snap-20260825-adopt
SNR-005Q,USGS:073802245,snap-20260825-adopt
SNR-005R,USGS:301429089145600,snap-20260825-adopt
SNR-005S,USGS:02492670,snap-20260825-adopt
SNR-005T,USGS:07381538,snap-20260825-adopt
SNR-005U,USGS:07386660,snap-20260825-adopt
SNR-005V,USGS:07381535,snap-20260825-adopt
SNR-005W,USGS:07386705,snap-20260825-adopt
SNR-005X,USGS:07386700,snap-20260825-adopt
SNR-005Y,USGS:07380229,snap-20260825-adopt
SNR-005Z,USGS:07374573,snap-20260825-adopt
SNR-0060,USGS:0738022295,snap-20260825-adopt
SNR-0061,USGS:02492667,snap-20260825-adopt
SNR-0062,USGS:02492666,snap-20260825-adopt
SNR-0063,USGS:073745815,snap-20260825-adopt
SNR-0064,USGS:073745817,snap-20260825-adopt
SNR-0065,USGS:0738022395,snap-20260825-adopt
SNR-0066,USGS:07374572,snap-20260825-adopt
SNR-0067,USGS:07374578,snap-20260825-adopt
SNR-0068,USGS:07386655,snap-20260825-adopt
SNR-0069,USGS:07380200,snap-20260825-adopt
SNR-006A,USGS:07380224,snap-20260825-adopt
SNR-006B,USGS:073745813,snap-20260825-adopt
SNR-006C,USGS:073851800,snap-20260825-adopt
SNR-006D,USGS:07380230,snap-20260825-adopt
SNR-006E,USGS:07381515,snap-20260825-adopt
SNR-006F,USGS:301655091440800,snap-20260825-adopt
SNR-006G,USGS:073802302,snap-20260825-adopt
SNR-006H,USGS:073802239,snap-20260825-adopt
SNR-006I,USGS:07374577,snap-20260825-adopt
SNR-006J,USGS:0738022292,snap-20260825-adopt
SNR-006K,USGS:02492664,snap-20260825-adopt
SNR-006L,USGS:07374575,snap-20260825-adopt
SNR-006M,USGS:02492665,snap-20260825-adopt
SNR-006N,USGS:07381444,snap-20260825-adopt
SNR-006O,USGS:07374570,snap-20260825-adopt
SNR-006P,USGS:0738022385,snap-20260825-adopt
SNR-006Q,USGS:02492663,snap-20260825-adopt
SNR-006R,USGS:07380126,snap-20260825-adopt
SNR-006S,USGS:02492700,snap-20260825-adopt
SNR-006T,USGS:07380220,snap-20260825-adopt
SNR-006U,USGS:073802238,snap-20260825-adopt
SNR-006V,USGS:07380123,snap-20260825-adopt
SNR-006W,USGS:07380125,snap-20260825-adopt
SNR-006X,USGS:07374581,snap-20260825-adopt
SNR-006Y,USGS:07380122,snap-20260825-adopt
SNR-006Z,USGS:024926495,snap-20260825-adopt
SNR-0070,USGS:07380124,snap-20260825-adopt
SNR-0071,USGS:07380103,snap-20260825-adopt
SNR-0072,USGS:07380104,snap-20260825-adopt
SNR-0073,USGS:07380215,snap-20260825-adopt
SNR-0074,USGS:073745807,snap-20260825-adopt
SNR-0075,USGS:07374571,snap-20260825-adopt
SNR-0076,USGS:07374576,snap-20260825-adopt
SNR-0077,USGS:07374574,snap-20260825-adopt
SNR-0078,USGS:07385200,snap-20260825-adopt
SNR-0079,USGS:02492662,snap-20260825-adopt
SNR-007A,USGS:02492649,snap-20260825-adopt
SNR-007B,USGS:07380127,snap-20260825-adopt
SNR-007C,USGS:073745805,snap-20260825-adopt
SNR-007D,USGS:07380106,snap-20260825-adopt
SNR-007E,USGS:07378745,snap-20260825-adopt
SNR-007F,USGS:07378746,snap-20260825-adopt
SNR-007G,USGS:07378748,snap-20260825-adopt
SNR-007H,USGS:02481670,snap-20260825-adopt
SNR-007I,USGS:301932089193120,snap-20260825-adopt
SNR-007J,USGS:07380107,snap-20260825-adopt
SNR-007K,USGS:07381517,snap-20260825-adopt
SNR-007L,USGS:301954089181700,snap-20260825-adopt
SNR-007M,USGS:07380120,snap-20260825-adopt
SNR-007N,USGS:073745803,snap-20260825-adopt
SNR-007O,USGS:07380102,snap-20260825-adopt
SNR-007P,USGS:302020091435700,snap-20260825-adopt
SNR-007Q,USGS:02492660,snap-20260825-adopt
SNR-007R,USGS:07379001,snap-20260825-adopt
SNR-007S,USGS:07380101,snap-20260825-adopt
SNR-007T,USGS:02481325,snap-20260825-adopt
SNR-007U,USGS:07380100,snap-20260825-adopt
SNR-007V,USGS:07376250,snap-20260825-adopt
SNR-007W,USGS:02492648,snap-20260825-adopt
SNR-007X,USGS:07380108,snap-20260825-adopt
SNR-007Y,USGS:07380110,snap-20260825-adopt
SNR-007Z,USGS:07378815,snap-20260825-adopt
SNR-0080,USGS:07378805,snap-20260825-adopt
SNR-0081,USGS:07386650,snap-20260825-adopt
SNR-0082,USGS:02492620,snap-20260825-adopt
SNR-0083,USGS:07379075,snap-20260825-adopt
SNR-0084,USGS:07378788,snap-20260825-adopt
SNR-0085,USGS:0248152650,snap-20260825-adopt
SNR-0086,USGS:07378810,snap-20260825-adopt
SNR-0087,USGS:07375690,snap-20260825-adopt
SNR-0088,USGS:302144090052401,snap-20260825-adopt
SNR-0089,USGS:07378800,snap-20260825-adopt
SNR-008A,USGS:07374585,snap-20260825-adopt
SNR-008B,USGS:02481667,snap-20260825-adopt
SNR-008C,USGS:07386600,snap-20260825-adopt
SNR-008D,USGS:07378792,snap-20260825-adopt
SNR-008E,USGS:07378725,snap-20260825-adopt
SNR-008F,USGS:07378790,snap-20260825-adopt
SNR-008G,USGS:07380000,snap-20260825-adopt
SNR-008H,USGS:07376300,snap-20260825-adopt
SNR-008I,USGS:07386000,snap-20260825-adopt
SNR-008J,USGS:07374598,snap-20260825-adopt
SNR-008K,USGS:07379960,snap-20260825-adopt
SNR-008L,USGS:02492600,snap-20260825-adopt
SNR-008M,USGS:07378722,snap-20260825-adopt
SNR-008N,USGS:02481660,snap-20260825-adopt
SNR-008O,USGS:07379950,snap-20260825-adopt
SNR-008P,USGS:302320091465900,snap-20260825-adopt
SNR-008Q,USGS:07378780,snap-20260825-adopt
SNR-008R,USGS:07378778,snap-20260825-adopt
SNR-008S,USGS:07374595,snap-20260825-adopt
SNR-008T,USGS:07381532,snap-20260825-adopt
SNR-008U,USGS:02481521,snap-20260825-adopt
SNR-008V,USGS:07379060,snap-20260825-adopt
SNR-008W,USGS:073814135,snap-20260825-adopt
SNR-008X,USGS:07378720,snap-20260825-adopt
SNR-008Y,USGS:07386190,snap-20260825-adopt
SNR-008Z,USGS:07385500,snap-20260825-adopt
SNR-0090,USGS:07378710,snap-20260825-adopt
SNR-0091,USGS:07386200,snap-20260825-adopt
SNR-0092,USGS:07386201,snap-20260825-adopt
SNR-0093,USGS:07379550,snap-20260825-adopt
SNR-0094,USGS:07381406,snap-20260825-adopt
SNR-0095,USGS:07379507,snap-20260825-adopt
SNR-0096,USGS:07375230,snap-20260825-adopt
SNR-0097,USGS:07375228,snap-20260825-adopt
SNR-0098,USGS:07379050,snap-20260825-adopt
SNR-0099,USGS:07379508,snap-20260825-adopt
SNR-009A,USGS:02481570,snap-20260825-adopt
SNR-009B,USGS:3024260902559,snap-20260825-adopt
SNR-009C,USGS:0248166310,snap-20260825-adopt
SNR-009D,USGS:07379400,snap-20260825-adopt
SNR-009E,USGS:073801175,snap-20260825-adopt
SNR-009F,USGS:07378705,snap-20260825-adopt
SNR-009G,USGS:07378700,snap-20260825-adopt
SNR-009H,USGS:07381427,snap-20260825-adopt
SNR-009I,USGS:07379505,snap-20260825-adopt
SNR-009J,USGS:07379100,snap-20260825-adopt
SNR-009K,USGS:07378670,snap-20260825-adopt
SNR-009L,USGS:07378675,snap-20260825-adopt
SNR-009M,USGS:07379500,snap-20260825-adopt
SNR-009N,USGS:07380185,snap-20260825-adopt
SNR-009O,USGS:07379503,snap-20260825-adopt
SNR-009P,USGS:07378655,snap-20260825-adopt
SNR-009Q,USGS:07375227,snap-20260825-adopt
SNR-009R,USGS:07386500,snap-20260825-adopt
SNR-009S,USGS:07379095,snap-20260825-adopt
SNR-009T,USGS:07381412,snap-20260825-adopt
SNR-009U,USGS:07379502,snap-20260825-adopt
SNR-009V,USGS:07379010,snap-20260825-adopt
SNR-009W,USGS:07376290,snap-20260825-adopt
SNR-009X,USGS:07378650,snap-20260825-adopt
SNR-009Y,USGS:07378510,snap-20260825-adopt
SNR-009Z,USGS:07381440,snap-20260825-adopt
SNR-00A0,USGS:07379090,snap-20260825-adopt
SNR-00A1,USGS:07375650,snap-20260825-adopt
SNR-00A2,USGS:07381429,snap-20260825-adopt
SNR-00A3,USGS:07379000,snap-20260825-adopt
SNR-00A4,USGS:07381413,snap-20260825-adopt
SNR-00A5,USGS:07379085,snap-20260825-adopt
SNR-00A6,USGS:07374000,snap-20260825-adopt
SNR-00A7,USGS:07378620,snap-20260825-adopt
SNR-00A8,USGS:07378645,snap-20260825-adopt
SNR-00A9,USGS:07385470,snap-20260825-adopt
SNR-00AA,USGS:07386510,snap-20260825-adopt
SNR-00AB,USGS:07378600,snap-20260825-adopt
SNR-00AC,USGS:07376615,snap-20260825-adopt
SNR-00AD,USGS:02492519,snap-20260825-adopt
SNR-00AE,USGS:07385050,snap-20260825-adopt
SNR-00AF,USGS:07375223,snap-20260825-adopt
SNR-00AG,USGS:07378640,snap-20260825-adopt
SNR-00AH,USGS:02492511,snap-20260825-adopt
SNR-00AI,USGS:07386503,snap-20260825-adopt
SNR-00AJ,USGS:07378500,snap-20260825-adopt
SNR-00AK,USGS:07375060,snap-20260825-adopt
SNR-00AL,USGS:07378595,snap-20260825-adopt
SNR-00AM,USGS:07378597,snap-20260825-adopt
SNR-00AN,USGS:07376285,snap-20260825-adopt
SNR-00AO,USGS:07381405,snap-20260825-adopt
SNR-00AP,USGS:07378635,snap-20260825-adopt
SNR-00AQ,USGS:07380161,snap-20260825-adopt
SNR-00AR,USGS:073850080,snap-20260825-adopt
SNR-00AS,USGS:07375175,snap-20260825-adopt
SNR-00AT,USGS:07380160,snap-20260825-adopt
SNR-00AU,USGS:07378008,snap-20260825-adopt
SNR-00AV,USGS:07375222,snap-20260825-adopt
SNR-00AW,USGS:02481510,snap-20260825-adopt
SNR-00AX,USGS:07380180,snap-20260825-adopt
SNR-00AY,USGS:073815160,snap-20260825-adopt
SNR-00AZ,USGS:07378010,snap-20260825-adopt
SNR-00B0,USGS:07375050,snap-20260825-adopt
SNR-00B1,USGS:07375218,snap-20260825-adopt
SNR-00B2,USGS:07378020,snap-20260825-adopt
SNR-00B3,USGS:07375170,snap-20260825-adopt
SNR-00B4,USGS:07373996,snap-20260825-adopt
SNR-00B5,USGS:07380130,snap-20260825-adopt
SNR-00B6,USGS:07376200,snap-20260825-adopt
SNR-00B7,USGS:07376000,snap-20260825-adopt
SNR-00B8,USGS:07376520,snap-20260825-adopt
SNR-00B9,USGS:07376500,snap-20260825-adopt
SNR-00BA,USGS:07376627,snap-20260825-adopt
SNR-00BB,USGS:07376625,snap-20260825-adopt
SNR-00BC,USGS:07378050,snap-20260825-adopt
SNR-00BD,USGS:07375600,snap-20260825-adopt
SNR-00BE,USGS:07378015,snap-20260825-adopt
SNR-00BF,USGS:02481550,snap-20260825-adopt
SNR-00BG,USGS:07375500,snap-20260825-adopt
SNR-00BH,USGS:07376610,snap-20260825-adopt
SNR-00BI,USGS:07378000,snap-20260825-adopt
SNR-00BJ,USGS:02481542,snap-20260825-adopt
SNR-00BK,USGS:073850050,snap-20260825-adopt
SNR-00BL,USGS:07376620,snap-20260825-adopt
SNR-00BM,USGS:07377920,snap-20260825-adopt
SNR-00BN,USGS:07377870,snap-20260825-adopt
SNR-00BO,USGS:073850060,snap-20260825-adopt
SNR-00BP,USGS:073802350,snap-20260825-adopt
SNR-00BQ,USGS:073850061,snap-20260825-adopt
SNR-00BR,USGS:07377300,snap-20260825-adopt
SNR-00BS,USGS:02492350,snap-20260825-adopt
SNR-00BT,USGS:07377940,snap-20260825-adopt
SNR-00BU,USGS:07373993,snap-20260825-adopt
SNR-00BV,USGS:02492200,snap-20260825-adopt
SNR-00BW,USGS:07385000,snap-20260825-adopt
SNR-00BX,USGS:07377900,snap-20260825-adopt
SNR-00BY,USGS:07378100,snap-20260825-adopt
SNR-00BZ,USGS:07384990,snap-20260825-adopt
SNR-00C0,USGS:07381500,snap-20260825-adopt
SNR-00C1,USGS:00004264,snap-20260825-adopt
SNR-00C2,USGS:07384490,snap-20260825-adopt
SNR-00C3,USGS:07384500,snap-20260825-adopt
SNR-00C4,USGS:303314091414900,snap-20260825-adopt
SNR-00C5,USGS:07375105,snap-20260825-adopt
SNR-00C6,USGS:07378091,snap-20260825-adopt
SNR-00C7,USGS:073814031,snap-20260825-adopt
SNR-00C8,USGS:07381403,snap-20260825-adopt
SNR-00C9,USGS:07385450,snap-20260825-adopt
SNR-00CA,USGS:07377760,snap-20260825-adopt
SNR-00CB,USGS:07382790,snap-20260825-adopt
SNR-00CC,USGS:07378083,snap-20260825-adopt
SNR-00CD,USGS:07376600,snap-20260825-adopt
SNR-00CE,USGS:07384400,snap-20260825-adopt
SNR-00CF,USGS:02492111,snap-20260825-adopt
SNR-00CG,USGS:02492110,snap-20260825-adopt
SNR-00CH,USGS:02492343,snap-20260825-adopt
SNR-00CI,USGS:07377890,snap-20260825-adopt
SNR-00CJ,USGS:07377842,snap-20260825-adopt
SNR-00CK,USGS:07373980,snap-20260825-adopt
SNR-00CL,USGS:02481549,snap-20260825-adopt
SNR-00CM,USGS:07377840,snap-20260825-adopt
SNR-00CN,USGS:07378075,snap-20260825-adopt
SNR-00CO,USGS:07373970,snap-20260825-adopt
SNR-00CP,USGS:02492100,snap-20260825-adopt
SNR-00CQ,USGS:02481500,snap-20260825-adopt
SNR-00CR,USGS:07377754,snap-20260825-adopt
SNR-00CS,USGS:02481505,snap-20260825-adopt
SNR-00CT,USGS:07377933,snap-20260825-adopt
SNR-00CU,USGS:07377250,snap-20260825-adopt
SNR-00CV,USGS:07375450,snap-20260825-adopt
SNR-00CW,USGS:07375480,snap-20260825-adopt
SNR-00CX,USGS:07375453,snap-20260825-adopt
SNR-00CY,USGS:07373960,snap-20260825-adopt
SNR-00CZ,USGS:07375100,snap-20260825-adopt
SNR-00D0,USGS:07382700,snap-20260825-adopt
SNR-00D1,USGS:07375000,snap-20260825-adopt
SNR-00D2,USGS:07377755,snap-20260825-adopt
SNR-00D3,USGS:07373965,snap-20260825-adopt
SNR-00D4,USGS:07382500,snap-20260825-adopt
SNR-00D5,USGS:07377243,snap-20260825-adopt
SNR-00D6,USGS:07373900,snap-20260825-adopt
SNR-00D7,USGS:07378070,snap-20260825-adopt
SNR-00D8,USGS:07377240,snap-20260825-adopt
SNR-00D9,USGS:07375085,snap-20260825-adopt
SNR-00DA,USGS:02492000,snap-20260825-adopt
SNR-00DB,USGS:07377782,snap-20260825-adopt
SNR-00DC,USGS:07375440,snap-20260825-adopt
SNR-00DD,USGS:02490200,snap-20260825-adopt
SNR-00DE,USGS:07375185,snap-20260825-adopt
SNR-00DF,USGS:07377233,snap-20260825-adopt
SNR-00DG,USGS:07377750,snap-20260825-adopt
SNR-00DH,USGS:07377230,snap-20260825-adopt
SNR-00DI,USGS:07382495,snap-20260825-adopt
SNR-00DJ,USGS:07377780,snap-20260825-adopt
SNR-00DK,USGS:07375463,snap-20260825-adopt
SNR-00DL,USGS:02492360,snap-20260825-adopt
SNR-00DM,USGS:073814011,snap-20260825-adopt
SNR-00DN,USGS:07381401,snap-20260825-adopt
SNR-00DO,USGS:07381390,snap-20260825-adopt
SNR-00DP,USGS:07377210,snap-20260825-adopt
SNR-00DQ,USGS:07375960,snap-20260825-adopt
SNR-00DR,USGS:07384300,snap-20260825-adopt
SNR-00DS,USGS:07382750,snap-20260825-adopt
SNR-00DT,USGS:07377600,snap-20260825-adopt
SNR-00DU,USGS:02490193,snap-20260825-adopt
SNR-00DV,USGS:07377215,snap-20260825-adopt
SNR-00DW,USGS:073815305,snap-20260825-adopt
SNR-00DX,USGS:07376420,snap-20260825-adopt
SNR-00DY,USGS:07373800,snap-20260825-adopt
SNR-00DZ,USGS:02492323,snap-20260825-adopt
SNR-00E0,USGS:02491800,snap-20260825-adopt
SNR-00E1,USGS:073815280,snap-20260825-adopt
SNR-00E2,USGS:07377700,snap-20260825-adopt
SNR-00E3,USGS:07375430,snap-20260825-adopt
SNR-00E4,USGS:073815275,snap-20260825-adopt
SNR-00E5,USGS:07377150,snap-20260825-adopt
SNR-00E6,USGS:02489800,snap-20260825-adopt
SNR-00E7,USGS:07373700,snap-20260825-adopt
SNR-00E8,USGS:02492314,snap-20260825-adopt
SNR-00E9,USGS:07384020,snap-20260825-adopt
SNR-00EA,USGS:07374700,snap-20260825-adopt
SNR-00EB,USGS:07377500,snap-20260825-adopt
SNR-00EC,USGS:07381900,snap-20260825-adopt
SNR-00ED,USGS:07384200,snap-20260825-adopt
SNR-00EE,USGS:304539091534804,snap-20260825-adopt
SNR-00EF,USGS:07375920,snap-20260825-adopt
SNR-00EG,USGS:07373310,snap-20260825-adopt
SNR-00EH,USGS:304616091365800,snap-20260825-adopt
SNR-00EI,USGS:304619091365900,snap-20260825-adopt
SNR-00EJ,USGS:07375420,snap-20260825-adopt
SNR-00EK,USGS:07382140,snap-20260825-adopt
SNR-00EL,USGS:02490113,snap-20260825-adopt
SNR-00EM,USGS:02490112,snap-20260825-adopt
SNR-00EN,USGS:02490105,snap-20260825-adopt
SNR-00EO,USGS:02490109,snap-20260825-adopt
SNR-00EP,USGS:02481450,snap-20260825-adopt
SNR-00EQ,USGS:02490133,snap-20260825-adopt
SNR-00ER,USGS:02489500,snap-20260825-adopt
SNR-00ES,USGS:02490127,snap-20260825-adopt
SNR-00ET,USGS:02490129,snap-20260825-adopt
SNR-00EU,USGS:02490126,snap-20260825-adopt
SNR-00EV,USGS:02490125,snap-20260825-adopt
SNR-00EW,USGS:02490130,snap-20260825-adopt
SNR-00EX,USGS:02492355,snap-20260825-adopt
SNR-00EY,USGS:07375850,snap-20260825-adopt
SNR-00EZ,USGS:07374600,snap-20260825-adopt
SNR-00F0,USGS:07375422,snap-20260825-adopt
SNR-00F1,USGS:07377190,snap-20260825-adopt
SNR-00F2,USGS:08011190,snap-20260825-adopt
SNR-00F3,USGS:07373450,snap-20260825-adopt
SNR-00F4,USGS:07373600,snap-20260825-adopt
SNR-00F5,USGS:02491500,snap-20260825-adopt
SNR-00F6,USGS:07373640,snap-20260825-adopt
SNR-00F7,USGS:07382111,snap-20260825-adopt
SNR-00F8,USGS:07373300,snap-20260825-adopt
SNR-00F9,USGS:02479190,snap-20260825-adopt
SNR-00FA,USGS:02481400,snap-20260825-adopt
SNR-00FB,USGS:02479187,snap-20260825-adopt
SNR-00FC,USGS:07384100,snap-20260825-adopt
SNR-00FD,USGS:07377400,snap-20260825-adopt
SNR-00FE,USGS:02491700,snap-20260825-adopt
SNR-00FF,USGS:07382050,snap-20260825-adopt
SNR-00FG,USGS:02490000,snap-20260825-adopt
SNR-00FH,USGS:07374590,snap-20260825-adopt
SNR-00FI,USGS:07375410,snap-20260825-adopt
SNR-00FJ,USGS:02489400,snap-20260825-adopt
SNR-00FK,USGS:02491350,snap-20260825-adopt
SNR-00FL,USGS:07377000,snap-20260825-adopt
SNR-00FM,USGS:02491600,snap-20260825-adopt
SNR-00FN,USGS:07377650,snap-20260825-adopt
SNR-00FO,USGS:07382130,snap-20260825-adopt
SNR-00FP,USGS:07377405,snap-20260825-adopt
SNR-00FQ,USGS:024791834,snap-20260825-adopt
SNR-00FR,USGS:02491300,snap-20260825-adopt
SNR-00FS,USGS:07381525,snap-20260825-adopt
SNR-00FT,USGS:07373500,snap-20260825-adopt
SNR-00FU,USGS:02491200,snap-20260825-adopt
SNR-00FV,USGS:02489990,snap-20260825-adopt
SNR-00FW,USGS:07375345,snap-20260825-adopt
SNR-00FX,USGS:07375800,snap-20260825-adopt
SNR-00FY,USGS:07375350,snap-20260825-adopt
SNR-00FZ,USGS:07381735,snap-20260825-adopt
SNR-00G0,USGS:07375300,snap-20260825-adopt
SNR-00G1,USGS:07375790,snap-20260825-adopt
SNR-00G2,USGS:07384000,snap-20260825-adopt
SNR-00G3,USGS:07376790,snap-20260825-adopt
SNR-00G4,USGS:07375307,snap-20260825-adopt
SNR-00G5,USGS:07381950,snap-20260825-adopt
SNR-00G6,USGS:07373290,snap-20260825-adopt
SNR-00G7,USGS:07373400,snap-20260825-adopt
SNR-00G8,USGS:07376795,snap-20260825-adopt
SNR-00G9,USGS:07381490,snap-20260825-adopt
SNR-00GA,USGS:07382125,snap-20260825-adopt
SNR-00GB,USGS:02491000,snap-20260825-adopt
SNR-00GC,USGS:07381800,snap-20260825-adopt
SNR-00GD,USGS:07383510,snap-20260825-adopt
SNR-00GE,USGS:07382000,snap-20260825-adopt
SNR-00GF,USGS:07373288,snap-20260825-adopt
SNR-00GG,USGS:07383450,snap-20260825-adopt
SNR-00GH,USGS:02479180,snap-20260825-adopt
SNR-00GI,USGS:07375280,snap-20260825-adopt
SNR-00GJ,USGS:07383495,snap-20260825-adopt
SNR-00GK,USGS:07383400,snap-20260825-adopt
SNR-00GL,USGS:07383500,snap-20260825-adopt
SNR-00GM,USGS:07383490,snap-20260825-adopt
SNR-00GN,USGS:07382290,snap-20260825-adopt
SNR-00GO,USGS:02489270,snap-20260825-adopt
SNR-00GP,USGS:07382288,snap-20260825-adopt
SNR-00GQ,USGS:02479130,snap-20260825-adopt
SNR-00GR,USGS:07381850,snap-20260825-adopt
SNR-00GS,USGS:07383030,snap-20260825-adopt
SNR-00GT,USGS:310355091411500,snap-20260825-adopt
SNR-00GU,USGS:07381482,snap-20260825-adopt
SNR-00GV,USGS:073732864,snap-20260825-adopt
SNR-00GW,USGS:073732865,snap-20260825-adopt
SNR-00GX,USGS:07383390,snap-20260825-adopt
SNR-00GY,USGS:310506089291200,snap-20260825-adopt
SNR-00GZ,USGS:07373550,snap-20260825-adopt
SNR-00H0,USGS:02479140,snap-20260825-adopt
SNR-00H1,USGS:07376680,snap-20260825-adopt
SNR-00H2,USGS:02479138,snap-20260825-adopt
SNR-00H3,USGS:07383380,snap-20260825-adopt
SNR-00H4,USGS:07381768,snap-20260825-adopt
SNR-00H5,USGS:07382265,snap-20260825-adopt
SNR-00H6,USGS:07382270,snap-20260825-adopt
SNR-00H7,USGS:07376760,snap-20260825-adopt
SNR-00H8,USGS:02490750,snap-20260825-adopt
SNR-00H9,USGS:07383000,snap-20260825-adopt
SNR-00HA,USGS:310805089141600,snap-20260825-adopt
SNR-00HB,USGS:07382900,snap-20260825-adopt
SNR-00HC,USGS:07383360,snap-20260825-adopt
SNR-00HD,USGS:07375250,snap-20260825-adopt
SNR-00HE,USGS:07381750,snap-20260825-adopt
SNR-00HF,USGS:07382260,snap-20260825-adopt
SNR-00HG,USGS:07376720,snap-20260825-adopt
SNR-00HH,USGS:02489240,snap-20260825-adopt
SNR-00HI,USGS:02489200,snap-20260825-adopt
SNR-00HJ,USGS:02490550,snap-20260825-adopt
SNR-00HK,USGS:02490700,snap-20260825-adopt
SNR-00HL,USGS:07376665,snap-20260825-adopt
SNR-00HM,USGS:02490500,snap-20260825-adopt
SNR-00HN,USGS:07355610,snap-20260825-adopt
SNR-00HO,USGS:02479100,snap-20260825-adopt
SNR-00HP,USGS:02489160,snap-20260825-adopt
SNR-00HQ,USGS:073732861,snap-20260825-adopt
SNR-00HR,USGS:07373286,snap-20260825-adopt
SNR-00HS,USGS:07373285,snap-20260825-adopt
SNR-00HT,USGS:02489030,snap-20260825-adopt
SNR-00HU,USGS:07382255,snap-20260825-adopt
SNR-00HV,USGS:07355600,snap-20260825-adopt
SNR-00HW,USGS:07382241,snap-20260825-adopt
SNR-00HX,USGS:07375235,snap-20260825-adopt
SNR-00HY,USGS:073556009,snap-20260825-adopt
SNR-00HZ,USGS:07295000,snap-20260825-adopt
SNR-00I0,USGS:07382258,snap-20260825-adopt
SNR-00I1,USGS:07382865,snap-20260825-adopt
SNR-00I2,USGS:02489000,snap-20260825-adopt
SNR-00I3,USGS:07382250,snap-20260825-adopt
SNR-00I4,USGS:07382257,snap-20260825-adopt
SNR-00I5,USGS:02473260,snap-20260825-adopt
SNR-00I6,USGS:07373270,snap-20260825-adopt
SNR-00I7,USGS:02490370,snap-20260825-adopt
SNR-00I8,USGS:07382845,snap-20260825-adopt
SNR-00I9,USGS:07382855,snap-20260825-adopt
SNR-00IA,USGS:07355456,snap-20260825-adopt
SNR-00IB,USGS:07382850,snap-20260825-adopt
SNR-00IC,USGS:07292454,snap-20260825-adopt
SNR-00ID,USGS:07382200,snap-20260825-adopt
SNR-00IE,USGS:07382840,snap-20260825-adopt
SNR-00IF,USGS:07382256,snap-20260825-adopt
SNR-00IG,USGS:07355005,snap-20260825-adopt
SNR-00IH,USGS:07355000,snap-20260825-adopt
SNR-00II,USGS:07355490,snap-20260825-adopt
SNR-00IJ,USGS:02479094,snap-20260825-adopt
SNR-00IK,USGS:02473085,snap-20260825-adopt
SNR-00IL,USGS:07355500,snap-20260825-adopt
SNR-00IM,USGS:07355475,snap-20260825-adopt
SNR-00IN,USGS:311845091272200,snap-20260825-adopt
SNR-00IO,USGS:07355495,snap-20260825-adopt
SNR-00IP,USGS:07294400,snap-20260825-adopt
SNR-00IQ,USGS:07292500,snap-20260825-adopt
SNR-00IR,USGS:02473047,snap-20260825-adopt
SNR-00IS,USGS:07294500,snap-20260825-adopt
SNR-00IT,USGS:07355650,snap-20260825-adopt
SNR-00IU,USGS:07355030,snap-20260825-adopt
SNR-00IV,USGS:02473000,snap-20260825-adopt
SNR-00IW,USGS:07355050,snap-20260825-adopt
SNR-00IX,USGS:02488850,snap-20260825-adopt
SNR-00IY,USGS:02472980,snap-20260825-adopt
SNR-00IZ,USGS:07294550,snap-20260825-adopt
SNR-00J0,USGS:07293020,snap-20260825-adopt
SNR-00J1,USGS:07293500,snap-20260825-adopt
SNR-00J2,USGS:073732259,snap-20260825-adopt
SNR-00J3,USGS:07355420,snap-20260825-adopt
SNR-00J4,USGS:02490345,snap-20260825-adopt
SNR-00J5,USGS:07373210,snap-20260825-adopt
SNR-00J6,USGS:07293225,snap-20260825-adopt
SNR-00J7,USGS:07294000,snap-20260825-adopt
SNR-00J8,USGS:07355130,snap-20260825-adopt
SNR-00J9,USGS:07355618,snap-20260825-adopt
SNR-00JA,USGS:07354000,snap-20260825-adopt
SNR-00JB,USGS:312514091273400,snap-20260825-adopt
SNR-00JC,USGS:07353990,snap-20260825-adopt
SNR-00JD,USGS:07355400,snap-20260825-adopt
SNR-00JE,USGS:02472500,snap-20260825-adopt
SNR-00JF,USGS:07291500,snap-20260825-adopt
SNR-00JG,USGS:073732832,snap-20260825-adopt
SNR-00JH,USGS:02490300,snap-20260825-adopt
SNR-00JI,USGS:02488700,snap-20260825-adopt
SNR-00JJ,USGS:02472420,snap-20260825-adopt
SNR-00JK,USGS:073732831,snap-20260825-adopt
SNR-00JL,USGS:07354100,snap-20260825-adopt
SNR-00JM,USGS:02472850,snap-20260825-adopt
SNR-00JN,USGS:07354900,snap-20260825-adopt
SNR-00JO,USGS:073732258,snap-20260825-adopt
SNR-00JP,USGS:07291000,snap-20260825-adopt
SNR-00JQ,USGS:07291260,snap-20260825-adopt
SNR-00JR,USGS:07354910,snap-20260825-adopt
SNR-00JS,USGS:073732255,snap-20260825-adopt
SNR-00JT,USGS:07291250,snap-20260825-adopt
SNR-00JU,USGS:07354950,snap-20260825-adopt
SNR-00JV,USGS:07290900,snap-20260825-adopt
SNR-00JW,USGS:07355320,snap-20260825-adopt
SNR-00JX,USGS:073732257,snap-20260825-adopt
SNR-00JY,USGS:07290910,snap-20260825-adopt
SNR-00JZ,USGS:07354200,snap-20260825-adopt
SNR-00K0,USGS:07373000,snap-20260825-adopt
SNR-00K1,USGS:07373100,snap-20260825-adopt
SNR-00K2,USGS:07372900,snap-20260825-adopt
SNR-00K3,USGS:02490250,snap-20260825-adopt
SNR-00K4,USGS:02488340,snap-20260825-adopt
SNR-00K5,USGS:07355300,snap-20260825-adopt
SNR-00K6,USGS:02488500,snap-20260825-adopt
SNR-00K7,USGS:07354780,snap-20260825-adopt
SNR-00K8,USGS:07290880,snap-20260825-adopt
SNR-00K9,USGS:02490246,snap-20260825-adopt
SNR-00KA,USGS:07354760,snap-20260825-adopt
SNR-00KB,USGS:07354740,snap-20260825-adopt
SNR-00KC,USGS:073732645,snap-20260825-adopt
SNR-00KD,USGS:02488510,snap-20260825-adopt
SNR-00KE,USGS:07372766,snap-20260825-adopt
SNR-00KF,USGS:07372800,snap-20260825-adopt
SNR-00KG,USGS:07372750,snap-20260825-adopt
SNR-00KH,USGS:07373250,snap-20260825-adopt
SNR-00KI,USGS:07354690,snap-20260825-adopt
SNR-00KJ,USGS:02488680,snap-20260825-adopt
SNR-00KK,USGS:07291230,snap-20260825-adopt
SNR-00KL,USGS:07354700,snap-20260825-adopt
SNR-00KM,USGS:07372700,snap-20260825-adopt
SNR-00KN,USGS:07354500,snap-20260825-adopt
SNR-00KO,USGS:07353522,snap-20260825-adopt
SNR-00KP,USGS:07354620,snap-20260825-adopt
SNR-00KQ,USGS:07353520,snap-20260825-adopt
SNR-00KR,USGS:07373283,snap-20260825-adopt
SNR-00KS,USGS:02488600,snap-20260825-adopt
SNR-00KT,USGS:02472810,snap-20260825-adopt
SNR-00KU,USGS:07373262,snap-20260825-adopt
SNR-00KV,USGS:07373267,snap-20260825-adopt
SNR-00KW,USGS:073732805,snap-20260825-adopt
SNR-00KX,USGS:07354420,snap-20260825-adopt
SNR-00KY,USGS:073732823,snap-20260825-adopt
SNR-00KZ,USGS:07372600,snap-20260825-adopt
SNR-00L0,USGS:07290220,snap-20260825-adopt
SNR-00L1,USGS:07373280,snap-20260825-adopt
SNR-00L2,USGS:07290830,snap-20260825-adopt
SNR-00L3,USGS:02473610,snap-20260825-adopt
SNR-00L4,USGS:07373281,snap-20260825-adopt
SNR-00L5,USGS:07354400,snap-20260825-adopt
SNR-00L6,USGS:07351800,snap-20260825-adopt
SNR-00L7,USGS:07353500,snap-20260825-adopt
SNR-00L8,USGS:02472160,snap-20260825-adopt
SNR-00L9,USGS:07351780,snap-20260825-adopt
SNR-00LA,USGS:07373278,snap-20260825-adopt
SNR-00LB,USGS:07351840,snap-20260825-adopt
SNR-00LC,USGS:02488100,snap-20260825-adopt
SNR-00LD,USGS:07351900,snap-20260825-adopt
SNR-00LE,USGS:02472000,snap-20260825-adopt
SNR-00LF,USGS:07369360,snap-20260825-adopt
SNR-00LG,USGS:07372500,snap-20260825-adopt
SNR-00LH,USGS:08012450,snap-20260825-adopt
SNR-00LI,USGS:07370190,snap-20260825-adopt
SNR-00LJ,USGS:07351910,snap-20260825-adopt
SNR-00LK,USGS:07351880,snap-20260825-adopt
SNR-00LL,USGS:07353820,snap-20260825-adopt
SNR-00LM,USGS:02488540,snap-20260825-adopt
SNR-00LN,USGS:314416091213400,snap-20260825-adopt
SNR-00LO,USGS:07369365,snap-20260825-adopt
SNR-00LP,USGS:07290860,snap-20260825-adopt
SNR-00LQ,USGS:07353800,snap-20260825-adopt
SNR-00LR,USGS:07372200,snap-20260825-adopt
SNR-00LS,USGS:07351940,snap-20260825-adopt
SNR-00LT,USGS:02472700,snap-20260825-adopt
SNR-00LU,USGS:07290870,snap-20260825-adopt
SNR-00LV,USGS:07369345,snap-20260825-adopt
SNR-00LW,USGS:07353000,snap-20260825-adopt
SNR-00LX,USGS:07369340,snap-20260825-adopt
SNR-00LY,USGS:07290855,snap-20260825-adopt
SNR-00LZ,USGS:07353780,snap-20260825-adopt
SNR-00M0,USGS:02474000,snap-20260825-adopt
SNR-00M1,USGS:02488550,snap-20260825-adopt
SNR-00M2,USGS:07372300,snap-20260825-adopt
SNR-00M3,USGS:02488000,snap-20260825-adopt
SNR-00M4,USGS:07372190,snap-20260825-adopt
SNR-00M5,USGS:07290242,snap-20260825-adopt
SNR-00M6,USGS:02472580,snap-20260825-adopt
SNR-00M7,USGS:07351920,snap-20260825-adopt
SNR-00M8,USGS:07351930,snap-20260825-adopt
SNR-00M9,USGS:07352990,snap-20260825-adopt
SNR-00MA,USGS:07369330,snap-20260825-adopt
SNR-00MB,USGS:02471250,snap-20260825-adopt
SNR-00MC,USGS:07369325,snap-20260825-adopt
SNR-00MD,USGS:07290250,snap-20260825-adopt
SNR-00ME,USGS:07370800,snap-20260825-adopt
SNR-00MF,USGS:02487690,snap-20260825-adopt
SNR-00MG,USGS:02487760,snap-20260825-adopt
SNR-00MH,USGS:07352900,snap-20260825-adopt
SNR-00MI,USGS:07352150,snap-20260825-adopt
SNR-00MJ,USGS:07369320,snap-20260825-adopt
SNR-00MK,USGS:07351755,snap-20260825-adopt
SNR-00ML,USGS:07370130,snap-20260825-adopt
SNR-00MM,USGS:02471500,snap-20260825-adopt
SNR-00MN,USGS:07352895,snap-20260825-adopt
SNR-00MO,USGS:07370750,snap-20260825-adopt
SNR-00MP,USGS:07372430,snap-20260825-adopt
SNR-00MQ,USGS:02487750,snap-20260825-adopt
SNR-00MR,USGS:02487770,snap-20260825-adopt
SNR-00MS,USGS:02487710,snap-20260825-adopt
SNR-00MT,USGS:07350532,snap-20260825-adopt
SNR-00MU,USGS:02487670,snap-20260825-adopt
SNR-00MV,USGS:02487900,snap-20260825-adopt
SNR-00MW,USGS:07350530,snap-20260825-adopt
SNR-00MX,USGS:07290690,snap-20260825-adopt
SNR-00MY,USGS:07351750,snap-20260825-adopt
SNR-00MZ,USGS:02487630,snap-20260825-adopt
SNR-00N0,USGS:07351747,snap-20260825-adopt
SNR-00N1,USGS:07372113,snap-20260825-adopt
SNR-00N2,USGS:07370700,snap-20260825-adopt
SNR-00N3,USGS:07290700,snap-20260825-adopt
SNR-00N4,USGS:07372110,snap-20260825-adopt
SNR-00N5,USGS:02487620,snap-20260825-adopt
SNR-00N6,USGS:07372050,snap-20260825-adopt
SNR-00N7,USGS:07372100,snap-20260825-adopt
SNR-00N8,USGS:02487490,snap-20260825-adopt
SNR-00N9,USGS:07369300,snap-20260825-adopt
SNR-00NA,USGS:07351745,snap-20260825-adopt
SNR-00NB,USGS:02486900,snap-20260825-adopt
SNR-00NC,USGS:07351748,snap-20260825-adopt
SNR-00ND,USGS:07369648,snap-20260825-adopt
SNR-00NE,USGS:02473850,snap-20260825-adopt
SNR-00NF,USGS:07290725,snap-20260825-adopt
SNR-00NG,USGS:07370150,snap-20260825-adopt
SNR-00NH,USGS:07370530,snap-20260825-adopt
SNR-00NI,USGS:07290630,snap-20260825-adopt
SNR-00NJ,USGS:07372000,snap-20260825-adopt
SNR-00NK,USGS:02487500,snap-20260825-adopt
SNR-00NL,USGS:07351740,snap-20260825-adopt
SNR-00NM,USGS:07350250,snap-20260825-adopt
SNR-00NN,USGS:07352820,snap-20260825-adopt
SNR-00NO,USGS:07290660,snap-20260825-adopt
SNR-00NP,USGS:07290500,snap-20260825-adopt
SNR-00NQ,USGS:02487600,snap-20260825-adopt
SNR-00NR,USGS:02471100,snap-20260825-adopt
SNR-00NS,USGS:07350500,snap-20260825-adopt
SNR-00NT,USGS:07370660,snap-20260825-adopt
SNR-00NU,USGS:07290650,snap-20260825-adopt
SNR-00NV,USGS:07369253,snap-20260825-adopt
SNR-00NW,USGS:07350200,snap-20260825-adopt
SNR-00NX,USGS:07352800,snap-20260825-adopt
SNR-00NY,USGS:07369647,snap-20260825-adopt
SNR-00NZ,USGS:07351725,snap-20260825-adopt
SNR-00O0,USGS:02487300,snap-20260825-adopt
SNR-00O1,USGS:07290525,snap-20260825-adopt
SNR-00O2,USGS:07369150,snap-20260825-adopt
SNR-00O3,USGS:02487360,snap-20260825-adopt
SNR-00O4,USGS:07351600,snap-20260825-adopt
SNR-00O5,USGS:07370650,snap-20260825-adopt
SNR-00O6,USGS:07370500,snap-20260825-adopt
SNR-00O7,USGS:0729054995,snap-20260825-adopt
SNR-00O8,USGS:02486640,snap-20260825-adopt
SNR-00O9,USGS:07369649,snap-20260825-adopt
SNR-00OA,USGS:07352723,snap-20260825-adopt
SNR-00OB,USGS:07370111,snap-20260825-adopt
SNR-00OC,USGS:07371800,snap-20260825-adopt
SNR-00OD,USGS:07352730,snap-20260825-adopt
SNR-00OE,USGS:07369250,snap-20260825-adopt
SNR-00OF,USGS:07349794,snap-20260825-adopt
SNR-00OG,USGS:07351700,snap-20260825-adopt
SNR-00OH,USGS:07367640,snap-20260825-adopt
SNR-00OI,USGS:07370600,snap-20260825-adopt
SNR-00OJ,USGS:07350300,snap-20260825-adopt
SNR-00OK,USGS:02486690,snap-20260825-adopt
SNR-00OL,USGS:07371600,snap-20260825-adopt
SNR-00OM,USGS:07351580,snap-20260825-adopt
SNR-00ON,USGS:07369110,snap-20260825-adopt
SNR-00OO,USGS:07369205,snap-20260825-adopt
SNR-00OP,USGS:07369100,snap-20260825-adopt
SNR-00OQ,USGS:02487512,snap-20260825-adopt
SNR-00OR,USGS:07367630,snap-20260825-adopt
SNR-00OS,USGS:07352060,snap-20260825-adopt
SNR-00OT,USGS:02486500,snap-20260825-adopt
SNR-00OU,USGS:07351571,snap-20260825-adopt
SNR-00OV,USGS:07350020,snap-20260825-adopt
SNR-00OW,USGS:07369085,snap-20260825-adopt
SNR-00OX,USGS:07368580,snap-20260825-adopt
SNR-00OY,USGS:07371500,snap-20260825-adopt
SNR-00OZ,USGS:07352050,snap-20260825-adopt
SNR-00P0,USGS:07370575,snap-20260825-adopt
SNR-00P1,USGS:02477050,snap-20260825-adopt
SNR-00P2,USGS:07351670,snap-20260825-adopt
SNR-00P3,USGS:02486240,snap-20260825-adopt
SNR-00P4,USGS:07371540,snap-20260825-adopt
SNR-00P5,USGS:321350092551220,snap-20260825-adopt
SNR-00P6,USGS:07371000,snap-20260825-adopt
SNR-00P7,USGS:07350000,snap-20260825-adopt
SNR-00P8,USGS:02486350,snap-20260825-adopt
SNR-00P9,USGS:07352700,snap-20260825-adopt
SNR-00PA,USGS:07369195,snap-20260825-adopt
SNR-00PB,USGS:07352000,snap-20260825-adopt
SNR-00PC,USGS:07352500,snap-20260825-adopt
SNR-00PD,USGS:07349910,snap-20260825-adopt
SNR-00PE,USGS:07369600,snap-20260825-adopt
SNR-00PF,USGS:07369464,snap-20260825-adopt
SNR-00PG,USGS:07370980,snap-20260825-adopt
SNR-00PH,USGS:02486115,snap-20260825-adopt
SNR-00PI,USGS:02486000,snap-20260825-adopt
SNR-00PJ,USGS:07349900,snap-20260825-adopt
SNR-00PK,USGS:02486100,snap-20260825-adopt
SNR-00PL,USGS:07370950,snap-20260825-adopt
SNR-00PM,USGS:07369620,snap-20260825-adopt
SNR-00PN,USGS:07367600,snap-20260825-adopt
SNR-00PO,USGS:07367550,snap-20260825-adopt
SNR-00PP,USGS:07368540,snap-20260825-adopt
SNR-00PQ,USGS:07289010,snap-20260825-adopt
SNR-00PR,USGS:07370100,snap-20260825-adopt
SNR-00PS,USGS:07352470,snap-20260825-adopt
SNR-00PT,USGS:02485900,snap-20260825-adopt
SNR-00PU,USGS:07351500,snap-20260825-adopt
SNR-00PV,USGS:07350950,snap-20260825-adopt
SNR-00PW,USGS:02485950,snap-20260825-adopt
SNR-00PX,USGS:07351560,snap-20260825-adopt
SNR-00PY,USGS:07370300,snap-20260825-adopt
SNR-00PZ,USGS:07352410,snap-20260825-adopt
SNR-00Q0,USGS:02485300,snap-20260825-adopt
SNR-00Q1,USGS:07289000,snap-20260825-adopt
SNR-00Q2,USGS:07351550,snap-20260825-adopt
SNR-00Q3,USGS:02485820,snap-20260825-adopt
SNR-00Q4,USGS:07370200,snap-20260825-adopt
SNR-00Q5,USGS:02487230,snap-20260825-adopt
SNR-00Q6,USGS:07352580,snap-20260825-adopt
SNR-00Q7,USGS:02485810,snap-20260825-adopt
SNR-00Q8,USGS:07369462,snap-20260825-adopt
SNR-00Q9,USGS:07349250,snap-20260825-adopt
SNR-00QA,USGS:07349400,snap-20260825-adopt
SNR-00QB,USGS:0728900350,snap-20260825-adopt
SNR-00QC,USGS:02485735,snap-20260825-adopt
SNR-00QD,USGS:02486060,snap-20260825-adopt
SNR-00QE,USGS:02485730,snap-20260825-adopt
SNR-00QF,USGS:07370900,snap-20260825-adopt
SNR-00QG,USGS:02485800,snap-20260825-adopt
SNR-00QH,USGS:07350980,snap-20260825-adopt
SNR-00QI,USGS:0248557250,snap-20260825-adopt
SNR-00QJ,USGS:07370820,snap-20260825-adopt
SNR-00QK,USGS:07370930,snap-20260825-adopt
SNR-00QL,USGS:02485573,snap-20260825-adopt
SNR-00QM,USGS:02485777,snap-20260825-adopt
SNR-00QN,USGS:07290000,snap-20260825-adopt
SNR-00QO,USGS:02485780,snap-20260825-adopt
SNR-00QP,USGS:02485755,snap-20260825-adopt
SNR-00QQ,USGS:07368558,snap-20260825-adopt
SNR-00QR,USGS:07350985,snap-20260825-adopt
SNR-00QS,USGS:07368300,snap-20260825-adopt
SNR-00QT,USGS:02485574,snap-20260825-adopt
SNR-00QU,USGS:0248557375,snap-20260825-adopt
SNR-00QV,USGS:02485392,snap-20260825-adopt
SNR-00QW,USGS:07290110,snap-20260825-adopt
SNR-00QX,USGS:07290115,snap-20260825-adopt
SNR-00QY,USGS:02485577,snap-20260825-adopt
SNR-00QZ,USGS:07290005,snap-20260825-adopt
SNR-00R0,USGS:07349890,snap-20260825-adopt
SNR-00R1,USGS:02485575,snap-20260825-adopt
SNR-00R2,USGS:02485700,snap-20260825-adopt
SNR-00R3,USGS:07370840,snap-20260825-adopt
SNR-00R4,USGS:07351990,snap-20260825-adopt
SNR-00R5,USGS:07352400,snap-20260825-adopt
SNR-00R6,USGS:02485720,snap-20260825-adopt
SNR-00R7,USGS:07350900,snap-20260825-adopt
SNR-00R8,USGS:07368100,snap-20260825-adopt
SNR-00R9,USGS:07369457,snap-20260825-adopt
SNR-00RA,USGS:07350990,snap-20260825-adopt
SNR-00RB,USGS:07351000,snap-20260825-adopt
SNR-00RC,USGS:02485650,snap-20260825-adopt
SNR-00RD,USGS:02485690,snap-20260825-adopt
SNR-00RE,USGS:07369460,snap-20260825-adopt
SNR-00RF,USGS:07370075,snap-20260825-adopt
SNR-00RG,USGS:02485498,snap-20260825-adopt
SNR-00RH,USGS:07369515,snap-20260825-adopt
SNR-00RI,USGS:02485500,snap-20260825-adopt
SNR-00RJ,USGS:07349380,snap-20260825-adopt
SNR-00RK,USGS:07351300,snap-20260825-adopt
SNR-00RL,USGS:07350800,snap-20260825-adopt
SNR-00RM,USGS:02485645,snap-20260825-adopt
SNR-00RN,USGS:07369050,snap-20260825-adopt
SNR-00RO,USGS:02485600,snap-20260825-adopt
SNR-00RP,USGS:02485601,snap-20260825-adopt
SNR-00RQ,USGS:07369455,snap-20260825-adopt
SNR-00RR,USGS:07350840,snap-20260825-adopt
SNR-00RS,USGS:02485714,snap-20260825-adopt
SNR-00RT,USGS:07351980,snap-20260825-adopt
SNR-00RU,USGS:07349377,snap-20260825-adopt
SNR-00RV,USGS:07351275,snap-20260825-adopt
SNR-00RW,USGS:07369468,snap-20260825-adopt
SNR-00RX,USGS:07367250,snap-20260825-adopt
SNR-00RY,USGS:07349870,snap-20260825-adopt
SNR-00RZ,USGS:02485385,snap-20260825-adopt
SNR-00S0,USGS:07368040,snap-20260825-adopt
SNR-00S1,USGS:07349868,snap-20260825-adopt
SNR-00S2,USGS:07369500,snap-20260825-adopt
SNR-00S3,USGS:02485380,snap-20260825-adopt
SNR-00S4,USGS:07367100,snap-20260825-adopt
SNR-00S5,USGS:07349374,snap-20260825-adopt
SNR-00S6,USGS:07367502,snap-20260825-adopt
SNR-00S7,USGS:07351200,snap-20260825-adopt
SNR-00S8,USGS:07350820,snap-20260825-adopt
SNR-00S9,USGS:07350730,snap-20260825-adopt
SNR-00SA,USGS:07350700,snap-20260825-adopt
SNR-00SB,USGS:07288955,snap-20260825-adopt
SNR-00SC,USGS:07349860,snap-20260825-adopt
SNR-00SD,USGS:07352328,snap-20260825-adopt
SNR-00SE,USGS:07352330,snap-20260825-adopt
SNR-00SF,USGS:07288939,snap-20260825-adopt
SNR-00SG,USGS:07367500,snap-20260825-adopt
SNR-00SH,USGS:07344425,snap-20260825-adopt
SNR-00SI,USGS:07288938,snap-20260825-adopt
SNR-00SJ,USGS:07370000,snap-20260825-adopt
SNR-00SK,USGS:07366380,snap-20260825-adopt
SNR-00SL,USGS:07369024,snap-20260825-adopt
SNR-00SM,USGS:07350600,snap-20260825-adopt
SNR-00SN,USGS:07289790,snap-20260825-adopt
SNR-00SO,USGS:07368520,snap-20260825-adopt
SNR-00SP,USGS:07367050,snap-20260825-adopt
SNR-00SQ,USGS:02484750,snap-20260825-adopt
SNR-00SR,USGS:07349360,snap-20260825-adopt
SNR-00SS,USGS:07367047,snap-20260825-adopt
SNR-00ST,USGS:07368000,snap-20260825-adopt
SNR-00SU,USGS:07288800,snap-20260825-adopt
SNR-00SV,USGS:07348505,snap-20260825-adopt
SNR-00SW,USGS:07367300,snap-20260825-adopt
SNR-00SX,USGS:07369016,snap-20260825-adopt
SNR-00SY,USGS:07367030,snap-20260825-adopt
SNR-00SZ,USGS:07369000,snap-20260825-adopt
SNR-00T0,USGS:07367005,snap-20260825-adopt
SNR-00T1,USGS:07289850,snap-20260825-adopt
SNR-00T2,USGS:07367000,snap-20260825-adopt
SNR-00T3,USGS:02484760,snap-20260825-adopt
SNR-00T4,USGS:07349370,snap-20260825-adopt
SNR-00T5,USGS:07349369,snap-20260825-adopt
SNR-00T6,USGS:07344480,snap-20260825-adopt
SNR-00T7,USGS:323045090484300,snap-20260825-adopt
SNR-00T8,USGS:323047090484401,snap-20260825-adopt
SNR-00T9,USGS:02485000,snap-20260825-adopt
SNR-00TA,USGS:07289560,snap-20260825-adopt
SNR-00TB,USGS:07348500,snap-20260825-adopt
SNR-00TC,USGS:07344450,snap-20260825-adopt
SNR-00TD,USGS:07348490,snap-20260825-adopt
SNR-00TE,USGS:07349368,snap-20260825-adopt
SNR-00TF,USGS:07344445,snap-20260825-adopt
SNR-00TG,USGS:02482900,snap-20260825-adopt
SNR-00TH,USGS:07366497,snap-20260825-adopt
SNR-00TI,USGS:07366403,snap-20260825-adopt
SNR-00TJ,USGS:07349365,snap-20260825-adopt
SNR-00TK,USGS:07349020,snap-20260825-adopt
SNR-00TL,USGS:07349350,snap-20260825-adopt
SNR-00TM,USGS:07366420,snap-20260825-adopt
SNR-00TN,USGS:07349300,snap-20260825-adopt
SNR-00TO,USGS:07352280,snap-20260825-adopt
SNR-00TP,USGS:07352300,snap-20260825-adopt
SNR-00TQ,USGS:07344467,snap-20260825-adopt
SNR-00TR,USGS:07348120,snap-20260825-adopt
SNR-00TS,USGS:07349850,snap-20260825-adopt
SNR-00TT,USGS:07352295,snap-20260825-adopt
SNR-00TU,USGS:07366500,snap-20260825-adopt
SNR-00TV,USGS:07366472,snap-20260825-adopt
SNR-00TW,USGS:07368700,snap-20260825-adopt
SNR-00TX,USGS:07349298,snap-20260825-adopt
SNR-00TY,USGS:07349898,snap-20260825-adopt
SNR-00TZ,USGS:07289640,snap-20260825-adopt
SNR-00U0,USGS:07344460,snap-20260825-adopt
SNR-00U1,USGS:07289641,snap-20260825-adopt
SNR-00U2,USGS:07349200,snap-20260825-adopt
SNR-00U3,USGS:07349849,snap-20260825-adopt
SNR-00U4,USGS:02483001,snap-20260825-adopt
SNR-00U5,USGS:02484600,snap-20260825-adopt
SNR-00U6,USGS:07369950,snap-20260825-adopt
SNR-00U7,USGS:07352200,snap-20260825-adopt
SNR-00U8,USGS:07348105,snap-20260825-adopt
SNR-00U9,USGS:02483000,snap-20260825-adopt
SNR-00UA,USGS:07289580,snap-20260825-adopt
SNR-00UB,USGS:02484630,snap-20260825-adopt
SNR-00UC,USGS:02484650,snap-20260825-adopt
SNR-00UD,USGS:07348100,snap-20260825-adopt
SNR-00UE,USGS:07349000,snap-20260825-adopt
SNR-00UF,USGS:07348098,snap-20260825-adopt
SNR-00UG,USGS:07289730,snap-20260825-adopt
SNR-00UH,USGS:07348010,snap-20260825-adopt
SNR-00UI,USGS:07344405,snap-20260825-adopt
SNR-00UJ,USGS:07369400,snap-20260825-adopt
SNR-00UK,USGS:07368600,snap-20260825-adopt
SNR-00UL,USGS:07367950,snap-20260825-adopt
SNR-00UM,USGS:07289610,snap-20260825-adopt
SNR-00UN,USGS:07369860,snap-20260825-adopt
SNR-00UO,USGS:07346055,snap-20260825-adopt
SNR-00UP,USGS:07368810,snap-20260825-adopt
SNR-00UQ,USGS:07364900,snap-20260825-adopt
SNR-00UR,USGS:07364860,snap-20260825-adopt
SNR-00US,USGS:07352265,snap-20260825-adopt
SNR-00UT,USGS:07346095,snap-20260825-adopt
SNR-00UU,USGS:07367930,snap-20260825-adopt
SNR-00UV,USGS:07348000,snap-20260825-adopt
SNR-00UW,USGS:07349710,snap-20260825-adopt
SNR-00UX,USGS:07349815,snap-20260825-adopt
SNR-00UY,USGS:07289600,snap-20260825-adopt
SNR-00UZ,USGS:07368900,snap-20260825-adopt
SNR-00V0,USGS:07365100,snap-20260825-adopt
SNR-00V1,USGS:02483500,snap-20260825-adopt
SNR-00V2,USGS:07287595,snap-20260825-adopt
SNR-00V3,USGS:07366350,snap-20260825-adopt
SNR-00V4,USGS:07348950,snap-20260825-adopt
SNR-00V5,USGS:07346050,snap-20260825-adopt
SNR-00V6,USGS:07366360,snap-20260825-adopt
SNR-00V7,USGS:07289620,snap-20260825-adopt
SNR-00V8,USGS:07365000,snap-20260825-adopt
SNR-00V9,USGS:07289690,snap-20260825-adopt
SNR-00VA,USGS:07349700,snap-20260825-adopt
SNR-00VB,USGS:07364870,snap-20260825-adopt
SNR-00VC,USGS:07346300,snap-20260825-adopt
SNR-00VD,USGS:07348900,snap-20260825-adopt
SNR-00VE,USGS:07365750,snap-20260825-adopt
SNR-00VF,USGS:07364535,snap-20260825-adopt
SNR-00VG,USGS:07346085,snap-20260825-adopt
SNR-00VH,USGS:07346250,snap-20260825-adopt
SNR-00VI,USGS:07369830,snap-20260825-adopt
SNR-00VJ,USGS:07364890,snap-20260825-adopt
SNR-00VK,USGS:07347950,snap-20260825-adopt
SNR-00VL,USGS:07364530,snap-20260825-adopt
SNR-00VM,USGS:07349650,snap-20260825-adopt
SNR-00VN,USGS:07349660,snap-20260825-adopt
SNR-00VO,USGS:07346315,snap-20260825-adopt
SNR-00VP,USGS:07349800,snap-20260825-adopt
SNR-00VQ,USGS:02484500,snap-20260825-adopt
SNR-00VR,USGS:02482550,snap-20260825-adopt
SNR-00VS,USGS:02481984,snap-20260825-adopt
SNR-00VT,USGS:07368800,snap-20260825-adopt
SNR-00VU,USGS:07346314,snap-20260825-adopt
SNR-00VV,USGS:07346313,snap-20260825-adopt
SNR-00VW,USGS:07364775,snap-20260825-adopt
SNR-00VX,USGS:07346070,snap-20260825-adopt
SNR-00VY,USGS:07366364,snap-20260825-adopt
SNR-00VZ,USGS:07366365,snap-20260825-adopt
SNR-00W0,USGS:07346010,snap-20260825-adopt
SNR-00W1,USGS:07369380,snap-20260825-adopt
SNR-00W2,USGS:07368505,snap-20260825-adopt
SNR-00W3,USGS:07289530,snap-20260825-adopt
SNR-00W4,USGS:07364108,snap-20260825-adopt
SNR-00W5,USGS:07346080,snap-20260825-adopt
SNR-00W6,USGS:07346048,snap-20260825-adopt
SNR-00W7,USGS:07364840,snap-20260825-adopt
SNR-00W8,USGS:07346000,snap-20260825-adopt
SNR-00W9,USGS:07368503,snap-20260825-adopt
SNR-00WA,USGS:07366300,snap-20260825-adopt
SNR-00WB,USGS:02482500,snap-20260825-adopt
SNR-00WC,USGS:07365500,snap-20260825-adopt
SNR-00WD,USGS:07346047,snap-20260825-adopt
SNR-00WE,USGS:07348800,snap-20260825-adopt
SNR-00WF,USGS:07347700,snap-20260825-adopt
SNR-00WG,USGS:07367825,snap-20260825-adopt
SNR-00WH,USGS:07367800,snap-20260825-adopt
SNR-00WI,USGS:07346045,snap-20260825-adopt
SNR-00WJ,USGS:02481960,snap-20260825-adopt
SNR-00WK,USGS:02482100,snap-20260825-adopt
SNR-00WL,USGS:07369800,snap-20260825-adopt
SNR-00WM,USGS:07366270,snap-20260825-adopt
SNR-00WN,USGS:07349795,snap-20260825-adopt
SNR-00WO,USGS:02481961,snap-20260825-adopt
SNR-00WP,USGS:07346072,snap-20260825-adopt
SNR-00WQ,USGS:02481998,snap-20260825-adopt
SNR-00WR,USGS:07368500,snap-20260825-adopt
SNR-00WS,USGS:02482000,snap-20260825-adopt
SNR-00WT,USGS:07364507,snap-20260825-adopt
SNR-00WU,USGS:07364830,snap-20260825-adopt
SNR-00WV,USGS:02481962,snap-20260825-adopt
SNR-00WW,USGS:07287520,snap-20260825-adopt
SNR-00WX,USGS:07364800,snap-20260825-adopt
SNR-00WY,USGS:02481970,snap-20260825-adopt
SNR-00WZ,USGS:07365400,snap-20260825-adopt
SNR-00X0,USGS:07347500,snap-20260825-adopt
SNR-00X1,USGS:07349590,snap-20260825-adopt
SNR-00X2,USGS:07289505,snap-20260825-adopt
SNR-00X3,USGS:07364750,snap-20260825-adopt
SNR-00X4,USGS:07348740,snap-20260825-adopt
SNR-00X5,USGS:07369370,snap-20260825-adopt
SNR-00X6,USGS:07346980,snap-20260825-adopt
SNR-00X7,USGS:07349775,snap-20260825-adopt
SNR-00X8,USGS:07287474,snap-20260825-adopt
SNR-00X9,USGS:07348760,snap-20260825-adopt
SNR-00XA,USGS:07347000,snap-20260825-adopt
SNR-00XB,USGS:07369720,snap-20260825-adopt
SNR-00XC,USGS:02482470,snap-20260825-adopt
SNR-00XD,USGS:07364500,snap-20260825-adopt
SNR-00XE,USGS:073645001,snap-20260825-adopt
SNR-00XF,USGS:07364103,snap-20260825-adopt
SNR-00XG,USGS:07364740,snap-20260825-adopt
SNR-00XH,USGS:07287510,snap-20260825-adopt
SNR-00XI,USGS:07289504,snap-20260825-adopt
SNR-00XJ,USGS:07287505,snap-20260825-adopt
SNR-00XK,USGS:07289500,snap-20260825-adopt
SNR-00XL,USGS:07346500,snap-20260825-adopt
SNR-00XM,USGS:07366000,snap-20260825-adopt
SNR-00XN,USGS:07344400,snap-20260825-adopt
SNR-00XO,USGS:07349790,snap-20260825-adopt
SNR-00XP,USGS:07349500,snap-20260825-adopt
SNR-00XQ,USGS:07287480,snap-20260825-adopt
SNR-00XR,USGS:07349787,snap-20260825-adopt
SNR-00XS,USGS:07349785,snap-20260825-adopt
SNR-00XT,USGS:07348720,snap-20260825-adopt
SNR-00XU,USGS:07364320,snap-20260825-adopt
SNR-00XV,USGS:07365300,snap-20260825-adopt
SNR-00XW,USGS:07366200,snap-20260825-adopt
SNR-00XX,USGS:07289470,snap-20260825-adopt
SNR-00XY,USGS:07348725,snap-20260825-adopt
SNR-00XZ,USGS:07346020,snap-20260825-adopt
SNR-00Y0,USGS:07289460,snap-20260825-adopt
SNR-00Y1,USGS:07364700,snap-20260825-adopt
SNR-00Y2,USGS:325728091002701,snap-20260825-adopt
SNR-00Y3,USGS:07288860,snap-20260825-adopt
SNR-00Y4,USGS:07346450,snap-20260825-adopt
SNR-00Y5,USGS:325817090464201,snap-20260825-adopt
SNR-00Y6,USGS:07288700,snap-20260825-adopt
SNR-00Y7,USGS:07367700,snap-20260825-adopt
SNR-00Y8,USGS:07344486,snap-20260825-adopt
SNR-00Y9,USGS:07364300,snap-20260825-adopt
SNR-00YA,USGS:07364203,snap-20260825-adopt
SNR-00YB,USGS:07364200,snap-20260825-adopt
SNR-00YC,USGS:07369700,snap-20260825-adopt
SNR-00YD,USGS:07348700,snap-20260825-adopt
SNR-00YE,USGS:07367690,snap-20260825-adopt
SNR-00YF,USGS:07346950,snap-20260825-adopt
SNR-00YG,USGS:07349450,snap-20260825-adopt
SNR-00YH,USGS:07289450,snap-20260825-adopt
SNR-00YI,USGS:07344500,snap-20260825-adopt
SNR-00YJ,USGS:0728950350,snap-20260825-adopt
SNR-00YK,USGS:07344482,snap-20260825-adopt
SNR-00YL,USGS:02482310,snap-20260825-adopt
SNR-00YM,USGS:07364100,snap-20260825-adopt
SNR-00YN,USGS:330152090595601,snap-20260825-adopt
SNR-00YO,USGS:07288847,snap-20260825-adopt
SNR-00YP,USGS:07364080,snap-20260825-adopt
SNR-00YQ,USGS:02484000,snap-20260825-adopt
SNR-00YR,USGS:07364104,snap-20260825-adopt
SNR-00YS,USGS:330203091020200,snap-20260825-adopt
SNR-00YT,USGS:07345000,snap-20260825-adopt
SNR-00YU,USGS:07365800,snap-20260825-adopt
SNR-00YV,USGS:07344600,snap-20260825-adopt
SNR-00YW,USGS:07346800,snap-20260825-adopt
SNR-00YX,USGS:330304090210100,snap-20260825-adopt
SNR-00YY,USGS:07346140,snap-20260825-adopt
SNR-00YZ,USGS:07364078,snap-20260825-adopt
SNR-00Z0,USGS:330339091022000,snap-20260825-adopt
SNR-00Z1,USGS:07289440,snap-20260825-adopt
SNR-00Z2,USGS:330359090194135,snap-20260825-adopt
SNR-00Z3,USGS:072873355,snap-20260825-adopt
SNR-00Z4,USGS:07365900,snap-20260825-adopt
SNR-00Z5,USGS:07364190,snap-20260825-adopt
SNR-00Z6,USGS:07344493,snap-20260825-adopt
SNR-00Z7,USGS:07364070,snap-20260825-adopt
SNR-00Z8,USGS:07344370,snap-20260825-adopt
SNR-00Z9,USGS:07344350,snap-20260825-adopt
SNR-00ZA,USGS:330548091055100,snap-20260825-adopt
SNR-00ZB,USGS:07369680,snap-20260825-adopt
SNR-00ZC,USGS:07287404,snap-20260825-adopt
SNR-00ZD,USGS:07287400,snap-20260825-adopt
SNR-00ZE,USGS:07367740,snap-20260825-adopt
SNR-00ZF,USGS:07287405,snap-20260825-adopt
SNR-00ZG,USGS:07367680,snap-20260825-adopt
SNR-00ZH,USGS:330735090300200,snap-20260825-adopt
SNR-00ZI,USGS:07287355,snap-20260825-adopt
SNR-00ZJ,USGS:07289395,snap-20260825-adopt
SNR-00ZK,USGS:07288770,snap-20260825-adopt
SNR-00ZL,USGS:07344490,snap-20260825-adopt
SNR-00ZM,USGS:07287350,snap-20260825-adopt
SNR-00ZN,USGS:02483890,snap-20260825-adopt
SNR-00ZO,USGS:07364260,snap-20260825-adopt
SNR-00ZP,USGS:07288690,snap-20260825-adopt
SNR-00ZQ,USGS:07288680,snap-20260825-adopt
SNR-00ZR,USGS:07343900,snap-20260825-adopt
SNR-00ZS,USGS:07364550,snap-20260825-adopt
SNR-00ZT,USGS:07289350,snap-20260825-adopt
SNR-00ZU,USGS:07287341,snap-20260825-adopt
SNR-00ZV,USGS:07348615,snap-20260825-adopt
SNR-00ZW,USGS:07348655,snap-20260825-adopt
SNR-00ZX,USGS:07342465,snap-20260825-adopt
SNR-00ZY,USGS:07342470,snap-20260825-adopt
SNR-00ZZ,USGS:07364185,snap-20260825-adopt
SNR-0100,USGS:07289330,snap-20260825-adopt
SNR-0101,USGS:07342473,snap-20260825-adopt
SNR-0102,USGS:07344000,snap-20260825-adopt
SNR-0103,USGS:07348635,snap-20260825-adopt
SNR-0104,USGS:07342480,snap-20260825-adopt
SNR-0105,USGS:073620896,snap-20260825-adopt
SNR-0106,USGS:331623091023700,snap-20260825-adopt
SNR-0107,USGS:07343840,snap-20260825-adopt
SNR-0108,USGS:07344320,snap-20260825-adopt
SNR-0109,USGS:07343800,snap-20260825-adopt
SNR-010A,USGS:07289260,snap-20260825-adopt
SNR-010B,USGS:07362400,snap-20260825-adopt
SNR-010C,USGS:07344210,snap-20260825-adopt
SNR-010D,USGS:07367670,snap-20260825-adopt
SNR-010E,USGS:07343450,snap-20260825-adopt
SNR-010F,USGS:07367661,snap-20260825-adopt
SNR-010G,USGS:07348630,snap-20260825-adopt
SNR-010H,USGS:07289225,snap-20260825-adopt
SNR-010I,USGS:07343500,snap-20260825-adopt
SNR-010J,USGS:07289269,snap-20260825-adopt
SNR-010K,USGS:07287150,snap-20260825-adopt
SNR-010L,USGS:07287160,snap-20260825-adopt
SNR-010M,USGS:07287149,snap-20260825-adopt
SNR-010N,USGS:07287148,snap-20260825-adopt
SNR-010O,USGS:0728714810,snap-20260825-adopt
SNR-010P,USGS:07342450,snap-20260825-adopt
SNR-010Q,USGS:07289268,snap-20260825-adopt
SNR-010R,USGS:07342000,snap-20260825-adopt
SNR-010S,USGS:07342500,snap-20260825-adopt
SNR-010T,USGS:0728862211,snap-20260825-adopt
SNR-010U,USGS:07289257,snap-20260825-adopt
SNR-010V,USGS:07349430,snap-20260825-adopt
SNR-010W,USGS:07362100,snap-20260825-adopt
SNR-010X,USGS:07344100,snap-20260825-adopt
SNR-010Y,USGS:07343200,snap-20260825-adopt
SNR-010Z,USGS:07289265,snap-20260825-adopt
SNR-0110,USGS:0728862108,snap-20260825-adopt
SNR-0111,USGS:07287145,snap-20260825-adopt
SNR-0112,USGS:07289255,snap-20260825-adopt
SNR-0113,USGS:07288650,snap-20260825-adopt
SNR-0114,USGS:332348090505301,snap-20260825-adopt
SNR-0115,USGS:07287120,snap-20260825-adopt
SNR-0116,USGS:0728875070,snap-20260825-adopt
SNR-0117,USGS:332440090502202,snap-20260825-adopt
SNR-0118,USGS:332440090502115,snap-20260825-adopt
SNR-0119,USGS:07342350,snap-20260825-adopt
SNR-011A,USGS:07364030,snap-20260825-adopt
SNR-011B,USGS:07344285,snap-20260825-adopt
SNR-011C,USGS:07289180,snap-20260825-adopt
SNR-011D,USGS:073676607,snap-20260825-adopt
SNR-011E,USGS:07344280,snap-20260825-adopt
SNR-011F,USGS:07289170,snap-20260825-adopt
SNR-011G,USGS:07287080,snap-20260825-adopt
SNR-011H,USGS:07287140,snap-20260825-adopt
SNR-011I,USGS:07287050,snap-20260825-adopt
SNR-011J,USGS:07343000,snap-20260825-adopt
SNR-011K,USGS:07332600,snap-20260825-adopt
SNR-011L,USGS:07287060,snap-20260825-adopt
SNR-011M,USGS:07287170,snap-20260825-adopt
SNR-011N,USGS:07287165,snap-20260825-adopt
SNR-011O,USGS:07286525,snap-20260825-adopt
SNR-011P,USGS:07287070,snap-20260825-adopt
SNR-011Q,USGS:07343356,snap-20260825-adopt
SNR-011R,USGS:07286700,snap-20260825-adopt
SNR-011S,USGS:07286710,snap-20260825-adopt
SNR-011T,USGS:07286800,snap-20260825-adopt
SNR-011U,USGS:07286500,snap-20260825-adopt
SNR-011V,USGS:07287000,snap-20260825-adopt
SNR-011W,USGS:07286530,snap-20260825-adopt
SNR-011X,USGS:07286510,snap-20260825-adopt
SNR-011Y,USGS:07286520,snap-20260825-adopt
SNR-011Z,USGS:07336940,snap-20260825-adopt
SNR-0120,USGS:333145090261901,snap-20260825-adopt
SNR-0121,USGS:07288580,snap-20260825-adopt
SNR-0122,USGS:07288741,snap-20260825-adopt
SNR-0123,USGS:333150090530400,snap-20260825-adopt
SNR-0124,USGS:07289100,snap-20260825-adopt
SNR-0125,USGS:07362330,snap-20260825-adopt
SNR-0126,USGS:07332602,snap-20260825-adopt
SNR-0127,USGS:07362050,snap-20260825-adopt
SNR-0128,USGS:07288500,snap-20260825-adopt
SNR-0129,USGS:333251090323801,snap-20260825-adopt
SNR-012A,USGS:07343300,snap-20260825-adopt
SNR-012B,USGS:07288521,snap-20260825-adopt
SNR-012C,USGS:07337000,snap-20260825-adopt
SNR-012D,USGS:07332603,snap-20260825-adopt
SNR-012E,USGS:07265450,snap-20260825-adopt
SNR-012F,USGS:07286335,snap-20260825-adopt
SNR-012G,USGS:333420090445900,snap-20260825-adopt
SNR-012H,USGS:07332605,snap-20260825-adopt
SNR-012I,USGS:07286340,snap-20260825-adopt
SNR-012J,USGS:07286330,snap-20260825-adopt
SNR-012K,USGS:07362000,snap-20260825-adopt
SNR-012L,USGS:333601090450000,snap-20260825-adopt
SNR-012M,USGS:07288649,snap-20260825-adopt
SNR-012N,USGS:0728864450,snap-20260825-adopt
SNR-012O,USGS:07361680,snap-20260825-adopt
SNR-012P,USGS:07364000,snap-20260825-adopt
SNR-012Q,USGS:07341500,snap-20260825-adopt
SNR-012R,USGS:07286310,snap-20260825-adopt
SNR-012S,USGS:07311782,snap-20260825-adopt
SNR-012T,USGS:07311783,snap-20260825-adopt
SNR-012U,USGS:07311780,snap-20260825-adopt
SNR-012V,USGS:07364150,snap-20260825-adopt
SNR-012W,USGS:07288642,snap-20260825-adopt
SNR-012X,USGS:07343350,snap-20260825-adopt
SNR-012Y,USGS:07286200,snap-20260825-adopt
SNR-012Z,USGS:07288568,snap-20260825-adopt
SNR-0130,USGS:07288570,snap-20260825-adopt
SNR-0131,USGS:07311800,snap-20260825-adopt
SNR-0132,USGS:07282230,snap-20260825-adopt
SNR-0133,USGS:333904090123801,snap-20260825-adopt
SNR-0134,USGS:07281600,snap-20260825-adopt
SNR-0135,USGS:07286280,snap-20260825-adopt
SNR-0136,USGS:07286290,snap-20260825-adopt
SNR-0137,USGS:07311790,snap-20260825-adopt
SNR-0138,USGS:07314500,snap-20260825-adopt
SNR-0139,USGS:07314200,snap-20260825-adopt
SNR-013A,USGS:333957091034100,snap-20260825-adopt
SNR-013B,USGS:07332620,snap-20260825-adopt
SNR-013C,USGS:07336820,snap-20260825-adopt
SNR-013D,USGS:07336800,snap-20260825-adopt
SNR-013E,USGS:07341301,snap-20260825-adopt
SNR-013F,USGS:07341700,snap-20260825-adopt
SNR-013G,USGS:07311900,snap-20260825-adopt
SNR-013H,USGS:07363500,snap-20260825-adopt
SNR-013I,USGS:07316200,snap-20260825-adopt
SNR-013J,USGS:07288641,snap-20260825-adopt
SNR-013K,USGS:073696451,snap-20260825-adopt
SNR-013L,USGS:07315550,snap-20260825-adopt
SNR-013M,USGS:07316000,snap-20260825-adopt
SNR-013N,USGS:07285100,snap-20260825-adopt
SNR-013O,USGS:07288640,snap-20260825-adopt
SNR-013P,USGS:07288560,snap-20260825-adopt
SNR-013Q,USGS:07307720,snap-20260825-adopt
SNR-013R,USGS:07364165,snap-20260825-adopt
SNR-013S,USGS:07332622,snap-20260825-adopt
SNR-013T,USGS:07369654,snap-20260825-adopt
SNR-013U,USGS:07340200,snap-20260825-adopt
SNR-013V,USGS:07282075,snap-20260825-adopt
SNR-013W,USGS:07286047,snap-20260825-adopt
SNR-013X,USGS:07332655,snap-20260825-adopt
SNR-013Y,USGS:07312100,snap-20260825-adopt
SNR-013Z,USGS:07282325,snap-20260825-adopt
SNR-0140,USGS:07361894,snap-20260825-adopt
SNR-0141,USGS:07282300,snap-20260825-adopt
SNR-0142,USGS:07285400,snap-20260825-adopt
SNR-0143,USGS:07285730,snap-20260825-adopt
SNR-0144,USGS:07282090,snap-20260825-adopt
SNR-0145,USGS:07282097,snap-20260825-adopt
SNR-0146,USGS:07285500,snap-20260825-adopt
SNR-0147,USGS:07285510,snap-20260825-adopt
SNR-0148,USGS:07288636,snap-20260825-adopt
SNR-0149,USGS:07362500,snap-20260825-adopt
SNR-014A,USGS:07311630,snap-20260825-adopt
SNR-014B,USGS:07288633,snap-20260825-adopt
SNR-014C,USGS:07282098,snap-20260825-adopt
SNR-014D,USGS:07315525,snap-20260825-adopt
SNR-014E,USGS:07284500,snap-20260825-adopt
SNR-014F,USGS:07285000,snap-20260825-adopt
SNR-014G,USGS:07332070,snap-20260825-adopt
SNR-014H,USGS:07315200,snap-20260825-adopt
SNR-014I,USGS:07312110,snap-20260825-adopt
SNR-014J,USGS:07282100,snap-20260825-adopt
SNR-014K,USGS:07282500,snap-20260825-adopt
SNR-014L,USGS:07332000,snap-20260825-adopt
SNR-014M,USGS:07331600,snap-20260825-adopt
SNR-014N,USGS:07311700,snap-20260825-adopt
SNR-014O,USGS:07361180,snap-20260825-adopt
SNR-014P,USGS:07364140,snap-20260825-adopt
SNR-014Q,USGS:07314900,snap-20260825-adopt
SNR-014R,USGS:334956090402201,snap-20260825-adopt
SNR-014S,USGS:07288280,snap-20260825-adopt
SNR-014T,USGS:07281977,snap-20260825-adopt
SNR-014U,USGS:07281999,snap-20260825-adopt
SNR-014V,USGS:07282000,snap-20260825-adopt
SNR-014W,USGS:07336750,snap-20260825-adopt
SNR-014X,USGS:07362450,snap-20260825-adopt
SNR-014Y,USGS:07281985,snap-20260825-adopt
SNR-014Z,USGS:07286010,snap-20260825-adopt
SNR-0150,USGS:335054090230200,snap-20260825-adopt
SNR-0151,USGS:07282006,snap-20260825-adopt
SNR-0152,USGS:07335400,snap-20260825-adopt
SNR-0153,USGS:07288630,snap-20260825-adopt
SNR-0154,USGS:07311648,snap-20260825-adopt
SNR-0155,USGS:07281996,snap-20260825-adopt
SNR-0156,USGS:07281980,snap-20260825-adopt
SNR-0157,USGS:07315510,snap-20260825-adopt
SNR-0158,USGS:07281000,snap-20260825-adopt
SNR-0159,USGS:07285700,snap-20260825-adopt
SNR-015A,USGS:07367658,snap-20260825-adopt
SNR-015B,USGS:07281960,snap-20260825-adopt
SNR-015C,USGS:07364133,snap-20260825-adopt
SNR-015D,USGS:07312130,snap-20260825-adopt
SNR-015E,USGS:07311622,snap-20260825-adopt
SNR-015F,USGS:07335500,snap-20260825-adopt
SNR-015G,USGS:07281965,snap-20260825-adopt
SNR-015H,USGS:07361600,snap-20260825-adopt
SNR-015I,USGS:07315500,snap-20260825-adopt
SNR-015J,USGS:07367650,snap-20260825-adopt
SNR-015K,USGS:07288200,snap-20260825-adopt
SNR-015L,USGS:07361200,snap-20260825-adopt
SNR-015M,USGS:07312610,snap-20260825-adopt
SNR-015N,USGS:07288631,snap-20260825-adopt
SNR-015O,USGS:07336785,snap-20260825-adopt
SNR-015P,USGS:07336780,snap-20260825-adopt
SNR-015Q,USGS:07312330,snap-20260825-adopt
SNR-015R,USGS:07284480,snap-20260825-adopt
SNR-015S,USGS:07315400,snap-20260825-adopt
SNR-015T,USGS:07312200,snap-20260825-adopt
SNR-015U,USGS:07283500,snap-20260825-adopt
SNR-015V,USGS:07312500,snap-20260825-adopt
SNR-015W,USGS:07312300,snap-20260825-adopt
SNR-015X,USGS:07288545,snap-20260825-adopt
SNR-015Y,USGS:07312497,snap-20260825-adopt
SNR-015Z,USGS:07285900,snap-20260825-adopt
SNR-0160,USGS:07361800,snap-20260825-adopt
SNR-0161,USGS:07315650,snap-20260825-adopt
SNR-0162,USGS:07286000,snap-20260825-adopt
SNR-0163,USGS:07340000,snap-20260825-adopt
SNR-0164,USGS:07288627,snap-20260825-adopt
SNR-0165,USGS:07283490,snap-20260825-adopt
SNR-0166,USGS:07312580,snap-20260825-adopt
SNR-0167,USGS:07284030,snap-20260825-adopt
SNR-0168,USGS:07338000,snap-20260825-adopt
SNR-0169,USGS:07363450,snap-20260825-adopt
SNR-016A,USGS:07338500,snap-20260825-adopt
SNR-016B,USGS:07315900,snap-20260825-adopt
SNR-016C,USGS:07341260,snap-20260825-adopt
SNR-016D,USGS:07281964,snap-20260825-adopt
SNR-016E,USGS:07311600,snap-20260825-adopt
SNR-016F,USGS:07283320,snap-20260825-adopt
SNR-016G,USGS:07364122,snap-20260825-adopt
SNR-016H,USGS:07364125,snap-20260825-adopt
SNR-016I,USGS:07364120,snap-20260825-adopt
SNR-016J,USGS:07341200,snap-20260825-adopt
SNR-016K,USGS:07364130,snap-20260825-adopt
SNR-016L,USGS:07335310,snap-20260825-adopt
SNR-016M,USGS:07340530,snap-20260825-adopt
SNR-016N,USGS:07312620,snap-20260825-adopt
SNR-016O,USGS:07283000,snap-20260825-adopt
SNR-016P,USGS:07280340,snap-20260825-adopt
SNR-016Q,USGS:07265280,snap-20260825-adopt
SNR-016R,USGS:07312140,snap-20260825-adopt
SNR-016S,USGS:07312630,snap-20260825-adopt
SNR-016T,USGS:07280270,snap-20260825-adopt
SNR-016U,USGS:07332500,snap-20260825-adopt
SNR-016V,USGS:07316140,snap-20260825-adopt
SNR-016W,USGS:07280400,snap-20260825-adopt
SNR-016X,USGS:07315700,snap-20260825-adopt
SNR-016Y,USGS:07280550,snap-20260825-adopt
SNR-016Z,USGS:07288150,snap-20260825-adopt
SNR-0170,USGS:07336710,snap-20260825-adopt
SNR-0171,USGS:07282950,snap-20260825-adopt
SNR-0172,USGS:07335300,snap-20260825-adopt
SNR-0173,USGS:07282700,snap-20260825-adopt
SNR-0174,USGS:07360150,snap-20260825-adopt
SNR-0175,USGS:07364128,snap-20260825-adopt
SNR-0176,USGS:07361500,snap-20260825-adopt
SNR-0177,USGS:07335320,snap-20260825-adopt
SNR-0178,USGS:07339000,snap-20260825-adopt
SNR-0179,USGS:07340500,snap-20260825-adopt
SNR-017A,USGS:07339800,snap-20260825-adopt
SNR-017B,USGS:07339500,snap-20260825-adopt
SNR-017C,USGS:07361000,snap-20260825-adopt
SNR-017D,USGS:07312700,snap-20260825-adopt
SNR-017E,USGS:07280460,snap-20260825-adopt
SNR-017F,USGS:07338520,snap-20260825-adopt
SNR-017G,USGS:07337500,snap-20260825-adopt
SNR-017H,USGS:07338960,snap-20260825-adopt
SNR-017I,USGS:07288068,snap-20260825-adopt
SNR-017J,USGS:07338920,snap-20260825-adopt
SNR-017K,USGS:07360800,snap-20260825-adopt
SNR-017L,USGS:07308000,snap-20260825-adopt
SNR-017M,USGS:07341000,snap-20260825-adopt
SNR-017N,USGS:07361760,snap-20260825-adopt
SNR-017O,USGS:07331455,snap-20260825-adopt
SNR-017P,USGS:07337900,snap-20260825-adopt
SNR-017Q,USGS:07316130,snap-20260825-adopt
SNR-017R,USGS:07361780,snap-20260825-adopt
SNR-017S,USGS:07282970,snap-20260825-adopt
SNR-017T,USGS:07360100,snap-20260825-adopt
SNR-017U,USGS:07274385,snap-20260825-adopt
SNR-017V,USGS:07337920,snap-20260825-adopt
SNR-017W,USGS:07308500,snap-20260825-adopt
SNR-017X,USGS:07308220,snap-20260825-adopt
SNR-017Y,USGS:07274330,snap-20260825-adopt
SNR-017Z,USGS:07341100,snap-20260825-adopt
SNR-0180,USGS:07363200,snap-20260825-adopt
SNR-0181,USGS:07360000,snap-20260825-adopt
SNR-0182,USGS:0727425175,snap-20260825-adopt
SNR-0183,USGS:07274265,snap-20260825-adopt
SNR-0184,USGS:07315880,snap-20260825-adopt
SNR-0185,USGS:07338905,snap-20260825-adopt
SNR-0186,USGS:07274250,snap-20260825-adopt
SNR-0187,USGS:07332440,snap-20260825-adopt
SNR-0188,USGS:07274252,snap-20260825-adopt
SNR-0189,USGS:07280010,snap-20260825-adopt
SNR-018A,USGS:340841090134701,snap-20260825-adopt
SNR-018B,USGS:07363435,snap-20260825-adopt
SNR-018C,USGS:07274251,snap-20260825-adopt
SNR-018D,USGS:07360501,snap-20260825-adopt
SNR-018E,USGS:07361020,snap-20260825-adopt
SNR-018F,USGS:07275000,snap-20260825-adopt
SNR-018G,USGS:07364110,snap-20260825-adopt
SNR-018H,USGS:07337220,snap-20260825-adopt
SNR-018I,USGS:07359910,snap-20260825-adopt
SNR-018J,USGS:07308200,snap-20260825-adopt
SNR-018K,USGS:07280000,snap-20260825-adopt
SNR-018L,USGS:07313600,snap-20260825-adopt
SNR-018M,USGS:07307760,snap-20260825-adopt
SNR-018N,USGS:07336520,snap-20260825-adopt
SNR-018O,USGS:07288000,snap-20260825-adopt
SNR-018P,USGS:07336500,snap-20260825-adopt
SNR-018Q,USGS:341210090343701,snap-20260825-adopt
SNR-018R,USGS:07274230,snap-20260825-adopt
SNR-018S,USGS:07364114,snap-20260825-adopt
SNR-018T,USGS:07307750,snap-20260825-adopt
SNR-018U,USGS:07288048,snap-20260825-adopt
SNR-018V,USGS:07263888,snap-20260825-adopt
SNR-018W,USGS:07263887,snap-20260825-adopt
SNR-018X,USGS:07275530,snap-20260825-adopt
SNR-018Y,USGS:07263886,snap-20260825-adopt
SNR-018Z,USGS:07313500,snap-20260825-adopt
SNR-0190,USGS:07331290,snap-20260825-adopt
SNR-0191,USGS:07311500,snap-20260825-adopt
SNR-0192,USGS:07263665,snap-20260825-adopt
SNR-0193,USGS:07307800,snap-20260825-adopt
SNR-0194,USGS:07275500,snap-20260825-adopt
SNR-0195,USGS:07363400,snap-20260825-adopt
SNR-0196,USGS:07263700,snap-20260825-adopt
SNR-0197,USGS:07331000,snap-20260825-adopt
SNR-0198,USGS:341404090385600,snap-20260825-adopt
SNR-0199,USGS:07331383,snap-20260825-adopt
SNR-019A,USGS:07307500,snap-20260825-adopt
SNR-019B,USGS:07330700,snap-20260825-adopt
SNR-019C,USGS:07330500,snap-20260825-adopt
SNR-019D,USGS:07313585,snap-20260825-adopt
SNR-019E,USGS:07263884,snap-20260825-adopt
SNR-019F,USGS:07336200,snap-20260825-adopt
SNR-019G,USGS:07263883,snap-20260825-adopt
SNR-019H,USGS:07332400,snap-20260825-adopt
SNR-019I,USGS:07263885,snap-20260825-adopt
SNR-019J,USGS:07335000,snap-20260825-adopt
SNR-019K,USGS:07275465,snap-20260825-adopt
SNR-019L,USGS:07334800,snap-20260825-adopt
SNR-019M,USGS:07331250,snap-20260825-adopt
SNR-019N,USGS:072638805,snap-20260825-adopt
SNR-019O,USGS:07263882,snap-20260825-adopt
SNR-019P,USGS:341550090391300,snap-20260825-adopt
SNR-019Q,USGS:07359800,snap-20260825-adopt
SNR-019R,USGS:07334000,snap-20260825-adopt
SNR-019S,USGS:07274000,snap-20260825-adopt
SNR-019T,USGS:07311240,snap-20260825-adopt
SNR-019U,USGS:07307600,snap-20260825-adopt
SNR-019V,USGS:07263881,snap-20260825-adopt
SNR-019W,USGS:07263880,snap-20260825-adopt
SNR-019X,USGS:07279970,snap-20260825-adopt
SNR-019Y,USGS:03591800,snap-20260825-adopt
SNR-019Z,USGS:07263650,snap-20260825-adopt
SNR-01A0,USGS:07267200,snap-20260825-adopt
SNR-01A1,USGS:07273550,snap-20260825-adopt
SNR-01A2,USGS:03573182,snap-20260825-adopt
SNR-01A3,USGS:07336000,snap-20260825-adopt
SNR-01A4,USGS:07363430,snap-20260825-adopt
SNR-01A5,USGS:07078210,snap-20260825-adopt
SNR-01A6,USGS:03573000,snap-20260825-adopt
SNR-01A7,USGS:07359710,snap-20260825-adopt
SNR-01A8,USGS:07307550,snap-20260825-adopt
SNR-01A9,USGS:07315680,snap-20260825-adopt
SNR-01AA,USGS:07360225,snap-20260825-adopt
SNR-01AB,USGS:07360200,snap-20260825-adopt
SNR-01AC,USGS:07333910,snap-20260825-adopt
SNR-01AD,USGS:07333900,snap-20260825-adopt
SNR-01AE,USGS:07363300,snap-20260825-adopt
SNR-01AF,USGS:07363330,snap-20260825-adopt
SNR-01AG,USGS:07359700,snap-20260825-adopt
SNR-01AH,USGS:07359805,snap-20260825-adopt
SNR-01AI,USGS:07078170,snap-20260825-adopt
SNR-01AJ,USGS:03591570,snap-20260825-adopt
SNR-01AK,USGS:341944099193601,snap-20260825-adopt
SNR-01AL,USGS:07331410,snap-20260825-adopt
SNR-01AM,USGS:07273500,snap-20260825-adopt
SNR-01AN,USGS:07263879,snap-20260825-adopt
SNR-01AO,USGS:07331300,snap-20260825-adopt
SNR-01AP,USGS:07271500,snap-20260825-adopt
SNR-01AQ,USGS:07299670,snap-20260825-adopt
SNR-01AR,USGS:07271000,snap-20260825-adopt
SNR-01AS,USGS:07263875,snap-20260825-adopt
SNR-01AT,USGS:07265010,snap-20260825-adopt
SNR-01AU,USGS:07279850,snap-20260825-adopt
SNR-01AV,USGS:07359750,snap-20260825-adopt
SNR-01AW,USGS:07311000,snap-20260825-adopt
SNR-01AX,USGS:07273100,snap-20260825-adopt
SNR-01AY,USGS:07273300,snap-20260825-adopt
SNR-01AZ,USGS:07359520,snap-20260825-adopt
SNR-01B0,USGS:342212099212401,snap-20260825-adopt
SNR-01B1,USGS:07331299,snap-20260825-adopt
SNR-01B2,USGS:03573500,snap-20260825-adopt
SNR-01B3,USGS:03576500,snap-20260825-adopt
SNR-01B4,USGS:07263877,snap-20260825-adopt
SNR-01B5,USGS:07077820,snap-20260825-adopt
SNR-01B6,USGS:03572900,snap-20260825-adopt
SNR-01B7,USGS:07360180,snap-20260825-adopt
SNR-01B8,USGS:07340300,snap-20260825-adopt
SNR-01B9,USGS:07287715,snap-20260825-adopt
SNR-01BA,USGS:07287714,snap-20260825-adopt
SNR-01BB,USGS:07359610,snap-20260825-adopt
SNR-01BC,USGS:07332390,snap-20260825-adopt
SNR-01BD,USGS:07359500,snap-20260825-adopt
SNR-01BE,USGS:07332389,snap-20260825-adopt
SNR-01BF,USGS:07273000,snap-20260825-adopt
SNR-01BG,USGS:07331205,snap-20260825-adopt
SNR-01BH,USGS:07332950,snap-20260825-adopt
SNR-01BI,USGS:03576800,snap-20260825-adopt
SNR-01BJ,USGS:07263878,snap-20260825-adopt
SNR-01BK,USGS:07299575,snap-20260825-adopt
SNR-01BL,USGS:07329900,snap-20260825-adopt
SNR-01BM,USGS:07272500,snap-20260825-adopt
SNR-01BN,USGS:07331200,snap-20260825-adopt
SNR-01BO,USGS:07335840,snap-20260825-adopt
SNR-01BP,USGS:07266000,snap-20260825-adopt
SNR-01BQ,USGS:07334428,snap-20260825-adopt
SNR-01BR,USGS:07299570,snap-20260825-adopt
SNR-01BS,USGS:07267035,snap-20260825-adopt
SNR-01BT,USGS:03576148,snap-20260825-adopt
SNR-01BU,USGS:03576810,snap-20260825-adopt
SNR-01BV,USGS:07267030,snap-20260825-adopt
SNR-01BW,USGS:07331295,snap-20260825-adopt
SNR-01BX,USGS:07279937,snap-20260825-adopt
SNR-01BY,USGS:03574000,snap-20260825-adopt
SNR-01BZ,USGS:07359002,snap-20260825-adopt
SNR-01C0,USGS:07265000,snap-20260825-adopt
SNR-01C1,USGS:07359000,snap-20260825-adopt
SNR-01C2,USGS:07359001,snap-20260825-adopt
SNR-01C3,USGS:07329780,snap-20260825-adopt
SNR-01C4,USGS:07267150,snap-20260825-adopt
SNR-01C5,USGS:07358000,snap-20260825-adopt
SNR-01C6,USGS:07279800,snap-20260825-adopt
SNR-01C7,USGS:07268500,snap-20260825-adopt
SNR-01C8,USGS:07333800,snap-20260825-adopt
SNR-01C9,USGS:07358501,snap-20260825-adopt
SNR-01CA,USGS:03592000,snap-20260825-adopt
SNR-01CB,USGS:07358500,snap-20260825-adopt
SNR-01CC,USGS:07333010,snap-20260825-adopt
SNR-01CD,USGS:07329810,snap-20260825-adopt
SNR-01CE,USGS:07299720,snap-20260825-adopt
SNR-01CF,USGS:07332900,snap-20260825-adopt
SNR-01CG,USGS:07264500,snap-20260825-adopt
SNR-01CH,USGS:07265001,snap-20260825-adopt
SNR-01CI,USGS:07332348,snap-20260825-adopt
SNR-01CJ,USGS:07273510,snap-20260825-adopt
SNR-01CK,USGS:07333500,snap-20260825-adopt
SNR-01CL,USGS:07338750,snap-20260825-adopt
SNR-01CM,USGS:07311230,snap-20260825-adopt
SNR-01CN,USGS:07266849,snap-20260825-adopt
SNR-01CO,USGS:07268200,snap-20260825-adopt
SNR-01CP,USGS:07355900,snap-20260825-adopt
SNR-01CQ,USGS:07332340,snap-20260825-adopt
SNR-01CR,USGS:03577000,snap-20260825-adopt
SNR-01CS,USGS:07357860,snap-20260825-adopt
SNR-01CT,USGS:07331185,snap-20260825-adopt
SNR-01CU,USGS:07331293,snap-20260825-adopt
SNR-01CV,USGS:07332335,snap-20260825-adopt
SNR-01CW,USGS:07298150,snap-20260825-adopt
SNR-01CX,USGS:07312920,snap-20260825-adopt
SNR-01CY,USGS:07301110,snap-20260825-adopt
SNR-01CZ,USGS:07299710,snap-20260825-adopt
SNR-01D0,USGS:07268000,snap-20260825-adopt
SNR-01D1,USGS:07355870,snap-20260825-adopt
SNR-01D2,USGS:07287700,snap-20260825-adopt
SNR-01D3,USGS:07263860,snap-20260825-adopt
SNR-01D4,USGS:07355860,snap-20260825-adopt
SNR-01D5,USGS:07329865,snap-20260825-adopt
SNR-01D6,USGS:03592300,snap-20260825-adopt
SNR-01D7,USGS:07333330,snap-20260825-adopt
SNR-01D8,USGS:07313000,snap-20260825-adopt
SNR-01D9,USGS:03577110,snap-20260825-adopt
SNR-01DA,USGS:07358570,snap-20260825-adopt
SNR-01DB,USGS:07329852,snap-20260825-adopt
SNR-01DC,USGS:07338780,snap-20260825-adopt
SNR-01DD,USGS:03572690,snap-20260825-adopt
SNR-01DE,USGS:07363054,snap-20260825-adopt
SNR-01DF,USGS:07358284,snap-20260825-adopt
SNR-01DG,USGS:07355880,snap-20260825-adopt
SNR-01DH,USGS:073298507,snap-20260825-adopt
SNR-01DI,USGS:07329849,snap-20260825-adopt
SNR-01DJ,USGS:07311420,snap-20260825-adopt
SNR-01DK,USGS:07077952,snap-20260825-adopt
SNR-01DL,USGS:07270500,snap-20260825-adopt
SNR-01DM,USGS:07329851,snap-20260825-adopt
SNR-01DN,USGS:03577119,snap-20260825-adopt
SNR-01DO,USGS:07307028,snap-20260825-adopt
SNR-01DP,USGS:07357740,snap-20260825-adopt
SNR-01DQ,USGS:07358550,snap-20260825-adopt
SNR-01DR,USGS:07358280,snap-20260825-adopt
SNR-01DS,USGS:07311415,snap-20260825-adopt
SNR-01DT,USGS:343048093031301,snap-20260825-adopt
SNR-01DU,USGS:07358250,snap-20260825-adopt
SNR-01DV,USGS:343049093031301,snap-20260825-adopt
SNR-01DW,USGS:343050093031201,snap-20260825-adopt
SNR-01DX,USGS:343052093031301,snap-20260825-adopt
SNR-01DY,USGS:07338700,snap-20260825-adopt
SNR-01DZ,USGS:343054093031201,snap-20260825-adopt
SNR-01E0,USGS:343055093031301,snap-20260825-adopt
SNR-01E1,USGS:343056093030901,snap-20260825-adopt
SNR-01E2,USGS:343057093031301,snap-20260825-adopt
SNR-01E3,USGS:343058093030901,snap-20260825-adopt
SNR-01E4,USGS:07358253,snap-20260825-adopt
SNR-01E5,USGS:07267000,snap-20260825-adopt
SNR-01E6,USGS:07333000,snap-20260825-adopt
SNR-01E7,USGS:07358260,snap-20260825-adopt
SNR-01E8,USGS:07358257,snap-20260825-adopt
SNR-01E9,USGS:07047970,snap-20260825-adopt
SNR-01EA,USGS:07297920,snap-20260825-adopt
SNR-01EB,USGS:07078000,snap-20260825-adopt
SNR-01EC,USGS:07363050,snap-20260825-adopt
SNR-01ED,USGS:07299300,snap-20260825-adopt
SNR-01EE,USGS:07329700,snap-20260825-adopt
SNR-01EF,USGS:07298200,snap-20260825-adopt
SNR-01EG,USGS:03592200,snap-20260825-adopt
SNR-01EH,USGS:07332310,snap-20260825-adopt
SNR-01EI,USGS:07077950,snap-20260825-adopt
SNR-01EJ,USGS:07265500,snap-20260825-adopt
SNR-01EK,USGS:07299514,snap-20260825-adopt
SNR-01EL,USGS:07298000,snap-20260825-adopt
SNR-01EM,USGS:07356500,snap-20260825-adopt
SNR-01EN,USGS:07356700,snap-20260825-adopt
SNR-01EO,USGS:07363000,snap-20260825-adopt
SNR-01EP,USGS:07299540,snap-20260825-adopt
SNR-01EQ,USGS:07357501,snap-20260825-adopt
SNR-01ER,USGS:03575500,snap-20260825-adopt
SNR-01ES,USGS:07299500,snap-20260825-adopt
SNR-01ET,USGS:07299512,snap-20260825-adopt
SNR-01EU,USGS:07334238,snap-20260825-adopt
SNR-01EV,USGS:07299200,snap-20260825-adopt
SNR-01EW,USGS:07335790,snap-20260825-adopt
SNR-01EX,USGS:07332307,snap-20260825-adopt
SNR-01EY,USGS:07329605,snap-20260825-adopt
SNR-01EZ,USGS:07299530,snap-20260825-adopt
SNR-01F0,USGS:07332305,snap-20260825-adopt
SNR-01F1,USGS:07309990,snap-20260825-adopt
SNR-01F2,USGS:07301100,snap-20260825-adopt
SNR-01F3,USGS:07334200,snap-20260825-adopt
SNR-01F4,USGS:07270000,snap-20260825-adopt
SNR-01F5,USGS:07269990,snap-20260825-adopt
SNR-01F6,USGS:07329610,snap-20260825-adopt
SNR-01F7,USGS:07357000,snap-20260825-adopt
SNR-01F8,USGS:03575340,snap-20260825-adopt
SNR-01F9,USGS:07077860,snap-20260825-adopt
SNR-01FA,USGS:07077810,snap-20260825-adopt
SNR-01FB,USGS:07356000,snap-20260825-adopt
SNR-01FC,USGS:07277550,snap-20260825-adopt
SNR-01FD,USGS:03577150,snap-20260825-adopt
SNR-01FE,USGS:03568715,snap-20260825-adopt
SNR-01FF,USGS:07277730,snap-20260825-adopt
SNR-01FG,USGS:07362715,snap-20260825-adopt
SNR-01FH,USGS:03590290,snap-20260825-adopt
SNR-01FI,USGS:07355800,snap-20260825-adopt
SNR-01FJ,USGS:03576100,snap-20260825-adopt
SNR-01FK,USGS:07300580,snap-20260825-adopt
SNR-01FL,USGS:07311200,snap-20260825-adopt
SNR-01FM,USGS:03575700,snap-20260825-adopt
SNR-01FN,USGS:343726093481801,snap-20260825-adopt
SNR-01FO,USGS:03574500,snap-20260825-adopt
SNR-01FP,USGS:03576000,snap-20260825-adopt
SNR-01FQ,USGS:07357700,snap-20260825-adopt
SNR-01FR,USGS:07298500,snap-20260825-adopt
SNR-01FS,USGS:07335760,snap-20260825-adopt
SNR-01FT,USGS:03575696,snap-20260825-adopt
SNR-01FU,USGS:07362693,snap-20260825-adopt
SNR-01FV,USGS:07279500,snap-20260825-adopt
SNR-01FW,USGS:07277700,snap-20260825-adopt
SNR-01FX,USGS:07307010,snap-20260825-adopt
SNR-01FY,USGS:07305000,snap-20260825-adopt
SNR-01FZ,USGS:07335700,snap-20260825-adopt
SNR-01G0,USGS:07279600,snap-20260825-adopt
SNR-01G1,USGS:07263708,snap-20260825-adopt
SNR-01G2,USGS:07263530,snap-20260825-adopt
SNR-01G3,USGS:343916088435600,snap-20260825-adopt
SNR-01G4,USGS:03592500,snap-20260825-adopt
SNR-01G5,USGS:07307026,snap-20260825-adopt
SNR-01G6,USGS:0357568980,snap-20260825-adopt
SNR-01G7,USGS:03586500,snap-20260825-adopt
SNR-01G8,USGS:07299000,snap-20260825-adopt
SNR-01G9,USGS:03575272,snap-20260825-adopt
SNR-01GA,USGS:07312950,snap-20260825-adopt
SNR-01GB,USGS:07311410,snap-20260825-adopt
SNR-01GC,USGS:03557730,snap-20260825-adopt
SNR-01GD,USGS:0357568820,snap-20260825-adopt
SNR-01GE,USGS:03557790,snap-20260825-adopt
SNR-01GF,USGS:07077800,snap-20260825-adopt
SNR-01GG,USGS:07077940,snap-20260825-adopt
SNR-01GH,USGS:03557738,snap-20260825-adopt
SNR-01GI,USGS:03575950,snap-20260825-adopt
SNR-01GJ,USGS:03575980,snap-20260825-adopt
SNR-01GK,USGS:07306500,snap-20260825-adopt
SNR-01GL,USGS:07329000,snap-20260825-adopt
SNR-01GM,USGS:03575830,snap-20260825-adopt
SNR-01GN,USGS:0357568650,snap-20260825-adopt
SNR-01GO,USGS:07362641,snap-20260825-adopt
SNR-01GP,USGS:07279300,snap-20260825-adopt
SNR-01GQ,USGS:03557760,snap-20260825-adopt
SNR-01GR,USGS:03575686,snap-20260825-adopt
SNR-01GS,USGS:0357526200,snap-20260825-adopt
SNR-01GT,USGS:07263555,snap-20260825-adopt
SNR-01GU,USGS:07279299,snap-20260825-adopt
SNR-01GV,USGS:07299705,snap-20260825-adopt
SNR-01GW,USGS:07029252,snap-20260825-adopt
SNR-01GX,USGS:03567129,snap-20260825-adopt
SNR-01GY,USGS:07300530,snap-20260825-adopt
SNR-01GZ,USGS:07263605,snap-20260825-adopt
SNR-01H0,USGS:07362656,snap-20260825-adopt
SNR-01H1,USGS:07277500,snap-20260825-adopt
SNR-01H2,USGS:0357586650,snap-20260825-adopt
SNR-01H3,USGS:03575933,snap-20260825-adopt
SNR-01H4,USGS:07263580,snap-20260825-adopt
SNR-01H5,USGS:07310500,snap-20260825-adopt
SNR-01H6,USGS:07263594,snap-20260825-adopt
SNR-01H7,USGS:03575890,snap-20260825-adopt
SNR-01H8,USGS:07310000,snap-20260825-adopt
SNR-01H9,USGS:03590500,snap-20260825-adopt
SNR-01HA,USGS:03575930,snap-20260825-adopt
SNR-01HB,USGS:07269470,snap-20260825-adopt
SNR-01HC,USGS:07261300,snap-20260825-adopt
SNR-01HD,USGS:07269000,snap-20260825-adopt
SNR-01HE,USGS:07305500,snap-20260825-adopt
SNR-01HF,USGS:07309500,snap-20260825-adopt
SNR-01HG,USGS:07264000,snap-20260825-adopt
SNR-01HH,USGS:03557810,snap-20260825-adopt
SNR-01HI,USGS:03574405,snap-20260825-adopt
SNR-01HJ,USGS:07329500,snap-20260825-adopt
SNR-01HK,USGS:0357587728,snap-20260825-adopt
SNR-01HL,USGS:03557928,snap-20260825-adopt
SNR-01HM,USGS:03575100,snap-20260825-adopt
SNR-01HN,USGS:07263500,snap-20260825-adopt
SNR-01HO,USGS:0357591500,snap-20260825-adopt
SNR-01HP,USGS:03576250,snap-20260825-adopt
SNR-01HQ,USGS:07263590,snap-20260825-adopt
SNR-01HR,USGS:07328500,snap-20260825-adopt
SNR-01HS,USGS:07278500,snap-20260825-adopt
SNR-01HT,USGS:03589250,snap-20260825-adopt
SNR-01HU,USGS:07276500,snap-20260825-adopt
SNR-01HV,USGS:07231965,snap-20260825-adopt
SNR-01HW,USGS:03568782,snap-20260825-adopt
SNR-01HX,USGS:03577225,snap-20260825-adopt
SNR-01HY,USGS:03587000,snap-20260825-adopt
SNR-01HZ,USGS:07263570,snap-20260825-adopt
SNR-01I0,USGS:03575910,snap-20260825-adopt
SNR-01I1,USGS:0702927685,snap-20260825-adopt
SNR-01I2,USGS:0357587400,snap-20260825-adopt
SNR-01I3,USGS:07264100,snap-20260825-adopt
SNR-01I4,USGS:07247250,snap-20260825-adopt
SNR-01I5,USGS:07312850,snap-20260825-adopt
SNR-01I6,USGS:07264200,snap-20260825-adopt
SNR-01I7,USGS:07263400,snap-20260825-adopt
SNR-01I8,USGS:07309000,snap-20260825-adopt
SNR-01I9,USGS:07229427,snap-20260825-adopt
SNR-01IA,USGS:03589500,snap-20260825-adopt
SNR-01IB,USGS:03589260,snap-20260825-adopt
SNR-01IC,USGS:07263426,snap-20260825-adopt
SNR-01ID,USGS:0357587090,snap-20260825-adopt
SNR-01IE,USGS:03590680,snap-20260825-adopt
SNR-01IF,USGS:03558000,snap-20260825-adopt
SNR-01IG,USGS:07263451,snap-20260825-adopt
SNR-01IH,USGS:03550465,snap-20260825-adopt
SNR-01II,USGS:0357587140,snap-20260825-adopt
SNR-01IJ,USGS:07263450,snap-20260825-adopt
SNR-01IK,USGS:07263480,snap-20260825-adopt
SNR-01IL,USGS:07077000,snap-20260825-adopt
SNR-01IM,USGS:07308990,snap-20260825-adopt
SNR-01IN,USGS:07231950,snap-20260825-adopt
SNR-01IO,USGS:07362579,snap-20260825-adopt
SNR-01IP,USGS:073625897,snap-20260825-adopt
SNR-01IQ,USGS:03589000,snap-20260825-adopt
SNR-01IR,USGS:07309435,snap-20260825-adopt
SNR-01IS,USGS:07362587,snap-20260825-adopt
SNR-01IT,USGS:07362591,snap-20260825-adopt
SNR-01IU,USGS:07362590,snap-20260825-adopt
SNR-01IV,USGS:03586000,snap-20260825-adopt
SNR-01IW,USGS:07231975,snap-20260825-adopt
SNR-01IX,USGS:03589450,snap-20260825-adopt
SNR-01IY,USGS:03567200,snap-20260825-adopt
SNR-01IZ,USGS:03576400,snap-20260825-adopt
SNR-01J0,USGS:03585500,snap-20260825-adopt
SNR-01J1,USGS:03592711,snap-20260825-adopt
SNR-01J2,USGS:03590000,snap-20260825-adopt
SNR-01J3,USGS:03550475,snap-20260825-adopt
SNR-01J4,USGS:07295450,snap-20260825-adopt
SNR-01J5,USGS:03575000,snap-20260825-adopt
SNR-01J6,USGS:03574872,snap-20260825-adopt
SNR-01J7,USGS:07328550,snap-20260825-adopt
SNR-01J8,USGS:07277000,snap-20260825-adopt
SNR-01J9,USGS:07309480,snap-20260825-adopt
SNR-01JA,USGS:03544947,snap-20260825-adopt
SNR-01JB,USGS:03592718,snap-20260825-adopt
SNR-01JC,USGS:07227050,snap-20260825-adopt
SNR-01JD,USGS:07297910,snap-20260825-adopt
SNR-01JE,USGS:07327447,snap-20260825-adopt
SNR-01JF,USGS:03550494,snap-20260825-adopt
SNR-01JG,USGS:07276000,snap-20260825-adopt
SNR-01JH,USGS:03550500,snap-20260825-adopt
SNR-01JI,USGS:03566685,snap-20260825-adopt
SNR-01JJ,USGS:03574975,snap-20260825-adopt
SNR-01JK,USGS:07077930,snap-20260825-adopt
SNR-01JL,USGS:07047956,snap-20260825-adopt
SNR-01JM,USGS:07295500,snap-20260825-adopt
SNR-01JN,USGS:03551000,snap-20260825-adopt
SNR-01JO,USGS:072632996,snap-20260825-adopt
SNR-01JP,USGS:07231990,snap-20260825-adopt
SNR-01JQ,USGS:07300500,snap-20260825-adopt
SNR-01JR,USGS:07264050,snap-20260825-adopt
SNR-01JS,USGS:03566687,snap-20260825-adopt
SNR-01JT,USGS:072632995,snap-20260825-adopt
SNR-01JU,USGS:073274458,snap-20260825-adopt
SNR-01JV,USGS:07275595,snap-20260825-adopt
SNR-01JW,USGS:07263300,snap-20260825-adopt
SNR-01JX,USGS:03568810,snap-20260825-adopt
SNR-01JY,USGS:03568890,snap-20260825-adopt
SNR-01JZ,USGS:03568825,snap-20260825-adopt
SNR-01K0,USGS:07263930,snap-20260825-adopt
SNR-01K1,USGS:07277900,snap-20260825-adopt
SNR-01K2,USGS:07261500,snap-20260825-adopt
SNR-01K3,USGS:072632968,snap-20260825-adopt
SNR-01K4,USGS:03572153,snap-20260825-adopt
SNR-01K5,USGS:072632963,snap-20260825-adopt
SNR-01K6,USGS:072632966,snap-20260825-adopt
SNR-01K7,USGS:07263295,snap-20260825-adopt
SNR-01K8,USGS:03550766,snap-20260825-adopt
SNR-01K9,USGS:03551500,snap-20260825-adopt
SNR-01KA,USGS:07263465,snap-20260825-adopt
SNR-01KB,USGS:07263296,snap-20260825-adopt
SNR-01KC,USGS:07247015,snap-20260825-adopt
SNR-01KD,USGS:03574768,snap-20260825-adopt
SNR-01KE,USGS:072632962,snap-20260825-adopt
SNR-01KF,USGS:07327445,snap-20260825-adopt
SNR-01KG,USGS:03544970,snap-20260825-adopt
SNR-01KH,USGS:07327483,snap-20260825-adopt
SNR-01KI,USGS:072632958,snap-20260825-adopt
SNR-01KJ,USGS:07302500,snap-20260825-adopt
SNR-01KK,USGS:07299940,snap-20260825-adopt
SNR-01KL,USGS:03559000,snap-20260825-adopt
SNR-01KM,USGS:07303000,snap-20260825-adopt
SNR-01KN,USGS:072632971,snap-20260825-adopt
SNR-01KO,USGS:07302520,snap-20260825-adopt
SNR-01KP,USGS:07327442,snap-20260825-adopt
SNR-01KQ,USGS:07030367,snap-20260825-adopt
SNR-01KR,USGS:03568933,snap-20260825-adopt
SNR-01KS,USGS:03574840,snap-20260825-adopt
SNR-01KT,USGS:03550633,snap-20260825-adopt
SNR-01KU,USGS:07300150,snap-20260825-adopt
SNR-01KV,USGS:03592800,snap-20260825-adopt
SNR-01KW,USGS:07327441,snap-20260825-adopt
SNR-01KX,USGS:07229430,snap-20260825-adopt
SNR-01KY,USGS:345413091493401,snap-20260825-adopt
SNR-01KZ,USGS:03545000,snap-20260825-adopt
SNR-01L0,USGS:07275900,snap-20260825-adopt
SNR-01L1,USGS:07263910,snap-20260825-adopt
SNR-01L2,USGS:07261800,snap-20260825-adopt
SNR-01L3,USGS:03574100,snap-20260825-adopt
SNR-01L4,USGS:03548214,snap-20260825-adopt
SNR-01L5,USGS:03568260,snap-20260825-adopt
SNR-01L6,USGS:03548221,snap-20260825-adopt
SNR-01L7,USGS:07277937,snap-20260825-adopt
SNR-01L8,USGS:07263000,snap-20260825-adopt
SNR-01L9,USGS:03592810,snap-20260825-adopt
SNR-01LA,USGS:07247500,snap-20260825-adopt
SNR-01LB,USGS:07304500,snap-20260825-adopt
SNR-01LC,USGS:03592824,snap-20260825-adopt
SNR-01LD,USGS:073274406,snap-20260825-adopt
SNR-01LE,USGS:03592825,snap-20260825-adopt
SNR-01LF,USGS:03545500,snap-20260825-adopt
SNR-01LG,USGS:03568927,snap-20260825-adopt
SNR-01LH,USGS:07247000,snap-20260825-adopt
SNR-01LI,USGS:03566700,snap-20260825-adopt
SNR-01LJ,USGS:03587320,snap-20260825-adopt
SNR-01LK,USGS:07277936,snap-20260825-adopt
SNR-01LL,USGS:02158408,snap-20260825-adopt
SNR-01LM,USGS:02384330,snap-20260825-adopt
SNR-01LN,USGS:02156350,snap-20260825-adopt
SNR-01LO,USGS:07247450,snap-20260825-adopt
SNR-01LP,USGS:07296100,snap-20260825-adopt
SNR-01LQ,USGS:07030393,snap-20260825-adopt
SNR-01LR,USGS:02160200,snap-20260825-adopt
SNR-01LS,USGS:07029412,snap-20260825-adopt
SNR-01LT,USGS:03552500,snap-20260825-adopt
SNR-01LU,USGS:073274408,snap-20260825-adopt
SNR-01LV,USGS:07328100,snap-20260825-adopt
SNR-01LW,USGS:07303500,snap-20260825-adopt
SNR-01LX,USGS:02159800,snap-20260825-adopt
SNR-01LY,USGS:02157520,snap-20260825-adopt
SNR-01LZ,USGS:072632982,snap-20260825-adopt
SNR-01M0,USGS:02157000,snap-20260825-adopt
SNR-01M1,USGS:021584051,snap-20260825-adopt
SNR-01M2,USGS:07029300,snap-20260825-adopt
SNR-01M3,USGS:03572110,snap-20260825-adopt
SNR-01M4,USGS:03585305,snap-20260825-adopt
SNR-01M5,USGS:07299890,snap-20260825-adopt
SNR-01M6,USGS:07077730,snap-20260825-adopt
SNR-01M7,USGS:07248500,snap-20260825-adopt
SNR-01M8,USGS:07029414,snap-20260825-adopt
SNR-01M9,USGS:02153680,snap-20260825-adopt
SNR-01MA,USGS:021624101,snap-20260825-adopt
SNR-01MB,USGS:02176945,snap-20260825-adopt
SNR-01MC,USGS:07077920,snap-20260825-adopt
SNR-01MD,USGS:07247550,snap-20260825-adopt
SNR-01ME,USGS:02156999,snap-20260825-adopt
SNR-01MF,USGS:02157510,snap-20260825-adopt
SNR-01MG,USGS:03548234,snap-20260825-adopt
SNR-01MH,USGS:03552000,snap-20260825-adopt
SNR-01MI,USGS:03548228,snap-20260825-adopt
SNR-01MJ,USGS:07029270,snap-20260825-adopt
SNR-01MK,USGS:02156301,snap-20260825-adopt
SNR-01ML,USGS:02157500,snap-20260825-adopt
SNR-01MM,USGS:03585300,snap-20260825-adopt
SNR-01MN,USGS:07327490,snap-20260825-adopt
SNR-01MO,USGS:07328030,snap-20260825-adopt
SNR-01MP,USGS:07030394,snap-20260825-adopt
SNR-01MQ,USGS:07030370,snap-20260825-adopt
SNR-01MR,USGS:02156300,snap-20260825-adopt
SNR-01MS,USGS:07232024,snap-20260825-adopt
SNR-01MT,USGS:07030365,snap-20260825-adopt
SNR-01MU,USGS:07262500,snap-20260825-adopt
SNR-01MV,USGS:02178340,snap-20260825-adopt
SNR-01MW,USGS:07328040,snap-20260825-adopt
SNR-01MX,USGS:07047924,snap-20260825-adopt
SNR-01MY,USGS:02159785,snap-20260825-adopt
SNR-01MZ,USGS:07231320,snap-20260825-adopt
SNR-01N0,USGS:02153800,snap-20260825-adopt
SNR-01N1,USGS:03568950,snap-20260825-adopt
SNR-01N2,USGS:02185000,snap-20260825-adopt
SNR-01N3,USGS:03590945,snap-20260825-adopt
SNR-01N4,USGS:07259950,snap-20260825-adopt
SNR-01N5,USGS:07263012,snap-20260825-adopt
SNR-01N6,USGS:07327500,snap-20260825-adopt
SNR-01N7,USGS:03568400,snap-20260825-adopt
SNR-01N8,USGS:07300000,snap-20260825-adopt
SNR-01N9,USGS:03567340,snap-20260825-adopt
SNR-01NA,USGS:07248600,snap-20260825-adopt
SNR-01NB,USGS:021569983,snap-20260825-adopt
SNR-01NC,USGS:07248620,snap-20260825-adopt
SNR-01ND,USGS:02156250,snap-20260825-adopt
SNR-01NE,USGS:0357479650,snap-20260825-adopt
SNR-01NF,USGS:07303420,snap-20260825-adopt
SNR-01NG,USGS:07246955,snap-20260825-adopt
SNR-01NH,USGS:07327550,snap-20260825-adopt
SNR-01NI,USGS:021536097,snap-20260825-adopt
SNR-01NJ,USGS:07231000,snap-20260825-adopt
SNR-01NK,USGS:03553500,snap-20260825-adopt
SNR-01NL,USGS:03574796,snap-20260825-adopt
SNR-01NM,USGS:02156000,snap-20260825-adopt
SNR-01NN,USGS:07263265,snap-20260825-adopt
SNR-01NO,USGS:03566660,snap-20260825-adopt
SNR-01NP,USGS:03568945,snap-20260825-adopt
SNR-01NQ,USGS:07328180,snap-20260825-adopt
SNR-01NR,USGS:02184500,snap-20260825-adopt
SNR-01NS,USGS:07258200,snap-20260825-adopt
SNR-01NT,USGS:03568500,snap-20260825-adopt
SNR-01NU,USGS:07328000,snap-20260825-adopt
SNR-01NV,USGS:07047950,snap-20260825-adopt
SNR-01NW,USGS:03585380,snap-20260825-adopt
SNR-01NX,USGS:07302000,snap-20260825-adopt
SNR-01NY,USGS:03548241,snap-20260825-adopt
SNR-01NZ,USGS:02176930,snap-20260825-adopt
SNR-01O0,USGS:02157490,snap-20260825-adopt
SNR-01O1,USGS:03593010,snap-20260825-adopt
SNR-01O2,USGS:07076900,snap-20260825-adopt
SNR-01O3,USGS:07076870,snap-20260825-adopt
SNR-01O4,USGS:07299900,snap-20260825-adopt
SNR-01O5,USGS:07231500,snap-20260825-adopt
SNR-01O6,USGS:07030373,snap-20260825-adopt
SNR-01O7,USGS:02157475,snap-20260825-adopt
SNR-01O8,USGS:03560000,snap-20260825-adopt
SNR-01O9,USGS:07232000,snap-20260825-adopt
SNR-01OA,USGS:07030377,snap-20260825-adopt
SNR-01OB,USGS:03499927,snap-20260825-adopt
SNR-01OC,USGS:07229420,snap-20260825-adopt
SNR-01OD,USGS:07260000,snap-20260825-adopt
SNR-01OE,USGS:03559500,snap-20260825-adopt
SNR-01OF,USGS:07328070,snap-20260825-adopt
SNR-01OG,USGS:03560110,snap-20260825-adopt
SNR-01OH,USGS:02155800,snap-20260825-adopt
SNR-01OI,USGS:03560500,snap-20260825-adopt
SNR-01OJ,USGS:02185010,snap-20260825-adopt
SNR-01OK,USGS:03567000,snap-20260825-adopt
SNR-01OL,USGS:07229300,snap-20260825-adopt
SNR-01OM,USGS:07299850,snap-20260825-adopt
SNR-01ON,USGS:07032222,snap-20260825-adopt
SNR-01OO,USGS:07248700,snap-20260825-adopt
SNR-01OP,USGS:03569008,snap-20260825-adopt
SNR-01OQ,USGS:02384000,snap-20260825-adopt
SNR-01OR,USGS:07297500,snap-20260825-adopt
SNR-01OS,USGS:03561500,snap-20260825-adopt
SNR-01OT,USGS:03571850,snap-20260825-adopt
SNR-01OU,USGS:07303400,snap-20260825-adopt
SNR-01OV,USGS:07263115,snap-20260825-adopt
SNR-01OW,USGS:03567500,snap-20260825-adopt
SNR-01OX,USGS:07229200,snap-20260825-adopt
SNR-01OY,USGS:03584600,snap-20260825-adopt
SNR-01OZ,USGS:03561000,snap-20260825-adopt
SNR-01P0,USGS:070479475,snap-20260825-adopt
SNR-01P1,USGS:02184475,snap-20260825-adopt
SNR-01P2,USGS:03567495,snap-20260825-adopt
SNR-01P3,USGS:03585269,snap-20260825-adopt
SNR-01P4,USGS:07032195,snap-20260825-adopt
SNR-01P5,USGS:07032246,snap-20260825-adopt
SNR-01P6,USGS:07263100,snap-20260825-adopt
SNR-01P7,USGS:07249080,snap-20260825-adopt
SNR-01P8,USGS:02156050,snap-20260825-adopt
SNR-01P9,USGS:03588500,snap-20260825-adopt
SNR-01PA,USGS:03546000,snap-20260825-adopt
SNR-01PB,USGS:07076850,snap-20260825-adopt
SNR-01PC,USGS:03561200,snap-20260825-adopt
SNR-01PD,USGS:07032260,snap-20260825-adopt
SNR-01PE,USGS:03561300,snap-20260825-adopt
SNR-01PF,USGS:03554000,snap-20260825-adopt
SNR-01PG,USGS:03584500,snap-20260825-adopt
SNR-01PH,USGS:03547000,snap-20260825-adopt
SNR-01PI,USGS:02153551,snap-20260825-adopt
SNR-01PJ,USGS:03561700,snap-20260825-adopt
SNR-01PK,USGS:07030392,snap-20260825-adopt
SNR-01PL,USGS:03561800,snap-20260825-adopt
SNR-01PM,USGS:07032224,snap-20260825-adopt
SNR-01PN,USGS:07295400,snap-20260825-adopt
SNR-01PO,USGS:07077555,snap-20260825-adopt
SNR-01PP,USGS:03562000,snap-20260825-adopt
SNR-01PQ,USGS:02157470,snap-20260825-adopt
SNR-01PR,USGS:03560800,snap-20260825-adopt
SNR-01PS,USGS:03560700,snap-20260825-adopt
SNR-01PT,USGS:03548330,snap-20260825-adopt
SNR-01PU,USGS:07232010,snap-20260825-adopt
SNR-01PV,USGS:07029275,snap-20260825-adopt
SNR-01PW,USGS:07029420,snap-20260825-adopt
SNR-01PX,USGS:07326520,snap-20260825-adopt
SNR-01PY,USGS:07327440,snap-20260825-adopt
SNR-01PZ,USGS:03567595,snap-20260825-adopt
SNR-01Q0,USGS:07303450,snap-20260825-adopt
SNR-01Q1,USGS:021622825,snap-20260825-adopt
SNR-01Q2,USGS:021556525,snap-20260825-adopt
SNR-01Q3,USGS:07032200,snap-20260825-adopt
SNR-01Q4,USGS:07327420,snap-20260825-adopt
SNR-01Q5,USGS:07230800,snap-20260825-adopt
SNR-01Q6,USGS:03567594,snap-20260825-adopt
SNR-01Q7,USGS:07029460,snap-20260825-adopt
SNR-01Q8,USGS:02153525,snap-20260825-adopt
SNR-01Q9,USGS:07030500,snap-20260825-adopt
SNR-01QA,USGS:03568100,snap-20260825-adopt
SNR-01QB,USGS:07327210,snap-20260825-adopt
SNR-01QC,USGS:07029400,snap-20260825-adopt
SNR-01QD,USGS:07327040,snap-20260825-adopt
SNR-01QE,USGS:07260500,snap-20260825-adopt
SNR-01QF,USGS:07227150,snap-20260825-adopt
SNR-01QG,USGS:07249000,snap-20260825-adopt
SNR-01QH,USGS:021622845,snap-20260825-adopt
SNR-01QI,USGS:02162287,snap-20260825-adopt
SNR-01QJ,USGS:03566420,snap-20260825-adopt
SNR-01QK,USGS:02153700,snap-20260825-adopt
SNR-01QL,USGS:02162290,snap-20260825-adopt
SNR-01QM,USGS:02162285,snap-20260825-adopt
SNR-01QN,USGS:07029380,snap-20260825-adopt
SNR-01QO,USGS:07263230,snap-20260825-adopt
SNR-01QP,USGS:03574700,snap-20260825-adopt
SNR-01QQ,USGS:021622847,snap-20260825-adopt
SNR-01QR,USGS:03562540,snap-20260825-adopt
SNR-01QS,USGS:03500500,snap-20260825-adopt
SNR-01QT,USGS:03567930,snap-20260825-adopt
SNR-01QU,USGS:07225000,snap-20260825-adopt
SNR-01QV,USGS:03571730,snap-20260825-adopt
SNR-01QW,USGS:07076830,snap-20260825-adopt
SNR-01QX,USGS:07260640,snap-20260825-adopt
SNR-01QY,USGS:03561900,snap-20260825-adopt
SNR-01QZ,USGS:07249300,snap-20260825-adopt
SNR-01R0,USGS:0350056050,snap-20260825-adopt
SNR-01R1,USGS:070322435,snap-20260825-adopt
SNR-01R2,USGS:07327438,snap-20260825-adopt
SNR-01R3,USGS:07327439,snap-20260825-adopt
SNR-01R4,USGS:02153780,snap-20260825-adopt
SNR-01R5,USGS:03548000,snap-20260825-adopt
SNR-01R6,USGS:07032252,snap-20260825-adopt
SNR-01R7,USGS:07030600,snap-20260825-adopt
SNR-01R8,USGS:03548500,snap-20260825-adopt
SNR-01R9,USGS:07229100,snap-20260825-adopt
SNR-01RA,USGS:021623975,snap-20260825-adopt
SNR-01RB,USGS:07326500,snap-20260825-adopt
SNR-01RC,USGS:07326540,snap-20260825-adopt
SNR-01RD,USGS:03568000,snap-20260825-adopt
SNR-01RE,USGS:02153500,snap-20260825-adopt
SNR-01RF,USGS:07032244,snap-20260825-adopt
SNR-01RG,USGS:03564500,snap-20260825-adopt
SNR-01RH,USGS:03563000,snap-20260825-adopt
SNR-01RI,USGS:07031653,snap-20260825-adopt
SNR-01RJ,USGS:07032249,snap-20260825-adopt
SNR-01RK,USGS:07032248,snap-20260825-adopt
SNR-01RL,USGS:07259500,snap-20260825-adopt
SNR-01RM,USGS:07299830,snap-20260825-adopt
SNR-01RN,USGS:07230597,snap-20260825-adopt
SNR-01RO,USGS:07031657,snap-20260825-adopt
SNR-01RP,USGS:02154790,snap-20260825-adopt
SNR-01RQ,USGS:02184240,snap-20260825-adopt
SNR-01RR,USGS:07032242,snap-20260825-adopt
SNR-01RS,USGS:07258500,snap-20260825-adopt
SNR-01RT,USGS:07032247,snap-20260825-adopt
SNR-01RU,USGS:03569190,snap-20260825-adopt
SNR-01RV,USGS:070306050,snap-20260825-adopt
SNR-01RW,USGS:02155500,snap-20260825-adopt
SNR-01RX,USGS:07299825,snap-20260825-adopt
SNR-01RY,USGS:03555210,snap-20260825-adopt
SNR-01RZ,USGS:07261250,snap-20260825-adopt
SNR-01S0,USGS:07032241,snap-20260825-adopt
SNR-01S1,USGS:07031650,snap-20260825-adopt
SNR-01S2,USGS:03569168,snap-20260825-adopt
SNR-01S3,USGS:02384900,snap-20260825-adopt
SNR-01S4,USGS:07325500,snap-20260825-adopt
SNR-01S5,USGS:02153590,snap-20260825-adopt
SNR-01S6,USGS:02162350,snap-20260825-adopt
SNR-01S7,USGS:02154500,snap-20260825-adopt
SNR-01S8,USGS:07229220,snap-20260825-adopt
SNR-01S9,USGS:03566200,snap-20260825-adopt
SNR-01SA,USGS:07032000,snap-20260825-adopt
SNR-01SB,USGS:02153200,snap-20260825-adopt
SNR-01SC,USGS:02153480,snap-20260825-adopt
SNR-01SD,USGS:07260800,snap-20260825-adopt
SNR-01SE,USGS:03504000,snap-20260825-adopt
SNR-01SF,USGS:07249100,snap-20260825-adopt
SNR-01SG,USGS:07076750,snap-20260825-adopt
SNR-01SH,USGS:07031500,snap-20260825-adopt
SNR-01SI,USGS:03571500,snap-20260825-adopt
SNR-01SJ,USGS:07260630,snap-20260825-adopt
SNR-01SK,USGS:03566446,snap-20260825-adopt
SNR-01SL,USGS:035666325,snap-20260825-adopt
SNR-01SM,USGS:0216239615,snap-20260825-adopt
SNR-01SN,USGS:07031660,snap-20260825-adopt
SNR-01SO,USGS:03556000,snap-20260825-adopt
SNR-01SP,USGS:03571800,snap-20260825-adopt
SNR-01SQ,USGS:03582000,snap-20260825-adopt
SNR-01SR,USGS:03588400,snap-20260825-adopt
SNR-01SS,USGS:07031665,snap-20260825-adopt
SNR-01ST,USGS:03582500,snap-20260825-adopt
SNR-01SU,USGS:02153051,snap-20260825-adopt
SNR-01SV,USGS:03550000,snap-20260825-adopt
SNR-01SW,USGS:07031773,snap-20260825-adopt
SNR-01SX,USGS:07031761,snap-20260825-adopt
SNR-01SY,USGS:03587200,snap-20260825-adopt
SNR-01SZ,USGS:021623961,snap-20260825-adopt
SNR-01T0,USGS:07225300,snap-20260825-adopt
SNR-01T1,USGS:07031710,snap-20260825-adopt
SNR-01T2,USGS:350834089550002,snap-20260825-adopt
SNR-01T3,USGS:03439000,snap-20260825-adopt
SNR-01T4,USGS:07326000,snap-20260825-adopt
SNR-01T5,USGS:07047942,snap-20260825-adopt
SNR-01T6,USGS:07047904,snap-20260825-adopt
SNR-01T7,USGS:07327150,snap-20260825-adopt
SNR-01T8,USGS:03555000,snap-20260825-adopt
SNR-01T9,USGS:03566630,snap-20260825-adopt
SNR-01TA,USGS:03567600,snap-20260825-adopt
SNR-01TB,USGS:07031758,snap-20260825-adopt
SNR-01TC,USGS:03571600,snap-20260825-adopt
SNR-01TD,USGS:03439500,snap-20260825-adopt
SNR-01TE,USGS:03500000,snap-20260825-adopt
SNR-01TF,USGS:03582395,snap-20260825-adopt
SNR-01TG,USGS:07031765,snap-20260825-adopt
SNR-01TH,USGS:07031777,snap-20260825-adopt
SNR-01TI,USGS:07031725,snap-20260825-adopt
SNR-01TJ,USGS:0350011450,snap-20260825-adopt
SNR-01TK,USGS:07325900,snap-20260825-adopt
SNR-01TL,USGS:03580000,snap-20260825-adopt
SNR-01TM,USGS:03500240,snap-20260825-adopt
SNR-01TN,USGS:07031690,snap-20260825-adopt
SNR-01TO,USGS:07031730,snap-20260825-adopt
SNR-01TP,USGS:07249400,snap-20260825-adopt
SNR-01TQ,USGS:03579900,snap-20260825-adopt
SNR-01TR,USGS:03582300,snap-20260825-adopt
SNR-01TS,USGS:07249413,snap-20260825-adopt
SNR-01TT,USGS:03501000,snap-20260825-adopt
SNR-01TU,USGS:02155600,snap-20260825-adopt
SNR-01TV,USGS:021623950,snap-20260825-adopt
SNR-01TW,USGS:03565300,snap-20260825-adopt
SNR-01TX,USGS:07301500,snap-20260825-adopt
SNR-01TY,USGS:07029370,snap-20260825-adopt
SNR-01TZ,USGS:07031685,snap-20260825-adopt
SNR-01U0,USGS:07031692,snap-20260825-adopt
SNR-01U1,USGS:021623957,snap-20260825-adopt
SNR-01U2,USGS:07029430,snap-20260825-adopt
SNR-01U3,USGS:03579800,snap-20260825-adopt
SNR-01U4,USGS:07230500,snap-20260825-adopt
SNR-01U5,USGS:03566600,snap-20260825-adopt
SNR-01U6,USGS:07327000,snap-20260825-adopt
SNR-01U7,USGS:03566599,snap-20260825-adopt
SNR-01U8,USGS:03566036,snap-20260825-adopt
SNR-01U9,USGS:03588220,snap-20260825-adopt
SNR-01UA,USGS:03556500,snap-20260825-adopt
SNR-01UB,USGS:03593800,snap-20260825-adopt
SNR-01UC,USGS:03583200,snap-20260825-adopt
SNR-01UD,USGS:03501500,snap-20260825-adopt
SNR-01UE,USGS:07231560,snap-20260825-adopt
SNR-01UF,USGS:351111089512501,snap-20260825-adopt
SNR-01UG,USGS:351113089513401,snap-20260825-adopt
SNR-01UH,USGS:03580300,snap-20260825-adopt
SNR-01UI,USGS:07031683,snap-20260825-adopt
SNR-01UJ,USGS:07031740,snap-20260825-adopt
SNR-01UK,USGS:03556590,snap-20260825-adopt
SNR-01UL,USGS:07327050,snap-20260825-adopt
SNR-01UM,USGS:07031680,snap-20260825-adopt
SNR-01UN,USGS:03549810,snap-20260825-adopt
SNR-01UO,USGS:03580750,snap-20260825-adopt
SNR-01UP,USGS:03441440,snap-20260825-adopt
SNR-01UQ,USGS:03583000,snap-20260825-adopt
SNR-01UR,USGS:07229050,snap-20260825-adopt
SNR-01US,USGS:03584045,snap-20260825-adopt
SNR-01UT,USGS:07031695,snap-20260825-adopt
SNR-01UU,USGS:03584060,snap-20260825-adopt
SNR-01UV,USGS:07031699,snap-20260825-adopt
SNR-01UW,USGS:03580500,snap-20260825-adopt
SNR-01UX,USGS:07074888,snap-20260825-adopt
SNR-01UY,USGS:07076820,snap-20260825-adopt
SNR-01UZ,USGS:07301455,snap-20260825-adopt
SNR-01V0,USGS:07031700,snap-20260825-adopt
SNR-01V1,USGS:07031694,snap-20260825-adopt
SNR-01V2,USGS:07031697,snap-20260825-adopt
SNR-01V3,USGS:03571000,snap-20260825-adopt
SNR-01V4,USGS:07031795,snap-20260825-adopt
SNR-01V5,USGS:03566100,snap-20260825-adopt
SNR-01V6,USGS:07252500,snap-20260825-adopt
SNR-01V7,USGS:03565000,snap-20260825-adopt
SNR-01V8,USGS:03581500,snap-20260825-adopt
SNR-01V9,USGS:03584020,snap-20260825-adopt
SNR-01VA,USGS:03566535,snap-20260825-adopt
SNR-01VB,USGS:03440000,snap-20260825-adopt
SNR-01VC,USGS:02151500,snap-20260825-adopt
SNR-01VD,USGS:07249422,snap-20260825-adopt
SNR-01VE,USGS:03584000,snap-20260825-adopt
SNR-01VF,USGS:0356653019,snap-20260825-adopt
SNR-01VG,USGS:03594000,snap-20260825-adopt
SNR-01VH,USGS:07047902,snap-20260825-adopt
SNR-01VI,USGS:03555900,snap-20260825-adopt
SNR-01VJ,USGS:07261200,snap-20260825-adopt
SNR-01VK,USGS:03593300,snap-20260825-adopt
SNR-01VL,USGS:07030358,snap-20260825-adopt
SNR-01VM,USGS:07242100,snap-20260825-adopt
SNR-01VN,USGS:07253000,snap-20260825-adopt
SNR-01VO,USGS:07230000,snap-20260825-adopt
SNR-01VP,USGS:03557000,snap-20260825-adopt
SNR-01VQ,USGS:035825882,snap-20260825-adopt
SNR-01VR,USGS:03441500,snap-20260825-adopt
SNR-01VS,USGS:07229900,snap-20260825-adopt
SNR-01VT,USGS:03593500,snap-20260825-adopt
SNR-01VU,USGS:02152000,snap-20260825-adopt
SNR-01VV,USGS:07258000,snap-20260825-adopt
SNR-01VW,USGS:07229500,snap-20260825-adopt
SNR-01VX,USGS:03594040,snap-20260825-adopt
SNR-01VY,USGS:07254000,snap-20260825-adopt
SNR-01VZ,USGS:03582200,snap-20260825-adopt
SNR-01W0,USGS:07030300,snap-20260825-adopt
SNR-01W1,USGS:03501975,snap-20260825-adopt
SNR-01W2,USGS:07325860,snap-20260825-adopt
SNR-01W3,USGS:03587500,snap-20260825-adopt
SNR-01W4,USGS:03442000,snap-20260825-adopt
SNR-01W5,USGS:03502000,snap-20260825-adopt
SNR-01W6,USGS:03501760,snap-20260825-adopt
SNR-01W7,USGS:02151000,snap-20260825-adopt
SNR-01W8,USGS:07030295,snap-20260825-adopt
SNR-01W9,USGS:03566525,snap-20260825-adopt
SNR-01WA,USGS:07030207,snap-20260825-adopt
SNR-01WB,USGS:03588000,snap-20260825-adopt
SNR-01WC,USGS:07246610,snap-20260825-adopt
SNR-01WD,USGS:07076630,snap-20260825-adopt
SNR-01WE,USGS:07244790,snap-20260825-adopt
SNR-01WF,USGS:03603800,snap-20260825-adopt
SNR-01WG,USGS:07253500,snap-20260825-adopt
SNR-01WH,USGS:02152610,snap-20260825-adopt
SNR-01WI,USGS:07077700,snap-20260825-adopt
SNR-01WJ,USGS:03583500,snap-20260825-adopt
SNR-01WK,USGS:07246615,snap-20260825-adopt
SNR-01WL,USGS:03594164,snap-20260825-adopt
SNR-01WM,USGS:07030356,snap-20260825-adopt
SNR-01WN,USGS:07047900,snap-20260825-adopt
SNR-01WO,USGS:07246000,snap-20260825-adopt
SNR-01WP,USGS:07245000,snap-20260825-adopt
SNR-01WQ,USGS:03582140,snap-20260825-adopt
SNR-01WR,USGS:07301300,snap-20260825-adopt
SNR-01WS,USGS:07254500,snap-20260825-adopt
SNR-01WT,USGS:07227480,snap-20260825-adopt
SNR-01WU,USGS:07242000,snap-20260825-adopt
SNR-01WV,USGS:07076634,snap-20260825-adopt
SNR-01WW,USGS:07229451,snap-20260825-adopt
SNR-01WX,USGS:07260679,snap-20260825-adopt
SNR-01WY,USGS:07077500,snap-20260825-adopt
SNR-01WZ,USGS:07029600,snap-20260825-adopt
SNR-01X0,USGS:07261090,snap-20260825-adopt
SNR-01X1,USGS:07030270,snap-20260825-adopt
SNR-01X2,USGS:07047800,snap-20260825-adopt
SNR-01X3,USGS:03441000,snap-20260825-adopt
SNR-01X4,USGS:07030290,snap-20260825-adopt
SNR-01X5,USGS:07029500,snap-20260825-adopt
SNR-01X6,USGS:0215329875,snap-20260825-adopt
SNR-01X7,USGS:03594153,snap-20260825-adopt
SNR-01X8,USGS:07229480,snap-20260825-adopt
SNR-01X9,USGS:03502500,snap-20260825-adopt
SNR-01XA,USGS:07030280,snap-20260825-adopt
SNR-01XB,USGS:07241750,snap-20260825-adopt
SNR-01XC,USGS:03508000,snap-20260825-adopt
SNR-01XD,USGS:03580995,snap-20260825-adopt
SNR-01XE,USGS:07076620,snap-20260825-adopt
SNR-01XF,USGS:03565250,snap-20260825-adopt
SNR-01XG,USGS:03580990,snap-20260825-adopt
SNR-01XH,USGS:07260678,snap-20260825-adopt
SNR-01XI,USGS:07301481,snap-20260825-adopt
SNR-01XJ,USGS:03579100,snap-20260825-adopt
SNR-01XK,USGS:07246600,snap-20260825-adopt
SNR-01XL,USGS:03440500,snap-20260825-adopt
SNR-01XM,USGS:03508050,snap-20260825-adopt
SNR-01XN,USGS:07242180,snap-20260825-adopt
SNR-01XO,USGS:07074886,snap-20260825-adopt
SNR-01XP,USGS:07325800,snap-20260825-adopt
SNR-01XQ,USGS:07325850,snap-20260825-adopt
SNR-01XR,USGS:07228960,snap-20260825-adopt
SNR-01XS,USGS:07228930,snap-20260825-adopt
SNR-01XT,USGS:07301495,snap-20260825-adopt
SNR-01XU,USGS:07256700,snap-20260825-adopt
SNR-01XV,USGS:07074850,snap-20260825-adopt
SNR-01XW,USGS:03566000,snap-20260825-adopt
SNR-01XX,USGS:07245030,snap-20260825-adopt
SNR-01XY,USGS:03578000,snap-20260825-adopt
SNR-01XZ,USGS:07261000,snap-20260825-adopt
SNR-01Y0,USGS:03505500,snap-20260825-adopt
SNR-01Y1,USGS:03443000,snap-20260825-adopt
SNR-01Y2,USGS:07229000,snap-20260825-adopt
SNR-01Y3,USGS:07255000,snap-20260825-adopt
SNR-01Y4,USGS:0214399575,snap-20260825-adopt
SNR-01Y5,USGS:07249444,snap-20260825-adopt
SNR-01Y6,USGS:07241780,snap-20260825-adopt
SNR-01Y7,USGS:03579040,snap-20260825-adopt
SNR-01Y8,USGS:03505550,snap-20260825-adopt
SNR-01Y9,USGS:07301480,snap-20260825-adopt
SNR-01YA,USGS:0214399580,snap-20260825-adopt
SNR-01YB,USGS:02149702,snap-20260825-adopt
SNR-01YC,USGS:02144000,snap-20260825-adopt
SNR-01YD,USGS:03594160,snap-20260825-adopt
SNR-01YE,USGS:07030240,snap-20260825-adopt
SNR-01YF,USGS:03516000,snap-20260825-adopt
SNR-01YG,USGS:03508136,snap-20260825-adopt
SNR-01YH,USGS:07244500,snap-20260825-adopt
SNR-01YI,USGS:07250600,snap-20260825-adopt
SNR-01YJ,USGS:03583300,snap-20260825-adopt
SNR-01YK,USGS:07030250,snap-20260825-adopt
SNR-01YL,USGS:070479376,snap-20260825-adopt
SNR-01YM,USGS:07228940,snap-20260825-adopt
SNR-01YN,USGS:07260673,snap-20260825-adopt
SNR-01YO,USGS:070303505,snap-20260825-adopt
SNR-01YP,USGS:03565500,snap-20260825-adopt
SNR-01YQ,USGS:07229445,snap-20260825-adopt
SNR-01YR,USGS:07301200,snap-20260825-adopt
SNR-01YS,USGS:07241800,snap-20260825-adopt
SNR-01YT,USGS:0344632850,snap-20260825-adopt
SNR-01YU,USGS:07222800,snap-20260825-adopt
SNR-01YV,USGS:02150000,snap-20260825-adopt
SNR-01YW,USGS:03503000,snap-20260825-adopt
SNR-01YX,USGS:03594200,snap-20260825-adopt
SNR-01YY,USGS:07249447,snap-20260825-adopt
SNR-01YZ,USGS:07074855,snap-20260825-adopt
SNR-01Z0,USGS:07227100,snap-20260825-adopt
SNR-01Z1,USGS:07256000,snap-20260825-adopt
SNR-01Z2,USGS:07241600,snap-20260825-adopt
SNR-01Z3,USGS:07250550,snap-20260825-adopt
SNR-01Z4,USGS:07241880,snap-20260825-adopt
SNR-01Z5,USGS:070302491,snap-20260825-adopt
SNR-01Z6,USGS:07030249,snap-20260825-adopt
SNR-01Z7,USGS:07250551,snap-20260825-adopt
SNR-01Z8,USGS:07246500,snap-20260825-adopt
SNR-01Z9,USGS:07227000,snap-20260825-adopt
SNR-01ZA,USGS:07249448,snap-20260825-adopt
SNR-01ZB,USGS:07255500,snap-20260825-adopt
SNR-01ZC,USGS:03446500,snap-20260825-adopt
SNR-01ZD,USGS:07255100,snap-20260825-adopt
SNR-01ZE,USGS:03578500,snap-20260825-adopt
SNR-01ZF,USGS:03570835,snap-20260825-adopt
SNR-01ZG,USGS:03579620,snap-20260825-adopt
SNR-01ZH,USGS:07047815,snap-20260825-adopt
SNR-01ZI,USGS:07076530,snap-20260825-adopt
SNR-01ZJ,USGS:03518500,snap-20260825-adopt
SNR-01ZK,USGS:07242160,snap-20260825-adopt
SNR-01ZL,USGS:07047882,snap-20260825-adopt
SNR-01ZM,USGS:03518600,snap-20260825-adopt
SNR-01ZN,USGS:03583330,snap-20260825-adopt
SNR-01ZO,USGS:03444500,snap-20260825-adopt
SNR-01ZP,USGS:03510500,snap-20260825-adopt
SNR-01ZQ,USGS:03444000,snap-20260825-adopt
SNR-01ZR,USGS:03578970,snap-20260825-adopt
SNR-01ZS,USGS:07030247,snap-20260825-adopt
SNR-01ZT,USGS:03446410,snap-20260825-adopt
SNR-01ZU,USGS:03578600,snap-20260825-adopt
SNR-01ZV,USGS:03594058,snap-20260825-adopt
SNR-01ZW,USGS:03509500,snap-20260825-adopt
SNR-01ZX,USGS:07249457,snap-20260825-adopt
SNR-01ZY,USGS:03506500,snap-20260825-adopt
SNR-01ZZ,USGS:07223300,snap-20260825-adopt
SNR-0200,USGS:07047880,snap-20260825-adopt
SNR-0201,USGS:02152500,snap-20260825-adopt
SNR-0202,USGS:03503500,snap-20260825-adopt
SNR-0203,USGS:03445000,snap-20260825-adopt
SNR-0204,USGS:352256086031100,snap-20260825-adopt
SNR-0205,USGS:03517000,snap-20260825-adopt
SNR-0206,USGS:03509000,snap-20260825-adopt
SNR-0207,USGS:03510577,snap-20260825-adopt
SNR-0208,USGS:0725769402,snap-20260825-adopt
SNR-0209,USGS:03447000,snap-20260825-adopt
SNR-020A,USGS:07261050,snap-20260825-adopt
SNR-020B,USGS:03578455,snap-20260825-adopt
SNR-020C,USGS:07047935,snap-20260825-adopt
SNR-020D,USGS:07325840,snap-20260825-adopt
SNR-020E,USGS:07249455,snap-20260825-adopt
SNR-020F,USGS:07257693,snap-20260825-adopt
SNR-020G,USGS:07030242,snap-20260825-adopt
SNR-020H,USGS:07249450,snap-20260825-adopt
SNR-020I,USGS:03445500,snap-20260825-adopt
SNR-020J,USGS:07030246,snap-20260825-adopt
SNR-020K,USGS:07260990,snap-20260825-adopt
SNR-020L,USGS:03565200,snap-20260825-adopt
SNR-020M,USGS:352341090213101,snap-20260825-adopt
SNR-020N,USGS:07250515,snap-20260825-adopt
SNR-020O,USGS:03455500,snap-20260825-adopt
SNR-020P,USGS:03518400,snap-20260825-adopt
SNR-020Q,USGS:03508910,snap-20260825-adopt
SNR-020R,USGS:070302481,snap-20260825-adopt
SNR-020S,USGS:03446000,snap-20260825-adopt
SNR-020T,USGS:07250514,snap-20260825-adopt
SNR-020U,USGS:035960755,snap-20260825-adopt
SNR-020V,USGS:035977607,snap-20260825-adopt
SNR-020W,USGS:03565120,snap-20260825-adopt
SNR-020X,USGS:07241588,snap-20260825-adopt
SNR-020Y,USGS:07223500,snap-20260825-adopt
SNR-020Z,USGS:07222500,snap-20260825-adopt
SNR-0210,USGS:07223000,snap-20260825-adopt
SNR-0211,USGS:03570800,snap-20260825-adopt
SNR-0212,USGS:02150495,snap-20260825-adopt
SNR-0213,USGS:0345638607,snap-20260825-adopt
SNR-0214,USGS:03570700,snap-20260825-adopt
SNR-0215,USGS:07301485,snap-20260825-adopt
SNR-0216,USGS:03507000,snap-20260825-adopt
SNR-0217,USGS:07224500,snap-20260825-adopt
SNR-0218,USGS:03565448,snap-20260825-adopt
SNR-0219,USGS:03596075,snap-20260825-adopt
SNR-021A,USGS:03513410,snap-20260825-adopt
SNR-021B,USGS:07241504,snap-20260825-adopt
SNR-021C,USGS:02152474,snap-20260825-adopt
SNR-021D,USGS:03594120,snap-20260825-adopt
SNR-021E,USGS:03596074,snap-20260825-adopt
SNR-021F,USGS:07257700,snap-20260825-adopt
SNR-021G,USGS:03596485,snap-20260825-adopt
SNR-021H,USGS:03565160,snap-20260825-adopt
SNR-021I,USGS:02143500,snap-20260825-adopt
SNR-021J,USGS:03596110,snap-20260825-adopt
SNR-021K,USGS:07301420,snap-20260825-adopt
SNR-021L,USGS:03596100,snap-20260825-adopt
SNR-021M,USGS:02149000,snap-20260825-adopt
SNR-021N,USGS:02148500,snap-20260825-adopt
SNR-021O,USGS:0345577330,snap-20260825-adopt
SNR-021P,USGS:03565080,snap-20260825-adopt
SNR-021Q,USGS:03513000,snap-20260825-adopt
SNR-021R,USGS:03447687,snap-20260825-adopt
SNR-021S,USGS:03457500,snap-20260825-adopt
SNR-021T,USGS:07250500,snap-20260825-adopt
SNR-021U,USGS:07030241,snap-20260825-adopt
SNR-021V,USGS:07030245,snap-20260825-adopt
SNR-021W,USGS:03565442,snap-20260825-adopt
SNR-021X,USGS:07241506,snap-20260825-adopt
SNR-021Y,USGS:03447500,snap-20260825-adopt
SNR-021Z,USGS:07076517,snap-20260825-adopt
SNR-0220,USGS:0351706800,snap-20260825-adopt
SNR-0221,USGS:07226500,snap-20260825-adopt
SNR-0222,USGS:03565040,snap-20260825-adopt
SNR-0223,USGS:02152285,snap-20260825-adopt
SNR-0224,USGS:03456000,snap-20260825-adopt
SNR-0225,USGS:07301405,snap-20260825-adopt
SNR-0226,USGS:07030243,snap-20260825-adopt
SNR-0227,USGS:03517500,snap-20260825-adopt
SNR-0228,USGS:03515000,snap-20260825-adopt
SNR-0229,USGS:07241513,snap-20260825-adopt
SNR-022A,USGS:0351751500,snap-20260825-adopt
SNR-022B,USGS:035661285,snap-20260825-adopt
SNR-022C,USGS:03599000,snap-20260825-adopt
SNR-022D,USGS:07257200,snap-20260825-adopt
SNR-022E,USGS:070302448,snap-20260825-adopt
SNR-022F,USGS:07244100,snap-20260825-adopt
SNR-022G,USGS:07228650,snap-20260825-adopt
SNR-022H,USGS:352726090523101,snap-20260825-adopt
SNR-022I,USGS:03596500,snap-20260825-adopt
SNR-022J,USGS:03597898,snap-20260825-adopt
SNR-022K,USGS:03565432,snap-20260825-adopt
SNR-022L,USGS:03512000,snap-20260825-adopt
SNR-022M,USGS:03456500,snap-20260825-adopt
SNR-022N,USGS:03595100,snap-20260825-adopt
SNR-022O,USGS:07074865,snap-20260825-adopt
SNR-022P,USGS:02150420,snap-20260825-adopt
SNR-022Q,USGS:02143310,snap-20260825-adopt
SNR-022R,USGS:03456100,snap-20260825-adopt
SNR-022S,USGS:07245500,snap-20260825-adopt
SNR-022T,USGS:07252400,snap-20260825-adopt
SNR-022U,USGS:07257500,snap-20260825-adopt
SNR-022V,USGS:07320000,snap-20260825-adopt
SNR-022W,USGS:07222300,snap-20260825-adopt
SNR-022X,USGS:07256500,snap-20260825-adopt
SNR-022Y,USGS:07317500,snap-20260825-adopt
SNR-022Z,USGS:07227500,snap-20260825-adopt
SNR-0230,USGS:03565430,snap-20260825-adopt
SNR-0231,USGS:07256490,snap-20260825-adopt
SNR-0232,USGS:03596000,snap-20260825-adopt
SNR-0233,USGS:070302446,snap-20260825-adopt
SNR-0234,USGS:03599430,snap-20260825-adopt
SNR-0235,USGS:07252406,snap-20260825-adopt
SNR-0236,USGS:07301410,snap-20260825-adopt
SNR-0237,USGS:07047932,snap-20260825-adopt
SNR-0238,USGS:03514000,snap-20260825-adopt
SNR-0239,USGS:07318500,snap-20260825-adopt
SNR-023A,USGS:07241000,snap-20260825-adopt
SNR-023B,USGS:07244000,snap-20260825-adopt
SNR-023C,USGS:03420185,snap-20260825-adopt
SNR-023D,USGS:03598000,snap-20260825-adopt
SNR-023E,USGS:07318000,snap-20260825-adopt
SNR-023F,USGS:0344789265,snap-20260825-adopt
SNR-023G,USGS:03595520,snap-20260825-adopt
SNR-023H,USGS:03597860,snap-20260825-adopt
SNR-023I,USGS:07250085,snap-20260825-adopt
SNR-023J,USGS:03511000,snap-20260825-adopt
SNR-023K,USGS:03513500,snap-20260825-adopt
SNR-023L,USGS:07320500,snap-20260825-adopt
SNR-023M,USGS:03595500,snap-20260825-adopt
SNR-023N,USGS:07240500,snap-20260825-adopt
SNR-023O,USGS:03600500,snap-20260825-adopt
SNR-023P,USGS:03544600,snap-20260825-adopt
SNR-023Q,USGS:072606713,snap-20260825-adopt
SNR-023R,USGS:07321000,snap-20260825-adopt
SNR-023S,USGS:02152420,snap-20260825-adopt
SNR-023T,USGS:02152100,snap-20260825-adopt
SNR-023U,USGS:03447894,snap-20260825-adopt
SNR-023V,USGS:07322000,snap-20260825-adopt
SNR-023W,USGS:07241500,snap-20260825-adopt
SNR-023X,USGS:07250000,snap-20260825-adopt
SNR-023Y,USGS:03595000,snap-20260825-adopt
SNR-023Z,USGS:03604000,snap-20260825-adopt
SNR-0240,USGS:03447890,snap-20260825-adopt
SNR-0241,USGS:07257480,snap-20260825-adopt
SNR-0242,USGS:07222000,snap-20260825-adopt
SNR-0243,USGS:07241550,snap-20260825-adopt
SNR-0244,USGS:03599200,snap-20260825-adopt
SNR-0245,USGS:07242200,snap-20260825-adopt
SNR-0246,USGS:03448000,snap-20260825-adopt
SNR-0247,USGS:03570650,snap-20260825-adopt
SNR-0248,USGS:07257100,snap-20260825-adopt
SNR-0249,USGS:03601000,snap-20260825-adopt
SNR-024A,USGS:03565428,snap-20260825-adopt
SNR-024B,USGS:03599100,snap-20260825-adopt
SNR-024C,USGS:03544500,snap-20260825-adopt
SNR-024D,USGS:07047600,snap-20260825-adopt
SNR-024E,USGS:07257473,snap-20260825-adopt
SNR-024F,USGS:07257006,snap-20260825-adopt
SNR-024G,USGS:03448068,snap-20260825-adopt
SNR-024H,USGS:07319500,snap-20260825-adopt
SNR-024I,USGS:03544611,snap-20260825-adopt
SNR-024J,USGS:07241503,snap-20260825-adopt
SNR-024K,USGS:07319000,snap-20260825-adopt
SNR-024L,USGS:03599102,snap-20260825-adopt
SNR-024M,USGS:07260672,snap-20260825-adopt
SNR-024N,USGS:03518000,snap-20260825-adopt
SNR-024O,USGS:07076506,snap-20260825-adopt
SNR-024P,USGS:07321500,snap-20260825-adopt
SNR-024Q,USGS:07260671,snap-20260825-adopt
SNR-024R,USGS:03597210,snap-20260825-adopt
SNR-024S,USGS:03448050,snap-20260825-adopt
SNR-024T,USGS:07240200,snap-20260825-adopt
SNR-024U,USGS:07249985,snap-20260825-adopt
SNR-024V,USGS:07076000,snap-20260825-adopt
SNR-024W,USGS:03420200,snap-20260825-adopt
SNR-024X,USGS:03599450,snap-20260825-adopt
SNR-024Y,USGS:07194555,snap-20260825-adopt
SNR-024Z,USGS:07227470,snap-20260825-adopt
SNR-0250,USGS:03597600,snap-20260825-adopt
SNR-0251,USGS:07246630,snap-20260825-adopt
SNR-0252,USGS:03456991,snap-20260825-adopt
SNR-0253,USGS:07322500,snap-20260825-adopt
SNR-0254,USGS:07047500,snap-20260825-adopt
SNR-0255,USGS:07047501,snap-20260825-adopt
SNR-0256,USGS:07030000,snap-20260825-adopt
SNR-0257,USGS:07029900,snap-20260825-adopt
SNR-0258,USGS:03457000,snap-20260825-adopt
SNR-0259,USGS:07257090,snap-20260825-adopt
SNR-025A,USGS:07251500,snap-20260825-adopt
SNR-025B,USGS:07075600,snap-20260825-adopt
SNR-025C,USGS:03597590,snap-20260825-adopt
SNR-025D,USGS:07325000,snap-20260825-adopt
SNR-025E,USGS:07257460,snap-20260825-adopt
SNR-025F,USGS:07257450,snap-20260825-adopt
SNR-025G,USGS:07228450,snap-20260825-adopt
SNR-025H,USGS:353211098191501,snap-20260825-adopt
SNR-025I,USGS:07245090,snap-20260825-adopt
SNR-025J,USGS:07047810,snap-20260825-adopt
SNR-025K,USGS:07324300,snap-20260825-adopt
SNR-025L,USGS:07324400,snap-20260825-adopt
SNR-025M,USGS:07239700,snap-20260825-adopt
SNR-025N,USGS:07159450,snap-20260825-adopt
SNR-025O,USGS:07228400,snap-20260825-adopt
SNR-025P,USGS:03448500,snap-20260825-adopt
SNR-025Q,USGS:07159500,snap-20260825-adopt
SNR-025R,USGS:07075800,snap-20260825-adopt
SNR-025S,USGS:07228500,snap-20260825-adopt
SNR-025T,USGS:03544000,snap-20260825-adopt
SNR-025U,USGS:03518300,snap-20260825-adopt
SNR-025V,USGS:07075250,snap-20260825-adopt
SNR-025W,USGS:07239750,snap-20260825-adopt
SNR-025X,USGS:07228600,snap-20260825-adopt
SNR-025Y,USGS:07257000,snap-20260825-adopt
SNR-025Z,USGS:03598179,snap-20260825-adopt
SNR-0260,USGS:07323000,snap-20260825-adopt
SNR-0261,USGS:03598185,snap-20260825-adopt
SNR-0262,USGS:07240000,snap-20260825-adopt
SNR-0263,USGS:07198500,snap-20260825-adopt
SNR-0264,USGS:07075280,snap-20260825-adopt
SNR-0265,USGS:03598165,snap-20260825-adopt
SNR-0266,USGS:03519000,snap-20260825-adopt
SNR-0267,USGS:0344878100,snap-20260825-adopt
SNR-0268,USGS:0359816545,snap-20260825-adopt
SNR-0269,USGS:07077680,snap-20260825-adopt
SNR-026A,USGS:07239500,snap-20260825-adopt
SNR-026B,USGS:03598177,snap-20260825-adopt
SNR-026C,USGS:07241520,snap-20260825-adopt
SNR-026D,USGS:07249800,snap-20260825-adopt
SNR-026E,USGS:03597000,snap-20260825-adopt
SNR-026F,USGS:07030147,snap-20260825-adopt
SNR-026G,USGS:07324000,snap-20260825-adopt
SNR-026H,USGS:07075500,snap-20260825-adopt
SNR-026I,USGS:03597550,snap-20260825-adopt
SNR-026J,USGS:03451000,snap-20260825-adopt
SNR-026K,USGS:03604070,snap-20260825-adopt
SNR-026L,USGS:07075252,snap-20260825-adopt
SNR-026M,USGS:07075270,snap-20260825-adopt
SNR-026N,USGS:03599419,snap-20260825-adopt
SNR-026O,USGS:03598169,snap-20260825-adopt
SNR-026P,USGS:07249920,snap-20260825-adopt
SNR-026Q,USGS:07198000,snap-20260825-adopt
SNR-026R,USGS:03594480,snap-20260825-adopt
SNR-026S,USGS:03594455,snap-20260825-adopt
SNR-026T,USGS:03599240,snap-20260825-adopt
SNR-026U,USGS:07075255,snap-20260825-adopt
SNR-026V,USGS:07252000,snap-20260825-adopt
SNR-026W,USGS:03458500,snap-20260825-adopt
SNR-026X,USGS:0345112600,snap-20260825-adopt
SNR-026Y,USGS:07242247,snap-20260825-adopt
SNR-026Z,USGS:07324500,snap-20260825-adopt
SNR-0270,USGS:03543500,snap-20260825-adopt
SNR-0271,USGS:07227465,snap-20260825-adopt
SNR-0272,USGS:07159550,snap-20260825-adopt
SNR-0273,USGS:03604080,snap-20260825-adopt
SNR-0274,USGS:03598173,snap-20260825-adopt
SNR-0275,USGS:03598250,snap-20260825-adopt
SNR-0276,USGS:03451200,snap-20260825-adopt
SNR-0277,USGS:03599250,snap-20260825-adopt
SNR-0278,USGS:07227700,snap-20260825-adopt
SNR-0279,USGS:07075300,snap-20260825-adopt
SNR-027A,USGS:0345092550,snap-20260825-adopt
SNR-027B,USGS:03597500,snap-20260825-adopt
SNR-027C,USGS:03604090,snap-20260825-adopt
SNR-027D,USGS:353520083502001,snap-20260825-adopt
SNR-027E,USGS:02143040,snap-20260825-adopt
SNR-027F,USGS:03594482,snap-20260825-adopt
SNR-027G,USGS:03518100,snap-20260825-adopt
SNR-027H,USGS:07027500,snap-20260825-adopt
SNR-027I,USGS:03519600,snap-20260825-adopt
SNR-027J,USGS:03497130,snap-20260825-adopt
SNR-027K,USGS:07252200,snap-20260825-adopt
SNR-027L,USGS:03594435,snap-20260825-adopt
SNR-027M,USGS:03594437,snap-20260825-adopt
SNR-027N,USGS:0213875850,snap-20260825-adopt
SNR-027O,USGS:07047000,snap-20260825-adopt
SNR-027P,USGS:07249950,snap-20260825-adopt
SNR-027Q,USGS:07251350,snap-20260825-adopt
SNR-027R,USGS:03420360,snap-20260825-adopt
SNR-027S,USGS:03449500,snap-20260825-adopt
SNR-027T,USGS:03519500,snap-20260825-adopt
SNR-027U,USGS:03600258,snap-20260825-adopt
SNR-027V,USGS:07074500,snap-20260825-adopt
SNR-027W,USGS:03420380,snap-20260825-adopt
SNR-027X,USGS:03597400,snap-20260825-adopt
SNR-027Y,USGS:03604100,snap-20260825-adopt
SNR-027Z,USGS:03451500,snap-20260825-adopt
SNR-0280,USGS:03597450,snap-20260825-adopt
SNR-0281,USGS:07047200,snap-20260825-adopt
SNR-0282,USGS:03594439,snap-20260825-adopt
SNR-0283,USGS:03594460,snap-20260825-adopt
SNR-0284,USGS:03451510,snap-20260825-adopt
SNR-0285,USGS:03594400,snap-20260825-adopt
SNR-0286,USGS:07239450,snap-20260825-adopt
SNR-0287,USGS:07027530,snap-20260825-adopt
SNR-0288,USGS:03594465,snap-20260825-adopt
SNR-0289,USGS:03599408,snap-20260825-adopt
SNR-028A,USGS:03601500,snap-20260825-adopt
SNR-028B,USGS:03599500,snap-20260825-adopt
SNR-028C,USGS:03543200,snap-20260825-adopt
SNR-028D,USGS:03448800,snap-20260825-adopt
SNR-028E,USGS:03594300,snap-20260825-adopt
SNR-028F,USGS:03543005,snap-20260825-adopt
SNR-028G,USGS:03459000,snap-20260825-adopt
SNR-028H,USGS:03420400,snap-20260825-adopt
SNR-028I,USGS:07257060,snap-20260825-adopt
SNR-028J,USGS:03594445,snap-20260825-adopt
SNR-028K,USGS:03594446,snap-20260825-adopt
SNR-028L,USGS:03520045,snap-20260825-adopt
SNR-028M,USGS:07316500,snap-20260825-adopt
SNR-028N,USGS:07030040,snap-20260825-adopt
SNR-028O,USGS:03594500,snap-20260825-adopt
SNR-028P,USGS:03597300,snap-20260825-adopt
SNR-028Q,USGS:03599407,snap-20260825-adopt
SNR-028R,USGS:02137000,snap-20260825-adopt
SNR-028S,USGS:03594421,snap-20260825-adopt
SNR-028T,USGS:03520050,snap-20260825-adopt
SNR-028U,USGS:03598200,snap-20260825-adopt
SNR-028V,USGS:03459500,snap-20260825-adopt
SNR-028W,USGS:07030050,snap-20260825-adopt
SNR-028X,USGS:07242370,snap-20260825-adopt
SNR-028Y,USGS:03594430,snap-20260825-adopt
SNR-028Z,USGS:353818083445801,snap-20260825-adopt
SNR-0290,USGS:07221600,snap-20260825-adopt
SNR-0291,USGS:03594450,snap-20260825-adopt
SNR-0292,USGS:035944242,snap-20260825-adopt
SNR-0293,USGS:03519700,snap-20260825-adopt
SNR-0294,USGS:353839083482701,snap-20260825-adopt
SNR-0295,USGS:02138680,snap-20260825-adopt
SNR-0296,USGS:07242350,snap-20260825-adopt
SNR-0297,USGS:03604200,snap-20260825-adopt
SNR-0298,USGS:07249870,snap-20260825-adopt
SNR-0299,USGS:03450000,snap-20260825-adopt
SNR-029A,USGS:03449000,snap-20260825-adopt
SNR-029B,USGS:07221500,snap-20260825-adopt
SNR-029C,USGS:03519650,snap-20260825-adopt
SNR-029D,USGS:07324200,snap-20260825-adopt
SNR-029E,USGS:07075000,snap-20260825-adopt
SNR-029F,USGS:03448960,snap-20260825-adopt
SNR-029G,USGS:03594415,snap-20260825-adopt
SNR-029H,USGS:07060830,snap-20260825-adopt
SNR-029I,USGS:07251000,snap-20260825-adopt
SNR-029J,USGS:03600100,snap-20260825-adopt
SNR-029K,USGS:03594425,snap-20260825-adopt
SNR-029L,USGS:03497300,snap-20260825-adopt
SNR-029M,USGS:07227920,snap-20260825-adopt
SNR-029N,USGS:03420700,snap-20260825-adopt
SNR-029O,USGS:03420500,snap-20260825-adopt
SNR-029P,USGS:03451690,snap-20260825-adopt
SNR-029Q,USGS:03460000,snap-20260825-adopt
SNR-029R,USGS:07227448,snap-20260825-adopt
SNR-029S,USGS:03497319,snap-20260825-adopt
SNR-029T,USGS:034973195,snap-20260825-adopt
SNR-029U,USGS:07046600,snap-20260825-adopt
SNR-029V,USGS:03519640,snap-20260825-adopt
SNR-029W,USGS:03600000,snap-20260825-adopt
SNR-029X,USGS:07227456,snap-20260825-adopt
SNR-029Y,USGS:07243500,snap-20260825-adopt
SNR-029Z,USGS:07227460,snap-20260825-adopt
SNR-02A0,USGS:03427830,snap-20260825-adopt
SNR-02A1,USGS:07242380,snap-20260825-adopt
SNR-02A2,USGS:07251790,snap-20260825-adopt
SNR-02A3,USGS:02143000,snap-20260825-adopt
SNR-02A4,USGS:03542502,snap-20260825-adopt
SNR-02A5,USGS:0344894205,snap-20260825-adopt
SNR-02A6,USGS:02137727,snap-20260825-adopt
SNR-02A7,USGS:03600358,snap-20260825-adopt
SNR-02A8,USGS:03599400,snap-20260825-adopt
SNR-02A9,USGS:07227458,snap-20260825-adopt
SNR-02AA,USGS:03427840,snap-20260825-adopt
SNR-02AB,USGS:07030137,snap-20260825-adopt
SNR-02AC,USGS:03421100,snap-20260825-adopt
SNR-02AD,USGS:03519630,snap-20260825-adopt
SNR-02AE,USGS:03519610,snap-20260825-adopt
SNR-02AF,USGS:03519620,snap-20260825-adopt
SNR-02AG,USGS:03469251,snap-20260825-adopt
SNR-02AH,USGS:03542500,snap-20260825-adopt
SNR-02AI,USGS:035999716,snap-20260825-adopt
SNR-02AJ,USGS:07242500,snap-20260825-adopt
SNR-02AK,USGS:07249490,snap-20260825-adopt
SNR-02AL,USGS:07250974,snap-20260825-adopt
SNR-02AM,USGS:07249650,snap-20260825-adopt
SNR-02AN,USGS:02138000,snap-20260825-adopt
SNR-02AO,USGS:03421000,snap-20260825-adopt
SNR-02AP,USGS:03420600,snap-20260825-adopt
SNR-02AQ,USGS:03421200,snap-20260825-adopt
SNR-02AR,USGS:03600088,snap-20260825-adopt
SNR-02AS,USGS:07027720,snap-20260825-adopt
SNR-02AT,USGS:02139200,snap-20260825-adopt
SNR-02AU,USGS:03601600,snap-20260825-adopt
SNR-02AV,USGS:07227890,snap-20260825-adopt
SNR-02AW,USGS:07250965,snap-20260825-adopt
SNR-02AX,USGS:07249500,snap-20260825-adopt
SNR-02AY,USGS:03497500,snap-20260825-adopt
SNR-02AZ,USGS:03460500,snap-20260825-adopt
SNR-02B0,USGS:07074670,snap-20260825-adopt
SNR-02B1,USGS:03469300,snap-20260825-adopt
SNR-02B2,USGS:03452000,snap-20260825-adopt
SNR-02B3,USGS:03452001,snap-20260825-adopt
SNR-02B4,USGS:02138816,snap-20260825-adopt
SNR-02B5,USGS:07250935,snap-20260825-adopt
SNR-02B6,USGS:03520100,snap-20260825-adopt
SNR-02B7,USGS:02139610,snap-20260825-adopt
SNR-02B8,USGS:0213903612,snap-20260825-adopt
SNR-02B9,USGS:02138520,snap-20260825-adopt
SNR-02BA,USGS:02139650,snap-20260825-adopt
SNR-02BB,USGS:03520000,snap-20260825-adopt
SNR-02BC,USGS:03419200,snap-20260825-adopt
SNR-02BD,USGS:07028960,snap-20260825-adopt
SNR-02BE,USGS:07220100,snap-20260825-adopt
SNR-02BF,USGS:034269424,snap-20260825-adopt
SNR-02BG,USGS:03426874,snap-20260825-adopt
SNR-02BH,USGS:07243550,snap-20260825-adopt
SNR-02BI,USGS:07227420,snap-20260825-adopt
SNR-02BJ,USGS:07030100,snap-20260825-adopt
SNR-02BK,USGS:03499000,snap-20260825-adopt
SNR-02BL,USGS:07061100,snap-20260825-adopt
SNR-02BM,USGS:03469110,snap-20260825-adopt
SNR-02BN,USGS:07061000,snap-20260825-adopt
SNR-02BO,USGS:03602100,snap-20260825-adopt
SNR-02BP,USGS:03498000,snap-20260825-adopt
SNR-02BQ,USGS:07227220,snap-20260825-adopt
SNR-02BR,USGS:07074420,snap-20260825-adopt
SNR-02BS,USGS:03419000,snap-20260825-adopt
SNR-02BT,USGS:07220600,snap-20260825-adopt
SNR-02BU,USGS:07028950,snap-20260825-adopt
SNR-02BV,USGS:03499007,snap-20260825-adopt
SNR-02BW,USGS:07194500,snap-20260825-adopt
SNR-02BX,USGS:03453000,snap-20260825-adopt
SNR-02BY,USGS:07220000,snap-20260825-adopt
SNR-02BZ,USGS:02141500,snap-20260825-adopt
SNR-02C0,USGS:07218525,snap-20260825-adopt
SNR-02C1,USGS:07159720,snap-20260825-adopt
SNR-02C2,USGS:03421500,snap-20260825-adopt
SNR-02C3,USGS:07243000,snap-20260825-adopt
SNR-02C4,USGS:03461200,snap-20260825-adopt
SNR-02C5,USGS:03460795,snap-20260825-adopt
SNR-02C6,USGS:03601990,snap-20260825-adopt
SNR-02C7,USGS:03461230,snap-20260825-adopt
SNR-02C8,USGS:07197360,snap-20260825-adopt
SNR-02C9,USGS:03498500,snap-20260825-adopt
SNR-02CA,USGS:03453500,snap-20260825-adopt
SNR-02CB,USGS:03418900,snap-20260825-adopt
SNR-02CC,USGS:03602000,snap-20260825-adopt
SNR-02CD,USGS:07028935,snap-20260825-adopt
SNR-02CE,USGS:07028940,snap-20260825-adopt
SNR-02CF,USGS:03542000,snap-20260825-adopt
SNR-02CG,USGS:02138500,snap-20260825-adopt
SNR-02CH,USGS:07218475,snap-20260825-adopt
SNR-02CI,USGS:03541500,snap-20260825-adopt
SNR-02CJ,USGS:07055875,snap-20260825-adopt
SNR-02CK,USGS:03538900,snap-20260825-adopt
SNR-02CL,USGS:07221000,snap-20260825-adopt
SNR-02CM,USGS:07228290,snap-20260825-adopt
SNR-02CN,USGS:03461260,snap-20260825-adopt
SNR-02CO,USGS:07165600,snap-20260825-adopt
SNR-02CP,USGS:03469500,snap-20260825-adopt
SNR-02CQ,USGS:03498010,snap-20260825-adopt
SNR-02CR,USGS:07028930,snap-20260825-adopt
SNR-02CS,USGS:03422500,snap-20260825-adopt
SNR-02CT,USGS:07047855,snap-20260825-adopt
SNR-02CU,USGS:03498850,snap-20260825-adopt
SNR-02CV,USGS:07028900,snap-20260825-adopt
SNR-02CW,USGS:07194515,snap-20260825-adopt
SNR-02CX,USGS:03538950,snap-20260825-adopt
SNR-02CY,USGS:03604400,snap-20260825-adopt
SNR-02CZ,USGS:07239300,snap-20260825-adopt
SNR-02D0,USGS:07316410,snap-20260825-adopt
SNR-02D1,USGS:03604500,snap-20260825-adopt
SNR-02D2,USGS:07159810,snap-20260825-adopt
SNR-02D3,USGS:07047860,snap-20260825-adopt
SNR-02D4,USGS:07159750,snap-20260825-adopt
SNR-02D5,USGS:03432504,snap-20260825-adopt
SNR-02D6,USGS:03461000,snap-20260825-adopt
SNR-02D7,USGS:03432472,snap-20260825-adopt
SNR-02D8,USGS:03432470,snap-20260825-adopt
SNR-02D9,USGS:034324715,snap-20260825-adopt
SNR-02DA,USGS:07027800,snap-20260825-adopt
SNR-02DB,USGS:07165550,snap-20260825-adopt
SNR-02DC,USGS:07218720,snap-20260825-adopt
SNR-02DD,USGS:07040450,snap-20260825-adopt
SNR-02DE,USGS:354916090512501,snap-20260825-adopt
SNR-02DF,USGS:07028985,snap-20260825-adopt
SNR-02DG,USGS:03428000,snap-20260825-adopt
SNR-02DH,USGS:07165570,snap-20260825-adopt
SNR-02DI,USGS:034325065,snap-20260825-adopt
SNR-02DJ,USGS:07218700,snap-20260825-adopt
SNR-02DK,USGS:02141245,snap-20260825-adopt
SNR-02DL,USGS:07047975,snap-20260825-adopt
SNR-02DM,USGS:07220900,snap-20260825-adopt
SNR-02DN,USGS:03428043,snap-20260825-adopt
SNR-02DO,USGS:03426800,snap-20260825-adopt
SNR-02DP,USGS:0346378850,snap-20260825-adopt
SNR-02DQ,USGS:07060896,snap-20260825-adopt
SNR-02DR,USGS:03463300,snap-20260825-adopt
SNR-02DS,USGS:03419051,snap-20260825-adopt
SNR-02DT,USGS:03432100,snap-20260825-adopt
SNR-02DU,USGS:02140991,snap-20260825-adopt
SNR-02DV,USGS:07159200,snap-20260825-adopt
SNR-02DW,USGS:07218100,snap-20260825-adopt
SNR-02DX,USGS:03427650,snap-20260825-adopt
SNR-02DY,USGS:07218615,snap-20260825-adopt
SNR-02DZ,USGS:07218680,snap-20260825-adopt
SNR-02E0,USGS:07077655,snap-20260825-adopt
SNR-02E1,USGS:0214183365,snap-20260825-adopt
SNR-02E2,USGS:03432516,snap-20260825-adopt
SNR-02E3,USGS:03453880,snap-20260825-adopt
SNR-02E4,USGS:0214192500,snap-20260825-adopt
SNR-02E5,USGS:07239200,snap-20260825-adopt
SNR-02E6,USGS:07046500,snap-20260825-adopt
SNR-02E7,USGS:07077652,snap-20260825-adopt
SNR-02E8,USGS:07029000,snap-20260825-adopt
SNR-02E9,USGS:03538970,snap-20260825-adopt
SNR-02EA,USGS:07193500,snap-20260825-adopt
SNR-02EB,USGS:07077650,snap-20260825-adopt
SNR-02EC,USGS:03432522,snap-20260825-adopt
SNR-02ED,USGS:07074950,snap-20260825-adopt
SNR-02EE,USGS:03428270,snap-20260825-adopt
SNR-02EF,USGS:03428070,snap-20260825-adopt
SNR-02EG,USGS:07077380,snap-20260825-adopt
SNR-02EH,USGS:07218635,snap-20260825-adopt
SNR-02EI,USGS:03469130,snap-20260825-adopt
SNR-02EJ,USGS:07028000,snap-20260825-adopt
SNR-02EK,USGS:07060670,snap-20260825-adopt
SNR-02EL,USGS:07218655,snap-20260825-adopt
SNR-02EM,USGS:07047823,snap-20260825-adopt
SNR-02EN,USGS:07047820,snap-20260825-adopt
SNR-02EO,USGS:03538130,snap-20260825-adopt
SNR-02EP,USGS:03469175,snap-20260825-adopt
SNR-02EQ,USGS:03469160,snap-20260825-adopt
SNR-02ER,USGS:03428184,snap-20260825-adopt
SNR-02ES,USGS:03469200,snap-20260825-adopt
SNR-02ET,USGS:07074900,snap-20260825-adopt
SNR-02EU,USGS:03602500,snap-20260825-adopt
SNR-02EV,USGS:03601630,snap-20260825-adopt
SNR-02EW,USGS:034277045,snap-20260825-adopt
SNR-02EX,USGS:034991109,snap-20260825-adopt
SNR-02EY,USGS:03432331,snap-20260825-adopt
SNR-02EZ,USGS:03470000,snap-20260825-adopt
SNR-02F0,USGS:07196900,snap-20260825-adopt
SNR-02F1,USGS:03498700,snap-20260825-adopt
SNR-02F2,USGS:03601665,snap-20260825-adopt
SNR-02F3,USGS:03602323,snap-20260825-adopt
SNR-02F4,USGS:034991105,snap-20260825-adopt
SNR-02F5,USGS:03535912,snap-20260825-adopt
SNR-02F6,USGS:035414395,snap-20260825-adopt
SNR-02F7,USGS:03427690,snap-20260825-adopt
SNR-02F8,USGS:07159400,snap-20260825-adopt
SNR-02F9,USGS:07060894,snap-20260825-adopt
SNR-02FA,USGS:07215600,snap-20260825-adopt
SNR-02FB,USGS:0343364415,snap-20260825-adopt
SNR-02FC,USGS:02140980,snap-20260825-adopt
SNR-02FD,USGS:03454500,snap-20260825-adopt
SNR-02FE,USGS:03539000,snap-20260825-adopt
SNR-02FF,USGS:07216500,snap-20260825-adopt
SNR-02FG,USGS:03418500,snap-20260825-adopt
SNR-02FH,USGS:02141890,snap-20260825-adopt
SNR-02FI,USGS:03539100,snap-20260825-adopt
SNR-02FJ,USGS:07028540,snap-20260825-adopt
SNR-02FK,USGS:02140510,snap-20260825-adopt
SNR-02FL,USGS:03432500,snap-20260825-adopt
SNR-02FM,USGS:03428180,snap-20260825-adopt
SNR-02FN,USGS:03604800,snap-20260825-adopt
SNR-02FO,USGS:03538000,snap-20260825-adopt
SNR-02FP,USGS:0343233905,snap-20260825-adopt
SNR-02FQ,USGS:03462000,snap-20260825-adopt
SNR-02FR,USGS:07048940,snap-20260825-adopt
SNR-02FS,USGS:03428200,snap-20260825-adopt
SNR-02FT,USGS:034336392,snap-20260825-adopt
SNR-02FU,USGS:07060892,snap-20260825-adopt
SNR-02FV,USGS:03433641,snap-20260825-adopt
SNR-02FW,USGS:03433640,snap-20260825-adopt
SNR-02FX,USGS:02141150,snap-20260825-adopt
SNR-02FY,USGS:02141190,snap-20260825-adopt
SNR-02FZ,USGS:03499190,snap-20260825-adopt
SNR-02G0,USGS:03463500,snap-20260825-adopt
SNR-02G1,USGS:03538150,snap-20260825-adopt
SNR-02G2,USGS:03420000,snap-20260825-adopt
SNR-02G3,USGS:03462500,snap-20260825-adopt
SNR-02G4,USGS:03537500,snap-20260825-adopt
SNR-02G5,USGS:03463910,snap-20260825-adopt
SNR-02G6,USGS:03433637,snap-20260825-adopt
SNR-02G7,USGS:03419800,snap-20260825-adopt
SNR-02G8,USGS:03537000,snap-20260825-adopt
SNR-02G9,USGS:07028560,snap-20260825-adopt
SNR-02GA,USGS:03499193,snap-20260825-adopt
SNR-02GB,USGS:03537100,snap-20260825-adopt
SNR-02GC,USGS:07218000,snap-20260825-adopt
SNR-02GD,USGS:03537200,snap-20260825-adopt
SNR-02GE,USGS:03427500,snap-20260825-adopt
SNR-02GF,USGS:03537050,snap-20260825-adopt
SNR-02GG,USGS:03463000,snap-20260825-adopt
SNR-02GH,USGS:07214000,snap-20260825-adopt
SNR-02GI,USGS:03536550,snap-20260825-adopt
SNR-02GJ,USGS:03537300,snap-20260825-adopt
SNR-02GK,USGS:03454000,snap-20260825-adopt
SNR-02GL,USGS:03535618,snap-20260825-adopt
SNR-02GM,USGS:07160000,snap-20260825-adopt
SNR-02GN,USGS:03432350,snap-20260825-adopt
SNR-02GO,USGS:07197000,snap-20260825-adopt
SNR-02GP,USGS:03536440,snap-20260825-adopt
SNR-02GQ,USGS:07060661,snap-20260825-adopt
SNR-02GR,USGS:034323531,snap-20260825-adopt
SNR-02GS,USGS:03536450,snap-20260825-adopt
SNR-02GT,USGS:03432371,snap-20260825-adopt
SNR-02GU,USGS:07239050,snap-20260825-adopt
SNR-02GV,USGS:03536380,snap-20260825-adopt
SNR-02GW,USGS:03432550,snap-20260825-adopt
SNR-02GX,USGS:07196500,snap-20260825-adopt
SNR-02GY,USGS:02141130,snap-20260825-adopt
SNR-02GZ,USGS:03539500,snap-20260825-adopt
SNR-02H0,USGS:03536500,snap-20260825-adopt
SNR-02H1,USGS:03419530,snap-20260825-adopt
SNR-02H2,USGS:03432376,snap-20260825-adopt
SNR-02H3,USGS:02141184,snap-20260825-adopt
SNR-02H4,USGS:03427000,snap-20260825-adopt
SNR-02H5,USGS:03469010,snap-20260825-adopt
SNR-02H6,USGS:07024370,snap-20260825-adopt
SNR-02H7,USGS:07192500,snap-20260825-adopt
SNR-02H8,USGS:07028100,snap-20260825-adopt
SNR-02H9,USGS:034971055,snap-20260825-adopt
SNR-02HA,USGS:07046400,snap-20260825-adopt
SNR-02HB,USGS:03603000,snap-20260825-adopt
SNR-02HC,USGS:03536320,snap-20260825-adopt
SNR-02HD,USGS:07028450,snap-20260825-adopt
SNR-02HE,USGS:07055800,snap-20260825-adopt
SNR-02HF,USGS:03419500,snap-20260825-adopt
SNR-02HG,USGS:03428513,snap-20260825-adopt
SNR-02HH,USGS:03535617,snap-20260825-adopt
SNR-02HI,USGS:07228000,snap-20260825-adopt
SNR-02HJ,USGS:07040436,snap-20260825-adopt
SNR-02HK,USGS:0343390105,snap-20260825-adopt
SNR-02HL,USGS:03538270,snap-20260825-adopt
SNR-02HM,USGS:07028600,snap-20260825-adopt
SNR-02HN,USGS:07055790,snap-20260825-adopt
SNR-02HO,USGS:03428515,snap-20260825-adopt
SNR-02HP,USGS:07055646,snap-20260825-adopt
SNR-02HQ,USGS:07060728,snap-20260825-adopt
SNR-02HR,USGS:07056515,snap-20260825-adopt
SNR-02HS,USGS:03428500,snap-20260825-adopt
SNR-02HT,USGS:03538272,snap-20260825-adopt
SNR-02HU,USGS:035382677,snap-20260825-adopt
SNR-02HV,USGS:03499180,snap-20260825-adopt
SNR-02HW,USGS:07077430,snap-20260825-adopt
SNR-02HX,USGS:03538273,snap-20260825-adopt
SNR-02HY,USGS:03432390,snap-20260825-adopt
SNR-02HZ,USGS:03432387,snap-20260825-adopt
SNR-02I0,USGS:035382673,snap-20260825-adopt
SNR-02I1,USGS:035382672,snap-20260825-adopt
SNR-02I2,USGS:03499175,snap-20260825-adopt
SNR-02I3,USGS:07165500,snap-20260825-adopt
SNR-02I4,USGS:07215500,snap-20260825-adopt
SNR-02I5,USGS:02142000,snap-20260825-adopt
SNR-02I6,USGS:07215100,snap-20260825-adopt
SNR-02I7,USGS:07024900,snap-20260825-adopt
SNR-02I8,USGS:07055792,snap-20260825-adopt
SNR-02I9,USGS:03538275,snap-20260825-adopt
SNR-02IA,USGS:07055650,snap-20260825-adopt
SNR-02IB,USGS:03432400,snap-20260825-adopt
SNR-02IC,USGS:03497103,snap-20260825-adopt
SNR-02ID,USGS:07159100,snap-20260825-adopt
SNR-02IE,USGS:03469000,snap-20260825-adopt
SNR-02IF,USGS:07046530,snap-20260825-adopt
SNR-02IG,USGS:07060890,snap-20260825-adopt
SNR-02IH,USGS:03497000,snap-20260825-adopt
SNR-02II,USGS:07196973,snap-20260825-adopt
SNR-02IJ,USGS:07178645,snap-20260825-adopt
SNR-02IK,USGS:03538260,snap-20260825-adopt
SNR-02IL,USGS:07161000,snap-20260825-adopt
SNR-02IM,USGS:03538600,snap-20260825-adopt
SNR-02IN,USGS:034324146,snap-20260825-adopt
SNR-02IO,USGS:03470500,snap-20260825-adopt
SNR-02IP,USGS:07178650,snap-20260825-adopt
SNR-02IQ,USGS:03430400,snap-20260825-adopt
SNR-02IR,USGS:07029050,snap-20260825-adopt
SNR-02IS,USGS:03461500,snap-20260825-adopt
SNR-02IT,USGS:03497041,snap-20260825-adopt
SNR-02IU,USGS:03432670,snap-20260825-adopt
SNR-02IV,USGS:03535400,snap-20260825-adopt
SNR-02IW,USGS:07028700,snap-20260825-adopt
SNR-02IX,USGS:03538250,snap-20260825-adopt
SNR-02IY,USGS:07055893,snap-20260825-adopt
SNR-02IZ,USGS:03603500,snap-20260825-adopt
SNR-02J0,USGS:03538256,snap-20260825-adopt
SNR-02J1,USGS:07047990,snap-20260825-adopt
SNR-02J2,USGS:07029035,snap-20260825-adopt
SNR-02J3,USGS:07214800,snap-20260825-adopt
SNR-02J4,USGS:03429498,snap-20260825-adopt
SNR-02J5,USGS:03538700,snap-20260825-adopt
SNR-02J6,USGS:07214790,snap-20260825-adopt
SNR-02J7,USGS:07028200,snap-20260825-adopt
SNR-02J8,USGS:07056545,snap-20260825-adopt
SNR-02J9,USGS:07196380,snap-20260825-adopt
SNR-02JA,USGS:03496500,snap-20260825-adopt
SNR-02JB,USGS:07195450,snap-20260825-adopt
SNR-02JC,USGS:07057100,snap-20260825-adopt
SNR-02JD,USGS:07055814,snap-20260825-adopt
SNR-02JE,USGS:03535103,snap-20260825-adopt
SNR-02JF,USGS:03535102,snap-20260825-adopt
SNR-02JG,USGS:07226200,snap-20260825-adopt
SNR-02JH,USGS:07028500,snap-20260825-adopt
SNR-02JI,USGS:03455000,snap-20260825-adopt
SNR-02JJ,USGS:07028505,snap-20260825-adopt
SNR-02JK,USGS:07074250,snap-20260825-adopt
SNR-02JL,USGS:07048000,snap-20260825-adopt
SNR-02JM,USGS:07056000,snap-20260825-adopt
SNR-02JN,USGS:03538800,snap-20260825-adopt
SNR-02JO,USGS:03540500,snap-20260825-adopt
SNR-02JP,USGS:07055780,snap-20260825-adopt
SNR-02JQ,USGS:07160810,snap-20260825-adopt
SNR-02JR,USGS:07161450,snap-20260825-adopt
SNR-02JS,USGS:03538231,snap-20260825-adopt
SNR-02JT,USGS:03538230,snap-20260825-adopt
SNR-02JU,USGS:03541300,snap-20260825-adopt
SNR-02JV,USGS:02111000,snap-20260825-adopt
SNR-02JW,USGS:07060710,snap-20260825-adopt
SNR-02JX,USGS:03602219,snap-20260825-adopt
SNR-02JY,USGS:03538235,snap-20260825-adopt
SNR-02JZ,USGS:03423400,snap-20260825-adopt
SNR-02K0,USGS:03539600,snap-20260825-adopt
SNR-02K1,USGS:03429500,snap-20260825-adopt
SNR-02K2,USGS:03538242,snap-20260825-adopt
SNR-02K3,USGS:07024300,snap-20260825-adopt
SNR-02K4,USGS:03538225,snap-20260825-adopt
SNR-02K5,USGS:03429000,snap-20260825-adopt
SNR-02K6,USGS:07047980,snap-20260825-adopt
SNR-02K7,USGS:07164940,snap-20260825-adopt
SNR-02K8,USGS:07074200,snap-20260825-adopt
SNR-02K9,USGS:03541200,snap-20260825-adopt
SNR-02KA,USGS:03538237,snap-20260825-adopt
SNR-02KB,USGS:03430700,snap-20260825-adopt
SNR-02KC,USGS:03538239,snap-20260825-adopt
SNR-02KD,USGS:0214042720,snap-20260825-adopt
SNR-02KE,USGS:03430550,snap-20260825-adopt
SNR-02KF,USGS:03496200,snap-20260825-adopt
SNR-02KG,USGS:03495547,snap-20260825-adopt
SNR-02KH,USGS:03540100,snap-20260825-adopt
SNR-02KI,USGS:07024305,snap-20260825-adopt
SNR-02KJ,USGS:03538240,snap-20260825-adopt
SNR-02KK,USGS:03464000,snap-20260825-adopt
SNR-02KL,USGS:03541100,snap-20260825-adopt
SNR-02KM,USGS:03496000,snap-20260825-adopt
SNR-02KN,USGS:07158150,snap-20260825-adopt
SNR-02KO,USGS:03495500,snap-20260825-adopt
SNR-02KP,USGS:07228280,snap-20260825-adopt
SNR-02KQ,USGS:07165562,snap-20260825-adopt
SNR-02KR,USGS:03432800,snap-20260825-adopt
SNR-02KS,USGS:07165565,snap-20260825-adopt
SNR-02KT,USGS:03605000,snap-20260825-adopt
SNR-02KU,USGS:03535200,snap-20260825-adopt
SNR-02KV,USGS:03430600,snap-20260825-adopt
SNR-02KW,USGS:03538200,snap-20260825-adopt
SNR-02KX,USGS:03495957,snap-20260825-adopt
SNR-02KY,USGS:07055660,snap-20260825-adopt
SNR-02KZ,USGS:03495757,snap-20260825-adopt
SNR-02L0,USGS:07214700,snap-20260825-adopt
SNR-02L1,USGS:07214585,snap-20260825-adopt
SNR-02L2,USGS:03432925,snap-20260825-adopt
SNR-02L3,USGS:07214695,snap-20260825-adopt
SNR-02L4,USGS:03535195,snap-20260825-adopt
SNR-02L5,USGS:03540000,snap-20260825-adopt
SNR-02L6,USGS:07029100,snap-20260825-adopt
SNR-02L7,USGS:07196320,snap-20260825-adopt
SNR-02L8,USGS:03541000,snap-20260825-adopt
SNR-02L9,USGS:03495905,snap-20260825-adopt
SNR-02LA,USGS:07214550,snap-20260825-adopt
SNR-02LB,USGS:07165564,snap-20260825-adopt
SNR-02LC,USGS:03606500,snap-20260825-adopt
SNR-02LD,USGS:07158500,snap-20260825-adopt
SNR-02LE,USGS:07048495,snap-20260825-adopt
SNR-02LF,USGS:03423152,snap-20260825-adopt
SNR-02LG,USGS:07048493,snap-20260825-adopt
SNR-02LH,USGS:03430800,snap-20260825-adopt
SNR-02LI,USGS:03538215,snap-20260825-adopt
SNR-02LJ,USGS:03538845,snap-20260825-adopt
SNR-02LK,USGS:03423500,snap-20260825-adopt
SNR-02LL,USGS:03605078,snap-20260825-adopt
SNR-02LM,USGS:07214600,snap-20260825-adopt
SNR-02LN,USGS:07226300,snap-20260825-adopt
SNR-02LO,USGS:07048490,snap-20260825-adopt
SNR-02LP,USGS:07048780,snap-20260825-adopt
SNR-02LQ,USGS:07056695,snap-20260825-adopt
SNR-02LR,USGS:07158180,snap-20260825-adopt
SNR-02LS,USGS:07048500,snap-20260825-adopt
SNR-02LT,USGS:07050200,snap-20260825-adopt
SNR-02LU,USGS:03605555,snap-20260825-adopt
SNR-02LV,USGS:07164650,snap-20260825-adopt
SNR-02LW,USGS:07048550,snap-20260825-adopt
SNR-02LX,USGS:07029090,snap-20260825-adopt
SNR-02LY,USGS:07194760,snap-20260825-adopt
SNR-02LZ,USGS:03433500,snap-20260825-adopt
SNR-02M0,USGS:03604600,snap-20260825-adopt
SNR-02M1,USGS:360323098322301,snap-20260825-adopt
SNR-02M2,USGS:07048480,snap-20260825-adopt
SNR-02M3,USGS:07073595,snap-20260825-adopt
SNR-02M4,USGS:03605550,snap-20260825-adopt
SNR-02M5,USGS:03535187,snap-20260825-adopt
SNR-02M6,USGS:07055680,snap-20260825-adopt
SNR-02M7,USGS:03494714,snap-20260825-adopt
SNR-02M8,USGS:07160500,snap-20260825-adopt
SNR-02M9,USGS:07025000,snap-20260825-adopt
SNR-02MA,USGS:03538830,snap-20260825-adopt
SNR-02MB,USGS:03604580,snap-20260825-adopt
SNR-02MC,USGS:07024200,snap-20260825-adopt
SNR-02MD,USGS:03466500,snap-20260825-adopt
SNR-02ME,USGS:07056700,snap-20260825-adopt
SNR-02MF,USGS:03538180,snap-20260825-adopt
SNR-02MG,USGS:07227200,snap-20260825-adopt
SNR-02MH,USGS:02111180,snap-20260825-adopt
SNR-02MI,USGS:03431040,snap-20260825-adopt
SNR-02MJ,USGS:07048600,snap-20260825-adopt
SNR-02MK,USGS:07077340,snap-20260825-adopt
SNR-02ML,USGS:03464500,snap-20260825-adopt
SNR-02MM,USGS:07164600,snap-20260825-adopt
SNR-02MN,USGS:07239000,snap-20260825-adopt
SNR-02MO,USGS:03423000,snap-20260825-adopt
SNR-02MP,USGS:03495005,snap-20260825-adopt
SNR-02MQ,USGS:03495405,snap-20260825-adopt
SNR-02MR,USGS:03604595,snap-20260825-adopt
SNR-02MS,USGS:07073500,snap-20260825-adopt
SNR-02MT,USGS:03539800,snap-20260825-adopt
SNR-02MU,USGS:03431000,snap-20260825-adopt
SNR-02MV,USGS:07238500,snap-20260825-adopt
SNR-02MW,USGS:035351830,snap-20260825-adopt
SNR-02MX,USGS:03605400,snap-20260825-adopt
SNR-02MY,USGS:03535160,snap-20260825-adopt
SNR-02MZ,USGS:03470215,snap-20260825-adopt
SNR-02N0,USGS:03461910,snap-20260825-adopt
SNR-02N1,USGS:03431630,snap-20260825-adopt
SNR-02N2,USGS:03539860,snap-20260825-adopt
SNR-02N3,USGS:07194809,snap-20260825-adopt
SNR-02N4,USGS:03434583,snap-20260825-adopt
SNR-02N5,USGS:03605500,snap-20260825-adopt
SNR-02N6,USGS:03424730,snap-20260825-adopt
SNR-02N7,USGS:03602170,snap-20260825-adopt
SNR-02N8,USGS:071948140,snap-20260825-adopt
SNR-02N9,USGS:071948155,snap-20260825-adopt
SNR-02NA,USGS:07194816,snap-20260825-adopt
SNR-02NB,USGS:071948145,snap-20260825-adopt
SNR-02NC,USGS:03431640,snap-20260825-adopt
SNR-02ND,USGS:07163300,snap-20260825-adopt
SNR-02NE,USGS:071948150,snap-20260825-adopt
SNR-02NF,USGS:071948135,snap-20260825-adopt
SNR-02NG,USGS:03538865,snap-20260825-adopt
SNR-02NH,USGS:07163500,snap-20260825-adopt
SNR-02NI,USGS:03431100,snap-20260825-adopt
SNR-02NJ,USGS:03466295,snap-20260825-adopt
SNR-02NK,USGS:03431020,snap-20260825-adopt
SNR-02NL,USGS:03431650,snap-20260825-adopt
SNR-02NM,USGS:360553087352201,snap-20260825-adopt
SNR-02NN,USGS:07162000,snap-20260825-adopt
SNR-02NO,USGS:07073000,snap-20260825-adopt
SNR-02NP,USGS:03535180,snap-20260825-adopt
SNR-02NQ,USGS:03431160,snap-20260825-adopt
SNR-02NR,USGS:03431655,snap-20260825-adopt
SNR-02NS,USGS:07072500,snap-20260825-adopt
SNR-02NT,USGS:07194800,snap-20260825-adopt
SNR-02NU,USGS:07158400,snap-20260825-adopt
SNR-02NV,USGS:03539778,snap-20260825-adopt
SNR-02NW,USGS:03431677,snap-20260825-adopt
SNR-02NX,USGS:07048800,snap-20260825-adopt
SNR-02NY,USGS:03434590,snap-20260825-adopt
SNR-02NZ,USGS:07196090,snap-20260825-adopt
SNR-02O0,USGS:03424500,snap-20260825-adopt
SNR-02O1,USGS:03605200,snap-20260825-adopt
SNR-02O2,USGS:07048700,snap-20260825-adopt
SNR-02O3,USGS:03431660,snap-20260825-adopt
SNR-02O4,USGS:03431679,snap-20260825-adopt
SNR-02O5,USGS:03431120,snap-20260825-adopt
SNR-02O6,USGS:03431680,snap-20260825-adopt
SNR-02O7,USGS:07195430,snap-20260825-adopt
SNR-02O8,USGS:03431240,snap-20260825-adopt
SNR-02O9,USGS:03431242,snap-20260825-adopt
SNR-02OA,USGS:07214500,snap-20260825-adopt
SNR-02OB,USGS:07074000,snap-20260825-adopt
SNR-02OC,USGS:03538500,snap-20260825-adopt
SNR-02OD,USGS:03535140,snap-20260825-adopt
SNR-02OE,USGS:03535000,snap-20260825-adopt
SNR-02OF,USGS:071948215,snap-20260825-adopt
SNR-02OG,USGS:07162500,snap-20260825-adopt
SNR-02OH,USGS:07163000,snap-20260825-adopt
SNR-02OI,USGS:07060500,snap-20260825-adopt
SNR-02OJ,USGS:03431062,snap-20260825-adopt
SNR-02OK,USGS:07057000,snap-20260825-adopt
SNR-02OL,USGS:03431060,snap-20260825-adopt
SNR-02OM,USGS:07024500,snap-20260825-adopt
SNR-02ON,USGS:03467992,snap-20260825-adopt
SNR-02OO,USGS:071948218,snap-20260825-adopt
SNR-02OP,USGS:03431200,snap-20260825-adopt
SNR-02OQ,USGS:03431670,snap-20260825-adopt
SNR-02OR,USGS:03492500,snap-20260825-adopt
SNR-02OS,USGS:03431745,snap-20260825-adopt
SNR-02OT,USGS:03539750,snap-20260825-adopt
SNR-02OU,USGS:03434500,snap-20260825-adopt
SNR-02OV,USGS:03467998,snap-20260825-adopt
SNR-02OW,USGS:071948095,snap-20260825-adopt
SNR-02OX,USGS:03467609,snap-20260825-adopt
SNR-02OY,USGS:03493000,snap-20260825-adopt
SNR-02OZ,USGS:03431300,snap-20260825-adopt
SNR-02P0,USGS:07195500,snap-20260825-adopt
SNR-02P1,USGS:07195495,snap-20260825-adopt
SNR-02P2,USGS:07163020,snap-20260825-adopt
SNR-02P3,USGS:03468050,snap-20260825-adopt
SNR-02P4,USGS:02111391,snap-20260825-adopt
SNR-02P5,USGS:07048890,snap-20260825-adopt
SNR-02P6,USGS:07060600,snap-20260825-adopt
SNR-02P7,USGS:03467993,snap-20260825-adopt
SNR-02P8,USGS:0211139110,snap-20260825-adopt
SNR-02P9,USGS:07026300,snap-20260825-adopt
SNR-02PA,USGS:03431340,snap-20260825-adopt
SNR-02PB,USGS:07164500,snap-20260825-adopt
SNR-02PC,USGS:07164480,snap-20260825-adopt
SNR-02PD,USGS:03466361,snap-20260825-adopt
SNR-02PE,USGS:03431353,snap-20260825-adopt
SNR-02PF,USGS:07195400,snap-20260825-adopt
SNR-02PG,USGS:07160550,snap-20260825-adopt
SNR-02PH,USGS:07237750,snap-20260825-adopt
SNR-02PI,USGS:07178640,snap-20260825-adopt
SNR-02PJ,USGS:07192100,snap-20260825-adopt
SNR-02PK,USGS:03422860,snap-20260825-adopt
SNR-02PL,USGS:07055550,snap-20260825-adopt
SNR-02PM,USGS:03431700,snap-20260825-adopt
SNR-02PN,USGS:03430118,snap-20260825-adopt
SNR-02PO,USGS:03494500,snap-20260825-adopt
SNR-02PP,USGS:03431080,snap-20260825-adopt
SNR-02PQ,USGS:03430100,snap-20260825-adopt
SNR-02PR,USGS:07164000,snap-20260825-adopt
SNR-02PS,USGS:03407804,snap-20260825-adopt
SNR-02PT,USGS:03431500,snap-20260825-adopt
SNR-02PU,USGS:03431083,snap-20260825-adopt
SNR-02PV,USGS:07217100,snap-20260825-adopt
SNR-02PW,USGS:07178600,snap-20260825-adopt
SNR-02PX,USGS:03431091,snap-20260825-adopt
SNR-02PY,USGS:07213700,snap-20260825-adopt
SNR-02PZ,USGS:034315005,snap-20260825-adopt
SNR-02Q0,USGS:03494000,snap-20260825-adopt
SNR-02Q1,USGS:03480500,snap-20260825-adopt
SNR-02Q2,USGS:07040290,snap-20260825-adopt
SNR-02Q3,USGS:07024225,snap-20260825-adopt
SNR-02Q4,USGS:03605700,snap-20260825-adopt
SNR-02Q5,USGS:03480540,snap-20260825-adopt
SNR-02Q6,USGS:07048900,snap-20260825-adopt
SNR-02Q7,USGS:03465000,snap-20260825-adopt
SNR-02Q8,USGS:07195200,snap-20260825-adopt
SNR-02Q9,USGS:03465500,snap-20260825-adopt
SNR-02QA,USGS:07074550,snap-20260825-adopt
SNR-02QB,USGS:03425500,snap-20260825-adopt
SNR-02QC,USGS:03467500,snap-20260825-adopt
SNR-02QD,USGS:03434615,snap-20260825-adopt
SNR-02QE,USGS:07214470,snap-20260825-adopt
SNR-02QF,USGS:03431712,snap-20260825-adopt
SNR-02QG,USGS:07238000,snap-20260825-adopt
SNR-02QH,USGS:03481000,snap-20260825-adopt
SNR-02QI,USGS:03534500,snap-20260825-adopt
SNR-02QJ,USGS:03424860,snap-20260825-adopt
SNR-02QK,USGS:07196000,snap-20260825-adopt
SNR-02QL,USGS:03430200,snap-20260825-adopt
SNR-02QM,USGS:07050285,snap-20260825-adopt
SNR-02QN,USGS:03431514,snap-20260825-adopt
SNR-02QO,USGS:07024760,snap-20260825-adopt
SNR-02QP,USGS:07237800,snap-20260825-adopt
SNR-02QQ,USGS:03424900,snap-20260825-adopt
SNR-02QR,USGS:03430250,snap-20260825-adopt
SNR-02QS,USGS:02111340,snap-20260825-adopt
SNR-02QT,USGS:03430147,snap-20260825-adopt
SNR-02QU,USGS:07177800,snap-20260825-adopt
SNR-02QV,USGS:07194906,snap-20260825-adopt
SNR-02QW,USGS:03494990,snap-20260825-adopt
SNR-02QX,USGS:361145098560401,snap-20260825-adopt
SNR-02QY,USGS:03434616,snap-20260825-adopt
SNR-02QZ,USGS:03538300,snap-20260825-adopt
SNR-02R0,USGS:03466228,snap-20260825-adopt
SNR-02R1,USGS:07049000,snap-20260825-adopt
SNR-02R2,USGS:07196010,snap-20260825-adopt
SNR-02R3,USGS:03467000,snap-20260825-adopt
SNR-02R4,USGS:07195865,snap-20260825-adopt
SNR-02R5,USGS:07233500,snap-20260825-adopt
SNR-02R6,USGS:03407874,snap-20260825-adopt
SNR-02R7,USGS:07178452,snap-20260825-adopt
SNR-02R8,USGS:07069500,snap-20260825-adopt
SNR-02R9,USGS:03466208,snap-20260825-adopt
SNR-02RA,USGS:03431490,snap-20260825-adopt
SNR-02RB,USGS:07178035,snap-20260825-adopt
SNR-02RC,USGS:03465607,snap-20260825-adopt
SNR-02RD,USGS:03407875,snap-20260825-adopt
SNR-02RE,USGS:361240084245800,snap-20260825-adopt
SNR-02RF,USGS:03431600,snap-20260825-adopt
SNR-02RG,USGS:03431610,snap-20260825-adopt
SNR-02RH,USGS:07025100,snap-20260825-adopt
SNR-02RI,USGS:07057250,snap-20260825-adopt
SNR-02RJ,USGS:03466865,snap-20260825-adopt
SNR-02RK,USGS:07177650,snap-20260825-adopt
SNR-02RL,USGS:03533000,snap-20260825-adopt
SNR-02RM,USGS:07195855,snap-20260825-adopt
SNR-02RN,USGS:0347927162,snap-20260825-adopt
SNR-02RO,USGS:03431599,snap-20260825-adopt
SNR-02RP,USGS:03534940,snap-20260825-adopt
SNR-02RQ,USGS:0347927164,snap-20260825-adopt
SNR-02RR,USGS:07178040,snap-20260825-adopt
SNR-02RS,USGS:03534000,snap-20260825-adopt
SNR-02RT,USGS:03425510,snap-20260825-adopt
SNR-02RU,USGS:07195000,snap-20260825-adopt
SNR-02RV,USGS:07055608,snap-20260825-adopt
SNR-02RW,USGS:07178200,snap-20260825-adopt
SNR-02RX,USGS:07057370,snap-20260825-adopt
SNR-02RY,USGS:07177700,snap-20260825-adopt
SNR-02RZ,USGS:361341084253900,snap-20260825-adopt
SNR-02S0,USGS:07191500,snap-20260825-adopt
SNR-02S1,USGS:07191400,snap-20260825-adopt
SNR-02S2,USGS:07055607,snap-20260825-adopt
SNR-02S3,USGS:03431573,snap-20260825-adopt
SNR-02S4,USGS:03607000,snap-20260825-adopt
SNR-02S5,USGS:07049030,snap-20260825-adopt
SNR-02S6,USGS:03425800,snap-20260825-adopt
SNR-02S7,USGS:03431580,snap-20260825-adopt
SNR-02S8,USGS:03431581,snap-20260825-adopt
SNR-02S9,USGS:07055565,snap-20260825-adopt
SNR-02SA,USGS:03431575,snap-20260825-adopt
SNR-02SB,USGS:03431578,snap-20260825-adopt
SNR-02SC,USGS:03466098,snap-20260825-adopt
SNR-02SD,USGS:03430320,snap-20260825-adopt
SNR-02SE,USGS:03484500,snap-20260825-adopt
SNR-02SF,USGS:03467480,snap-20260825-adopt
SNR-02SG,USGS:03492006,snap-20260825-adopt
SNR-02SH,USGS:07046000,snap-20260825-adopt
SNR-02SI,USGS:07044000,snap-20260825-adopt
SNR-02SJ,USGS:07045500,snap-20260825-adopt
SNR-02SK,USGS:07042000,snap-20260825-adopt
SNR-02SL,USGS:07045000,snap-20260825-adopt
SNR-02SM,USGS:07041000,snap-20260825-adopt
SNR-02SN,USGS:07235000,snap-20260825-adopt
SNR-02SO,USGS:03425700,snap-20260825-adopt
SNR-02SP,USGS:03479000,snap-20260825-adopt
SNR-02SQ,USGS:03407876,snap-20260825-adopt
SNR-02SR,USGS:07235700,snap-20260825-adopt
SNR-02SS,USGS:07026040,snap-20260825-adopt
SNR-02ST,USGS:07178580,snap-20260825-adopt
SNR-02SU,USGS:07194933,snap-20260825-adopt
SNR-02SV,USGS:03409000,snap-20260825-adopt
SNR-02SW,USGS:07060001,snap-20260825-adopt
SNR-02SX,USGS:03425000,snap-20260825-adopt
SNR-02SY,USGS:07059998,snap-20260825-adopt
SNR-02SZ,USGS:03466890,snap-20260825-adopt
SNR-02T0,USGS:07178000,snap-20260825-adopt
SNR-02T1,USGS:07060000,snap-20260825-adopt
SNR-02T2,USGS:07177600,snap-20260825-adopt
SNR-02T3,USGS:034350021,snap-20260825-adopt
SNR-02T4,USGS:07024705,snap-20260825-adopt
SNR-02T5,USGS:03431560,snap-20260825-adopt
SNR-02T6,USGS:07026000,snap-20260825-adopt
SNR-02T7,USGS:03425520,snap-20260825-adopt
SNR-02T8,USGS:07194947,snap-20260825-adopt
SNR-02T9,USGS:07069000,snap-20260825-adopt
SNR-02TA,USGS:0343500213,snap-20260825-adopt
SNR-02TB,USGS:07195800,snap-20260825-adopt
SNR-02TC,USGS:07072200,snap-20260825-adopt
SNR-02TD,USGS:03408600,snap-20260825-adopt
SNR-02TE,USGS:07040170,snap-20260825-adopt
SNR-02TF,USGS:03426500,snap-20260825-adopt
SNR-02TG,USGS:03478910,snap-20260825-adopt
SNR-02TH,USGS:03607198,snap-20260825-adopt
SNR-02TI,USGS:03431550,snap-20260825-adopt
SNR-02TJ,USGS:07194890,snap-20260825-adopt
SNR-02TK,USGS:03528390,snap-20260825-adopt
SNR-02TL,USGS:07064070,snap-20260825-adopt
SNR-02TM,USGS:07049050,snap-20260825-adopt
SNR-02TN,USGS:07050228,snap-20260825-adopt
SNR-02TO,USGS:03431790,snap-20260825-adopt
SNR-02TP,USGS:03407877,snap-20260825-adopt
SNR-02TQ,USGS:07217000,snap-20260825-adopt
SNR-02TR,USGS:03418040,snap-20260825-adopt
SNR-02TS,USGS:03431530,snap-20260825-adopt
SNR-02TT,USGS:07158120,snap-20260825-adopt
SNR-02TU,USGS:07177500,snap-20260825-adopt
SNR-02TV,USGS:07178520,snap-20260825-adopt
SNR-02TW,USGS:03486305,snap-20260825-adopt
SNR-02TX,USGS:07192000,snap-20260825-adopt
SNR-02TY,USGS:07194880,snap-20260825-adopt
SNR-02TZ,USGS:07153100,snap-20260825-adopt
SNR-02U0,USGS:03426470,snap-20260825-adopt
SNR-02U1,USGS:07235500,snap-20260825-adopt
SNR-02U2,USGS:03418420,snap-20260825-adopt
SNR-02U3,USGS:03426490,snap-20260825-adopt
SNR-02U4,USGS:03479500,snap-20260825-adopt
SNR-02U5,USGS:07069410,snap-20260825-adopt
SNR-02U6,USGS:07064050,snap-20260825-adopt
SNR-02U7,USGS:07194850,snap-20260825-adopt
SNR-02U8,USGS:03426460,snap-20260825-adopt
SNR-02U9,USGS:03426310,snap-20260825-adopt
SNR-02UA,USGS:07064040,snap-20260825-adopt
SNR-02UB,USGS:07211500,snap-20260825-adopt
SNR-02UC,USGS:03425400,snap-20260825-adopt
SNR-02UD,USGS:03465830,snap-20260825-adopt
SNR-02UE,USGS:07064030,snap-20260825-adopt
SNR-02UF,USGS:03431520,snap-20260825-adopt
SNR-02UG,USGS:03486485,snap-20260825-adopt
SNR-02UH,USGS:07191315,snap-20260825-adopt
SNR-02UI,USGS:07064046,snap-20260825-adopt
SNR-02UJ,USGS:03607274,snap-20260825-adopt
SNR-02UK,USGS:03431517,snap-20260825-adopt
SNR-02UL,USGS:03486200,snap-20260825-adopt
SNR-02UM,USGS:07176000,snap-20260825-adopt
SNR-02UN,USGS:03407881,snap-20260825-adopt
SNR-02UO,USGS:07055000,snap-20260825-adopt
SNR-02UP,USGS:03425045,snap-20260825-adopt
SNR-02UQ,USGS:03480000,snap-20260825-adopt
SNR-02UR,USGS:07064036,snap-20260825-adopt
SNR-02US,USGS:03436690,snap-20260825-adopt
SNR-02UT,USGS:03486311,snap-20260825-adopt
SNR-02UU,USGS:07191322,snap-20260825-adopt
SNR-02UV,USGS:07025225,snap-20260825-adopt
SNR-02UW,USGS:03486312,snap-20260825-adopt
SNR-02UX,USGS:07069305,snap-20260825-adopt
SNR-02UY,USGS:03465800,snap-20260825-adopt
SNR-02UZ,USGS:03434870,snap-20260825-adopt
SNR-02V0,USGS:03434900,snap-20260825-adopt
SNR-02V1,USGS:07064026,snap-20260825-adopt
SNR-02V2,USGS:03486225,snap-20260825-adopt
SNR-02V3,USGS:03407882,snap-20260825-adopt
SNR-02V4,USGS:07159000,snap-20260825-adopt
SNR-02V5,USGS:07057300,snap-20260825-adopt
SNR-02V6,USGS:07069297,snap-20260825-adopt
SNR-02V7,USGS:03605880,snap-20260825-adopt
SNR-02V8,USGS:03431800,snap-20260825-adopt
SNR-02V9,USGS:03436800,snap-20260825-adopt
SNR-02VA,USGS:03486494,snap-20260825-adopt
SNR-02VB,USGS:03466825,snap-20260825-adopt
SNR-02VC,USGS:07191221,snap-20260825-adopt
SNR-02VD,USGS:071912213,snap-20260825-adopt
SNR-02VE,USGS:03486500,snap-20260825-adopt
SNR-02VF,USGS:03435000,snap-20260825-adopt
SNR-02VG,USGS:03425040,snap-20260825-adopt
SNR-02VH,USGS:07064060,snap-20260825-adopt
SNR-02VI,USGS:07225500,snap-20260825-adopt
SNR-02VJ,USGS:03465780,snap-20260825-adopt
SNR-02VK,USGS:03414700,snap-20260825-adopt
SNR-02VL,USGS:07235600,snap-20260825-adopt
SNR-02VM,USGS:07025220,snap-20260825-adopt
SNR-02VN,USGS:07191200,snap-20260825-adopt
SNR-02VO,USGS:03486657,snap-20260825-adopt
SNR-02VP,USGS:07027010,snap-20260825-adopt
SNR-02VQ,USGS:07049500,snap-20260825-adopt
SNR-02VR,USGS:070495625,snap-20260825-adopt
SNR-02VS,USGS:03483000,snap-20260825-adopt
SNR-02VT,USGS:03417700,snap-20260825-adopt
SNR-02VU,USGS:07191220,snap-20260825-adopt
SNR-02VV,USGS:03407908,snap-20260825-adopt
SNR-02VW,USGS:03607232,snap-20260825-adopt
SNR-02VX,USGS:07069290,snap-20260825-adopt
SNR-02VY,USGS:03426385,snap-20260825-adopt
SNR-02VZ,USGS:07068890,snap-20260825-adopt
SNR-02W0,USGS:07152844,snap-20260825-adopt
SNR-02W1,USGS:03491540,snap-20260825-adopt
SNR-02W2,USGS:07049563,snap-20260825-adopt
SNR-02W3,USGS:03486659,snap-20260825-adopt
SNR-02W4,USGS:03418000,snap-20260825-adopt
SNR-02W5,USGS:07191165,snap-20260825-adopt
SNR-02W6,USGS:07191179,snap-20260825-adopt
SNR-02W7,USGS:03482500,snap-20260825-adopt
SNR-02W8,USGS:07054527,snap-20260825-adopt
SNR-02W9,USGS:07153000,snap-20260825-adopt
SNR-02WA,USGS:03484000,snap-20260825-adopt
SNR-02WB,USGS:03485500,snap-20260825-adopt
SNR-02WC,USGS:03528400,snap-20260825-adopt
SNR-02WD,USGS:03408200,snap-20260825-adopt
SNR-02WE,USGS:07072000,snap-20260825-adopt
SNR-02WF,USGS:07152846,snap-20260825-adopt
SNR-02WG,USGS:03486508,snap-20260825-adopt
SNR-02WH,USGS:07027005,snap-20260825-adopt
SNR-02WI,USGS:03436700,snap-20260825-adopt
SNR-02WJ,USGS:07177000,snap-20260825-adopt
SNR-02WK,USGS:03607225,snap-20260825-adopt
SNR-02WL,USGS:03418070,snap-20260825-adopt
SNR-02WM,USGS:07025600,snap-20260825-adopt
SNR-02WN,USGS:07027003,snap-20260825-adopt
SNR-02WO,USGS:07027002,snap-20260825-adopt
SNR-02WP,USGS:07152842,snap-20260825-adopt
SNR-02WQ,USGS:07069295,snap-20260825-adopt
SNR-02WR,USGS:03418188,snap-20260825-adopt
SNR-02WS,USGS:07177410,snap-20260825-adopt
SNR-02WT,USGS:07027000,snap-20260825-adopt
SNR-02WU,USGS:03409400,snap-20260825-adopt
SNR-02WV,USGS:07191222,snap-20260825-adopt
SNR-02WW,USGS:03491490,snap-20260825-adopt
SNR-02WX,USGS:03486000,snap-20260825-adopt
SNR-02WY,USGS:03483200,snap-20260825-adopt
SNR-02WZ,USGS:03418201,snap-20260825-adopt
SNR-02X0,USGS:03486670,snap-20260825-adopt
SNR-02X1,USGS:07059450,snap-20260825-adopt
SNR-02X2,USGS:03426387,snap-20260825-adopt
SNR-02X3,USGS:03160610,snap-20260825-adopt
SNR-02X4,USGS:07211000,snap-20260825-adopt
SNR-02X5,USGS:07054502,snap-20260825-adopt
SNR-02X6,USGS:07053203,snap-20260825-adopt
SNR-02X7,USGS:034350035,snap-20260825-adopt
SNR-02X8,USGS:07191160,snap-20260825-adopt
SNR-02X9,USGS:03409600,snap-20260825-adopt
SNR-02XA,USGS:07054501,snap-20260825-adopt
SNR-02XB,USGS:07050400,snap-20260825-adopt
SNR-02XC,USGS:03486665,snap-20260825-adopt
SNR-02XD,USGS:07077100,snap-20260825-adopt
SNR-02XE,USGS:07068800,snap-20260825-adopt
SNR-02XF,USGS:03426000,snap-20260825-adopt
SNR-02XG,USGS:03491500,snap-20260825-adopt
SNR-02XH,USGS:07059000,snap-20260825-adopt
SNR-02XI,USGS:07208500,snap-20260825-adopt
SNR-02XJ,USGS:07054450,snap-20260825-adopt
SNR-02XK,USGS:07191285,snap-20260825-adopt
SNR-02XL,USGS:07077200,snap-20260825-adopt
SNR-02XM,USGS:07160350,snap-20260825-adopt
SNR-02XN,USGS:07191297,snap-20260825-adopt
SNR-02XO,USGS:03482000,snap-20260825-adopt
SNR-02XP,USGS:07160280,snap-20260825-adopt
SNR-02XQ,USGS:07191288,snap-20260825-adopt
SNR-02XR,USGS:03491544,snap-20260825-adopt
SNR-02XS,USGS:03425646,snap-20260825-adopt
SNR-02XT,USGS:03528300,snap-20260825-adopt
SNR-02XU,USGS:07026795,snap-20260825-adopt
SNR-02XV,USGS:03408815,snap-20260825-adopt
SNR-02XW,USGS:07191300,snap-20260825-adopt
SNR-02XX,USGS:03408000,snap-20260825-adopt
SNR-02XY,USGS:03408500,snap-20260825-adopt
SNR-02XZ,USGS:03409500,snap-20260825-adopt
SNR-02Y0,USGS:07053207,snap-20260825-adopt
SNR-02Y1,USGS:07160300,snap-20260825-adopt
SNR-02Y2,USGS:07152520,snap-20260825-adopt
SNR-02Y3,USGS:07160290,snap-20260825-adopt
SNR-02Y4,USGS:03408810,snap-20260825-adopt
SNR-02Y5,USGS:07171500,snap-20260825-adopt
SNR-02Y6,USGS:03161000,snap-20260825-adopt
SNR-02Y7,USGS:07175550,snap-20260825-adopt
SNR-02Y8,USGS:03415000,snap-20260825-adopt
SNR-02Y9,USGS:03425357,snap-20260825-adopt
SNR-02YA,USGS:07236000,snap-20260825-adopt
SNR-02YB,USGS:07025500,snap-20260825-adopt
SNR-02YC,USGS:03425365,snap-20260825-adopt
SNR-02YD,USGS:03491300,snap-20260825-adopt
SNR-02YE,USGS:07064000,snap-20260825-adopt
SNR-02YF,USGS:07234150,snap-20260825-adopt
SNR-02YG,USGS:07025490,snap-20260825-adopt
SNR-02YH,USGS:03425644,snap-20260825-adopt
SNR-02YI,USGS:07191265,snap-20260825-adopt
SNR-02YJ,USGS:07025400,snap-20260825-adopt
SNR-02YK,USGS:070692657,snap-20260825-adopt
SNR-02YL,USGS:07158020,snap-20260825-adopt
SNR-02YM,USGS:03425290,snap-20260825-adopt
SNR-02YN,USGS:07236050,snap-20260825-adopt
SNR-02YO,USGS:07188804,snap-20260825-adopt
SNR-02YP,USGS:03414500,snap-20260825-adopt
SNR-02YQ,USGS:07025668,snap-20260825-adopt
SNR-02YR,USGS:03431795,snap-20260825-adopt
SNR-02YS,USGS:07171400,snap-20260825-adopt
SNR-02YT,USGS:07049691,snap-20260825-adopt
SNR-02YU,USGS:07191260,snap-20260825-adopt
SNR-02YV,USGS:07058980,snap-20260825-adopt
SNR-02YW,USGS:03425623,snap-20260825-adopt
SNR-02YX,USGS:03528000,snap-20260825-adopt
SNR-02YY,USGS:03491200,snap-20260825-adopt
SNR-02YZ,USGS:03491000,snap-20260825-adopt
SNR-02Z0,USGS:07069250,snap-20260825-adopt
SNR-02Z1,USGS:07050500,snap-20260825-adopt
SNR-02Z2,USGS:03476960,snap-20260825-adopt
SNR-02Z3,USGS:07237500,snap-20260825-adopt
SNR-02Z4,USGS:07190500,snap-20260825-adopt
SNR-02Z5,USGS:07026400,snap-20260825-adopt
SNR-02Z6,USGS:03418224,snap-20260825-adopt
SNR-02Z7,USGS:07026500,snap-20260825-adopt
SNR-02Z8,USGS:03607500,snap-20260825-adopt
SNR-02Z9,USGS:03425622,snap-20260825-adopt
SNR-02ZA,USGS:07188900,snap-20260825-adopt
SNR-02ZB,USGS:03435600,snap-20260825-adopt
SNR-02ZC,USGS:03415700,snap-20260825-adopt
SNR-02ZD,USGS:07054410,snap-20260825-adopt
SNR-02ZE,USGS:07049698,snap-20260825-adopt
SNR-02ZF,USGS:07203600,snap-20260825-adopt
SNR-02ZG,USGS:03425637,snap-20260825-adopt
SNR-02ZH,USGS:07053250,snap-20260825-adopt
SNR-02ZI,USGS:03527800,snap-20260825-adopt
SNR-02ZJ,USGS:07040100,snap-20260825-adopt
SNR-02ZK,USGS:07152290,snap-20260825-adopt
SNR-02ZL,USGS:03162110,snap-20260825-adopt
SNR-02ZM,USGS:07068600,snap-20260825-adopt
SNR-02ZN,USGS:07054400,snap-20260825-adopt
SNR-02ZO,USGS:03403718,snap-20260825-adopt
SNR-02ZP,USGS:362726099230401,snap-20260825-adopt
SNR-02ZQ,USGS:07190100,snap-20260825-adopt
SNR-02ZR,USGS:07068870,snap-20260825-adopt
SNR-02ZS,USGS:07026370,snap-20260825-adopt
SNR-02ZT,USGS:07026690,snap-20260825-adopt
SNR-02ZU,USGS:07190000,snap-20260825-adopt
SNR-02ZV,USGS:03487507,snap-20260825-adopt
SNR-02ZW,USGS:03490500,snap-20260825-adopt
SNR-02ZX,USGS:07050000,snap-20260825-adopt
SNR-02ZY,USGS:07176950,snap-20260825-adopt
SNR-02ZZ,USGS:07069220,snap-20260825-adopt
SNR-0300,USGS:03477000,snap-20260825-adopt
SNR-0301,USGS:03410210,snap-20260825-adopt
SNR-0302,USGS:07158550,snap-20260825-adopt
SNR-0303,USGS:07069267,snap-20260825-adopt
SNR-0304,USGS:07176500,snap-20260825-adopt
SNR-0305,USGS:07204500,snap-20260825-adopt
SNR-0306,USGS:03490522,snap-20260825-adopt
SNR-0307,USGS:03435970,snap-20260825-adopt
SNR-0308,USGS:03436505,snap-20260825-adopt
SNR-0309,USGS:03481600,snap-20260825-adopt
SNR-030A,USGS:03437000,snap-20260825-adopt
SNR-030B,USGS:07234290,snap-20260825-adopt
SNR-030C,USGS:07026680,snap-20260825-adopt
SNR-030D,USGS:07203525,snap-20260825-adopt
SNR-030E,USGS:07069190,snap-20260825-adopt
SNR-030F,USGS:03435010,snap-20260825-adopt
SNR-030G,USGS:03162500,snap-20260825-adopt
SNR-030H,USGS:07152500,snap-20260825-adopt
SNR-030I,USGS:03410000,snap-20260825-adopt
SNR-030J,USGS:03528100,snap-20260825-adopt
SNR-030K,USGS:07175500,snap-20260825-adopt
SNR-030L,USGS:03472515,snap-20260825-adopt
SNR-030M,USGS:03472510,snap-20260825-adopt
SNR-030N,USGS:03162880,snap-20260825-adopt
SNR-030O,USGS:07068863,snap-20260825-adopt
SNR-030P,USGS:03435770,snap-20260825-adopt
SNR-030Q,USGS:07175000,snap-20260825-adopt
SNR-030R,USGS:03436000,snap-20260825-adopt
SNR-030S,USGS:03436138,snap-20260825-adopt
SNR-030T,USGS:03436139,snap-20260825-adopt
SNR-030U,USGS:03490350,snap-20260825-adopt
SNR-030V,USGS:07158000,snap-20260825-adopt
SNR-030W,USGS:07205000,snap-20260825-adopt
SNR-030X,USGS:07207000,snap-20260825-adopt
SNR-030Y,USGS:03478615,snap-20260825-adopt
SNR-030Z,USGS:07206300,snap-20260825-adopt
SNR-0310,USGS:03436500,snap-20260825-adopt
SNR-0311,USGS:03487500,snap-20260825-adopt
SNR-0312,USGS:03476500,snap-20260825-adopt
SNR-0313,USGS:03487501,snap-20260825-adopt
SNR-0314,USGS:07206400,snap-20260825-adopt
SNR-0315,USGS:03435020,snap-20260825-adopt
SNR-0316,USGS:03435739,snap-20260825-adopt
SNR-0317,USGS:03487499,snap-20260825-adopt
SNR-0318,USGS:034351105,snap-20260825-adopt
SNR-0319,USGS:07206000,snap-20260825-adopt
SNR-031A,USGS:07176465,snap-20260825-adopt
SNR-031B,USGS:03161500,snap-20260825-adopt
SNR-031C,USGS:07176800,snap-20260825-adopt
SNR-031D,USGS:03415500,snap-20260825-adopt
SNR-031E,USGS:03436130,snap-20260825-adopt
SNR-031F,USGS:03435930,snap-20260825-adopt
SNR-031G,USGS:03312250,snap-20260825-adopt
SNR-031H,USGS:03417000,snap-20260825-adopt
SNR-031I,USGS:03436082,snap-20260825-adopt
SNR-031J,USGS:03312255,snap-20260825-adopt
SNR-031K,USGS:034351113,snap-20260825-adopt
SNR-031L,USGS:03532000,snap-20260825-adopt
SNR-031M,USGS:03313620,snap-20260825-adopt
SNR-031N,USGS:07233650,snap-20260825-adopt
SNR-031O,USGS:03409700,snap-20260825-adopt
SNR-031P,USGS:03478606,snap-20260825-adopt
SNR-031Q,USGS:03478605,snap-20260825-adopt
SNR-031R,USGS:07189540,snap-20260825-adopt
SNR-031S,USGS:03409710,snap-20260825-adopt
SNR-031T,USGS:07189542,snap-20260825-adopt
SNR-031U,USGS:07188925,snap-20260825-adopt
SNR-031V,USGS:07150580,snap-20260825-adopt
SNR-031W,USGS:07206200,snap-20260825-adopt
SNR-031X,USGS:03312259,snap-20260825-adopt
SNR-031Y,USGS:07204000,snap-20260825-adopt
SNR-031Z,USGS:03417500,snap-20260825-adopt
SNR-0320,USGS:03436100,snap-20260825-adopt
SNR-0321,USGS:07042500,snap-20260825-adopt
SNR-0322,USGS:07232650,snap-20260825-adopt
SNR-0323,USGS:03531680,snap-20260825-adopt
SNR-0324,USGS:03435030,snap-20260825-adopt
SNR-0325,USGS:07206500,snap-20260825-adopt
SNR-0326,USGS:03313600,snap-20260825-adopt
SNR-0327,USGS:03416000,snap-20260825-adopt
SNR-0328,USGS:03487550,snap-20260825-adopt
SNR-0329,USGS:07237000,snap-20260825-adopt
SNR-032A,USGS:03435040,snap-20260825-adopt
SNR-032B,USGS:07191000,snap-20260825-adopt
SNR-032C,USGS:03527620,snap-20260825-adopt
SNR-032D,USGS:07023935,snap-20260825-adopt
SNR-032E,USGS:07232900,snap-20260825-adopt
SNR-032F,USGS:03527220,snap-20260825-adopt
SNR-032G,USGS:07024070,snap-20260825-adopt
SNR-032H,USGS:07207500,snap-20260825-adopt
SNR-032I,USGS:07071750,snap-20260825-adopt
SNR-032J,USGS:07203505,snap-20260825-adopt
SNR-032K,USGS:07050152,snap-20260825-adopt
SNR-032L,USGS:07024175,snap-20260825-adopt
SNR-032M,USGS:07053690,snap-20260825-adopt
SNR-032N,USGS:07188838,snap-20260825-adopt
SNR-032O,USGS:07054300,snap-20260825-adopt
SNR-032P,USGS:03478500,snap-20260825-adopt
SNR-032Q,USGS:363514089134101,snap-20260825-adopt
SNR-032R,USGS:07058500,snap-20260825-adopt
SNR-032S,USGS:03435500,snap-20260825-adopt
SNR-032T,USGS:07234500,snap-20260825-adopt
SNR-032U,USGS:07050150,snap-20260825-adopt
SNR-032V,USGS:03610000,snap-20260825-adopt
SNR-032W,USGS:363537089300001,snap-20260825-adopt
SNR-032X,USGS:07158080,snap-20260825-adopt
SNR-032Y,USGS:07068540,snap-20260825-adopt
SNR-032Z,USGS:07053450,snap-20260825-adopt
SNR-0330,USGS:07053500,snap-20260825-adopt
SNR-0331,USGS:07188885,snap-20260825-adopt
SNR-0332,USGS:03401428,snap-20260825-adopt
SNR-0333,USGS:03163000,snap-20260825-adopt
SNR-0334,USGS:03490000,snap-20260825-adopt
SNR-0335,USGS:07054200,snap-20260825-adopt
SNR-0336,USGS:03436426,snap-20260825-adopt
SNR-0337,USGS:07189500,snap-20260825-adopt
SNR-0338,USGS:03401450,snap-20260825-adopt
SNR-0339,USGS:363653089170701,snap-20260825-adopt
SNR-033A,USGS:07188653,snap-20260825-adopt
SNR-033B,USGS:03436420,snap-20260825-adopt
SNR-033C,USGS:07234050,snap-20260825-adopt
SNR-033D,USGS:07053600,snap-20260825-adopt
SNR-033E,USGS:03162810,snap-20260825-adopt
SNR-033F,USGS:07068000,snap-20260825-adopt
SNR-033G,USGS:03436400,snap-20260825-adopt
SNR-033H,USGS:07189480,snap-20260825-adopt
SNR-033I,USGS:07057500,snap-20260825-adopt
SNR-033J,USGS:07053000,snap-20260825-adopt
SNR-033K,USGS:03410500,snap-20260825-adopt
SNR-033L,USGS:07058000,snap-20260825-adopt
SNR-033M,USGS:03401385,snap-20260825-adopt
SNR-033N,USGS:03472500,snap-20260825-adopt
SNR-033O,USGS:07024000,snap-20260825-adopt
SNR-033P,USGS:07232250,snap-20260825-adopt
SNR-033Q,USGS:03401500,snap-20260825-adopt
SNR-033R,USGS:07189000,snap-20260825-adopt
SNR-033S,USGS:07068510,snap-20260825-adopt
SNR-033T,USGS:03478400,snap-20260825-adopt
SNR-033U,USGS:03162700,snap-20260825-adopt
SNR-033V,USGS:03403910,snap-20260825-adopt
SNR-033W,USGS:03489700,snap-20260825-adopt
SNR-033X,USGS:363816089184001,snap-20260825-adopt
SNR-033Y,USGS:03477500,snap-20260825-adopt
SNR-033Z,USGS:07174700,snap-20260825-adopt
SNR-0340,USGS:03435305,snap-20260825-adopt
SNR-0341,USGS:07233000,snap-20260825-adopt
SNR-0342,USGS:07234100,snap-20260825-adopt
SNR-0343,USGS:03165000,snap-20260825-adopt
SNR-0344,USGS:03489900,snap-20260825-adopt
SNR-0345,USGS:363849089254201,snap-20260825-adopt
SNR-0346,USGS:07052700,snap-20260825-adopt
SNR-0347,USGS:03164000,snap-20260825-adopt
SNR-0348,USGS:07202500,snap-20260825-adopt
SNR-0349,USGS:07071500,snap-20260825-adopt
SNR-034A,USGS:03527000,snap-20260825-adopt
SNR-034B,USGS:03473000,snap-20260825-adopt
SNR-034C,USGS:07053710,snap-20260825-adopt
SNR-034D,USGS:03489850,snap-20260825-adopt
SNR-034E,USGS:363912089224801,snap-20260825-adopt
SNR-034F,USGS:363912089224803,snap-20260825-adopt
SNR-034G,USGS:03489800,snap-20260825-adopt
SNR-034H,USGS:03526990,snap-20260825-adopt
SNR-034I,USGS:07233210,snap-20260825-adopt
SNR-034J,USGS:363935089114401,snap-20260825-adopt
SNR-034K,USGS:07068500,snap-20260825-adopt
SNR-034L,USGS:03531500,snap-20260825-adopt
SNR-034M,USGS:03402020,snap-20260825-adopt
SNR-034N,USGS:07176321,snap-20260825-adopt
SNR-034O,USGS:03402000,snap-20260825-adopt
SNR-034P,USGS:07232550,snap-20260825-adopt
SNR-034Q,USGS:03162800,snap-20260825-adopt
SNR-034R,USGS:07189100,snap-20260825-adopt
SNR-034S,USGS:07151000,snap-20260825-adopt
SNR-034T,USGS:03525500,snap-20260825-adopt
SNR-034U,USGS:03526000,snap-20260825-adopt
SNR-034V,USGS:07071800,snap-20260825-adopt
SNR-034W,USGS:03435105,snap-20260825-adopt
SNR-034X,USGS:03165200,snap-20260825-adopt
SNR-034Y,USGS:07189710,snap-20260825-adopt
SNR-034Z,USGS:03475700,snap-20260825-adopt
SNR-0350,USGS:07022500,snap-20260825-adopt
SNR-0351,USGS:07203000,snap-20260825-adopt
SNR-0352,USGS:07054000,snap-20260825-adopt
SNR-0353,USGS:07189720,snap-20260825-adopt
SNR-0354,USGS:07023500,snap-20260825-adopt
SNR-0355,USGS:02074557,snap-20260825-adopt
SNR-0356,USGS:02074556,snap-20260825-adopt
SNR-0357,USGS:02052000,snap-20260825-adopt
SNR-0358,USGS:0204309906,snap-20260825-adopt
SNR-0359,USGS:03610200,snap-20260825-adopt
SNR-035A,USGS:364133089224401,snap-20260825-adopt
SNR-035B,USGS:07069100,snap-20260825-adopt
SNR-035C,USGS:07189700,snap-20260825-adopt
SNR-035D,USGS:02076000,snap-20260825-adopt
SNR-035E,USGS:07148140,snap-20260825-adopt
SNR-035F,USGS:02046800,snap-20260825-adopt
SNR-035G,USGS:07150870,snap-20260825-adopt
SNR-035H,USGS:364145076245400,snap-20260825-adopt
SNR-035I,USGS:02043210,snap-20260825-adopt
SNR-035J,USGS:03489500,snap-20260825-adopt
SNR-035K,USGS:03410590,snap-20260825-adopt
SNR-035L,USGS:02046900,snap-20260825-adopt
SNR-035M,USGS:07232470,snap-20260825-adopt
SNR-035N,USGS:07054288,snap-20260825-adopt
SNR-035O,USGS:07234250,snap-20260825-adopt
SNR-035P,USGS:07057800,snap-20260825-adopt
SNR-035Q,USGS:364238089115601,snap-20260825-adopt
SNR-035R,USGS:03527500,snap-20260825-adopt
SNR-035S,USGS:03475000,snap-20260825-adopt
SNR-035T,USGS:364259076262300,snap-20260825-adopt
SNR-035U,USGS:02051500,snap-20260825-adopt
SNR-035V,USGS:07053810,snap-20260825-adopt
SNR-035W,USGS:02043120,snap-20260825-adopt
SNR-035X,USGS:07174600,snap-20260825-adopt
SNR-035Y,USGS:364312076211800,snap-20260825-adopt
SNR-035Z,USGS:364314076211900,snap-20260825-adopt
SNR-0360,USGS:02043200,snap-20260825-adopt
SNR-0361,USGS:07232500,snap-20260825-adopt
SNR-0362,USGS:03313700,snap-20260825-adopt
SNR-0363,USGS:364325076011501,snap-20260825-adopt
SNR-0364,USGS:03410600,snap-20260825-adopt
SNR-0365,USGS:03400785,snap-20260825-adopt
SNR-0366,USGS:364336076231400,snap-20260825-adopt
SNR-0367,USGS:364336076231300,snap-20260825-adopt
SNR-0368,USGS:07174720,snap-20260825-adopt
SNR-0369,USGS:02051400,snap-20260825-adopt
SNR-036A,USGS:07053950,snap-20260825-adopt
SNR-036B,USGS:364352076005401,snap-20260825-adopt
SNR-036C,USGS:364355076245000,snap-20260825-adopt
SNR-036D,USGS:07174618,snap-20260825-adopt
SNR-036E,USGS:03531000,snap-20260825-adopt
SNR-036F,USGS:07149850,snap-20260825-adopt
SNR-036G,USGS:07149852,snap-20260825-adopt
SNR-036H,USGS:02067810,snap-20260825-adopt
SNR-036I,USGS:03489870,snap-20260825-adopt
SNR-036J,USGS:02049700,snap-20260825-adopt
SNR-036K,USGS:03472000,snap-20260825-adopt
SNR-036L,USGS:03404000,snap-20260825-adopt
SNR-036M,USGS:364441089211901,snap-20260825-adopt
SNR-036N,USGS:07174500,snap-20260825-adopt
SNR-036O,USGS:07068380,snap-20260825-adopt
SNR-036P,USGS:03402500,snap-20260825-adopt
SNR-036Q,USGS:03475600,snap-20260825-adopt
SNR-036R,USGS:07152410,snap-20260825-adopt
SNR-036S,USGS:03313500,snap-20260825-adopt
SNR-036T,USGS:03400798,snap-20260825-adopt
SNR-036U,USGS:03413425,snap-20260825-adopt
SNR-036V,USGS:07052820,snap-20260825-adopt
SNR-036W,USGS:03400800,snap-20260825-adopt
SNR-036X,USGS:07150500,snap-20260825-adopt
SNR-036Y,USGS:07157980,snap-20260825-adopt
SNR-036Z,USGS:07174400,snap-20260825-adopt
SNR-0370,USGS:02043190,snap-20260825-adopt
SNR-0371,USGS:07174470,snap-20260825-adopt
SNR-0372,USGS:07023700,snap-20260825-adopt
SNR-0373,USGS:07174570,snap-20260825-adopt
SNR-0374,USGS:07063000,snap-20260825-adopt
SNR-0375,USGS:03164500,snap-20260825-adopt
SNR-0376,USGS:03471500,snap-20260825-adopt
SNR-0377,USGS:02049500,snap-20260825-adopt
SNR-0378,USGS:03402900,snap-20260825-adopt
SNR-0379,USGS:03474800,snap-20260825-adopt
SNR-037A,USGS:0204288786,snap-20260825-adopt
SNR-037B,USGS:364558076074401,snap-20260825-adopt
SNR-037C,USGS:07023200,snap-20260825-adopt
SNR-037D,USGS:07153410,snap-20260825-adopt
SNR-037E,USGS:03167700,snap-20260825-adopt
SNR-037F,USGS:07148128,snap-20260825-adopt
SNR-037G,USGS:02072500,snap-20260825-adopt
SNR-037H,USGS:07202000,snap-20260825-adopt
SNR-037I,USGS:02047000,snap-20260825-adopt
SNR-037J,USGS:07157960,snap-20260825-adopt
SNR-037K,USGS:03414102,snap-20260825-adopt
SNR-037L,USGS:02051700,snap-20260825-adopt
SNR-037M,USGS:07155100,snap-20260825-adopt
SNR-037N,USGS:07201500,snap-20260825-adopt
SNR-037O,USGS:02076296,snap-20260825-adopt
SNR-037P,USGS:03471200,snap-20260825-adopt
SNR-037Q,USGS:02076295,snap-20260825-adopt
SNR-037R,USGS:03471100,snap-20260825-adopt
SNR-037S,USGS:02047100,snap-20260825-adopt
SNR-037T,USGS:03530500,snap-20260825-adopt
SNR-037U,USGS:03488500,snap-20260825-adopt
SNR-037V,USGS:03525000,snap-20260825-adopt
SNR-037W,USGS:364634089180501,snap-20260825-adopt
SNR-037X,USGS:364635089145001,snap-20260825-adopt
SNR-037Y,USGS:364635089145003,snap-20260825-adopt
SNR-037Z,USGS:02077000,snap-20260825-adopt
SNR-0380,USGS:07186670,snap-20260825-adopt
SNR-0381,USGS:03438000,snap-20260825-adopt
SNR-0382,USGS:03437390,snap-20260825-adopt
SNR-0383,USGS:02071530,snap-20260825-adopt
SNR-0384,USGS:07054100,snap-20260825-adopt
SNR-0385,USGS:07054080,snap-20260825-adopt
SNR-0386,USGS:03610545,snap-20260825-adopt
SNR-0387,USGS:07068300,snap-20260825-adopt
SNR-0388,USGS:07040000,snap-20260825-adopt
SNR-0389,USGS:02072000,snap-20260825-adopt
SNR-038A,USGS:07063470,snap-20260825-adopt
SNR-038B,USGS:07201450,snap-20260825-adopt
SNR-038C,USGS:03474700,snap-20260825-adopt
SNR-038D,USGS:07063200,snap-20260825-adopt
SNR-038E,USGS:07070500,snap-20260825-adopt
SNR-038F,USGS:07071000,snap-20260825-adopt
SNR-038G,USGS:03414100,snap-20260825-adopt
SNR-038H,USGS:02051190,snap-20260825-adopt
SNR-038I,USGS:07199000,snap-20260825-adopt
SNR-038J,USGS:03313800,snap-20260825-adopt
SNR-038K,USGS:0204306533,snap-20260825-adopt
SNR-038L,USGS:03488450,snap-20260825-adopt
SNR-038M,USGS:03437380,snap-20260825-adopt
SNR-038N,USGS:02051650,snap-20260825-adopt
SNR-038O,USGS:03474500,snap-20260825-adopt
SNR-038P,USGS:364745076004303,snap-20260825-adopt
SNR-038Q,USGS:03413200,snap-20260825-adopt
SNR-038R,USGS:07190600,snap-20260825-adopt
SNR-038S,USGS:03437400,snap-20260825-adopt
SNR-038T,USGS:02049000,snap-20260825-adopt
SNR-038U,USGS:07052500,snap-20260825-adopt
SNR-038V,USGS:07149520,snap-20260825-adopt
SNR-038W,USGS:03474000,snap-20260825-adopt
SNR-038X,USGS:0207635082,snap-20260825-adopt
SNR-038Y,USGS:0207635085,snap-20260825-adopt
SNR-038Z,USGS:03470900,snap-20260825-adopt
SNR-0390,USGS:07200500,snap-20260825-adopt
SNR-0391,USGS:07188855,snap-20260825-adopt
SNR-0392,USGS:07152000,snap-20260825-adopt
SNR-0393,USGS:02051600,snap-20260825-adopt
SNR-0394,USGS:03403000,snap-20260825-adopt
SNR-0395,USGS:07201420,snap-20260825-adopt
SNR-0396,USGS:07148400,snap-20260825-adopt
SNR-0397,USGS:03414170,snap-20260825-adopt
SNR-0398,USGS:03524900,snap-20260825-adopt
SNR-0399,USGS:07149500,snap-20260825-adopt
SNR-039A,USGS:364910089180401,snap-20260825-adopt
SNR-039B,USGS:364912089145201,snap-20260825-adopt
SNR-039C,USGS:364912089144501,snap-20260825-adopt
SNR-039D,USGS:02048500,snap-20260825-adopt
SNR-039E,USGS:07148450,snap-20260825-adopt
SNR-039F,USGS:07234000,snap-20260825-adopt
SNR-039G,USGS:03473800,snap-20260825-adopt
SNR-039H,USGS:03165700,snap-20260825-adopt
SNR-039I,USGS:364939089112101,snap-20260825-adopt
SNR-039J,USGS:07186690,snap-20260825-adopt
SNR-039K,USGS:03165800,snap-20260825-adopt
SNR-039L,USGS:07068250,snap-20260825-adopt
SNR-039M,USGS:03525800,snap-20260825-adopt
SNR-039N,USGS:07201200,snap-20260825-adopt
SNR-039O,USGS:03313020,snap-20260825-adopt
SNR-039P,USGS:03524740,snap-20260825-adopt
SNR-039Q,USGS:07043500,snap-20260825-adopt
SNR-039R,USGS:03165500,snap-20260825-adopt
SNR-039S,USGS:03401040,snap-20260825-adopt
SNR-039T,USGS:03404500,snap-20260825-adopt
SNR-039U,USGS:03167300,snap-20260825-adopt
SNR-039V,USGS:02067000,snap-20260825-adopt
SNR-039W,USGS:03437500,snap-20260825-adopt
SNR-039X,USGS:03315885,snap-20260825-adopt
SNR-039Y,USGS:03411000,snap-20260825-adopt
SNR-039Z,USGS:07188500,snap-20260825-adopt
SNR-03A0,USGS:02076200,snap-20260825-adopt
SNR-03A1,USGS:02066600,snap-20260825-adopt
SNR-03A2,USGS:03400986,snap-20260825-adopt
SNR-03A3,USGS:03401000,snap-20260825-adopt
SNR-03A4,USGS:07153400,snap-20260825-adopt
SNR-03A5,USGS:03400990,snap-20260825-adopt
SNR-03A6,USGS:03610470,snap-20260825-adopt
SNR-03A7,USGS:03413202,snap-20260825-adopt
SNR-03A8,USGS:03403545,snap-20260825-adopt
SNR-03A9,USGS:365056089163601,snap-20260825-adopt
SNR-03AA,USGS:365057089140401,snap-20260825-adopt
SNR-03AB,USGS:365057089121801,snap-20260825-adopt
SNR-03AC,USGS:03437495,snap-20260825-adopt
SNR-03AD,USGS:03437480,snap-20260825-adopt
SNR-03AE,USGS:07171000,snap-20260825-adopt
SNR-03AF,USGS:07157950,snap-20260825-adopt
SNR-03AG,USGS:03312500,snap-20260825-adopt
SNR-03AH,USGS:03488445,snap-20260825-adopt
SNR-03AI,USGS:0204295063,snap-20260825-adopt
SNR-03AJ,USGS:03437490,snap-20260825-adopt
SNR-03AK,USGS:07023040,snap-20260825-adopt
SNR-03AL,USGS:07040040,snap-20260825-adopt
SNR-03AM,USGS:03166000,snap-20260825-adopt
SNR-03AN,USGS:0204288831,snap-20260825-adopt
SNR-03AO,USGS:03403500,snap-20260825-adopt
SNR-03AP,USGS:0204289131,snap-20260825-adopt
SNR-03AQ,USGS:03407200,snap-20260825-adopt
SNR-03AR,USGS:07233850,snap-20260825-adopt
SNR-03AS,USGS:03488100,snap-20260825-adopt
SNR-03AT,USGS:07185080,snap-20260825-adopt
SNR-03AU,USGS:07186900,snap-20260825-adopt
SNR-03AV,USGS:03530000,snap-20260825-adopt
SNR-03AW,USGS:03400700,snap-20260825-adopt
SNR-03AX,USGS:03407100,snap-20260825-adopt
SNR-03AY,USGS:02048000,snap-20260825-adopt
SNR-03AZ,USGS:07152360,snap-20260825-adopt
SNR-03B0,USGS:03529500,snap-20260825-adopt
SNR-03B1,USGS:02071800,snap-20260825-adopt
SNR-03B2,USGS:365216089091101,snap-20260825-adopt
SNR-03B3,USGS:03169200,snap-20260825-adopt
SNR-03B4,USGS:03610500,snap-20260825-adopt
SNR-03B5,USGS:07188140,snap-20260825-adopt
SNR-03B6,USGS:03435140,snap-20260825-adopt
SNR-03B7,USGS:07185100,snap-20260825-adopt
SNR-03B8,USGS:07155510,snap-20260825-adopt
SNR-03B9,USGS:07157550,snap-20260825-adopt
SNR-03BA,USGS:0204288771,snap-20260825-adopt
SNR-03BB,USGS:03437370,snap-20260825-adopt
SNR-03BC,USGS:365242089110501,snap-20260825-adopt
SNR-03BD,USGS:03524550,snap-20260825-adopt
SNR-03BE,USGS:07171120,snap-20260825-adopt
SNR-03BF,USGS:0207631009,snap-20260825-adopt
SNR-03BG,USGS:07154400,snap-20260825-adopt
SNR-03BH,USGS:0204289402,snap-20260825-adopt
SNR-03BI,USGS:03414000,snap-20260825-adopt
SNR-03BJ,USGS:03414002,snap-20260825-adopt
SNR-03BK,USGS:07174310,snap-20260825-adopt
SNR-03BL,USGS:365307076055301,snap-20260825-adopt
SNR-03BM,USGS:03407300,snap-20260825-adopt
SNR-03BN,USGS:0207630985,snap-20260825-adopt
SNR-03BO,USGS:03473600,snap-20260825-adopt
SNR-03BP,USGS:03414078,snap-20260825-adopt
SNR-03BQ,USGS:03473500,snap-20260825-adopt
SNR-03BR,USGS:03167500,snap-20260825-adopt
SNR-03BS,USGS:365321089082901,snap-20260825-adopt
SNR-03BT,USGS:07068200,snap-20260825-adopt
SNR-03BU,USGS:03312900,snap-20260825-adopt
SNR-03BV,USGS:03313000,snap-20260825-adopt
SNR-03BW,USGS:07174200,snap-20260825-adopt
SNR-03BX,USGS:03314000,snap-20260825-adopt
SNR-03BY,USGS:03488000,snap-20260825-adopt
SNR-03BZ,USGS:02058000,snap-20260825-adopt
SNR-03C0,USGS:07154650,snap-20260825-adopt
SNR-03C1,USGS:07054047,snap-20260825-adopt
SNR-03C2,USGS:07185095,snap-20260825-adopt
SNR-03C3,USGS:02045500,snap-20260825-adopt
SNR-03C4,USGS:02045320,snap-20260825-adopt
SNR-03C5,USGS:07200000,snap-20260825-adopt
SNR-03C6,USGS:07201000,snap-20260825-adopt
SNR-03C7,USGS:02047783,snap-20260825-adopt
SNR-03C8,USGS:03523000,snap-20260825-adopt
SNR-03C9,USGS:365438089072901,snap-20260825-adopt
SNR-03CA,USGS:03610503,snap-20260825-adopt
SNR-03CB,USGS:365441089092401,snap-20260825-adopt
SNR-03CC,USGS:07155000,snap-20260825-adopt
SNR-03CD,USGS:365451089124501,snap-20260825-adopt
SNR-03CE,USGS:365452089105201,snap-20260825-adopt
SNR-03CF,USGS:02066000,snap-20260825-adopt
SNR-03CG,USGS:02045200,snap-20260825-adopt
SNR-03CH,USGS:07155500,snap-20260825-adopt
SNR-03CI,USGS:02046500,snap-20260825-adopt
SNR-03CJ,USGS:07185030,snap-20260825-adopt
SNR-03CK,USGS:07199650,snap-20260825-adopt
SNR-03CL,USGS:0204289989,snap-20260825-adopt
SNR-03CM,USGS:02048400,snap-20260825-adopt
SNR-03CN,USGS:07154500,snap-20260825-adopt
SNR-03CO,USGS:07173000,snap-20260825-adopt
SNR-03CP,USGS:365538089080001,snap-20260825-adopt
SNR-03CQ,USGS:07039500,snap-20260825-adopt
SNR-03CR,USGS:07185000,snap-20260825-adopt
SNR-03CS,USGS:03524500,snap-20260825-adopt
SNR-03CT,USGS:03403538,snap-20260825-adopt
SNR-03CU,USGS:02066500,snap-20260825-adopt
SNR-03CV,USGS:07199600,snap-20260825-adopt
SNR-03CW,USGS:03166900,snap-20260825-adopt
SNR-03CX,USGS:03166800,snap-20260825-adopt
SNR-03CY,USGS:365553089085601,snap-20260825-adopt
SNR-03CZ,USGS:07188007,snap-20260825-adopt
SNR-03D0,USGS:365559089065501,snap-20260825-adopt
SNR-03D1,USGS:07070200,snap-20260825-adopt
SNR-03D2,USGS:03413000,snap-20260825-adopt
SNR-03D3,USGS:02076400,snap-20260825-adopt
SNR-03D4,USGS:07188005,snap-20260825-adopt
SNR-03D5,USGS:03166880,snap-20260825-adopt
SNR-03D6,USGS:07188000,snap-20260825-adopt
SNR-03D7,USGS:07154000,snap-20260825-adopt
SNR-03D8,USGS:365610089065601,snap-20260825-adopt
SNR-03D9,USGS:02076500,snap-20260825-adopt
SNR-03DA,USGS:03168000,snap-20260825-adopt
SNR-03DB,USGS:07052370,snap-20260825-adopt
SNR-03DC,USGS:03167000,snap-20260825-adopt
SNR-03DD,USGS:365625089101701,snap-20260825-adopt
SNR-03DE,USGS:365637089070601,snap-20260825-adopt
SNR-03DF,USGS:07185090,snap-20260825-adopt
SNR-03DG,USGS:02076700,snap-20260825-adopt
SNR-03DH,USGS:03404867,snap-20260825-adopt
SNR-03DI,USGS:03524000,snap-20260825-adopt
SNR-03DJ,USGS:02058400,snap-20260825-adopt
SNR-03DK,USGS:02045000,snap-20260825-adopt
SNR-03DL,USGS:02046200,snap-20260825-adopt
SNR-03DM,USGS:07067500,snap-20260825-adopt
SNR-03DN,USGS:03404900,snap-20260825-adopt
SNR-03DO,USGS:07043000,snap-20260825-adopt
SNR-03DP,USGS:07023000,snap-20260825-adopt
SNR-03DQ,USGS:03314670,snap-20260825-adopt
SNR-03DR,USGS:07202400,snap-20260825-adopt
SNR-03DS,USGS:365734089084501,snap-20260825-adopt
SNR-03DT,USGS:03438120,snap-20260825-adopt
SNR-03DU,USGS:03487850,snap-20260825-adopt
SNR-03DV,USGS:07148350,snap-20260825-adopt
SNR-03DW,USGS:03487800,snap-20260825-adopt
SNR-03DX,USGS:365745089090401,snap-20260825-adopt
SNR-03DY,USGS:365751089080301,snap-20260825-adopt
SNR-03DZ,USGS:365751089080101,snap-20260825-adopt
SNR-03E0,USGS:365757089090901,snap-20260825-adopt
SNR-03E1,USGS:365757089085401,snap-20260825-adopt
SNR-03E2,USGS:365758089092301,snap-20260825-adopt
SNR-03E3,USGS:03487900,snap-20260825-adopt
SNR-03E4,USGS:03405000,snap-20260825-adopt
SNR-03E5,USGS:03404820,snap-20260825-adopt
SNR-03E6,USGS:07070000,snap-20260825-adopt
SNR-03E7,USGS:07174000,snap-20260825-adopt
SNR-03E8,USGS:07062575,snap-20260825-adopt
SNR-03E9,USGS:03400500,snap-20260825-adopt
SNR-03EA,USGS:03307500,snap-20260825-adopt
SNR-03EB,USGS:07052345,snap-20260825-adopt
SNR-03EC,USGS:07157000,snap-20260825-adopt
SNR-03ED,USGS:07157580,snap-20260825-adopt
SNR-03EE,USGS:02065200,snap-20260825-adopt
SNR-03EF,USGS:03438070,snap-20260825-adopt
SNR-03EG,USGS:02044500,snap-20260825-adopt
SNR-03EH,USGS:02058500,snap-20260825-adopt
SNR-03EI,USGS:07153500,snap-20260825-adopt
SNR-03EJ,USGS:03523500,snap-20260825-adopt
SNR-03EK,USGS:03438190,snap-20260825-adopt
SNR-03EL,USGS:03411500,snap-20260825-adopt
SNR-03EM,USGS:07067000,snap-20260825-adopt
SNR-03EN,USGS:03314675,snap-20260825-adopt
SNR-03EO,USGS:03610820,snap-20260825-adopt
SNR-03EP,USGS:07186950,snap-20260825-adopt
SNR-03EQ,USGS:03169500,snap-20260825-adopt
SNR-03ER,USGS:02051000,snap-20260825-adopt
SNR-03ES,USGS:03400000,snap-20260825-adopt
SNR-03ET,USGS:03314500,snap-20260825-adopt
SNR-03EU,USGS:07172000,snap-20260825-adopt
SNR-03EV,USGS:03316000,snap-20260825-adopt
SNR-03EW,USGS:07170990,snap-20260825-adopt
SNR-03EX,USGS:07052250,snap-20260825-adopt
SNR-03EY,USGS:02057700,snap-20260825-adopt
SNR-03EZ,USGS:370033100534202,snap-20260825-adopt
SNR-03F0,USGS:370033100534204,snap-20260825-adopt
SNR-03F1,USGS:03407000,snap-20260825-adopt
SNR-03F2,USGS:03312795,snap-20260825-adopt
SNR-03F3,USGS:03314750,snap-20260825-adopt
SNR-03F4,USGS:07156900,snap-20260825-adopt
SNR-03F5,USGS:02065100,snap-20260825-adopt
SNR-03F6,USGS:02059000,snap-20260825-adopt
SNR-03F7,USGS:0167889257,snap-20260825-adopt
SNR-03F8,USGS:03609500,snap-20260825-adopt
SNR-03F9,USGS:07187000,snap-20260825-adopt
SNR-03FA,USGS:03438220,snap-20260825-adopt
SNR-03FB,USGS:07187600,snap-20260825-adopt
SNR-03FC,USGS:370130101180902,snap-20260825-adopt
SNR-03FD,USGS:370130101180903,snap-20260825-adopt
SNR-03FE,USGS:02047500,snap-20260825-adopt
SNR-03FF,USGS:07157740,snap-20260825-adopt
SNR-03FG,USGS:03307670,snap-20260825-adopt
SNR-03FH,USGS:07157940,snap-20260825-adopt
SNR-03FI,USGS:07157500,snap-20260825-adopt
SNR-03FJ,USGS:02057500,snap-20260825-adopt
SNR-03FK,USGS:02044200,snap-20260825-adopt
SNR-03FL,USGS:03312765,snap-20260825-adopt
SNR-03FM,USGS:07187500,snap-20260825-adopt
SNR-03FN,USGS:07146500,snap-20260825-adopt
SNR-03FO,USGS:03170000,snap-20260825-adopt
SNR-03FP,USGS:0167891721,snap-20260825-adopt
SNR-03FQ,USGS:03522000,snap-20260825-adopt
SNR-03FR,USGS:07149000,snap-20260825-adopt
SNR-03FS,USGS:02062500,snap-20260825-adopt
SNR-03FT,USGS:03611260,snap-20260825-adopt
SNR-03FU,USGS:02057000,snap-20260825-adopt
SNR-03FV,USGS:02056900,snap-20260825-adopt
SNR-03FW,USGS:03169350,snap-20260825-adopt
SNR-03FX,USGS:07066800,snap-20260825-adopt
SNR-03FY,USGS:03168500,snap-20260825-adopt
SNR-03FZ,USGS:07148111,snap-20260825-adopt
SNR-03G0,USGS:02050500,snap-20260825-adopt
SNR-03G1,USGS:0205696042,snap-20260825-adopt
SNR-03G2,USGS:0205696095,snap-20260825-adopt
SNR-03G3,USGS:07147900,snap-20260825-adopt
SNR-03G4,USGS:07065200,snap-20260825-adopt
SNR-03G5,USGS:07062500,snap-20260825-adopt
SNR-03G6,USGS:03306640,snap-20260825-adopt
SNR-03G7,USGS:02046000,snap-20260825-adopt
SNR-03G8,USGS:02046400,snap-20260825-adopt
SNR-03G9,USGS:03168600,snap-20260825-adopt
SNR-03GA,USGS:07050800,snap-20260825-adopt
SNR-03GB,USGS:02050400,snap-20260825-adopt
SNR-03GC,USGS:03305725,snap-20260825-adopt
SNR-03GD,USGS:03208036,snap-20260825-adopt
SNR-03GE,USGS:03613000,snap-20260825-adopt
SNR-03GF,USGS:02044000,snap-20260825-adopt
SNR-03GG,USGS:03208040,snap-20260825-adopt
SNR-03GH,USGS:03208034,snap-20260825-adopt
SNR-03GI,USGS:02065500,snap-20260825-adopt
SNR-03GJ,USGS:02044400,snap-20260825-adopt
SNR-03GK,USGS:02065000,snap-20260825-adopt
SNR-03GL,USGS:03315000,snap-20260825-adopt
SNR-03GM,USGS:03521500,snap-20260825-adopt
SNR-03GN,USGS:07065160,snap-20260825-adopt
SNR-03GO,USGS:03521000,snap-20260825-adopt
SNR-03GP,USGS:03611000,snap-20260825-adopt
SNR-03GQ,USGS:03611800,snap-20260825-adopt
SNR-03GR,USGS:07051500,snap-20260825-adopt
SNR-03GS,USGS:03168750,snap-20260825-adopt
SNR-03GT,USGS:03520981,snap-20260825-adopt
SNR-03GU,USGS:03520980,snap-20260825-adopt
SNR-03GV,USGS:02053730,snap-20260825-adopt
SNR-03GW,USGS:03520968,snap-20260825-adopt
SNR-03GX,USGS:03520967,snap-20260825-adopt
SNR-03GY,USGS:0204279294,snap-20260825-adopt
SNR-03GZ,USGS:07184600,snap-20260825-adopt
SNR-03H0,USGS:06928700,snap-20260825-adopt
SNR-03H1,USGS:02060500,snap-20260825-adopt
SNR-03H2,USGS:07171800,snap-20260825-adopt
SNR-03H3,USGS:07021020,snap-20260825-adopt
SNR-03H4,USGS:07171900,snap-20260825-adopt
SNR-03H5,USGS:07171600,snap-20260825-adopt
SNR-03H6,USGS:07186500,snap-20260825-adopt
SNR-03H7,USGS:07171700,snap-20260825-adopt
SNR-03H8,USGS:03277400,snap-20260825-adopt
SNR-03H9,USGS:06927600,snap-20260825-adopt
SNR-03HA,USGS:07124300,snap-20260825-adopt
SNR-03HB,USGS:03412500,snap-20260825-adopt
SNR-03HC,USGS:03277300,snap-20260825-adopt
SNR-03HD,USGS:07052160,snap-20260825-adopt
SNR-03HE,USGS:07173300,snap-20260825-adopt
SNR-03HF,USGS:06918444,snap-20260825-adopt
SNR-03HG,USGS:06918400,snap-20260825-adopt
SNR-03HH,USGS:07186600,snap-20260825-adopt
SNR-03HI,USGS:07155590,snap-20260825-adopt
SNR-03HJ,USGS:03208850,snap-20260825-adopt
SNR-03HK,USGS:03320500,snap-20260825-adopt
SNR-03HL,USGS:03316275,snap-20260825-adopt
SNR-03HM,USGS:03171800,snap-20260825-adopt
SNR-03HN,USGS:07124120,snap-20260825-adopt
SNR-03HO,USGS:03208800,snap-20260825-adopt
SNR-03HP,USGS:03208950,snap-20260825-adopt
SNR-03HQ,USGS:03307000,snap-20260825-adopt
SNR-03HR,USGS:03208700,snap-20260825-adopt
SNR-03HS,USGS:02064000,snap-20260825-adopt
SNR-03HT,USGS:07151500,snap-20260825-adopt
SNR-03HU,USGS:07124200,snap-20260825-adopt
SNR-03HV,USGS:02064500,snap-20260825-adopt
SNR-03HW,USGS:07062050,snap-20260825-adopt
SNR-03HX,USGS:07124100,snap-20260825-adopt
SNR-03HY,USGS:03171150,snap-20260825-adopt
SNR-03HZ,USGS:03412000,snap-20260825-adopt
SNR-03I0,USGS:03614000,snap-20260825-adopt
SNR-03I1,USGS:03280600,snap-20260825-adopt
SNR-03I2,USGS:03611900,snap-20260825-adopt
SNR-03I3,USGS:03277290,snap-20260825-adopt
SNR-03I4,USGS:02053800,snap-20260825-adopt
SNR-03I5,USGS:07186400,snap-20260825-adopt
SNR-03I6,USGS:03171000,snap-20260825-adopt
SNR-03I7,USGS:03382975,snap-20260825-adopt
SNR-03I8,USGS:07124410,snap-20260825-adopt
SNR-03I9,USGS:03611850,snap-20260825-adopt
SNR-03IA,USGS:07124220,snap-20260825-adopt
SNR-03IB,USGS:03280612,snap-20260825-adopt
SNR-03IC,USGS:07021000,snap-20260825-adopt
SNR-03ID,USGS:07052150,snap-20260825-adopt
SNR-03IE,USGS:07052152,snap-20260825-adopt
SNR-03IF,USGS:07065950,snap-20260825-adopt
SNR-03IG,USGS:03611500,snap-20260825-adopt
SNR-03IH,USGS:07065495,snap-20260825-adopt
SNR-03II,USGS:07156800,snap-20260825-adopt
SNR-03IJ,USGS:03438500,snap-20260825-adopt
SNR-03IK,USGS:07050700,snap-20260825-adopt
SNR-03IL,USGS:07185700,snap-20260825-adopt
SNR-03IM,USGS:03281100,snap-20260825-adopt
SNR-03IN,USGS:07124050,snap-20260825-adopt
SNR-03IO,USGS:03175100,snap-20260825-adopt
SNR-03IP,USGS:07124350,snap-20260825-adopt
SNR-03IQ,USGS:07052120,snap-20260825-adopt
SNR-03IR,USGS:07065500,snap-20260825-adopt
SNR-03IS,USGS:07066000,snap-20260825-adopt
SNR-03IT,USGS:03311600,snap-20260825-adopt
SNR-03IU,USGS:07186480,snap-20260825-adopt
SNR-03IV,USGS:02060000,snap-20260825-adopt
SNR-03IW,USGS:03399800,snap-20260825-adopt
SNR-03IX,USGS:07124700,snap-20260825-adopt
SNR-03IY,USGS:07186475,snap-20260825-adopt
SNR-03IZ,USGS:03406000,snap-20260825-adopt
SNR-03J0,USGS:07184300,snap-20260825-adopt
SNR-03J1,USGS:03208100,snap-20260825-adopt
SNR-03J2,USGS:03208900,snap-20260825-adopt
SNR-03J3,USGS:0205373422,snap-20260825-adopt
SNR-03J4,USGS:03280700,snap-20260825-adopt
SNR-03J5,USGS:07066550,snap-20260825-adopt
SNR-03J6,USGS:0204279245,snap-20260825-adopt
SNR-03J7,USGS:03307100,snap-20260825-adopt
SNR-03J8,USGS:03209310,snap-20260825-adopt
SNR-03J9,USGS:07052100,snap-20260825-adopt
SNR-03JA,USGS:07124500,snap-20260825-adopt
SNR-03JB,USGS:371016082381001,snap-20260825-adopt
SNR-03JC,USGS:03406500,snap-20260825-adopt
SNR-03JD,USGS:0205373228,snap-20260825-adopt
SNR-03JE,USGS:02059500,snap-20260825-adopt
SNR-03JF,USGS:02042250,snap-20260825-adopt
SNR-03JG,USGS:03280728,snap-20260825-adopt
SNR-03JH,USGS:07050690,snap-20260825-adopt
SNR-03JI,USGS:03281040,snap-20260825-adopt
SNR-03JJ,USGS:03612600,snap-20260825-adopt
SNR-03JK,USGS:07173500,snap-20260825-adopt
SNR-03JL,USGS:03309000,snap-20260825-adopt
SNR-03JM,USGS:03315500,snap-20260825-adopt
SNR-03JN,USGS:07066500,snap-20260825-adopt
SNR-03JO,USGS:03175140,snap-20260825-adopt
SNR-03JP,USGS:07125500,snap-20260825-adopt
SNR-03JQ,USGS:02062000,snap-20260825-adopt
SNR-03JR,USGS:07066510,snap-20260825-adopt
SNR-03JS,USGS:07037700,snap-20260825-adopt
SNR-03JT,USGS:07050680,snap-20260825-adopt
SNR-03JU,USGS:07052000,snap-20260825-adopt
SNR-03JV,USGS:0205373035,snap-20260825-adopt
SNR-03JW,USGS:07185600,snap-20260825-adopt
SNR-03JX,USGS:03209325,snap-20260825-adopt
SNR-03JY,USGS:07126000,snap-20260825-adopt
SNR-03JZ,USGS:07185765,snap-20260825-adopt
SNR-03K0,USGS:07038000,snap-20260825-adopt
SNR-03K1,USGS:07155900,snap-20260825-adopt
SNR-03K2,USGS:0205373075,snap-20260825-adopt
SNR-03K3,USGS:05599800,snap-20260825-adopt
SNR-03K4,USGS:07185500,snap-20260825-adopt
SNR-03K5,USGS:07157700,snap-20260825-adopt
SNR-03K6,USGS:07184500,snap-20260825-adopt
SNR-03K7,USGS:07170800,snap-20260825-adopt
SNR-03K8,USGS:07037500,snap-20260825-adopt
SNR-03K9,USGS:371144082383401,snap-20260825-adopt
SNR-03KA,USGS:06928850,snap-20260825-adopt
SNR-03KB,USGS:03311513,snap-20260825-adopt
SNR-03KC,USGS:07125100,snap-20260825-adopt
SNR-03KD,USGS:03612500,snap-20260825-adopt
SNR-03KE,USGS:03311505,snap-20260825-adopt
SNR-03KF,USGS:07050580,snap-20260825-adopt
SNR-03KG,USGS:07052050,snap-20260825-adopt
SNR-03KH,USGS:03311500,snap-20260825-adopt
SNR-03KI,USGS:03208500,snap-20260825-adopt
SNR-03KJ,USGS:02061500,snap-20260825-adopt
SNR-03KK,USGS:03277437,snap-20260825-adopt
SNR-03KL,USGS:07124210,snap-20260825-adopt
SNR-03KM,USGS:03407500,snap-20260825-adopt
SNR-03KN,USGS:0204278995,snap-20260825-adopt
SNR-03KO,USGS:03315850,snap-20260825-adopt
SNR-03KP,USGS:03207400,snap-20260825-adopt
SNR-03KQ,USGS:03612200,snap-20260825-adopt
SNR-03KR,USGS:07022000,snap-20260825-adopt
SNR-03KS,USGS:07170500,snap-20260825-adopt
SNR-03KT,USGS:03383000,snap-20260825-adopt
SNR-03KU,USGS:07147800,snap-20260825-adopt
SNR-03KV,USGS:07020965,snap-20260825-adopt
SNR-03KW,USGS:02041650,snap-20260825-adopt
SNR-03KX,USGS:07184240,snap-20260825-adopt
SNR-03KY,USGS:02041500,snap-20260825-adopt
SNR-03KZ,USGS:03321000,snap-20260825-adopt
SNR-03L0,USGS:07148100,snap-20260825-adopt
SNR-03L1,USGS:02056650,snap-20260825-adopt
SNR-03L2,USGS:03277446,snap-20260825-adopt
SNR-03L3,USGS:07184070,snap-20260825-adopt
SNR-03L4,USGS:07064500,snap-20260825-adopt
SNR-03L5,USGS:03277450,snap-20260825-adopt
SNR-03L6,USGS:0205450495,snap-20260825-adopt
SNR-03L7,USGS:0205450393,snap-20260825-adopt
SNR-03L8,USGS:0320728002,snap-20260825-adopt
SNR-03L9,USGS:02054500,snap-20260825-adopt
SNR-03LA,USGS:03209000,snap-20260825-adopt
SNR-03LB,USGS:07184220,snap-20260825-adopt
SNR-03LC,USGS:03306000,snap-20260825-adopt
SNR-03LD,USGS:03172500,snap-20260825-adopt
SNR-03LE,USGS:02063500,snap-20260825-adopt
SNR-03LF,USGS:06927590,snap-20260825-adopt
SNR-03LG,USGS:07186000,snap-20260825-adopt
SNR-03LH,USGS:03209200,snap-20260825-adopt
SNR-03LI,USGS:03277500,snap-20260825-adopt
SNR-03LJ,USGS:02054510,snap-20260825-adopt
SNR-03LK,USGS:07061900,snap-20260825-adopt
SNR-03LL,USGS:07050545,snap-20260825-adopt
SNR-03LM,USGS:03305990,snap-20260825-adopt
SNR-03LN,USGS:07125000,snap-20260825-adopt
SNR-03LO,USGS:07145700,snap-20260825-adopt
SNR-03LP,USGS:371507079595300,snap-20260825-adopt
SNR-03LQ,USGS:03383605,snap-20260825-adopt
SNR-03LR,USGS:0205494935,snap-20260825-adopt
SNR-03LS,USGS:02055010,snap-20260825-adopt
SNR-03LT,USGS:07151600,snap-20260825-adopt
SNR-03LU,USGS:03306500,snap-20260825-adopt
SNR-03LV,USGS:02056000,snap-20260825-adopt
SNR-03LW,USGS:03277630,snap-20260825-adopt
SNR-03LX,USGS:03177700,snap-20260825-adopt
SNR-03LY,USGS:02039000,snap-20260825-adopt
SNR-03LZ,USGS:07156010,snap-20260825-adopt
SNR-03M0,USGS:02055000,snap-20260825-adopt
SNR-03M1,USGS:07185910,snap-20260825-adopt
SNR-03M2,USGS:07037300,snap-20260825-adopt
SNR-03M3,USGS:07170000,snap-20260825-adopt
SNR-03M4,USGS:03316500,snap-20260825-adopt
SNR-03M5,USGS:02055080,snap-20260825-adopt
SNR-03M6,USGS:07157900,snap-20260825-adopt
SNR-03M7,USGS:06918493,snap-20260825-adopt
SNR-03M8,USGS:02059485,snap-20260825-adopt
SNR-03M9,USGS:07170700,snap-20260825-adopt
SNR-03MA,USGS:0205492550,snap-20260825-adopt
SNR-03MB,USGS:02054530,snap-20260825-adopt
SNR-03MC,USGS:03173000,snap-20260825-adopt
SNR-03MD,USGS:03308500,snap-20260825-adopt
SNR-03ME,USGS:02065300,snap-20260825-adopt
SNR-03MF,USGS:07156700,snap-20260825-adopt
SNR-03MG,USGS:03177710,snap-20260825-adopt
SNR-03MH,USGS:02054750,snap-20260825-adopt
SNR-03MI,USGS:06928750,snap-20260825-adopt
SNR-03MJ,USGS:03280790,snap-20260825-adopt
SNR-03MK,USGS:03281200,snap-20260825-adopt
SNR-03ML,USGS:02061300,snap-20260825-adopt
SNR-03MM,USGS:03311000,snap-20260825-adopt
SNR-03MN,USGS:07145600,snap-20260825-adopt
SNR-03MO,USGS:03383500,snap-20260825-adopt
SNR-03MP,USGS:03212567,snap-20260825-adopt
SNR-03MQ,USGS:0205491522,snap-20260825-adopt
SNR-03MR,USGS:371631079542600,snap-20260825-adopt
SNR-03MS,USGS:07145800,snap-20260825-adopt
SNR-03MT,USGS:07170060,snap-20260825-adopt
SNR-03MU,USGS:03209440,snap-20260825-adopt
SNR-03MV,USGS:0205551614,snap-20260825-adopt
SNR-03MW,USGS:0205551460,snap-20260825-adopt
SNR-03MX,USGS:02054550,snap-20260825-adopt
SNR-03MY,USGS:03310900,snap-20260825-adopt
SNR-03MZ,USGS:07126110,snap-20260825-adopt
SNR-03N0,USGS:07125050,snap-20260825-adopt
SNR-03N1,USGS:07186055,snap-20260825-adopt
SNR-03N2,USGS:07148700,snap-20260825-adopt
SNR-03N3,USGS:07184000,snap-20260825-adopt
SNR-03N4,USGS:07065000,snap-20260825-adopt
SNR-03N5,USGS:02041000,snap-20260825-adopt
SNR-03N6,USGS:07021200,snap-20260825-adopt
SNR-03N7,USGS:02063700,snap-20260825-adopt
SNR-03N8,USGS:03171500,snap-20260825-adopt
SNR-03N9,USGS:02063600,snap-20260825-adopt
SNR-03NA,USGS:02042222,snap-20260825-adopt
SNR-03NB,USGS:07037000,snap-20260825-adopt
SNR-03NC,USGS:03310880,snap-20260825-adopt
SNR-03ND,USGS:07170600,snap-20260825-adopt
SNR-03NE,USGS:07157400,snap-20260825-adopt
SNR-03NF,USGS:03207500,snap-20260825-adopt
SNR-03NG,USGS:371754080002700,snap-20260825-adopt
SNR-03NH,USGS:07020850,snap-20260825-adopt
SNR-03NI,USGS:0204206210,snap-20260825-adopt
SNR-03NJ,USGS:03209300,snap-20260825-adopt
SNR-03NK,USGS:07126100,snap-20260825-adopt
SNR-03NL,USGS:03175500,snap-20260825-adopt
SNR-03NM,USGS:03178150,snap-20260825-adopt
SNR-03NN,USGS:02039500,snap-20260825-adopt
SNR-03NO,USGS:07186050,snap-20260825-adopt
SNR-03NP,USGS:07186040,snap-20260825-adopt
SNR-03NQ,USGS:07156000,snap-20260825-adopt
SNR-03NR,USGS:03209575,snap-20260825-adopt
SNR-03NS,USGS:0317155123,snap-20260825-adopt
SNR-03NT,USGS:07148800,snap-20260825-adopt
SNR-03NU,USGS:03209410,snap-20260825-adopt
SNR-03NV,USGS:07065040,snap-20260825-adopt
SNR-03NW,USGS:0317154954,snap-20260825-adopt
SNR-03NX,USGS:02042780,snap-20260825-adopt
SNR-03NY,USGS:02055379,snap-20260825-adopt
SNR-03NZ,USGS:02042000,snap-20260825-adopt
SNR-03O0,USGS:05600000,snap-20260825-adopt
SNR-03O1,USGS:03321060,snap-20260825-adopt
SNR-03O2,USGS:02040892,snap-20260825-adopt
SNR-03O3,USGS:03171600,snap-20260825-adopt
SNR-03O4,USGS:07148000,snap-20260825-adopt
SNR-03O5,USGS:07147990,snap-20260825-adopt
SNR-03O6,USGS:07185900,snap-20260825-adopt
SNR-03O7,USGS:06929000,snap-20260825-adopt
SNR-03O8,USGS:07061600,snap-20260825-adopt
SNR-03O9,USGS:02054690,snap-20260825-adopt
SNR-03OA,USGS:02063000,snap-20260825-adopt
SNR-03OB,USGS:03612000,snap-20260825-adopt
SNR-03OC,USGS:07156600,snap-20260825-adopt
SNR-03OD,USGS:03316645,snap-20260825-adopt
SNR-03OE,USGS:03212580,snap-20260825-adopt
SNR-03OF,USGS:03178179,snap-20260825-adopt
SNR-03OG,USGS:07061500,snap-20260825-adopt
SNR-03OH,USGS:0317159760,snap-20260825-adopt
SNR-03OI,USGS:07183500,snap-20260825-adopt
SNR-03OJ,USGS:03280800,snap-20260825-adopt
SNR-03OK,USGS:03171597,snap-20260825-adopt
SNR-03OL,USGS:03280902,snap-20260825-adopt
SNR-03OM,USGS:03212558,snap-20260825-adopt
SNR-03ON,USGS:03310500,snap-20260825-adopt
SNR-03OO,USGS:07126200,snap-20260825-adopt
SNR-03OP,USGS:03280900,snap-20260825-adopt
SNR-03OQ,USGS:02038900,snap-20260825-adopt
SNR-03OR,USGS:07064780,snap-20260825-adopt
SNR-03OS,USGS:06923000,snap-20260825-adopt
SNR-03OT,USGS:03307260,snap-20260825-adopt
SNR-03OU,USGS:03212585,snap-20260825-adopt
SNR-03OV,USGS:03177120,snap-20260825-adopt
SNR-03OW,USGS:07147600,snap-20260825-adopt
SNR-03OX,USGS:07061800,snap-20260825-adopt
SNR-03OY,USGS:03310400,snap-20260825-adopt
SNR-03OZ,USGS:03305835,snap-20260825-adopt
SNR-03P0,USGS:02038880,snap-20260825-adopt
SNR-03P1,USGS:03316655,snap-20260825-adopt
SNR-03P2,USGS:02025800,snap-20260825-adopt
SNR-03P3,USGS:03207800,snap-20260825-adopt
SNR-03P4,USGS:07126300,snap-20260825-adopt
SNR-03P5,USGS:03384500,snap-20260825-adopt
SNR-03P6,USGS:03177100,snap-20260825-adopt
SNR-03P7,USGS:02061000,snap-20260825-adopt
SNR-03P8,USGS:02042200,snap-20260825-adopt
SNR-03P9,USGS:02038830,snap-20260825-adopt
SNR-03PA,USGS:02061150,snap-20260825-adopt
SNR-03PB,USGS:03176500,snap-20260825-adopt
SNR-03PC,USGS:07169800,snap-20260825-adopt
SNR-03PD,USGS:07064533,snap-20260825-adopt
SNR-03PE,USGS:07186022,snap-20260825-adopt
SNR-03PF,USGS:02059450,snap-20260825-adopt
SNR-03PG,USGS:03207845,snap-20260825-adopt
SNR-03PH,USGS:02038800,snap-20260825-adopt
SNR-03PI,USGS:03384000,snap-20260825-adopt
SNR-03PJ,USGS:07036100,snap-20260825-adopt
SNR-03PK,USGS:03212640,snap-20260825-adopt
SNR-03PL,USGS:372308104081801,snap-20260825-adopt
SNR-03PM,USGS:0321357157,snap-20260825-adopt
SNR-03PN,USGS:07118000,snap-20260825-adopt
SNR-03PO,USGS:02040500,snap-20260825-adopt
SNR-03PP,USGS:07156500,snap-20260825-adopt
SNR-03PQ,USGS:03212980,snap-20260825-adopt
SNR-03PR,USGS:03207935,snap-20260825-adopt
SNR-03PS,USGS:02040600,snap-20260825-adopt
SNR-03PT,USGS:03384100,snap-20260825-adopt
SNR-03PU,USGS:07186010,snap-20260825-adopt
SNR-03PV,USGS:03175593,snap-20260825-adopt
SNR-03PW,USGS:03207915,snap-20260825-adopt
SNR-03PX,USGS:03176400,snap-20260825-adopt
SNR-03PY,USGS:07126140,snap-20260825-adopt
SNR-03PZ,USGS:02042700,snap-20260825-adopt
SNR-03Q0,USGS:07118500,snap-20260825-adopt
SNR-03Q1,USGS:0203856510,snap-20260825-adopt
SNR-03Q2,USGS:372405079110100,snap-20260825-adopt
SNR-03Q3,USGS:03207875,snap-20260825-adopt
SNR-03Q4,USGS:06918460,snap-20260825-adopt
SNR-03Q5,USGS:06918700,snap-20260825-adopt
SNR-03Q6,USGS:07183800,snap-20260825-adopt
SNR-03Q7,USGS:02042710,snap-20260825-adopt
SNR-03Q8,USGS:372427105060201,snap-20260825-adopt
SNR-03Q9,USGS:07126130,snap-20260825-adopt
SNR-03QA,USGS:02034300,snap-20260825-adopt
SNR-03QB,USGS:03305500,snap-20260825-adopt
SNR-03QC,USGS:03386000,snap-20260825-adopt
SNR-03QD,USGS:03385500,snap-20260825-adopt
SNR-03QE,USGS:02038850,snap-20260825-adopt
SNR-03QF,USGS:03386500,snap-20260825-adopt
SNR-03QG,USGS:03212600,snap-20260825-adopt
SNR-03QH,USGS:02055100,snap-20260825-adopt
SNR-03QI,USGS:07114000,snap-20260825-adopt
SNR-03QJ,USGS:02040000,snap-20260825-adopt
SNR-03QK,USGS:0203873175,snap-20260825-adopt
SNR-03QL,USGS:03305000,snap-20260825-adopt
SNR-03QM,USGS:03207940,snap-20260825-adopt
SNR-03QN,USGS:03207925,snap-20260825-adopt
SNR-03QO,USGS:07126325,snap-20260825-adopt
SNR-03QP,USGS:03213495,snap-20260825-adopt
SNR-03QQ,USGS:03212985,snap-20260825-adopt
SNR-03QR,USGS:03208000,snap-20260825-adopt
SNR-03QS,USGS:03312000,snap-20260825-adopt
SNR-03QT,USGS:07126320,snap-20260825-adopt
SNR-03QU,USGS:03207905,snap-20260825-adopt
SNR-03QV,USGS:02034200,snap-20260825-adopt
SNR-03QW,USGS:03212703,snap-20260825-adopt
SNR-03QX,USGS:03212700,snap-20260825-adopt
SNR-03QY,USGS:03207965,snap-20260825-adopt
SNR-03QZ,USGS:02038840,snap-20260825-adopt
SNR-03R0,USGS:03178000,snap-20260825-adopt
SNR-03R1,USGS:02038845,snap-20260825-adopt
SNR-03R2,USGS:02042500,snap-20260825-adopt
SNR-03R3,USGS:03310385,snap-20260825-adopt
SNR-03R4,USGS:01677000,snap-20260825-adopt
SNR-03R5,USGS:03305559,snap-20260825-adopt
SNR-03R6,USGS:03280935,snap-20260825-adopt
SNR-03R7,USGS:03212750,snap-20260825-adopt
SNR-03R8,USGS:06918440,snap-20260825-adopt
SNR-03R9,USGS:03278500,snap-20260825-adopt
SNR-03RA,USGS:02038000,snap-20260825-adopt
SNR-03RB,USGS:03304500,snap-20260825-adopt
SNR-03RC,USGS:03213500,snap-20260825-adopt
SNR-03RD,USGS:07064440,snap-20260825-adopt
SNR-03RE,USGS:03207962,snap-20260825-adopt
SNR-03RF,USGS:07114500,snap-20260825-adopt
SNR-03RG,USGS:07061300,snap-20260825-adopt
SNR-03RH,USGS:03213577,snap-20260825-adopt
SNR-03RI,USGS:03278000,snap-20260825-adopt
SNR-03RJ,USGS:03213590,snap-20260825-adopt
SNR-03RK,USGS:03319600,snap-20260825-adopt
SNR-03RL,USGS:02037800,snap-20260825-adopt
SNR-03RM,USGS:02038730,snap-20260825-adopt
SNR-03RN,USGS:07145500,snap-20260825-adopt
SNR-03RO,USGS:03385000,snap-20260825-adopt
SNR-03RP,USGS:02038500,snap-20260825-adopt
SNR-03RQ,USGS:03318800,snap-20260825-adopt
SNR-03RR,USGS:03405854,snap-20260825-adopt
SNR-03RS,USGS:03209500,snap-20260825-adopt
SNR-03RT,USGS:05599640,snap-20260825-adopt
SNR-03RU,USGS:03279000,snap-20260825-adopt
SNR-03RV,USGS:02018500,snap-20260825-adopt
SNR-03RW,USGS:01670000,snap-20260825-adopt
SNR-03RX,USGS:03384450,snap-20260825-adopt
SNR-03RY,USGS:03213594,snap-20260825-adopt
SNR-03RZ,USGS:07144570,snap-20260825-adopt
SNR-03S0,USGS:03213000,snap-20260825-adopt
SNR-03S1,USGS:03384180,snap-20260825-adopt
SNR-03S2,USGS:03281500,snap-20260825-adopt
SNR-03S3,USGS:06918740,snap-20260825-adopt
SNR-03S4,USGS:02025652,snap-20260825-adopt
SNR-03S5,USGS:03319885,snap-20260825-adopt
SNR-03S6,USGS:0204244887,snap-20260825-adopt
SNR-03S7,USGS:03321210,snap-20260825-adopt
SNR-03S8,USGS:03178120,snap-20260825-adopt
SNR-03S9,USGS:07126390,snap-20260825-adopt
SNR-03SA,USGS:02017000,snap-20260825-adopt
SNR-03SB,USGS:07061290,snap-20260825-adopt
SNR-03SC,USGS:03213630,snap-20260825-adopt
SNR-03SD,USGS:02019400,snap-20260825-adopt
SNR-03SE,USGS:03299000,snap-20260825-adopt
SNR-03SF,USGS:06918750,snap-20260825-adopt
SNR-03SG,USGS:07156100,snap-20260825-adopt
SNR-03SH,USGS:03282040,snap-20260825-adopt
SNR-03SI,USGS:02025500,snap-20260825-adopt
SNR-03SJ,USGS:02017300,snap-20260825-adopt
SNR-03SK,USGS:07035800,snap-20260825-adopt
SNR-03SL,USGS:01484800,snap-20260825-adopt
SNR-03SM,USGS:03178500,snap-20260825-adopt
SNR-03SN,USGS:02025510,snap-20260825-adopt
SNR-03SO,USGS:02017500,snap-20260825-adopt
SNR-03SP,USGS:02017400,snap-20260825-adopt
SNR-03SQ,USGS:07169500,snap-20260825-adopt
SNR-03SR,USGS:373044105015701,snap-20260825-adopt
SNR-03SS,USGS:03298940,snap-20260825-adopt
SNR-03ST,USGS:07126415,snap-20260825-adopt
SNR-03SU,USGS:03210040,snap-20260825-adopt
SNR-03SV,USGS:02030100,snap-20260825-adopt
SNR-03SW,USGS:03321275,snap-20260825-adopt
SNR-03SX,USGS:02034250,snap-20260825-adopt
SNR-03SY,USGS:02037724,snap-20260825-adopt
SNR-03SZ,USGS:03177480,snap-20260825-adopt
SNR-03T0,USGS:07166500,snap-20260825-adopt
SNR-03T1,USGS:07064300,snap-20260825-adopt
SNR-03T2,USGS:02019500,snap-20260825-adopt
SNR-03T3,USGS:03177500,snap-20260825-adopt
SNR-03T4,USGS:03320000,snap-20260825-adopt
SNR-03T5,USGS:06917630,snap-20260825-adopt
SNR-03T6,USGS:02018800,snap-20260825-adopt
SNR-03T7,USGS:02026000,snap-20260825-adopt
SNR-03T8,USGS:07061280,snap-20260825-adopt
SNR-03T9,USGS:373217103570701,snap-20260825-adopt
SNR-03TA,USGS:07169700,snap-20260825-adopt
SNR-03TB,USGS:373234080320101,snap-20260825-adopt
SNR-03TC,USGS:373235103564701,snap-20260825-adopt
SNR-03TD,USGS:02025000,snap-20260825-adopt
SNR-03TE,USGS:03309500,snap-20260825-adopt
SNR-03TF,USGS:02018700,snap-20260825-adopt
SNR-03TG,USGS:07126470,snap-20260825-adopt
SNR-03TH,USGS:03179000,snap-20260825-adopt
SNR-03TI,USGS:07144550,snap-20260825-adopt
SNR-03TJ,USGS:06918800,snap-20260825-adopt
SNR-03TK,USGS:03319000,snap-20260825-adopt
SNR-03TL,USGS:07183300,snap-20260825-adopt
SNR-03TM,USGS:02019000,snap-20260825-adopt
SNR-03TN,USGS:03213620,snap-20260825-adopt
SNR-03TO,USGS:03280000,snap-20260825-adopt
SNR-03TP,USGS:07061270,snap-20260825-adopt
SNR-03TQ,USGS:03282000,snap-20260825-adopt
SNR-03TR,USGS:06927746,snap-20260825-adopt
SNR-03TS,USGS:03279500,snap-20260825-adopt
SNR-03TT,USGS:07120620,snap-20260825-adopt
SNR-03TU,USGS:03281000,snap-20260825-adopt
SNR-03TV,USGS:02024752,snap-20260825-adopt
SNR-03TW,USGS:02017700,snap-20260825-adopt
SNR-03TX,USGS:07126400,snap-20260825-adopt
SNR-03TY,USGS:373325104002701,snap-20260825-adopt
SNR-03TZ,USGS:06929315,snap-20260825-adopt
SNR-03U0,USGS:07035000,snap-20260825-adopt
SNR-03U1,USGS:373334103550601,snap-20260825-adopt
SNR-03U2,USGS:07145200,snap-20260825-adopt
SNR-03U3,USGS:03310300,snap-20260825-adopt
SNR-03U4,USGS:02027700,snap-20260825-adopt
SNR-03U5,USGS:03319500,snap-20260825-adopt
SNR-03U6,USGS:02037500,snap-20260825-adopt
SNR-03U7,USGS:03202480,snap-20260825-adopt
SNR-03U8,USGS:02037000,snap-20260825-adopt
SNR-03U9,USGS:07157100,snap-20260825-adopt
SNR-03UA,USGS:03210000,snap-20260825-adopt
SNR-03UB,USGS:03202490,snap-20260825-adopt
SNR-03UC,USGS:03281010,snap-20260825-adopt
SNR-03UD,USGS:07120600,snap-20260825-adopt
SNR-03UE,USGS:07035500,snap-20260825-adopt
SNR-03UF,USGS:0203755233,snap-20260825-adopt
SNR-03UG,USGS:01669800,snap-20260825-adopt
SNR-03UH,USGS:02042435,snap-20260825-adopt
SNR-03UI,USGS:07020895,snap-20260825-adopt
SNR-03UJ,USGS:03310000,snap-20260825-adopt
SNR-03UK,USGS:02024750,snap-20260825-adopt
SNR-03UL,USGS:03318505,snap-20260825-adopt
SNR-03UM,USGS:03202255,snap-20260825-adopt
SNR-03UN,USGS:03202300,snap-20260825-adopt
SNR-03UO,USGS:06919004,snap-20260825-adopt
SNR-03UP,USGS:07144850,snap-20260825-adopt
SNR-03UQ,USGS:03179500,snap-20260825-adopt
SNR-03UR,USGS:03202928,snap-20260825-adopt
SNR-03US,USGS:02042400,snap-20260825-adopt
SNR-03UT,USGS:07142100,snap-20260825-adopt
SNR-03UU,USGS:03210160,snap-20260825-adopt
SNR-03UV,USGS:0203668750,snap-20260825-adopt
SNR-03UW,USGS:03202310,snap-20260825-adopt
SNR-03UX,USGS:03318500,snap-20260825-adopt
SNR-03UY,USGS:07126480,snap-20260825-adopt
SNR-03UZ,USGS:02020100,snap-20260825-adopt
SNR-03V0,USGS:03317000,snap-20260825-adopt
SNR-03V1,USGS:03202240,snap-20260825-adopt
SNR-03V2,USGS:06923150,snap-20260825-adopt
SNR-03V3,USGS:02042300,snap-20260825-adopt
SNR-03V4,USGS:07034000,snap-20260825-adopt
SNR-03V5,USGS:07139800,snap-20260825-adopt
SNR-03V6,USGS:02036500,snap-20260825-adopt
SNR-03V7,USGS:03202915,snap-20260825-adopt
SNR-03V8,USGS:02042410,snap-20260825-adopt
SNR-03V9,USGS:373556103555101,snap-20260825-adopt
SNR-03VA,USGS:373556103575201,snap-20260825-adopt
SNR-03VB,USGS:373559097165000,snap-20260825-adopt
SNR-03VC,USGS:05599560,snap-20260825-adopt
SNR-03VD,USGS:06928300,snap-20260825-adopt
SNR-03VE,USGS:03282060,snap-20260825-adopt
SNR-03VF,USGS:0203668612,snap-20260825-adopt
SNR-03VG,USGS:07061260,snap-20260825-adopt
SNR-03VH,USGS:03202400,snap-20260825-adopt
SNR-03VI,USGS:06921000,snap-20260825-adopt
SNR-03VJ,USGS:02027800,snap-20260825-adopt
SNR-03VK,USGS:373622097153900,snap-20260825-adopt
SNR-03VL,USGS:03202900,snap-20260825-adopt
SNR-03VM,USGS:07144540,snap-20260825-adopt
SNR-03VN,USGS:03382025,snap-20260825-adopt
SNR-03VO,USGS:03318000,snap-20260825-adopt
SNR-03VP,USGS:373635103542901,snap-20260825-adopt
SNR-03VQ,USGS:02042426,snap-20260825-adopt
SNR-03VR,USGS:03280500,snap-20260825-adopt
SNR-03VS,USGS:0204241951,snap-20260825-adopt
SNR-03VT,USGS:373705086301101,snap-20260825-adopt
SNR-03VU,USGS:07126485,snap-20260825-adopt
SNR-03VV,USGS:03321350,snap-20260825-adopt
SNR-03VW,USGS:03202260,snap-20260825-adopt
SNR-03VX,USGS:373709086300701,snap-20260825-adopt
SNR-03VY,USGS:373709086300804,snap-20260825-adopt
SNR-03VZ,USGS:373710086300501,snap-20260825-adopt
SNR-03W0,USGS:373706086300801,snap-20260825-adopt
SNR-03W1,USGS:373712086300501,snap-20260825-adopt
SNR-03W2,USGS:07169200,snap-20260825-adopt
SNR-03W3,USGS:03318005,snap-20260825-adopt
SNR-03W4,USGS:373713086300602,snap-20260825-adopt
SNR-03W5,USGS:373713086300503,snap-20260825-adopt
SNR-03W6,USGS:373714086300002,snap-20260825-adopt
SNR-03W7,USGS:373714086300104,snap-20260825-adopt
SNR-03W8,USGS:03285100,snap-20260825-adopt
SNR-03W9,USGS:373714086300105,snap-20260825-adopt
SNR-03WA,USGS:373715086300102,snap-20260825-adopt
SNR-03WB,USGS:373715086295801,snap-20260825-adopt
SNR-03WC,USGS:373715086300101,snap-20260825-adopt
SNR-03WD,USGS:373715086300104,snap-20260825-adopt
SNR-03WE,USGS:373715086300203,snap-20260825-adopt
SNR-03WF,USGS:373716086300303,snap-20260825-adopt
SNR-03WG,USGS:373716086300001,snap-20260825-adopt
SNR-03WH,USGS:373716086300201,snap-20260825-adopt
SNR-03WI,USGS:373716086295901,snap-20260825-adopt
SNR-03WJ,USGS:0204228775,snap-20260825-adopt
SNR-03WK,USGS:03318010,snap-20260825-adopt
SNR-03WL,USGS:03202750,snap-20260825-adopt
SNR-03WM,USGS:03202262,snap-20260825-adopt
SNR-03WN,USGS:07156220,snap-20260825-adopt
SNR-03WO,USGS:0204243150,snap-20260825-adopt
SNR-03WP,USGS:01673638,snap-20260825-adopt
SNR-03WQ,USGS:02028000,snap-20260825-adopt
SNR-03WR,USGS:07020700,snap-20260825-adopt
SNR-03WS,USGS:03284300,snap-20260825-adopt
SNR-03WT,USGS:02024500,snap-20260825-adopt
SNR-03WU,USGS:03210420,snap-20260825-adopt
SNR-03WV,USGS:06927800,snap-20260825-adopt
SNR-03WW,USGS:01669520,snap-20260825-adopt
SNR-03WX,USGS:06928320,snap-20260825-adopt
SNR-03WY,USGS:07011200,snap-20260825-adopt
SNR-03WZ,USGS:07144910,snap-20260825-adopt
SNR-03X0,USGS:03382100,snap-20260825-adopt
SNR-03X1,USGS:03382045,snap-20260825-adopt
SNR-03X2,USGS:03202245,snap-20260825-adopt
SNR-03X3,USGS:03285200,snap-20260825-adopt
SNR-03X4,USGS:03282075,snap-20260825-adopt
SNR-03X5,USGS:03184000,snap-20260825-adopt
SNR-03X6,USGS:02042287,snap-20260825-adopt
SNR-03X7,USGS:03285000,snap-20260825-adopt
SNR-03X8,USGS:06928330,snap-20260825-adopt
SNR-03X9,USGS:07144300,snap-20260825-adopt
SNR-03XA,USGS:07168500,snap-20260825-adopt
SNR-03XB,USGS:0203667630,snap-20260825-adopt
SNR-03XC,USGS:03180000,snap-20260825-adopt
SNR-03XD,USGS:0203667530,snap-20260825-adopt
SNR-03XE,USGS:06929900,snap-20260825-adopt
SNR-03XF,USGS:03317965,snap-20260825-adopt
SNR-03XG,USGS:07144325,snap-20260825-adopt
SNR-03XH,USGS:02036000,snap-20260825-adopt
SNR-03XI,USGS:03284310,snap-20260825-adopt
SNR-03XJ,USGS:0203667525,snap-20260825-adopt
SNR-03XK,USGS:0203668010,snap-20260825-adopt
SNR-03XL,USGS:03299500,snap-20260825-adopt
SNR-03XM,USGS:03382510,snap-20260825-adopt
SNR-03XN,USGS:07144340,snap-20260825-adopt
SNR-03XO,USGS:07033800,snap-20260825-adopt
SNR-03XP,USGS:0203667510,snap-20260825-adopt
SNR-03XQ,USGS:03318200,snap-20260825-adopt
SNR-03XR,USGS:02012950,snap-20260825-adopt
SNR-03XS,USGS:07010330,snap-20260825-adopt
SNR-03XT,USGS:0204226163,snap-20260825-adopt
SNR-03XU,USGS:01673550,snap-20260825-adopt
SNR-03XV,USGS:03285320,snap-20260825-adopt
SNR-03XW,USGS:07145300,snap-20260825-adopt
SNR-03XX,USGS:0204241200,snap-20260825-adopt
SNR-03XY,USGS:07144323,snap-20260825-adopt
SNR-03XZ,USGS:06930000,snap-20260825-adopt
SNR-03Y0,USGS:07144490,snap-20260825-adopt
SNR-03Y1,USGS:02018000,snap-20260825-adopt
SNR-03Y2,USGS:03210310,snap-20260825-adopt
SNR-03Y3,USGS:02034500,snap-20260825-adopt
SNR-03Y4,USGS:07144800,snap-20260825-adopt
SNR-03Y5,USGS:01673500,snap-20260825-adopt
SNR-03Y6,USGS:03184500,snap-20260825-adopt
SNR-03Y7,USGS:07146895,snap-20260825-adopt
SNR-03Y8,USGS:03285280,snap-20260825-adopt
SNR-03Y9,USGS:03285290,snap-20260825-adopt
SNR-03YA,USGS:03209800,snap-20260825-adopt
SNR-03YB,USGS:02035000,snap-20260825-adopt
SNR-03YC,USGS:07144330,snap-20260825-adopt
SNR-03YD,USGS:05599580,snap-20260825-adopt
SNR-03YE,USGS:03213700,snap-20260825-adopt
SNR-03YF,USGS:07144486,snap-20260825-adopt
SNR-03YG,USGS:0204226958,snap-20260825-adopt
SNR-03YH,USGS:03184200,snap-20260825-adopt
SNR-03YI,USGS:07144900,snap-20260825-adopt
SNR-03YJ,USGS:0204241133,snap-20260825-adopt
SNR-03YK,USGS:07144320,snap-20260825-adopt
SNR-03YL,USGS:03282120,snap-20260825-adopt
SNR-03YM,USGS:07144485,snap-20260825-adopt
SNR-03YN,USGS:07147190,snap-20260825-adopt
SNR-03YO,USGS:07147200,snap-20260825-adopt
SNR-03YP,USGS:02024392,snap-20260825-adopt
SNR-03YQ,USGS:06921100,snap-20260825-adopt
SNR-03YR,USGS:03202695,snap-20260825-adopt
SNR-03YS,USGS:03285325,snap-20260825-adopt
SNR-03YT,USGS:06921070,snap-20260825-adopt
SNR-03YU,USGS:0204228301,snap-20260825-adopt
SNR-03YV,USGS:03183570,snap-20260825-adopt
SNR-03YW,USGS:06923250,snap-20260825-adopt
SNR-03YX,USGS:03183000,snap-20260825-adopt
SNR-03YY,USGS:07156225,snap-20260825-adopt
SNR-03YZ,USGS:01669500,snap-20260825-adopt
SNR-03Z0,USGS:02024300,snap-20260825-adopt
SNR-03Z1,USGS:03382520,snap-20260825-adopt
SNR-03Z2,USGS:03319520,snap-20260825-adopt
SNR-03Z3,USGS:06918270,snap-20260825-adopt
SNR-03Z4,USGS:06930015,snap-20260825-adopt
SNR-03Z5,USGS:03282100,snap-20260825-adopt
SNR-03Z6,USGS:07144494,snap-20260825-adopt
SNR-03Z7,USGS:02035500,snap-20260825-adopt
SNR-03Z8,USGS:03317500,snap-20260825-adopt
SNR-03Z9,USGS:03381700,snap-20260825-adopt
SNR-03ZA,USGS:06918990,snap-20260825-adopt
SNR-03ZB,USGS:02024915,snap-20260825-adopt
SNR-03ZC,USGS:03382500,snap-20260825-adopt
SNR-03ZD,USGS:0204225968,snap-20260825-adopt
SNR-03ZE,USGS:03210500,snap-20260825-adopt
SNR-03ZF,USGS:06925270,snap-20260825-adopt
SNR-03ZG,USGS:06919000,snap-20260825-adopt
SNR-03ZH,USGS:07144480,snap-20260825-adopt
SNR-03ZI,USGS:06928359,snap-20260825-adopt
SNR-03ZJ,USGS:02027500,snap-20260825-adopt
SNR-03ZK,USGS:02030500,snap-20260825-adopt
SNR-03ZL,USGS:03322360,snap-20260825-adopt
SNR-03ZM,USGS:03300000,snap-20260825-adopt
SNR-03ZN,USGS:03285330,snap-20260825-adopt
SNR-03ZO,USGS:07166000,snap-20260825-adopt
SNR-03ZP,USGS:03285335,snap-20260825-adopt
SNR-03ZQ,USGS:03282198,snap-20260825-adopt
SNR-03ZR,USGS:03284340,snap-20260825-adopt
SNR-03ZS,USGS:07112700,snap-20260825-adopt
SNR-03ZT,USGS:07167500,snap-20260825-adopt
SNR-03ZU,USGS:07143400,snap-20260825-adopt
SNR-03ZV,USGS:03283305,snap-20260825-adopt
SNR-03ZW,USGS:0167357970,snap-20260825-adopt
SNR-03ZX,USGS:05598000,snap-20260825-adopt
SNR-03ZY,USGS:03321430,snap-20260825-adopt
SNR-03ZZ,USGS:07139700,snap-20260825-adopt
SNR-0400,USGS:07126500,snap-20260825-adopt
SNR-0401,USGS:02027000,snap-20260825-adopt
SNR-0402,USGS:07144301,snap-20260825-adopt
SNR-0403,USGS:06923500,snap-20260825-adopt
SNR-0404,USGS:07144795,snap-20260825-adopt
SNR-0405,USGS:07133200,snap-20260825-adopt
SNR-0406,USGS:03183500,snap-20260825-adopt
SNR-0407,USGS:03185020,snap-20260825-adopt
SNR-0408,USGS:07144790,snap-20260825-adopt
SNR-0409,USGS:06928380,snap-20260825-adopt
SNR-040A,USGS:07112500,snap-20260825-adopt
SNR-040B,USGS:07111000,snap-20260825-adopt
SNR-040C,USGS:07112000,snap-20260825-adopt
SNR-040D,USGS:03382160,snap-20260825-adopt
SNR-040E,USGS:02014000,snap-20260825-adopt
SNR-040F,USGS:07183200,snap-20260825-adopt
SNR-040G,USGS:03248300,snap-20260825-adopt
SNR-040H,USGS:05597500,snap-20260825-adopt
SNR-040I,USGS:06919020,snap-20260825-adopt
SNR-040J,USGS:07144470,snap-20260825-adopt
SNR-040K,USGS:07020550,snap-20260825-adopt
SNR-040L,USGS:07147100,snap-20260825-adopt
SNR-040M,USGS:03183550,snap-20260825-adopt
SNR-040N,USGS:03211000,snap-20260825-adopt
SNR-040O,USGS:03382200,snap-20260825-adopt
SNR-040P,USGS:03203000,snap-20260825-adopt
SNR-040Q,USGS:03182888,snap-20260825-adopt
SNR-040R,USGS:07111500,snap-20260825-adopt
SNR-040S,USGS:03211500,snap-20260825-adopt
SNR-040T,USGS:07139500,snap-20260825-adopt
SNR-040U,USGS:03182970,snap-20260825-adopt
SNR-040V,USGS:03284500,snap-20260825-adopt
SNR-040W,USGS:05599500,snap-20260825-adopt
SNR-040X,USGS:06921200,snap-20260825-adopt
SNR-040Y,USGS:03248500,snap-20260825-adopt
SNR-040Z,USGS:03285500,snap-20260825-adopt
SNR-0410,USGS:02026500,snap-20260825-adopt
SNR-0411,USGS:03183200,snap-20260825-adopt
SNR-0412,USGS:0167300055,snap-20260825-adopt
SNR-0413,USGS:03283000,snap-20260825-adopt
SNR-0414,USGS:03295000,snap-20260825-adopt
SNR-0415,USGS:05599490,snap-20260825-adopt
SNR-0416,USGS:06928000,snap-20260825-adopt
SNR-0417,USGS:03300500,snap-20260825-adopt
SNR-0418,USGS:06930060,snap-20260825-adopt
SNR-0419,USGS:03185000,snap-20260825-adopt
SNR-041A,USGS:07033000,snap-20260825-adopt
SNR-041B,USGS:02024000,snap-20260825-adopt
SNR-041C,USGS:03301500,snap-20260825-adopt
SNR-041D,USGS:01673000,snap-20260825-adopt
SNR-041E,USGS:07119000,snap-20260825-adopt
SNR-041F,USGS:05597450,snap-20260825-adopt
SNR-041G,USGS:01672000,snap-20260825-adopt
SNR-041H,USGS:06928200,snap-20260825-adopt
SNR-041I,USGS:02016500,snap-20260825-adopt
SNR-041J,USGS:03382170,snap-20260825-adopt
SNR-041K,USGS:03303500,snap-20260825-adopt
SNR-041L,USGS:06921300,snap-20260825-adopt
SNR-041M,USGS:07143375,snap-20260825-adopt
SNR-041N,USGS:03182950,snap-20260825-adopt
SNR-041O,USGS:03182890,snap-20260825-adopt
SNR-041P,USGS:02023500,snap-20260825-adopt
SNR-041Q,USGS:03282290,snap-20260825-adopt
SNR-041R,USGS:01674700,snap-20260825-adopt
SNR-041S,USGS:07167000,snap-20260825-adopt
SNR-041T,USGS:01669300,snap-20260825-adopt
SNR-041U,USGS:03321465,snap-20260825-adopt
SNR-041V,USGS:03284580,snap-20260825-adopt
SNR-041W,USGS:03213800,snap-20260825-adopt
SNR-041X,USGS:02035450,snap-20260825-adopt
SNR-041Y,USGS:02013100,snap-20260825-adopt
SNR-041Z,USGS:06917400,snap-20260825-adopt
SNR-0420,USGS:03382350,snap-20260825-adopt
SNR-0421,USGS:02016000,snap-20260825-adopt
SNR-0422,USGS:06928420,snap-20260825-adopt
SNR-0423,USGS:03286200,snap-20260825-adopt
SNR-0424,USGS:03182900,snap-20260825-adopt
SNR-0425,USGS:03303502,snap-20260825-adopt
SNR-0426,USGS:07147070,snap-20260825-adopt
SNR-0427,USGS:01672500,snap-20260825-adopt
SNR-0428,USGS:03301000,snap-20260825-adopt
SNR-0429,USGS:03322420,snap-20260825-adopt
SNR-042A,USGS:02029000,snap-20260825-adopt
SNR-042B,USGS:06917680,snap-20260825-adopt
SNR-042C,USGS:03300065,snap-20260825-adopt
SNR-042D,USGS:01672900,snap-20260825-adopt
SNR-042E,USGS:03302085,snap-20260825-adopt
SNR-042F,USGS:02013000,snap-20260825-adopt
SNR-042G,USGS:374815087555101,snap-20260825-adopt
SNR-042H,USGS:02023480,snap-20260825-adopt
SNR-042I,USGS:07166700,snap-20260825-adopt
SNR-042J,USGS:06919200,snap-20260825-adopt
SNR-042K,USGS:03203670,snap-20260825-adopt
SNR-042L,USGS:02028900,snap-20260825-adopt
SNR-042M,USGS:03282500,snap-20260825-adopt
SNR-042N,USGS:02012800,snap-20260825-adopt
SNR-042O,USGS:01672400,snap-20260825-adopt
SNR-042P,USGS:07113000,snap-20260825-adopt
SNR-042Q,USGS:02030000,snap-20260825-adopt
SNR-042R,USGS:02023000,snap-20260825-adopt
SNR-042S,USGS:03322300,snap-20260825-adopt
SNR-042T,USGS:03212500,snap-20260825-adopt
SNR-042U,USGS:0202306395,snap-20260825-adopt
SNR-042V,USGS:07147060,snap-20260825-adopt
SNR-042W,USGS:07146830,snap-20260825-adopt
SNR-042X,USGS:06917380,snap-20260825-adopt
SNR-042Y,USGS:03214000,snap-20260825-adopt
SNR-042Z,USGS:07011300,snap-20260825-adopt
SNR-0430,USGS:03283827,snap-20260825-adopt
SNR-0431,USGS:06928430,snap-20260825-adopt
SNR-0432,USGS:07020270,snap-20260825-adopt
SNR-0433,USGS:03301630,snap-20260825-adopt
SNR-0434,USGS:07144680,snap-20260825-adopt
SNR-0435,USGS:07144400,snap-20260825-adopt
SNR-0436,USGS:03300990,snap-20260825-adopt
SNR-0437,USGS:02022500,snap-20260825-adopt
SNR-0438,USGS:01671025,snap-20260825-adopt
SNR-0439,USGS:02028800,snap-20260825-adopt
SNR-043A,USGS:02035400,snap-20260825-adopt
SNR-043B,USGS:07146800,snap-20260825-adopt
SNR-043C,USGS:07010350,snap-20260825-adopt
SNR-043D,USGS:03286500,snap-20260825-adopt
SNR-043E,USGS:07017200,snap-20260825-adopt
SNR-043F,USGS:02028750,snap-20260825-adopt
SNR-043G,USGS:03283370,snap-20260825-adopt
SNR-043H,USGS:07144200,snap-20260825-adopt
SNR-043I,USGS:374956097231601,snap-20260825-adopt
SNR-043J,USGS:03300400,snap-20260825-adopt
SNR-043K,USGS:06919500,snap-20260825-adopt
SNR-043L,USGS:03212000,snap-20260825-adopt
SNR-043M,USGS:06917240,snap-20260825-adopt
SNR-043N,USGS:06933000,snap-20260825-adopt
SNR-043O,USGS:03214500,snap-20260825-adopt
SNR-043P,USGS:07144201,snap-20260825-adopt
SNR-043Q,USGS:02029500,snap-20260825-adopt
SNR-043R,USGS:03203600,snap-20260825-adopt
SNR-043S,USGS:07143350,snap-20260825-adopt
SNR-043T,USGS:07144660,snap-20260825-adopt
SNR-043U,USGS:03284230,snap-20260825-adopt
SNR-043V,USGS:03203647,snap-20260825-adopt
SNR-043W,USGS:07146623,snap-20260825-adopt
SNR-043X,USGS:03322190,snap-20260825-adopt
SNR-043Y,USGS:07166200,snap-20260825-adopt
SNR-043Z,USGS:03203700,snap-20260825-adopt
SNR-0440,USGS:07183100,snap-20260825-adopt
SNR-0441,USGS:06917500,snap-20260825-adopt
SNR-0442,USGS:01671020,snap-20260825-adopt
SNR-0443,USGS:07147020,snap-20260825-adopt
SNR-0444,USGS:02015000,snap-20260825-adopt
SNR-0445,USGS:02014500,snap-20260825-adopt
SNR-0446,USGS:07113500,snap-20260825-adopt
SNR-0447,USGS:03212515,snap-20260825-adopt
SNR-0448,USGS:02034000,snap-20260825-adopt
SNR-0449,USGS:03321500,snap-20260825-adopt
SNR-044A,USGS:06918300,snap-20260825-adopt
SNR-044B,USGS:06918060,snap-20260825-adopt
SNR-044C,USGS:07144780,snap-20260825-adopt
SNR-044D,USGS:06917525,snap-20260825-adopt
SNR-044E,USGS:06923940,snap-20260825-adopt
SNR-044F,USGS:07146995,snap-20260825-adopt
SNR-044G,USGS:03301580,snap-20260825-adopt
SNR-044H,USGS:06917560,snap-20260825-adopt
SNR-044I,USGS:03283500,snap-20260825-adopt
SNR-044J,USGS:02012000,snap-20260825-adopt
SNR-044K,USGS:03303205,snap-20260825-adopt
SNR-044L,USGS:02028700,snap-20260825-adopt
SNR-044M,USGS:07147050,snap-20260825-adopt
SNR-044N,USGS:03301575,snap-20260825-adopt
SNR-044O,USGS:02028500,snap-20260825-adopt
SNR-044P,USGS:06919900,snap-20260825-adopt
SNR-044Q,USGS:07142300,snap-20260825-adopt
SNR-044R,USGS:07138063,snap-20260825-adopt
SNR-044S,USGS:06928500,snap-20260825-adopt
SNR-044T,USGS:01671100,snap-20260825-adopt
SNR-044U,USGS:02015900,snap-20260825-adopt
SNR-044V,USGS:02029450,snap-20260825-adopt
SNR-044W,USGS:06925300,snap-20260825-adopt
SNR-044X,USGS:02012500,snap-20260825-adopt
SNR-044Y,USGS:01661800,snap-20260825-adopt
SNR-044Z,USGS:01669000,snap-20260825-adopt
SNR-0450,USGS:06919950,snap-20260825-adopt
SNR-0451,USGS:06931000,snap-20260825-adopt
SNR-0452,USGS:06921400,snap-20260825-adopt
SNR-0453,USGS:01674200,snap-20260825-adopt
SNR-0454,USGS:07144100,snap-20260825-adopt
SNR-0455,USGS:03301700,snap-20260825-adopt
SNR-0456,USGS:02021700,snap-20260825-adopt
SNR-0457,USGS:0202848938,snap-20260825-adopt
SNR-0458,USGS:01674500,snap-20260825-adopt
SNR-0459,USGS:02029430,snap-20260825-adopt
SNR-045A,USGS:01661600,snap-20260825-adopt
SNR-045B,USGS:01671000,snap-20260825-adopt
SNR-045C,USGS:07017260,snap-20260825-adopt
SNR-045D,USGS:0202848919,snap-20260825-adopt
SNR-045E,USGS:375327097285401,snap-20260825-adopt
SNR-045F,USGS:375327097285402,snap-20260825-adopt
SNR-045G,USGS:05597000,snap-20260825-adopt
SNR-045H,USGS:02021697,snap-20260825-adopt
SNR-045I,USGS:375331097285301,snap-20260825-adopt
SNR-045J,USGS:375332097284801,snap-20260825-adopt
SNR-045K,USGS:375332097284802,snap-20260825-adopt
SNR-045L,USGS:03284000,snap-20260825-adopt
SNR-045M,USGS:05596500,snap-20260825-adopt
SNR-045N,USGS:06920520,snap-20260825-adopt
SNR-045O,USGS:07144601,snap-20260825-adopt
SNR-045P,USGS:375348097262800,snap-20260825-adopt
SNR-045Q,USGS:375350097262800,snap-20260825-adopt
SNR-045R,USGS:07138050,snap-20260825-adopt
SNR-045S,USGS:07146990,snap-20260825-adopt
SNR-045T,USGS:07128000,snap-20260825-adopt
SNR-045U,USGS:03303280,snap-20260825-adopt
SNR-045V,USGS:07138062,snap-20260825-adopt
SNR-045W,USGS:07020500,snap-20260825-adopt
SNR-045X,USGS:07144730,snap-20260825-adopt
SNR-045Y,USGS:06921325,snap-20260825-adopt
SNR-045Z,USGS:06917100,snap-20260825-adopt
SNR-0460,USGS:06921350,snap-20260825-adopt
SNR-0461,USGS:02021500,snap-20260825-adopt
SNR-0462,USGS:03182700,snap-20260825-adopt
SNR-0463,USGS:06932000,snap-20260825-adopt
SNR-0464,USGS:07108100,snap-20260825-adopt
SNR-0465,USGS:07011500,snap-20260825-adopt
SNR-0466,USGS:03283610,snap-20260825-adopt
SNR-0467,USGS:02011950,snap-20260825-adopt
SNR-0468,USGS:06918065,snap-20260825-adopt
SNR-0469,USGS:06930800,snap-20260825-adopt
SNR-046A,USGS:07107900,snap-20260825-adopt
SNR-046B,USGS:06931600,snap-20260825-adopt
SNR-046C,USGS:0162588350,snap-20260825-adopt
SNR-046D,USGS:07140300,snap-20260825-adopt
SNR-046E,USGS:07183000,snap-20260825-adopt
SNR-046F,USGS:03302110,snap-20260825-adopt
SNR-046G,USGS:03198690,snap-20260825-adopt
SNR-046H,USGS:05595550,snap-20260825-adopt
SNR-046I,USGS:07138065,snap-20260825-adopt
SNR-046J,USGS:03298535,snap-20260825-adopt
SNR-046K,USGS:0162588440,snap-20260825-adopt
SNR-046L,USGS:03287000,snap-20260825-adopt
SNR-046M,USGS:01668800,snap-20260825-adopt
SNR-046N,USGS:07140000,snap-20260825-adopt
SNR-046O,USGS:03298550,snap-20260825-adopt
SNR-046P,USGS:03304300,snap-20260825-adopt
SNR-046Q,USGS:07017500,snap-20260825-adopt
SNR-046R,USGS:06933500,snap-20260825-adopt
SNR-046S,USGS:07138020,snap-20260825-adopt
SNR-046T,USGS:03381600,snap-20260825-adopt
SNR-046U,USGS:02023300,snap-20260825-adopt
SNR-046V,USGS:02021100,snap-20260825-adopt
SNR-046W,USGS:03284555,snap-20260825-adopt
SNR-046X,USGS:06925250,snap-20260825-adopt
SNR-046Y,USGS:06931500,snap-20260825-adopt
SNR-046Z,USGS:07012000,snap-20260825-adopt
SNR-0470,USGS:06923950,snap-20260825-adopt
SNR-0471,USGS:06924000,snap-20260825-adopt
SNR-0472,USGS:03284533,snap-20260825-adopt
SNR-0473,USGS:06925200,snap-20260825-adopt
SNR-0474,USGS:07143950,snap-20260825-adopt
SNR-0475,USGS:02029410,snap-20260825-adopt
SNR-0476,USGS:07011600,snap-20260825-adopt
SNR-0477,USGS:07017733,snap-20260825-adopt
SNR-0478,USGS:06921500,snap-20260825-adopt
SNR-0479,USGS:07143330,snap-20260825-adopt
SNR-047A,USGS:02034050,snap-20260825-adopt
SNR-047B,USGS:07146570,snap-20260825-adopt
SNR-047C,USGS:02011800,snap-20260825-adopt
SNR-047D,USGS:03284530,snap-20260825-adopt
SNR-047E,USGS:07108050,snap-20260825-adopt
SNR-047F,USGS:07121000,snap-20260825-adopt
SNR-047G,USGS:375714101484200,snap-20260825-adopt
SNR-047H,USGS:03185400,snap-20260825-adopt
SNR-047I,USGS:07146700,snap-20260825-adopt
SNR-047J,USGS:07010500,snap-20260825-adopt
SNR-047K,USGS:07139000,snap-20260825-adopt
SNR-047L,USGS:02029400,snap-20260825-adopt
SNR-047M,USGS:07142500,snap-20260825-adopt
SNR-047N,USGS:03182650,snap-20260825-adopt
SNR-047O,USGS:06930750,snap-20260825-adopt
SNR-047P,USGS:03284552,snap-20260825-adopt
SNR-047Q,USGS:07138064,snap-20260825-adopt
SNR-047R,USGS:01671615,snap-20260825-adopt
SNR-047S,USGS:01674182,snap-20260825-adopt
SNR-047T,USGS:02021549,snap-20260825-adopt
SNR-047U,USGS:07017610,snap-20260825-adopt
SNR-047V,USGS:07138000,snap-20260825-adopt
SNR-047W,USGS:03198350,snap-20260825-adopt
SNR-047X,USGS:05599000,snap-20260825-adopt
SNR-047Y,USGS:02029200,snap-20260825-adopt
SNR-047Z,USGS:03295500,snap-20260825-adopt
SNR-0480,USGS:0318989690,snap-20260825-adopt
SNR-0481,USGS:07138070,snap-20260825-adopt
SNR-0482,USGS:375814097324701,snap-20260825-adopt
SNR-0483,USGS:07017700,snap-20260825-adopt
SNR-0484,USGS:03322000,snap-20260825-adopt
SNR-0485,USGS:03287128,snap-20260825-adopt
SNR-0486,USGS:06924500,snap-20260825-adopt
SNR-0487,USGS:07014000,snap-20260825-adopt
SNR-0488,USGS:03284550,snap-20260825-adopt
SNR-0489,USGS:03193725,snap-20260825-adopt
SNR-048A,USGS:07107000,snap-20260825-adopt
SNR-048B,USGS:07122400,snap-20260825-adopt
SNR-048C,USGS:07165750,snap-20260825-adopt
SNR-048D,USGS:03189863,snap-20260825-adopt
SNR-048E,USGS:02033700,snap-20260825-adopt
SNR-048F,USGS:03298500,snap-20260825-adopt
SNR-048G,USGS:07144050,snap-20260825-adopt
SNR-048H,USGS:02021000,snap-20260825-adopt
SNR-048I,USGS:02020500,snap-20260825-adopt
SNR-048J,USGS:03284525,snap-20260825-adopt
SNR-048K,USGS:03182600,snap-20260825-adopt
SNR-048L,USGS:07123000,snap-20260825-adopt
SNR-048M,USGS:03297800,snap-20260825-adopt
SNR-048N,USGS:375928084362001,snap-20260825-adopt
SNR-048O,USGS:03302058,snap-20260825-adopt
SNR-048P,USGS:375936102023901,snap-20260825-adopt
SNR-048Q,USGS:03189890,snap-20260825-adopt
SNR-048R,USGS:05596000,snap-20260825-adopt
SNR-048S,USGS:07015500,snap-20260825-adopt
SNR-048T,USGS:06917060,snap-20260825-adopt
SNR-048U,USGS:03284520,snap-20260825-adopt
SNR-048V,USGS:06925432,snap-20260825-adopt
SNR-048W,USGS:07138075,snap-20260825-adopt
SNR-048X,USGS:375954097363801,snap-20260825-adopt
SNR-048Y,USGS:375954097363802,snap-20260825-adopt
SNR-048Z,USGS:07013000,snap-20260825-adopt
SNR-0490,USGS:07122500,snap-20260825-adopt
SNR-0491,USGS:375955102023701,snap-20260825-adopt
SNR-0492,USGS:07094600,snap-20260825-adopt
SNR-0493,USGS:07129500,snap-20260825-adopt
SNR-0494,USGS:03302060,snap-20260825-adopt
SNR-0495,USGS:07116000,snap-20260825-adopt
SNR-0496,USGS:01668300,snap-20260825-adopt
SNR-0497,USGS:03295400,snap-20260825-adopt
SNR-0498,USGS:01671650,snap-20260825-adopt
SNR-0499,USGS:07121500,snap-20260825-adopt
SNR-049A,USGS:03298470,snap-20260825-adopt
SNR-049B,USGS:06918250,snap-20260825-adopt
SNR-049C,USGS:03378590,snap-20260825-adopt
SNR-049D,USGS:03322100,snap-20260825-adopt
SNR-049E,USGS:03214900,snap-20260825-adopt
SNR-049F,USGS:03198780,snap-20260825-adopt
SNR-049G,USGS:02033300,snap-20260825-adopt
SNR-049H,USGS:01625770,snap-20260825-adopt
SNR-049I,USGS:07143680,snap-20260825-adopt
SNR-049J,USGS:380028097311001,snap-20260825-adopt
SNR-049K,USGS:06917000,snap-20260825-adopt
SNR-049L,USGS:01625645,snap-20260825-adopt
SNR-049M,USGS:06933700,snap-20260825-adopt
SNR-049N,USGS:03206600,snap-20260825-adopt
SNR-049O,USGS:06920580,snap-20260825-adopt
SNR-049P,USGS:01670400,snap-20260825-adopt
SNR-049Q,USGS:03295597,snap-20260825-adopt
SNR-049R,USGS:01671750,snap-20260825-adopt
SNR-049S,USGS:06925000,snap-20260825-adopt
SNR-049T,USGS:02033500,snap-20260825-adopt
SNR-049U,USGS:05596100,snap-20260825-adopt
SNR-049V,USGS:03288500,snap-20260825-adopt
SNR-049W,USGS:380117102023801,snap-20260825-adopt
SNR-049X,USGS:03185500,snap-20260825-adopt
SNR-049Y,USGS:03250190,snap-20260825-adopt
SNR-049Z,USGS:05595952,snap-20260825-adopt
SNR-04A0,USGS:07137500,snap-20260825-adopt
SNR-04A1,USGS:07135000,snap-20260825-adopt
SNR-04A2,USGS:03198800,snap-20260825-adopt
SNR-04A3,USGS:07144000,snap-20260825-adopt
SNR-04A4,USGS:03287580,snap-20260825-adopt
SNR-04A5,USGS:07143672,snap-20260825-adopt
SNR-04A6,USGS:01625900,snap-20260825-adopt
SNR-04A7,USGS:03215410,snap-20260825-adopt
SNR-04A8,USGS:02030800,snap-20260825-adopt
SNR-04A9,USGS:07143800,snap-20260825-adopt
SNR-04AA,USGS:380153081010301,snap-20260825-adopt
SNR-04AB,USGS:07137010,snap-20260825-adopt
SNR-04AC,USGS:01671500,snap-20260825-adopt
SNR-04AD,USGS:07015000,snap-20260825-adopt
SNR-04AE,USGS:07128500,snap-20260825-adopt
SNR-04AF,USGS:03294600,snap-20260825-adopt
SNR-04AG,USGS:07122060,snap-20260825-adopt
SNR-04AH,USGS:03295890,snap-20260825-adopt
SNR-04AI,USGS:07142800,snap-20260825-adopt
SNR-04AJ,USGS:07133050,snap-20260825-adopt
SNR-04AK,USGS:07137000,snap-20260825-adopt
SNR-04AL,USGS:07142700,snap-20260825-adopt
SNR-04AM,USGS:01668500,snap-20260825-adopt
SNR-04AN,USGS:03287590,snap-20260825-adopt
SNR-04AO,USGS:02011400,snap-20260825-adopt
SNR-04AP,USGS:02032700,snap-20260825-adopt
SNR-04AQ,USGS:03289000,snap-20260825-adopt
SNR-04AR,USGS:07135500,snap-20260825-adopt
SNR-04AS,USGS:07136500,snap-20260825-adopt
SNR-04AT,USGS:03304000,snap-20260825-adopt
SNR-04AU,USGS:07136000,snap-20260825-adopt
SNR-04AV,USGS:03302050,snap-20260825-adopt
SNR-04AW,USGS:05596300,snap-20260825-adopt
SNR-04AX,USGS:03249000,snap-20260825-adopt
SNR-04AY,USGS:07140880,snap-20260825-adopt
SNR-04AZ,USGS:03297500,snap-20260825-adopt
SNR-04B0,USGS:07107500,snap-20260825-adopt
SNR-04B1,USGS:03287250,snap-20260825-adopt
SNR-04B2,USGS:03289190,snap-20260825-adopt
SNR-04B3,USGS:380313081022501,snap-20260825-adopt
SNR-04B4,USGS:03302030,snap-20260825-adopt
SNR-04B5,USGS:06918070,snap-20260825-adopt
SNR-04B6,USGS:06916700,snap-20260825-adopt
SNR-04B7,USGS:07134990,snap-20260825-adopt
SNR-04B8,USGS:01626000,snap-20260825-adopt
SNR-04B9,USGS:380337081044401,snap-20260825-adopt
SNR-04BA,USGS:07140890,snap-20260825-adopt
SNR-04BB,USGS:03381500,snap-20260825-adopt
SNR-04BC,USGS:01626500,snap-20260825-adopt
SNR-04BD,USGS:05598500,snap-20260825-adopt
SNR-04BE,USGS:07140600,snap-20260825-adopt
SNR-04BF,USGS:01674000,snap-20260825-adopt
SNR-04BG,USGS:06920500,snap-20260825-adopt
SNR-04BH,USGS:03297000,snap-20260825-adopt
SNR-04BI,USGS:07131000,snap-20260825-adopt
SNR-04BJ,USGS:01670300,snap-20260825-adopt
SNR-04BK,USGS:07120500,snap-20260825-adopt
SNR-04BL,USGS:03186000,snap-20260825-adopt
SNR-04BM,USGS:07130500,snap-20260825-adopt
SNR-04BN,USGS:03289193,snap-20260825-adopt
SNR-04BO,USGS:380401081050801,snap-20260825-adopt
SNR-04BP,USGS:03204210,snap-20260825-adopt
SNR-04BQ,USGS:07107600,snap-20260825-adopt
SNR-04BR,USGS:03296800,snap-20260825-adopt
SNR-04BS,USGS:03204215,snap-20260825-adopt
SNR-04BT,USGS:03204205,snap-20260825-adopt
SNR-04BU,USGS:02011500,snap-20260825-adopt
SNR-04BV,USGS:07140900,snap-20260825-adopt
SNR-04BW,USGS:03287600,snap-20260825-adopt
SNR-04BX,USGS:03294570,snap-20260825-adopt
SNR-04BY,USGS:03298250,snap-20260825-adopt
SNR-04BZ,USGS:03298252,snap-20260825-adopt
SNR-04C0,USGS:03199000,snap-20260825-adopt
SNR-04C1,USGS:02030900,snap-20260825-adopt
SNR-04C2,USGS:07124000,snap-20260825-adopt
SNR-04C3,USGS:380457075122302,snap-20260825-adopt
SNR-04C4,USGS:03378550,snap-20260825-adopt
SNR-04C5,USGS:07123675,snap-20260825-adopt
SNR-04C6,USGS:03298200,snap-20260825-adopt
SNR-04C7,USGS:380512075125402,snap-20260825-adopt
SNR-04C8,USGS:03298300,snap-20260825-adopt
SNR-04C9,USGS:02032680,snap-20260825-adopt
SNR-04CA,USGS:03303440,snap-20260825-adopt
SNR-04CB,USGS:01626850,snap-20260825-adopt
SNR-04CC,USGS:380523081052101,snap-20260825-adopt
SNR-04CD,USGS:01674100,snap-20260825-adopt
SNR-04CE,USGS:380527075124101,snap-20260825-adopt
SNR-04CF,USGS:380527075124102,snap-20260825-adopt
SNR-04CG,USGS:380528075124301,snap-20260825-adopt
SNR-04CH,USGS:03288180,snap-20260825-adopt
SNR-04CI,USGS:03381495,snap-20260825-adopt
SNR-04CJ,USGS:07142575,snap-20260825-adopt
SNR-04CK,USGS:03204220,snap-20260825-adopt
SNR-04CL,USGS:016702576,snap-20260825-adopt
SNR-04CM,USGS:07134180,snap-20260825-adopt
SNR-04CN,USGS:07134500,snap-20260825-adopt
SNR-04CO,USGS:03296700,snap-20260825-adopt
SNR-04CP,USGS:05595510,snap-20260825-adopt
SNR-04CQ,USGS:03199300,snap-20260825-adopt
SNR-04CR,USGS:03199320,snap-20260825-adopt
SNR-04CS,USGS:02032515,snap-20260825-adopt
SNR-04CT,USGS:02031000,snap-20260825-adopt
SNR-04CU,USGS:03289200,snap-20260825-adopt
SNR-04CV,USGS:07015700,snap-20260825-adopt
SNR-04CW,USGS:03296500,snap-20260825-adopt
SNR-04CX,USGS:07133000,snap-20260825-adopt
SNR-04CY,USGS:07122105,snap-20260825-adopt
SNR-04CZ,USGS:05595500,snap-20260825-adopt
SNR-04D0,USGS:07094900,snap-20260825-adopt
SNR-04D1,USGS:07119500,snap-20260825-adopt
SNR-04D2,USGS:07182600,snap-20260825-adopt
SNR-04D3,USGS:01626920,snap-20260825-adopt
SNR-04D4,USGS:07143665,snap-20260825-adopt
SNR-04D5,USGS:03190000,snap-20260825-adopt
SNR-04D6,USGS:03250243,snap-20260825-adopt
SNR-04D7,USGS:03288190,snap-20260825-adopt
SNR-04D8,USGS:380649081083301,snap-20260825-adopt
SNR-04D9,USGS:07134100,snap-20260825-adopt
SNR-04DA,USGS:03249500,snap-20260825-adopt
SNR-04DB,USGS:03249498,snap-20260825-adopt
SNR-04DC,USGS:03303400,snap-20260825-adopt
SNR-04DD,USGS:07141000,snap-20260825-adopt
SNR-04DE,USGS:01622258,snap-20260825-adopt
SNR-04DF,USGS:01670144,snap-20260825-adopt
SNR-04DG,USGS:03302000,snap-20260825-adopt
SNR-04DH,USGS:03302220,snap-20260825-adopt
SNR-04DI,USGS:380717083365701,snap-20260825-adopt
SNR-04DJ,USGS:07018000,snap-20260825-adopt
SNR-04DK,USGS:03190307,snap-20260825-adopt
SNR-04DL,USGS:03298242,snap-20260825-adopt
SNR-04DM,USGS:02015742,snap-20260825-adopt
SNR-04DN,USGS:01671200,snap-20260825-adopt
SNR-04DO,USGS:02032500,snap-20260825-adopt
SNR-04DP,USGS:03198450,snap-20260825-adopt
SNR-04DQ,USGS:03287534,snap-20260825-adopt
SNR-04DR,USGS:07119700,snap-20260825-adopt
SNR-04DS,USGS:07019500,snap-20260825-adopt
SNR-04DT,USGS:01624800,snap-20260825-adopt
SNR-04DU,USGS:0166818985,snap-20260825-adopt
SNR-04DV,USGS:07019790,snap-20260825-adopt
SNR-04DW,USGS:0166818623,snap-20260825-adopt
SNR-04DX,USGS:03378500,snap-20260825-adopt
SNR-04DY,USGS:0337850001,snap-20260825-adopt
SNR-04DZ,USGS:03294560,snap-20260825-adopt
SNR-04E0,USGS:02011480,snap-20260825-adopt
SNR-04E1,USGS:02032000,snap-20260825-adopt
SNR-04E2,USGS:07165700,snap-20260825-adopt
SNR-04E3,USGS:03193760,snap-20260825-adopt
SNR-04E4,USGS:03193000,snap-20260825-adopt
SNR-04E5,USGS:01670209,snap-20260825-adopt
SNR-04E6,USGS:03288200,snap-20260825-adopt
SNR-04E7,USGS:03303300,snap-20260825-adopt
SNR-04E8,USGS:016701405,snap-20260825-adopt
SNR-04E9,USGS:03249505,snap-20260825-adopt
SNR-04EA,USGS:02031500,snap-20260825-adopt
SNR-04EB,USGS:02032250,snap-20260825-adopt
SNR-04EC,USGS:03289300,snap-20260825-adopt
SNR-04ED,USGS:03190100,snap-20260825-adopt
SNR-04EE,USGS:01622292,snap-20260825-adopt
SNR-04EF,USGS:07122390,snap-20260825-adopt
SNR-04EG,USGS:07122200,snap-20260825-adopt
SNR-04EH,USGS:07143310,snap-20260825-adopt
SNR-04EI,USGS:03215500,snap-20260825-adopt
SNR-04EJ,USGS:07142680,snap-20260825-adopt
SNR-04EK,USGS:07015720,snap-20260825-adopt
SNR-04EL,USGS:03206790,snap-20260825-adopt
SNR-04EM,USGS:07117600,snap-20260825-adopt
SNR-04EN,USGS:03301940,snap-20260825-adopt
SNR-04EO,USGS:03206800,snap-20260825-adopt
SNR-04EP,USGS:02032400,snap-20260825-adopt
SNR-04EQ,USGS:01670200,snap-20260825-adopt
SNR-04ER,USGS:03199400,snap-20260825-adopt
SNR-04ES,USGS:02015729,snap-20260825-adopt
SNR-04ET,USGS:03250150,snap-20260825-adopt
SNR-04EU,USGS:06920800,snap-20260825-adopt
SNR-04EV,USGS:07014500,snap-20260825-adopt
SNR-04EW,USGS:07018100,snap-20260825-adopt
SNR-04EX,USGS:03298150,snap-20260825-adopt
SNR-04EY,USGS:01622300,snap-20260825-adopt
SNR-04EZ,USGS:01624885,snap-20260825-adopt
SNR-04F0,USGS:07141175,snap-20260825-adopt
SNR-04F1,USGS:01670100,snap-20260825-adopt
SNR-04F2,USGS:02032640,snap-20260825-adopt
SNR-04F3,USGS:03188900,snap-20260825-adopt
SNR-04F4,USGS:03204250,snap-20260825-adopt
SNR-04F5,USGS:01623000,snap-20260825-adopt
SNR-04F6,USGS:07140500,snap-20260825-adopt
SNR-04F7,USGS:03215000,snap-20260825-adopt
SNR-04F8,USGS:01673800,snap-20260825-adopt
SNR-04F9,USGS:03296000,snap-20260825-adopt
SNR-04FA,USGS:06922600,snap-20260825-adopt
SNR-04FB,USGS:03301900,snap-20260825-adopt
SNR-04FC,USGS:05595765,snap-20260825-adopt
SNR-04FD,USGS:03189650,snap-20260825-adopt
SNR-04FE,USGS:03294550,snap-20260825-adopt
SNR-04FF,USGS:07117500,snap-20260825-adopt
SNR-04FG,USGS:03193776,snap-20260825-adopt
SNR-04FH,USGS:03198500,snap-20260825-adopt
SNR-04FI,USGS:03206980,snap-20260825-adopt
SNR-04FJ,USGS:03295845,snap-20260825-adopt
SNR-04FK,USGS:03193778,snap-20260825-adopt
SNR-04FL,USGS:07180300,snap-20260825-adopt
SNR-04FM,USGS:06926800,snap-20260825-adopt
SNR-04FN,USGS:01623500,snap-20260825-adopt
SNR-04FO,USGS:07117000,snap-20260825-adopt
SNR-04FP,USGS:03250000,snap-20260825-adopt
SNR-04FQ,USGS:07095000,snap-20260825-adopt
SNR-04FR,USGS:03182500,snap-20260825-adopt
SNR-04FS,USGS:07019820,snap-20260825-adopt
SNR-04FT,USGS:01670230,snap-20260825-adopt
SNR-04FU,USGS:05595270,snap-20260825-adopt
SNR-04FV,USGS:05595860,snap-20260825-adopt
SNR-04FW,USGS:03298000,snap-20260825-adopt
SNR-04FX,USGS:05595240,snap-20260825-adopt
SNR-04FY,USGS:03190400,snap-20260825-adopt
SNR-04FZ,USGS:03251980,snap-20260825-adopt
SNR-04G0,USGS:02011470,snap-20260825-adopt
SNR-04G1,USGS:06926000,snap-20260825-adopt
SNR-04G2,USGS:01670180,snap-20260825-adopt
SNR-04G3,USGS:03303900,snap-20260825-adopt
SNR-04G4,USGS:06918200,snap-20260825-adopt
SNR-04G5,USGS:07182510,snap-20260825-adopt
SNR-04G6,USGS:01661430,snap-20260825-adopt
SNR-04G7,USGS:03298135,snap-20260825-adopt
SNR-04G8,USGS:02015700,snap-20260825-adopt
SNR-04G9,USGS:07099250,snap-20260825-adopt
SNR-04GA,USGS:07182520,snap-20260825-adopt
SNR-04GB,USGS:01627380,snap-20260825-adopt
SNR-04GC,USGS:07180500,snap-20260825-adopt
SNR-04GD,USGS:0162734220,snap-20260825-adopt
SNR-04GE,USGS:03181949,snap-20260825-adopt
SNR-04GF,USGS:07015757,snap-20260825-adopt
SNR-04GG,USGS:01627400,snap-20260825-adopt
SNR-04GH,USGS:01622400,snap-20260825-adopt
SNR-04GI,USGS:03250100,snap-20260825-adopt
SNR-04GJ,USGS:07120480,snap-20260825-adopt
SNR-04GK,USGS:03193770,snap-20260825-adopt
SNR-04GL,USGS:03378450,snap-20260825-adopt
SNR-04GM,USGS:0162733238,snap-20260825-adopt
SNR-04GN,USGS:01622459,snap-20260825-adopt
SNR-04GO,USGS:03191000,snap-20260825-adopt
SNR-04GP,USGS:01627300,snap-20260825-adopt
SNR-04GQ,USGS:02032200,snap-20260825-adopt
SNR-04GR,USGS:07141220,snap-20260825-adopt
SNR-04GS,USGS:03251900,snap-20260825-adopt
SNR-04GT,USGS:03288000,snap-20260825-adopt
SNR-04GU,USGS:03193742,snap-20260825-adopt
SNR-04GV,USGS:07140850,snap-20260825-adopt
SNR-04GW,USGS:07141200,snap-20260825-adopt
SNR-04GX,USGS:01622464,snap-20260825-adopt
SNR-04GY,USGS:03288110,snap-20260825-adopt
SNR-04GZ,USGS:07108500,snap-20260825-adopt
SNR-04H0,USGS:03182000,snap-20260825-adopt
SNR-04H1,USGS:01668200,snap-20260825-adopt
SNR-04H2,USGS:03287500,snap-20260825-adopt
SNR-04H3,USGS:06916675,snap-20260825-adopt
SNR-04H4,USGS:03292500,snap-20260825-adopt
SNR-04H5,USGS:01486000,snap-20260825-adopt
SNR-04H6,USGS:07134000,snap-20260825-adopt
SNR-04H7,USGS:02011490,snap-20260825-adopt
SNR-04H8,USGS:03123499,snap-20260825-adopt
SNR-04H9,USGS:03189600,snap-20260825-adopt
SNR-04HA,USGS:03199500,snap-20260825-adopt
SNR-04HB,USGS:03207000,snap-20260825-adopt
SNR-04HC,USGS:06916600,snap-20260825-adopt
SNR-04HD,USGS:03295702,snap-20260825-adopt
SNR-04HE,USGS:01627500,snap-20260825-adopt
SNR-04HF,USGS:03298100,snap-20260825-adopt
SNR-04HG,USGS:03297980,snap-20260825-adopt
SNR-04HH,USGS:03288100,snap-20260825-adopt
SNR-04HI,USGS:01624000,snap-20260825-adopt
SNR-04HJ,USGS:03250080,snap-20260825-adopt
SNR-04HK,USGS:381312104321001,snap-20260825-adopt
SNR-04HL,USGS:03182050,snap-20260825-adopt
SNR-04HM,USGS:03204000,snap-20260825-adopt
SNR-04HN,USGS:03188500,snap-20260825-adopt
SNR-04HO,USGS:03303250,snap-20260825-adopt
SNR-04HP,USGS:03303276,snap-20260825-adopt
SNR-04HQ,USGS:07116500,snap-20260825-adopt
SNR-04HR,USGS:03192500,snap-20260825-adopt
SNR-04HS,USGS:03190500,snap-20260825-adopt
SNR-04HT,USGS:03191982,snap-20260825-adopt
SNR-04HU,USGS:07108800,snap-20260825-adopt
SNR-04HV,USGS:06926200,snap-20260825-adopt
SNR-04HW,USGS:01485500,snap-20260825-adopt
SNR-04HX,USGS:03252000,snap-20260825-adopt
SNR-04HY,USGS:03189000,snap-20260825-adopt
SNR-04HZ,USGS:07142620,snap-20260825-adopt
SNR-04I0,USGS:06926080,snap-20260825-adopt
SNR-04I1,USGS:06914250,snap-20260825-adopt
SNR-04I2,USGS:03192000,snap-20260825-adopt
SNR-04I3,USGS:03292550,snap-20260825-adopt
SNR-04I4,USGS:03216540,snap-20260825-adopt
SNR-04I5,USGS:03303000,snap-20260825-adopt
SNR-04I6,USGS:02032300,snap-20260825-adopt
SNR-04I7,USGS:06916500,snap-20260825-adopt
SNR-04I8,USGS:03181900,snap-20260825-adopt
SNR-04I9,USGS:07180400,snap-20260825-adopt
SNR-04IA,USGS:03181500,snap-20260825-adopt
SNR-04IB,USGS:03297970,snap-20260825-adopt
SNR-04IC,USGS:02032550,snap-20260825-adopt
SNR-04ID,USGS:03293000,snap-20260825-adopt
SNR-04IE,USGS:07123500,snap-20260825-adopt
SNR-04IF,USGS:03292555,snap-20260825-adopt
SNR-04IG,USGS:381421095451600,snap-20260825-adopt
SNR-04IH,USGS:03292900,snap-20260825-adopt
SNR-04II,USGS:03292557,snap-20260825-adopt
SNR-04IJ,USGS:01661500,snap-20260825-adopt
SNR-04IK,USGS:381432104205500,snap-20260825-adopt
SNR-04IL,USGS:01624300,snap-20260825-adopt
SNR-04IM,USGS:02020258,snap-20260825-adopt
SNR-04IN,USGS:06922500,snap-20260825-adopt
SNR-04IO,USGS:03322011,snap-20260825-adopt
SNR-04IP,USGS:02011460,snap-20260825-adopt
SNR-04IQ,USGS:07108900,snap-20260825-adopt
SNR-04IR,USGS:07110000,snap-20260825-adopt
SNR-04IS,USGS:03250322,snap-20260825-adopt
SNR-04IT,USGS:03252300,snap-20260825-adopt
SNR-04IU,USGS:07109500,snap-20260825-adopt
SNR-04IV,USGS:06916000,snap-20260825-adopt
SNR-04IW,USGS:05595228,snap-20260825-adopt
SNR-04IX,USGS:03292785,snap-20260825-adopt
SNR-04IY,USGS:03207020,snap-20260825-adopt
SNR-04IZ,USGS:03198550,snap-20260825-adopt
SNR-04J0,USGS:03293500,snap-20260825-adopt
SNR-04J1,USGS:01628060,snap-20260825-adopt
SNR-04J2,USGS:03250310,snap-20260825-adopt
SNR-04J3,USGS:03250320,snap-20260825-adopt
SNR-04J4,USGS:03216300,snap-20260825-adopt
SNR-04J5,USGS:01661499,snap-20260825-adopt
SNR-04J6,USGS:07099971,snap-20260825-adopt
SNR-04J7,USGS:07099970,snap-20260825-adopt
SNR-04J8,USGS:07099969,snap-20260825-adopt
SNR-04J9,USGS:07099973,snap-20260825-adopt
SNR-04JA,USGS:03216350,snap-20260825-adopt
SNR-04JB,USGS:05595730,snap-20260825-adopt
SNR-04JC,USGS:03204346,snap-20260825-adopt
SNR-04JD,USGS:06922440,snap-20260825-adopt
SNR-04JE,USGS:03191400,snap-20260825-adopt
SNR-04JF,USGS:07122350,snap-20260825-adopt
SNR-04JG,USGS:03187300,snap-20260825-adopt
SNR-04JH,USGS:03293532,snap-20260825-adopt
SNR-04JI,USGS:05595226,snap-20260825-adopt
SNR-04JJ,USGS:07109000,snap-20260825-adopt
SNR-04JK,USGS:01625000,snap-20260825-adopt
SNR-04JL,USGS:06922450,snap-20260825-adopt
SNR-04JM,USGS:07135800,snap-20260825-adopt
SNR-04JN,USGS:03293548,snap-20260825-adopt
SNR-04JO,USGS:05594330,snap-20260825-adopt
SNR-04JP,USGS:06922000,snap-20260825-adopt
SNR-04JQ,USGS:03191500,snap-20260825-adopt
SNR-04JR,USGS:03293551,snap-20260825-adopt
SNR-04JS,USGS:03293510,snap-20260825-adopt
SNR-04JT,USGS:02009500,snap-20260825-adopt
SNR-04JU,USGS:07110500,snap-20260825-adopt
SNR-04JV,USGS:07099500,snap-20260825-adopt
SNR-04JW,USGS:01484719,snap-20260825-adopt
SNR-04JX,USGS:03289500,snap-20260825-adopt
SNR-04JY,USGS:05595830,snap-20260825-adopt
SNR-04JZ,USGS:07182400,snap-20260825-adopt
SNR-04K0,USGS:03189500,snap-20260825-adopt
SNR-04K1,USGS:07099400,snap-20260825-adopt
SNR-04K2,USGS:01628150,snap-20260825-adopt
SNR-04K3,USGS:02020200,snap-20260825-adopt
SNR-04K4,USGS:03181000,snap-20260825-adopt
SNR-04K5,USGS:07106510,snap-20260825-adopt
SNR-04K6,USGS:03292474,snap-20260825-adopt
SNR-04K7,USGS:02020246,snap-20260825-adopt
SNR-04K8,USGS:03302500,snap-20260825-adopt
SNR-04K9,USGS:03293530,snap-20260825-adopt
SNR-04KA,USGS:07019690,snap-20260825-adopt
SNR-04KB,USGS:06926290,snap-20260825-adopt
SNR-04KC,USGS:03192200,snap-20260825-adopt
SNR-04KD,USGS:03204294,snap-20260825-adopt
SNR-04KE,USGS:03181200,snap-20260825-adopt
SNR-04KF,USGS:02032540,snap-20260825-adopt
SNR-04KG,USGS:03294500,snap-20260825-adopt
SNR-04KH,USGS:01665500,snap-20260825-adopt
SNR-04KI,USGS:03292494,snap-20260825-adopt
SNR-04KJ,USGS:06921778,snap-20260825-adopt
SNR-04KK,USGS:381704085941800,snap-20260825-adopt
SNR-04KL,USGS:381704085491802,snap-20260825-adopt
SNR-04KM,USGS:03297900,snap-20260825-adopt
SNR-04KN,USGS:0162246784,snap-20260825-adopt
SNR-04KO,USGS:02032530,snap-20260825-adopt
SNR-04KP,USGS:07182200,snap-20260825-adopt
SNR-04KQ,USGS:02011449,snap-20260825-adopt
SNR-04KR,USGS:03216400,snap-20260825-adopt
SNR-04KS,USGS:05595820,snap-20260825-adopt
SNR-04KT,USGS:03199700,snap-20260825-adopt
SNR-04KU,USGS:07106500,snap-20260825-adopt
SNR-04KV,USGS:03216777,snap-20260825-adopt
SNR-04KW,USGS:03189100,snap-20260825-adopt
SNR-04KX,USGS:03302350,snap-20260825-adopt
SNR-04KY,USGS:07140700,snap-20260825-adopt
SNR-04KZ,USGS:0329247450,snap-20260825-adopt
SNR-04L0,USGS:0162246747,snap-20260825-adopt
SNR-04L1,USGS:03188000,snap-20260825-adopt
SNR-04L2,USGS:01628000,snap-20260825-adopt
SNR-04L3,USGS:03187500,snap-20260825-adopt
SNR-04L4,USGS:03376350,snap-20260825-adopt
SNR-04L5,USGS:01625500,snap-20260825-adopt
SNR-04L6,USGS:03290000,snap-20260825-adopt
SNR-04L7,USGS:03297845,snap-20260825-adopt
SNR-04L8,USGS:03216800,snap-20260825-adopt
SNR-04L9,USGS:0201144806,snap-20260825-adopt
SNR-04LA,USGS:03294445,snap-20260825-adopt
SNR-04LB,USGS:0201144558,snap-20260825-adopt
SNR-04LC,USGS:381804075063402,snap-20260825-adopt
SNR-04LD,USGS:381805075063502,snap-20260825-adopt
SNR-04LE,USGS:381806075063201,snap-20260825-adopt
SNR-04LF,USGS:381806075063301,snap-20260825-adopt
SNR-04LG,USGS:381807094382400,snap-20260825-adopt
SNR-04LH,USGS:03292475,snap-20260825-adopt
SNR-04LI,USGS:01661350,snap-20260825-adopt
SNR-04LJ,USGS:03207057,snap-20260825-adopt
SNR-04LK,USGS:02011440,snap-20260825-adopt
SNR-04LL,USGS:03198020,snap-20260825-adopt
SNR-04LM,USGS:01668000,snap-20260825-adopt
SNR-04LN,USGS:07143300,snap-20260825-adopt
SNR-04LO,USGS:05595700,snap-20260825-adopt
SNR-04LP,USGS:07016000,snap-20260825-adopt
SNR-04LQ,USGS:03292480,snap-20260825-adopt
SNR-04LR,USGS:01667000,snap-20260825-adopt
SNR-04LS,USGS:01665450,snap-20260825-adopt
SNR-04LT,USGS:07182395,snap-20260825-adopt
SNR-04LU,USGS:03200000,snap-20260825-adopt
SNR-04LV,USGS:03198022,snap-20260825-adopt
SNR-04LW,USGS:381856094403800,snap-20260825-adopt
SNR-04LX,USGS:01484716,snap-20260825-adopt
SNR-04LY,USGS:01490200,snap-20260825-adopt
SNR-04LZ,USGS:05595800,snap-20260825-adopt
SNR-04M0,USGS:0162519967,snap-20260825-adopt
SNR-04M1,USGS:01660810,snap-20260825-adopt
SNR-04M2,USGS:05595000,snap-20260825-adopt
SNR-04M3,USGS:03193830,snap-20260825-adopt
SNR-04M4,USGS:381919094380900,snap-20260825-adopt
SNR-04M5,USGS:03302300,snap-20260825-adopt
SNR-04M6,USGS:01628500,snap-20260825-adopt
SNR-04M7,USGS:381922076043001,snap-20260825-adopt
SNR-04M8,USGS:381922076043002,snap-20260825-adopt
SNR-04M9,USGS:05595200,snap-20260825-adopt
SNR-04MA,USGS:03207061,snap-20260825-adopt
SNR-04MB,USGS:02015600,snap-20260825-adopt
SNR-04MC,USGS:01666500,snap-20260825-adopt
SNR-04MD,USGS:05594200,snap-20260825-adopt
SNR-04ME,USGS:0329247350,snap-20260825-adopt
SNR-04MF,USGS:03216500,snap-20260825-adopt
SNR-04MG,USGS:03180900,snap-20260825-adopt
SNR-04MH,USGS:01622100,snap-20260825-adopt
SNR-04MI,USGS:01665400,snap-20260825-adopt
SNR-04MJ,USGS:01661050,snap-20260825-adopt
SNR-04MK,USGS:06914000,snap-20260825-adopt
SNR-04ML,USGS:06915977,snap-20260825-adopt
SNR-04MM,USGS:06922800,snap-20260825-adopt
SNR-04MN,USGS:01620500,snap-20260825-adopt
SNR-04MO,USGS:03216901,snap-20260825-adopt
SNR-04MP,USGS:07099200,snap-20260825-adopt
SNR-04MQ,USGS:06926500,snap-20260825-adopt
SNR-04MR,USGS:03200500,snap-20260825-adopt
SNR-04MS,USGS:01622000,snap-20260825-adopt
SNR-04MT,USGS:02032600,snap-20260825-adopt
SNR-04MU,USGS:03380450,snap-20260825-adopt
SNR-04MV,USGS:06915800,snap-20260825-adopt
SNR-04MW,USGS:03292472,snap-20260825-adopt
SNR-04MX,USGS:0319382976,snap-20260825-adopt
SNR-04MY,USGS:07180200,snap-20260825-adopt
SNR-04MZ,USGS:06914100,snap-20260825-adopt
SNR-04N0,USGS:01667500,snap-20260825-adopt
SNR-04N1,USGS:03303050,snap-20260825-adopt
SNR-04N2,USGS:07180000,snap-20260825-adopt
SNR-04N3,USGS:06926150,snap-20260825-adopt
SNR-04N4,USGS:07141300,snap-20260825-adopt
SNR-04N5,USGS:01486500,snap-20260825-adopt
SNR-04N6,USGS:03376000,snap-20260825-adopt
SNR-04N7,USGS:03197900,snap-20260825-adopt
SNR-04N8,USGS:01665300,snap-20260825-adopt
SNR-04N9,USGS:01667870,snap-20260825-adopt
SNR-04NA,USGS:03216505,snap-20260825-adopt
SNR-04NB,USGS:01621324,snap-20260825-adopt
SNR-04NC,USGS:03197950,snap-20260825-adopt
SNR-04ND,USGS:03197939,snap-20260825-adopt
SNR-04NE,USGS:03197910,snap-20260825-adopt
SNR-04NF,USGS:07110400,snap-20260825-adopt
SNR-04NG,USGS:03292470,snap-20260825-adopt
SNR-04NH,USGS:03197990,snap-20260825-adopt
SNR-04NI,USGS:03375800,snap-20260825-adopt
SNR-04NJ,USGS:03206450,snap-20260825-adopt
SNR-04NK,USGS:03380500,snap-20260825-adopt
SNR-04NL,USGS:06921800,snap-20260825-adopt
SNR-04NM,USGS:03216563,snap-20260825-adopt
SNR-04NN,USGS:01660795,snap-20260825-adopt
SNR-04NO,USGS:03216564,snap-20260825-adopt
SNR-04NP,USGS:07179795,snap-20260825-adopt
SNR-04NQ,USGS:03187000,snap-20260825-adopt
SNR-04NR,USGS:07182390,snap-20260825-adopt
SNR-04NS,USGS:03197937,snap-20260825-adopt
SNR-04NT,USGS:07181000,snap-20260825-adopt
SNR-04NU,USGS:06921760,snap-20260825-adopt
SNR-04NV,USGS:03294000,snap-20260825-adopt
SNR-04NW,USGS:01628600,snap-20260825-adopt
SNR-04NX,USGS:03198000,snap-20260825-adopt
SNR-04NY,USGS:03380000,snap-20260825-adopt
SNR-04NZ,USGS:07099100,snap-20260825-adopt
SNR-04O0,USGS:03302849,snap-20260825-adopt
SNR-04O1,USGS:07182280,snap-20260825-adopt
SNR-04O2,USGS:03380475,snap-20260825-adopt
SNR-04O3,USGS:01621470,snap-20260825-adopt
SNR-04O4,USGS:03186500,snap-20260825-adopt
SNR-04O5,USGS:01661000,snap-20260825-adopt
SNR-04O6,USGS:06921755,snap-20260825-adopt
SNR-04O7,USGS:03376300,snap-20260825-adopt
SNR-04O8,USGS:0162084652,snap-20260825-adopt
SNR-04O9,USGS:07015800,snap-20260825-adopt
SNR-04OA,USGS:07182260,snap-20260825-adopt
SNR-04OB,USGS:03376600,snap-20260825-adopt
SNR-04OC,USGS:03378000,snap-20260825-adopt
SNR-04OD,USGS:07182000,snap-20260825-adopt
SNR-04OE,USGS:01620671,snap-20260825-adopt
SNR-04OF,USGS:03204500,snap-20260825-adopt
SNR-04OG,USGS:07097000,snap-20260825-adopt
SNR-04OH,USGS:06934000,snap-20260825-adopt
SNR-04OI,USGS:01485000,snap-20260825-adopt
SNR-04OJ,USGS:03291000,snap-20260825-adopt
SNR-04OK,USGS:03376500,snap-20260825-adopt
SNR-04OL,USGS:03252500,snap-20260825-adopt
SNR-04OM,USGS:07018500,snap-20260825-adopt
SNR-04ON,USGS:01621450,snap-20260825-adopt
SNR-04OO,USGS:07181500,snap-20260825-adopt
SNR-04OP,USGS:03376340,snap-20260825-adopt
SNR-04OQ,USGS:01667600,snap-20260825-adopt
SNR-04OR,USGS:07182250,snap-20260825-adopt
SNR-04OS,USGS:03377500,snap-20260825-adopt
SNR-04OT,USGS:06925450,snap-20260825-adopt
SNR-04OU,USGS:03376550,snap-20260825-adopt
SNR-04OV,USGS:03206500,snap-20260825-adopt
SNR-04OW,USGS:07141800,snap-20260825-adopt
SNR-04OX,USGS:05594800,snap-20260825-adopt
SNR-04OY,USGS:03376230,snap-20260825-adopt
SNR-04OZ,USGS:03180680,snap-20260825-adopt
SNR-04P0,USGS:0148471320,snap-20260825-adopt
SNR-04P1,USGS:01629050,snap-20260825-adopt
SNR-04P2,USGS:01489500,snap-20260825-adopt
SNR-04P3,USGS:07143600,snap-20260825-adopt
SNR-04P4,USGS:03206000,snap-20260825-adopt
SNR-04P5,USGS:03375500,snap-20260825-adopt
SNR-04P6,USGS:03180670,snap-20260825-adopt
SNR-04P7,USGS:03204200,snap-20260825-adopt
SNR-04P8,USGS:03205180,snap-20260825-adopt
SNR-04P9,USGS:03290080,snap-20260825-adopt
SNR-04PA,USGS:03205995,snap-20260825-adopt
SNR-04PB,USGS:07142020,snap-20260825-adopt
SNR-04PC,USGS:07142015,snap-20260825-adopt
SNR-04PD,USGS:03250500,snap-20260825-adopt
SNR-04PE,USGS:07017000,snap-20260825-adopt
SNR-04PF,USGS:06926510,snap-20260825-adopt
SNR-04PG,USGS:01621410,snap-20260825-adopt
SNR-04PH,USGS:03376279,snap-20260825-adopt
SNR-04PI,USGS:03290580,snap-20260825-adopt
SNR-04PJ,USGS:01620821,snap-20260825-adopt
SNR-04PK,USGS:07179750,snap-20260825-adopt
SNR-04PL,USGS:07106300,snap-20260825-adopt
SNR-04PM,USGS:01621400,snap-20260825-adopt
SNR-04PN,USGS:06927000,snap-20260825-adopt
SNR-04PO,USGS:07099235,snap-20260825-adopt
SNR-04PP,USGS:07096000,snap-20260825-adopt
SNR-04PQ,USGS:03302800,snap-20260825-adopt
SNR-04PR,USGS:07096500,snap-20260825-adopt
SNR-04PS,USGS:06922700,snap-20260825-adopt
SNR-04PT,USGS:03376260,snap-20260825-adopt
SNR-04PU,USGS:01484985,snap-20260825-adopt
SNR-04PV,USGS:01486100,snap-20260825-adopt
SNR-04PW,USGS:07099238,snap-20260825-adopt
SNR-04PX,USGS:03290500,snap-20260825-adopt
SNR-04PY,USGS:382628104493700,snap-20260825-adopt
SNR-04PZ,USGS:382629104493000,snap-20260825-adopt
SNR-04Q0,USGS:05593575,snap-20260825-adopt
SNR-04Q1,USGS:03374500,snap-20260825-adopt
SNR-04Q2,USGS:01484983,snap-20260825-adopt
SNR-04Q3,USGS:03205000,snap-20260825-adopt
SNR-04Q4,USGS:06914500,snap-20260825-adopt
SNR-04Q5,USGS:07016500,snap-20260825-adopt
SNR-04Q6,USGS:0166526910,snap-20260825-adopt
SNR-04Q7,USGS:03374455,snap-20260825-adopt
SNR-04Q8,USGS:01490140,snap-20260825-adopt
SNR-04Q9,USGS:03201405,snap-20260825-adopt
SNR-04QA,USGS:01620800,snap-20260825-adopt
SNR-04QB,USGS:03292460,snap-20260825-adopt
SNR-04QC,USGS:07142019,snap-20260825-adopt
SNR-04QD,USGS:0166526535,snap-20260825-adopt
SNR-04QE,USGS:01594800,snap-20260825-adopt
SNR-04QF,USGS:03197680,snap-20260825-adopt
SNR-04QG,USGS:07141600,snap-20260825-adopt
SNR-04QH,USGS:05594100,snap-20260825-adopt
SNR-04QI,USGS:03201410,snap-20260825-adopt
SNR-04QJ,USGS:03200600,snap-20260825-adopt
SNR-04QK,USGS:01665050,snap-20260825-adopt
SNR-04QL,USGS:01484981,snap-20260825-adopt
SNR-04QM,USGS:06921600,snap-20260825-adopt
SNR-04QN,USGS:03291050,snap-20260825-adopt
SNR-04QO,USGS:03196750,snap-20260825-adopt
SNR-04QP,USGS:01484701,snap-20260825-adopt
SNR-04QQ,USGS:03197790,snap-20260825-adopt
SNR-04QR,USGS:07143500,snap-20260825-adopt
SNR-04QS,USGS:07143100,snap-20260825-adopt
SNR-04QT,USGS:07019300,snap-20260825-adopt
SNR-04QU,USGS:0166526303,snap-20260825-adopt
SNR-04QV,USGS:0166526399,snap-20260825-adopt
SNR-04QW,USGS:03196800,snap-20260825-adopt
SNR-04QX,USGS:07141900,snap-20260825-adopt
SNR-04QY,USGS:06935175,snap-20260825-adopt
SNR-04QZ,USGS:01665200,snap-20260825-adopt
SNR-04R0,USGS:07141770,snap-20260825-adopt
SNR-04R1,USGS:07099230,snap-20260825-adopt
SNR-04R2,USGS:01607300,snap-20260825-adopt
SNR-04R3,USGS:07017020,snap-20260825-adopt
SNR-04R4,USGS:07179730,snap-20260825-adopt
SNR-04R5,USGS:0166526050,snap-20260825-adopt
SNR-04R6,USGS:07093775,snap-20260825-adopt
SNR-04R7,USGS:01621209,snap-20260825-adopt
SNR-04R8,USGS:01621089,snap-20260825-adopt
SNR-04R9,USGS:03302730,snap-20260825-adopt
SNR-04RA,USGS:06910700,snap-20260825-adopt
SNR-04RB,USGS:03197000,snap-20260825-adopt
SNR-04RC,USGS:01660930,snap-20260825-adopt
SNR-04RD,USGS:07019320,snap-20260825-adopt
SNR-04RE,USGS:01621200,snap-20260825-adopt
SNR-04RF,USGS:03200650,snap-20260825-adopt
SNR-04RG,USGS:03194000,snap-20260825-adopt
SNR-04RH,USGS:01594710,snap-20260825-adopt
SNR-04RI,USGS:07141780,snap-20260825-adopt
SNR-04RJ,USGS:01664500,snap-20260825-adopt
SNR-04RK,USGS:06913700,snap-20260825-adopt
SNR-04RL,USGS:01665000,snap-20260825-adopt
SNR-04RM,USGS:03201420,snap-20260825-adopt
SNR-04RN,USGS:07099085,snap-20260825-adopt
SNR-04RO,USGS:03250620,snap-20260825-adopt
SNR-04RP,USGS:07141350,snap-20260825-adopt
SNR-04RQ,USGS:03194500,snap-20260825-adopt
SNR-04RR,USGS:07019317,snap-20260825-adopt
SNR-04RS,USGS:07141400,snap-20260825-adopt
SNR-04RT,USGS:03216000,snap-20260825-adopt
SNR-04RU,USGS:01487900,snap-20260825-adopt
SNR-04RV,USGS:03373681,snap-20260825-adopt
SNR-04RW,USGS:07010200,snap-20260825-adopt
SNR-04RX,USGS:01621050,snap-20260825-adopt
SNR-04RY,USGS:07094500,snap-20260825-adopt
SNR-04RZ,USGS:07099060,snap-20260825-adopt
SNR-04S0,USGS:03374100,snap-20260825-adopt
SNR-04S1,USGS:03197500,snap-20260825-adopt
SNR-04S2,USGS:01660380,snap-20260825-adopt
SNR-04S3,USGS:01660400,snap-20260825-adopt
SNR-04S4,USGS:01660920,snap-20260825-adopt
SNR-04S5,USGS:07010208,snap-20260825-adopt
SNR-04S6,USGS:06921590,snap-20260825-adopt
SNR-04S7,USGS:03196100,snap-20260825-adopt
SNR-04S8,USGS:03205500,snap-20260825-adopt
SNR-04S9,USGS:07179785,snap-20260825-adopt
SNR-04SA,USGS:07019310,snap-20260825-adopt
SNR-04SB,USGS:07099080,snap-20260825-adopt
SNR-04SC,USGS:07017115,snap-20260825-adopt
SNR-04SD,USGS:01490120,snap-20260825-adopt
SNR-04SE,USGS:07106200,snap-20260825-adopt
SNR-04SF,USGS:03373680,snap-20260825-adopt
SNR-04SG,USGS:07093700,snap-20260825-adopt
SNR-04SH,USGS:01621000,snap-20260825-adopt
SNR-04SI,USGS:07019000,snap-20260825-adopt
SNR-04SJ,USGS:01660500,snap-20260825-adopt
SNR-04SK,USGS:05593520,snap-20260825-adopt
SNR-04SL,USGS:03180530,snap-20260825-adopt
SNR-04SM,USGS:07093000,snap-20260825-adopt
SNR-04SN,USGS:06906715,snap-20260825-adopt
SNR-04SO,USGS:03374000,snap-20260825-adopt
SNR-04SP,USGS:07092000,snap-20260825-adopt
SNR-04SQ,USGS:01490000,snap-20260825-adopt
SNR-04SR,USGS:07019220,snap-20260825-adopt
SNR-04SS,USGS:07019210,snap-20260825-adopt
SNR-04ST,USGS:07019035,snap-20260825-adopt
SNR-04SU,USGS:0163283609,snap-20260825-adopt
SNR-04SV,USGS:06911000,snap-20260825-adopt
SNR-04SW,USGS:383059096183300,snap-20260825-adopt
SNR-04SX,USGS:01664800,snap-20260825-adopt
SNR-04SY,USGS:03201100,snap-20260825-adopt
SNR-04SZ,USGS:05593525,snap-20260825-adopt
SNR-04T0,USGS:03292350,snap-20260825-adopt
SNR-04T1,USGS:03380350,snap-20260825-adopt
SNR-04T2,USGS:03380400,snap-20260825-adopt
SNR-04T3,USGS:03292200,snap-20260825-adopt
SNR-04T4,USGS:07093500,snap-20260825-adopt
SNR-04T5,USGS:01484695,snap-20260825-adopt
SNR-04T6,USGS:07142860,snap-20260825-adopt
SNR-04T7,USGS:01632073,snap-20260825-adopt
SNR-04T8,USGS:03197445,snap-20260825-adopt
SNR-04T9,USGS:01660100,snap-20260825-adopt
SNR-04TA,USGS:03251015,snap-20260825-adopt
SNR-04TB,USGS:383131096195300,snap-20260825-adopt
SNR-04TC,USGS:05594600,snap-20260825-adopt
SNR-04TD,USGS:03201300,snap-20260825-adopt
SNR-04TE,USGS:03201000,snap-20260825-adopt
SNR-04TF,USGS:07010180,snap-20260825-adopt
SNR-04TG,USGS:07019195,snap-20260825-adopt
SNR-04TH,USGS:01487500,snap-20260825-adopt
SNR-04TI,USGS:01658705,snap-20260825-adopt
SNR-04TJ,USGS:06921740,snap-20260825-adopt
SNR-04TK,USGS:03373980,snap-20260825-adopt
SNR-04TL,USGS:01484548,snap-20260825-adopt
SNR-04TM,USGS:06910750,snap-20260825-adopt
SNR-04TN,USGS:01664000,snap-20260825-adopt
SNR-04TO,USGS:03216070,snap-20260825-adopt
SNR-04TP,USGS:01658698,snap-20260825-adopt
SNR-04TQ,USGS:383207106043901,snap-20260825-adopt
SNR-04TR,USGS:07010155,snap-20260825-adopt
SNR-04TS,USGS:07019090,snap-20260825-adopt
SNR-04TT,USGS:07142900,snap-20260825-adopt
SNR-04TU,USGS:05593020,snap-20260825-adopt
SNR-04TV,USGS:03379650,snap-20260825-adopt
SNR-04TW,USGS:03197440,snap-20260825-adopt
SNR-04TX,USGS:01488000,snap-20260825-adopt
SNR-04TY,USGS:01660000,snap-20260825-adopt
SNR-04TZ,USGS:03373686,snap-20260825-adopt
SNR-04U0,USGS:05594090,snap-20260825-adopt
SNR-04U1,USGS:383231076411301,snap-20260825-adopt
SNR-04U2,USGS:383234075045201,snap-20260825-adopt
SNR-04U3,USGS:03180300,snap-20260825-adopt
SNR-04U4,USGS:03237250,snap-20260825-adopt
SNR-04U5,USGS:03180500,snap-20260825-adopt
SNR-04U6,USGS:01664700,snap-20260825-adopt
SNR-04U7,USGS:01488110,snap-20260825-adopt
SNR-04U8,USGS:383238076412501,snap-20260825-adopt
SNR-04U9,USGS:03237255,snap-20260825-adopt
SNR-04UA,USGS:01484600,snap-20260825-adopt
SNR-04UB,USGS:03302690,snap-20260825-adopt
SNR-04UC,USGS:383248076405303,snap-20260825-adopt
SNR-04UD,USGS:07091500,snap-20260825-adopt
SNR-04UE,USGS:07019050,snap-20260825-adopt
SNR-04UF,USGS:06911400,snap-20260825-adopt
SNR-04UG,USGS:07019130,snap-20260825-adopt
SNR-04UH,USGS:383248076405302,snap-20260825-adopt
SNR-04UI,USGS:01484550,snap-20260825-adopt
SNR-04UJ,USGS:383250076405302,snap-20260825-adopt
SNR-04UK,USGS:03251000,snap-20260825-adopt
SNR-04UL,USGS:383309075051101,snap-20260825-adopt
SNR-04UM,USGS:03049925,snap-20260825-adopt
SNR-04UN,USGS:07019120,snap-20260825-adopt
SNR-04UO,USGS:06913600,snap-20260825-adopt
SNR-04UP,USGS:07179710,snap-20260825-adopt
SNR-04UQ,USGS:06921720,snap-20260825-adopt
SNR-04UR,USGS:07019072,snap-20260825-adopt
SNR-04US,USGS:03373610,snap-20260825-adopt
SNR-04UT,USGS:01659500,snap-20260825-adopt
SNR-04UU,USGS:03373850,snap-20260825-adopt
SNR-04UV,USGS:03180350,snap-20260825-adopt
SNR-04UW,USGS:07010097,snap-20260825-adopt
SNR-04UX,USGS:06935450,snap-20260825-adopt
SNR-04UY,USGS:07099050,snap-20260825-adopt
SNR-04UZ,USGS:01484531,snap-20260825-adopt
SNR-04V0,USGS:03373695,snap-20260825-adopt
SNR-04V1,USGS:06866000,snap-20260825-adopt
SNR-04V2,USGS:03217000,snap-20260825-adopt
SNR-04V3,USGS:07010094,snap-20260825-adopt
SNR-04V4,USGS:0163287828,snap-20260825-adopt
SNR-04V5,USGS:07123700,snap-20260825-adopt
SNR-04V6,USGS:01659000,snap-20260825-adopt
SNR-04V7,USGS:06935550,snap-20260825-adopt
SNR-04V8,USGS:06910800,snap-20260825-adopt
SNR-04V9,USGS:03237900,snap-20260825-adopt
SNR-04VA,USGS:07019185,snap-20260825-adopt
SNR-04VB,USGS:03360895,snap-20260825-adopt
SNR-04VC,USGS:01658650,snap-20260825-adopt
SNR-04VD,USGS:01658480,snap-20260825-adopt
SNR-04VE,USGS:03196500,snap-20260825-adopt
SNR-04VF,USGS:07019180,snap-20260825-adopt
SNR-04VG,USGS:01629945,snap-20260825-adopt
SNR-04VH,USGS:06915100,snap-20260825-adopt
SNR-04VI,USGS:07010090,snap-20260825-adopt
SNR-04VJ,USGS:01658550,snap-20260825-adopt
SNR-04VK,USGS:07019175,snap-20260825-adopt
SNR-04VL,USGS:01632300,snap-20260825-adopt
SNR-04VM,USGS:06910430,snap-20260825-adopt
SNR-04VN,USGS:03373560,snap-20260825-adopt
SNR-04VO,USGS:03237895,snap-20260825-adopt
SNR-04VP,USGS:01594670,snap-20260825-adopt
SNR-04VQ,USGS:06913000,snap-20260825-adopt
SNR-04VR,USGS:03373700,snap-20260825-adopt
SNR-04VS,USGS:07010088,snap-20260825-adopt
SNR-04VT,USGS:06910450,snap-20260825-adopt
SNR-04VU,USGS:01658500,snap-20260825-adopt
SNR-04VV,USGS:01487698,snap-20260825-adopt
SNR-04VW,USGS:03197062,snap-20260825-adopt
SNR-04VX,USGS:07019145,snap-20260825-adopt
SNR-04VY,USGS:03251008,snap-20260825-adopt
SNR-04VZ,USGS:01484540,snap-20260825-adopt
SNR-04W0,USGS:07019100,snap-20260825-adopt
SNR-04W1,USGS:01663500,snap-20260825-adopt
SNR-04W2,USGS:03196600,snap-20260825-adopt
SNR-04W3,USGS:07019150,snap-20260825-adopt
SNR-04W4,USGS:05594500,snap-20260825-adopt
SNR-04W5,USGS:01484525,snap-20260825-adopt
SNR-04W6,USGS:03251200,snap-20260825-adopt
SNR-04W7,USGS:01658000,snap-20260825-adopt
SNR-04W8,USGS:03205470,snap-20260825-adopt
SNR-04W9,USGS:03194700,snap-20260825-adopt
SNR-04WA,USGS:07143200,snap-20260825-adopt
SNR-04WB,USGS:03049930,snap-20260825-adopt
SNR-04WC,USGS:03251500,snap-20260825-adopt
SNR-04WD,USGS:07179600,snap-20260825-adopt
SNR-04WE,USGS:01655480,snap-20260825-adopt
SNR-04WF,USGS:07010086,snap-20260825-adopt
SNR-04WG,USGS:06911490,snap-20260825-adopt
SNR-04WH,USGS:07106000,snap-20260825-adopt
SNR-04WI,USGS:383619104520401,snap-20260825-adopt
SNR-04WJ,USGS:03302680,snap-20260825-adopt
SNR-04WK,USGS:01632082,snap-20260825-adopt
SNR-04WL,USGS:383631106052401,snap-20260825-adopt
SNR-04WM,USGS:06911500,snap-20260825-adopt
SNR-04WN,USGS:05594000,snap-20260825-adopt
SNR-04WO,USGS:06935755,snap-20260825-adopt
SNR-04WP,USGS:01484683,snap-20260825-adopt
SNR-04WQ,USGS:383637104531301,snap-20260825-adopt
SNR-04WR,USGS:05593000,snap-20260825-adopt
SNR-04WS,USGS:07179700,snap-20260825-adopt
SNR-04WT,USGS:03067500,snap-20260825-adopt
SNR-04WU,USGS:01656102,snap-20260825-adopt
SNR-04WV,USGS:06865500,snap-20260825-adopt
SNR-04WW,USGS:07099215,snap-20260825-adopt
SNR-04WX,USGS:07010070,snap-20260825-adopt
SNR-04WY,USGS:05594070,snap-20260825-adopt
SNR-04WZ,USGS:01656100,snap-20260825-adopt
SNR-04X0,USGS:07010075,snap-20260825-adopt
SNR-04X1,USGS:07010082,snap-20260825-adopt
SNR-04X2,USGS:03195000,snap-20260825-adopt
SNR-04X3,USGS:01657895,snap-20260825-adopt
SNR-04X4,USGS:03067510,snap-20260825-adopt
SNR-04X5,USGS:383705106071601,snap-20260825-adopt
SNR-04X6,USGS:06913500,snap-20260825-adopt
SNR-04X7,USGS:06935800,snap-20260825-adopt
SNR-04X8,USGS:07010061,snap-20260825-adopt
SNR-04X9,USGS:03360850,snap-20260825-adopt
SNR-04XA,USGS:07010038,snap-20260825-adopt
SNR-04XB,USGS:07010055,snap-20260825-adopt
SNR-04XC,USGS:01484534,snap-20260825-adopt
SNR-04XD,USGS:01484680,snap-20260825-adopt
SNR-04XE,USGS:03197150,snap-20260825-adopt
SNR-04XF,USGS:06921712,snap-20260825-adopt
SNR-04XG,USGS:03380300,snap-20260825-adopt
SNR-04XH,USGS:07099220,snap-20260825-adopt
SNR-04XI,USGS:06870300,snap-20260825-adopt
SNR-04XJ,USGS:05589780,snap-20260825-adopt
SNR-04XK,USGS:03291545,snap-20260825-adopt
SNR-04XL,USGS:01663000,snap-20260825-adopt
SNR-04XM,USGS:07010000,snap-20260825-adopt
SNR-04XN,USGS:01607500,snap-20260825-adopt
SNR-04XO,USGS:06935725,snap-20260825-adopt
SNR-04XP,USGS:01607510,snap-20260825-adopt
SNR-04XQ,USGS:03238030,snap-20260825-adopt
SNR-04XR,USGS:03379500,snap-20260825-adopt
SNR-04XS,USGS:03195100,snap-20260825-adopt
SNR-04XT,USGS:01605500,snap-20260825-adopt
SNR-04XU,USGS:07010048,snap-20260825-adopt
SNR-04XV,USGS:03373530,snap-20260825-adopt
SNR-04XW,USGS:01656000,snap-20260825-adopt
SNR-04XX,USGS:01632000,snap-20260825-adopt
SNR-04XY,USGS:07010044,snap-20260825-adopt
SNR-04XZ,USGS:01484500,snap-20260825-adopt
SNR-04Y0,USGS:01594600,snap-20260825-adopt
SNR-04Y1,USGS:01660900,snap-20260825-adopt
SNR-04Y2,USGS:01656120,snap-20260825-adopt
SNR-04Y3,USGS:07105940,snap-20260825-adopt
SNR-04Y4,USGS:07010040,snap-20260825-adopt
SNR-04Y5,USGS:05589500,snap-20260825-adopt
SNR-04Y6,USGS:01629400,snap-20260825-adopt
SNR-04Y7,USGS:03237280,snap-20260825-adopt
SNR-04Y8,USGS:03201440,snap-20260825-adopt
SNR-04Y9,USGS:01657885,snap-20260825-adopt
SNR-04YA,USGS:06912500,snap-20260825-adopt
SNR-04YB,USGS:01657850,snap-20260825-adopt
SNR-04YC,USGS:01629500,snap-20260825-adopt
SNR-04YD,USGS:06935850,snap-20260825-adopt
SNR-04YE,USGS:03216600,snap-20260825-adopt
SNR-04YF,USGS:06910300,snap-20260825-adopt
SNR-04YG,USGS:01629561,snap-20260825-adopt
SNR-04YH,USGS:07091200,snap-20260825-adopt
SNR-04YI,USGS:03216632,snap-20260825-adopt
SNR-04YJ,USGS:07105960,snap-20260825-adopt
SNR-04YK,USGS:06935830,snap-20260825-adopt
SNR-04YL,USGS:01487195,snap-20260825-adopt
SNR-04YM,USGS:01662800,snap-20260825-adopt
SNR-04YN,USGS:06915000,snap-20260825-adopt
SNR-04YO,USGS:01605600,snap-20260825-adopt
SNR-04YP,USGS:06935770,snap-20260825-adopt
SNR-04YQ,USGS:03253000,snap-20260825-adopt
SNR-04YR,USGS:03291585,snap-20260825-adopt
SNR-04YS,USGS:07093740,snap-20260825-adopt
SNR-04YT,USGS:06914980,snap-20260825-adopt
SNR-04YU,USGS:06906700,snap-20260825-adopt
SNR-04YV,USGS:06910400,snap-20260825-adopt
SNR-04YW,USGS:06935880,snap-20260825-adopt
SNR-04YX,USGS:383944104474201,snap-20260825-adopt
SNR-04YY,USGS:03195500,snap-20260825-adopt
SNR-04YZ,USGS:07096250,snap-20260825-adopt
SNR-04Z0,USGS:03049950,snap-20260825-adopt
SNR-04Z1,USGS:07179500,snap-20260825-adopt
SNR-04Z2,USGS:03196000,snap-20260825-adopt
SNR-04Z3,USGS:03373500,snap-20260825-adopt
SNR-04Z4,USGS:06877200,snap-20260825-adopt
SNR-04Z5,USGS:07010022,snap-20260825-adopt
SNR-04Z6,USGS:01662300,snap-20260825-adopt
SNR-04Z7,USGS:06934750,snap-20260825-adopt
SNR-04Z8,USGS:03373508,snap-20260825-adopt
SNR-04Z9,USGS:01605620,snap-20260825-adopt
SNR-04ZA,USGS:07010016,snap-20260825-adopt
SNR-04ZB,USGS:01655794,snap-20260825-adopt
SNR-04ZC,USGS:03346650,snap-20260825-adopt
SNR-04ZD,USGS:03195600,snap-20260825-adopt
SNR-04ZE,USGS:07010030,snap-20260825-adopt
SNR-04ZF,USGS:384037104472001,snap-20260825-adopt
SNR-04ZG,USGS:07105932,snap-20260825-adopt
SNR-04ZH,USGS:03378980,snap-20260825-adopt
SNR-04ZI,USGS:384047104510301,snap-20260825-adopt
SNR-04ZJ,USGS:384048104504901,snap-20260825-adopt
SNR-04ZK,USGS:01657800,snap-20260825-adopt
SNR-04ZL,USGS:01657655,snap-20260825-adopt
SNR-04ZM,USGS:07105928,snap-20260825-adopt
SNR-04ZN,USGS:07105924,snap-20260825-adopt
SNR-04ZO,USGS:03049970,snap-20260825-adopt
SNR-04ZP,USGS:03343010,snap-20260825-adopt
SNR-04ZQ,USGS:07105920,snap-20260825-adopt
SNR-04ZR,USGS:01492050,snap-20260825-adopt
SNR-04ZS,USGS:06877400,snap-20260825-adopt
SNR-04ZT,USGS:06935890,snap-20260825-adopt
SNR-04ZU,USGS:07010035,snap-20260825-adopt
SNR-04ZV,USGS:07010034,snap-20260825-adopt
SNR-04ZW,USGS:03238000,snap-20260825-adopt
SNR-04ZX,USGS:07105900,snap-20260825-adopt
SNR-04ZY,USGS:01662000,snap-20260825-adopt
SNR-04ZZ,USGS:01487165,snap-20260825-adopt
SNR-0500,USGS:06935700,snap-20260825-adopt
SNR-0501,USGS:03195250,snap-20260825-adopt
SNR-0502,USGS:05592900,snap-20260825-adopt
SNR-0503,USGS:01484670,snap-20260825-adopt
SNR-0504,USGS:01487150,snap-20260825-adopt
SNR-0505,USGS:06912300,snap-20260825-adopt
SNR-0506,USGS:01632900,snap-20260825-adopt
SNR-0507,USGS:01662600,snap-20260825-adopt
SNR-0508,USGS:07105950,snap-20260825-adopt
SNR-0509,USGS:01605700,snap-20260825-adopt
SNR-050A,USGS:06914960,snap-20260825-adopt
SNR-050B,USGS:0166236713,snap-20260825-adopt
SNR-050C,USGS:06906800,snap-20260825-adopt
SNR-050D,USGS:01655390,snap-20260825-adopt
SNR-050E,USGS:0166236559,snap-20260825-adopt
SNR-050F,USGS:03343000,snap-20260825-adopt
SNR-050G,USGS:01656700,snap-20260825-adopt
SNR-050H,USGS:01657500,snap-20260825-adopt
SNR-050I,USGS:01653600,snap-20260825-adopt
SNR-050J,USGS:384220104503701,snap-20260825-adopt
SNR-050K,USGS:03291500,snap-20260825-adopt
SNR-050L,USGS:07105945,snap-20260825-adopt
SNR-050M,USGS:384232091225101,snap-20260825-adopt
SNR-050N,USGS:06911900,snap-20260825-adopt
SNR-050O,USGS:06934500,snap-20260825-adopt
SNR-050P,USGS:03253500,snap-20260825-adopt
SNR-050Q,USGS:06866500,snap-20260825-adopt
SNR-050R,USGS:06862700,snap-20260825-adopt
SNR-050S,USGS:0166236472,snap-20260825-adopt
SNR-050T,USGS:06862850,snap-20260825-adopt
SNR-050U,USGS:01489000,snap-20260825-adopt
SNR-050V,USGS:07090000,snap-20260825-adopt
SNR-050W,USGS:07090500,snap-20260825-adopt
SNR-050X,USGS:01662500,snap-20260825-adopt
SNR-050Y,USGS:06863000,snap-20260825-adopt
SNR-050Z,USGS:01632729,snap-20260825-adopt
SNR-0510,USGS:05594450,snap-20260825-adopt
SNR-0511,USGS:384304090441801,snap-20260825-adopt
SNR-0512,USGS:07105820,snap-20260825-adopt
SNR-0513,USGS:01653800,snap-20260825-adopt
SNR-0514,USGS:01484654,snap-20260825-adopt
SNR-0515,USGS:0166236327,snap-20260825-adopt
SNR-0516,USGS:06907055,snap-20260825-adopt
SNR-0517,USGS:384322106095401,snap-20260825-adopt
SNR-0518,USGS:03346500,snap-20260825-adopt
SNR-0519,USGS:01661977,snap-20260825-adopt
SNR-051A,USGS:0166236285,snap-20260825-adopt
SNR-051B,USGS:03159718,snap-20260825-adopt
SNR-051C,USGS:06864500,snap-20260825-adopt
SNR-051D,USGS:01487060,snap-20260825-adopt
SNR-051E,USGS:06935955,snap-20260825-adopt
SNR-051F,USGS:0166236224,snap-20260825-adopt
SNR-051G,USGS:01487000,snap-20260825-adopt
SNR-051H,USGS:07179330,snap-20260825-adopt
SNR-051I,USGS:03217200,snap-20260825-adopt
SNR-051J,USGS:05589000,snap-20260825-adopt
SNR-051K,USGS:07105800,snap-20260825-adopt
SNR-051L,USGS:07105815,snap-20260825-adopt
SNR-051M,USGS:01484668,snap-20260825-adopt
SNR-051N,USGS:03049975,snap-20260825-adopt
SNR-051O,USGS:03151550,snap-20260825-adopt
SNR-051P,USGS:03292000,snap-20260825-adopt
SNR-051Q,USGS:06910265,snap-20260825-adopt
SNR-051R,USGS:07091000,snap-20260825-adopt
SNR-051S,USGS:0166236168,snap-20260825-adopt
SNR-051T,USGS:01655160,snap-20260825-adopt
SNR-051U,USGS:06866490,snap-20260825-adopt
SNR-051V,USGS:01655380,snap-20260825-adopt
SNR-051W,USGS:07005000,snap-20260825-adopt
SNR-051X,USGS:03366400,snap-20260825-adopt
SNR-051Y,USGS:03367600,snap-20260825-adopt
SNR-051Z,USGS:0166236114,snap-20260825-adopt
SNR-0520,USGS:07004150,snap-20260825-adopt
SNR-0521,USGS:03237503,snap-20260825-adopt
SNR-0522,USGS:01653700,snap-20260825-adopt
SNR-0523,USGS:06864700,snap-20260825-adopt
SNR-0524,USGS:05514840,snap-20260825-adopt
SNR-0525,USGS:01655500,snap-20260825-adopt
SNR-0526,USGS:03277185,snap-20260825-adopt
SNR-0527,USGS:05588720,snap-20260825-adopt
SNR-0528,USGS:384428075355701,snap-20260825-adopt
SNR-0529,USGS:0166235998,snap-20260825-adopt
SNR-052A,USGS:03151400,snap-20260825-adopt
SNR-052B,USGS:03159750,snap-20260825-adopt
SNR-052C,USGS:01653717,snap-20260825-adopt
SNR-052D,USGS:0166235777,snap-20260825-adopt
SNR-052E,USGS:01633000,snap-20260825-adopt
SNR-052F,USGS:03051100,snap-20260825-adopt
SNR-052G,USGS:03342800,snap-20260825-adopt
SNR-052H,USGS:01657600,snap-20260825-adopt
SNR-052I,USGS:01656650,snap-20260825-adopt
SNR-052J,USGS:01655370,snap-20260825-adopt
SNR-052K,USGS:07179300,snap-20260825-adopt
SNR-052L,USGS:07105810,snap-20260825-adopt
SNR-052M,USGS:07105780,snap-20260825-adopt
SNR-052N,USGS:06914950,snap-20260825-adopt
SNR-052O,USGS:06912000,snap-20260825-adopt
SNR-052P,USGS:01655000,snap-20260825-adopt
SNR-052Q,USGS:07093705,snap-20260825-adopt
SNR-052R,USGS:06907000,snap-20260825-adopt
SNR-052S,USGS:384526075091601,snap-20260825-adopt
SNR-052T,USGS:01655350,snap-20260825-adopt
SNR-052U,USGS:06907200,snap-20260825-adopt
SNR-052V,USGS:06927240,snap-20260825-adopt
SNR-052W,USGS:06936200,snap-20260825-adopt
SNR-052X,USGS:05588710,snap-20260825-adopt
SNR-052Y,USGS:05588700,snap-20260825-adopt
SNR-052Z,USGS:01484270,snap-20260825-adopt
SNR-0530,USGS:07001985,snap-20260825-adopt
SNR-0531,USGS:01632970,snap-20260825-adopt
SNR-0532,USGS:06935980,snap-20260825-adopt
SNR-0533,USGS:07001960,snap-20260825-adopt
SNR-0534,USGS:07105770,snap-20260825-adopt
SNR-0535,USGS:03159700,snap-20260825-adopt
SNR-0536,USGS:01657415,snap-20260825-adopt
SNR-0537,USGS:03205372,snap-20260825-adopt
SNR-0538,USGS:06914990,snap-20260825-adopt
SNR-0539,USGS:06862500,snap-20260825-adopt
SNR-053A,USGS:03367000,snap-20260825-adopt
SNR-053B,USGS:03371500,snap-20260825-adopt
SNR-053C,USGS:03378900,snap-20260825-adopt
SNR-053D,USGS:01655340,snap-20260825-adopt
SNR-053E,USGS:06934680,snap-20260825-adopt
SNR-053F,USGS:01654670,snap-20260825-adopt
SNR-053G,USGS:03277200,snap-20260825-adopt
SNR-053H,USGS:05593945,snap-20260825-adopt
SNR-053I,USGS:06864000,snap-20260825-adopt
SNR-053J,USGS:384637075153201,snap-20260825-adopt
SNR-053K,USGS:384639075153401,snap-20260825-adopt
SNR-053L,USGS:384639075153402,snap-20260825-adopt
SNR-053M,USGS:384640075153401,snap-20260825-adopt
SNR-053N,USGS:384640075153402,snap-20260825-adopt
SNR-053O,USGS:07001910,snap-20260825-adopt
SNR-053P,USGS:01656600,snap-20260825-adopt
SNR-053Q,USGS:01656500,snap-20260825-adopt
SNR-053R,USGS:06914948,snap-20260825-adopt
SNR-053S,USGS:03366200,snap-20260825-adopt
SNR-053T,USGS:06862000,snap-20260825-adopt
SNR-053U,USGS:01653560,snap-20260825-adopt
SNR-053V,USGS:05514712,snap-20260825-adopt
SNR-053W,USGS:06935965,snap-20260825-adopt
SNR-053X,USGS:01653500,snap-20260825-adopt
SNR-053Y,USGS:01657394,snap-20260825-adopt
SNR-053Z,USGS:07105600,snap-20260825-adopt
SNR-0540,USGS:01653447,snap-20260825-adopt
SNR-0541,USGS:06859500,snap-20260825-adopt
SNR-0542,USGS:03254000,snap-20260825-adopt
SNR-0543,USGS:03159823,snap-20260825-adopt
SNR-0544,USGS:07105490,snap-20260825-adopt
SNR-0545,USGS:01653521,snap-20260825-adopt
SNR-0546,USGS:01484272,snap-20260825-adopt
SNR-0547,USGS:03254400,snap-20260825-adopt
SNR-0548,USGS:01653522,snap-20260825-adopt
SNR-0549,USGS:01653210,snap-20260825-adopt
SNR-054A,USGS:06864050,snap-20260825-adopt
SNR-054B,USGS:06860000,snap-20260825-adopt
SNR-054C,USGS:03360730,snap-20260825-adopt
SNR-054D,USGS:06914987,snap-20260825-adopt
SNR-054E,USGS:01655330,snap-20260825-adopt
SNR-054F,USGS:01657000,snap-20260825-adopt
SNR-054G,USGS:06936530,snap-20260825-adopt
SNR-054H,USGS:01657322,snap-20260825-adopt
SNR-054I,USGS:01653620,snap-20260825-adopt
SNR-054J,USGS:01632950,snap-20260825-adopt
SNR-054K,USGS:01661900,snap-20260825-adopt
SNR-054L,USGS:01652789,snap-20260825-adopt
SNR-054M,USGS:03063500,snap-20260825-adopt
SNR-054N,USGS:01486980,snap-20260825-adopt
SNR-054O,USGS:01652710,snap-20260825-adopt
SNR-054P,USGS:01655310,snap-20260825-adopt
SNR-054Q,USGS:03237210,snap-20260825-adopt
SNR-054R,USGS:05514860,snap-20260825-adopt
SNR-054S,USGS:07105530,snap-20260825-adopt
SNR-054T,USGS:03154250,snap-20260825-adopt
SNR-054U,USGS:01652910,snap-20260825-adopt
SNR-054V,USGS:01657020,snap-20260825-adopt
SNR-054W,USGS:03237500,snap-20260825-adopt
SNR-054X,USGS:01652860,snap-20260825-adopt
SNR-054Y,USGS:03366500,snap-20260825-adopt
SNR-054Z,USGS:05588500,snap-20260825-adopt
SNR-0550,USGS:01653000,snap-20260825-adopt
SNR-0551,USGS:03370100,snap-20260825-adopt
SNR-0552,USGS:01606800,snap-20260825-adopt
SNR-0553,USGS:06877500,snap-20260825-adopt
SNR-0554,USGS:01656200,snap-20260825-adopt
SNR-0555,USGS:03068000,snap-20260825-adopt
SNR-0556,USGS:06861000,snap-20260825-adopt
SNR-0557,USGS:03370900,snap-20260825-adopt
SNR-0558,USGS:03050000,snap-20260825-adopt
SNR-0559,USGS:01652810,snap-20260825-adopt
SNR-055A,USGS:06927200,snap-20260825-adopt
SNR-055B,USGS:01492000,snap-20260825-adopt
SNR-055C,USGS:03360600,snap-20260825-adopt
SNR-055D,USGS:01652690,snap-20260825-adopt
SNR-055E,USGS:06893080,snap-20260825-adopt
SNR-055F,USGS:07089000,snap-20260825-adopt
SNR-055G,USGS:01654000,snap-20260825-adopt
SNR-055H,USGS:01654500,snap-20260825-adopt
SNR-055I,USGS:01594526,snap-20260825-adopt
SNR-055J,USGS:01484300,snap-20260825-adopt
SNR-055K,USGS:06936500,snap-20260825-adopt
SNR-055L,USGS:01657300,snap-20260825-adopt
SNR-055M,USGS:07105500,snap-20260825-adopt
SNR-055N,USGS:01654345,snap-20260825-adopt
SNR-055O,USGS:01654259,snap-20260825-adopt
SNR-055P,USGS:06936475,snap-20260825-adopt
SNR-055Q,USGS:06863990,snap-20260825-adopt
SNR-055R,USGS:06907500,snap-20260825-adopt
SNR-055S,USGS:384909104504401,snap-20260825-adopt
SNR-055T,USGS:03238600,snap-20260825-adopt
SNR-055U,USGS:03052120,snap-20260825-adopt
SNR-055V,USGS:01654250,snap-20260825-adopt
SNR-055W,USGS:01654197,snap-20260825-adopt
SNR-055X,USGS:01656960,snap-20260825-adopt
SNR-055Y,USGS:07105000,snap-20260825-adopt
SNR-055Z,USGS:03151500,snap-20260825-adopt
SNR-0560,USGS:05587900,snap-20260825-adopt
SNR-0561,USGS:01654107,snap-20260825-adopt
SNR-0562,USGS:384933106064301,snap-20260825-adopt
SNR-0563,USGS:01654094,snap-20260825-adopt
SNR-0564,USGS:03254500,snap-20260825-adopt
SNR-0565,USGS:01654079,snap-20260825-adopt
SNR-0566,USGS:07103707,snap-20260825-adopt
SNR-0567,USGS:01488600,snap-20260825-adopt
SNR-0568,USGS:01656940,snap-20260825-adopt
SNR-0569,USGS:06921700,snap-20260825-adopt
SNR-056A,USGS:01630700,snap-20260825-adopt
SNR-056B,USGS:07104905,snap-20260825-adopt
SNR-056C,USGS:03201480,snap-20260825-adopt
SNR-056D,USGS:06860900,snap-20260825-adopt
SNR-056E,USGS:03160000,snap-20260825-adopt
SNR-056F,USGS:01652670,snap-20260825-adopt
SNR-056G,USGS:05588000,snap-20260825-adopt
SNR-056H,USGS:06893100,snap-20260825-adopt
SNR-056I,USGS:01652470,snap-20260825-adopt
SNR-056J,USGS:06909700,snap-20260825-adopt
SNR-056K,USGS:01652500,snap-20260825-adopt
SNR-056L,USGS:03201500,snap-20260825-adopt
SNR-056M,USGS:03254480,snap-20260825-adopt
SNR-056N,USGS:06869950,snap-20260825-adopt
SNR-056O,USGS:06907710,snap-20260825-adopt
SNR-056P,USGS:03154000,snap-20260825-adopt
SNR-056Q,USGS:03151520,snap-20260825-adopt
SNR-056R,USGS:03277130,snap-20260825-adopt
SNR-056S,USGS:01652610,snap-20260825-adopt
SNR-056T,USGS:03371520,snap-20260825-adopt
SNR-056U,USGS:06864300,snap-20260825-adopt
SNR-056V,USGS:06935997,snap-20260825-adopt
SNR-056W,USGS:07087200,snap-20260825-adopt
SNR-056X,USGS:01488500,snap-20260825-adopt
SNR-056Y,USGS:03068500,snap-20260825-adopt
SNR-056Z,USGS:06863500,snap-20260825-adopt
SNR-0570,USGS:06863700,snap-20260825-adopt
SNR-0571,USGS:06910250,snap-20260825-adopt
SNR-0572,USGS:03238700,snap-20260825-adopt
SNR-0573,USGS:07103700,snap-20260825-adopt
SNR-0574,USGS:01606900,snap-20260825-adopt
SNR-0575,USGS:01633595,snap-20260825-adopt
SNR-0576,USGS:385124104554201,snap-20260825-adopt
SNR-0577,USGS:385124104501301,snap-20260825-adopt
SNR-0578,USGS:07103695,snap-20260825-adopt
SNR-0579,USGS:385128104544701,snap-20260825-adopt
SNR-057A,USGS:06910150,snap-20260825-adopt
SNR-057B,USGS:03238500,snap-20260825-adopt
SNR-057C,USGS:385131104544201,snap-20260825-adopt
SNR-057D,USGS:01652400,snap-20260825-adopt
SNR-057E,USGS:385132104551001,snap-20260825-adopt
SNR-057F,USGS:06892440,snap-20260825-adopt
SNR-057G,USGS:385134104550601,snap-20260825-adopt
SNR-057H,USGS:01652650,snap-20260825-adopt
SNR-057I,USGS:385138105391700,snap-20260825-adopt
SNR-057J,USGS:01653900,snap-20260825-adopt
SNR-057K,USGS:0165389480,snap-20260825-adopt
SNR-057L,USGS:01652430,snap-20260825-adopt
SNR-057M,USGS:03237130,snap-20260825-adopt
SNR-057N,USGS:03153000,snap-20260825-adopt
SNR-057O,USGS:06870200,snap-20260825-adopt
SNR-057P,USGS:03151600,snap-20260825-adopt
SNR-057Q,USGS:01653925,snap-20260825-adopt
SNR-057R,USGS:01652645,snap-20260825-adopt
SNR-057S,USGS:01651827,snap-20260825-adopt
SNR-057T,USGS:385155104550302,snap-20260825-adopt
SNR-057U,USGS:01633500,snap-20260825-adopt
SNR-057V,USGS:01652600,snap-20260825-adopt
SNR-057W,USGS:0165389205,snap-20260825-adopt
SNR-057X,USGS:385201106085801,snap-20260825-adopt
SNR-057Y,USGS:385204104510101,snap-20260825-adopt
SNR-057Z,USGS:0165694286,snap-20260825-adopt
SNR-0580,USGS:06893750,snap-20260825-adopt
SNR-0581,USGS:03057300,snap-20260825-adopt
SNR-0582,USGS:06907700,snap-20260825-adopt
SNR-0583,USGS:03063550,snap-20260825-adopt
SNR-0584,USGS:01653950,snap-20260825-adopt
SNR-0585,USGS:03202000,snap-20260825-adopt
SNR-0586,USGS:03277250,snap-20260825-adopt
SNR-0587,USGS:01645700,snap-20260825-adopt
SNR-0588,USGS:06870500,snap-20260825-adopt
SNR-0589,USGS:01594500,snap-20260825-adopt
SNR-058A,USGS:07103703,snap-20260825-adopt
SNR-058B,USGS:05587850,snap-20260825-adopt
SNR-058C,USGS:03291780,snap-20260825-adopt
SNR-058D,USGS:01652620,snap-20260825-adopt
SNR-058E,USGS:06858000,snap-20260825-adopt
SNR-058F,USGS:01651812,snap-20260825-adopt
SNR-058G,USGS:0165690673,snap-20260825-adopt
SNR-058H,USGS:385252076572801,snap-20260825-adopt
SNR-058I,USGS:06892450,snap-20260825-adopt
SNR-058J,USGS:06891200,snap-20260825-adopt
SNR-058K,USGS:03237095,snap-20260825-adopt
SNR-058L,USGS:03064000,snap-20260825-adopt
SNR-058M,USGS:03063950,snap-20260825-adopt
SNR-058N,USGS:01656903,snap-20260825-adopt
SNR-058O,USGS:06892460,snap-20260825-adopt
SNR-058P,USGS:01645704,snap-20260825-adopt
SNR-058Q,USGS:06878500,snap-20260825-adopt
SNR-058R,USGS:05587500,snap-20260825-adopt
SNR-058S,USGS:01652090,snap-20260825-adopt
SNR-058T,USGS:06863900,snap-20260825-adopt
SNR-058U,USGS:05587498,snap-20260825-adopt
SNR-058V,USGS:07104500,snap-20260825-adopt
SNR-058W,USGS:07100750,snap-20260825-adopt
SNR-058X,USGS:06935500,snap-20260825-adopt
SNR-058Y,USGS:07103100,snap-20260825-adopt
SNR-058Z,USGS:06893345,snap-20260825-adopt
SNR-0590,USGS:06934650,snap-20260825-adopt
SNR-0591,USGS:01656725,snap-20260825-adopt
SNR-0592,USGS:06893150,snap-20260825-adopt
SNR-0593,USGS:01590700,snap-20260825-adopt
SNR-0594,USGS:06891260,snap-20260825-adopt
SNR-0595,USGS:385332076564102,snap-20260825-adopt
SNR-0596,USGS:03276950,snap-20260825-adopt
SNR-0597,USGS:03064500,snap-20260825-adopt
SNR-0598,USGS:07100300,snap-20260825-adopt
SNR-0599,USGS:01645750,snap-20260825-adopt
SNR-059A,USGS:06892359,snap-20260825-adopt
SNR-059B,USGS:385403105383300,snap-20260825-adopt
SNR-059C,USGS:01651800,snap-20260825-adopt
SNR-059D,USGS:01645800,snap-20260825-adopt
SNR-059E,USGS:01656850,snap-20260825-adopt
SNR-059F,USGS:06863475,snap-20260825-adopt
SNR-059G,USGS:03068600,snap-20260825-adopt
SNR-059H,USGS:01647600,snap-20260825-adopt
SNR-059I,USGS:06877000,snap-20260825-adopt
SNR-059J,USGS:01646750,snap-20260825-adopt
SNR-059K,USGS:06696000,snap-20260825-adopt
SNR-059L,USGS:01636210,snap-20260825-adopt
SNR-059M,USGS:01484100,snap-20260825-adopt
SNR-059N,USGS:06893350,snap-20260825-adopt
SNR-059O,USGS:06877600,snap-20260825-adopt
SNR-059P,USGS:01646755,snap-20260825-adopt
SNR-059Q,USGS:07103702,snap-20260825-adopt
SNR-059R,USGS:03068610,snap-20260825-adopt
SNR-059S,USGS:01656800,snap-20260825-adopt
SNR-059T,USGS:01645762,snap-20260825-adopt
SNR-059U,USGS:01651760,snap-20260825-adopt
SNR-059V,USGS:01645745,snap-20260825-adopt
SNR-059W,USGS:03068710,snap-20260825-adopt
SNR-059X,USGS:06863300,snap-20260825-adopt
SNR-059Y,USGS:01649000,snap-20260825-adopt
SNR-059Z,USGS:06891500,snap-20260825-adopt
SNR-05A0,USGS:03373240,snap-20260825-adopt
SNR-05A1,USGS:01646600,snap-20260825-adopt
SNR-05A2,USGS:03068690,snap-20260825-adopt
SNR-05A3,USGS:385443076562801,snap-20260825-adopt
SNR-05A4,USGS:385443076562802,snap-20260825-adopt
SNR-05A5,USGS:06893250,snap-20260825-adopt
SNR-05A6,USGS:385446094430700,snap-20260825-adopt
SNR-05A7,USGS:01633702,snap-20260825-adopt
SNR-05A8,USGS:03068800,snap-20260825-adopt
SNR-05A9,USGS:06893790,snap-20260825-adopt
SNR-05AA,USGS:01631000,snap-20260825-adopt
SNR-05AB,USGS:03063600,snap-20260825-adopt
SNR-05AC,USGS:01651750,snap-20260825-adopt
SNR-05AD,USGS:03050350,snap-20260825-adopt
SNR-05AE,USGS:07104050,snap-20260825-adopt
SNR-05AF,USGS:01651770,snap-20260825-adopt
SNR-05AG,USGS:01651730,snap-20260825-adopt
SNR-05AH,USGS:06935000,snap-20260825-adopt
SNR-05AI,USGS:06934600,snap-20260825-adopt
SNR-05AJ,USGS:03159870,snap-20260825-adopt
SNR-05AK,USGS:03050400,snap-20260825-adopt
SNR-05AL,USGS:01492550,snap-20260825-adopt
SNR-05AM,USGS:385501104483701,snap-20260825-adopt
SNR-05AN,USGS:06909950,snap-20260825-adopt
SNR-05AO,USGS:03068607,snap-20260825-adopt
SNR-05AP,USGS:385504076563801,snap-20260825-adopt
SNR-05AQ,USGS:385504076563802,snap-20260825-adopt
SNR-05AR,USGS:07104000,snap-20260825-adopt
SNR-05AS,USGS:03051260,snap-20260825-adopt
SNR-05AT,USGS:03050339,snap-20260825-adopt
SNR-05AU,USGS:03238495,snap-20260825-adopt
SNR-05AV,USGS:06910000,snap-20260825-adopt
SNR-05AW,USGS:03360400,snap-20260825-adopt
SNR-05AX,USGS:03254520,snap-20260825-adopt
SNR-05AY,USGS:06891483,snap-20260825-adopt
SNR-05AZ,USGS:01607000,snap-20260825-adopt
SNR-05B0,USGS:03050460,snap-20260825-adopt
SNR-05B1,USGS:03050450,snap-20260825-adopt
SNR-05B2,USGS:03153500,snap-20260825-adopt
SNR-05B3,USGS:05592800,snap-20260825-adopt
SNR-05B4,USGS:01646800,snap-20260825-adopt
SNR-05B5,USGS:06863420,snap-20260825-adopt
SNR-05B6,USGS:03068604,snap-20260825-adopt
SNR-05B7,USGS:03050500,snap-20260825-adopt
SNR-05B8,USGS:06893791,snap-20260825-adopt
SNR-05B9,USGS:06893195,snap-20260825-adopt
SNR-05BA,USGS:03151915,snap-20260825-adopt
SNR-05BB,USGS:0164579522,snap-20260825-adopt
SNR-05BC,USGS:06893793,snap-20260825-adopt
SNR-05BD,USGS:07103990,snap-20260825-adopt
SNR-05BE,USGS:385520094420000,snap-20260825-adopt
SNR-05BF,USGS:06893796,snap-20260825-adopt
SNR-05BG,USGS:06910230,snap-20260825-adopt
SNR-05BH,USGS:03360500,snap-20260825-adopt
SNR-05BI,USGS:01594445,snap-20260825-adopt
SNR-05BJ,USGS:07103985,snap-20260825-adopt
SNR-05BK,USGS:05514705,snap-20260825-adopt
SNR-05BL,USGS:0164578734,snap-20260825-adopt
SNR-05BM,USGS:06877120,snap-20260825-adopt
SNR-05BN,USGS:03366000,snap-20260825-adopt
SNR-05BO,USGS:385548095192701,snap-20260825-adopt
SNR-05BP,USGS:01633650,snap-20260825-adopt
SNR-05BQ,USGS:01645784,snap-20260825-adopt
SNR-05BR,USGS:07103987,snap-20260825-adopt
SNR-05BS,USGS:03152000,snap-20260825-adopt
SNR-05BT,USGS:06893280,snap-20260825-adopt
SNR-05BU,USGS:06863400,snap-20260825-adopt
SNR-05BV,USGS:06868000,snap-20260825-adopt
SNR-05BW,USGS:07103970,snap-20260825-adopt
SNR-05BX,USGS:01651007,snap-20260825-adopt
SNR-05BY,USGS:0163626650,snap-20260825-adopt
SNR-05BZ,USGS:06891650,snap-20260825-adopt
SNR-05C0,USGS:06867800,snap-20260825-adopt
SNR-05C1,USGS:03050800,snap-20260825-adopt
SNR-05C2,USGS:06891490,snap-20260825-adopt
SNR-05C3,USGS:385608094380300,snap-20260825-adopt
SNR-05C4,USGS:03159580,snap-20260825-adopt
SNR-05C5,USGS:03050900,snap-20260825-adopt
SNR-05C6,USGS:01646700,snap-20260825-adopt
SNR-05C7,USGS:06893275,snap-20260825-adopt
SNR-05C8,USGS:06892490,snap-20260825-adopt
SNR-05C9,USGS:03345500,snap-20260825-adopt
SNR-05CA,USGS:05592575,snap-20260825-adopt
SNR-05CB,USGS:01633700,snap-20260825-adopt
SNR-05CC,USGS:06893390,snap-20260825-adopt
SNR-05CD,USGS:07099990,snap-20260825-adopt
SNR-05CE,USGS:06927100,snap-20260825-adopt
SNR-05CF,USGS:03051500,snap-20260825-adopt
SNR-05CG,USGS:01645844,snap-20260825-adopt
SNR-05CH,USGS:07103980,snap-20260825-adopt
SNR-05CI,USGS:06893300,snap-20260825-adopt
SNR-05CJ,USGS:06894680,snap-20260825-adopt
SNR-05CK,USGS:06860300,snap-20260825-adopt
SNR-05CL,USGS:01644250,snap-20260825-adopt
SNR-05CM,USGS:06893400,snap-20260825-adopt
SNR-05CN,USGS:01491050,snap-20260825-adopt
SNR-05CO,USGS:03373000,snap-20260825-adopt
SNR-05CP,USGS:01636200,snap-20260825-adopt
SNR-05CQ,USGS:03365575,snap-20260825-adopt
SNR-05CR,USGS:03277070,snap-20260825-adopt
SNR-05CS,USGS:01594441,snap-20260825-adopt
SNR-05CT,USGS:03237315,snap-20260825-adopt
SNR-05CU,USGS:06891488,snap-20260825-adopt
SNR-05CV,USGS:06891486,snap-20260825-adopt
SNR-05CW,USGS:01411390,snap-20260825-adopt
SNR-05CX,USGS:03237300,snap-20260825-adopt
SNR-05CY,USGS:01651003,snap-20260825-adopt
SNR-05CZ,USGS:06878600,snap-20260825-adopt
SNR-05D0,USGS:01644290,snap-20260825-adopt
SNR-05D1,USGS:01646500,snap-20260825-adopt
SNR-05D2,USGS:01646502,snap-20260825-adopt
SNR-05D3,USGS:01644291,snap-20260825-adopt
SNR-05D4,USGS:03373200,snap-20260825-adopt
SNR-05D5,USGS:07103977,snap-20260825-adopt
SNR-05D6,USGS:03238745,snap-20260825-adopt
SNR-05D7,USGS:01644200,snap-20260825-adopt
SNR-05D8,USGS:01484018,snap-20260825-adopt
SNR-05D9,USGS:03277000,snap-20260825-adopt
SNR-05DA,USGS:01651000,snap-20260825-adopt
SNR-05DB,USGS:01644295,snap-20260825-adopt
SNR-05DC,USGS:03201988,snap-20260825-adopt
SNR-05DD,USGS:06860500,snap-20260825-adopt
SNR-05DE,USGS:07103940,snap-20260825-adopt
SNR-05DF,USGS:06910410,snap-20260825-adopt
SNR-05DG,USGS:01636242,snap-20260825-adopt
SNR-05DH,USGS:06892493,snap-20260825-adopt
SNR-05DI,USGS:01646300,snap-20260825-adopt
SNR-05DJ,USGS:01594440,snap-20260825-adopt
SNR-05DK,USGS:06855001,snap-20260825-adopt
SNR-05DL,USGS:06892494,snap-20260825-adopt
SNR-05DM,USGS:06892360,snap-20260825-adopt
SNR-05DN,USGS:06893500,snap-20260825-adopt
SNR-05DO,USGS:01646550,snap-20260825-adopt
SNR-05DP,USGS:05587480,snap-20260825-adopt
SNR-05DQ,USGS:01635500,snap-20260825-adopt
SNR-05DR,USGS:01636000,snap-20260825-adopt
SNR-05DS,USGS:07103930,snap-20260825-adopt
SNR-05DT,USGS:01646200,snap-20260825-adopt
SNR-05DU,USGS:01646305,snap-20260825-adopt
SNR-05DV,USGS:01648010,snap-20260825-adopt
SNR-05DW,USGS:01649500,snap-20260825-adopt
SNR-05DX,USGS:05592500,snap-20260825-adopt
SNR-05DY,USGS:01633728,snap-20260825-adopt
SNR-05DZ,USGS:03154500,snap-20260825-adopt
SNR-05E0,USGS:01648011,snap-20260825-adopt
SNR-05E1,USGS:03152500,snap-20260825-adopt
SNR-05E2,USGS:03371600,snap-20260825-adopt
SNR-05E3,USGS:385750104475001,snap-20260825-adopt
SNR-05E4,USGS:03052500,snap-20260825-adopt
SNR-05E5,USGS:01492500,snap-20260825-adopt
SNR-05E6,USGS:01645900,snap-20260825-adopt
SNR-05E7,USGS:06867000,snap-20260825-adopt
SNR-05E8,USGS:385800105362200,snap-20260825-adopt
SNR-05E9,USGS:01644300,snap-20260825-adopt
SNR-05EA,USGS:01491500,snap-20260825-adopt
SNR-05EB,USGS:07103965,snap-20260825-adopt
SNR-05EC,USGS:03159900,snap-20260825-adopt
SNR-05ED,USGS:06695000,snap-20260825-adopt
SNR-05EE,USGS:05587450,snap-20260825-adopt
SNR-05EF,USGS:06876900,snap-20260825-adopt
SNR-05EG,USGS:07103800,snap-20260825-adopt
SNR-05EH,USGS:01645975,snap-20260825-adopt
SNR-05EI,USGS:07103900,snap-20260825-adopt
SNR-05EJ,USGS:06893510,snap-20260825-adopt
SNR-05EK,USGS:03237060,snap-20260825-adopt
SNR-05EL,USGS:01484002,snap-20260825-adopt
SNR-05EM,USGS:01648000,snap-20260825-adopt
SNR-05EN,USGS:06891080,snap-20260825-adopt
SNR-05EO,USGS:03063723,snap-20260825-adopt
SNR-05EP,USGS:01635200,snap-20260825-adopt
SNR-05EQ,USGS:01491010,snap-20260825-adopt
SNR-05ER,USGS:06868900,snap-20260825-adopt
SNR-05ES,USGS:03342500,snap-20260825-adopt
SNR-05ET,USGS:06868200,snap-20260825-adopt
SNR-05EU,USGS:07103797,snap-20260825-adopt
SNR-05EV,USGS:03057500,snap-20260825-adopt
SNR-05EW,USGS:01646000,snap-20260825-adopt
SNR-05EX,USGS:01484000,snap-20260825-adopt
SNR-05EY,USGS:07103960,snap-20260825-adopt
SNR-05EZ,USGS:03369500,snap-20260825-adopt
SNR-05F0,USGS:03050650,snap-20260825-adopt
SNR-05F1,USGS:01634000,snap-20260825-adopt
SNR-05F2,USGS:07087050,snap-20260825-adopt
SNR-05F3,USGS:06892495,snap-20260825-adopt
SNR-05F4,USGS:06889600,snap-20260825-adopt
SNR-05F5,USGS:06879000,snap-20260825-adopt
SNR-05F6,USGS:06909000,snap-20260825-adopt
SNR-05F7,USGS:01645950,snap-20260825-adopt
SNR-05F8,USGS:03254550,snap-20260825-adopt
SNR-05F9,USGS:07103790,snap-20260825-adopt
SNR-05FA,USGS:03365500,snap-20260825-adopt
SNR-05FB,USGS:385854104470100,snap-20260825-adopt
SNR-05FC,USGS:06892350,snap-20260825-adopt
SNR-05FD,USGS:01606000,snap-20260825-adopt
SNR-05FE,USGS:01645940,snap-20260825-adopt
SNR-05FF,USGS:01590000,snap-20260825-adopt
SNR-05FG,USGS:01650800,snap-20260825-adopt
SNR-05FH,USGS:06696200,snap-20260825-adopt
SNR-05FI,USGS:01643700,snap-20260825-adopt
SNR-05FJ,USGS:03238772,snap-20260825-adopt
SNR-05FK,USGS:06857500,snap-20260825-adopt
SNR-05FL,USGS:01411382,snap-20260825-adopt
SNR-05FM,USGS:01606500,snap-20260825-adopt
SNR-05FN,USGS:0163623357,snap-20260825-adopt
SNR-05FO,USGS:06908000,snap-20260825-adopt
SNR-05FP,USGS:03277075,snap-20260825-adopt
SNR-05FQ,USGS:03345000,snap-20260825-adopt
SNR-05FR,USGS:01491000,snap-20260825-adopt
SNR-05FS,USGS:385956104500101,snap-20260825-adopt
SNR-05FT,USGS:06892510,snap-20260825-adopt
SNR-05FU,USGS:07103791,snap-20260825-adopt
SNR-05FV,USGS:06889610,snap-20260825-adopt
SNR-05FW,USGS:06877110,snap-20260825-adopt
SNR-05FX,USGS:03058180,snap-20260825-adopt
SNR-05FY,USGS:07103792,snap-20260825-adopt
SNR-05FZ,USGS:01590500,snap-20260825-adopt
SNR-05G0,USGS:06910200,snap-20260825-adopt
SNR-05G1,USGS:06869500,snap-20260825-adopt
SNR-05G2,USGS:07103950,snap-20260825-adopt
SNR-05G3,USGS:03058000,snap-20260825-adopt
SNR-05G4,USGS:03052340,snap-20260825-adopt
SNR-05G5,USGS:03372500,snap-20260825-adopt
SNR-05G6,USGS:03052450,snap-20260825-adopt
SNR-05G7,USGS:01635090,snap-20260825-adopt
SNR-05G8,USGS:01411380,snap-20260825-adopt
SNR-05G9,USGS:06879200,snap-20260825-adopt
SNR-05GA,USGS:06892800,snap-20260825-adopt
SNR-05GB,USGS:07103784,snap-20260825-adopt
SNR-05GC,USGS:03238780,snap-20260825-adopt
SNR-05GD,USGS:03346000,snap-20260825-adopt
SNR-05GE,USGS:01484050,snap-20260825-adopt
SNR-05GF,USGS:01484080,snap-20260825-adopt
SNR-05GG,USGS:03201980,snap-20260825-adopt
SNR-05GH,USGS:05514500,snap-20260825-adopt
SNR-05GI,USGS:03052300,snap-20260825-adopt
SNR-05GJ,USGS:01608000,snap-20260825-adopt
SNR-05GK,USGS:06894740,snap-20260825-adopt
SNR-05GL,USGS:01644370,snap-20260825-adopt
SNR-05GM,USGS:06893530,snap-20260825-adopt
SNR-05GN,USGS:03236090,snap-20260825-adopt
SNR-05GO,USGS:06889580,snap-20260825-adopt
SNR-05GP,USGS:03058006,snap-20260825-adopt
SNR-05GQ,USGS:06868500,snap-20260825-adopt
SNR-05GR,USGS:03064800,snap-20260825-adopt
SNR-05GS,USGS:06889635,snap-20260825-adopt
SNR-05GT,USGS:06893820,snap-20260825-adopt
SNR-05GU,USGS:06889585,snap-20260825-adopt
SNR-05GV,USGS:06893885,snap-20260825-adopt
SNR-05GW,USGS:06858500,snap-20260825-adopt
SNR-05GX,USGS:07086500,snap-20260825-adopt
SNR-05GY,USGS:01644000,snap-20260825-adopt
SNR-05GZ,USGS:03342000,snap-20260825-adopt
SNR-05H0,USGS:03238785,snap-20260825-adopt
SNR-05H1,USGS:06694100,snap-20260825-adopt
SNR-05H2,USGS:07087000,snap-20260825-adopt
SNR-05H3,USGS:06888900,snap-20260825-adopt
SNR-05H4,USGS:01490800,snap-20260825-adopt
SNR-05H5,USGS:03247041,snap-20260825-adopt
SNR-05H6,USGS:07103785,snap-20260825-adopt
SNR-05H7,USGS:06893890,snap-20260825-adopt
SNR-05H8,USGS:03201947,snap-20260825-adopt
SNR-05H9,USGS:01411400,snap-20260825-adopt
SNR-05HA,USGS:03247000,snap-20260825-adopt
SNR-05HB,USGS:06868850,snap-20260825-adopt
SNR-05HC,USGS:01411370,snap-20260825-adopt
SNR-05HD,USGS:06892513,snap-20260825-adopt
SNR-05HE,USGS:03051000,snap-20260825-adopt
SNR-05HF,USGS:03058020,snap-20260825-adopt
SNR-05HG,USGS:06889630,snap-20260825-adopt
SNR-05HH,USGS:03276700,snap-20260825-adopt
SNR-05HI,USGS:03262001,snap-20260825-adopt
SNR-05HJ,USGS:06858700,snap-20260825-adopt
SNR-05HK,USGS:07103780,snap-20260825-adopt
SNR-05HL,USGS:06878000,snap-20260825-adopt
SNR-05HM,USGS:03237041,snap-20260825-adopt
SNR-05HN,USGS:03369700,snap-20260825-adopt
SNR-05HO,USGS:06893557,snap-20260825-adopt
SNR-05HP,USGS:01649190,snap-20260825-adopt
SNR-05HQ,USGS:390202094362700,snap-20260825-adopt
SNR-05HR,USGS:03372700,snap-20260825-adopt
SNR-05HS,USGS:06893564,snap-20260825-adopt
SNR-05HT,USGS:06893553,snap-20260825-adopt
SNR-05HU,USGS:06889640,snap-20260825-adopt
SNR-05HV,USGS:03360652,snap-20260825-adopt
SNR-05HW,USGS:01643880,snap-20260825-adopt
SNR-05HX,USGS:06893830,snap-20260825-adopt
SNR-05HY,USGS:06893562,snap-20260825-adopt
SNR-05HZ,USGS:03052000,snap-20260825-adopt
SNR-05I0,USGS:03065050,snap-20260825-adopt
SNR-05I1,USGS:06893560,snap-20260825-adopt
SNR-05I2,USGS:01490600,snap-20260825-adopt
SNR-05I3,USGS:03341990,snap-20260825-adopt
SNR-05I4,USGS:01610400,snap-20260825-adopt
SNR-05I5,USGS:07086000,snap-20260825-adopt
SNR-05I6,USGS:06857100,snap-20260825-adopt
SNR-05I7,USGS:01610195,snap-20260825-adopt
SNR-05I8,USGS:03238798,snap-20260825-adopt
SNR-05I9,USGS:03236100,snap-20260825-adopt
SNR-05IA,USGS:06892900,snap-20260825-adopt
SNR-05IB,USGS:06889690,snap-20260825-adopt
SNR-05IC,USGS:06906600,snap-20260825-adopt
SNR-05ID,USGS:06892518,snap-20260825-adopt
SNR-05IE,USGS:06866800,snap-20260825-adopt
SNR-05IF,USGS:01644280,snap-20260825-adopt
SNR-05IG,USGS:06893910,snap-20260825-adopt
SNR-05IH,USGS:03341980,snap-20260825-adopt
SNR-05II,USGS:06909400,snap-20260825-adopt
SNR-05IJ,USGS:03369000,snap-20260825-adopt
SNR-05IK,USGS:03254693,snap-20260825-adopt
SNR-05IL,USGS:01484084,snap-20260825-adopt
SNR-05IM,USGS:06894760,snap-20260825-adopt
SNR-05IN,USGS:06891000,snap-20260825-adopt
SNR-05IO,USGS:03053500,snap-20260825-adopt
SNR-05IP,USGS:06888600,snap-20260825-adopt
SNR-05IQ,USGS:03254695,snap-20260825-adopt
SNR-05IR,USGS:03246500,snap-20260825-adopt
SNR-05IS,USGS:06889700,snap-20260825-adopt
SNR-05IT,USGS:03067100,snap-20260825-adopt
SNR-05IU,USGS:01494150,snap-20260825-adopt
SNR-05IV,USGS:03260010,snap-20260825-adopt
SNR-05IW,USGS:01610200,snap-20260825-adopt
SNR-05IX,USGS:390321096462301,snap-20260825-adopt
SNR-05IY,USGS:06893940,snap-20260825-adopt
SNR-05IZ,USGS:06888925,snap-20260825-adopt
SNR-05J0,USGS:01411360,snap-20260825-adopt
SNR-05J1,USGS:06868400,snap-20260825-adopt
SNR-05J2,USGS:01484085,snap-20260825-adopt
SNR-05J3,USGS:06893578,snap-20260825-adopt
SNR-05J4,USGS:06892940,snap-20260825-adopt
SNR-05J5,USGS:03155000,snap-20260825-adopt
SNR-05J6,USGS:06867500,snap-20260825-adopt
SNR-05J7,USGS:03247050,snap-20260825-adopt
SNR-05J8,USGS:06892500,snap-20260825-adopt
SNR-05J9,USGS:03260050,snap-20260825-adopt
SNR-05JA,USGS:390338096463502,snap-20260825-adopt
SNR-05JB,USGS:06879100,snap-20260825-adopt
SNR-05JC,USGS:03342350,snap-20260825-adopt
SNR-05JD,USGS:390345096472801,snap-20260825-adopt
SNR-05JE,USGS:03260012,snap-20260825-adopt
SNR-05JF,USGS:07084500,snap-20260825-adopt
SNR-05JG,USGS:03159540,snap-20260825-adopt
SNR-05JH,USGS:03065200,snap-20260825-adopt
SNR-05JI,USGS:06888500,snap-20260825-adopt
SNR-05JJ,USGS:390354096463901,snap-20260825-adopt
SNR-05JK,USGS:01650500,snap-20260825-adopt
SNR-05JL,USGS:01608050,snap-20260825-adopt
SNR-05JM,USGS:03342360,snap-20260825-adopt
SNR-05JN,USGS:06757600,snap-20260825-adopt
SNR-05JO,USGS:06889000,snap-20260825-adopt
SNR-05JP,USGS:06891050,snap-20260825-adopt
SNR-05JQ,USGS:01636316,snap-20260825-adopt
SNR-05JR,USGS:01589795,snap-20260825-adopt
SNR-05JS,USGS:01647850,snap-20260825-adopt
SNR-05JT,USGS:06893930,snap-20260825-adopt
SNR-05JU,USGS:03237020,snap-20260825-adopt
SNR-05JV,USGS:03368000,snap-20260825-adopt
SNR-05JW,USGS:01644100,snap-20260825-adopt
SNR-05JX,USGS:06888990,snap-20260825-adopt
SNR-05JY,USGS:01643805,snap-20260825-adopt
SNR-05JZ,USGS:03065000,snap-20260825-adopt
SNR-05K0,USGS:03372680,snap-20260825-adopt
SNR-05K1,USGS:390425074544601,snap-20260825-adopt
SNR-05K2,USGS:06890900,snap-20260825-adopt
SNR-05K3,USGS:03342300,snap-20260825-adopt
SNR-05K4,USGS:06893600,snap-20260825-adopt
SNR-05K5,USGS:01636311,snap-20260825-adopt
SNR-05K6,USGS:390439096445002,snap-20260825-adopt
SNR-05K7,USGS:06895192,snap-20260825-adopt
SNR-05K8,USGS:03155200,snap-20260825-adopt
SNR-05K9,USGS:03155220,snap-20260825-adopt
SNR-05KA,USGS:01610300,snap-20260825-adopt
SNR-05KB,USGS:01490500,snap-20260825-adopt
SNR-05KC,USGS:03260100,snap-20260825-adopt
SNR-05KD,USGS:07085500,snap-20260825-adopt
SNR-05KE,USGS:03378650,snap-20260825-adopt
SNR-05KF,USGS:03276800,snap-20260825-adopt
SNR-05KG,USGS:06699500,snap-20260825-adopt
SNR-05KH,USGS:01634500,snap-20260825-adopt
SNR-05KI,USGS:06694400,snap-20260825-adopt
SNR-05KJ,USGS:01490490,snap-20260825-adopt
SNR-05KK,USGS:390458096443001,snap-20260825-adopt
SNR-05KL,USGS:03155450,snap-20260825-adopt
SNR-05KM,USGS:06893970,snap-20260825-adopt
SNR-05KN,USGS:03365000,snap-20260825-adopt
SNR-05KO,USGS:01645200,snap-20260825-adopt
SNR-05KP,USGS:01483750,snap-20260825-adopt
SNR-05KQ,USGS:03260015,snap-20260825-adopt
SNR-05KR,USGS:01411356,snap-20260825-adopt
SNR-05KS,USGS:06893596,snap-20260825-adopt
SNR-05KT,USGS:07103755,snap-20260825-adopt
SNR-05KU,USGS:01649150,snap-20260825-adopt
SNR-05KV,USGS:390519096441201,snap-20260825-adopt
SNR-05KW,USGS:01608100,snap-20260825-adopt
SNR-05KX,USGS:06893588,snap-20260825-adopt
SNR-05KY,USGS:06892950,snap-20260825-adopt
SNR-05KZ,USGS:06879150,snap-20260825-adopt
SNR-05L0,USGS:03058500,snap-20260825-adopt
SNR-05L1,USGS:01650450,snap-20260825-adopt
SNR-05L2,USGS:06893960,snap-20260825-adopt
SNR-05L3,USGS:03236500,snap-20260825-adopt
SNR-05L4,USGS:03255000,snap-20260825-adopt
SNR-05L5,USGS:01594418,snap-20260825-adopt
SNR-05L6,USGS:03276650,snap-20260825-adopt
SNR-05L7,USGS:390546096442801,snap-20260825-adopt
SNR-05L8,USGS:03069000,snap-20260825-adopt
SNR-05L9,USGS:07103750,snap-20260825-adopt
SNR-05LA,USGS:06893590,snap-20260825-adopt
SNR-05LB,USGS:03238140,snap-20260825-adopt
SNR-05LC,USGS:01644148,snap-20260825-adopt
SNR-05LD,USGS:03342244,snap-20260825-adopt
SNR-05LE,USGS:06889500,snap-20260825-adopt
SNR-05LF,USGS:03372675,snap-20260825-adopt
SNR-05LG,USGS:06894000,snap-20260825-adopt
SNR-05LH,USGS:06879650,snap-20260825-adopt
SNR-05LI,USGS:07103747,snap-20260825-adopt
SNR-05LJ,USGS:01647740,snap-20260825-adopt
SNR-05LK,USGS:06908495,snap-20260825-adopt
SNR-05LL,USGS:03378635,snap-20260825-adopt
SNR-05LM,USGS:01608070,snap-20260825-adopt
SNR-05LN,USGS:06879500,snap-20260825-adopt
SNR-05LO,USGS:03260270,snap-20260825-adopt
SNR-05LP,USGS:06866900,snap-20260825-adopt
SNR-05LQ,USGS:03342250,snap-20260825-adopt
SNR-05LR,USGS:05513650,snap-20260825-adopt
SNR-05LS,USGS:03237000,snap-20260825-adopt
SNR-05LT,USGS:01411355,snap-20260825-adopt
SNR-05LU,USGS:01411409,snap-20260825-adopt
SNR-05LV,USGS:01614830,snap-20260825-adopt
SNR-05LW,USGS:06893619,snap-20260825-adopt
SNR-05LX,USGS:03248100,snap-20260825-adopt
SNR-05LY,USGS:06893950,snap-20260825-adopt
SNR-05LZ,USGS:01647725,snap-20260825-adopt
SNR-05M0,USGS:06893000,snap-20260825-adopt
SNR-05M1,USGS:06825100,snap-20260825-adopt
SNR-05M2,USGS:06893620,snap-20260825-adopt
SNR-05M3,USGS:390644096430202,snap-20260825-adopt
SNR-05M4,USGS:03066720,snap-20260825-adopt
SNR-05M5,USGS:03247400,snap-20260825-adopt
SNR-05M6,USGS:05513450,snap-20260825-adopt
SNR-05M7,USGS:01483740,snap-20260825-adopt
SNR-05M8,USGS:03246200,snap-20260825-adopt
SNR-05M9,USGS:03066630,snap-20260825-adopt
SNR-05MA,USGS:03066730,snap-20260825-adopt
SNR-05MB,USGS:07103740,snap-20260825-adopt
SNR-05MC,USGS:05513600,snap-20260825-adopt
SNR-05MD,USGS:01592500,snap-20260825-adopt
SNR-05ME,USGS:06908500,snap-20260825-adopt
SNR-05MF,USGS:06892000,snap-20260825-adopt
SNR-05MG,USGS:01647720,snap-20260825-adopt
SNR-05MH,USGS:05513200,snap-20260825-adopt
SNR-05MI,USGS:01650085,snap-20260825-adopt
SNR-05MJ,USGS:03155500,snap-20260825-adopt
SNR-05MK,USGS:03159530,snap-20260825-adopt
SNR-05ML,USGS:06876440,snap-20260825-adopt
SNR-05MM,USGS:01594400,snap-20260825-adopt
SNR-05MN,USGS:06909500,snap-20260825-adopt
SNR-05MO,USGS:03372670,snap-20260825-adopt
SNR-05MP,USGS:03069500,snap-20260825-adopt
SNR-05MQ,USGS:01650190,snap-20260825-adopt
SNR-05MR,USGS:03152200,snap-20260825-adopt
SNR-05MS,USGS:06889550,snap-20260825-adopt
SNR-05MT,USGS:03055020,snap-20260825-adopt
SNR-05MU,USGS:03259973,snap-20260825-adopt
SNR-05MV,USGS:390735084333302,snap-20260825-adopt
SNR-05MW,USGS:390735084333301,snap-20260825-adopt
SNR-05MX,USGS:390735084333300,snap-20260825-adopt
SNR-05MY,USGS:01650050,snap-20260825-adopt
SNR-05MZ,USGS:03066000,snap-20260825-adopt
SNR-05N0,USGS:03247100,snap-20260825-adopt
SNR-05N1,USGS:03201929,snap-20260825-adopt
SNR-05N2,USGS:01645000,snap-20260825-adopt
SNR-05N3,USGS:01411353,snap-20260825-adopt
SNR-05N4,USGS:05586685,snap-20260825-adopt
SNR-05N5,USGS:01592000,snap-20260825-adopt
SNR-05N6,USGS:03238400,snap-20260825-adopt
SNR-05N7,USGS:03342219,snap-20260825-adopt
SNR-05N8,USGS:390754096455200,snap-20260825-adopt
SNR-05N9,USGS:03065500,snap-20260825-adopt
SNR-05NA,USGS:01644603,snap-20260825-adopt
SNR-05NB,USGS:01494000,snap-20260825-adopt
SNR-05NC,USGS:01644600,snap-20260825-adopt
SNR-05ND,USGS:06894650,snap-20260825-adopt
SNR-05NE,USGS:01594000,snap-20260825-adopt
SNR-05NF,USGS:01490470,snap-20260825-adopt
SNR-05NG,USGS:01483625,snap-20260825-adopt
SNR-05NH,USGS:03248000,snap-20260825-adopt
SNR-05NI,USGS:03247500,snap-20260825-adopt
SNR-05NJ,USGS:06888700,snap-20260825-adopt
SNR-05NK,USGS:06876700,snap-20260825-adopt
SNR-05NL,USGS:03065400,snap-20260825-adopt
SNR-05NM,USGS:01483720,snap-20260825-adopt
SNR-05NN,USGS:03159555,snap-20260825-adopt
SNR-05NO,USGS:05513400,snap-20260825-adopt
SNR-05NP,USGS:01647685,snap-20260825-adopt
SNR-05NQ,USGS:03341900,snap-20260825-adopt
SNR-05NR,USGS:01589522,snap-20260825-adopt
SNR-05NS,USGS:05586686,snap-20260825-adopt
SNR-05NT,USGS:01411352,snap-20260825-adopt
SNR-05NU,USGS:06701700,snap-20260825-adopt
SNR-05NV,USGS:05513470,snap-20260825-adopt
SNR-05NW,USGS:05586684,snap-20260825-adopt
SNR-05NX,USGS:05593900,snap-20260825-adopt
SNR-05NY,USGS:390857096430600,snap-20260825-adopt
SNR-05NZ,USGS:390900106191901,snap-20260825-adopt
SNR-05O0,USGS:03259813,snap-20260825-adopt
SNR-05O1,USGS:03372000,snap-20260825-adopt
SNR-05O2,USGS:03054500,snap-20260825-adopt
SNR-05O3,USGS:06893060,snap-20260825-adopt
SNR-05O4,USGS:06868700,snap-20260825-adopt
SNR-05O5,USGS:03055040,snap-20260825-adopt
SNR-05O6,USGS:01483620,snap-20260825-adopt
SNR-05O7,USGS:03276640,snap-20260825-adopt
SNR-05O8,USGS:05513500,snap-20260825-adopt
SNR-05O9,USGS:01411350,snap-20260825-adopt
SNR-05OA,USGS:05592300,snap-20260825-adopt
SNR-05OB,USGS:03371700,snap-20260825-adopt
SNR-05OC,USGS:05587060,snap-20260825-adopt
SNR-05OD,USGS:01411435,snap-20260825-adopt
SNR-05OE,USGS:03160007,snap-20260825-adopt
SNR-05OF,USGS:05513700,snap-20260825-adopt
SNR-05OG,USGS:06700000,snap-20260825-adopt
SNR-05OH,USGS:03259757,snap-20260825-adopt
SNR-05OI,USGS:03372300,snap-20260825-adopt
SNR-05OJ,USGS:01483700,snap-20260825-adopt
SNR-05OK,USGS:07083710,snap-20260825-adopt
SNR-05OL,USGS:01615500,snap-20260825-adopt
SNR-05OM,USGS:06857000,snap-20260825-adopt
SNR-05ON,USGS:03342167,snap-20260825-adopt
SNR-05OO,USGS:03259500,snap-20260825-adopt
SNR-05OP,USGS:06888355,snap-20260825-adopt
SNR-05OQ,USGS:01644500,snap-20260825-adopt
SNR-05OR,USGS:06701620,snap-20260825-adopt
SNR-05OS,USGS:01643590,snap-20260825-adopt
SNR-05OT,USGS:01593500,snap-20260825-adopt
SNR-05OU,USGS:07083700,snap-20260825-adopt
SNR-05OV,USGS:01589500,snap-20260825-adopt
SNR-05OW,USGS:03159534,snap-20260825-adopt
SNR-05OX,USGS:03245500,snap-20260825-adopt
SNR-05OY,USGS:07083000,snap-20260825-adopt
SNR-05OZ,USGS:06887600,snap-20260825-adopt
SNR-05P0,USGS:01591700,snap-20260825-adopt
SNR-05P1,USGS:06879820,snap-20260825-adopt
SNR-05P2,USGS:01615000,snap-20260825-adopt
SNR-05P3,USGS:391029084344600,snap-20260825-adopt
SNR-05P4,USGS:06821280,snap-20260825-adopt
SNR-05P5,USGS:391035084344300,snap-20260825-adopt
SNR-05P6,USGS:06868300,snap-20260825-adopt
SNR-05P7,USGS:03342180,snap-20260825-adopt
SNR-05P8,USGS:01483670,snap-20260825-adopt
SNR-05P9,USGS:03155588,snap-20260825-adopt
SNR-05PA,USGS:01589501,snap-20260825-adopt
SNR-05PB,USGS:391040084344200,snap-20260825-adopt
SNR-05PC,USGS:391040084343800,snap-20260825-adopt
SNR-05PD,USGS:01616000,snap-20260825-adopt
SNR-05PE,USGS:391043084343500,snap-20260825-adopt
SNR-05PF,USGS:01610500,snap-20260825-adopt
SNR-05PG,USGS:391059084345500,snap-20260825-adopt
SNR-05PH,USGS:391059084342600,snap-20260825-adopt
SNR-05PI,USGS:01589512,snap-20260825-adopt
SNR-05PJ,USGS:391100084344300,snap-20260825-adopt
SNR-05PK,USGS:391101084344900,snap-20260825-adopt
SNR-05PL,USGS:06694700,snap-20260825-adopt
SNR-05PM,USGS:391104084343000,snap-20260825-adopt
SNR-05PN,USGS:06879815,snap-20260825-adopt
SNR-05PO,USGS:03364650,snap-20260825-adopt
SNR-05PP,USGS:07083200,snap-20260825-adopt
SNR-05PQ,USGS:01636451,snap-20260825-adopt
SNR-05PR,USGS:03342150,snap-20260825-adopt
SNR-05PS,USGS:01593450,snap-20260825-adopt
SNR-05PT,USGS:06879810,snap-20260825-adopt
SNR-05PU,USGS:01638350,snap-20260825-adopt
SNR-05PV,USGS:06821250,snap-20260825-adopt
SNR-05PW,USGS:01591610,snap-20260825-adopt
SNR-05PX,USGS:01616100,snap-20260825-adopt
SNR-05PY,USGS:06890600,snap-20260825-adopt
SNR-05PZ,USGS:06888350,snap-20260825-adopt
SNR-05Q0,USGS:03371630,snap-20260825-adopt
SNR-05Q1,USGS:01593710,snap-20260825-adopt
SNR-05Q2,USGS:06890595,snap-20260825-adopt
SNR-05Q3,USGS:06887500,snap-20260825-adopt
SNR-05Q4,USGS:01644375,snap-20260825-adopt
SNR-05Q5,USGS:03344425,snap-20260825-adopt
SNR-05Q6,USGS:03364340,snap-20260825-adopt
SNR-05Q7,USGS:03364000,snap-20260825-adopt
SNR-05Q8,USGS:03236800,snap-20260825-adopt
SNR-05Q9,USGS:01411335,snap-20260825-adopt
SNR-05QA,USGS:06890700,snap-20260825-adopt
SNR-05QB,USGS:03371650,snap-20260825-adopt
SNR-05QC,USGS:06758150,snap-20260825-adopt
SNR-05QD,USGS:06908300,snap-20260825-adopt
SNR-05QE,USGS:03259000,snap-20260825-adopt
SNR-05QF,USGS:07083500,snap-20260825-adopt
SNR-05QG,USGS:05586745,snap-20260825-adopt
SNR-05QH,USGS:03259198,snap-20260825-adopt
SNR-05QI,USGS:01638420,snap-20260825-adopt
SNR-05QJ,USGS:01616075,snap-20260825-adopt
SNR-05QK,USGS:01644380,snap-20260825-adopt
SNR-05QL,USGS:06893670,snap-20260825-adopt
SNR-05QM,USGS:06700500,snap-20260825-adopt
SNR-05QN,USGS:06701500,snap-20260825-adopt
SNR-05QO,USGS:06758000,snap-20260825-adopt
SNR-05QP,USGS:06758100,snap-20260825-adopt
SNR-05QQ,USGS:06890810,snap-20260825-adopt
SNR-05QR,USGS:06888345,snap-20260825-adopt
SNR-05QS,USGS:03055000,snap-20260825-adopt
SNR-05QT,USGS:03360135,snap-20260825-adopt
SNR-05QU,USGS:01636464,snap-20260825-adopt
SNR-05QV,USGS:01644420,snap-20260825-adopt
SNR-05QW,USGS:03360125,snap-20260825-adopt
SNR-05QX,USGS:03234500,snap-20260825-adopt
SNR-05QY,USGS:03155525,snap-20260825-adopt
SNR-05QZ,USGS:01613900,snap-20260825-adopt
SNR-05R0,USGS:06895500,snap-20260825-adopt
SNR-05R1,USGS:03342100,snap-20260825-adopt
SNR-05R2,USGS:01636462,snap-20260825-adopt
SNR-05R3,USGS:01644390,snap-20260825-adopt
SNR-05R4,USGS:03274615,snap-20260825-adopt
SNR-05R5,USGS:391259097001800,snap-20260825-adopt
SNR-05R6,USGS:05592700,snap-20260825-adopt
SNR-05R7,USGS:03232500,snap-20260825-adopt
SNR-05R8,USGS:06879805,snap-20260825-adopt
SNR-05R9,USGS:03155405,snap-20260825-adopt
SNR-05RA,USGS:03255500,snap-20260825-adopt
SNR-05RB,USGS:03276770,snap-20260825-adopt
SNR-05RC,USGS:06906500,snap-20260825-adopt
SNR-05RD,USGS:07081800,snap-20260825-adopt
SNR-05RE,USGS:01644372,snap-20260825-adopt
SNR-05RF,USGS:03155410,snap-20260825-adopt
SNR-05RG,USGS:01644388,snap-20260825-adopt
SNR-05RH,USGS:06890800,snap-20260825-adopt
SNR-05RI,USGS:01593370,snap-20260825-adopt
SNR-05RJ,USGS:03258000,snap-20260825-adopt
SNR-05RK,USGS:01589035,snap-20260825-adopt
SNR-05RL,USGS:01593350,snap-20260825-adopt
SNR-05RM,USGS:03059500,snap-20260825-adopt
SNR-05RN,USGS:03356500,snap-20260825-adopt
SNR-05RO,USGS:03155520,snap-20260825-adopt
SNR-05RP,USGS:05592100,snap-20260825-adopt
SNR-05RQ,USGS:06701550,snap-20260825-adopt
SNR-05RR,USGS:03201902,snap-20260825-adopt
SNR-05RS,USGS:01644371,snap-20260825-adopt
SNR-05RT,USGS:391354094161901,snap-20260825-adopt
SNR-05RU,USGS:03246000,snap-20260825-adopt
SNR-05RV,USGS:01412150,snap-20260825-adopt
SNR-05RW,USGS:01483500,snap-20260825-adopt
SNR-05RX,USGS:03344250,snap-20260825-adopt
SNR-05RY,USGS:05587000,snap-20260825-adopt
SNR-05RZ,USGS:03363900,snap-20260825-adopt
SNR-05S0,USGS:06693980,snap-20260825-adopt
SNR-05S1,USGS:06887000,snap-20260825-adopt
SNR-05S2,USGS:01591000,snap-20260825-adopt
SNR-05S3,USGS:06889200,snap-20260825-adopt
SNR-05S4,USGS:03058975,snap-20260825-adopt
SNR-05S5,USGS:391423096351600,snap-20260825-adopt
SNR-05S6,USGS:01589100,snap-20260825-adopt
SNR-05S7,USGS:03356000,snap-20260825-adopt
SNR-05S8,USGS:391435106230801,snap-20260825-adopt
SNR-05S9,USGS:01636456,snap-20260825-adopt
SNR-05SA,USGS:01594930,snap-20260825-adopt
SNR-05SB,USGS:01483511,snap-20260825-adopt
SNR-05SC,USGS:03342110,snap-20260825-adopt
SNR-05SD,USGS:03256000,snap-20260825-adopt
SNR-05SE,USGS:07081200,snap-20260825-adopt
SNR-05SF,USGS:06888300,snap-20260825-adopt
SNR-05SG,USGS:391458096355300,snap-20260825-adopt
SNR-05SH,USGS:01493000,snap-20260825-adopt
SNR-05SI,USGS:391504106225200,snap-20260825-adopt
SNR-05SJ,USGS:01589025,snap-20260825-adopt
SNR-05SK,USGS:03232470,snap-20260825-adopt
SNR-05SL,USGS:07082500,snap-20260825-adopt
SNR-05SM,USGS:03257500,snap-20260825-adopt
SNR-05SN,USGS:01411318,snap-20260825-adopt
SNR-05SO,USGS:05514200,snap-20260825-adopt
SNR-05SP,USGS:03255420,snap-20260825-adopt
SNR-05SQ,USGS:391517106223801,snap-20260825-adopt
SNR-05SR,USGS:01591500,snap-20260825-adopt
SNR-05SS,USGS:01638480,snap-20260825-adopt
SNR-05ST,USGS:01591400,snap-20260825-adopt
SNR-05SU,USGS:03236000,snap-20260825-adopt
SNR-05SV,USGS:01493112,snap-20260825-adopt
SNR-05SW,USGS:01594934,snap-20260825-adopt
SNR-05SX,USGS:05504700,snap-20260825-adopt
SNR-05SY,USGS:06887200,snap-20260825-adopt
SNR-05SZ,USGS:03069850,snap-20260825-adopt
SNR-05T0,USGS:06708600,snap-20260825-adopt
SNR-05T1,USGS:07079500,snap-20260825-adopt
SNR-05T2,USGS:06701900,snap-20260825-adopt
SNR-05T3,USGS:01594936,snap-20260825-adopt
SNR-05T4,USGS:03257000,snap-20260825-adopt
SNR-05T5,USGS:03234100,snap-20260825-adopt
SNR-05T6,USGS:03354500,snap-20260825-adopt
SNR-05T7,USGS:01643580,snap-20260825-adopt
SNR-05T8,USGS:03234000,snap-20260825-adopt
SNR-05T9,USGS:07081000,snap-20260825-adopt
SNR-05TA,USGS:03244936,snap-20260825-adopt
SNR-05TB,USGS:06909220,snap-20260825-adopt
SNR-05TC,USGS:03364570,snap-20260825-adopt
SNR-05TD,USGS:03114350,snap-20260825-adopt
SNR-05TE,USGS:03364200,snap-20260825-adopt
SNR-05TF,USGS:03151000,snap-20260825-adopt
SNR-05TG,USGS:05593600,snap-20260825-adopt
SNR-05TH,USGS:03255349,snap-20260825-adopt
SNR-05TI,USGS:01599200,snap-20260825-adopt
SNR-05TJ,USGS:01595200,snap-20260825-adopt
SNR-05TK,USGS:07082000,snap-20260825-adopt
SNR-05TL,USGS:06693800,snap-20260825-adopt
SNR-05TM,USGS:03060100,snap-20260825-adopt
SNR-05TN,USGS:03059000,snap-20260825-adopt
SNR-05TO,USGS:01589352,snap-20260825-adopt
SNR-05TP,USGS:07079300,snap-20260825-adopt
SNR-05TQ,USGS:03355500,snap-20260825-adopt
SNR-05TR,USGS:03255390,snap-20260825-adopt
SNR-05TS,USGS:01638500,snap-20260825-adopt
SNR-05TT,USGS:07079200,snap-20260825-adopt
SNR-05TU,USGS:03364500,snap-20260825-adopt
SNR-05TV,USGS:01643395,snap-20260825-adopt
SNR-05TW,USGS:01589351,snap-20260825-adopt
SNR-05TX,USGS:05586647,snap-20260825-adopt
SNR-05TY,USGS:01594950,snap-20260825-adopt
SNR-05TZ,USGS:03355000,snap-20260825-adopt
SNR-05U0,USGS:0158935180,snap-20260825-adopt
SNR-05U1,USGS:06888030,snap-20260825-adopt
SNR-05U2,USGS:05593700,snap-20260825-adopt
SNR-05U3,USGS:01493500,snap-20260825-adopt
SNR-05U4,USGS:03357000,snap-20260825-adopt
SNR-05U5,USGS:06697100,snap-20260825-adopt
SNR-05U6,USGS:01636500,snap-20260825-adopt
SNR-05U7,USGS:01589485,snap-20260825-adopt
SNR-05U8,USGS:03255300,snap-20260825-adopt
SNR-05U9,USGS:06844700,snap-20260825-adopt
SNR-05UA,USGS:01412130,snap-20260825-adopt
SNR-05UB,USGS:01411320,snap-20260825-adopt
SNR-05UC,USGS:06822210,snap-20260825-adopt
SNR-05UD,USGS:03060500,snap-20260825-adopt
SNR-05UE,USGS:06699005,snap-20260825-adopt
SNR-05UF,USGS:01411315,snap-20260825-adopt
SNR-05UG,USGS:06890560,snap-20260825-adopt
SNR-05UH,USGS:03069880,snap-20260825-adopt
SNR-05UI,USGS:06821130,snap-20260825-adopt
SNR-05UJ,USGS:01643495,snap-20260825-adopt
SNR-05UK,USGS:03232368,snap-20260825-adopt
SNR-05UL,USGS:05514170,snap-20260825-adopt
SNR-05UM,USGS:03235995,snap-20260825-adopt
SNR-05UN,USGS:07080980,snap-20260825-adopt
SNR-05UO,USGS:06699000,snap-20260825-adopt
SNR-05UP,USGS:06879700,snap-20260825-adopt
SNR-05UQ,USGS:06826680,snap-20260825-adopt
SNR-05UR,USGS:01643500,snap-20260825-adopt
SNR-05US,USGS:05586850,snap-20260825-adopt
SNR-05UT,USGS:06698500,snap-20260825-adopt
SNR-05UU,USGS:01589312,snap-20260825-adopt
SNR-05UV,USGS:01594963,snap-20260825-adopt
SNR-05UW,USGS:01589340,snap-20260825-adopt
SNR-05UX,USGS:391805077550701,snap-20260825-adopt
SNR-05UY,USGS:01595000,snap-20260825-adopt
SNR-05UZ,USGS:01589480,snap-20260825-adopt
SNR-05V0,USGS:03364042,snap-20260825-adopt
SNR-05V1,USGS:03274500,snap-20260825-adopt
SNR-05V2,USGS:391817084254900,snap-20260825-adopt
SNR-05V3,USGS:01412350,snap-20260825-adopt
SNR-05V4,USGS:01411300,snap-20260825-adopt
SNR-05V5,USGS:03060000,snap-20260825-adopt
SNR-05V6,USGS:01636765,snap-20260825-adopt
SNR-05V7,USGS:01589478,snap-20260825-adopt
SNR-05V8,USGS:06886850,snap-20260825-adopt
SNR-05V9,USGS:01589000,snap-20260825-adopt
SNR-05VA,USGS:01636690,snap-20260825-adopt
SNR-05VB,USGS:01589330,snap-20260825-adopt
SNR-05VC,USGS:01483290,snap-20260825-adopt
SNR-05VD,USGS:01589315,snap-20260825-adopt
SNR-05VE,USGS:05506000,snap-20260825-adopt
SNR-05VF,USGS:01591350,snap-20260825-adopt
SNR-05VG,USGS:01609650,snap-20260825-adopt
SNR-05VH,USGS:03255180,snap-20260825-adopt
SNR-05VI,USGS:01585219,snap-20260825-adopt
SNR-05VJ,USGS:01589320,snap-20260825-adopt
SNR-05VK,USGS:391905095442100,snap-20260825-adopt
SNR-05VL,USGS:01589316,snap-20260825-adopt
SNR-05VM,USGS:03360077,snap-20260825-adopt
SNR-05VN,USGS:03056000,snap-20260825-adopt
SNR-05VO,USGS:03069870,snap-20260825-adopt
SNR-05VP,USGS:03234300,snap-20260825-adopt
SNR-05VQ,USGS:06844800,snap-20260825-adopt
SNR-05VR,USGS:03255270,snap-20260825-adopt
SNR-05VS,USGS:01620000,snap-20260825-adopt
SNR-05VT,USGS:05504800,snap-20260825-adopt
SNR-05VU,USGS:03344500,snap-20260825-adopt
SNR-05VV,USGS:06820475,snap-20260825-adopt
SNR-05VW,USGS:01589317,snap-20260825-adopt
SNR-05VX,USGS:03159510,snap-20260825-adopt
SNR-05VY,USGS:03232300,snap-20260825-adopt
SNR-05VZ,USGS:03159500,snap-20260825-adopt
SNR-05W0,USGS:01585230,snap-20260825-adopt
SNR-05W1,USGS:05504900,snap-20260825-adopt
SNR-05W2,USGS:01588500,snap-20260825-adopt
SNR-05W3,USGS:06894200,snap-20260825-adopt
SNR-05W4,USGS:01585175,snap-20260825-adopt
SNR-05W5,USGS:06895000,snap-20260825-adopt
SNR-05W6,USGS:03201800,snap-20260825-adopt
SNR-05W7,USGS:01585400,snap-20260825-adopt
SNR-05W8,USGS:01616400,snap-20260825-adopt
SNR-05W9,USGS:01589305,snap-20260825-adopt
SNR-05WA,USGS:03244000,snap-20260825-adopt
SNR-05WB,USGS:06818498,snap-20260825-adopt
SNR-05WC,USGS:03056250,snap-20260825-adopt
SNR-05WD,USGS:01585225,snap-20260825-adopt
SNR-05WE,USGS:06758200,snap-20260825-adopt
SNR-05WF,USGS:01411955,snap-20260825-adopt
SNR-05WG,USGS:01411330,snap-20260825-adopt
SNR-05WH,USGS:01636846,snap-20260825-adopt
SNR-05WI,USGS:06894500,snap-20260825-adopt
SNR-05WJ,USGS:03363000,snap-20260825-adopt
SNR-05WK,USGS:06696980,snap-20260825-adopt
SNR-05WL,USGS:01589464,snap-20260825-adopt
SNR-05WM,USGS:01585300,snap-20260825-adopt
SNR-05WN,USGS:01636845,snap-20260825-adopt
SNR-05WO,USGS:03231500,snap-20260825-adopt
SNR-05WP,USGS:06890490,snap-20260825-adopt
SNR-05WQ,USGS:06896000,snap-20260825-adopt
SNR-05WR,USGS:06818496,snap-20260825-adopt
SNR-05WS,USGS:03344000,snap-20260825-adopt
SNR-05WT,USGS:01589300,snap-20260825-adopt
SNR-05WU,USGS:03070000,snap-20260825-adopt
SNR-05WV,USGS:06891850,snap-20260825-adopt
SNR-05WW,USGS:06888000,snap-20260825-adopt
SNR-05WX,USGS:01587050,snap-20260825-adopt
SNR-05WY,USGS:01483400,snap-20260825-adopt
SNR-05WZ,USGS:01616392,snap-20260825-adopt
SNR-05X0,USGS:0307020015,snap-20260825-adopt
SNR-05X1,USGS:06876200,snap-20260825-adopt
SNR-05X2,USGS:03056500,snap-20260825-adopt
SNR-05X3,USGS:06890500,snap-20260825-adopt
SNR-05X4,USGS:05509700,snap-20260825-adopt
SNR-05X5,USGS:01587500,snap-20260825-adopt
SNR-05X6,USGS:03356780,snap-20260825-adopt
SNR-05X7,USGS:05574000,snap-20260825-adopt
SNR-05X8,USGS:01410560,snap-20260825-adopt
SNR-05X9,USGS:01616425,snap-20260825-adopt
SNR-05XA,USGS:06856600,snap-20260825-adopt
SNR-05XB,USGS:06712000,snap-20260825-adopt
SNR-05XC,USGS:06818494,snap-20260825-adopt
SNR-05XD,USGS:05506100,snap-20260825-adopt
SNR-05XE,USGS:06697450,snap-20260825-adopt
SNR-05XF,USGS:03201720,snap-20260825-adopt
SNR-05XG,USGS:03362500,snap-20260825-adopt
SNR-05XH,USGS:01589290,snap-20260825-adopt
SNR-05XI,USGS:03255050,snap-20260825-adopt
SNR-05XJ,USGS:03201600,snap-20260825-adopt
SNR-05XK,USGS:03201700,snap-20260825-adopt
SNR-05XL,USGS:01494500,snap-20260825-adopt
SNR-05XM,USGS:01410570,snap-20260825-adopt
SNR-05XN,USGS:01587000,snap-20260825-adopt
SNR-05XO,USGS:05505000,snap-20260825-adopt
SNR-05XP,USGS:01585107,snap-20260825-adopt
SNR-05XQ,USGS:01483200,snap-20260825-adopt
SNR-05XR,USGS:01595300,snap-20260825-adopt
SNR-05XS,USGS:06876070,snap-20260825-adopt
SNR-05XT,USGS:03201555,snap-20260825-adopt
SNR-05XU,USGS:03201660,snap-20260825-adopt
SNR-05XV,USGS:01585100,snap-20260825-adopt
SNR-05XW,USGS:03201630,snap-20260825-adopt
SNR-05XX,USGS:01608400,snap-20260825-adopt
SNR-05XY,USGS:03364100,snap-20260825-adopt
SNR-05XZ,USGS:01412080,snap-20260825-adopt
SNR-05Y0,USGS:01616418,snap-20260825-adopt
SNR-05Y1,USGS:01585200,snap-20260825-adopt
SNR-05Y2,USGS:09061500,snap-20260825-adopt
SNR-05Y3,USGS:06889180,snap-20260825-adopt
SNR-05Y4,USGS:06873000,snap-20260825-adopt
SNR-05Y5,USGS:01410600,snap-20260825-adopt
SNR-05Y6,USGS:01585105,snap-20260825-adopt
SNR-05Y7,USGS:03242500,snap-20260825-adopt
SNR-05Y8,USGS:03056600,snap-20260825-adopt
SNR-05Y9,USGS:06873700,snap-20260825-adopt
SNR-05YA,USGS:03232000,snap-20260825-adopt
SNR-05YB,USGS:05586800,snap-20260825-adopt
SNR-05YC,USGS:01585090,snap-20260825-adopt
SNR-05YD,USGS:03159450,snap-20260825-adopt
SNR-05YE,USGS:06856800,snap-20260825-adopt
SNR-05YF,USGS:01588000,snap-20260825-adopt
SNR-05YG,USGS:01585104,snap-20260825-adopt
SNR-05YH,USGS:01413038,snap-20260825-adopt
SNR-05YI,USGS:01411325,snap-20260825-adopt
SNR-05YJ,USGS:03360000,snap-20260825-adopt
SNR-05YK,USGS:06708750,snap-20260825-adopt
SNR-05YL,USGS:01585095,snap-20260825-adopt
SNR-05YM,USGS:03360109,snap-20260825-adopt
SNR-05YN,USGS:06821150,snap-20260825-adopt
SNR-05YO,USGS:03274166,snap-20260825-adopt
SNR-05YP,USGS:03360100,snap-20260825-adopt
SNR-05YQ,USGS:03150800,snap-20260825-adopt
SNR-05YR,USGS:03235500,snap-20260825-adopt
SNR-05YS,USGS:03115000,snap-20260825-adopt
SNR-05YT,USGS:06706800,snap-20260825-adopt
SNR-05YU,USGS:06847600,snap-20260825-adopt
SNR-05YV,USGS:03274000,snap-20260825-adopt
SNR-05YW,USGS:01589240,snap-20260825-adopt
SNR-05YX,USGS:06706600,snap-20260825-adopt
SNR-05YY,USGS:06698000,snap-20260825-adopt
SNR-05YZ,USGS:03235400,snap-20260825-adopt
SNR-05Z0,USGS:06701970,snap-20260825-adopt
SNR-05Z1,USGS:01595500,snap-20260825-adopt
SNR-05Z2,USGS:01411900,snap-20260825-adopt
SNR-05Z3,USGS:01589440,snap-20260825-adopt
SNR-05Z4,USGS:03201550,snap-20260825-adopt
SNR-05Z5,USGS:06821140,snap-20260825-adopt
SNR-05Z6,USGS:06873800,snap-20260825-adopt
SNR-05Z7,USGS:01589238,snap-20260825-adopt
SNR-05Z8,USGS:06821190,snap-20260825-adopt
SNR-05Z9,USGS:01411878,snap-20260825-adopt
SNR-05ZA,USGS:03158220,snap-20260825-adopt
SNR-05ZB,USGS:03359980,snap-20260825-adopt
SNR-05ZC,USGS:01643000,snap-20260825-adopt
SNR-05ZD,USGS:01585140,snap-20260825-adopt
SNR-05ZE,USGS:01589230,snap-20260825-adopt
SNR-05ZF,USGS:03243500,snap-20260825-adopt
SNR-05ZG,USGS:05592050,snap-20260825-adopt
SNR-05ZH,USGS:06702000,snap-20260825-adopt
SNR-05ZI,USGS:06890400,snap-20260825-adopt
SNR-05ZJ,USGS:06890450,snap-20260825-adopt
SNR-05ZK,USGS:06706500,snap-20260825-adopt
SNR-05ZL,USGS:05592000,snap-20260825-adopt
SNR-05ZM,USGS:03276500,snap-20260825-adopt
SNR-05ZN,USGS:06706400,snap-20260825-adopt
SNR-05ZO,USGS:03341570,snap-20260825-adopt
SNR-05ZP,USGS:01585075,snap-20260825-adopt
SNR-05ZQ,USGS:06707000,snap-20260825-adopt
SNR-05ZR,USGS:06707500,snap-20260825-adopt
SNR-05ZS,USGS:01642600,snap-20260825-adopt
SNR-05ZT,USGS:03150700,snap-20260825-adopt
SNR-05ZU,USGS:0158397967,snap-20260825-adopt
SNR-05ZV,USGS:06873200,snap-20260825-adopt
SNR-05ZW,USGS:01599500,snap-20260825-adopt
SNR-05ZX,USGS:03075450,snap-20260825-adopt
SNR-05ZY,USGS:06697200,snap-20260825-adopt
SNR-05ZZ,USGS:01642500,snap-20260825-adopt
SNR-0600,USGS:06906470,snap-20260825-adopt
SNR-0601,USGS:06707525,snap-20260825-adopt
SNR-0602,USGS:01583980,snap-20260825-adopt
SNR-0603,USGS:03363500,snap-20260825-adopt
SNR-0604,USGS:03362000,snap-20260825-adopt
SNR-0605,USGS:01412000,snap-20260825-adopt
SNR-0606,USGS:03075500,snap-20260825-adopt
SNR-0607,USGS:03061000,snap-20260825-adopt
SNR-0608,USGS:06708800,snap-20260825-adopt
SNR-0609,USGS:01410510,snap-20260825-adopt
SNR-060A,USGS:06873300,snap-20260825-adopt
SNR-060B,USGS:01616500,snap-20260825-adopt
SNR-060C,USGS:01642199,snap-20260825-adopt
SNR-060D,USGS:01584000,snap-20260825-adopt
SNR-060E,USGS:01583800,snap-20260825-adopt
SNR-060F,USGS:03201535,snap-20260825-adopt
SNR-060G,USGS:01637500,snap-20260825-adopt
SNR-060H,USGS:06874000,snap-20260825-adopt
SNR-060I,USGS:01413015,snap-20260825-adopt
SNR-060J,USGS:06708690,snap-20260825-adopt
SNR-060K,USGS:03159246,snap-20260825-adopt
SNR-060L,USGS:03341568,snap-20260825-adopt
SNR-060M,USGS:01410500,snap-20260825-adopt
SNR-060N,USGS:01483155,snap-20260825-adopt
SNR-060O,USGS:392552077262201,snap-20260825-adopt
SNR-060P,USGS:05507600,snap-20260825-adopt
SNR-060Q,USGS:05592025,snap-20260825-adopt
SNR-060R,USGS:392556077263301,snap-20260825-adopt
SNR-060S,USGS:01483153,snap-20260825-adopt
SNR-060T,USGS:03276000,snap-20260825-adopt
SNR-060U,USGS:06889170,snap-20260825-adopt
SNR-060V,USGS:392605077262801,snap-20260825-adopt
SNR-060W,USGS:01618000,snap-20260825-adopt
SNR-060X,USGS:05506800,snap-20260825-adopt
SNR-060Y,USGS:03057000,snap-20260825-adopt
SNR-060Z,USGS:03158200,snap-20260825-adopt
SNR-0610,USGS:01637600,snap-20260825-adopt
SNR-0611,USGS:01495965,snap-20260825-adopt
SNR-0612,USGS:01642198,snap-20260825-adopt
SNR-0613,USGS:03243150,snap-20260825-adopt
SNR-0614,USGS:01589200,snap-20260825-adopt
SNR-0615,USGS:06709000,snap-20260825-adopt
SNR-0616,USGS:01581757,snap-20260825-adopt
SNR-0617,USGS:06873460,snap-20260825-adopt
SNR-0618,USGS:03275990,snap-20260825-adopt
SNR-0619,USGS:01642438,snap-20260825-adopt
SNR-061A,USGS:03358000,snap-20260825-adopt
SNR-061B,USGS:06905700,snap-20260825-adopt
SNR-061C,USGS:01589197,snap-20260825-adopt
SNR-061D,USGS:01586500,snap-20260825-adopt
SNR-061E,USGS:05513000,snap-20260825-adopt
SNR-061F,USGS:01604500,snap-20260825-adopt
SNR-061G,USGS:05507000,snap-20260825-adopt
SNR-061H,USGS:01642190,snap-20260825-adopt
SNR-061I,USGS:01595800,snap-20260825-adopt
SNR-061J,USGS:01413013,snap-20260825-adopt
SNR-061K,USGS:01608500,snap-20260825-adopt
SNR-061L,USGS:06891810,snap-20260825-adopt
SNR-061M,USGS:01411800,snap-20260825-adopt
SNR-061N,USGS:392652082062200,snap-20260825-adopt
SNR-061O,USGS:01411175,snap-20260825-adopt
SNR-061P,USGS:01619500,snap-20260825-adopt
SNR-061Q,USGS:06886000,snap-20260825-adopt
SNR-061R,USGS:01586610,snap-20260825-adopt
SNR-061S,USGS:01642000,snap-20260825-adopt
SNR-061T,USGS:03235080,snap-20260825-adopt
SNR-061U,USGS:06873500,snap-20260825-adopt
SNR-061V,USGS:06876000,snap-20260825-adopt
SNR-061W,USGS:01584050,snap-20260825-adopt
SNR-061X,USGS:06906300,snap-20260825-adopt
SNR-061Y,USGS:01616854,snap-20260825-adopt
SNR-061Z,USGS:03235200,snap-20260825-adopt
SNR-0620,USGS:06706000,snap-20260825-adopt
SNR-0621,USGS:06894250,snap-20260825-adopt
SNR-0622,USGS:03273500,snap-20260825-adopt
SNR-0623,USGS:06702500,snap-20260825-adopt
SNR-0624,USGS:03341558,snap-20260825-adopt
SNR-0625,USGS:01483170,snap-20260825-adopt
SNR-0626,USGS:06889160,snap-20260825-adopt
SNR-0627,USGS:03158195,snap-20260825-adopt
SNR-0628,USGS:03343820,snap-20260825-adopt
SNR-0629,USGS:03343805,snap-20260825-adopt
SNR-062A,USGS:03341500,snap-20260825-adopt
SNR-062B,USGS:01619475,snap-20260825-adopt
SNR-062C,USGS:01483177,snap-20260825-adopt
SNR-062D,USGS:03274100,snap-20260825-adopt
SNR-062E,USGS:01617000,snap-20260825-adopt
SNR-062F,USGS:01589180,snap-20260825-adopt
SNR-062G,USGS:06705500,snap-20260825-adopt
SNR-062H,USGS:06886500,snap-20260825-adopt
SNR-062I,USGS:01413000,snap-20260825-adopt
SNR-062J,USGS:01412800,snap-20260825-adopt
SNR-062K,USGS:03150600,snap-20260825-adopt
SNR-062L,USGS:03115510,snap-20260825-adopt
SNR-062M,USGS:06875900,snap-20260825-adopt
SNR-062N,USGS:06890380,snap-20260825-adopt
SNR-062O,USGS:03114500,snap-20260825-adopt
SNR-062P,USGS:01581658,snap-20260825-adopt
SNR-062Q,USGS:01598500,snap-20260825-adopt
SNR-062R,USGS:01583580,snap-20260825-adopt
SNR-062S,USGS:01581590,snap-20260825-adopt
SNR-062T,USGS:03115500,snap-20260825-adopt
SNR-062U,USGS:01596000,snap-20260825-adopt
SNR-062V,USGS:01583570,snap-20260825-adopt
SNR-062W,USGS:03273000,snap-20260825-adopt
SNR-062X,USGS:0158175320,snap-20260825-adopt
SNR-062Y,USGS:03114431,snap-20260825-adopt
SNR-062Z,USGS:03243000,snap-20260825-adopt
SNR-0630,USGS:01637000,snap-20260825-adopt
SNR-0631,USGS:01642400,snap-20260825-adopt
SNR-0632,USGS:03242350,snap-20260825-adopt
SNR-0633,USGS:03158100,snap-20260825-adopt
SNR-0634,USGS:01618100,snap-20260825-adopt
SNR-0635,USGS:01598000,snap-20260825-adopt
SNR-0636,USGS:05506500,snap-20260825-adopt
SNR-0637,USGS:06709500,snap-20260825-adopt
SNR-0638,USGS:01483165,snap-20260825-adopt
SNR-0639,USGS:01412500,snap-20260825-adopt
SNR-063A,USGS:01583600,snap-20260825-adopt
SNR-063B,USGS:01605002,snap-20260825-adopt
SNR-063C,USGS:03075800,snap-20260825-adopt
SNR-063D,USGS:03114650,snap-20260825-adopt
SNR-063E,USGS:03359000,snap-20260825-adopt
SNR-063F,USGS:06708000,snap-20260825-adopt
SNR-063G,USGS:05586500,snap-20260825-adopt
SNR-063H,USGS:01586210,snap-20260825-adopt
SNR-063I,USGS:01581657,snap-20260825-adopt
SNR-063J,USGS:01581649,snap-20260825-adopt
SNR-063K,USGS:06758700,snap-20260825-adopt
SNR-063L,USGS:03075590,snap-20260825-adopt
SNR-063M,USGS:03075600,snap-20260825-adopt
SNR-063N,USGS:03070260,snap-20260825-adopt
SNR-063O,USGS:01583000,snap-20260825-adopt
SNR-063P,USGS:01411500,snap-20260825-adopt
SNR-063Q,USGS:01581752,snap-20260825-adopt
SNR-063R,USGS:03363450,snap-20260825-adopt
SNR-063S,USGS:03354000,snap-20260825-adopt
SNR-063T,USGS:01609800,snap-20260825-adopt
SNR-063U,USGS:03114283,snap-20260825-adopt
SNR-063V,USGS:03159000,snap-20260825-adopt
SNR-063W,USGS:01599000,snap-20260825-adopt
SNR-063X,USGS:01482800,snap-20260825-adopt
SNR-063Y,USGS:01597000,snap-20260825-adopt
SNR-063Z,USGS:03075850,snap-20260825-adopt
SNR-0640,USGS:01597500,snap-20260825-adopt
SNR-0641,USGS:03114600,snap-20260825-adopt
SNR-0642,USGS:01586000,snap-20260825-adopt
SNR-0643,USGS:06890350,snap-20260825-adopt
SNR-0644,USGS:01584500,snap-20260825-adopt
SNR-0645,USGS:01411495,snap-20260825-adopt
SNR-0646,USGS:03061500,snap-20260825-adopt
SNR-0647,USGS:05512000,snap-20260825-adopt
SNR-0648,USGS:01410225,snap-20260825-adopt
SNR-0649,USGS:03114550,snap-20260825-adopt
SNR-064A,USGS:05591550,snap-20260825-adopt
SNR-064B,USGS:03062000,snap-20260825-adopt
SNR-064C,USGS:03075825,snap-20260825-adopt
SNR-064D,USGS:05575000,snap-20260825-adopt
SNR-064E,USGS:06709530,snap-20260825-adopt
SNR-064F,USGS:03242300,snap-20260825-adopt
SNR-064G,USGS:01483050,snap-20260825-adopt
SNR-064H,USGS:03115786,snap-20260825-adopt
SNR-064I,USGS:01409335,snap-20260825-adopt
SNR-064J,USGS:03061495,snap-20260825-adopt
SNR-064K,USGS:01583500,snap-20260825-adopt
SNR-064L,USGS:393040105340400,snap-20260825-adopt
SNR-064M,USGS:03075871,snap-20260825-adopt
SNR-064N,USGS:01411120,snap-20260825-adopt
SNR-064O,USGS:01409334,snap-20260825-adopt
SNR-064P,USGS:01614000,snap-20260825-adopt
SNR-064Q,USGS:03361890,snap-20260825-adopt
SNR-064R,USGS:03075680,snap-20260825-adopt
SNR-064S,USGS:01617800,snap-20260825-adopt
SNR-064T,USGS:01581750,snap-20260825-adopt
SNR-064U,USGS:03061430,snap-20260825-adopt
SNR-064V,USGS:01583495,snap-20260825-adopt
SNR-064W,USGS:03272900,snap-20260825-adopt
SNR-064X,USGS:03242100,snap-20260825-adopt
SNR-064Y,USGS:393109104464500,snap-20260825-adopt
SNR-064Z,USGS:03272100,snap-20260825-adopt
SNR-0650,USGS:01581700,snap-20260825-adopt
SNR-0651,USGS:06821300,snap-20260825-adopt
SNR-0652,USGS:05508805,snap-20260825-adopt
SNR-0653,USGS:01583100,snap-20260825-adopt
SNR-0654,USGS:03061410,snap-20260825-adopt
SNR-0655,USGS:06890100,snap-20260825-adopt
SNR-0656,USGS:01411485,snap-20260825-adopt
SNR-0657,USGS:01411122,snap-20260825-adopt
SNR-0658,USGS:03275900,snap-20260825-adopt
SNR-0659,USGS:01580700,snap-20260825-adopt
SNR-065A,USGS:03272800,snap-20260825-adopt
SNR-065B,USGS:06906000,snap-20260825-adopt
SNR-065C,USGS:05506350,snap-20260825-adopt
SNR-065D,USGS:03075670,snap-20260825-adopt
SNR-065E,USGS:03158510,snap-20260825-adopt
SNR-065F,USGS:01641501,snap-20260825-adopt
SNR-065G,USGS:03361440,snap-20260825-adopt
SNR-065H,USGS:03076100,snap-20260825-adopt
SNR-065I,USGS:01641500,snap-20260825-adopt
SNR-065J,USGS:01412400,snap-20260825-adopt
SNR-065K,USGS:03361500,snap-20260825-adopt
SNR-065L,USGS:06704500,snap-20260825-adopt
SNR-065M,USGS:01412398,snap-20260825-adopt
SNR-065N,USGS:03075650,snap-20260825-adopt
SNR-065O,USGS:01640152,snap-20260825-adopt
SNR-065P,USGS:03158000,snap-20260825-adopt
SNR-065Q,USGS:03357500,snap-20260825-adopt
SNR-065R,USGS:01641510,snap-20260825-adopt
SNR-065S,USGS:06903190,snap-20260825-adopt
SNR-065T,USGS:01580620,snap-20260825-adopt
SNR-065U,USGS:03075905,snap-20260825-adopt
SNR-065V,USGS:06875800,snap-20260825-adopt
SNR-065W,USGS:01610000,snap-20260825-adopt
SNR-065X,USGS:03361617,snap-20260825-adopt
SNR-065Y,USGS:01409370,snap-20260825-adopt
SNR-065Z,USGS:06905500,snap-20260825-adopt
SNR-0660,USGS:05507500,snap-20260825-adopt
SNR-0661,USGS:03232091,snap-20260825-adopt
SNR-0662,USGS:01581500,snap-20260825-adopt
SNR-0663,USGS:03061435,snap-20260825-adopt
SNR-0664,USGS:03115410,snap-20260825-adopt
SNR-0665,USGS:06855900,snap-20260825-adopt
SNR-0666,USGS:01581690,snap-20260825-adopt
SNR-0667,USGS:03150500,snap-20260825-adopt
SNR-0668,USGS:01581000,snap-20260825-adopt
SNR-0669,USGS:05575550,snap-20260825-adopt
SNR-066A,USGS:06890096,snap-20260825-adopt
SNR-066B,USGS:01609500,snap-20260825-adopt
SNR-066C,USGS:01410100,snap-20260825-adopt
SNR-066D,USGS:03341470,snap-20260825-adopt
SNR-066E,USGS:06708500,snap-20260825-adopt
SNR-066F,USGS:01582500,snap-20260825-adopt
SNR-066G,USGS:05574500,snap-20260825-adopt
SNR-066H,USGS:01409285,snap-20260825-adopt
SNR-066I,USGS:06872500,snap-20260825-adopt
SNR-066J,USGS:01609000,snap-20260825-adopt
SNR-066K,USGS:01482695,snap-20260825-adopt
SNR-066L,USGS:01495800,snap-20260825-adopt
SNR-066M,USGS:01482705,snap-20260825-adopt
SNR-066N,USGS:03235000,snap-20260825-adopt
SNR-066O,USGS:06818260,snap-20260825-adopt
SNR-066P,USGS:06818300,snap-20260825-adopt
SNR-066Q,USGS:06871500,snap-20260825-adopt
SNR-066R,USGS:393340075272201,snap-20260825-adopt
SNR-066S,USGS:01640000,snap-20260825-adopt
SNR-066T,USGS:01482970,snap-20260825-adopt
SNR-066U,USGS:03062235,snap-20260825-adopt
SNR-066V,USGS:03271620,snap-20260825-adopt
SNR-066W,USGS:03115400,snap-20260825-adopt
SNR-066X,USGS:06710150,snap-20260825-adopt
SNR-066Y,USGS:03062224,snap-20260825-adopt
SNR-066Z,USGS:03361872,snap-20260825-adopt
SNR-0670,USGS:03062225,snap-20260825-adopt
SNR-0671,USGS:03157500,snap-20260825-adopt
SNR-0672,USGS:03341700,snap-20260825-adopt
SNR-0673,USGS:01483000,snap-20260825-adopt
SNR-0674,USGS:06889140,snap-20260825-adopt
SNR-0675,USGS:393358103454800,snap-20260825-adopt
SNR-0676,USGS:03242200,snap-20260825-adopt
SNR-0677,USGS:01600000,snap-20260825-adopt
SNR-0678,USGS:03353660,snap-20260825-adopt
SNR-0679,USGS:06821080,snap-20260825-adopt
SNR-067A,USGS:03359500,snap-20260825-adopt
SNR-067B,USGS:01614043,snap-20260825-adopt
SNR-067C,USGS:01596500,snap-20260825-adopt
SNR-067D,USGS:03070310,snap-20260825-adopt
SNR-067E,USGS:05506190,snap-20260825-adopt
SNR-067F,USGS:05507800,snap-20260825-adopt
SNR-067G,USGS:03275000,snap-20260825-adopt
SNR-067H,USGS:06825500,snap-20260825-adopt
SNR-067I,USGS:05506193,snap-20260825-adopt
SNR-067J,USGS:01409290,snap-20260825-adopt
SNR-067K,USGS:03062215,snap-20260825-adopt
SNR-067L,USGS:01482650,snap-20260825-adopt
SNR-067M,USGS:01582510,snap-20260825-adopt
SNR-067N,USGS:01482920,snap-20260825-adopt
SNR-067O,USGS:05575500,snap-20260825-adopt
SNR-067P,USGS:06711535,snap-20260825-adopt
SNR-067Q,USGS:03150300,snap-20260825-adopt
SNR-067R,USGS:03062245,snap-20260825-adopt
SNR-067S,USGS:03062213,snap-20260825-adopt
SNR-067T,USGS:05575800,snap-20260825-adopt
SNR-067U,USGS:01611500,snap-20260825-adopt
SNR-067V,USGS:06902995,snap-20260825-adopt
SNR-067W,USGS:03062250,snap-20260825-adopt
SNR-067X,USGS:03242050,snap-20260825-adopt
SNR-067Y,USGS:05591200,snap-20260825-adopt
SNR-067Z,USGS:05503800,snap-20260825-adopt
SNR-0680,USGS:03231000,snap-20260825-adopt
SNR-0681,USGS:03157000,snap-20260825-adopt
SNR-0682,USGS:06856000,snap-20260825-adopt
SNR-0683,USGS:01619320,snap-20260825-adopt
SNR-0684,USGS:03230600,snap-20260825-adopt
SNR-0685,USGS:06855850,snap-20260825-adopt
SNR-0686,USGS:01585500,snap-20260825-adopt
SNR-0687,USGS:01641000,snap-20260825-adopt
SNR-0688,USGS:06711515,snap-20260825-adopt
SNR-0689,USGS:06856320,snap-20260825-adopt
SNR-068A,USGS:03070350,snap-20260825-adopt
SNR-068B,USGS:01411000,snap-20260825-adopt
SNR-068C,USGS:06889120,snap-20260825-adopt
SNR-068D,USGS:06710200,snap-20260825-adopt
SNR-068E,USGS:06709740,snap-20260825-adopt
SNR-068F,USGS:06890092,snap-20260825-adopt
SNR-068G,USGS:05575830,snap-20260825-adopt
SNR-068H,USGS:01482310,snap-20260825-adopt
SNR-068I,USGS:01496080,snap-20260825-adopt
SNR-068J,USGS:03150250,snap-20260825-adopt
SNR-068K,USGS:06709910,snap-20260825-adopt
SNR-068L,USGS:05591400,snap-20260825-adopt
SNR-068M,USGS:05586350,snap-20260825-adopt
SNR-068N,USGS:03230700,snap-20260825-adopt
SNR-068O,USGS:01580500,snap-20260825-adopt
SNR-068P,USGS:03077940,snap-20260825-adopt
SNR-068Q,USGS:03363400,snap-20260825-adopt
SNR-068R,USGS:01582000,snap-20260825-adopt
SNR-068S,USGS:01482298,snap-20260825-adopt
SNR-068T,USGS:393617075380402,snap-20260825-adopt
SNR-068U,USGS:393617075380403,snap-20260825-adopt
SNR-068V,USGS:06712500,snap-20260825-adopt
SNR-068W,USGS:01611600,snap-20260825-adopt
SNR-068X,USGS:01482320,snap-20260825-adopt
SNR-068Y,USGS:03242000,snap-20260825-adopt
SNR-068Z,USGS:01613020,snap-20260825-adopt
SNR-0690,USGS:03271601,snap-20260825-adopt
SNR-0691,USGS:03071000,snap-20260825-adopt
SNR-0692,USGS:03062400,snap-20260825-adopt
SNR-0693,USGS:03353800,snap-20260825-adopt
SNR-0694,USGS:393633103512300,snap-20260825-adopt
SNR-0695,USGS:06889110,snap-20260825-adopt
SNR-0696,USGS:01581940,snap-20260825-adopt
SNR-0697,USGS:06709995,snap-20260825-adopt
SNR-0698,USGS:01639500,snap-20260825-adopt
SNR-0699,USGS:05508000,snap-20260825-adopt
SNR-069A,USGS:03115644,snap-20260825-adopt
SNR-069B,USGS:393649103515600,snap-20260825-adopt
SNR-069C,USGS:06758250,snap-20260825-adopt
SNR-069D,USGS:393647105425317,snap-20260825-adopt
SNR-069E,USGS:03156930,snap-20260825-adopt
SNR-069F,USGS:06855800,snap-20260825-adopt
SNR-069G,USGS:06710990,snap-20260825-adopt
SNR-069H,USGS:06825000,snap-20260825-adopt
SNR-069I,USGS:06711545,snap-20260825-adopt
SNR-069J,USGS:393702103544100,snap-20260825-adopt
SNR-069K,USGS:01580520,snap-20260825-adopt
SNR-069L,USGS:06710992,snap-20260825-adopt
SNR-069M,USGS:06902100,snap-20260825-adopt
SNR-069N,USGS:05502100,snap-20260825-adopt
SNR-069O,USGS:06710000,snap-20260825-adopt
SNR-069P,USGS:01581920,snap-20260825-adopt
SNR-069Q,USGS:01482460,snap-20260825-adopt
SNR-069R,USGS:03341420,snap-20260825-adopt
SNR-069S,USGS:01640965,snap-20260825-adopt
SNR-069T,USGS:05591500,snap-20260825-adopt
SNR-069U,USGS:03062445,snap-20260825-adopt
SNR-069V,USGS:03062450,snap-20260825-adopt
SNR-069W,USGS:06710995,snap-20260825-adopt
SNR-069X,USGS:0140928320,snap-20260825-adopt
SNR-069Y,USGS:03230900,snap-20260825-adopt
SNR-069Z,USGS:05512500,snap-20260825-adopt
SNR-06A0,USGS:01640980,snap-20260825-adopt
SNR-06A1,USGS:01640700,snap-20260825-adopt
SNR-06A2,USGS:01580200,snap-20260825-adopt
SNR-06A3,USGS:03070500,snap-20260825-adopt
SNR-06A4,USGS:01603000,snap-20260825-adopt
SNR-06A5,USGS:0140928290,snap-20260825-adopt
SNR-06A6,USGS:03115294,snap-20260825-adopt
SNR-06A7,USGS:01410150,snap-20260825-adopt
SNR-06A8,USGS:03242150,snap-20260825-adopt
SNR-06A9,USGS:06826500,snap-20260825-adopt
SNR-06AA,USGS:06889100,snap-20260825-adopt
SNR-06AB,USGS:06821000,snap-20260825-adopt
SNR-06AC,USGS:03115280,snap-20260825-adopt
SNR-06AD,USGS:01581870,snap-20260825-adopt
SNR-06AE,USGS:01579550,snap-20260825-adopt
SNR-06AF,USGS:01496200,snap-20260825-adopt
SNR-06AG,USGS:01496000,snap-20260825-adopt
SNR-06AH,USGS:03353910,snap-20260825-adopt
SNR-06AI,USGS:01640970,snap-20260825-adopt
SNR-06AJ,USGS:06903000,snap-20260825-adopt
SNR-06AK,USGS:06889992,snap-20260825-adopt
SNR-06AL,USGS:03272700,snap-20260825-adopt
SNR-06AM,USGS:03062500,snap-20260825-adopt
SNR-06AN,USGS:01580000,snap-20260825-adopt
SNR-06AO,USGS:01640975,snap-20260825-adopt
SNR-06AP,USGS:03114306,snap-20260825-adopt
SNR-06AQ,USGS:06710400,snap-20260825-adopt
SNR-06AR,USGS:06710245,snap-20260825-adopt
SNR-06AS,USGS:03115712,snap-20260825-adopt
SNR-06AT,USGS:01409510,snap-20260825-adopt
SNR-06AU,USGS:05586200,snap-20260825-adopt
SNR-06AV,USGS:06710247,snap-20260825-adopt
SNR-06AW,USGS:05586300,snap-20260825-adopt
SNR-06AX,USGS:03077700,snap-20260825-adopt
SNR-06AY,USGS:06710385,snap-20260825-adopt
SNR-06AZ,USGS:03230000,snap-20260825-adopt
SNR-06B0,USGS:01409416,snap-20260825-adopt
SNR-06B1,USGS:03272695,snap-20260825-adopt
SNR-06B2,USGS:06710250,snap-20260825-adopt
SNR-06B3,USGS:05591825,snap-20260825-adopt
SNR-06B4,USGS:06711000,snap-20260825-adopt
SNR-06B5,USGS:06818200,snap-20260825-adopt
SNR-06B6,USGS:01482480,snap-20260825-adopt
SNR-06B7,USGS:393810105453901,snap-20260825-adopt
SNR-06B8,USGS:06710350,snap-20260825-adopt
SNR-06B9,USGS:06890300,snap-20260825-adopt
SNR-06BA,USGS:393812105453803,snap-20260825-adopt
SNR-06BB,USGS:393812105453801,snap-20260825-adopt
SNR-06BC,USGS:01478040,snap-20260825-adopt
SNR-06BD,USGS:06711305,snap-20260825-adopt
SNR-06BE,USGS:03271510,snap-20260825-adopt
SNR-06BF,USGS:01585680,snap-20260825-adopt
SNR-06BG,USGS:01478000,snap-20260825-adopt
SNR-06BH,USGS:03274950,snap-20260825-adopt
SNR-06BI,USGS:03272000,snap-20260825-adopt
SNR-06BJ,USGS:01601420,snap-20260825-adopt
SNR-06BK,USGS:05576193,snap-20260825-adopt
SNR-06BL,USGS:06902000,snap-20260825-adopt
SNR-06BM,USGS:03275800,snap-20260825-adopt
SNR-06BN,USGS:01613030,snap-20260825-adopt
SNR-06BO,USGS:01579920,snap-20260825-adopt
SNR-06BP,USGS:06711040,snap-20260825-adopt
SNR-06BQ,USGS:393827105451601,snap-20260825-adopt
SNR-06BR,USGS:01409500,snap-20260825-adopt
SNR-06BS,USGS:01495500,snap-20260825-adopt
SNR-06BT,USGS:01596050,snap-20260825-adopt
SNR-06BU,USGS:01482500,snap-20260825-adopt
SNR-06BV,USGS:03271500,snap-20260825-adopt
SNR-06BW,USGS:03150000,snap-20260825-adopt
SNR-06BX,USGS:03241933,snap-20260825-adopt
SNR-06BY,USGS:03150100,snap-20260825-adopt
SNR-06BZ,USGS:01598650,snap-20260825-adopt
SNR-06C0,USGS:01482504,snap-20260825-adopt
SNR-06C1,USGS:01482530,snap-20260825-adopt
SNR-06C2,USGS:01482200,snap-20260825-adopt
SNR-06C3,USGS:06714400,snap-20260825-adopt
SNR-06C4,USGS:06711555,snap-20260825-adopt
SNR-06C5,USGS:03115624,snap-20260825-adopt
SNR-06C6,USGS:01610155,snap-20260825-adopt
SNR-06C7,USGS:01482170,snap-20260825-adopt
SNR-06C8,USGS:01482220,snap-20260825-adopt
SNR-06C9,USGS:03156500,snap-20260825-adopt
SNR-06CA,USGS:06714220,snap-20260825-adopt
SNR-06CB,USGS:06710605,snap-20260825-adopt
SNR-06CC,USGS:06711500,snap-20260825-adopt
SNR-06CD,USGS:03341300,snap-20260825-adopt
SNR-06CE,USGS:06710500,snap-20260825-adopt
SNR-06CF,USGS:06713000,snap-20260825-adopt
SNR-06CG,USGS:03076500,snap-20260825-adopt
SNR-06CH,USGS:01640456,snap-20260825-adopt
SNR-06CI,USGS:01409146,snap-20260825-adopt
SNR-06CJ,USGS:03271300,snap-20260825-adopt
SNR-06CK,USGS:01581830,snap-20260825-adopt
SNR-06CL,USGS:03076600,snap-20260825-adopt
SNR-06CM,USGS:01578800,snap-20260825-adopt
SNR-06CN,USGS:03361850,snap-20260825-adopt
SNR-06CO,USGS:01578310,snap-20260825-adopt
SNR-06CP,USGS:01579000,snap-20260825-adopt
SNR-06CQ,USGS:01411456,snap-20260825-adopt
SNR-06CR,USGS:05576195,snap-20260825-adopt
SNR-06CS,USGS:03343550,snap-20260825-adopt
SNR-06CT,USGS:06711580,snap-20260825-adopt
SNR-06CU,USGS:06871800,snap-20260825-adopt
SNR-06CV,USGS:01482537,snap-20260825-adopt
SNR-06CW,USGS:01639140,snap-20260825-adopt
SNR-06CX,USGS:06875500,snap-20260825-adopt
SNR-06CY,USGS:03115710,snap-20260825-adopt
SNR-06CZ,USGS:01579500,snap-20260825-adopt
SNR-06D0,USGS:01477440,snap-20260825-adopt
SNR-06D1,USGS:393947105442501,snap-20260825-adopt
SNR-06D2,USGS:03353640,snap-20260825-adopt
SNR-06D3,USGS:06714500,snap-20260825-adopt
SNR-06D4,USGS:0140914550,snap-20260825-adopt
SNR-06D5,USGS:03076505,snap-20260825-adopt
SNR-06D6,USGS:01410000,snap-20260825-adopt
SNR-06D7,USGS:01604000,snap-20260825-adopt
SNR-06D8,USGS:01578000,snap-20260825-adopt
SNR-06D9,USGS:01639095,snap-20260825-adopt
SNR-06DA,USGS:06711565,snap-20260825-adopt
SNR-06DB,USGS:05502080,snap-20260825-adopt
SNR-06DC,USGS:03353636,snap-20260825-adopt
SNR-06DD,USGS:01409280,snap-20260825-adopt
SNR-06DE,USGS:06856100,snap-20260825-adopt
SNR-06DF,USGS:03353637,snap-20260825-adopt
SNR-06DG,USGS:03071500,snap-20260825-adopt
SNR-06DH,USGS:01409145,snap-20260825-adopt
SNR-06DI,USGS:03357420,snap-20260825-adopt
SNR-06DJ,USGS:03114280,snap-20260825-adopt
SNR-06DK,USGS:06889990,snap-20260825-adopt
SNR-06DL,USGS:03114275,snap-20260825-adopt
SNR-06DM,USGS:01495000,snap-20260825-adopt
SNR-06DN,USGS:05503500,snap-20260825-adopt
SNR-06DO,USGS:01410820,snap-20260825-adopt
SNR-06DP,USGS:06711570,snap-20260825-adopt
SNR-06DQ,USGS:06711572,snap-20260825-adopt
SNR-06DR,USGS:01601500,snap-20260825-adopt
SNR-06DS,USGS:03353638,snap-20260825-adopt
SNR-06DT,USGS:03353630,snap-20260825-adopt
SNR-06DU,USGS:03115640,snap-20260825-adopt
SNR-06DV,USGS:03353635,snap-20260825-adopt
SNR-06DW,USGS:06855500,snap-20260825-adopt
SNR-06DX,USGS:06711575,snap-20260825-adopt
SNR-06DY,USGS:06827000,snap-20260825-adopt
SNR-06DZ,USGS:06871000,snap-20260825-adopt
SNR-06E0,USGS:01581960,snap-20260825-adopt
SNR-06E1,USGS:03353633,snap-20260825-adopt
SNR-06E2,USGS:01409400,snap-20260825-adopt
SNR-06E3,USGS:01579905,snap-20260825-adopt
SNR-06E4,USGS:03341000,snap-20260825-adopt
SNR-06E5,USGS:03241600,snap-20260825-adopt
SNR-06E6,USGS:01613525,snap-20260825-adopt
SNR-06E7,USGS:01640500,snap-20260825-adopt
SNR-06E8,USGS:06844900,snap-20260825-adopt
SNR-06E9,USGS:03341200,snap-20260825-adopt
SNR-06EA,USGS:05502000,snap-20260825-adopt
SNR-06EB,USGS:06855000,snap-20260825-adopt
SNR-06EC,USGS:01639000,snap-20260825-adopt
SNR-06ED,USGS:06710600,snap-20260825-adopt
SNR-06EE,USGS:03343500,snap-20260825-adopt
SNR-06EF,USGS:05591000,snap-20260825-adopt
SNR-06EG,USGS:06821065,snap-20260825-adopt
SNR-06EH,USGS:06885500,snap-20260825-adopt
SNR-06EI,USGS:01596005,snap-20260825-adopt
SNR-06EJ,USGS:06875000,snap-20260825-adopt
SNR-06EK,USGS:01409480,snap-20260825-adopt
SNR-06EL,USGS:05502120,snap-20260825-adopt
SNR-06EM,USGS:0140941020,snap-20260825-adopt
SNR-06EN,USGS:01477070,snap-20260825-adopt
SNR-06EO,USGS:06714600,snap-20260825-adopt
SNR-06EP,USGS:06714800,snap-20260825-adopt
SNR-06EQ,USGS:06884700,snap-20260825-adopt
SNR-06ER,USGS:394115105525600,snap-20260825-adopt
SNR-06ES,USGS:03271207,snap-20260825-adopt
SNR-06ET,USGS:06820500,snap-20260825-adopt
SNR-06EU,USGS:01409409,snap-20260825-adopt
SNR-06EV,USGS:01409810,snap-20260825-adopt
SNR-06EW,USGS:06711600,snap-20260825-adopt
SNR-06EX,USGS:03076700,snap-20260825-adopt
SNR-06EY,USGS:01477480,snap-20260825-adopt
SNR-06EZ,USGS:01478650,snap-20260825-adopt
SNR-06F0,USGS:01482100,snap-20260825-adopt
SNR-06F1,USGS:03353890,snap-20260825-adopt
SNR-06F2,USGS:06711590,snap-20260825-adopt
SNR-06F3,USGS:01581810,snap-20260825-adopt
SNR-06F4,USGS:01578500,snap-20260825-adopt
SNR-06F5,USGS:01477500,snap-20260825-adopt
SNR-06F6,USGS:01613160,snap-20260825-adopt
SNR-06F7,USGS:01613150,snap-20260825-adopt
SNR-06F8,USGS:0311404647,snap-20260825-adopt
SNR-06F9,USGS:06900800,snap-20260825-adopt
SNR-06FA,USGS:06711609,snap-20260825-adopt
SNR-06FB,USGS:05502040,snap-20260825-adopt
SNR-06FC,USGS:01610105,snap-20260825-adopt
SNR-06FD,USGS:0140940972,snap-20260825-adopt
SNR-06FE,USGS:01409410,snap-20260825-adopt
SNR-06FF,USGS:01409210,snap-20260825-adopt
SNR-06FG,USGS:0140940810,snap-20260825-adopt
SNR-06FH,USGS:06890000,snap-20260825-adopt
SNR-06FI,USGS:01410810,snap-20260825-adopt
SNR-06FJ,USGS:06826900,snap-20260825-adopt
SNR-06FK,USGS:01613000,snap-20260825-adopt
SNR-06FL,USGS:06874500,snap-20260825-adopt
SNR-06FM,USGS:06899700,snap-20260825-adopt
SNR-06FN,USGS:05576090,snap-20260825-adopt
SNR-06FO,USGS:01479000,snap-20260825-adopt
SNR-06FP,USGS:06884500,snap-20260825-adopt
SNR-06FQ,USGS:03230500,snap-20260825-adopt
SNR-06FR,USGS:01610150,snap-20260825-adopt
SNR-06FS,USGS:03078000,snap-20260825-adopt
SNR-06FT,USGS:05590950,snap-20260825-adopt
SNR-06FU,USGS:05586100,snap-20260825-adopt
SNR-06FV,USGS:01639375,snap-20260825-adopt
SNR-06FW,USGS:01577940,snap-20260825-adopt
SNR-06FX,USGS:03114076,snap-20260825-adopt
SNR-06FY,USGS:03353620,snap-20260825-adopt
SNR-06FZ,USGS:01480025,snap-20260825-adopt
SNR-06G0,USGS:06713300,snap-20260825-adopt
SNR-06G1,USGS:01409407,snap-20260825-adopt
SNR-06G2,USGS:03361660,snap-20260825-adopt
SNR-06G3,USGS:01613095,snap-20260825-adopt
SNR-06G4,USGS:03156400,snap-20260825-adopt
SNR-06G5,USGS:01578475,snap-20260825-adopt
SNR-06G6,USGS:01478950,snap-20260825-adopt
SNR-06G7,USGS:03271800,snap-20260825-adopt
SNR-06G8,USGS:03156000,snap-20260825-adopt
SNR-06G9,USGS:03341315,snap-20260825-adopt
SNR-06GA,USGS:03076800,snap-20260825-adopt
SNR-06GB,USGS:03231600,snap-20260825-adopt
SNR-06GC,USGS:01480065,snap-20260825-adopt
SNR-06GD,USGS:03229796,snap-20260825-adopt
SNR-06GE,USGS:03340900,snap-20260825-adopt
SNR-06GF,USGS:06719517,snap-20260825-adopt
SNR-06GG,USGS:01612500,snap-20260825-adopt
SNR-06GH,USGS:06719518,snap-20260825-adopt
SNR-06GI,USGS:01478500,snap-20260825-adopt
SNR-06GJ,USGS:03361650,snap-20260825-adopt
SNR-06GK,USGS:01477102,snap-20260825-adopt
SNR-06GL,USGS:03353611,snap-20260825-adopt
SNR-06GM,USGS:05502020,snap-20260825-adopt
SNR-06GN,USGS:06711642,snap-20260825-adopt
SNR-06GO,USGS:01475033,snap-20260825-adopt
SNR-06GP,USGS:03230800,snap-20260825-adopt
SNR-06GQ,USGS:05576100,snap-20260825-adopt
SNR-06GR,USGS:01480015,snap-20260825-adopt
SNR-06GS,USGS:0140940607,snap-20260825-adopt
SNR-06GT,USGS:01619000,snap-20260825-adopt
SNR-06GU,USGS:03353626,snap-20260825-adopt
SNR-06GV,USGS:06717400,snap-20260825-adopt
SNR-06GW,USGS:01614500,snap-20260825-adopt
SNR-06GX,USGS:01481602,snap-20260825-adopt
SNR-06GY,USGS:06711618,snap-20260825-adopt
SNR-06GZ,USGS:06711645,snap-20260825-adopt
SNR-06H0,USGS:03340870,snap-20260825-adopt
SNR-06H1,USGS:06719530,snap-20260825-adopt
SNR-06H2,USGS:01601100,snap-20260825-adopt
SNR-06H3,USGS:394308105413800,snap-20260825-adopt
SNR-06H4,USGS:03071590,snap-20260825-adopt
SNR-06H5,USGS:03071600,snap-20260825-adopt
SNR-06H6,USGS:03071605,snap-20260825-adopt
SNR-06H7,USGS:03241500,snap-20260825-adopt
SNR-06H8,USGS:06719535,snap-20260825-adopt
SNR-06H9,USGS:06711637,snap-20260825-adopt
SNR-06HA,USGS:01613500,snap-20260825-adopt
SNR-06HB,USGS:01409135,snap-20260825-adopt
SNR-06HC,USGS:033531908,snap-20260825-adopt
SNR-06HD,USGS:06719540,snap-20260825-adopt
SNR-06HE,USGS:394329104490101,snap-20260825-adopt
SNR-06HF,USGS:01410787,snap-20260825-adopt
SNR-06HG,USGS:06884400,snap-20260825-adopt
SNR-06HH,USGS:03078500,snap-20260825-adopt
SNR-06HI,USGS:03063000,snap-20260825-adopt
SNR-06HJ,USGS:394337079544201,snap-20260825-adopt
SNR-06HK,USGS:01480017,snap-20260825-adopt
SNR-06HL,USGS:03062998,snap-20260825-adopt
SNR-06HM,USGS:03363220,snap-20260825-adopt
SNR-06HN,USGS:03353180,snap-20260825-adopt
SNR-06HO,USGS:03353885,snap-20260825-adopt
SNR-06HP,USGS:05591700,snap-20260825-adopt
SNR-06HQ,USGS:03148150,snap-20260825-adopt
SNR-06HR,USGS:06759700,snap-20260825-adopt
SNR-06HS,USGS:03071690,snap-20260825-adopt
SNR-06HT,USGS:01480095,snap-20260825-adopt
SNR-06HU,USGS:03275600,snap-20260825-adopt
SNR-06HV,USGS:394359105411900,snap-20260825-adopt
SNR-06HW,USGS:01410784,snap-20260825-adopt
SNR-06HX,USGS:06711770,snap-20260825-adopt
SNR-06HY,USGS:01409403,snap-20260825-adopt
SNR-06HZ,USGS:01480100,snap-20260825-adopt
SNR-06I0,USGS:033536062,snap-20260825-adopt
SNR-06I1,USGS:06711780,snap-20260825-adopt
SNR-06I2,USGS:394409105020501,snap-20260825-adopt
SNR-06I3,USGS:01480120,snap-20260825-adopt
SNR-06I4,USGS:01477110,snap-20260825-adopt
SNR-06I5,USGS:01475000,snap-20260825-adopt
SNR-06I6,USGS:03353000,snap-20260825-adopt
SNR-06I7,USGS:05503100,snap-20260825-adopt
SNR-06I8,USGS:01475001,snap-20260825-adopt
SNR-06I9,USGS:03241000,snap-20260825-adopt
SNR-06IA,USGS:06897700,snap-20260825-adopt
SNR-06IB,USGS:01409460,snap-20260825-adopt
SNR-06IC,USGS:06719560,snap-20260825-adopt
SNR-06ID,USGS:01477120,snap-20260825-adopt
SNR-06IE,USGS:05502500,snap-20260825-adopt
SNR-06IF,USGS:06752285,snap-20260825-adopt
SNR-06IG,USGS:06717500,snap-20260825-adopt
SNR-06IH,USGS:05576000,snap-20260825-adopt
SNR-06II,USGS:06718000,snap-20260825-adopt
SNR-06IJ,USGS:06713500,snap-20260825-adopt
SNR-06IK,USGS:03361000,snap-20260825-adopt
SNR-06IL,USGS:05501200,snap-20260825-adopt
SNR-06IM,USGS:06714260,snap-20260825-adopt
SNR-06IN,USGS:06711820,snap-20260825-adopt
SNR-06IO,USGS:06719000,snap-20260825-adopt
SNR-06IP,USGS:06718300,snap-20260825-adopt
SNR-06IQ,USGS:01477123,snap-20260825-adopt
SNR-06IR,USGS:01478245,snap-20260825-adopt
SNR-06IS,USGS:06758300,snap-20260825-adopt
SNR-06IT,USGS:03240000,snap-20260825-adopt
SNR-06IU,USGS:01577400,snap-20260825-adopt
SNR-06IV,USGS:06718550,snap-20260825-adopt
SNR-06IW,USGS:06719500,snap-20260825-adopt
SNR-06IX,USGS:0140940200,snap-20260825-adopt
SNR-06IY,USGS:03353603,snap-20260825-adopt
SNR-06IZ,USGS:06906200,snap-20260825-adopt
SNR-06J0,USGS:06821360,snap-20260825-adopt
SNR-06J1,USGS:06715000,snap-20260825-adopt
SNR-06J2,USGS:06719505,snap-20260825-adopt
SNR-06J3,USGS:06818000,snap-20260825-adopt
SNR-06J4,USGS:06906190,snap-20260825-adopt
SNR-06J5,USGS:05576022,snap-20260825-adopt
SNR-06J6,USGS:06899680,snap-20260825-adopt
SNR-06J7,USGS:06815700,snap-20260825-adopt
SNR-06J8,USGS:06717000,snap-20260825-adopt
SNR-06J9,USGS:01409455,snap-20260825-adopt
SNR-06JA,USGS:01409440,snap-20260825-adopt
SNR-06JB,USGS:06872100,snap-20260825-adopt
SNR-06JC,USGS:06902900,snap-20260825-adopt
SNR-06JD,USGS:06896700,snap-20260825-adopt
SNR-06JE,USGS:03240500,snap-20260825-adopt
SNR-06JF,USGS:05503000,snap-20260825-adopt
SNR-06JG,USGS:06716000,snap-20260825-adopt
SNR-06JH,USGS:06716100,snap-20260825-adopt
SNR-06JI,USGS:394533079581501,snap-20260825-adopt
SNR-06JJ,USGS:03072000,snap-20260825-adopt
SNR-06JK,USGS:06714000,snap-20260825-adopt
SNR-06JL,USGS:394534082595200,snap-20260825-adopt
SNR-06JM,USGS:01481540,snap-20260825-adopt
SNR-06JN,USGS:06715500,snap-20260825-adopt
SNR-06JO,USGS:05586000,snap-20260825-adopt
SNR-06JP,USGS:01409125,snap-20260825-adopt
SNR-06JQ,USGS:01477800,snap-20260825-adopt
SNR-06JR,USGS:06714240,snap-20260825-adopt
SNR-06JS,USGS:05576205,snap-20260825-adopt
SNR-06JT,USGS:03357350,snap-20260825-adopt
SNR-06JU,USGS:01480000,snap-20260825-adopt
SNR-06JV,USGS:06718500,snap-20260825-adopt
SNR-06JW,USGS:01409147,snap-20260825-adopt
SNR-06JX,USGS:03353700,snap-20260825-adopt
SNR-06JY,USGS:03070420,snap-20260825-adopt
SNR-06JZ,USGS:03353160,snap-20260825-adopt
SNR-06K0,USGS:03270400,snap-20260825-adopt
SNR-06K1,USGS:03270500,snap-20260825-adopt
SNR-06K2,USGS:01478220,snap-20260825-adopt
SNR-06K3,USGS:06716500,snap-20260825-adopt
SNR-06K4,USGS:06845900,snap-20260825-adopt
SNR-06K5,USGS:03271000,snap-20260825-adopt
SNR-06K6,USGS:03114250,snap-20260825-adopt
SNR-06K7,USGS:01409439,snap-20260825-adopt
SNR-06K8,USGS:06714300,snap-20260825-adopt
SNR-06K9,USGS:03070455,snap-20260825-adopt
SNR-06KA,USGS:01481500,snap-20260825-adopt
SNR-06KB,USGS:06847900,snap-20260825-adopt
SNR-06KC,USGS:01409124,snap-20260825-adopt
SNR-06KD,USGS:01475019,snap-20260825-adopt
SNR-06KE,USGS:05591750,snap-20260825-adopt
SNR-06KF,USGS:01475017,snap-20260825-adopt
SNR-06KG,USGS:03352988,snap-20260825-adopt
SNR-06KH,USGS:03115600,snap-20260825-adopt
SNR-06KI,USGS:01577500,snap-20260825-adopt
SNR-06KJ,USGS:06714100,snap-20260825-adopt
SNR-06KK,USGS:06719526,snap-20260825-adopt
SNR-06KL,USGS:03229610,snap-20260825-adopt
SNR-06KM,USGS:03352953,snap-20260825-adopt
SNR-06KN,USGS:03114094,snap-20260825-adopt
SNR-06KO,USGS:01479200,snap-20260825-adopt
SNR-06KP,USGS:03353120,snap-20260825-adopt
SNR-06KQ,USGS:394634105465800,snap-20260825-adopt
SNR-06KR,USGS:03353500,snap-20260825-adopt
SNR-06KS,USGS:01577505,snap-20260825-adopt
SNR-06KT,USGS:05576250,snap-20260825-adopt
SNR-06KU,USGS:01479197,snap-20260825-adopt
SNR-06KV,USGS:03353494,snap-20260825-adopt
SNR-06KW,USGS:03070415,snap-20260825-adopt
SNR-06KX,USGS:06871900,snap-20260825-adopt
SNR-06KY,USGS:394653084072100,snap-20260825-adopt
SNR-06KZ,USGS:01478200,snap-20260825-adopt
SNR-06L0,USGS:01409431,snap-20260825-adopt
SNR-06L1,USGS:03114240,snap-20260825-adopt
SNR-06L2,USGS:01409088,snap-20260825-adopt
SNR-06L3,USGS:06714310,snap-20260825-adopt
SNR-06L4,USGS:01409375,snap-20260825-adopt
SNR-06L5,USGS:03361605,snap-20260825-adopt
SNR-06L6,USGS:06714130,snap-20260825-adopt
SNR-06L7,USGS:03353600,snap-20260825-adopt
SNR-06L8,USGS:03072500,snap-20260825-adopt
SNR-06L9,USGS:06885000,snap-20260825-adopt
SNR-06LA,USGS:06714210,snap-20260825-adopt
SNR-06LB,USGS:01476600,snap-20260825-adopt
SNR-06LC,USGS:03361109,snap-20260825-adopt
SNR-06LD,USGS:03351350,snap-20260825-adopt
SNR-06LE,USGS:03352875,snap-20260825-adopt
SNR-06LF,USGS:01603500,snap-20260825-adopt
SNR-06LG,USGS:01409110,snap-20260825-adopt
SNR-06LH,USGS:03343400,snap-20260825-adopt
SNR-06LI,USGS:05590520,snap-20260825-adopt
SNR-06LJ,USGS:01577503,snap-20260825-adopt
SNR-06LK,USGS:01481450,snap-20260825-adopt
SNR-06LL,USGS:03340500,snap-20260825-adopt
SNR-06LM,USGS:06815578,snap-20260825-adopt
SNR-06LN,USGS:01410775,snap-20260825-adopt
SNR-06LO,USGS:03270800,snap-20260825-adopt
SNR-06LP,USGS:03072670,snap-20260825-adopt
SNR-06LQ,USGS:03072590,snap-20260825-adopt
SNR-06LR,USGS:01638900,snap-20260825-adopt
SNR-06LS,USGS:06902800,snap-20260825-adopt
SNR-06LT,USGS:03352972,snap-20260825-adopt
SNR-06LU,USGS:03270000,snap-20260825-adopt
SNR-06LV,USGS:01479950,snap-20260825-adopt
SNR-06LW,USGS:01409095,snap-20260825-adopt
SNR-06LX,USGS:06872600,snap-20260825-adopt
SNR-06LY,USGS:06854500,snap-20260825-adopt
SNR-06LZ,USGS:06719760,snap-20260825-adopt
SNR-06M0,USGS:06720280,snap-20260825-adopt
SNR-06M1,USGS:06720255,snap-20260825-adopt
SNR-06M2,USGS:06872300,snap-20260825-adopt
SNR-06M3,USGS:03156600,snap-20260825-adopt
SNR-06M4,USGS:394803088215001,snap-20260825-adopt
SNR-06M5,USGS:06720285,snap-20260825-adopt
SNR-06M6,USGS:05590500,snap-20260825-adopt
SNR-06M7,USGS:03077100,snap-20260825-adopt
SNR-06M8,USGS:394808075172403,snap-20260825-adopt
SNR-06M9,USGS:01467347,snap-20260825-adopt
SNR-06MA,USGS:03353601,snap-20260825-adopt
SNR-06MB,USGS:01467330,snap-20260825-adopt
SNR-06MC,USGS:05502700,snap-20260825-adopt
SNR-06MD,USGS:03077500,snap-20260825-adopt
SNR-06ME,USGS:05590800,snap-20260825-adopt
SNR-06MF,USGS:03275500,snap-20260825-adopt
SNR-06MG,USGS:01577300,snap-20260825-adopt
SNR-06MH,USGS:06815600,snap-20260825-adopt
SNR-06MI,USGS:06720460,snap-20260825-adopt
SNR-06MJ,USGS:03353583,snap-20260825-adopt
SNR-06MK,USGS:06848000,snap-20260825-adopt
SNR-06ML,USGS:03239000,snap-20260825-adopt
SNR-06MM,USGS:06714360,snap-20260825-adopt
SNR-06MN,USGS:03148300,snap-20260825-adopt
SNR-06MO,USGS:394839104570300,snap-20260825-adopt
SNR-06MP,USGS:05585220,snap-20260825-adopt
SNR-06MQ,USGS:01477200,snap-20260825-adopt
SNR-06MR,USGS:01601000,snap-20260825-adopt
SNR-06MS,USGS:06714215,snap-20260825-adopt
SNR-06MT,USGS:03340800,snap-20260825-adopt
SNR-06MU,USGS:06813700,snap-20260825-adopt
SNR-06MV,USGS:06845000,snap-20260825-adopt
SNR-06MW,USGS:06884300,snap-20260825-adopt
SNR-06MX,USGS:06884100,snap-20260825-adopt
SNR-06MY,USGS:06884200,snap-20260825-adopt
SNR-06MZ,USGS:01576998,snap-20260825-adopt
SNR-06N0,USGS:01577000,snap-20260825-adopt
SNR-06N1,USGS:03353460,snap-20260825-adopt
SNR-06N2,USGS:06719775,snap-20260825-adopt
SNR-06N3,USGS:06846200,snap-20260825-adopt
SNR-06N4,USGS:01467350,snap-20260825-adopt
SNR-06N5,USGS:05577500,snap-20260825-adopt
SNR-06N6,USGS:06815570,snap-20260825-adopt
SNR-06N7,USGS:01574800,snap-20260825-adopt
SNR-06N8,USGS:03357330,snap-20260825-adopt
SNR-06N9,USGS:01479820,snap-20260825-adopt
SNR-06NA,USGS:05501000,snap-20260825-adopt
SNR-06NB,USGS:06897507,snap-20260825-adopt
SNR-06NC,USGS:05585830,snap-20260825-adopt
SNR-06ND,USGS:01409444,snap-20260825-adopt
SNR-06NE,USGS:01573810,snap-20260825-adopt
SNR-06NF,USGS:01467351,snap-20260825-adopt
SNR-06NG,USGS:06719845,snap-20260825-adopt
SNR-06NH,USGS:01479800,snap-20260825-adopt
SNR-06NI,USGS:03080000,snap-20260825-adopt
SNR-06NJ,USGS:06719740,snap-20260825-adopt
SNR-06NK,USGS:01478137,snap-20260825-adopt
SNR-06NL,USGS:03353451,snap-20260825-adopt
SNR-06NM,USGS:06719770,snap-20260825-adopt
SNR-06NN,USGS:06815880,snap-20260825-adopt
SNR-06NO,USGS:01494850,snap-20260825-adopt
SNR-06NP,USGS:03072655,snap-20260825-adopt
SNR-06NQ,USGS:03072656,snap-20260825-adopt
SNR-06NR,USGS:06719840,snap-20260825-adopt
SNR-06NS,USGS:05573500,snap-20260825-adopt
SNR-06NT,USGS:03081000,snap-20260825-adopt
SNR-06NU,USGS:03239500,snap-20260825-adopt
SNR-06NV,USGS:01576980,snap-20260825-adopt
SNR-06NW,USGS:06720000,snap-20260825-adopt
SNR-06NX,USGS:01478120,snap-20260825-adopt
SNR-06NY,USGS:03351310,snap-20260825-adopt
SNR-06NZ,USGS:03111705,snap-20260825-adopt
SNR-06O0,USGS:05502300,snap-20260825-adopt
SNR-06O1,USGS:03357300,snap-20260825-adopt
SNR-06O2,USGS:05573540,snap-20260825-adopt
SNR-06O3,USGS:01476550,snap-20260825-adopt
SNR-06O4,USGS:03351201,snap-20260825-adopt
SNR-06O5,USGS:05585500,snap-20260825-adopt
SNR-06O6,USGS:01478185,snap-20260825-adopt
SNR-06O7,USGS:01467359,snap-20260825-adopt
SNR-06O8,USGS:05577520,snap-20260825-adopt
SNR-06O9,USGS:01481200,snap-20260825-adopt
SNR-06OA,USGS:01467130,snap-20260825-adopt
SNR-06OB,USGS:03111675,snap-20260825-adopt
SNR-06OC,USGS:01477050,snap-20260825-adopt
SNR-06OD,USGS:01409425,snap-20260825-adopt
SNR-06OE,USGS:01409710,snap-20260825-adopt
SNR-06OF,USGS:03228039,snap-20260825-adopt
SNR-06OG,USGS:03148395,snap-20260825-adopt
SNR-06OH,USGS:0146587105,snap-20260825-adopt
SNR-06OI,USGS:06882510,snap-20260825-adopt
SNR-06OJ,USGS:01479775,snap-20260825-adopt
SNR-06OK,USGS:03361638,snap-20260825-adopt
SNR-06OL,USGS:03269817,snap-20260825-adopt
SNR-06OM,USGS:05576500,snap-20260825-adopt
SNR-06ON,USGS:01578200,snap-20260825-adopt
SNR-06OO,USGS:06719735,snap-20260825-adopt
SNR-06OP,USGS:06902200,snap-20260825-adopt
SNR-06OQ,USGS:01467357,snap-20260825-adopt
SNR-06OR,USGS:03353551,snap-20260825-adopt
SNR-06OS,USGS:06719730,snap-20260825-adopt
SNR-06OT,USGS:03353430,snap-20260825-adopt
SNR-06OU,USGS:03352695,snap-20260825-adopt
SNR-06OV,USGS:03230450,snap-20260825-adopt
SNR-06OW,USGS:01479676,snap-20260825-adopt
SNR-06OX,USGS:06846000,snap-20260825-adopt
SNR-06OY,USGS:01479678,snap-20260825-adopt
SNR-06OZ,USGS:03353560,snap-20260825-adopt
SNR-06P0,USGS:03230400,snap-20260825-adopt
SNR-06P1,USGS:06719725,snap-20260825-adopt
SNR-06P2,USGS:03352500,snap-20260825-adopt
SNR-06P3,USGS:395107086051501,snap-20260825-adopt
SNR-06P4,USGS:03140900,snap-20260825-adopt
SNR-06P5,USGS:395111105064100,snap-20260825-adopt
SNR-06P6,USGS:03352690,snap-20260825-adopt
SNR-06P7,USGS:06848200,snap-20260825-adopt
SNR-06P8,USGS:395116104561300,snap-20260825-adopt
SNR-06P9,USGS:03229500,snap-20260825-adopt
SNR-06PA,USGS:01478100,snap-20260825-adopt
SNR-06PB,USGS:03079000,snap-20260825-adopt
SNR-06PC,USGS:01465806,snap-20260825-adopt
SNR-06PD,USGS:03081600,snap-20260825-adopt
SNR-06PE,USGS:06884900,snap-20260825-adopt
SNR-06PF,USGS:03140853,snap-20260825-adopt
SNR-06PG,USGS:03353670,snap-20260825-adopt
SNR-06PH,USGS:06720200,snap-20260825-adopt
SNR-06PI,USGS:03081500,snap-20260825-adopt
SNR-06PJ,USGS:01476020,snap-20260825-adopt
SNR-06PK,USGS:06720480,snap-20260825-adopt
SNR-06PL,USGS:01409000,snap-20260825-adopt
SNR-06PM,USGS:0146587310,snap-20260825-adopt
SNR-06PN,USGS:03074300,snap-20260825-adopt
SNR-06PO,USGS:395206075111801,snap-20260825-adopt
SNR-06PP,USGS:01477000,snap-20260825-adopt
SNR-06PQ,USGS:03352000,snap-20260825-adopt
SNR-06PR,USGS:03263100,snap-20260825-adopt
SNR-06PS,USGS:01481000,snap-20260825-adopt
SNR-06PT,USGS:395212095045701,snap-20260825-adopt
SNR-06PU,USGS:03266000,snap-20260825-adopt
SNR-06PV,USGS:01467140,snap-20260825-adopt
SNR-06PW,USGS:05576900,snap-20260825-adopt
SNR-06PX,USGS:03351060,snap-20260825-adopt
SNR-06PY,USGS:03353420,snap-20260825-adopt
SNR-06PZ,USGS:395223086214201,snap-20260825-adopt
SNR-06Q0,USGS:395223086214202,snap-20260825-adopt
SNR-06Q1,USGS:395223086214203,snap-20260825-adopt
SNR-06Q2,USGS:395223086214204,snap-20260825-adopt
SNR-06Q3,USGS:03274750,snap-20260825-adopt
SNR-06Q4,USGS:03351071,snap-20260825-adopt
SNR-06Q5,USGS:01466610,snap-20260825-adopt
SNR-06Q6,USGS:03072846,snap-20260825-adopt
SNR-06Q7,USGS:03263000,snap-20260825-adopt
SNR-06Q8,USGS:05500500,snap-20260825-adopt
SNR-06Q9,USGS:01476950,snap-20260825-adopt
SNR-06QA,USGS:03341150,snap-20260825-adopt
SNR-06QB,USGS:06720490,snap-20260825-adopt
SNR-06QC,USGS:395240105095500,snap-20260825-adopt
SNR-06QD,USGS:06730300,snap-20260825-adopt
SNR-06QE,USGS:01573816,snap-20260825-adopt
SNR-06QF,USGS:01574500,snap-20260825-adopt
SNR-06QG,USGS:01465984,snap-20260825-adopt
SNR-06QH,USGS:05590400,snap-20260825-adopt
SNR-06QI,USGS:395246105111800,snap-20260825-adopt
SNR-06QJ,USGS:395245082435800,snap-20260825-adopt
SNR-06QK,USGS:01467317,snap-20260825-adopt
SNR-06QL,USGS:01408900,snap-20260825-adopt
SNR-06QM,USGS:01476000,snap-20260825-adopt
SNR-06QN,USGS:01474703,snap-20260825-adopt
SNR-06QO,USGS:06900640,snap-20260825-adopt
SNR-06QP,USGS:06900690,snap-20260825-adopt
SNR-06QQ,USGS:395253105095500,snap-20260825-adopt
SNR-06QR,USGS:395253105131700,snap-20260825-adopt
SNR-06QS,USGS:06899600,snap-20260825-adopt
SNR-06QT,USGS:395301105120800,snap-20260825-adopt
SNR-06QU,USGS:01466510,snap-20260825-adopt
SNR-06QV,USGS:395304105105100,snap-20260825-adopt
SNR-06QW,USGS:395308105123100,snap-20260825-adopt
SNR-06QX,USGS:395306105131700,snap-20260825-adopt
SNR-06QY,USGS:01466500,snap-20260825-adopt
SNR-06QZ,USGS:06720690,snap-20260825-adopt
SNR-06R0,USGS:06720700,snap-20260825-adopt
SNR-06R1,USGS:395309105114100,snap-20260825-adopt
SNR-06R2,USGS:03353415,snap-20260825-adopt
SNR-06R3,USGS:06854000,snap-20260825-adopt
SNR-06R4,USGS:395313105110500,snap-20260825-adopt
SNR-06R5,USGS:395310105113300,snap-20260825-adopt
SNR-06R6,USGS:01475660,snap-20260825-adopt
SNR-06R7,USGS:06720330,snap-20260825-adopt
SNR-06R8,USGS:01465870,snap-20260825-adopt
SNR-06R9,USGS:01467160,snap-20260825-adopt
SNR-06RA,USGS:06720415,snap-20260825-adopt
SNR-06RB,USGS:03352400,snap-20260825-adopt
SNR-06RC,USGS:01476960,snap-20260825-adopt
SNR-06RD,USGS:01465987,snap-20260825-adopt
SNR-06RE,USGS:06720400,snap-20260825-adopt
SNR-06RF,USGS:01576788,snap-20260825-adopt
SNR-06RG,USGS:01466620,snap-20260825-adopt
SNR-06RH,USGS:06720417,snap-20260825-adopt
SNR-06RI,USGS:03351005,snap-20260825-adopt
SNR-06RJ,USGS:03352200,snap-20260825-adopt
SNR-06RK,USGS:395331105134400,snap-20260825-adopt
SNR-06RL,USGS:395332105124600,snap-20260825-adopt
SNR-06RM,USGS:03339150,snap-20260825-adopt
SNR-06RN,USGS:01614140,snap-20260825-adopt
SNR-06RO,USGS:014755595,snap-20260825-adopt
SNR-06RP,USGS:01466640,snap-20260825-adopt
SNR-06RQ,USGS:395339083130100,snap-20260825-adopt
SNR-06RR,USGS:01578400,snap-20260825-adopt
SNR-06RS,USGS:01476030,snap-20260825-adopt
SNR-06RT,USGS:395342105110800,snap-20260825-adopt
SNR-06RU,USGS:01465880,snap-20260825-adopt
SNR-06RV,USGS:06720790,snap-20260825-adopt
SNR-06RW,USGS:03353240,snap-20260825-adopt
SNR-06RX,USGS:01475560,snap-20260825-adopt
SNR-06RY,USGS:05577700,snap-20260825-adopt
SNR-06RZ,USGS:06901500,snap-20260825-adopt
SNR-06S0,USGS:395347105120900,snap-20260825-adopt
SNR-06S1,USGS:06906150,snap-20260825-adopt
SNR-06S2,USGS:05500000,snap-20260825-adopt
SNR-06S3,USGS:395349105114900,snap-20260825-adopt
SNR-06S4,USGS:03351710,snap-20260825-adopt
SNR-06S5,USGS:03353668,snap-20260825-adopt
SNR-06S6,USGS:01613050,snap-20260825-adopt
SNR-06S7,USGS:01475553,snap-20260825-adopt
SNR-06S8,USGS:06720780,snap-20260825-adopt
SNR-06S9,USGS:06853800,snap-20260825-adopt
SNR-06SA,USGS:395358105110500,snap-20260825-adopt
SNR-06SB,USGS:03361632,snap-20260825-adopt
SNR-06SC,USGS:01475555,snap-20260825-adopt
SNR-06SD,USGS:395403105104700,snap-20260825-adopt
SNR-06SE,USGS:03140950,snap-20260825-adopt
SNR-06SF,USGS:01467312,snap-20260825-adopt
SNR-06SG,USGS:06846300,snap-20260825-adopt
SNR-06SH,USGS:09022500,snap-20260825-adopt
SNR-06SI,USGS:06845100,snap-20260825-adopt
SNR-06SJ,USGS:395407105095900,snap-20260825-adopt
SNR-06SK,USGS:01476500,snap-20260825-adopt
SNR-06SL,USGS:03081800,snap-20260825-adopt
SNR-06SM,USGS:01467150,snap-20260825-adopt
SNR-06SN,USGS:01466600,snap-20260825-adopt
SNR-06SO,USGS:01465882,snap-20260825-adopt
SNR-06SP,USGS:395417082314200,snap-20260825-adopt
SNR-06SQ,USGS:03351700,snap-20260825-adopt
SNR-06SR,USGS:06720820,snap-20260825-adopt
SNR-06SS,USGS:01576787,snap-20260825-adopt
SNR-06ST,USGS:01465995,snap-20260825-adopt
SNR-06SU,USGS:01465885,snap-20260825-adopt
SNR-06SV,USGS:06821400,snap-20260825-adopt
SNR-06SW,USGS:03113990,snap-20260825-adopt
SNR-06SX,USGS:03361630,snap-20260825-adopt
SNR-06SY,USGS:014806318,snap-20260825-adopt
SNR-06SZ,USGS:01467180,snap-20260825-adopt
SNR-06T0,USGS:06815990,snap-20260825-adopt
SNR-06T1,USGS:01467305,snap-20260825-adopt
SNR-06T2,USGS:03149500,snap-20260825-adopt
SNR-06T3,USGS:03114000,snap-20260825-adopt
SNR-06T4,USGS:03227500,snap-20260825-adopt
SNR-06T5,USGS:03271732,snap-20260825-adopt
SNR-06T6,USGS:03274730,snap-20260825-adopt
SNR-06T7,USGS:03351000,snap-20260825-adopt
SNR-06T8,USGS:06729000,snap-20260825-adopt
SNR-06T9,USGS:03228000,snap-20260825-adopt
SNR-06TA,USGS:395452105113800,snap-20260825-adopt
SNR-06TB,USGS:01476480,snap-20260825-adopt
SNR-06TC,USGS:01465991,snap-20260825-adopt
SNR-06TD,USGS:03351007,snap-20260825-adopt
SNR-06TE,USGS:01465888,snap-20260825-adopt
SNR-06TF,USGS:01466000,snap-20260825-adopt
SNR-06TG,USGS:06882500,snap-20260825-adopt
SNR-06TH,USGS:01475550,snap-20260825-adopt
SNR-06TI,USGS:01466088,snap-20260825-adopt
SNR-06TJ,USGS:05572500,snap-20260825-adopt
SNR-06TK,USGS:03269500,snap-20260825-adopt
SNR-06TL,USGS:03141700,snap-20260825-adopt
SNR-06TM,USGS:395512075293701,snap-20260825-adopt
SNR-06TN,USGS:01575000,snap-20260825-adopt
SNR-06TO,USGS:06720500,snap-20260825-adopt
SNR-06TP,USGS:01466081,snap-20260825-adopt
SNR-06TQ,USGS:01465835,snap-20260825-adopt
SNR-06TR,USGS:03073000,snap-20260825-adopt
SNR-06TS,USGS:01408754,snap-20260825-adopt
SNR-06TT,USGS:01466800,snap-20260825-adopt
SNR-06TU,USGS:01408753,snap-20260825-adopt
SNR-06TV,USGS:03141500,snap-20260825-adopt
SNR-06TW,USGS:01467190,snap-20260825-adopt
SNR-06TX,USGS:06897500,snap-20260825-adopt
SNR-06TY,USGS:03351072,snap-20260825-adopt
SNR-06TZ,USGS:01600700,snap-20260825-adopt
SNR-06U0,USGS:03228689,snap-20260825-adopt
SNR-06U1,USGS:01466100,snap-20260825-adopt
SNR-06U2,USGS:01475510,snap-20260825-adopt
SNR-06U3,USGS:03268300,snap-20260825-adopt
SNR-06U4,USGS:01480629,snap-20260825-adopt
SNR-06U5,USGS:01614090,snap-20260825-adopt
SNR-06U6,USGS:01480638,snap-20260825-adopt
SNR-06U7,USGS:06729500,snap-20260825-adopt
SNR-06U8,USGS:03340000,snap-20260825-adopt
SNR-06U9,USGS:06729300,snap-20260825-adopt
SNR-06UA,USGS:06729470,snap-20260825-adopt
SNR-06UB,USGS:01476470,snap-20260825-adopt
SNR-06UC,USGS:03269000,snap-20260825-adopt
SNR-06UD,USGS:01475548,snap-20260825-adopt
SNR-06UE,USGS:01476853,snap-20260825-adopt
SNR-06UF,USGS:05501500,snap-20260825-adopt
SNR-06UG,USGS:01476836,snap-20260825-adopt
SNR-06UH,USGS:01465847,snap-20260825-adopt
SNR-06UI,USGS:01614131,snap-20260825-adopt
SNR-06UJ,USGS:01408750,snap-20260825-adopt
SNR-06UK,USGS:01466300,snap-20260825-adopt
SNR-06UL,USGS:03148000,snap-20260825-adopt
SNR-06UM,USGS:03352162,snap-20260825-adopt
SNR-06UN,USGS:01465850,snap-20260825-adopt
SNR-06UO,USGS:01467080,snap-20260825-adopt
SNR-06UP,USGS:03268500,snap-20260825-adopt
SNR-06UQ,USGS:03072880,snap-20260825-adopt
SNR-06UR,USGS:01573825,snap-20260825-adopt
SNR-06US,USGS:01467081,snap-20260825-adopt
SNR-06UT,USGS:01576045,snap-20260825-adopt
SNR-06UU,USGS:01466240,snap-20260825-adopt
SNR-06UV,USGS:03144950,snap-20260825-adopt
SNR-06UW,USGS:03230427,snap-20260825-adopt
SNR-06UX,USGS:03229000,snap-20260825-adopt
SNR-06UY,USGS:01408205,snap-20260825-adopt
SNR-06UZ,USGS:01575500,snap-20260825-adopt
SNR-06V0,USGS:01467200,snap-20260825-adopt
SNR-06V1,USGS:03353200,snap-20260825-adopt
SNR-06V2,USGS:01576754,snap-20260825-adopt
SNR-06V3,USGS:01466200,snap-20260825-adopt
SNR-06V4,USGS:01408582,snap-20260825-adopt
SNR-06V5,USGS:01465900,snap-20260825-adopt
SNR-06V6,USGS:01465854,snap-20260825-adopt
SNR-06V7,USGS:01614137,snap-20260825-adopt
SNR-06V8,USGS:06814000,snap-20260825-adopt
SNR-06V9,USGS:01466850,snap-20260825-adopt
SNR-06VA,USGS:01408719,snap-20260825-adopt
SNR-06VB,USGS:01408200,snap-20260825-adopt
SNR-06VC,USGS:03339855,snap-20260825-adopt
SNR-06VD,USGS:03147900,snap-20260825-adopt
SNR-06VE,USGS:01408700,snap-20260825-adopt
SNR-06VF,USGS:03230310,snap-20260825-adopt
SNR-06VG,USGS:01467194,snap-20260825-adopt
SNR-06VH,USGS:01467010,snap-20260825-adopt
SNR-06VI,USGS:03268100,snap-20260825-adopt
SNR-06VJ,USGS:01475543,snap-20260825-adopt
SNR-06VK,USGS:05579500,snap-20260825-adopt
SNR-06VL,USGS:01467069,snap-20260825-adopt
SNR-06VM,USGS:06902500,snap-20260825-adopt
SNR-06VN,USGS:03343350,snap-20260825-adopt
SNR-06VO,USGS:03111950,snap-20260825-adopt
SNR-06VP,USGS:06905000,snap-20260825-adopt
SNR-06VQ,USGS:03111955,snap-20260825-adopt
SNR-06VR,USGS:01475546,snap-20260825-adopt
SNR-06VS,USGS:03351500,snap-20260825-adopt
SNR-06VT,USGS:03228678,snap-20260825-adopt
SNR-06VU,USGS:01561000,snap-20260825-adopt
SNR-06VV,USGS:01466900,snap-20260825-adopt
SNR-06VW,USGS:03221900,snap-20260825-adopt
SNR-06VX,USGS:01466196,snap-20260825-adopt
SNR-06VY,USGS:01474501,snap-20260825-adopt
SNR-06VZ,USGS:033521504,snap-20260825-adopt
SNR-06W0,USGS:01480637,snap-20260825-adopt
SNR-06W1,USGS:01465980,snap-20260825-adopt
SNR-06W2,USGS:01465905,snap-20260825-adopt
SNR-06W3,USGS:03113700,snap-20260825-adopt
SNR-06W4,USGS:06725500,snap-20260825-adopt
SNR-06W5,USGS:01480617,snap-20260825-adopt
SNR-06W6,USGS:01466940,snap-20260825-adopt
SNR-06W7,USGS:03073030,snap-20260825-adopt
SNR-06W8,USGS:01466950,snap-20260825-adopt
SNR-06W9,USGS:05585700,snap-20260825-adopt
SNR-06WA,USGS:05498500,snap-20260825-adopt
SNR-06WB,USGS:03144816,snap-20260825-adopt
SNR-06WC,USGS:03267900,snap-20260825-adopt
SNR-06WD,USGS:01408592,snap-20260825-adopt
SNR-06WE,USGS:03227200,snap-20260825-adopt
SNR-06WF,USGS:01475540,snap-20260825-adopt
SNR-06WG,USGS:014755456,snap-20260825-adopt
SNR-06WH,USGS:03262750,snap-20260825-adopt
SNR-06WI,USGS:0146597010,snap-20260825-adopt
SNR-06WJ,USGS:01474500,snap-20260825-adopt
SNR-06WK,USGS:01576783,snap-20260825-adopt
SNR-06WL,USGS:03111585,snap-20260825-adopt
SNR-06WM,USGS:01480870,snap-20260825-adopt
SNR-06WN,USGS:03144800,snap-20260825-adopt
SNR-06WO,USGS:01467000,snap-20260825-adopt
SNR-06WP,USGS:01475545,snap-20260825-adopt
SNR-06WQ,USGS:01408590,snap-20260825-adopt
SNR-06WR,USGS:01576782,snap-20260825-adopt
SNR-06WS,USGS:06815300,snap-20260825-adopt
SNR-06WT,USGS:01480610,snap-20260825-adopt
SNR-06WU,USGS:01475530,snap-20260825-adopt
SNR-06WV,USGS:06730400,snap-20260825-adopt
SNR-06WW,USGS:0146700140,snap-20260825-adopt
SNR-06WX,USGS:01465965,snap-20260825-adopt
SNR-06WY,USGS:01475850,snap-20260825-adopt
SNR-06WZ,USGS:01465951,snap-20260825-adopt
SNR-06X0,USGS:03267800,snap-20260825-adopt
SNR-06X1,USGS:01559700,snap-20260825-adopt
SNR-06X2,USGS:06848500,snap-20260825-adopt
SNR-06X3,USGS:01467002,snap-20260825-adopt
SNR-06X4,USGS:05496900,snap-20260825-adopt
SNR-06X5,USGS:01465950,snap-20260825-adopt
SNR-06X6,USGS:06728400,snap-20260825-adopt
SNR-06X7,USGS:03074500,snap-20260825-adopt
SNR-06X8,USGS:01573849,snap-20260825-adopt
SNR-06X9,USGS:06884025,snap-20260825-adopt
SNR-06XA,USGS:01476435,snap-20260825-adopt
SNR-06XB,USGS:0146700390,snap-20260825-adopt
SNR-06XC,USGS:06816000,snap-20260825-adopt
SNR-06XD,USGS:0146700255,snap-20260825-adopt
SNR-06XE,USGS:01467003,snap-20260825-adopt
SNR-06XF,USGS:03350800,snap-20260825-adopt
SNR-06XG,USGS:395856074422701,snap-20260825-adopt
SNR-06XH,USGS:01480890,snap-20260825-adopt
SNR-06XI,USGS:395902075032501,snap-20260825-adopt
SNR-06XJ,USGS:03113500,snap-20260825-adopt
SNR-06XK,USGS:03113600,snap-20260825-adopt
SNR-06XL,USGS:06846500,snap-20260825-adopt
SNR-06XM,USGS:03072890,snap-20260825-adopt
SNR-06XN,USGS:01467004,snap-20260825-adopt
SNR-06XO,USGS:01480500,snap-20260825-adopt
SNR-06XP,USGS:01408500,snap-20260825-adopt
SNR-06XQ,USGS:03074000,snap-20260825-adopt
SNR-06XR,USGS:01465963,snap-20260825-adopt
SNR-06XS,USGS:06726500,snap-20260825-adopt
SNR-06XT,USGS:395918074341609,snap-20260825-adopt
SNR-06XU,USGS:395918074341610,snap-20260825-adopt
SNR-06XV,USGS:395918074341611,snap-20260825-adopt
SNR-06XW,USGS:03147500,snap-20260825-adopt
SNR-06XX,USGS:01465960,snap-20260825-adopt
SNR-06XY,USGS:03145000,snap-20260825-adopt
SNR-06XZ,USGS:03221646,snap-20260825-adopt
SNR-06Y0,USGS:05572450,snap-20260825-adopt
SNR-06Y1,USGS:03113950,snap-20260825-adopt
SNR-06Y2,USGS:03267700,snap-20260825-adopt
SNR-06Y3,USGS:03141870,snap-20260825-adopt
SNR-06Y4,USGS:01475845,snap-20260825-adopt
SNR-06Y5,USGS:06728200,snap-20260825-adopt
SNR-06Y6,USGS:015765185,snap-20260825-adopt
SNR-06Y7,USGS:01576771,snap-20260825-adopt
SNR-06Y8,USGS:01576516,snap-20260825-adopt
SNR-06Y9,USGS:03268000,snap-20260825-adopt
SNR-06YA,USGS:01465959,snap-20260825-adopt
SNR-06YB,USGS:01480761,snap-20260825-adopt
SNR-06YC,USGS:01467005,snap-20260825-adopt
SNR-06YD,USGS:01576772,snap-20260825-adopt
SNR-06YE,USGS:06853500,snap-20260825-adopt
SNR-06YF,USGS:01480762,snap-20260825-adopt
SNR-06YG,USGS:03082237,snap-20260825-adopt
SNR-06YH,USGS:01480763,snap-20260825-adopt
SNR-06YI,USGS:01475430,snap-20260825-adopt
SNR-06YJ,USGS:05584950,snap-20260825-adopt
SNR-06YK,USGS:015765195,snap-20260825-adopt
SNR-06YL,USGS:01576527,snap-20260825-adopt
SNR-06YM,USGS:03073751,snap-20260825-adopt
SNR-06YN,USGS:03072840,snap-20260825-adopt
SNR-06YO,USGS:03227107,snap-20260825-adopt
SNR-06YP,USGS:05499900,snap-20260825-adopt
SNR-06YQ,USGS:01576521,snap-20260825-adopt
SNR-06YR,USGS:01480766,snap-20260825-adopt
SNR-06YS,USGS:015765265,snap-20260825-adopt
SNR-06YT,USGS:01480887,snap-20260825-adopt
SNR-06YU,USGS:01576529,snap-20260825-adopt
SNR-06YV,USGS:06845110,snap-20260825-adopt
SNR-06YW,USGS:03073750,snap-20260825-adopt
SNR-06YX,USGS:01467057,snap-20260825-adopt
SNR-06YY,USGS:01480775,snap-20260825-adopt
SNR-06YZ,USGS:03274650,snap-20260825-adopt
SNR-06Z0,USGS:06852500,snap-20260825-adopt
SNR-06Z1,USGS:01480777,snap-20260825-adopt
SNR-06Z2,USGS:01480800,snap-20260825-adopt
SNR-06Z3,USGS:05498700,snap-20260825-adopt
SNR-06Z4,USGS:03267960,snap-20260825-adopt
SNR-06Z5,USGS:06727000,snap-20260825-adopt
SNR-06Z6,USGS:01408494,snap-20260825-adopt
SNR-06Z7,USGS:03267500,snap-20260825-adopt
SNR-06Z8,USGS:01467089,snap-20260825-adopt
SNR-06Z9,USGS:400026074145306,snap-20260825-adopt
SNR-06ZA,USGS:400026074145305,snap-20260825-adopt
SNR-06ZB,USGS:400026074145501,snap-20260825-adopt
SNR-06ZC,USGS:03112782,snap-20260825-adopt
SNR-06ZD,USGS:03078770,snap-20260825-adopt
SNR-06ZE,USGS:03265100,snap-20260825-adopt
SNR-06ZF,USGS:03079600,snap-20260825-adopt
SNR-06ZG,USGS:01467016,snap-20260825-adopt
SNR-06ZH,USGS:01576767,snap-20260825-adopt
SNR-06ZI,USGS:06827500,snap-20260825-adopt
SNR-06ZJ,USGS:01576540,snap-20260825-adopt
SNR-06ZK,USGS:03267600,snap-20260825-adopt
SNR-06ZL,USGS:03267950,snap-20260825-adopt
SNR-06ZM,USGS:06726900,snap-20260825-adopt
SNR-06ZN,USGS:06728000,snap-20260825-adopt
SNR-06ZO,USGS:05578000,snap-20260825-adopt
SNR-06ZP,USGS:01576007,snap-20260825-adopt
SNR-06ZQ,USGS:03142000,snap-20260825-adopt
SNR-06ZR,USGS:03221500,snap-20260825-adopt
SNR-06ZS,USGS:01467059,snap-20260825-adopt
SNR-06ZT,USGS:01474000,snap-20260825-adopt
SNR-06ZU,USGS:01467087,snap-20260825-adopt
SNR-06ZV,USGS:03082200,snap-20260825-adopt
SNR-06ZW,USGS:03082500,snap-20260825-adopt
SNR-06ZX,USGS:06821500,snap-20260825-adopt
SNR-06ZY,USGS:03262800,snap-20260825-adopt
SNR-06ZZ,USGS:01467060,snap-20260825-adopt
SNR-0700,USGS:06727500,snap-20260825-adopt
SNR-0701,USGS:01575585,snap-20260825-adopt
SNR-0702,USGS:05497150,snap-20260825-adopt
SNR-0703,USGS:03082190,snap-20260825-adopt
SNR-0704,USGS:03274880,snap-20260825-adopt
SNR-0705,USGS:06728011,snap-20260825-adopt
SNR-0706,USGS:01576712,snap-20260825-adopt
SNR-0707,USGS:400118105134600,snap-20260825-adopt
SNR-0708,USGS:03228560,snap-20260825-adopt
SNR-0709,USGS:03360909,snap-20260825-adopt
SNR-070A,USGS:01475300,snap-20260825-adopt
SNR-070B,USGS:03226900,snap-20260825-adopt
SNR-070C,USGS:05585000,snap-20260825-adopt
SNR-070D,USGS:06896900,snap-20260825-adopt
SNR-070E,USGS:01473800,snap-20260825-adopt
SNR-070F,USGS:06728350,snap-20260825-adopt
SNR-070G,USGS:01480878,snap-20260825-adopt
SNR-070H,USGS:06900050,snap-20260825-adopt
SNR-070I,USGS:05572100,snap-20260825-adopt
SNR-070J,USGS:03360905,snap-20260825-adopt
SNR-070K,USGS:01480400,snap-20260825-adopt
SNR-070L,USGS:06726000,snap-20260825-adopt
SNR-070M,USGS:03339120,snap-20260825-adopt
SNR-070N,USGS:01576003,snap-20260825-adopt
SNR-070O,USGS:03350700,snap-20260825-adopt
SNR-070P,USGS:05498150,snap-20260825-adopt
SNR-070Q,USGS:01467024,snap-20260825-adopt
SNR-070R,USGS:400150083053401,snap-20260825-adopt
SNR-070S,USGS:03262700,snap-20260825-adopt
SNR-070T,USGS:400150083053402,snap-20260825-adopt
SNR-070U,USGS:01571184,snap-20260825-adopt
SNR-070V,USGS:01467029,snap-20260825-adopt
SNR-070W,USGS:05572000,snap-20260825-adopt
SNR-070X,USGS:400153083053600,snap-20260825-adopt
SNR-070Y,USGS:01467019,snap-20260825-adopt
SNR-070Z,USGS:05582200,snap-20260825-adopt
SNR-0710,USGS:06824500,snap-20260825-adopt
SNR-0711,USGS:01480700,snap-20260825-adopt
SNR-0712,USGS:06815000,snap-20260825-adopt
SNR-0713,USGS:01467021,snap-20260825-adopt
SNR-0714,USGS:01464290,snap-20260825-adopt
SNR-0715,USGS:03226890,snap-20260825-adopt
SNR-0716,USGS:03360906,snap-20260825-adopt
SNR-0717,USGS:06758400,snap-20260825-adopt
SNR-0718,USGS:03145173,snap-20260825-adopt
SNR-0719,USGS:01576706,snap-20260825-adopt
SNR-071A,USGS:014670261,snap-20260825-adopt
SNR-071B,USGS:01464375,snap-20260825-adopt
SNR-071C,USGS:06823500,snap-20260825-adopt
SNR-071D,USGS:01473780,snap-20260825-adopt
SNR-071E,USGS:03351400,snap-20260825-adopt
SNR-071F,USGS:06727410,snap-20260825-adopt
SNR-071G,USGS:06824000,snap-20260825-adopt
SNR-071H,USGS:01467086,snap-20260825-adopt
SNR-071I,USGS:03112000,snap-20260825-adopt
SNR-071J,USGS:06882000,snap-20260825-adopt
SNR-071K,USGS:06727400,snap-20260825-adopt
SNR-071L,USGS:06845200,snap-20260825-adopt
SNR-071M,USGS:01559790,snap-20260825-adopt
SNR-071N,USGS:03349000,snap-20260825-adopt
SNR-071O,USGS:03039200,snap-20260825-adopt
SNR-071P,USGS:01464330,snap-20260825-adopt
SNR-071Q,USGS:400250086010001,snap-20260825-adopt
SNR-071R,USGS:01576520,snap-20260825-adopt
SNR-071S,USGS:01473980,snap-20260825-adopt
SNR-071T,USGS:01467048,snap-20260825-adopt
SNR-071U,USGS:01576500,snap-20260825-adopt
SNR-071V,USGS:03339500,snap-20260825-adopt
SNR-071W,USGS:06730200,snap-20260825-adopt
SNR-071X,USGS:03226885,snap-20260825-adopt
SNR-071Y,USGS:03072818,snap-20260825-adopt
SNR-071Z,USGS:06813500,snap-20260825-adopt
SNR-0720,USGS:01575598,snap-20260825-adopt
SNR-0721,USGS:01480665,snap-20260825-adopt
SNR-0722,USGS:03145534,snap-20260825-adopt
SNR-0723,USGS:01464582,snap-20260825-adopt
SNR-0724,USGS:03146405,snap-20260825-adopt
SNR-0725,USGS:01576000,snap-20260825-adopt
SNR-0726,USGS:01464578,snap-20260825-adopt
SNR-0727,USGS:01480685,snap-20260825-adopt
SNR-0728,USGS:01467050,snap-20260825-adopt
SNR-0729,USGS:01408160,snap-20260825-adopt
SNR-072A,USGS:03338000,snap-20260825-adopt
SNR-072B,USGS:03350500,snap-20260825-adopt
SNR-072C,USGS:01465798,snap-20260825-adopt
SNR-072D,USGS:03147000,snap-20260825-adopt
SNR-072E,USGS:03112500,snap-20260825-adopt
SNR-072F,USGS:06730160,snap-20260825-adopt
SNR-072G,USGS:03265000,snap-20260825-adopt
SNR-072H,USGS:05499200,snap-20260825-adopt
SNR-072I,USGS:03125300,snap-20260825-adopt
SNR-072J,USGS:03146500,snap-20260825-adopt
SNR-072K,USGS:03146402,snap-20260825-adopt
SNR-072L,USGS:01560500,snap-20260825-adopt
SNR-072M,USGS:06819025,snap-20260825-adopt
SNR-072N,USGS:400341105302901,snap-20260825-adopt
SNR-072O,USGS:01465795,snap-20260825-adopt
SNR-072P,USGS:01575900,snap-20260825-adopt
SNR-072Q,USGS:06853020,snap-20260825-adopt
SNR-072R,USGS:03145500,snap-20260825-adopt
SNR-072S,USGS:400352105304301,snap-20260825-adopt
SNR-072T,USGS:03226875,snap-20260825-adopt
SNR-072U,USGS:03338100,snap-20260825-adopt
SNR-072V,USGS:03082120,snap-20260825-adopt
SNR-072W,USGS:06901250,snap-20260825-adopt
SNR-072X,USGS:01408155,snap-20260825-adopt
SNR-072Y,USGS:03350655,snap-20260825-adopt
SNR-072Z,USGS:03074850,snap-20260825-adopt
SNR-0730,USGS:01480680,snap-20260825-adopt
SNR-0731,USGS:06850500,snap-20260825-adopt
SNR-0732,USGS:06884005,snap-20260825-adopt
SNR-0733,USGS:03111548,snap-20260825-adopt
SNR-0734,USGS:01464400,snap-20260825-adopt
SNR-0735,USGS:06720990,snap-20260825-adopt
SNR-0736,USGS:014731945,snap-20260825-adopt
SNR-0737,USGS:06853000,snap-20260825-adopt
SNR-0738,USGS:03145483,snap-20260825-adopt
SNR-0739,USGS:0146708450,snap-20260825-adopt
SNR-073A,USGS:06899500,snap-20260825-adopt
SNR-073B,USGS:06823000,snap-20260825-adopt
SNR-073C,USGS:01465780,snap-20260825-adopt
SNR-073D,USGS:03263700,snap-20260825-adopt
SNR-073E,USGS:01473730,snap-20260825-adopt
SNR-073F,USGS:01408043,snap-20260825-adopt
SNR-073G,USGS:01560000,snap-20260825-adopt
SNR-073H,USGS:01576697,snap-20260825-adopt
SNR-073I,USGS:03111890,snap-20260825-adopt
SNR-073J,USGS:01464405,snap-20260825-adopt
SNR-073K,USGS:01480300,snap-20260825-adopt
SNR-073L,USGS:400423082354100,snap-20260825-adopt
SNR-073M,USGS:400423082353500,snap-20260825-adopt
SNR-073N,USGS:06822000,snap-20260825-adopt
SNR-073O,USGS:03350660,snap-20260825-adopt
SNR-073P,USGS:01473675,snap-20260825-adopt
SNR-073Q,USGS:03350400,snap-20260825-adopt
SNR-073R,USGS:03226872,snap-20260825-adopt
SNR-073S,USGS:06850000,snap-20260825-adopt
SNR-073T,USGS:03226870,snap-20260825-adopt
SNR-073U,USGS:014731963,snap-20260825-adopt
SNR-073V,USGS:01467049,snap-20260825-adopt
SNR-073W,USGS:01464533,snap-20260825-adopt
SNR-073X,USGS:01464408,snap-20260825-adopt
SNR-073Y,USGS:06849500,snap-20260825-adopt
SNR-073Z,USGS:01464538,snap-20260825-adopt
SNR-0740,USGS:01473169,snap-20260825-adopt
SNR-0741,USGS:01467085,snap-20260825-adopt
SNR-0742,USGS:01473950,snap-20260825-adopt
SNR-0743,USGS:400448082452500,snap-20260825-adopt
SNR-0744,USGS:01464598,snap-20260825-adopt
SNR-0745,USGS:01574000,snap-20260825-adopt
SNR-0746,USGS:01467084,snap-20260825-adopt
SNR-0747,USGS:01465790,snap-20260825-adopt
SNR-0748,USGS:01464600,snap-20260825-adopt
SNR-0749,USGS:01472186,snap-20260825-adopt
SNR-074A,USGS:01408151,snap-20260825-adopt
SNR-074B,USGS:014731965,snap-20260825-adopt
SNR-074C,USGS:03125338,snap-20260825-adopt
SNR-074D,USGS:01467045,snap-20260825-adopt
SNR-074E,USGS:03142200,snap-20260825-adopt
SNR-074F,USGS:03226865,snap-20260825-adopt
SNR-074G,USGS:06850200,snap-20260825-adopt
SNR-074H,USGS:03125450,snap-20260825-adopt
SNR-074I,USGS:01467083,snap-20260825-adopt
SNR-074J,USGS:01408150,snap-20260825-adopt
SNR-074K,USGS:01408140,snap-20260825-adopt
SNR-074L,USGS:03146277,snap-20260825-adopt
SNR-074M,USGS:06852000,snap-20260825-adopt
SNR-074N,USGS:01563800,snap-20260825-adopt
SNR-074O,USGS:06851500,snap-20260825-adopt
SNR-074P,USGS:03082020,snap-20260825-adopt
SNR-074Q,USGS:03350650,snap-20260825-adopt
SNR-074R,USGS:014731969,snap-20260825-adopt
SNR-074S,USGS:01472174,snap-20260825-adopt
SNR-074T,USGS:01465785,snap-20260825-adopt
SNR-074U,USGS:01473197,snap-20260825-adopt
SNR-074V,USGS:01467042,snap-20260825-adopt
SNR-074W,USGS:01473198,snap-20260825-adopt
SNR-074X,USGS:03350000,snap-20260825-adopt
SNR-074Y,USGS:06722500,snap-20260825-adopt
SNR-074Z,USGS:01467043,snap-20260825-adopt
SNR-0750,USGS:014731995,snap-20260825-adopt
SNR-0751,USGS:01408120,snap-20260825-adopt
SNR-0752,USGS:05498000,snap-20260825-adopt
SNR-0753,USGS:05571500,snap-20260825-adopt
SNR-0754,USGS:05590050,snap-20260825-adopt
SNR-0755,USGS:03111215,snap-20260825-adopt
SNR-0756,USGS:01473205,snap-20260825-adopt
SNR-0757,USGS:01480675,snap-20260825-adopt
SNR-0758,USGS:01480650,snap-20260825-adopt
SNR-0759,USGS:014721884,snap-20260825-adopt
SNR-075A,USGS:05580700,snap-20260825-adopt
SNR-075B,USGS:03339000,snap-20260825-adopt
SNR-075C,USGS:03350100,snap-20260825-adopt
SNR-075D,USGS:06828000,snap-20260825-adopt
SNR-075E,USGS:01408050,snap-20260825-adopt
SNR-075F,USGS:03339108,snap-20260825-adopt
SNR-075G,USGS:03264000,snap-20260825-adopt
SNR-075H,USGS:03338500,snap-20260825-adopt
SNR-075I,USGS:03142295,snap-20260825-adopt
SNR-075J,USGS:06851000,snap-20260825-adopt
SNR-075K,USGS:03228500,snap-20260825-adopt
SNR-075L,USGS:03263500,snap-20260825-adopt
SNR-075M,USGS:03339280,snap-20260825-adopt
SNR-075N,USGS:03111534,snap-20260825-adopt
SNR-075O,USGS:03083000,snap-20260825-adopt
SNR-075P,USGS:03348000,snap-20260825-adopt
SNR-075Q,USGS:400620085401601,snap-20260825-adopt
SNR-075R,USGS:06904950,snap-20260825-adopt
SNR-075S,USGS:03226850,snap-20260825-adopt
SNR-075T,USGS:01464529,snap-20260825-adopt
SNR-075U,USGS:03267000,snap-20260825-adopt
SNR-075V,USGS:01473193,snap-20260825-adopt
SNR-075W,USGS:05497000,snap-20260825-adopt
SNR-075X,USGS:03228400,snap-20260825-adopt
SNR-075Y,USGS:05579000,snap-20260825-adopt
SNR-075Z,USGS:01472190,snap-20260825-adopt
SNR-0760,USGS:01473499,snap-20260825-adopt
SNR-0761,USGS:01464527,snap-20260825-adopt
SNR-0762,USGS:05578360,snap-20260825-adopt
SNR-0763,USGS:03226800,snap-20260825-adopt
SNR-0764,USGS:03348130,snap-20260825-adopt
SNR-0765,USGS:03336998,snap-20260825-adopt
SNR-0766,USGS:03337000,snap-20260825-adopt
SNR-0767,USGS:03337100,snap-20260825-adopt
SNR-0768,USGS:01408048,snap-20260825-adopt
SNR-0769,USGS:03230300,snap-20260825-adopt
SNR-076A,USGS:014670413,snap-20260825-adopt
SNR-076B,USGS:03348700,snap-20260825-adopt
SNR-076C,USGS:05590000,snap-20260825-adopt
SNR-076D,USGS:06820410,snap-20260825-adopt
SNR-076E,USGS:06883540,snap-20260825-adopt
SNR-076F,USGS:03264500,snap-20260825-adopt
SNR-076G,USGS:05578500,snap-20260825-adopt
SNR-076H,USGS:01473500,snap-20260825-adopt
SNR-076I,USGS:06721000,snap-20260825-adopt
SNR-076J,USGS:01464530,snap-20260825-adopt
SNR-076K,USGS:06847500,snap-20260825-adopt
SNR-076L,USGS:03144000,snap-20260825-adopt
SNR-076M,USGS:06847000,snap-20260825-adopt
SNR-076N,USGS:03337500,snap-20260825-adopt
SNR-076O,USGS:03144500,snap-20260825-adopt
SNR-076P,USGS:05496500,snap-20260825-adopt
SNR-076Q,USGS:05578330,snap-20260825-adopt
SNR-076R,USGS:03085217,snap-20260825-adopt
SNR-076S,USGS:03085219,snap-20260825-adopt
SNR-076T,USGS:05583000,snap-20260825-adopt
SNR-076U,USGS:01473900,snap-20260825-adopt
SNR-076V,USGS:03085220,snap-20260825-adopt
SNR-076W,USGS:01576087,snap-20260825-adopt
SNR-076X,USGS:06724500,snap-20260825-adopt
SNR-076Y,USGS:03348502,snap-20260825-adopt
SNR-076Z,USGS:01473470,snap-20260825-adopt
SNR-0770,USGS:01569340,snap-20260825-adopt
SNR-0771,USGS:03085221,snap-20260825-adopt
SNR-0772,USGS:01569460,snap-20260825-adopt
SNR-0773,USGS:03348500,snap-20260825-adopt
SNR-0774,USGS:06815555,snap-20260825-adopt
SNR-0775,USGS:06722900,snap-20260825-adopt
SNR-0776,USGS:06900000,snap-20260825-adopt
SNR-0777,USGS:03337570,snap-20260825-adopt
SNR-0778,USGS:06901300,snap-20260825-adopt
SNR-0779,USGS:05582000,snap-20260825-adopt
SNR-077A,USGS:06844500,snap-20260825-adopt
SNR-077B,USGS:01465770,snap-20260825-adopt
SNR-077C,USGS:06724970,snap-20260825-adopt
SNR-077D,USGS:06899100,snap-20260825-adopt
SNR-077E,USGS:03347500,snap-20260825-adopt
SNR-077F,USGS:01472162,snap-20260825-adopt
SNR-077G,USGS:03336645,snap-20260825-adopt
SNR-077H,USGS:01473880,snap-20260825-adopt
SNR-077I,USGS:01464500,snap-20260825-adopt
SNR-077J,USGS:03348100,snap-20260825-adopt
SNR-077K,USGS:06730500,snap-20260825-adopt
SNR-077L,USGS:03339273,snap-20260825-adopt
SNR-077M,USGS:01408080,snap-20260825-adopt
SNR-077N,USGS:03336000,snap-20260825-adopt
SNR-077O,USGS:01467040,snap-20260825-adopt
SNR-077P,USGS:05578300,snap-20260825-adopt
SNR-077Q,USGS:06828500,snap-20260825-adopt
SNR-077R,USGS:01473867,snap-20260825-adopt
SNR-077S,USGS:06901100,snap-20260825-adopt
SNR-077T,USGS:05496000,snap-20260825-adopt
SNR-077U,USGS:01464570,snap-20260825-adopt
SNR-077V,USGS:05495500,snap-20260825-adopt
SNR-077W,USGS:01408030,snap-20260825-adopt
SNR-077X,USGS:06815510,snap-20260825-adopt
SNR-077Y,USGS:03339305,snap-20260825-adopt
SNR-077Z,USGS:03221000,snap-20260825-adopt
SNR-0780,USGS:01576085,snap-20260825-adopt
SNR-0781,USGS:06815500,snap-20260825-adopt
SNR-0782,USGS:01576105,snap-20260825-adopt
SNR-0783,USGS:06828490,snap-20260825-adopt
SNR-0784,USGS:06836500,snap-20260825-adopt
SNR-0785,USGS:0157608335,snap-20260825-adopt
SNR-0786,USGS:06884000,snap-20260825-adopt
SNR-0787,USGS:01408029,snap-20260825-adopt
SNR-0788,USGS:06725000,snap-20260825-adopt
SNR-0789,USGS:01464525,snap-20260825-adopt
SNR-078A,USGS:06898200,snap-20260825-adopt
SNR-078B,USGS:01472119,snap-20260825-adopt
SNR-078C,USGS:03074998,snap-20260825-adopt
SNR-078D,USGS:01473870,snap-20260825-adopt
SNR-078E,USGS:01573710,snap-20260825-adopt
SNR-078F,USGS:03075000,snap-20260825-adopt
SNR-078G,USGS:03336900,snap-20260825-adopt
SNR-078H,USGS:03111520,snap-20260825-adopt
SNR-078I,USGS:03262500,snap-20260825-adopt
SNR-078J,USGS:01467039,snap-20260825-adopt
SNR-078K,USGS:01472157,snap-20260825-adopt
SNR-078L,USGS:06725100,snap-20260825-adopt
SNR-078M,USGS:03111540,snap-20260825-adopt
SNR-078N,USGS:03111515,snap-20260825-adopt
SNR-078O,USGS:400911105042500,snap-20260825-adopt
SNR-078P,USGS:03220510,snap-20260825-adopt
SNR-078Q,USGS:01573660,snap-20260825-adopt
SNR-078R,USGS:01575746,snap-20260825-adopt
SNR-078S,USGS:400918082012700,snap-20260825-adopt
SNR-078T,USGS:06815575,snap-20260825-adopt
SNR-078U,USGS:06814500,snap-20260825-adopt
SNR-078V,USGS:06725450,snap-20260825-adopt
SNR-078W,USGS:03143500,snap-20260825-adopt
SNR-078X,USGS:01575744,snap-20260825-adopt
SNR-078Y,USGS:06730525,snap-20260825-adopt
SNR-078Z,USGS:01408000,snap-20260825-adopt
SNR-0790,USGS:06829700,snap-20260825-adopt
SNR-0791,USGS:01569730,snap-20260825-adopt
SNR-0792,USGS:03336890,snap-20260825-adopt
SNR-0793,USGS:06828100,snap-20260825-adopt
SNR-0794,USGS:01473120,snap-20260825-adopt
SNR-0795,USGS:06723000,snap-20260825-adopt
SNR-0796,USGS:06829500,snap-20260825-adopt
SNR-0797,USGS:01464504,snap-20260825-adopt
SNR-0798,USGS:03044810,snap-20260825-adopt
SNR-0799,USGS:01569775,snap-20260825-adopt
SNR-079A,USGS:03142500,snap-20260825-adopt
SNR-079B,USGS:03144270,snap-20260825-adopt
SNR-079C,USGS:01569740,snap-20260825-adopt
SNR-079D,USGS:03142240,snap-20260825-adopt
SNR-079E,USGS:03347598,snap-20260825-adopt
SNR-079F,USGS:01464524,snap-20260825-adopt
SNR-079G,USGS:01464520,snap-20260825-adopt
SNR-079H,USGS:01464505,snap-20260825-adopt
SNR-079I,USGS:01465500,snap-20260825-adopt
SNR-079J,USGS:03349510,snap-20260825-adopt
SNR-079K,USGS:401030104584801,snap-20260825-adopt
SNR-079L,USGS:03349700,snap-20260825-adopt
SNR-079M,USGS:03349500,snap-20260825-adopt
SNR-079N,USGS:01575741,snap-20260825-adopt
SNR-079O,USGS:01464515,snap-20260825-adopt
SNR-079P,USGS:01467031,snap-20260825-adopt
SNR-079Q,USGS:03111235,snap-20260825-adopt
SNR-079R,USGS:01467036,snap-20260825-adopt
SNR-079S,USGS:03228805,snap-20260825-adopt
SNR-079T,USGS:06901000,snap-20260825-adopt
SNR-079U,USGS:06837000,snap-20260825-adopt
SNR-079V,USGS:01464040,snap-20260825-adopt
SNR-079W,USGS:06837100,snap-20260825-adopt
SNR-079X,USGS:05571000,snap-20260825-adopt
SNR-079Y,USGS:05580500,snap-20260825-adopt
SNR-079Z,USGS:01573600,snap-20260825-adopt
SNR-07A0,USGS:03346840,snap-20260825-adopt
SNR-07A1,USGS:03111500,snap-20260825-adopt
SNR-07A2,USGS:01464510,snap-20260825-adopt
SNR-07A3,USGS:01408015,snap-20260825-adopt
SNR-07A4,USGS:03125900,snap-20260825-adopt
SNR-07A5,USGS:03126000,snap-20260825-adopt
SNR-07A6,USGS:01573695,snap-20260825-adopt
SNR-07A7,USGS:03325311,snap-20260825-adopt
SNR-07A8,USGS:01472100,snap-20260825-adopt
SNR-07A9,USGS:03111150,snap-20260825-adopt
SNR-07AA,USGS:01407705,snap-20260825-adopt
SNR-07AB,USGS:03111200,snap-20260825-adopt
SNR-07AC,USGS:01408052,snap-20260825-adopt
SNR-07AD,USGS:014721254,snap-20260825-adopt
SNR-07AE,USGS:014721259,snap-20260825-adopt
SNR-07AF,USGS:06817700,snap-20260825-adopt
SNR-07AG,USGS:01407760,snap-20260825-adopt
SNR-07AH,USGS:03347000,snap-20260825-adopt
SNR-07AI,USGS:01575735,snap-20260825-adopt
SNR-07AJ,USGS:01472104,snap-20260825-adopt
SNR-07AK,USGS:06883570,snap-20260825-adopt
SNR-07AL,USGS:03111450,snap-20260825-adopt
SNR-07AM,USGS:01473100,snap-20260825-adopt
SNR-07AN,USGS:03111455,snap-20260825-adopt
SNR-07AO,USGS:01564000,snap-20260825-adopt
SNR-07AP,USGS:01405304,snap-20260825-adopt
SNR-07AQ,USGS:01407830,snap-20260825-adopt
SNR-07AR,USGS:06723400,snap-20260825-adopt
SNR-07AS,USGS:01576320,snap-20260825-adopt
SNR-07AT,USGS:01564500,snap-20260825-adopt
SNR-07AU,USGS:06896500,snap-20260825-adopt
SNR-07AV,USGS:03262000,snap-20260825-adopt
SNR-07AW,USGS:06883530,snap-20260825-adopt
SNR-07AX,USGS:01562000,snap-20260825-adopt
SNR-07AY,USGS:01463587,snap-20260825-adopt
SNR-07AZ,USGS:01575730,snap-20260825-adopt
SNR-07B0,USGS:03263168,snap-20260825-adopt
SNR-07B1,USGS:01464020,snap-20260825-adopt
SNR-07B2,USGS:06724000,snap-20260825-adopt
SNR-07B3,USGS:06904700,snap-20260825-adopt
SNR-07B4,USGS:06721500,snap-20260825-adopt
SNR-07B5,USGS:01464899,snap-20260825-adopt
SNR-07B6,USGS:03339230,snap-20260825-adopt
SNR-07B7,USGS:06830000,snap-20260825-adopt
SNR-07B8,USGS:01463500,snap-20260825-adopt
SNR-07B9,USGS:06722000,snap-20260825-adopt
SNR-07BA,USGS:05581500,snap-20260825-adopt
SNR-07BB,USGS:01575732,snap-20260825-adopt
SNR-07BC,USGS:01464000,snap-20260825-adopt
SNR-07BD,USGS:01463450,snap-20260825-adopt
SNR-07BE,USGS:01571500,snap-20260825-adopt
SNR-07BF,USGS:401330074001201,snap-20260825-adopt
SNR-07BG,USGS:01571490,snap-20260825-adopt
SNR-07BH,USGS:01573684,snap-20260825-adopt
SNR-07BI,USGS:06896180,snap-20260825-adopt
SNR-07BJ,USGS:401336074002901,snap-20260825-adopt
SNR-07BK,USGS:03144289,snap-20260825-adopt
SNR-07BL,USGS:03348350,snap-20260825-adopt
SNR-07BM,USGS:01463960,snap-20260825-adopt
SNR-07BN,USGS:06883900,snap-20260825-adopt
SNR-07BO,USGS:05578100,snap-20260825-adopt
SNR-07BP,USGS:03039930,snap-20260825-adopt
SNR-07BQ,USGS:01464907,snap-20260825-adopt
SNR-07BR,USGS:401345074010601,snap-20260825-adopt
SNR-07BS,USGS:01473000,snap-20260825-adopt
SNR-07BT,USGS:401347074003501,snap-20260825-adopt
SNR-07BU,USGS:03146000,snap-20260825-adopt
SNR-07BV,USGS:401347074005001,snap-20260825-adopt
SNR-07BW,USGS:401349074000601,snap-20260825-adopt
SNR-07BX,USGS:401350073594801,snap-20260825-adopt
SNR-07BY,USGS:401350073595201,snap-20260825-adopt
SNR-07BZ,USGS:401352074002701,snap-20260825-adopt
SNR-07C0,USGS:401358074013101,snap-20260825-adopt
SNR-07C1,USGS:03083600,snap-20260825-adopt
SNR-07C2,USGS:01464930,snap-20260825-adopt
SNR-07C3,USGS:06838200,snap-20260825-adopt
SNR-07C4,USGS:06835500,snap-20260825-adopt
SNR-07C5,USGS:06904500,snap-20260825-adopt
SNR-07C6,USGS:01569800,snap-20260825-adopt
SNR-07C7,USGS:01570010,snap-20260825-adopt
SNR-07C8,USGS:06838000,snap-20260825-adopt
SNR-07C9,USGS:06883940,snap-20260825-adopt
SNR-07CA,USGS:05578250,snap-20260825-adopt
SNR-07CB,USGS:06836000,snap-20260825-adopt
SNR-07CC,USGS:03228300,snap-20260825-adopt
SNR-07CD,USGS:01407639,snap-20260825-adopt
SNR-07CE,USGS:01570030,snap-20260825-adopt
SNR-07CF,USGS:01471667,snap-20260825-adopt
SNR-07CG,USGS:03338800,snap-20260825-adopt
SNR-07CH,USGS:03083500,snap-20260825-adopt
SNR-07CI,USGS:01464984,snap-20260825-adopt
SNR-07CJ,USGS:06896190,snap-20260825-adopt
SNR-07CK,USGS:06896170,snap-20260825-adopt
SNR-07CL,USGS:01472000,snap-20260825-adopt
SNR-07CM,USGS:01407851,snap-20260825-adopt
SNR-07CN,USGS:01570060,snap-20260825-adopt
SNR-07CO,USGS:01460400,snap-20260825-adopt
SNR-07CP,USGS:01463000,snap-20260825-adopt
SNR-07CQ,USGS:05582500,snap-20260825-adopt
SNR-07CR,USGS:01463850,snap-20260825-adopt
SNR-07CS,USGS:01463882,snap-20260825-adopt
SNR-07CT,USGS:03126395,snap-20260825-adopt
SNR-07CU,USGS:06759000,snap-20260825-adopt
SNR-07CV,USGS:03220000,snap-20260825-adopt
SNR-07CW,USGS:03140500,snap-20260825-adopt
SNR-07CX,USGS:01571090,snap-20260825-adopt
SNR-07CY,USGS:06896400,snap-20260825-adopt
SNR-07CZ,USGS:05495200,snap-20260825-adopt
SNR-07D0,USGS:06838550,snap-20260825-adopt
SNR-07D1,USGS:01465200,snap-20260825-adopt
SNR-07D2,USGS:01570000,snap-20260825-adopt
SNR-07D3,USGS:03266560,snap-20260825-adopt
SNR-07D4,USGS:01569980,snap-20260825-adopt
SNR-07D5,USGS:01570064,snap-20260825-adopt
SNR-07D6,USGS:03334200,snap-20260825-adopt
SNR-07D7,USGS:01570500,snap-20260825-adopt
SNR-07D8,USGS:05580000,snap-20260825-adopt
SNR-07D9,USGS:01465000,snap-20260825-adopt
SNR-07DA,USGS:06881500,snap-20260825-adopt
SNR-07DB,USGS:03219781,snap-20260825-adopt
SNR-07DC,USGS:06742000,snap-20260825-adopt
SNR-07DD,USGS:03085250,snap-20260825-adopt
SNR-07DE,USGS:01463610,snap-20260825-adopt
SNR-07DF,USGS:06731000,snap-20260825-adopt
SNR-07DG,USGS:03226500,snap-20260825-adopt
SNR-07DH,USGS:05497700,snap-20260825-adopt
SNR-07DI,USGS:01571101,snap-20260825-adopt
SNR-07DJ,USGS:01472810,snap-20260825-adopt
SNR-07DK,USGS:06901205,snap-20260825-adopt
SNR-07DL,USGS:01463812,snap-20260825-adopt
SNR-07DM,USGS:01464750,snap-20260825-adopt
SNR-07DN,USGS:03129000,snap-20260825-adopt
SNR-07DO,USGS:03075070,snap-20260825-adopt
SNR-07DP,USGS:01570078,snap-20260825-adopt
SNR-07DQ,USGS:03348020,snap-20260825-adopt
SNR-07DR,USGS:01570076,snap-20260825-adopt
SNR-07DS,USGS:06853100,snap-20260825-adopt
SNR-07DT,USGS:01463770,snap-20260825-adopt
SNR-07DU,USGS:06883800,snap-20260825-adopt
SNR-07DV,USGS:03075071,snap-20260825-adopt
SNR-07DW,USGS:06897200,snap-20260825-adopt
SNR-07DX,USGS:03338780,snap-20260825-adopt
SNR-07DY,USGS:05581000,snap-20260825-adopt
SNR-07DZ,USGS:03126910,snap-20260825-adopt
SNR-07E0,USGS:03039925,snap-20260825-adopt
SNR-07E1,USGS:01570450,snap-20260825-adopt
SNR-07E2,USGS:01471660,snap-20260825-adopt
SNR-07E3,USGS:01463690,snap-20260825-adopt
SNR-07E4,USGS:06759500,snap-20260825-adopt
SNR-07E5,USGS:01463620,snap-20260825-adopt
SNR-07E6,USGS:03127000,snap-20260825-adopt
SNR-07E7,USGS:06844210,snap-20260825-adopt
SNR-07E8,USGS:01576381,snap-20260825-adopt
SNR-07E9,USGS:01463740,snap-20260825-adopt
SNR-07EA,USGS:03111490,snap-20260825-adopt
SNR-07EB,USGS:01571080,snap-20260825-adopt
SNR-07EC,USGS:01559795,snap-20260825-adopt
SNR-07ED,USGS:01471980,snap-20260825-adopt
SNR-07EE,USGS:01472500,snap-20260825-adopt
SNR-07EF,USGS:06883500,snap-20260825-adopt
SNR-07EG,USGS:03349210,snap-20260825-adopt
SNR-07EH,USGS:01400775,snap-20260825-adopt
SNR-07EI,USGS:03335960,snap-20260825-adopt
SNR-07EJ,USGS:03325500,snap-20260825-adopt
SNR-07EK,USGS:03335790,snap-20260825-adopt
SNR-07EL,USGS:033483827,snap-20260825-adopt
SNR-07EM,USGS:01564512,snap-20260825-adopt
SNR-07EN,USGS:06759100,snap-20260825-adopt
SNR-07EO,USGS:03325519,snap-20260825-adopt
SNR-07EP,USGS:06904650,snap-20260825-adopt
SNR-07EQ,USGS:06843500,snap-20260825-adopt
SNR-07ER,USGS:06881450,snap-20260825-adopt
SNR-07ES,USGS:03040000,snap-20260825-adopt
SNR-07ET,USGS:401707105395000,snap-20260825-adopt
SNR-07EU,USGS:03261500,snap-20260825-adopt
SNR-07EV,USGS:01464720,snap-20260825-adopt
SNR-07EW,USGS:01464710,snap-20260825-adopt
SNR-07EX,USGS:01570200,snap-20260825-adopt
SNR-07EY,USGS:01570180,snap-20260825-adopt
SNR-07EZ,USGS:401723105400000,snap-20260825-adopt
SNR-07F0,USGS:401727105400000,snap-20260825-adopt
SNR-07F1,USGS:03260800,snap-20260825-adopt
SNR-07F2,USGS:01570100,snap-20260825-adopt
SNR-07F3,USGS:06881430,snap-20260825-adopt
SNR-07F4,USGS:01465050,snap-20260825-adopt
SNR-07F5,USGS:01462760,snap-20260825-adopt
SNR-07F6,USGS:06851400,snap-20260825-adopt
SNR-07F7,USGS:03045000,snap-20260825-adopt
SNR-07F8,USGS:401733105392404,snap-20260825-adopt
SNR-07F9,USGS:03145600,snap-20260825-adopt
SNR-07FA,USGS:01463657,snap-20260825-adopt
SNR-07FB,USGS:05570500,snap-20260825-adopt
SNR-07FC,USGS:01400795,snap-20260825-adopt
SNR-07FD,USGS:01462500,snap-20260825-adopt
SNR-07FE,USGS:01570230,snap-20260825-adopt
SNR-07FF,USGS:01460378,snap-20260825-adopt
SNR-07FG,USGS:01401160,snap-20260825-adopt
SNR-07FH,USGS:01570260,snap-20260825-adopt
SNR-07FI,USGS:01460380,snap-20260825-adopt
SNR-07FJ,USGS:01464741,snap-20260825-adopt
SNR-07FK,USGS:06897000,snap-20260825-adopt
SNR-07FL,USGS:06843000,snap-20260825-adopt
SNR-07FM,USGS:01573560,snap-20260825-adopt
SNR-07FN,USGS:03226000,snap-20260825-adopt
SNR-07FO,USGS:03335673,snap-20260825-adopt
SNR-07FP,USGS:01570300,snap-20260825-adopt
SNR-07FQ,USGS:03111470,snap-20260825-adopt
SNR-07FR,USGS:03261000,snap-20260825-adopt
SNR-07FS,USGS:01400630,snap-20260825-adopt
SNR-07FT,USGS:05584685,snap-20260825-adopt
SNR-07FU,USGS:06757000,snap-20260825-adopt
SNR-07FV,USGS:01460440,snap-20260825-adopt
SNR-07FW,USGS:06835100,snap-20260825-adopt
SNR-07FX,USGS:06881250,snap-20260825-adopt
SNR-07FY,USGS:06756995,snap-20260825-adopt
SNR-07FZ,USGS:06844000,snap-20260825-adopt
SNR-07G0,USGS:01571005,snap-20260825-adopt
SNR-07G1,USGS:05584682,snap-20260825-adopt
SNR-07G2,USGS:01401200,snap-20260825-adopt
SNR-07G3,USGS:05584683,snap-20260825-adopt
SNR-07G4,USGS:03261950,snap-20260825-adopt
SNR-07G5,USGS:06883700,snap-20260825-adopt
SNR-07G6,USGS:03226200,snap-20260825-adopt
SNR-07G7,USGS:01571000,snap-20260825-adopt
SNR-07G8,USGS:03139850,snap-20260825-adopt
SNR-07G9,USGS:06899000,snap-20260825-adopt
SNR-07GA,USGS:05570910,snap-20260825-adopt
SNR-07GB,USGS:05584680,snap-20260825-adopt
SNR-07GC,USGS:03260706,snap-20260825-adopt
SNR-07GD,USGS:03127986,snap-20260825-adopt
SNR-07GE,USGS:01464645,snap-20260825-adopt
SNR-07GF,USGS:05495100,snap-20260825-adopt
SNR-07GG,USGS:06731800,snap-20260825-adopt
SNR-07GH,USGS:03045010,snap-20260825-adopt
SNR-07GI,USGS:01573095,snap-20260825-adopt
SNR-07GJ,USGS:03335700,snap-20260825-adopt
SNR-07GK,USGS:01400822,snap-20260825-adopt
SNR-07GL,USGS:05579750,snap-20260825-adopt
SNR-07GM,USGS:01471900,snap-20260825-adopt
SNR-07GN,USGS:03326000,snap-20260825-adopt
SNR-07GO,USGS:06851300,snap-20260825-adopt
SNR-07GP,USGS:01407290,snap-20260825-adopt
SNR-07GQ,USGS:01407500,snap-20260825-adopt
SNR-07GR,USGS:01407590,snap-20260825-adopt
SNR-07GS,USGS:401913089534501,snap-20260825-adopt
SNR-07GT,USGS:06758500,snap-20260825-adopt
SNR-07GU,USGS:01400950,snap-20260825-adopt
SNR-07GV,USGS:03110983,snap-20260825-adopt
SNR-07GW,USGS:03336500,snap-20260825-adopt
SNR-07GX,USGS:01573208,snap-20260825-adopt
SNR-07GY,USGS:03219590,snap-20260825-adopt
SNR-07GZ,USGS:01568000,snap-20260825-adopt
SNR-07H0,USGS:01573086,snap-20260825-adopt
SNR-07H1,USGS:01400730,snap-20260825-adopt
SNR-07H2,USGS:03127950,snap-20260825-adopt
SNR-07H3,USGS:06849600,snap-20260825-adopt
SNR-07H4,USGS:401934089541702,snap-20260825-adopt
SNR-07H5,USGS:401934089541704,snap-20260825-adopt
SNR-07H6,USGS:401934089541701,snap-20260825-adopt
SNR-07H7,USGS:401934089541703,snap-20260825-adopt
SNR-07H8,USGS:05568703,snap-20260825-adopt
SNR-07H9,USGS:05568705,snap-20260825-adopt
SNR-07HA,USGS:09013000,snap-20260825-adopt
SNR-07HB,USGS:01471520,snap-20260825-adopt
SNR-07HC,USGS:03219600,snap-20260825-adopt
SNR-07HD,USGS:01462100,snap-20260825-adopt
SNR-07HE,USGS:01400947,snap-20260825-adopt
SNR-07HF,USGS:01471710,snap-20260825-adopt
SNR-07HG,USGS:05584500,snap-20260825-adopt
SNR-07HH,USGS:03110980,snap-20260825-adopt
SNR-07HI,USGS:05497500,snap-20260825-adopt
SNR-07HJ,USGS:06883000,snap-20260825-adopt
SNR-07HK,USGS:06838700,snap-20260825-adopt
SNR-07HL,USGS:01401000,snap-20260825-adopt
SNR-07HM,USGS:402004090030901,snap-20260825-adopt
SNR-07HN,USGS:03335680,snap-20260825-adopt
SNR-07HO,USGS:06743500,snap-20260825-adopt
SNR-07HP,USGS:01471510,snap-20260825-adopt
SNR-07HQ,USGS:01462198,snap-20260825-adopt
SNR-07HR,USGS:06883600,snap-20260825-adopt
SNR-07HS,USGS:06851200,snap-20260825-adopt
SNR-07HT,USGS:01471500,snap-20260825-adopt
SNR-07HU,USGS:06898100,snap-20260825-adopt
SNR-07HV,USGS:01462197,snap-20260825-adopt
SNR-07HW,USGS:01400930,snap-20260825-adopt
SNR-07HX,USGS:03127980,snap-20260825-adopt
SNR-07HY,USGS:06813000,snap-20260825-adopt
SNR-07HZ,USGS:01471875,snap-20260825-adopt
SNR-07I0,USGS:01472280,snap-20260825-adopt
SNR-07I1,USGS:01470853,snap-20260825-adopt
SNR-07I2,USGS:01400932,snap-20260825-adopt
SNR-07I3,USGS:01400970,snap-20260825-adopt
SNR-07I4,USGS:05570400,snap-20260825-adopt
SNR-07I5,USGS:03041029,snap-20260825-adopt
SNR-07I6,USGS:03138500,snap-20260825-adopt
SNR-07I7,USGS:06904600,snap-20260825-adopt
SNR-07I8,USGS:01573160,snap-20260825-adopt
SNR-07I9,USGS:01471700,snap-20260825-adopt
SNR-07IA,USGS:06818900,snap-20260825-adopt
SNR-07IB,USGS:06837500,snap-20260825-adopt
SNR-07IC,USGS:06732000,snap-20260825-adopt
SNR-07ID,USGS:06819500,snap-20260825-adopt
SNR-07IE,USGS:03041000,snap-20260825-adopt
SNR-07IF,USGS:03127989,snap-20260825-adopt
SNR-07IG,USGS:03260700,snap-20260825-adopt
SNR-07IH,USGS:06744000,snap-20260825-adopt
SNR-07II,USGS:01562500,snap-20260825-adopt
SNR-07IJ,USGS:03266500,snap-20260825-adopt
SNR-07IK,USGS:06834000,snap-20260825-adopt
SNR-07IL,USGS:03127970,snap-20260825-adopt
SNR-07IM,USGS:402109094464601,snap-20260825-adopt
SNR-07IN,USGS:402114105350101,snap-20260825-adopt
SNR-07IO,USGS:01565920,snap-20260825-adopt
SNR-07IP,USGS:01407535,snap-20260825-adopt
SNR-07IQ,USGS:01400960,snap-20260825-adopt
SNR-07IR,USGS:03225500,snap-20260825-adopt
SNR-07IS,USGS:03085425,snap-20260825-adopt
SNR-07IT,USGS:03228750,snap-20260825-adopt
SNR-07IU,USGS:03128500,snap-20260825-adopt
SNR-07IV,USGS:06759910,snap-20260825-adopt
SNR-07IW,USGS:01400953,snap-20260825-adopt
SNR-07IX,USGS:03140030,snap-20260825-adopt
SNR-07IY,USGS:03129016,snap-20260825-adopt
SNR-07IZ,USGS:03261890,snap-20260825-adopt
SNR-07J0,USGS:03129014,snap-20260825-adopt
SNR-07J1,USGS:06851100,snap-20260825-adopt
SNR-07J2,USGS:03129012,snap-20260825-adopt
SNR-07J3,USGS:03140000,snap-20260825-adopt
SNR-07J4,USGS:03139990,snap-20260825-adopt
SNR-07J5,USGS:01462000,snap-20260825-adopt
SNR-07J6,USGS:05579725,snap-20260825-adopt
SNR-07J7,USGS:01400900,snap-20260825-adopt
SNR-07J8,USGS:01407600,snap-20260825-adopt
SNR-07J9,USGS:03110955,snap-20260825-adopt
SNR-07JA,USGS:03140020,snap-20260825-adopt
SNR-07JB,USGS:03119700,snap-20260825-adopt
SNR-07JC,USGS:06881380,snap-20260825-adopt
SNR-07JD,USGS:03140010,snap-20260825-adopt
SNR-07JE,USGS:06734500,snap-20260825-adopt
SNR-07JF,USGS:01471000,snap-20260825-adopt
SNR-07JG,USGS:01401301,snap-20260825-adopt
SNR-07JH,USGS:01470960,snap-20260825-adopt
SNR-07JI,USGS:033356725,snap-20260825-adopt
SNR-07JJ,USGS:01567500,snap-20260825-adopt
SNR-07JK,USGS:06842500,snap-20260825-adopt
SNR-07JL,USGS:06740000,snap-20260825-adopt
SNR-07JM,USGS:06835000,snap-20260825-adopt
SNR-07JN,USGS:01460500,snap-20260825-adopt
SNR-07JO,USGS:01472199,snap-20260825-adopt
SNR-07JP,USGS:06732300,snap-20260825-adopt
SNR-07JQ,USGS:06833500,snap-20260825-adopt
SNR-07JR,USGS:01406000,snap-20260825-adopt
SNR-07JS,USGS:06735500,snap-20260825-adopt
SNR-07JT,USGS:06732500,snap-20260825-adopt
SNR-07JU,USGS:01555800,snap-20260825-adopt
SNR-07JV,USGS:01400850,snap-20260825-adopt
SNR-07JW,USGS:06741000,snap-20260825-adopt
SNR-07JX,USGS:06733000,snap-20260825-adopt
SNR-07JY,USGS:06741510,snap-20260825-adopt
SNR-07JZ,USGS:01569000,snap-20260825-adopt
SNR-07K0,USGS:01405300,snap-20260825-adopt
SNR-07K1,USGS:03119600,snap-20260825-adopt
SNR-07K2,USGS:03335671,snap-20260825-adopt
SNR-07K3,USGS:01401520,snap-20260825-adopt
SNR-07K4,USGS:03040100,snap-20260825-adopt
SNR-07K5,USGS:03139980,snap-20260825-adopt
SNR-07K6,USGS:01401500,snap-20260825-adopt
SNR-07K7,USGS:402304084230100,snap-20260825-adopt
SNR-07K8,USGS:03040050,snap-20260825-adopt
SNR-07K9,USGS:01471845,snap-20260825-adopt
SNR-07KA,USGS:03084500,snap-20260825-adopt
SNR-07KB,USGS:03127500,snap-20260825-adopt
SNR-07KC,USGS:03085100,snap-20260825-adopt
SNR-07KD,USGS:01460800,snap-20260825-adopt
SNR-07KE,USGS:06820000,snap-20260825-adopt
SNR-07KF,USGS:01405400,snap-20260825-adopt
SNR-07KG,USGS:06820300,snap-20260825-adopt
SNR-07KH,USGS:03085000,snap-20260825-adopt
SNR-07KI,USGS:01563500,snap-20260825-adopt
SNR-07KJ,USGS:03139960,snap-20260825-adopt
SNR-07KK,USGS:05495000,snap-20260825-adopt
SNR-07KL,USGS:03085002,snap-20260825-adopt
SNR-07KM,USGS:03139970,snap-20260825-adopt
SNR-07KN,USGS:06811500,snap-20260825-adopt
SNR-07KO,USGS:05474500,snap-20260825-adopt
SNR-07KP,USGS:01472198,snap-20260825-adopt
SNR-07KQ,USGS:03084698,snap-20260825-adopt
SNR-07KR,USGS:03045500,snap-20260825-adopt
SNR-07KS,USGS:06882900,snap-20260825-adopt
SNR-07KT,USGS:01573500,snap-20260825-adopt
SNR-07KU,USGS:03137000,snap-20260825-adopt
SNR-07KV,USGS:06741500,snap-20260825-adopt
SNR-07KW,USGS:06810070,snap-20260825-adopt
SNR-07KX,USGS:05497485,snap-20260825-adopt
SNR-07KY,USGS:03139940,snap-20260825-adopt
SNR-07KZ,USGS:03085500,snap-20260825-adopt
SNR-07L0,USGS:06837300,snap-20260825-adopt
SNR-07L1,USGS:01573000,snap-20260825-adopt
SNR-07L2,USGS:01461500,snap-20260825-adopt
SNR-07L3,USGS:01407130,snap-20260825-adopt
SNR-07L4,USGS:01568800,snap-20260825-adopt
SNR-07L5,USGS:01471835,snap-20260825-adopt
SNR-07L6,USGS:01472620,snap-20260825-adopt
SNR-07L7,USGS:03324210,snap-20260825-adopt
SNR-07L8,USGS:03084800,snap-20260825-adopt
SNR-07L9,USGS:03136500,snap-20260825-adopt
SNR-07LA,USGS:01405500,snap-20260825-adopt
SNR-07LB,USGS:03139930,snap-20260825-adopt
SNR-07LC,USGS:03139935,snap-20260825-adopt
SNR-07LD,USGS:06760000,snap-20260825-adopt
SNR-07LE,USGS:03128690,snap-20260825-adopt
SNR-07LF,USGS:01573482,snap-20260825-adopt
SNR-07LG,USGS:01572900,snap-20260825-adopt
SNR-07LH,USGS:01460820,snap-20260825-adopt
SNR-07LI,USGS:06815530,snap-20260825-adopt
SNR-07LJ,USGS:03335679,snap-20260825-adopt
SNR-07LK,USGS:05567800,snap-20260825-adopt
SNR-07LL,USGS:01460300,snap-20260825-adopt
SNR-07LM,USGS:01461300,snap-20260825-adopt
SNR-07LN,USGS:06754000,snap-20260825-adopt
SNR-07LO,USGS:01471800,snap-20260825-adopt
SNR-07LP,USGS:01401595,snap-20260825-adopt
SNR-07LQ,USGS:01470779,snap-20260825-adopt
SNR-07LR,USGS:01568750,snap-20260825-adopt
SNR-07LS,USGS:01401600,snap-20260825-adopt
SNR-07LT,USGS:01470766,snap-20260825-adopt
SNR-07LU,USGS:01406050,snap-20260825-adopt
SNR-07LV,USGS:01407000,snap-20260825-adopt
SNR-07LW,USGS:06736600,snap-20260825-adopt
SNR-07LX,USGS:01406500,snap-20260825-adopt
SNR-07LY,USGS:01460880,snap-20260825-adopt
SNR-07LZ,USGS:01405700,snap-20260825-adopt
SNR-07M0,USGS:01407051,snap-20260825-adopt
SNR-07M1,USGS:030850498,snap-20260825-adopt
SNR-07M2,USGS:06736500,snap-20260825-adopt
SNR-07M3,USGS:06752500,snap-20260825-adopt
SNR-07M4,USGS:03334500,snap-20260825-adopt
SNR-07M5,USGS:01460200,snap-20260825-adopt
SNR-07M6,USGS:03128650,snap-20260825-adopt
SNR-07M7,USGS:06736650,snap-20260825-adopt
SNR-07M8,USGS:03041500,snap-20260825-adopt
SNR-07M9,USGS:03333620,snap-20260825-adopt
SNR-07MA,USGS:03219500,snap-20260825-adopt
SNR-07MB,USGS:03334900,snap-20260825-adopt
SNR-07MC,USGS:06832500,snap-20260825-adopt
SNR-07MD,USGS:06738000,snap-20260825-adopt
SNR-07ME,USGS:06739000,snap-20260825-adopt
SNR-07MF,USGS:03335500,snap-20260825-adopt
SNR-07MG,USGS:03326070,snap-20260825-adopt
SNR-07MH,USGS:06752480,snap-20260825-adopt
SNR-07MI,USGS:01459010,snap-20260825-adopt
SNR-07MJ,USGS:03335685,snap-20260825-adopt
SNR-07MK,USGS:01460000,snap-20260825-adopt
SNR-07ML,USGS:01459000,snap-20260825-adopt
SNR-07MM,USGS:01404500,snap-20260825-adopt
SNR-07MN,USGS:03224521,snap-20260825-adopt
SNR-07MO,USGS:03333420,snap-20260825-adopt
SNR-07MP,USGS:03085049,snap-20260825-adopt
SNR-07MQ,USGS:01563000,snap-20260825-adopt
SNR-07MR,USGS:06883955,snap-20260825-adopt
SNR-07MS,USGS:06896370,snap-20260825-adopt
SNR-07MT,USGS:03324200,snap-20260825-adopt
SNR-07MU,USGS:01398045,snap-20260825-adopt
SNR-07MV,USGS:01470761,snap-20260825-adopt
SNR-07MW,USGS:01563200,snap-20260825-adopt
SNR-07MX,USGS:06759900,snap-20260825-adopt
SNR-07MY,USGS:402548073592302,snap-20260825-adopt
SNR-07MZ,USGS:402548073592303,snap-20260825-adopt
SNR-07N0,USGS:402548073592304,snap-20260825-adopt
SNR-07N1,USGS:402548073592301,snap-20260825-adopt
SNR-07N2,USGS:06819550,snap-20260825-adopt
SNR-07N3,USGS:03335678,snap-20260825-adopt
SNR-07N4,USGS:06831500,snap-20260825-adopt
SNR-07N5,USGS:03085213,snap-20260825-adopt
SNR-07N6,USGS:06736000,snap-20260825-adopt
SNR-07N7,USGS:01405010,snap-20260825-adopt
SNR-07N8,USGS:01459500,snap-20260825-adopt
SNR-07N9,USGS:06739500,snap-20260825-adopt
SNR-07NA,USGS:01407030,snap-20260825-adopt
SNR-07NB,USGS:03110830,snap-20260825-adopt
SNR-07NC,USGS:03139500,snap-20260825-adopt
SNR-07ND,USGS:06815550,snap-20260825-adopt
SNR-07NE,USGS:04180907,snap-20260825-adopt
SNR-07NF,USGS:01460530,snap-20260825-adopt
SNR-07NG,USGS:01572950,snap-20260825-adopt
SNR-07NH,USGS:03085152,snap-20260825-adopt
SNR-07NI,USGS:01470810,snap-20260825-adopt
SNR-07NJ,USGS:03085550,snap-20260825-adopt
SNR-07NK,USGS:01401750,snap-20260825-adopt
SNR-07NL,USGS:03335000,snap-20260825-adopt
SNR-07NM,USGS:03333600,snap-20260825-adopt
SNR-07NN,USGS:03333450,snap-20260825-adopt
SNR-07NO,USGS:06611000,snap-20260825-adopt
SNR-07NP,USGS:06752450,snap-20260825-adopt
SNR-07NQ,USGS:06753990,snap-20260825-adopt
SNR-07NR,USGS:01470818,snap-20260825-adopt
SNR-07NS,USGS:06810060,snap-20260825-adopt
SNR-07NT,USGS:06817500,snap-20260825-adopt
SNR-07NU,USGS:05568660,snap-20260825-adopt
SNR-07NV,USGS:05491000,snap-20260825-adopt
SNR-07NW,USGS:06752380,snap-20260825-adopt
SNR-07NX,USGS:01407081,snap-20260825-adopt
SNR-07NY,USGS:01405000,snap-20260825-adopt
SNR-07NZ,USGS:03084000,snap-20260825-adopt
SNR-07O0,USGS:03260600,snap-20260825-adopt
SNR-07O1,USGS:033356848,snap-20260825-adopt
SNR-07O2,USGS:03336100,snap-20260825-adopt
SNR-07O3,USGS:06899900,snap-20260825-adopt
SNR-07O4,USGS:03044000,snap-20260825-adopt
SNR-07O5,USGS:05568000,snap-20260825-adopt
SNR-07O6,USGS:03224500,snap-20260825-adopt
SNR-07O7,USGS:03333500,snap-20260825-adopt
SNR-07O8,USGS:03085956,snap-20260825-adopt
SNR-07O9,USGS:05579630,snap-20260825-adopt
SNR-07OA,USGS:01568700,snap-20260825-adopt
SNR-07OB,USGS:03047000,snap-20260825-adopt
SNR-07OC,USGS:05570370,snap-20260825-adopt
SNR-07OD,USGS:01568500,snap-20260825-adopt
SNR-07OE,USGS:03119341,snap-20260825-adopt
SNR-07OF,USGS:01555710,snap-20260825-adopt
SNR-07OG,USGS:06615000,snap-20260825-adopt
SNR-07OH,USGS:05490600,snap-20260825-adopt
SNR-07OI,USGS:06617500,snap-20260825-adopt
SNR-07OJ,USGS:05579624,snap-20260825-adopt
SNR-07OK,USGS:01556000,snap-20260825-adopt
SNR-07OL,USGS:01555725,snap-20260825-adopt
SNR-07OM,USGS:03085590,snap-20260825-adopt
SNR-07ON,USGS:03136175,snap-20260825-adopt
SNR-07OO,USGS:03334000,snap-20260825-adopt
SNR-07OP,USGS:03260500,snap-20260825-adopt
SNR-07OQ,USGS:03260502,snap-20260825-adopt
SNR-07OR,USGS:033356786,snap-20260825-adopt
SNR-07OS,USGS:03043810,snap-20260825-adopt
SNR-07OT,USGS:05579610,snap-20260825-adopt
SNR-07OU,USGS:01401650,snap-20260825-adopt
SNR-07OV,USGS:03125000,snap-20260825-adopt
SNR-07OW,USGS:06831000,snap-20260825-adopt
SNR-07OX,USGS:06618000,snap-20260825-adopt
SNR-07OY,USGS:01401870,snap-20260825-adopt
SNR-07OZ,USGS:03120500,snap-20260825-adopt
SNR-07P0,USGS:01458900,snap-20260825-adopt
SNR-07P1,USGS:05580950,snap-20260825-adopt
SNR-07P2,USGS:06830500,snap-20260825-adopt
SNR-07P3,USGS:06841500,snap-20260825-adopt
SNR-07P4,USGS:05579620,snap-20260825-adopt
SNR-07P5,USGS:402823080552300,snap-20260825-adopt
SNR-07P6,USGS:01398000,snap-20260825-adopt
SNR-07P7,USGS:05570380,snap-20260825-adopt
SNR-07P8,USGS:03043000,snap-20260825-adopt
SNR-07P9,USGS:01402000,snap-20260825-adopt
SNR-07PA,USGS:03223500,snap-20260825-adopt
SNR-07PB,USGS:03333700,snap-20260825-adopt
SNR-07PC,USGS:05568615,snap-20260825-adopt
SNR-07PD,USGS:03042000,snap-20260825-adopt
SNR-07PE,USGS:09010000,snap-20260825-adopt
SNR-07PF,USGS:03049819,snap-20260825-adopt
SNR-07PG,USGS:01567000,snap-20260825-adopt
SNR-07PH,USGS:03260450,snap-20260825-adopt
SNR-07PI,USGS:01572190,snap-20260825-adopt
SNR-07PJ,USGS:06881200,snap-20260825-adopt
SNR-07PK,USGS:03124800,snap-20260825-adopt
SNR-07PL,USGS:03139000,snap-20260825-adopt
SNR-07PM,USGS:01470729,snap-20260825-adopt
SNR-07PN,USGS:01405030,snap-20260825-adopt
SNR-07PO,USGS:06904300,snap-20260825-adopt
SNR-07PP,USGS:03224000,snap-20260825-adopt
SNR-07PQ,USGS:06904050,snap-20260825-adopt
SNR-07PR,USGS:01559000,snap-20260825-adopt
SNR-07PS,USGS:05584450,snap-20260825-adopt
SNR-07PT,USGS:01458920,snap-20260825-adopt
SNR-07PU,USGS:402913084285400,snap-20260825-adopt
SNR-07PV,USGS:03049680,snap-20260825-adopt
SNR-07PW,USGS:05570360,snap-20260825-adopt
SNR-07PX,USGS:03049676,snap-20260825-adopt
SNR-07PY,USGS:03049681,snap-20260825-adopt
SNR-07PZ,USGS:06898700,snap-20260825-adopt
SNR-07Q0,USGS:05570000,snap-20260825-adopt
SNR-07Q1,USGS:06834500,snap-20260825-adopt
SNR-07Q2,USGS:01567150,snap-20260825-adopt
SNR-07Q3,USGS:01406710,snap-20260825-adopt
SNR-07Q4,USGS:06756500,snap-20260825-adopt
SNR-07Q5,USGS:06611100,snap-20260825-adopt
SNR-07Q6,USGS:03322478,snap-20260825-adopt
SNR-07Q7,USGS:03333270,snap-20260825-adopt
SNR-07Q8,USGS:06614800,snap-20260825-adopt
SNR-07Q9,USGS:01406680,snap-20260825-adopt
SNR-07QA,USGS:01555826,snap-20260825-adopt
SNR-07QB,USGS:01555830,snap-20260825-adopt
SNR-07QC,USGS:05570350,snap-20260825-adopt
SNR-07QD,USGS:01402600,snap-20260825-adopt
SNR-07QE,USGS:402958084363300,snap-20260825-adopt
SNR-07QF,USGS:06841000,snap-20260825-adopt
SNR-07QG,USGS:01397420,snap-20260825-adopt
SNR-07QH,USGS:01402500,snap-20260825-adopt
SNR-07QI,USGS:03049807,snap-20260825-adopt
SNR-07QJ,USGS:03085730,snap-20260825-adopt
SNR-07QK,USGS:01396060,snap-20260825-adopt
SNR-07QL,USGS:03136400,snap-20260825-adopt
SNR-07QM,USGS:03085734,snap-20260825-adopt
SNR-07QN,USGS:01402630,snap-20260825-adopt
SNR-07QO,USGS:03138971,snap-20260825-adopt
SNR-07QP,USGS:01402590,snap-20260825-adopt
SNR-07QQ,USGS:03136300,snap-20260825-adopt
SNR-07QR,USGS:01460600,snap-20260825-adopt
SNR-07QS,USGS:01460595,snap-20260825-adopt
SNR-07QT,USGS:01404171,snap-20260825-adopt
SNR-07QU,USGS:01406700,snap-20260825-adopt
SNR-07QV,USGS:01541308,snap-20260825-adopt
SNR-07QW,USGS:03335677,snap-20260825-adopt
SNR-07QX,USGS:03119971,snap-20260825-adopt
SNR-07QY,USGS:03049658,snap-20260825-adopt
SNR-07QZ,USGS:01470756,snap-20260825-adopt
SNR-07R0,USGS:03136000,snap-20260825-adopt
SNR-07R1,USGS:01397500,snap-20260825-adopt
SNR-07R2,USGS:05568600,snap-20260825-adopt
SNR-07R3,USGS:01566000,snap-20260825-adopt
SNR-07R4,USGS:01470736,snap-20260825-adopt
SNR-07R5,USGS:01460860,snap-20260825-adopt
SNR-07R6,USGS:403134095431101,snap-20260825-adopt
SNR-07R7,USGS:03042500,snap-20260825-adopt
SNR-07R8,USGS:01398095,snap-20260825-adopt
SNR-07R9,USGS:03085947,snap-20260825-adopt
SNR-07RA,USGS:03049800,snap-20260825-adopt
SNR-07RB,USGS:01451467,snap-20260825-adopt
SNR-07RC,USGS:403135095431201,snap-20260825-adopt
SNR-07RD,USGS:01470500,snap-20260825-adopt
SNR-07RE,USGS:06611200,snap-20260825-adopt
SNR-07RF,USGS:01458700,snap-20260825-adopt
SNR-07RG,USGS:03335690,snap-20260825-adopt
SNR-07RH,USGS:01559500,snap-20260825-adopt
SNR-07RI,USGS:03260325,snap-20260825-adopt
SNR-07RJ,USGS:01458600,snap-20260825-adopt
SNR-07RK,USGS:01470748,snap-20260825-adopt
SNR-07RL,USGS:01572030,snap-20260825-adopt
SNR-07RM,USGS:03121500,snap-20260825-adopt
SNR-07RN,USGS:01470755,snap-20260825-adopt
SNR-07RO,USGS:01376558,snap-20260825-adopt
SNR-07RP,USGS:03107698,snap-20260825-adopt
SNR-07RQ,USGS:01458500,snap-20260825-adopt
SNR-07RR,USGS:03110690,snap-20260825-adopt
SNR-07RS,USGS:03110685,snap-20260825-adopt
SNR-07RT,USGS:03119979,snap-20260825-adopt
SNR-07RU,USGS:01402540,snap-20260825-adopt
SNR-07RV,USGS:03122500,snap-20260825-adopt
SNR-07RW,USGS:01451380,snap-20260825-adopt
SNR-07RX,USGS:01572025,snap-20260825-adopt
SNR-07RY,USGS:01451400,snap-20260825-adopt
SNR-07RZ,USGS:03322485,snap-20260825-adopt
SNR-07S0,USGS:03047500,snap-20260825-adopt
SNR-07S1,USGS:03049641,snap-20260825-adopt
SNR-07S2,USGS:03049640,snap-20260825-adopt
SNR-07S3,USGS:01572000,snap-20260825-adopt
SNR-07S4,USGS:03110000,snap-20260825-adopt
SNR-07S5,USGS:01397300,snap-20260825-adopt
SNR-07S6,USGS:01451420,snap-20260825-adopt
SNR-07S7,USGS:06812500,snap-20260825-adopt
SNR-07S8,USGS:06746095,snap-20260825-adopt
SNR-07S9,USGS:01404100,snap-20260825-adopt
SNR-07SA,USGS:01460565,snap-20260825-adopt
SNR-07SB,USGS:01402900,snap-20260825-adopt
SNR-07SC,USGS:03333080,snap-20260825-adopt
SNR-07SD,USGS:01400510,snap-20260825-adopt
SNR-07SE,USGS:01396050,snap-20260825-adopt
SNR-07SF,USGS:01571919,snap-20260825-adopt
SNR-07SG,USGS:05568650,snap-20260825-adopt
SNR-07SH,USGS:06746100,snap-20260825-adopt
SNR-07SI,USGS:01398102,snap-20260825-adopt
SNR-07SJ,USGS:01453500,snap-20260825-adopt
SNR-07SK,USGS:06898500,snap-20260825-adopt
SNR-07SL,USGS:03223425,snap-20260825-adopt
SNR-07SM,USGS:01454000,snap-20260825-adopt
SNR-07SN,USGS:03086000,snap-20260825-adopt
SNR-07SO,USGS:06616000,snap-20260825-adopt
SNR-07SP,USGS:03086001,snap-20260825-adopt
SNR-07SQ,USGS:01403000,snap-20260825-adopt
SNR-07SR,USGS:01403060,snap-20260825-adopt
SNR-07SS,USGS:06611700,snap-20260825-adopt
SNR-07ST,USGS:06748200,snap-20260825-adopt
SNR-07SU,USGS:03324260,snap-20260825-adopt
SNR-07SV,USGS:06752280,snap-20260825-adopt
SNR-07SW,USGS:05568500,snap-20260825-adopt
SNR-07SX,USGS:06615500,snap-20260825-adopt
SNR-07SY,USGS:03120820,snap-20260825-adopt
SNR-07SZ,USGS:03110500,snap-20260825-adopt
SNR-07T0,USGS:03042700,snap-20260825-adopt
SNR-07T1,USGS:06810030,snap-20260825-adopt
SNR-07T2,USGS:01400500,snap-20260825-adopt
SNR-07T3,USGS:01454500,snap-20260825-adopt
SNR-07T4,USGS:01400010,snap-20260825-adopt
SNR-07T5,USGS:05564190,snap-20260825-adopt
SNR-07T6,USGS:06611300,snap-20260825-adopt
SNR-07T7,USGS:01398107,snap-20260825-adopt
SNR-07T8,USGS:01404080,snap-20260825-adopt
SNR-07T9,USGS:01403200,snap-20260825-adopt
SNR-07TA,USGS:06746110,snap-20260825-adopt
SNR-07TB,USGS:05584400,snap-20260825-adopt
SNR-07TC,USGS:03042200,snap-20260825-adopt
SNR-07TD,USGS:01556400,snap-20260825-adopt
SNR-07TE,USGS:01571827,snap-20260825-adopt
SNR-07TF,USGS:03049635,snap-20260825-adopt
SNR-07TG,USGS:03322500,snap-20260825-adopt
SNR-07TH,USGS:03049625,snap-20260825-adopt
SNR-07TI,USGS:01404000,snap-20260825-adopt
SNR-07TJ,USGS:01566500,snap-20260825-adopt
SNR-07TK,USGS:01458000,snap-20260825-adopt
SNR-07TL,USGS:01404060,snap-20260825-adopt
SNR-07TM,USGS:03120961,snap-20260825-adopt
SNR-07TN,USGS:05567545,snap-20260825-adopt
SNR-07TO,USGS:01454600,snap-20260825-adopt
SNR-07TP,USGS:01458100,snap-20260825-adopt
SNR-07TQ,USGS:01400000,snap-20260825-adopt
SNR-07TR,USGS:03217500,snap-20260825-adopt
SNR-07TS,USGS:01397000,snap-20260825-adopt
SNR-07TT,USGS:03219000,snap-20260825-adopt
SNR-07TU,USGS:03042280,snap-20260825-adopt
SNR-07TV,USGS:01470720,snap-20260825-adopt
SNR-07TW,USGS:06611800,snap-20260825-adopt
SNR-07TX,USGS:01376534,snap-20260825-adopt
SNR-07TY,USGS:01311875,snap-20260825-adopt
SNR-07TZ,USGS:01400360,snap-20260825-adopt
SNR-07U0,USGS:06618300,snap-20260825-adopt
SNR-07U1,USGS:03326500,snap-20260825-adopt
SNR-07U2,USGS:03120869,snap-20260825-adopt
SNR-07U3,USGS:01403010,snap-20260825-adopt
SNR-07U4,USGS:01555539,snap-20260825-adopt
SNR-07U5,USGS:03042250,snap-20260825-adopt
SNR-07U6,USGS:403447075331801,snap-20260825-adopt
SNR-07U7,USGS:01571820,snap-20260825-adopt
SNR-07U8,USGS:01403385,snap-20260825-adopt
SNR-07U9,USGS:05570330,snap-20260825-adopt
SNR-07UA,USGS:403455095462401,snap-20260825-adopt
SNR-07UB,USGS:01457790,snap-20260825-adopt
SNR-07UC,USGS:01400350,snap-20260825-adopt
SNR-07UD,USGS:01451500,snap-20260825-adopt
SNR-07UE,USGS:06611900,snap-20260825-adopt
SNR-07UF,USGS:03049646,snap-20260825-adopt
SNR-07UG,USGS:06880740,snap-20260825-adopt
SNR-07UH,USGS:03223000,snap-20260825-adopt
SNR-07UI,USGS:06880710,snap-20260825-adopt
SNR-07UJ,USGS:06839600,snap-20260825-adopt
SNR-07UK,USGS:01403900,snap-20260825-adopt
SNR-07UL,USGS:01403800,snap-20260825-adopt
SNR-07UM,USGS:01397149,snap-20260825-adopt
SNR-07UN,USGS:05567510,snap-20260825-adopt
SNR-07UO,USGS:01451630,snap-20260825-adopt
SNR-07UP,USGS:03124500,snap-20260825-adopt
SNR-07UQ,USGS:01571778,snap-20260825-adopt
SNR-07UR,USGS:06752260,snap-20260825-adopt
SNR-07US,USGS:01403700,snap-20260825-adopt
SNR-07UT,USGS:05569968,snap-20260825-adopt
SNR-07UU,USGS:01470190,snap-20260825-adopt
SNR-07UV,USGS:03329700,snap-20260825-adopt
SNR-07UW,USGS:03329500,snap-20260825-adopt
SNR-07UX,USGS:03218500,snap-20260825-adopt
SNR-07UY,USGS:01571774,snap-20260825-adopt
SNR-07UZ,USGS:06839700,snap-20260825-adopt
SNR-07V0,USGS:01457400,snap-20260825-adopt
SNR-07V1,USGS:03123400,snap-20260825-adopt
SNR-07V2,USGS:01400300,snap-20260825-adopt
SNR-07V3,USGS:01310740,snap-20260825-adopt
SNR-07V4,USGS:03132000,snap-20260825-adopt
SNR-07V5,USGS:03333050,snap-20260825-adopt
SNR-07V6,USGS:01564895,snap-20260825-adopt
SNR-07V7,USGS:01457500,snap-20260825-adopt
SNR-07V8,USGS:06904040,snap-20260825-adopt
SNR-07V9,USGS:403542076263201,snap-20260825-adopt
SNR-07VA,USGS:01403650,snap-20260825-adopt
SNR-07VB,USGS:06801180,snap-20260825-adopt
SNR-07VC,USGS:06812000,snap-20260825-adopt
SNR-07VD,USGS:01451650,snap-20260825-adopt
SNR-07VE,USGS:06881000,snap-20260825-adopt
SNR-07VF,USGS:06880720,snap-20260825-adopt
SNR-07VG,USGS:03121850,snap-20260825-adopt
SNR-07VH,USGS:01396035,snap-20260825-adopt
SNR-07VI,USGS:01399830,snap-20260825-adopt
SNR-07VJ,USGS:06770190,snap-20260825-adopt
SNR-07VK,USGS:06810000,snap-20260825-adopt
SNR-07VL,USGS:01469000,snap-20260825-adopt
SNR-07VM,IWQIS:WQS0079,snap-20260825-adopt
SNR-07VN,USGS:01403600,snap-20260825-adopt
SNR-07VO,USGS:06839200,snap-20260825-adopt
SNR-07VP,USGS:03121800,snap-20260825-adopt
SNR-07VQ,USGS:03048500,snap-20260825-adopt
SNR-07VR,USGS:05564400,snap-20260825-adopt
SNR-07VS,USGS:05565700,snap-20260825-adopt
SNR-07VT,USGS:01565700,snap-20260825-adopt
SNR-07VU,USGS:01403080,snap-20260825-adopt
SNR-07VV,USGS:01396000,snap-20260825-adopt
SNR-07VW,USGS:01451192,snap-20260825-adopt
SNR-07VX,USGS:01403340,snap-20260825-adopt
SNR-07VY,USGS:01396001,snap-20260825-adopt
SNR-07VZ,USGS:01403160,snap-20260825-adopt
SNR-07W0,USGS:03086100,snap-20260825-adopt
SNR-07W1,USGS:01396900,snap-20260825-adopt
SNR-07W2,USGS:01311143,snap-20260825-adopt
SNR-07W3,USGS:03042170,snap-20260825-adopt
SNR-07W4,USGS:01558500,snap-20260825-adopt
SNR-07W5,USGS:01555500,snap-20260825-adopt
SNR-07W6,USGS:06880730,snap-20260825-adopt
SNR-07W7,USGS:01403150,snap-20260825-adopt
SNR-07W8,USGS:01558000,snap-20260825-adopt
SNR-07W9,USGS:03049501,snap-20260825-adopt
SNR-07WA,USGS:06801340,snap-20260825-adopt
SNR-07WB,USGS:01403500,snap-20260825-adopt
SNR-07WC,USGS:01395500,snap-20260825-adopt
SNR-07WD,USGS:03049500,snap-20260825-adopt
SNR-07WE,USGS:01453000,snap-20260825-adopt
SNR-07WF,USGS:06801360,snap-20260825-adopt
SNR-07WG,USGS:03333000,snap-20260825-adopt
SNR-07WH,USGS:03131965,snap-20260825-adopt
SNR-07WI,USGS:06748500,snap-20260825-adopt
SNR-07WJ,USGS:01558098,snap-20260825-adopt
SNR-07WK,USGS:01395000,snap-20260825-adopt
SNR-07WL,USGS:01399670,snap-20260825-adopt
SNR-07WM,USGS:03329720,snap-20260825-adopt
SNR-07WN,USGS:03135500,snap-20260825-adopt
SNR-07WO,USGS:05564500,snap-20260825-adopt
SNR-07WP,USGS:03133500,snap-20260825-adopt
SNR-07WQ,USGS:01403570,snap-20260825-adopt
SNR-07WR,USGS:01399760,snap-20260825-adopt
SNR-07WS,USGS:06801300,snap-20260825-adopt
SNR-07WT,USGS:06839400,snap-20260825-adopt
SNR-07WU,USGS:06748530,snap-20260825-adopt
SNR-07WV,USGS:01452000,snap-20260825-adopt
SNR-07WW,USGS:03131982,snap-20260825-adopt
SNR-07WX,USGS:01399690,snap-20260825-adopt
SNR-07WY,USGS:05567500,snap-20260825-adopt
SNR-07WZ,USGS:01455300,snap-20260825-adopt
SNR-07X0,USGS:403731073353801,snap-20260825-adopt
SNR-07X1,USGS:403734073153401,snap-20260825-adopt
SNR-07X2,USGS:03132500,snap-20260825-adopt
SNR-07X3,USGS:403739073401001,snap-20260825-adopt
SNR-07X4,USGS:03108000,snap-20260825-adopt
SNR-07X5,USGS:01556500,snap-20260825-adopt
SNR-07X6,USGS:06612000,snap-20260825-adopt
SNR-07X7,USGS:03218000,snap-20260825-adopt
SNR-07X8,USGS:05564250,snap-20260825-adopt
SNR-07X9,USGS:01468500,snap-20260825-adopt
SNR-07XA,USGS:05525500,snap-20260825-adopt
SNR-07XB,USGS:01399700,snap-20260825-adopt
SNR-07XC,USGS:06839500,snap-20260825-adopt
SNR-07XD,USGS:06810500,snap-20260825-adopt
SNR-07XE,USGS:01403545,snap-20260825-adopt
SNR-07XF,USGS:06819190,snap-20260825-adopt
SNR-07XG,USGS:01399550,snap-20260825-adopt
SNR-07XH,USGS:06745000,snap-20260825-adopt
SNR-07XI,USGS:01467950,snap-20260825-adopt
SNR-07XJ,USGS:03119000,snap-20260825-adopt
SNR-07XK,USGS:06840000,snap-20260825-adopt
SNR-07XL,USGS:01399780,snap-20260825-adopt
SNR-07XM,USGS:01455290,snap-20260825-adopt
SNR-07XN,USGS:06611500,snap-20260825-adopt
SNR-07XO,USGS:03124000,snap-20260825-adopt
SNR-07XP,USGS:01396810,snap-20260825-adopt
SNR-07XQ,USGS:03131500,snap-20260825-adopt
SNR-07XR,USGS:01403540,snap-20260825-adopt
SNR-07XS,USGS:03108010,snap-20260825-adopt
SNR-07XT,USGS:01403530,snap-20260825-adopt
SNR-07XU,USGS:01403470,snap-20260825-adopt
SNR-07XV,USGS:05565000,snap-20260825-adopt
SNR-07XW,USGS:06748510,snap-20260825-adopt
SNR-07XX,USGS:06802500,snap-20260825-adopt
SNR-07XY,USGS:06756350,snap-20260825-adopt
SNR-07XZ,USGS:01396800,snap-20260825-adopt
SNR-07Y0,USGS:01403535,snap-20260825-adopt
SNR-07Y1,USGS:04185771,snap-20260825-adopt
SNR-07Y2,USGS:06898000,snap-20260825-adopt
SNR-07Y3,USGS:06770255,snap-20260825-adopt
SNR-07Y4,IWQIS:WQS0036,snap-20260825-adopt
SNR-07Y5,USGS:06770195,snap-20260825-adopt
SNR-07Y6,USGS:06770240,snap-20260825-adopt
SNR-07Y7,USGS:01452500,snap-20260825-adopt
SNR-07Y8,USGS:06767500,snap-20260825-adopt
SNR-07Y9,USGS:01556460,snap-20260825-adopt
SNR-07YA,USGS:06801400,snap-20260825-adopt
SNR-07YB,USGS:06801320,snap-20260825-adopt
SNR-07YC,USGS:01467948,snap-20260825-adopt
SNR-07YD,USGS:06840500,snap-20260825-adopt
SNR-07YE,USGS:01470000,snap-20260825-adopt
SNR-07YF,USGS:01396790,snap-20260825-adopt
SNR-07YG,USGS:03322900,snap-20260825-adopt
SNR-07YH,USGS:03217424,snap-20260825-adopt
SNR-07YI,USGS:06748600,snap-20260825-adopt
SNR-07YJ,USGS:01393510,snap-20260825-adopt
SNR-07YK,USGS:03108500,snap-20260825-adopt
SNR-07YL,USGS:01455280,snap-20260825-adopt
SNR-07YM,USGS:01396660,snap-20260825-adopt
SNR-07YN,USGS:03108490,snap-20260825-adopt
SNR-07YO,USGS:01399100,snap-20260825-adopt
SNR-07YP,USGS:01379200,snap-20260825-adopt
SNR-07YQ,USGS:403859074555201,snap-20260825-adopt
SNR-07YR,USGS:01451165,snap-20260825-adopt
SNR-07YS,USGS:01555275,snap-20260825-adopt
SNR-07YT,USGS:03332605,snap-20260825-adopt
SNR-07YU,USGS:01565000,snap-20260825-adopt
SNR-07YV,USGS:03038000,snap-20260825-adopt
SNR-07YW,USGS:01455265,snap-20260825-adopt
SNR-07YX,USGS:06801500,snap-20260825-adopt
SNR-07YY,USGS:01557000,snap-20260825-adopt
SNR-07YZ,USGS:403921073070401,snap-20260825-adopt
SNR-07Z0,USGS:06770175,snap-20260825-adopt
SNR-07Z1,USGS:403921073064801,snap-20260825-adopt
SNR-07Z2,USGS:403922073064401,snap-20260825-adopt
SNR-07Z3,USGS:403922073064402,snap-20260825-adopt
SNR-07Z4,USGS:06839000,snap-20260825-adopt
SNR-07Z5,USGS:03123000,snap-20260825-adopt
SNR-07Z6,USGS:06803000,snap-20260825-adopt
SNR-07Z7,USGS:0157155014,snap-20260825-adopt
SNR-07Z8,USGS:06770200,snap-20260825-adopt
SNR-07Z9,USGS:05565600,snap-20260825-adopt
SNR-07ZA,USGS:01457100,snap-20260825-adopt
SNR-07ZB,USGS:05494500,snap-20260825-adopt
SNR-07ZC,USGS:0157155010,snap-20260825-adopt
SNR-07ZD,USGS:01451145,snap-20260825-adopt
SNR-07ZE,USGS:06819185,snap-20260825-adopt
SNR-07ZF,USGS:01399000,snap-20260825-adopt
SNR-07ZG,USGS:01564997,snap-20260825-adopt
SNR-07ZH,USGS:01451800,snap-20260825-adopt
SNR-07ZI,USGS:04185926,snap-20260825-adopt
SNR-07ZJ,USGS:05561000,snap-20260825-adopt
SNR-07ZK,USGS:01311810,snap-20260825-adopt
SNR-07ZL,USGS:05565900,snap-20260825-adopt
SNR-07ZM,USGS:05565500,snap-20260825-adopt
SNR-07ZN,USGS:01555400,snap-20260825-adopt
SNR-07ZO,USGS:01311500,snap-20260825-adopt
SNR-07ZP,USGS:06752000,snap-20260825-adopt
SNR-07ZQ,USGS:06770000,snap-20260825-adopt
SNR-07ZR,USGS:01310500,snap-20260825-adopt
SNR-07ZS,USGS:01571550,snap-20260825-adopt
SNR-07ZT,USGS:01403400,snap-20260825-adopt
SNR-07ZU,USGS:01311000,snap-20260825-adopt
SNR-07ZV,USGS:06810300,snap-20260825-adopt
SNR-07ZW,USGS:01557100,snap-20260825-adopt
SNR-07ZX,USGS:01403395,snap-20260825-adopt
SNR-07ZY,USGS:05560500,snap-20260825-adopt
SNR-07ZZ,USGS:05562000,snap-20260825-adopt
SNR-0800,USGS:06810400,snap-20260825-adopt
SNR-0801,USGS:06770253,snap-20260825-adopt
SNR-0802,USGS:01393500,snap-20260825-adopt
SNR-0803,USGS:03327520,snap-20260825-adopt
SNR-0804,USGS:01467752,snap-20260825-adopt
SNR-0805,USGS:01467861,snap-20260825-adopt
SNR-0806,USGS:01309680,snap-20260825-adopt
SNR-0807,USGS:01454700,snap-20260825-adopt
SNR-0808,USGS:01457005,snap-20260825-adopt
SNR-0809,USGS:01455250,snap-20260825-adopt
SNR-080A,USGS:06810900,snap-20260825-adopt
SNR-080B,USGS:01455098,snap-20260825-adopt
SNR-080C,USGS:01457000,snap-20260825-adopt
SNR-080D,USGS:06811000,snap-20260825-adopt
SNR-080E,USGS:03117500,snap-20260825-adopt
SNR-080F,USGS:01394620,snap-20260825-adopt
SNR-080G,USGS:404028073384601,snap-20260825-adopt
SNR-080H,USGS:01393450,snap-20260825-adopt
SNR-080I,USGS:03109500,snap-20260825-adopt
SNR-080J,USGS:06767970,snap-20260825-adopt
SNR-080K,USGS:05561500,snap-20260825-adopt
SNR-080L,USGS:01396500,snap-20260825-adopt
SNR-080M,USGS:01455097,snap-20260825-adopt
SNR-080N,USGS:01310000,snap-20260825-adopt
SNR-080O,USGS:01309950,snap-20260825-adopt
SNR-080P,USGS:06768025,snap-20260825-adopt
SNR-080Q,USGS:01456887,snap-20260825-adopt
SNR-080R,USGS:01467837,snap-20260825-adopt
SNR-080S,USGS:01379000,snap-20260825-adopt
SNR-080T,USGS:06767999,snap-20260825-adopt
SNR-080U,USGS:01309990,snap-20260825-adopt
SNR-080V,USGS:05563500,snap-20260825-adopt
SNR-080W,USGS:06807000,snap-20260825-adopt
SNR-080X,USGS:01467835,snap-20260825-adopt
SNR-080Y,USGS:01455240,snap-20260825-adopt
SNR-080Z,USGS:06767998,snap-20260825-adopt
SNR-0810,USGS:06768000,snap-20260825-adopt
SNR-0811,USGS:01398900,snap-20260825-adopt
SNR-0812,USGS:06612500,snap-20260825-adopt
SNR-0813,USGS:01557500,snap-20260825-adopt
SNR-0814,USGS:01467500,snap-20260825-adopt
SNR-0815,USGS:03039040,snap-20260825-adopt
SNR-0816,USGS:03039041,snap-20260825-adopt
SNR-0817,USGS:06768035,snap-20260825-adopt
SNR-0818,USGS:04185935,snap-20260825-adopt
SNR-0819,USGS:01454720,snap-20260825-adopt
SNR-081A,USGS:06767410,snap-20260825-adopt
SNR-081B,USGS:06808820,snap-20260825-adopt
SNR-081C,USGS:01394500,snap-20260825-adopt
SNR-081D,USGS:01309500,snap-20260825-adopt
SNR-081E,USGS:01455090,snap-20260825-adopt
SNR-081F,USGS:03332780,snap-20260825-adopt
SNR-081G,USGS:01467832,snap-20260825-adopt
SNR-081H,USGS:01396582,snap-20260825-adopt
SNR-081I,USGS:01309000,snap-20260825-adopt
SNR-081J,USGS:01447000,snap-20260825-adopt
SNR-081K,USGS:06749000,snap-20260825-adopt
SNR-081L,USGS:404133073041801,snap-20260825-adopt
SNR-081M,USGS:06904010,snap-20260825-adopt
SNR-081N,USGS:01396580,snap-20260825-adopt
SNR-081O,USGS:01467830,snap-20260825-adopt
SNR-081P,USGS:01467471,snap-20260825-adopt
SNR-081Q,USGS:01467492,snap-20260825-adopt
SNR-081R,IWQIS:WQS0044,snap-20260825-adopt
SNR-081S,USGS:01446995,snap-20260825-adopt
SNR-081T,USGS:01399525,snap-20260825-adopt
SNR-081U,USGS:01467470,snap-20260825-adopt
SNR-081V,USGS:06809900,snap-20260825-adopt
SNR-081W,USGS:04180988,snap-20260825-adopt
SNR-081X,USGS:06619400,snap-20260825-adopt
SNR-081Y,USGS:06747500,snap-20260825-adopt
SNR-081Z,USGS:06898400,snap-20260825-adopt
SNR-0820,USGS:404146073074301,snap-20260825-adopt
SNR-0821,USGS:404149073051301,snap-20260825-adopt
SNR-0822,USGS:03131300,snap-20260825-adopt
SNR-0823,USGS:404153073030701,snap-20260825-adopt
SNR-0824,USGS:01455210,snap-20260825-adopt
SNR-0825,USGS:06613000,snap-20260825-adopt
SNR-0826,USGS:06748000,snap-20260825-adopt
SNR-0827,USGS:404200073034301,snap-20260825-adopt
SNR-0828,USGS:06767100,snap-20260825-adopt
SNR-0829,USGS:01467691,snap-20260825-adopt
SNR-082A,USGS:05560000,snap-20260825-adopt
SNR-082B,USGS:01455080,snap-20260825-adopt
SNR-082C,USGS:06767300,snap-20260825-adopt
SNR-082D,USGS:06751500,snap-20260825-adopt
SNR-082E,USGS:404211073061701,snap-20260825-adopt
SNR-082F,USGS:01394400,snap-20260825-adopt
SNR-082G,USGS:03131122,snap-20260825-adopt
SNR-082H,USGS:01396570,snap-20260825-adopt
SNR-082I,USGS:404213073070801,snap-20260825-adopt
SNR-082J,USGS:404213073041801,snap-20260825-adopt
SNR-082K,USGS:01467689,snap-20260825-adopt
SNR-082L,USGS:01467688,snap-20260825-adopt
SNR-082M,USGS:01308000,snap-20260825-adopt
SNR-082N,USGS:06767200,snap-20260825-adopt
SNR-082O,USGS:06768020,snap-20260825-adopt
SNR-082P,USGS:404226073034201,snap-20260825-adopt
SNR-082Q,USGS:04185945,snap-20260825-adopt
SNR-082R,USGS:05569500,snap-20260825-adopt
SNR-082S,USGS:01394200,snap-20260825-adopt
SNR-082T,USGS:01398500,snap-20260825-adopt
SNR-082U,USGS:01378708,snap-20260825-adopt
SNR-082V,USGS:06618480,snap-20260825-adopt
SNR-082W,USGS:01308500,snap-20260825-adopt
SNR-082X,USGS:404240073074301,snap-20260825-adopt
SNR-082Y,USGS:01392650,snap-20260825-adopt
SNR-082Z,USGS:404241074072202,snap-20260825-adopt
SNR-0830,USGS:01446700,snap-20260825-adopt
SNR-0831,USGS:03324300,snap-20260825-adopt
SNR-0832,USGS:03329400,snap-20260825-adopt
SNR-0833,USGS:404253073065101,snap-20260825-adopt
SNR-0834,USGS:03039036,snap-20260825-adopt
SNR-0835,USGS:404254073041701,snap-20260825-adopt
SNR-0836,USGS:01393200,snap-20260825-adopt
SNR-0837,USGS:01455200,snap-20260825-adopt
SNR-0838,USGS:01455047,snap-20260825-adopt
SNR-0839,USGS:01379490,snap-20260825-adopt
SNR-083A,USGS:03049000,snap-20260825-adopt
SNR-083B,USGS:03039035,snap-20260825-adopt
SNR-083C,USGS:06810200,snap-20260825-adopt
SNR-083D,USGS:05495600,snap-20260825-adopt
SNR-083E,USGS:01452300,snap-20260825-adopt
SNR-083F,USGS:404306073034301,snap-20260825-adopt
SNR-083G,USGS:03037525,snap-20260825-adopt
SNR-083H,USGS:03039000,snap-20260825-adopt
SNR-083I,USGS:03037500,snap-20260825-adopt
SNR-083J,USGS:01306402,snap-20260825-adopt
SNR-083K,USGS:01399510,snap-20260825-adopt
SNR-083L,USGS:01393900,snap-20260825-adopt
SNR-083M,USGS:01393150,snap-20260825-adopt
SNR-083N,USGS:01455045,snap-20260825-adopt
SNR-083O,USGS:01376520,snap-20260825-adopt
SNR-083P,USGS:01393110,snap-20260825-adopt
SNR-083Q,USGS:404320073072601,snap-20260825-adopt
SNR-083R,USGS:05569825,snap-20260825-adopt
SNR-083S,USGS:01393895,snap-20260825-adopt
SNR-083T,USGS:05554300,snap-20260825-adopt
SNR-083U,USGS:03327000,snap-20260825-adopt
SNR-083V,USGS:03135000,snap-20260825-adopt
SNR-083W,USGS:01305207,snap-20260825-adopt
SNR-083X,USGS:01394100,snap-20260825-adopt
SNR-083Y,USGS:404327073072701,snap-20260825-adopt
SNR-083Z,USGS:06897950,snap-20260825-adopt
SNR-0840,USGS:01396550,snap-20260825-adopt
SNR-0841,USGS:04187100,snap-20260825-adopt
SNR-0842,USGS:05559900,snap-20260825-adopt
SNR-0843,USGS:01393100,snap-20260825-adopt
SNR-0844,USGS:05494100,snap-20260825-adopt
SNR-0845,USGS:05494110,snap-20260825-adopt
SNR-0846,USGS:01379500,snap-20260825-adopt
SNR-0847,USGS:06618500,snap-20260825-adopt
SNR-0848,USGS:06819180,snap-20260825-adopt
SNR-0849,USGS:03117100,snap-20260825-adopt
SNR-084A,IWQIS:WQS0033,snap-20260825-adopt
SNR-084B,USGS:01307500,snap-20260825-adopt
SNR-084C,USGS:01455221,snap-20260825-adopt
SNR-084D,USGS:404338073082101,snap-20260825-adopt
SNR-084E,USGS:06817300,snap-20260825-adopt
SNR-084F,USGS:01399500,snap-20260825-adopt
SNR-084G,USGS:06839950,snap-20260825-adopt
SNR-084H,USGS:06614000,snap-20260825-adopt
SNR-084I,USGS:05490500,snap-20260825-adopt
SNR-084J,USGS:03322985,snap-20260825-adopt
SNR-084K,USGS:01455040,snap-20260825-adopt
SNR-084L,USGS:06769525,snap-20260825-adopt
SNR-084M,USGS:01455220,snap-20260825-adopt
SNR-084N,USGS:06770375,snap-20260825-adopt
SNR-084O,USGS:03327530,snap-20260825-adopt
SNR-084P,USGS:03327528,snap-20260825-adopt
SNR-084Q,USGS:06880800,snap-20260825-adopt
SNR-084R,USGS:01394000,snap-20260825-adopt
SNR-084S,USGS:06767400,snap-20260825-adopt
SNR-084T,USGS:04186800,snap-20260825-adopt
SNR-084U,USGS:06613950,snap-20260825-adopt
SNR-084V,USGS:01392590,snap-20260825-adopt
SNR-084W,USGS:06767000,snap-20260825-adopt
SNR-084X,USGS:05469750,snap-20260825-adopt
SNR-084Y,USGS:01378690,snap-20260825-adopt
SNR-084Z,USGS:06769000,snap-20260825-adopt
SNR-0850,USGS:03048900,snap-20260825-adopt
SNR-0851,USGS:01393890,snap-20260825-adopt
SNR-0852,USGS:04181000,snap-20260825-adopt
SNR-0853,USGS:01393000,snap-20260825-adopt
SNR-0854,USGS:01307000,snap-20260825-adopt
SNR-0855,USGS:03130000,snap-20260825-adopt
SNR-0856,USGS:06619420,snap-20260825-adopt
SNR-0857,USGS:01456550,snap-20260825-adopt
SNR-0858,USGS:06904000,snap-20260825-adopt
SNR-0859,IWQIS:WQS0089,snap-20260825-adopt
SNR-085A,USGS:01455181,snap-20260825-adopt
SNR-085B,USGS:01455030,snap-20260825-adopt
SNR-085C,USGS:06617100,snap-20260825-adopt
SNR-085D,USGS:03323150,snap-20260825-adopt
SNR-085E,USGS:03323000,snap-20260825-adopt
SNR-085F,USGS:06811875,snap-20260825-adopt
SNR-085G,USGS:06619415,snap-20260825-adopt
SNR-085H,USGS:03324350,snap-20260825-adopt
SNR-085I,USGS:06817000,snap-20260825-adopt
SNR-085J,USGS:404440084192100,snap-20260825-adopt
SNR-085K,USGS:01379530,snap-20260825-adopt
SNR-085L,USGS:06839900,snap-20260825-adopt
SNR-085M,USGS:03138900,snap-20260825-adopt
SNR-085N,USGS:03329000,snap-20260825-adopt
SNR-085O,USGS:04181100,snap-20260825-adopt
SNR-085P,USGS:03222500,snap-20260825-adopt
SNR-085Q,USGS:01306499,snap-20260825-adopt
SNR-085R,USGS:01306495,snap-20260825-adopt
SNR-085S,USGS:01306500,snap-20260825-adopt
SNR-085T,USGS:05554200,snap-20260825-adopt
SNR-085U,USGS:01446776,snap-20260825-adopt
SNR-085V,USGS:04181049,snap-20260825-adopt
SNR-085W,USGS:01446775,snap-20260825-adopt
SNR-085X,USGS:03118500,snap-20260825-adopt
SNR-085Y,USGS:03327500,snap-20260825-adopt
SNR-085Z,USGS:03131000,snap-20260825-adopt
SNR-0860,USGS:06903677,snap-20260825-adopt
SNR-0861,USGS:06903990,snap-20260825-adopt
SNR-0862,USGS:01455145,snap-20260825-adopt
SNR-0863,IWQIS:WQS0010,snap-20260825-adopt
SNR-0864,USGS:404513072555701,snap-20260825-adopt
SNR-0865,USGS:05474000,snap-20260825-adopt
SNR-0866,USGS:01379555,snap-20260825-adopt
SNR-0867,USGS:04187500,snap-20260825-adopt
SNR-0868,USGS:05566500,snap-20260825-adopt
SNR-0869,USGS:01302050,snap-20260825-adopt
SNR-086A,USGS:01451000,snap-20260825-adopt
SNR-086B,USGS:01455164,snap-20260825-adopt
SNR-086C,USGS:404527081325100,snap-20260825-adopt
SNR-086D,USGS:01455149,snap-20260825-adopt
SNR-086E,USGS:03037400,snap-20260825-adopt
SNR-086F,USGS:04188252,snap-20260825-adopt
SNR-086G,USGS:404543082490800,snap-20260825-adopt
SNR-086H,USGS:03107500,snap-20260825-adopt
SNR-086I,USGS:03327507,snap-20260825-adopt
SNR-086J,USGS:01376515,snap-20260825-adopt
SNR-086K,USGS:03130500,snap-20260825-adopt
SNR-086L,USGS:01378780,snap-20260825-adopt
SNR-086M,USGS:05524546,snap-20260825-adopt
SNR-086N,USGS:03130647,snap-20260825-adopt
SNR-086O,USGS:03109010,snap-20260825-adopt
SNR-086P,USGS:01455160,snap-20260825-adopt
SNR-086Q,USGS:01306000,snap-20260825-adopt
SNR-086R,USGS:03049100,snap-20260825-adopt
SNR-086S,USGS:06753500,snap-20260825-adopt
SNR-086T,USGS:01305500,snap-20260825-adopt
SNR-086U,USGS:06803093,snap-20260825-adopt
SNR-086V,USGS:01446564,snap-20260825-adopt
SNR-086W,USGS:01393810,snap-20260825-adopt
SNR-086X,USGS:06818750,snap-20260825-adopt
SNR-086Y,USGS:01393800,snap-20260825-adopt
SNR-086Z,USGS:06810100,snap-20260825-adopt
SNR-0870,USGS:06803197,snap-20260825-adopt
SNR-0871,USGS:05494300,snap-20260825-adopt
SNR-0872,USGS:06803080,snap-20260825-adopt
SNR-0873,USGS:404613081312800,snap-20260825-adopt
SNR-0874,USGS:05566000,snap-20260825-adopt
SNR-0875,USGS:06771500,snap-20260825-adopt
SNR-0876,USGS:01379520,snap-20260825-adopt
SNR-0877,USGS:04190500,snap-20260825-adopt
SNR-0878,IWQIS:WQS0049,snap-20260825-adopt
SNR-0879,USGS:01306460,snap-20260825-adopt
SNR-087A,USGS:01446570,snap-20260825-adopt
SNR-087B,USGS:01469700,snap-20260825-adopt
SNR-087C,USGS:01302125,snap-20260825-adopt
SNR-087D,USGS:05567000,snap-20260825-adopt
SNR-087E,USGS:05525050,snap-20260825-adopt
SNR-087F,USGS:404631081545100,snap-20260825-adopt
SNR-087G,USGS:01446565,snap-20260825-adopt
SNR-087H,USGS:05523865,snap-20260825-adopt
SNR-087I,USGS:03332555,snap-20260825-adopt
SNR-087J,USGS:04181120,snap-20260825-adopt
SNR-087K,USGS:03332500,snap-20260825-adopt
SNR-087L,USGS:01392470,snap-20260825-adopt
SNR-087M,USGS:04196700,snap-20260825-adopt
SNR-087N,USGS:06903980,snap-20260825-adopt
SNR-087O,USGS:03327503,snap-20260825-adopt
SNR-087P,USGS:03328500,snap-20260825-adopt
SNR-087Q,USGS:03109000,snap-20260825-adopt
SNR-087R,IWQIS:WQS0019,snap-20260825-adopt
SNR-087S,USGS:03138863,snap-20260825-adopt
SNR-087T,USGS:404702081193500,snap-20260825-adopt
SNR-087U,USGS:06880590,snap-20260825-adopt
SNR-087V,USGS:01455135,snap-20260825-adopt
SNR-087W,USGS:01446640,snap-20260825-adopt
SNR-087X,USGS:06751490,snap-20260825-adopt
SNR-087Y,USGS:03117000,snap-20260825-adopt
SNR-087Z,USGS:06803200,snap-20260825-adopt
SNR-0880,USGS:01392500,snap-20260825-adopt
SNR-0881,USGS:06770470,snap-20260825-adopt
SNR-0882,USGS:01392490,snap-20260825-adopt
SNR-0883,USGS:06760200,snap-20260825-adopt
SNR-0884,USGS:03325000,snap-20260825-adopt
SNR-0885,USGS:01306440,snap-20260825-adopt
SNR-0886,USGS:03109320,snap-20260825-adopt
SNR-0887,USGS:06806500,snap-20260825-adopt
SNR-0888,USGS:05563100,snap-20260825-adopt
SNR-0889,USGS:06806501,snap-20260825-adopt
SNR-088A,USGS:404755082550600,snap-20260825-adopt
SNR-088B,USGS:404755081531900,snap-20260825-adopt
SNR-088C,USGS:404755081531300,snap-20260825-adopt
SNR-088D,USGS:01455130,snap-20260825-adopt
SNR-088E,USGS:06771000,snap-20260825-adopt
SNR-088F,USGS:01378626,snap-20260825-adopt
SNR-088G,USGS:01392170,snap-20260825-adopt
SNR-088H,USGS:06657500,snap-20260825-adopt
SNR-088I,USGS:06903700,snap-20260825-adopt
SNR-088J,USGS:05563000,snap-20260825-adopt
SNR-088K,USGS:03118299,snap-20260825-adopt
SNR-088L,USGS:06770478,snap-20260825-adopt
SNR-088M,USGS:03134000,snap-20260825-adopt
SNR-088N,USGS:01455129,snap-20260825-adopt
SNR-088O,USGS:01456212,snap-20260825-adopt
SNR-088P,USGS:04196000,snap-20260825-adopt
SNR-088Q,USGS:01381496,snap-20260825-adopt
SNR-088R,USGS:01445490,snap-20260825-adopt
SNR-088S,USGS:06803300,snap-20260825-adopt
SNR-088T,USGS:404818072382601,snap-20260825-adopt
SNR-088U,USGS:06753600,snap-20260825-adopt
SNR-088V,USGS:01396190,snap-20260825-adopt
SNR-088W,USGS:01450500,snap-20260825-adopt
SNR-088X,USGS:404824096380001,snap-20260825-adopt
SNR-088Y,USGS:01469500,snap-20260825-adopt
SNR-088Z,USGS:01381500,snap-20260825-adopt
SNR-0890,USGS:404827072363701,snap-20260825-adopt
SNR-0891,USGS:06619450,snap-20260825-adopt
SNR-0892,USGS:01554500,snap-20260825-adopt
SNR-0893,USGS:06803170,snap-20260825-adopt
SNR-0894,USGS:03324500,snap-20260825-adopt
SNR-0895,USGS:03118131,snap-20260825-adopt
SNR-0896,USGS:01381400,snap-20260825-adopt
SNR-0897,USGS:06806420,snap-20260825-adopt
SNR-0898,USGS:404851072433401,snap-20260825-adopt
SNR-0899,USGS:06880775,snap-20260825-adopt
SNR-089A,USGS:404901083053600,snap-20260825-adopt
SNR-089B,USGS:03106000,snap-20260825-adopt
SNR-089C,USGS:03036501,snap-20260825-adopt
SNR-089D,USGS:01450020,snap-20260825-adopt
SNR-089E,USGS:404906072351101,snap-20260825-adopt
SNR-089F,USGS:01381510,snap-20260825-adopt
SNR-089G,USGS:01379590,snap-20260825-adopt
SNR-089H,USGS:01456170,snap-20260825-adopt
SNR-089I,USGS:03036500,snap-20260825-adopt
SNR-089J,USGS:01381555,snap-20260825-adopt
SNR-089K,USGS:05490000,snap-20260825-adopt
SNR-089L,USGS:06903900,snap-20260825-adopt
SNR-089M,USGS:03323090,snap-20260825-adopt
SNR-089N,USGS:04187945,snap-20260825-adopt
SNR-089O,USGS:01450455,snap-20260825-adopt
SNR-089P,USGS:01554010,snap-20260825-adopt
SNR-089Q,USGS:05525000,snap-20260825-adopt
SNR-089R,USGS:06903880,snap-20260825-adopt
SNR-089S,USGS:06803400,snap-20260825-adopt
SNR-089T,USGS:01302027,snap-20260825-adopt
SNR-089U,USGS:04191000,snap-20260825-adopt
SNR-089V,USGS:404930077501501,snap-20260825-adopt
SNR-089W,USGS:404930077501401,snap-20260825-adopt
SNR-089X,USGS:04196200,snap-20260825-adopt
SNR-089Y,USGS:01446500,snap-20260825-adopt
SNR-089Z,USGS:06839850,snap-20260825-adopt
SNR-08A0,USGS:01379580,snap-20260825-adopt
SNR-08A1,USGS:06819110,snap-20260825-adopt
SNR-08A2,USGS:404943072315401,snap-20260825-adopt
SNR-08A3,USGS:01378615,snap-20260825-adopt
SNR-08A4,USGS:01449000,snap-20260825-adopt
SNR-08A5,USGS:03105927,snap-20260825-adopt
SNR-08A6,USGS:01392210,snap-20260825-adopt
SNR-08A7,USGS:01389530,snap-20260825-adopt
SNR-08A8,USGS:05554480,snap-20260825-adopt
SNR-08A9,USGS:01305000,snap-20260825-adopt
SNR-08AA,USGS:01445500,snap-20260825-adopt
SNR-08AB,USGS:06766498,snap-20260825-adopt
SNR-08AC,USGS:01450000,snap-20260825-adopt
SNR-08AD,USGS:01546400,snap-20260825-adopt
SNR-08AE,USGS:405004073391001,snap-20260825-adopt
SNR-08AF,USGS:01554000,snap-20260825-adopt
SNR-08AG,USGS:01398180,snap-20260825-adopt
SNR-08AH,USGS:01399200,snap-20260825-adopt
SNR-08AI,USGS:06803502,snap-20260825-adopt
SNR-08AJ,USGS:05554000,snap-20260825-adopt
SNR-08AK,USGS:06766500,snap-20260825-adopt
SNR-08AL,USGS:03034500,snap-20260825-adopt
SNR-08AM,USGS:06766499,snap-20260825-adopt
SNR-08AN,USGS:06803495,snap-20260825-adopt
SNR-08AO,USGS:01455120,snap-20260825-adopt
SNR-08AP,USGS:06806200,snap-20260825-adopt
SNR-08AQ,USGS:03118000,snap-20260825-adopt
SNR-08AR,USGS:01456078,snap-20260825-adopt
SNR-08AS,USGS:01446010,snap-20260825-adopt
SNR-08AT,USGS:06806440,snap-20260825-adopt
SNR-08AU,USGS:03118050,snap-20260825-adopt
SNR-08AV,USGS:03324112,snap-20260825-adopt
SNR-08AW,USGS:03133992,snap-20260825-adopt
SNR-08AX,USGS:06769500,snap-20260825-adopt
SNR-08AY,USGS:06760500,snap-20260825-adopt
SNR-08AZ,USGS:01446000,snap-20260825-adopt
SNR-08B0,USGS:01456110,snap-20260825-adopt
SNR-08B1,USGS:01381800,snap-20260825-adopt
SNR-08B2,USGS:01389534,snap-20260825-adopt
SNR-08B3,USGS:01449800,snap-20260825-adopt
SNR-08B4,USGS:03116500,snap-20260825-adopt
SNR-08B5,USGS:06803500,snap-20260825-adopt
SNR-08B6,USGS:405051083391201,snap-20260825-adopt
SNR-08B7,USGS:405051083391001,snap-20260825-adopt
SNR-08B8,USGS:01389535,snap-20260825-adopt
SNR-08B9,USGS:04181500,snap-20260825-adopt
SNR-08BA,USGS:01542000,snap-20260825-adopt
SNR-08BB,USGS:01304000,snap-20260825-adopt
SNR-08BC,USGS:06806400,snap-20260825-adopt
SNR-08BD,USGS:01399190,snap-20260825-adopt
SNR-08BE,USGS:06769300,snap-20260825-adopt
SNR-08BF,USGS:04196500,snap-20260825-adopt
SNR-08BG,USGS:01456060,snap-20260825-adopt
SNR-08BH,USGS:01445430,snap-20260825-adopt
SNR-08BI,USGS:06772000,snap-20260825-adopt
SNR-08BJ,USGS:01553990,snap-20260825-adopt
SNR-08BK,USGS:01540200,snap-20260825-adopt
SNR-08BL,USGS:03323500,snap-20260825-adopt
SNR-08BM,USGS:06806460,snap-20260825-adopt
SNR-08BN,USGS:01302025,snap-20260825-adopt
SNR-08BO,USGS:06803486,snap-20260825-adopt
SNR-08BP,USGS:01456050,snap-20260825-adopt
SNR-08BQ,USGS:01396152,snap-20260825-adopt
SNR-08BR,USGS:06769200,snap-20260825-adopt
SNR-08BS,USGS:05469500,snap-20260825-adopt
SNR-08BT,USGS:01303500,snap-20260825-adopt
SNR-08BU,USGS:06803520,snap-20260825-adopt
SNR-08BV,USGS:05569000,snap-20260825-adopt
SNR-08BW,USGS:01396091,snap-20260825-adopt
SNR-08BX,USGS:04186000,snap-20260825-adopt
SNR-08BY,USGS:03105725,snap-20260825-adopt
SNR-08BZ,USGS:06619000,snap-20260825-adopt
SNR-08C0,USGS:01302020,snap-20260825-adopt
SNR-08C1,USGS:01381900,snap-20260825-adopt
SNR-08C2,USGS:01396085,snap-20260825-adopt
SNR-08C3,USGS:06806470,snap-20260825-adopt
SNR-08C4,USGS:06619500,snap-20260825-adopt
SNR-08C5,USGS:01302500,snap-20260825-adopt
SNR-08C6,USGS:01304010,snap-20260825-adopt
SNR-08C7,USGS:01391550,snap-20260825-adopt
SNR-08C8,USGS:01390000,snap-20260825-adopt
SNR-08C9,USGS:04188324,snap-20260825-adopt
SNR-08CA,USGS:05524000,snap-20260825-adopt
SNR-08CB,USGS:01302250,snap-20260825-adopt
SNR-08CC,USGS:05523000,snap-20260825-adopt
SNR-08CD,USGS:01555000,snap-20260825-adopt
SNR-08CE,USGS:03118209,snap-20260825-adopt
SNR-08CF,USGS:01389130,snap-20260825-adopt
SNR-08CG,USGS:03324095,snap-20260825-adopt
SNR-08CH,USGS:01392000,snap-20260825-adopt
SNR-08CI,USGS:03118258,snap-20260825-adopt
SNR-08CJ,USGS:05524500,snap-20260825-adopt
SNR-08CK,USGS:01302015,snap-20260825-adopt
SNR-08CL,USGS:01389550,snap-20260825-adopt
SNR-08CM,USGS:01379868,snap-20260825-adopt
SNR-08CN,USGS:06808500,snap-20260825-adopt
SNR-08CO,USGS:06770500,snap-20260825-adopt
SNR-08CP,USGS:04181635,snap-20260825-adopt
SNR-08CQ,USGS:06772100,snap-20260825-adopt
SNR-08CR,USGS:405232073281801,snap-20260825-adopt
SNR-08CS,USGS:03108985,snap-20260825-adopt
SNR-08CT,USGS:01391950,snap-20260825-adopt
SNR-08CU,USGS:405240073314901,snap-20260825-adopt
SNR-08CV,USGS:05554500,snap-20260825-adopt
SNR-08CW,USGS:03332345,snap-20260825-adopt
SNR-08CX,USGS:06751150,snap-20260825-adopt
SNR-08CY,USGS:06760300,snap-20260825-adopt
SNR-08CZ,IWQIS:WQS0068,snap-20260825-adopt
SNR-08D0,USGS:03129197,snap-20260825-adopt
SNR-08D1,USGS:03332300,snap-20260825-adopt
SNR-08D2,USGS:01381940,snap-20260825-adopt
SNR-08D3,USGS:03106500,snap-20260825-adopt
SNR-08D4,USGS:01389492,snap-20260825-adopt
SNR-08D5,USGS:01389500,snap-20260825-adopt
SNR-08D6,USGS:06806000,snap-20260825-adopt
SNR-08D7,USGS:01389890,snap-20260825-adopt
SNR-08D8,USGS:06803513,snap-20260825-adopt
SNR-08D9,USGS:01379845,snap-20260825-adopt
SNR-08DA,USGS:01389138,snap-20260825-adopt
SNR-08DB,USGS:04196825,snap-20260825-adopt
SNR-08DC,USGS:06769100,snap-20260825-adopt
SNR-08DD,USGS:05568917,snap-20260825-adopt
SNR-08DE,USGS:01303000,snap-20260825-adopt
SNR-08DF,USGS:03129300,snap-20260825-adopt
SNR-08DG,USGS:01456000,snap-20260825-adopt
SNR-08DH,USGS:405318073250101,snap-20260825-adopt
SNR-08DI,USGS:03105500,snap-20260825-adopt
SNR-08DJ,USGS:01546500,snap-20260825-adopt
SNR-08DK,USGS:01391500,snap-20260825-adopt
SNR-08DL,USGS:405212097110003,snap-20260825-adopt
SNR-08DM,USGS:405327084555402,snap-20260825-adopt
SNR-08DN,USGS:405327084555401,snap-20260825-adopt
SNR-08DO,USGS:405329073212601,snap-20260825-adopt
SNR-08DP,USGS:05523500,snap-20260825-adopt
SNR-08DQ,USGS:01445900,snap-20260825-adopt
SNR-08DR,USGS:06803510,snap-20260825-adopt
SNR-08DS,USGS:03036151,snap-20260825-adopt
SNR-08DT,USGS:03116100,snap-20260825-adopt
SNR-08DU,USGS:03036150,snap-20260825-adopt
SNR-08DV,USGS:01389010,snap-20260825-adopt
SNR-08DW,USGS:06751145,snap-20260825-adopt
SNR-08DX,USGS:01380900,snap-20260825-adopt
SNR-08DY,USGS:01389005,snap-20260825-adopt
SNR-08DZ,USGS:01381000,snap-20260825-adopt
SNR-08E0,USGS:01541000,snap-20260825-adopt
SNR-08E1,USGS:01382000,snap-20260825-adopt
SNR-08E2,USGS:01449360,snap-20260825-adopt
SNR-08E3,USGS:01389000,snap-20260825-adopt
SNR-08E4,USGS:06753400,snap-20260825-adopt
SNR-08E5,USGS:03108608,snap-20260825-adopt
SNR-08E6,USGS:03324000,snap-20260825-adopt
SNR-08E7,USGS:01444500,snap-20260825-adopt
SNR-08E8,USGS:01389900,snap-20260825-adopt
SNR-08E9,USGS:01446600,snap-20260825-adopt
SNR-08EA,USGS:01389710,snap-20260825-adopt
SNR-08EB,USGS:01381950,snap-20260825-adopt
SNR-08EC,USGS:06768500,snap-20260825-adopt
SNR-08ED,USGS:03035000,snap-20260825-adopt
SNR-08EE,USGS:01380100,snap-20260825-adopt
SNR-08EF,USGS:01380500,snap-20260825-adopt
SNR-08EG,USGS:06880500,snap-20260825-adopt
SNR-08EH,USGS:01303152,snap-20260825-adopt
SNR-08EI,USGS:01389715,snap-20260825-adopt
SNR-08EJ,USGS:04181755,snap-20260825-adopt
SNR-08EK,USGS:01302845,snap-20260825-adopt
SNR-08EL,USGS:405425073520901,snap-20260825-adopt
SNR-08EM,USGS:405426073521101,snap-20260825-adopt
SNR-08EN,USGS:01380450,snap-20260825-adopt
SNR-08EO,USGS:01378590,snap-20260825-adopt
SNR-08EP,USGS:405420097114003,snap-20260825-adopt
SNR-08EQ,USGS:06808200,snap-20260825-adopt
SNR-08ER,USGS:03328430,snap-20260825-adopt
SNR-08ES,USGS:01540010,snap-20260825-adopt
SNR-08ET,USGS:01378560,snap-20260825-adopt
SNR-08EU,USGS:01301500,snap-20260825-adopt
SNR-08EV,USGS:01391485,snap-20260825-adopt
SNR-08EW,USGS:01304500,snap-20260825-adopt
SNR-08EX,USGS:06803540,snap-20260825-adopt
SNR-08EY,USGS:01388910,snap-20260825-adopt
SNR-08EZ,USGS:01389800,snap-20260825-adopt
SNR-08F0,USGS:01389802,snap-20260825-adopt
SNR-08F1,USGS:03324050,snap-20260825-adopt
SNR-08F2,USGS:06880000,snap-20260825-adopt
SNR-08F3,USGS:01455500,snap-20260825-adopt
SNR-08F4,USGS:01455400,snap-20260825-adopt
SNR-08F5,USGS:01379790,snap-20260825-adopt
SNR-08F6,USGS:01304562,snap-20260825-adopt
SNR-08F7,USGS:04190350,snap-20260825-adopt
SNR-08F8,USGS:01540250,snap-20260825-adopt
SNR-08F9,USGS:06753800,snap-20260825-adopt
SNR-08FA,USGS:05468308,snap-20260825-adopt
SNR-08FB,USGS:05468293,snap-20260825-adopt
SNR-08FC,USGS:01547000,snap-20260825-adopt
SNR-08FD,USGS:04196800,snap-20260825-adopt
SNR-08FE,USGS:01449500,snap-20260825-adopt
SNR-08FF,USGS:06903500,snap-20260825-adopt
SNR-08FG,USGS:01443000,snap-20260825-adopt
SNR-08FH,USGS:04188337,snap-20260825-adopt
SNR-08FI,USGS:01388700,snap-20260825-adopt
SNR-08FJ,USGS:05473400,snap-20260825-adopt
SNR-08FK,USGS:01389780,snap-20260825-adopt
SNR-08FL,USGS:05468253,snap-20260825-adopt
SNR-08FM,USGS:03036000,snap-20260825-adopt
SNR-08FN,USGS:03116000,snap-20260825-adopt
SNR-08FO,USGS:05468265,snap-20260825-adopt
SNR-08FP,USGS:06880508,snap-20260825-adopt
SNR-08FQ,USGS:05468367,snap-20260825-adopt
SNR-08FR,USGS:03087000,snap-20260825-adopt
SNR-08FS,USGS:06816500,snap-20260825-adopt
SNR-08FT,USGS:01379700,snap-20260825-adopt
SNR-08FU,USGS:04189100,snap-20260825-adopt
SNR-08FV,USGS:01547100,snap-20260825-adopt
SNR-08FW,USGS:05468280,snap-20260825-adopt
SNR-08FX,USGS:03086500,snap-20260825-adopt
SNR-08FY,USGS:05522500,snap-20260825-adopt
SNR-08FZ,USGS:01379699,snap-20260825-adopt
SNR-08G0,USGS:01302000,snap-20260825-adopt
SNR-08G1,USGS:405610074382301,snap-20260825-adopt
SNR-08G2,USGS:01376307,snap-20260825-adopt
SNR-08G3,USGS:06620000,snap-20260825-adopt
SNR-08G4,USGS:01376500,snap-20260825-adopt
SNR-08G5,USGS:03034000,snap-20260825-adopt
SNR-08G6,USGS:05559700,snap-20260825-adopt
SNR-08G7,USGS:05524300,snap-20260825-adopt
SNR-08G8,USGS:01391200,snap-20260825-adopt
SNR-08G9,USGS:01378350,snap-20260825-adopt
SNR-08GA,USGS:01546000,snap-20260825-adopt
SNR-08GB,USGS:05468240,snap-20260825-adopt
SNR-08GC,USGS:01547200,snap-20260825-adopt
SNR-08GD,USGS:06808000,snap-20260825-adopt
SNR-08GE,USGS:01389770,snap-20260825-adopt
SNR-08GF,USGS:03331420,snap-20260825-adopt
SNR-08GG,USGS:01391110,snap-20260825-adopt
SNR-08GH,USGS:03116200,snap-20260825-adopt
SNR-08GI,USGS:01378500,snap-20260825-adopt
SNR-08GJ,USGS:01378501,snap-20260825-adopt
SNR-08GK,USGS:01389030,snap-20260825-adopt
SNR-08GL,USGS:04186500,snap-20260825-adopt
SNR-08GM,USGS:01379780,snap-20260825-adopt
SNR-08GN,USGS:06903400,snap-20260825-adopt
SNR-08GO,USGS:01389765,snap-20260825-adopt
SNR-08GP,USGS:0130469525,snap-20260825-adopt
SNR-08GQ,USGS:01379680,snap-20260825-adopt
SNR-08GR,USGS:01540008,snap-20260825-adopt
SNR-08GS,USGS:05559500,snap-20260825-adopt
SNR-08GT,USGS:03087500,snap-20260825-adopt
SNR-08GU,USGS:01301000,snap-20260825-adopt
SNR-08GV,USGS:03033001,snap-20260825-adopt
SNR-08GW,USGS:01391100,snap-20260825-adopt
SNR-08GX,USGS:01391102,snap-20260825-adopt
SNR-08GY,USGS:01378550,snap-20260825-adopt
SNR-08GZ,USGS:01389760,snap-20260825-adopt
SNR-08H0,USGS:05568830,snap-20260825-adopt
SNR-08H1,USGS:03116196,snap-20260825-adopt
SNR-08H2,USGS:01540500,snap-20260825-adopt
SNR-08H3,USGS:03033000,snap-20260825-adopt
SNR-08H4,USGS:01300500,snap-20260825-adopt
SNR-08H5,USGS:06773150,snap-20260825-adopt
SNR-08H6,USGS:05487600,snap-20260825-adopt
SNR-08H7,USGS:01379773,snap-20260825-adopt
SNR-08H8,USGS:04197020,snap-20260825-adopt
SNR-08H9,USGS:03331400,snap-20260825-adopt
SNR-08HA,USGS:01541200,snap-20260825-adopt
SNR-08HB,USGS:01553515,snap-20260825-adopt
SNR-08HC,USGS:01389845,snap-20260825-adopt
SNR-08HD,USGS:01304057,snap-20260825-adopt
SNR-08HE,USGS:01380000,snap-20260825-adopt
SNR-08HF,USGS:03106300,snap-20260825-adopt
SNR-08HG,USGS:03033225,snap-20260825-adopt
SNR-08HH,USGS:03033289,snap-20260825-adopt
SNR-08HI,USGS:06803555,snap-20260825-adopt
SNR-08HJ,USGS:06803450,snap-20260825-adopt
SNR-08HK,USGS:03116077,snap-20260825-adopt
SNR-08HL,USGS:06756200,snap-20260825-adopt
SNR-08HM,USGS:03332340,snap-20260825-adopt
SNR-08HN,USGS:01553500,snap-20260825-adopt
SNR-08HO,USGS:01440900,snap-20260825-adopt
SNR-08HP,USGS:05468200,snap-20260825-adopt
SNR-08HQ,USGS:01300800,snap-20260825-adopt
SNR-08HR,USGS:03328400,snap-20260825-adopt
SNR-08HS,USGS:01541490,snap-20260825-adopt
SNR-08HT,USGS:01388500,snap-20260825-adopt
SNR-08HU,USGS:06760430,snap-20260825-adopt
SNR-08HV,USGS:05522000,snap-20260825-adopt
SNR-08HW,USGS:05469350,snap-20260825-adopt
SNR-08HX,USGS:01442760,snap-20260825-adopt
SNR-08HY,USGS:01541500,snap-20260825-adopt
SNR-08HZ,USGS:03332000,snap-20260825-adopt
SNR-08I0,USGS:01389745,snap-20260825-adopt
SNR-08I1,USGS:04189174,snap-20260825-adopt
SNR-08I2,USGS:01391040,snap-20260825-adopt
SNR-08I3,USGS:06879985,snap-20260825-adopt
SNR-08I4,USGS:01553850,snap-20260825-adopt
SNR-08I5,USGS:01378385,snap-20260825-adopt
SNR-08I6,USGS:06764000,snap-20260825-adopt
SNR-08I7,USGS:01445160,snap-20260825-adopt
SNR-08I8,USGS:05525700,snap-20260825-adopt
SNR-08I9,USGS:01547400,snap-20260825-adopt
SNR-08IA,USGS:01541248,snap-20260825-adopt
SNR-08IB,USGS:01389742,snap-20260825-adopt
SNR-08IC,USGS:01442750,snap-20260825-adopt
SNR-08ID,USGS:01389740,snap-20260825-adopt
SNR-08IE,USGS:01378387,snap-20260825-adopt
SNR-08IF,USGS:06818598,snap-20260825-adopt
SNR-08IG,USGS:03116192,snap-20260825-adopt
SNR-08IH,USGS:04188496,snap-20260825-adopt
SNR-08II,USGS:03088000,snap-20260825-adopt
SNR-08IJ,USGS:01441000,snap-20260825-adopt
SNR-08IK,USGS:06763980,snap-20260825-adopt
SNR-08IL,USGS:06763990,snap-20260825-adopt
SNR-08IM,USGS:06811840,snap-20260825-adopt
SNR-08IN,USGS:01548030,snap-20260825-adopt
SNR-08IO,USGS:01443900,snap-20260825-adopt
SNR-08IP,USGS:01443500,snap-20260825-adopt
SNR-08IQ,USGS:01445000,snap-20260825-adopt
SNR-08IR,USGS:01389738,snap-20260825-adopt
SNR-08IS,USGS:04188000,snap-20260825-adopt
SNR-08IT,USGS:01455355,snap-20260825-adopt
SNR-08IU,USGS:01443502,snap-20260825-adopt
SNR-08IV,USGS:04188433,snap-20260825-adopt
SNR-08IW,USGS:01300000,snap-20260825-adopt
SNR-08IX,USGS:06768300,snap-20260825-adopt
SNR-08IY,USGS:06773050,snap-20260825-adopt
SNR-08IZ,USGS:03332400,snap-20260825-adopt
SNR-08J0,USGS:01389830,snap-20260825-adopt
SNR-08J1,USGS:01390500,snap-20260825-adopt
SNR-08J2,USGS:01388100,snap-20260825-adopt
SNR-08J3,USGS:03328100,snap-20260825-adopt
SNR-08J4,USGS:01441500,snap-20260825-adopt
SNR-08J5,USGS:01389828,snap-20260825-adopt
SNR-08J6,USGS:01377490,snap-20260825-adopt
SNR-08J7,USGS:04182000,snap-20260825-adopt
SNR-08J8,USGS:01376304,snap-20260825-adopt
SNR-08J9,USGS:06768200,snap-20260825-adopt
SNR-08JA,USGS:05554580,snap-20260825-adopt
SNR-08JB,USGS:06765990,snap-20260825-adopt
SNR-08JC,USGS:06768400,snap-20260825-adopt
SNR-08JD,USGS:04188100,snap-20260825-adopt
SNR-08JE,USGS:01441495,snap-20260825-adopt
SNR-08JF,USGS:03031950,snap-20260825-adopt
SNR-08JG,USGS:01388000,snap-20260825-adopt
SNR-08JH,USGS:01387998,snap-20260825-adopt
SNR-08JI,USGS:01377500,snap-20260825-adopt
SNR-08JJ,USGS:04188500,snap-20260825-adopt
SNR-08JK,USGS:03088500,snap-20260825-adopt
SNR-08JL,USGS:06659580,snap-20260825-adopt
SNR-08JM,USGS:01538700,snap-20260825-adopt
SNR-08JN,USGS:03032500,snap-20260825-adopt
SNR-08JO,USGS:03328000,snap-20260825-adopt
SNR-08JP,USGS:01377475,snap-20260825-adopt
SNR-08JQ,USGS:03138791,snap-20260825-adopt
SNR-08JR,USGS:01389823,snap-20260825-adopt
SNR-08JS,USGS:01391000,snap-20260825-adopt
SNR-08JT,USGS:01389817,snap-20260825-adopt
SNR-08JU,USGS:01389820,snap-20260825-adopt
SNR-08JV,USGS:01382800,snap-20260825-adopt
SNR-08JW,USGS:01442500,snap-20260825-adopt
SNR-08JX,USGS:01377000,snap-20260825-adopt
SNR-08JY,USGS:06805020,snap-20260825-adopt
SNR-08JZ,USGS:03328020,snap-20260825-adopt
SNR-08K0,USGS:03104500,snap-20260825-adopt
SNR-08K1,USGS:03089500,snap-20260825-adopt
SNR-08K2,USGS:06805600,snap-20260825-adopt
SNR-08K3,USGS:05469000,snap-20260825-adopt
SNR-08K4,USGS:01377460,snap-20260825-adopt
SNR-08K5,USGS:06658500,snap-20260825-adopt
SNR-08K6,USGS:01540000,snap-20260825-adopt
SNR-08K7,USGS:01390960,snap-20260825-adopt
SNR-08K8,USGS:410014081362600,snap-20260825-adopt
SNR-08K9,USGS:06773000,snap-20260825-adopt
SNR-08KA,USGS:01541303,snap-20260825-adopt
SNR-08KB,USGS:06768100,snap-20260825-adopt
SNR-08KC,USGS:01390475,snap-20260825-adopt
SNR-08KD,USGS:01538510,snap-20260825-adopt
SNR-08KE,USGS:01390950,snap-20260825-adopt
SNR-08KF,USGS:05473450,snap-20260825-adopt
SNR-08KG,USGS:01387940,snap-20260825-adopt
SNR-08KH,USGS:04182590,snap-20260825-adopt
SNR-08KI,IWQIS:WQS0121,snap-20260825-adopt
SNR-08KJ,USGS:01548020,snap-20260825-adopt
SNR-08KK,USGS:410031072325401,snap-20260825-adopt
SNR-08KL,USGS:06809500,snap-20260825-adopt
SNR-08KM,USGS:05526000,snap-20260825-adopt
SNR-08KN,USGS:03033222,snap-20260825-adopt
SNR-08KO,USGS:05473300,snap-20260825-adopt
SNR-08KP,IWQIS:WQS0034,snap-20260825-adopt
SNR-08KQ,USGS:05489500,snap-20260825-adopt
SNR-08KR,USGS:06782500,snap-20260825-adopt
SNR-08KS,USGS:01377451,snap-20260825-adopt
SNR-08KT,USGS:06768050,snap-20260825-adopt
SNR-08KU,USGS:05520980,snap-20260825-adopt
SNR-08KV,USGS:06659600,snap-20260825-adopt
SNR-08KW,USGS:01440200,snap-20260825-adopt
SNR-08KX,USGS:01390940,snap-20260825-adopt
SNR-08KY,USGS:05554600,snap-20260825-adopt
SNR-08KZ,USGS:05468500,snap-20260825-adopt
SNR-08L0,USGS:410051081594500,snap-20260825-adopt
SNR-08L1,USGS:05489490,snap-20260825-adopt
SNR-08L2,USGS:06805500,snap-20260825-adopt
SNR-08L3,USGS:04189131,snap-20260825-adopt
SNR-08L4,USGS:01376275,snap-20260825-adopt
SNR-08L5,USGS:06803530,snap-20260825-adopt
SNR-08L6,USGS:05473500,snap-20260825-adopt
SNR-08L7,USGS:05489350,snap-20260825-adopt
SNR-08L8,USGS:04189260,snap-20260825-adopt
SNR-08L9,USGS:05488620,snap-20260825-adopt
SNR-08LA,USGS:01379630,snap-20260825-adopt
SNR-08LB,IWQIS:WQS0115,snap-20260825-adopt
SNR-08LC,USGS:03104490,snap-20260825-adopt
SNR-08LD,USGS:01382500,snap-20260825-adopt
SNR-08LE,USGS:01553240,snap-20260825-adopt
SNR-08LF,USGS:05568800,snap-20260825-adopt
SNR-08LG,USGS:06765980,snap-20260825-adopt
SNR-08LH,USGS:06766000,snap-20260825-adopt
SNR-08LI,USGS:03115917,snap-20260825-adopt
SNR-08LJ,USGS:01538500,snap-20260825-adopt
SNR-08LK,USGS:03323587,snap-20260825-adopt
SNR-08LL,USGS:04197100,snap-20260825-adopt
SNR-08LM,USGS:410121081330300,snap-20260825-adopt
SNR-08LN,USGS:05487800,snap-20260825-adopt
SNR-08LO,USGS:06623800,snap-20260825-adopt
SNR-08LP,USGS:01547800,snap-20260825-adopt
SNR-08LQ,USGS:01376270,snap-20260825-adopt
SNR-08LR,USGS:01382385,snap-20260825-adopt
SNR-08LS,USGS:01387908,snap-20260825-adopt
SNR-08LT,USGS:03089000,snap-20260825-adopt
SNR-08LU,USGS:01382381,snap-20260825-adopt
SNR-08LV,USGS:01387880,snap-20260825-adopt
SNR-08LW,USGS:06897858,snap-20260825-adopt
SNR-08LX,USGS:05559000,snap-20260825-adopt
SNR-08LY,USGS:01387890,snap-20260825-adopt
SNR-08LZ,USGS:01390690,snap-20260825-adopt
SNR-08M0,USGS:01390810,snap-20260825-adopt
SNR-08M1,USGS:05521500,snap-20260825-adopt
SNR-08M2,USGS:01212500,snap-20260825-adopt
SNR-08M3,USGS:01387905,snap-20260825-adopt
SNR-08M4,USGS:01377440,snap-20260825-adopt
SNR-08M5,USGS:01390900,snap-20260825-adopt
SNR-08M6,USGS:01376280,snap-20260825-adopt
SNR-08M7,USGS:03323583,snap-20260825-adopt
SNR-08M8,USGS:03323584,snap-20260825-adopt
SNR-08M9,USGS:06623900,snap-20260825-adopt
SNR-08MA,USGS:06807470,snap-20260825-adopt
SNR-08MB,USGS:01390800,snap-20260825-adopt
SNR-08MC,USGS:01539200,snap-20260825-adopt
SNR-08MD,USGS:01539210,snap-20260825-adopt
SNR-08ME,USGS:03331370,snap-20260825-adopt
SNR-08MF,USGS:410156098442601,snap-20260825-adopt
SNR-08MG,USGS:06784000,snap-20260825-adopt
SNR-08MH,USGS:05487300,snap-20260825-adopt
SNR-08MI,USGS:06763500,snap-20260825-adopt
SNR-08MJ,USGS:05521000,snap-20260825-adopt
SNR-08MK,USGS:04188400,snap-20260825-adopt
SNR-08ML,USGS:410204081363200,snap-20260825-adopt
SNR-08MM,USGS:04188399,snap-20260825-adopt
SNR-08MN,USGS:01448500,snap-20260825-adopt
SNR-08MO,USGS:410211081370900,snap-20260825-adopt
SNR-08MP,USGS:01377370,snap-20260825-adopt
SNR-08MQ,USGS:03099500,snap-20260825-adopt
SNR-08MR,USGS:01367633,snap-20260825-adopt
SNR-08MS,USGS:06783500,snap-20260825-adopt
SNR-08MT,USGS:01382210,snap-20260825-adopt
SNR-08MU,USGS:01377360,snap-20260825-adopt
SNR-08MV,USGS:01367625,snap-20260825-adopt
SNR-08MW,USGS:01539700,snap-20260825-adopt
SNR-08MX,USGS:01448000,snap-20260825-adopt
SNR-08MY,USGS:04190000,snap-20260825-adopt
SNR-08MZ,USGS:05568850,snap-20260825-adopt
SNR-08N0,USGS:01541880,snap-20260825-adopt
SNR-08N1,USGS:01211110,snap-20260825-adopt
SNR-08N2,USGS:05467500,snap-20260825-adopt
SNR-08N3,USGS:03331360,snap-20260825-adopt
SNR-08N4,USGS:01376269,snap-20260825-adopt
SNR-08N5,USGS:06811820,snap-20260825-adopt
SNR-08N6,USGS:01387000,snap-20260825-adopt
SNR-08N7,USGS:04197000,snap-20260825-adopt
SNR-08N8,USGS:01304650,snap-20260825-adopt
SNR-08N9,USGS:04189500,snap-20260825-adopt
SNR-08NA,USGS:01440090,snap-20260825-adopt
SNR-08NB,USGS:06782000,snap-20260825-adopt
SNR-08NC,USGS:03098406,snap-20260825-adopt
SNR-08ND,USGS:06879850,snap-20260825-adopt
SNR-08NE,USGS:05487350,snap-20260825-adopt
SNR-08NF,USGS:03090500,snap-20260825-adopt
SNR-08NG,USGS:01547770,snap-20260825-adopt
SNR-08NH,USGS:410254072275201,snap-20260825-adopt
SNR-08NI,USGS:03115990,snap-20260825-adopt
SNR-08NJ,USGS:03331753,snap-20260825-adopt
SNR-08NK,USGS:03033215,snap-20260825-adopt
SNR-08NL,USGS:06622000,snap-20260825-adopt
SNR-08NM,USGS:03331380,snap-20260825-adopt
SNR-08NN,USGS:03323580,snap-20260825-adopt
SNR-08NO,USGS:04189950,snap-20260825-adopt
SNR-08NP,USGS:06805000,snap-20260825-adopt
SNR-08NQ,USGS:01547500,snap-20260825-adopt
SNR-08NR,USGS:01443460,snap-20260825-adopt
SNR-08NS,USGS:01382270,snap-20260825-adopt
SNR-08NT,USGS:06804700,snap-20260825-adopt
SNR-08NU,USGS:01376900,snap-20260825-adopt
SNR-08NV,USGS:01553120,snap-20260825-adopt
SNR-08NW,USGS:01376420,snap-20260825-adopt
SNR-08NX,USGS:04189000,snap-20260825-adopt
SNR-08NY,USGS:04205000,snap-20260825-adopt
SNR-08NZ,USGS:01211000,snap-20260825-adopt
SNR-08O0,USGS:06805570,snap-20260825-adopt
SNR-08O1,USGS:01386500,snap-20260825-adopt
SNR-08O2,USGS:01390450,snap-20260825-adopt
SNR-08O3,USGS:01553130,snap-20260825-adopt
SNR-08O4,USGS:01376855,snap-20260825-adopt
SNR-08O5,USGS:01443472,snap-20260825-adopt
SNR-08O6,USGS:410333095530101,snap-20260825-adopt
SNR-08O7,USGS:01538000,snap-20260825-adopt
SNR-08O8,USGS:01547700,snap-20260825-adopt
SNR-08O9,USGS:04205500,snap-20260825-adopt
SNR-08OA,USGS:01382310,snap-20260825-adopt
SNR-08OB,USGS:01377300,snap-20260825-adopt
SNR-08OC,USGS:05487825,snap-20260825-adopt
SNR-08OD,USGS:04182755,snap-20260825-adopt
SNR-08OE,USGS:04204500,snap-20260825-adopt
SNR-08OF,USGS:01211600,snap-20260825-adopt
SNR-08OG,USGS:01212100,snap-20260825-adopt
SNR-08OH,USGS:06770910,snap-20260825-adopt
SNR-08OI,USGS:01376850,snap-20260825-adopt
SNR-08OJ,USGS:01553700,snap-20260825-adopt
SNR-08OK,USGS:06801000,snap-20260825-adopt
SNR-08OL,USGS:04191207,snap-20260825-adopt
SNR-08OM,USGS:04204000,snap-20260825-adopt
SNR-08ON,USGS:06805515,snap-20260825-adopt
SNR-08OO,USGS:06765700,snap-20260825-adopt
SNR-08OP,USGS:01447680,snap-20260825-adopt
SNR-08OQ,USGS:06780500,snap-20260825-adopt
SNR-08OR,USGS:01548000,snap-20260825-adopt
SNR-08OS,USGS:01209900,snap-20260825-adopt
SNR-08OT,USGS:01209901,snap-20260825-adopt
SNR-08OU,USGS:06781000,snap-20260825-adopt
SNR-08OV,USGS:01553140,snap-20260825-adopt
SNR-08OW,USGS:03098500,snap-20260825-adopt
SNR-08OX,USGS:01386000,snap-20260825-adopt
SNR-08OY,USGS:01553170,snap-20260825-adopt
SNR-08OZ,USGS:06803430,snap-20260825-adopt
SNR-08P0,USGS:01377260,snap-20260825-adopt
SNR-08P1,USGS:01387485,snap-20260825-adopt
SNR-08P2,USGS:410433081312500,snap-20260825-adopt
SNR-08P3,USGS:01443280,snap-20260825-adopt
SNR-08P4,USGS:03331700,snap-20260825-adopt
SNR-08P5,USGS:01382170,snap-20260825-adopt
SNR-08P6,USGS:01539000,snap-20260825-adopt
SNR-08P7,USGS:01390300,snap-20260825-adopt
SNR-08P8,USGS:04182769,snap-20260825-adopt
SNR-08P9,USGS:01539500,snap-20260825-adopt
SNR-08PA,USGS:04182950,snap-20260825-adopt
SNR-08PB,USGS:06811800,snap-20260825-adopt
SNR-08PC,USGS:01376410,snap-20260825-adopt
SNR-08PD,USGS:01387605,snap-20260825-adopt
SNR-08PE,USGS:03328350,snap-20260825-adopt
SNR-08PF,USGS:01548005,snap-20260825-adopt
SNR-08PG,USGS:06621000,snap-20260825-adopt
SNR-08PH,USGS:01553115,snap-20260825-adopt
SNR-08PI,USGS:01390200,snap-20260825-adopt
SNR-08PJ,USGS:04182830,snap-20260825-adopt
SNR-08PK,USGS:06610798,snap-20260825-adopt
SNR-08PL,USGS:04182900,snap-20260825-adopt
SNR-08PM,USGS:03331280,snap-20260825-adopt
SNR-08PN,USGS:01553600,snap-20260825-adopt
SNR-08PO,USGS:06756100,snap-20260825-adopt
SNR-08PP,USGS:410502073236000,snap-20260825-adopt
SNR-08PQ,USGS:01447720,snap-20260825-adopt
SNR-08PR,USGS:01440400,snap-20260825-adopt
SNR-08PS,USGS:04182867,snap-20260825-adopt
SNR-08PT,USGS:04183000,snap-20260825-adopt
SNR-08PU,USGS:03332349,snap-20260825-adopt
SNR-08PV,USGS:01209775,snap-20260825-adopt
SNR-08PW,USGS:01443250,snap-20260825-adopt
SNR-08PX,USGS:03331260,snap-20260825-adopt
SNR-08PY,USGS:06753000,snap-20260825-adopt
SNR-08PZ,USGS:06805530,snap-20260825-adopt
SNR-08Q0,USGS:05473065,snap-20260825-adopt
SNR-08Q1,USGS:01439500,snap-20260825-adopt
SNR-08Q2,USGS:03331240,snap-20260825-adopt
SNR-08Q3,USGS:05468000,snap-20260825-adopt
SNR-08Q4,USGS:01385500,snap-20260825-adopt
SNR-08Q5,USGS:06772775,snap-20260825-adopt
SNR-08Q6,USGS:04191378,snap-20260825-adopt
SNR-08Q7,USGS:04191058,snap-20260825-adopt
SNR-08Q8,USGS:05555000,snap-20260825-adopt
SNR-08Q9,USGS:410536096194801,snap-20260825-adopt
SNR-08QA,USGS:01440485,snap-20260825-adopt
SNR-08QB,USGS:01209785,snap-20260825-adopt
SNR-08QC,USGS:04205700,snap-20260825-adopt
SNR-08QD,USGS:01376800,snap-20260825-adopt
SNR-08QE,USGS:410546096194301,snap-20260825-adopt
SNR-08QF,USGS:01376842,snap-20260825-adopt
SNR-08QG,USGS:01439680,snap-20260825-adopt
SNR-08QH,USGS:01387500,snap-20260825-adopt
SNR-08QI,USGS:06765710,snap-20260825-adopt
SNR-08QJ,USGS:01211700,snap-20260825-adopt
SNR-08QK,USGS:01447550,snap-20260825-adopt
SNR-08QL,USGS:01211699,snap-20260825-adopt
SNR-08QM,USGS:01209770,snap-20260825-adopt
SNR-08QN,USGS:03031500,snap-20260825-adopt
SNR-08QO,USGS:03098513,snap-20260825-adopt
SNR-08QP,USGS:410606073245700,snap-20260825-adopt
SNR-08QQ,USGS:06811760,snap-20260825-adopt
SNR-08QR,USGS:04197152,snap-20260825-adopt
SNR-08QS,USGS:01548079,snap-20260825-adopt
SNR-08QT,USGS:06879900,snap-20260825-adopt
SNR-08QU,USGS:06805850,snap-20260825-adopt
SNR-08QV,USGS:03115973,snap-20260825-adopt
SNR-08QW,USGS:05465700,snap-20260825-adopt
SNR-08QX,USGS:06805510,snap-20260825-adopt
SNR-08QY,USGS:410613073215801,snap-20260825-adopt
SNR-08QZ,USGS:410616095541601,snap-20260825-adopt
SNR-08R0,USGS:01377200,snap-20260825-adopt
SNR-08R1,USGS:03331300,snap-20260825-adopt
SNR-08R2,USGS:01447800,snap-20260825-adopt
SNR-08R3,USGS:04182808,snap-20260825-adopt
SNR-08R4,USGS:04182810,snap-20260825-adopt
SNR-08R5,USGS:03098600,snap-20260825-adopt
SNR-08R6,USGS:01367690,snap-20260825-adopt
SNR-08R7,USGS:01440000,snap-20260825-adopt
SNR-08R8,USGS:03331320,snap-20260825-adopt
SNR-08R9,USGS:06756010,snap-20260825-adopt
SNR-08RA,USGS:01443300,snap-20260825-adopt
SNR-08RB,USGS:03331340,snap-20260825-adopt
SNR-08RC,USGS:05558300,snap-20260825-adopt
SNR-08RD,USGS:01553025,snap-20260825-adopt
SNR-08RE,USGS:04180610,snap-20260825-adopt
SNR-08RF,USGS:01385000,snap-20260825-adopt
SNR-08RG,USGS:06780000,snap-20260825-adopt
SNR-08RH,USGS:06659000,snap-20260825-adopt
SNR-08RI,USGS:03098000,snap-20260825-adopt
SNR-08RJ,USGS:01377196,snap-20260825-adopt
SNR-08RK,USGS:410642095532401,snap-20260825-adopt
SNR-08RL,USGS:03098700,snap-20260825-adopt
SNR-08RM,USGS:01547950,snap-20260825-adopt
SNR-08RN,USGS:410643073243700,snap-20260825-adopt
SNR-08RO,USGS:01377180,snap-20260825-adopt
SNR-08RP,USGS:03106140,snap-20260825-adopt
SNR-08RQ,USGS:04197170,snap-20260825-adopt
SNR-08RR,USGS:04197137,snap-20260825-adopt
SNR-08RS,USGS:01387480,snap-20260825-adopt
SNR-08RT,USGS:06765000,snap-20260825-adopt
SNR-08RU,USGS:03327790,snap-20260825-adopt
SNR-08RV,USGS:01443305,snap-20260825-adopt
SNR-08RW,USGS:04204066,snap-20260825-adopt
SNR-08RX,USGS:01542500,snap-20260825-adopt
SNR-08RY,USGS:410704095524301,snap-20260825-adopt
SNR-08RZ,USGS:06610795,snap-20260825-adopt
SNR-08S0,USGS:06765500,snap-20260825-adopt
SNR-08S1,USGS:01553050,snap-20260825-adopt
SNR-08S2,USGS:06610685,snap-20260825-adopt
SNR-08S3,USGS:01387420,snap-20260825-adopt
SNR-08S4,USGS:06756000,snap-20260825-adopt
SNR-08S5,USGS:06784500,snap-20260825-adopt
SNR-08S6,USGS:410720104483801,snap-20260825-adopt
SNR-08S7,USGS:01384000,snap-20260825-adopt
SNR-08S8,USGS:410722104474001,snap-20260825-adopt
SNR-08S9,USGS:410722095542601,snap-20260825-adopt
SNR-08SA,USGS:04203983,snap-20260825-adopt
SNR-08SB,USGS:410724073221001,snap-20260825-adopt
SNR-08SC,USGS:410726104472001,snap-20260825-adopt
SNR-08SD,USGS:03327930,snap-20260825-adopt
SNR-08SE,USGS:03115971,snap-20260825-adopt
SNR-08SF,USGS:410729073171701,snap-20260825-adopt
SNR-08SG,USGS:410730104492201,snap-20260825-adopt
SNR-08SH,USGS:03031624,snap-20260825-adopt
SNR-08SI,USGS:01376690,snap-20260825-adopt
SNR-08SJ,USGS:01439400,snap-20260825-adopt
SNR-08SK,USGS:06764880,snap-20260825-adopt
SNR-08SL,USGS:01209753,snap-20260825-adopt
SNR-08SM,USGS:06755000,snap-20260825-adopt
SNR-08SN,USGS:03115970,snap-20260825-adopt
SNR-08SO,USGS:01384500,snap-20260825-adopt
SNR-08SP,USGS:01538960,snap-20260825-adopt
SNR-08SQ,USGS:05467000,snap-20260825-adopt
SNR-08SR,USGS:03030852,snap-20260825-adopt
SNR-08SS,USGS:03331438,snap-20260825-adopt
SNR-08ST,USGS:01447500,snap-20260825-adopt
SNR-08SU,USGS:03115969,snap-20260825-adopt
SNR-08SV,USGS:04199287,snap-20260825-adopt
SNR-08SW,USGS:06755960,snap-20260825-adopt
SNR-08SX,USGS:06805849,snap-20260825-adopt
SNR-08SY,USGS:03091500,snap-20260825-adopt
SNR-08SZ,USGS:410754083095600,snap-20260825-adopt
SNR-08T0,USGS:410757073165601,snap-20260825-adopt
SNR-08T1,USGS:410800095542601,snap-20260825-adopt
SNR-08T2,USGS:06803420,snap-20260825-adopt
SNR-08T3,USGS:01367715,snap-20260825-adopt
SNR-08T4,USGS:06755950,snap-20260825-adopt
SNR-08T5,USGS:06756020,snap-20260825-adopt
SNR-08T6,USGS:01209710,snap-20260825-adopt
SNR-08T7,USGS:410808104461901,snap-20260825-adopt
SNR-08T8,USGS:05568770,snap-20260825-adopt
SNR-08T9,USGS:04206000,snap-20260825-adopt
SNR-08TA,USGS:01304200,snap-20260825-adopt
SNR-08TB,USGS:06610670,snap-20260825-adopt
SNR-08TC,USGS:03096500,snap-20260825-adopt
SNR-08TD,USGS:06659500,snap-20260825-adopt
SNR-08TE,USGS:01545800,snap-20260825-adopt
SNR-08TF,USGS:06659502,snap-20260825-adopt
SNR-08TG,USGS:03331390,snap-20260825-adopt
SNR-08TH,USGS:06659501,snap-20260825-adopt
SNR-08TI,USGS:04203900,snap-20260825-adopt
SNR-08TJ,USGS:03092000,snap-20260825-adopt
SNR-08TK,USGS:01387400,snap-20260825-adopt
SNR-08TL,USGS:01387450,snap-20260825-adopt
SNR-08TM,USGS:01387410,snap-20260825-adopt
SNR-08TN,USGS:06755840,snap-20260825-adopt
SNR-08TO,USGS:410845095584201,snap-20260825-adopt
SNR-08TP,USGS:06804900,snap-20260825-adopt
SNR-08TQ,USGS:01443400,snap-20260825-adopt
SNR-08TR,USGS:06770900,snap-20260825-adopt
SNR-08TS,USGS:06755860,snap-20260825-adopt
SNR-08TT,USGS:06804000,snap-20260825-adopt
SNR-08TU,USGS:410853095575601,snap-20260825-adopt
SNR-08TV,USGS:06755880,snap-20260825-adopt
SNR-08TW,USGS:03031000,snap-20260825-adopt
SNR-08TX,USGS:05558500,snap-20260825-adopt
SNR-08TY,USGS:01208950,snap-20260825-adopt
SNR-08TZ,USGS:04206043,snap-20260825-adopt
SNR-08U0,USGS:03092100,snap-20260825-adopt
SNR-08U1,USGS:410911104450301,snap-20260825-adopt
SNR-08U2,USGS:03331100,snap-20260825-adopt
SNR-08U3,USGS:01443380,snap-20260825-adopt
SNR-08U4,USGS:06693000,snap-20260825-adopt
SNR-08U5,USGS:01387350,snap-20260825-adopt
SNR-08U6,USGS:05521300,snap-20260825-adopt
SNR-08U7,USGS:06761700,snap-20260825-adopt
SNR-08U8,USGS:03092099,snap-20260825-adopt
SNR-08U9,USGS:01443395,snap-20260825-adopt
SNR-08UA,USGS:05489200,snap-20260825-adopt
SNR-08UB,USGS:04203000,snap-20260825-adopt
SNR-08UC,USGS:06610793,snap-20260825-adopt
SNR-08UD,USGS:03327550,snap-20260825-adopt
SNR-08UE,USGS:410926104453801,snap-20260825-adopt
SNR-08UF,USGS:06784800,snap-20260825-adopt
SNR-08UG,USGS:03092460,snap-20260825-adopt
SNR-08UH,USGS:03331500,snap-20260825-adopt
SNR-08UI,USGS:03097500,snap-20260825-adopt
SNR-08UJ,USGS:04206208,snap-20260825-adopt
SNR-08UK,USGS:03031882,snap-20260825-adopt
SNR-08UL,USGS:06755800,snap-20260825-adopt
SNR-08UM,USGS:05520500,snap-20260825-adopt
SNR-08UN,USGS:05541750,snap-20260825-adopt
SNR-08UO,USGS:01383500,snap-20260825-adopt
SNR-08UP,USGS:05473000,snap-20260825-adopt
SNR-08UQ,USGS:410939104464501,snap-20260825-adopt
SNR-08UR,USGS:03331120,snap-20260825-adopt
SNR-08US,USGS:01549755,snap-20260825-adopt
SNR-08UT,USGS:410941084520101,snap-20260825-adopt
SNR-08UU,USGS:03092090,snap-20260825-adopt
SNR-08UV,USGS:01383000,snap-20260825-adopt
SNR-08UW,USGS:01447530,snap-20260825-adopt
SNR-08UX,USGS:06756040,snap-20260825-adopt
SNR-08UY,USGS:06692500,snap-20260825-adopt
SNR-08UZ,USGS:06804500,snap-20260825-adopt
SNR-08V0,USGS:01387300,snap-20260825-adopt
SNR-08V1,USGS:01367800,snap-20260825-adopt
SNR-08V2,USGS:06770800,snap-20260825-adopt
SNR-08V3,USGS:04206220,snap-20260825-adopt
SNR-08V4,USGS:01440304,snap-20260825-adopt
SNR-08V5,USGS:01209700,snap-20260825-adopt
SNR-08V6,USGS:01440300,snap-20260825-adopt
SNR-08V7,USGS:410953104471501,snap-20260825-adopt
SNR-08V8,USGS:01208925,snap-20260825-adopt
SNR-08V9,USGS:06763200,snap-20260825-adopt
SNR-08VA,USGS:01367780,snap-20260825-adopt
SNR-08VB,USGS:411002104490701,snap-20260825-adopt
SNR-08VC,USGS:04180500,snap-20260825-adopt
SNR-08VD,USGS:03331060,snap-20260825-adopt
SNR-08VE,USGS:04206212,snap-20260825-adopt
SNR-08VF,USGS:01387250,snap-20260825-adopt
SNR-08VG,USGS:01376570,snap-20260825-adopt
SNR-08VH,USGS:04206215,snap-20260825-adopt
SNR-08VI,USGS:04183105,snap-20260825-adopt
SNR-08VJ,USGS:01367805,snap-20260825-adopt
SNR-08VK,USGS:01209500,snap-20260825-adopt
SNR-08VL,USGS:06770700,snap-20260825-adopt
SNR-08VM,USGS:03331480,snap-20260825-adopt
SNR-08VN,USGS:03331080,snap-20260825-adopt
SNR-08VO,USGS:01376600,snap-20260825-adopt
SNR-08VP,USGS:03092500,snap-20260825-adopt
SNR-08VQ,USGS:04206038,snap-20260825-adopt
SNR-08VR,USGS:03097550,snap-20260825-adopt
SNR-08VS,USGS:04183032,snap-20260825-adopt
SNR-08VT,USGS:06610786,snap-20260825-adopt
SNR-08VU,USGS:06756030,snap-20260825-adopt
SNR-08VV,USGS:04183030,snap-20260825-adopt
SNR-08VW,USGS:01209761,snap-20260825-adopt
SNR-08VX,USGS:411029104505301,snap-20260825-adopt
SNR-08VY,USGS:06754500,snap-20260825-adopt
SNR-08VZ,USGS:06620500,snap-20260825-adopt
SNR-08W0,USGS:05465500,snap-20260825-adopt
SNR-08W1,IWQIS:WQS0087,snap-20260825-adopt
SNR-08W2,USGS:04206211,snap-20260825-adopt
SNR-08W3,USGS:01208872,snap-20260825-adopt
SNR-08W4,USGS:01208873,snap-20260825-adopt
SNR-08W5,USGS:01374456,snap-20260825-adopt
SNR-08W6,USGS:03331180,snap-20260825-adopt
SNR-08W7,USGS:04202500,snap-20260825-adopt
SNR-08W8,USGS:06610788,snap-20260825-adopt
SNR-08W9,USGS:411052084525401,snap-20260825-adopt
SNR-08WA,USGS:04206250,snap-20260825-adopt
SNR-08WB,USGS:03026400,snap-20260825-adopt
SNR-08WC,USGS:04199365,snap-20260825-adopt
SNR-08WD,USGS:411057096012501,snap-20260825-adopt
SNR-08WE,USGS:05518000,snap-20260825-adopt
SNR-08WF,USGS:04183038,snap-20260825-adopt
SNR-08WG,USGS:01537524,snap-20260825-adopt
SNR-08WH,USGS:06620400,snap-20260825-adopt
SNR-08WI,USGS:03096000,snap-20260825-adopt
SNR-08WJ,USGS:03327800,snap-20260825-adopt
SNR-08WK,USGS:411105095532301,snap-20260825-adopt
SNR-08WL,USGS:04191444,snap-20260825-adopt
SNR-08WM,USGS:03104760,snap-20260825-adopt
SNR-08WN,USGS:04206029,snap-20260825-adopt
SNR-08WO,USGS:01368820,snap-20260825-adopt
SNR-08WP,USGS:05466500,snap-20260825-adopt
SNR-08WQ,USGS:01208837,snap-20260825-adopt
SNR-08WR,USGS:01209670,snap-20260825-adopt
SNR-08WS,USGS:05520000,snap-20260825-adopt
SNR-08WT,USGS:04206210,snap-20260825-adopt
SNR-08WU,USGS:03092600,snap-20260825-adopt
SNR-08WV,USGS:06610505,snap-20260825-adopt
SNR-08WW,USGS:04199750,snap-20260825-adopt
SNR-08WX,USGS:411126096003101,snap-20260825-adopt
SNR-08WY,USGS:05526150,snap-20260825-adopt
SNR-08WZ,USGS:01440272,snap-20260825-adopt
SNR-08X0,USGS:01374458,snap-20260825-adopt
SNR-08X1,USGS:06781900,snap-20260825-adopt
SNR-08X2,USGS:03030500,snap-20260825-adopt
SNR-08X3,USGS:01367770,snap-20260825-adopt
SNR-08X4,USGS:04179000,snap-20260825-adopt
SNR-08X5,USGS:03331440,snap-20260825-adopt
SNR-08X6,USGS:06796550,snap-20260825-adopt
SNR-08X7,USGS:04183500,snap-20260825-adopt
SNR-08X8,USGS:06770600,snap-20260825-adopt
SNR-08X9,USGS:06624000,snap-20260825-adopt
SNR-08XA,USGS:03331460,snap-20260825-adopt
SNR-08XB,USGS:05489190,snap-20260825-adopt
SNR-08XC,USGS:04206021,snap-20260825-adopt
SNR-08XD,USGS:06803960,snap-20260825-adopt
SNR-08XE,USGS:01537572,snap-20260825-adopt
SNR-08XF,USGS:01537560,snap-20260825-adopt
SNR-08XG,USGS:01549760,snap-20260825-adopt
SNR-08XH,USGS:01374460,snap-20260825-adopt
SNR-08XI,USGS:01537574,snap-20260825-adopt
SNR-08XJ,USGS:06785000,snap-20260825-adopt
SNR-08XK,USGS:03026250,snap-20260825-adopt
SNR-08XL,USGS:411214079465802,snap-20260825-adopt
SNR-08XM,USGS:01537535,snap-20260825-adopt
SNR-08XN,USGS:06800800,snap-20260825-adopt
SNR-08XO,USGS:01537544,snap-20260825-adopt
SNR-08XP,USGS:03331110,snap-20260825-adopt
SNR-08XQ,USGS:06610770,snap-20260825-adopt
SNR-08XR,USGS:06803900,snap-20260825-adopt
SNR-08XS,USGS:411219096010601,snap-20260825-adopt
SNR-08XT,USGS:01439800,snap-20260825-adopt
SNR-08XU,USGS:06803570,snap-20260825-adopt
SNR-08XV,USGS:01553005,snap-20260825-adopt
SNR-08XW,USGS:04206014,snap-20260825-adopt
SNR-08XX,USGS:06610785,snap-20260825-adopt
SNR-08XY,USGS:411228084541702,snap-20260825-adopt
SNR-08XZ,USGS:411228084541701,snap-20260825-adopt
SNR-08Y0,USGS:05517200,snap-20260825-adopt
SNR-08Y1,USGS:411229084541102,snap-20260825-adopt
SNR-08Y2,USGS:411229084541101,snap-20260825-adopt
SNR-08Y3,USGS:411229084541701,snap-20260825-adopt
SNR-08Y4,USGS:05555300,snap-20260825-adopt
SNR-08Y5,USGS:411232096012401,snap-20260825-adopt
SNR-08Y6,USGS:411232084541101,snap-20260825-adopt
SNR-08Y7,USGS:04199800,snap-20260825-adopt
SNR-08Y8,USGS:01374480,snap-20260825-adopt
SNR-08Y9,USGS:06691000,snap-20260825-adopt
SNR-08YA,USGS:06624500,snap-20260825-adopt
SNR-08YB,USGS:06690500,snap-20260825-adopt
SNR-08YC,USGS:01367900,snap-20260825-adopt
SNR-08YD,USGS:06610490,snap-20260825-adopt
SNR-08YE,USGS:04197400,snap-20260825-adopt
SNR-08YF,USGS:01375500,snap-20260825-adopt
SNR-08YG,USGS:05519000,snap-20260825-adopt
SNR-08YH,USGS:01209600,snap-20260825-adopt
SNR-08YI,USGS:03330290,snap-20260825-adopt
SNR-08YJ,USGS:05519500,snap-20260825-adopt
SNR-08YK,USGS:06622500,snap-20260825-adopt
SNR-08YL,USGS:04197277,snap-20260825-adopt
SNR-08YM,USGS:01439790,snap-20260825-adopt
SNR-08YN,USGS:05517400,snap-20260825-adopt
SNR-08YO,USGS:01542720,snap-20260825-adopt
SNR-08YP,USGS:06803700,snap-20260825-adopt
SNR-08YQ,USGS:04180000,snap-20260825-adopt
SNR-08YR,USGS:05489000,snap-20260825-adopt
SNR-08YS,USGS:05517500,snap-20260825-adopt
SNR-08YT,USGS:01439000,snap-20260825-adopt
SNR-08YU,USGS:06784700,snap-20260825-adopt
SNR-08YV,USGS:06692000,snap-20260825-adopt
SNR-08YW,USGS:03331224,snap-20260825-adopt
SNR-08YX,USGS:05489090,snap-20260825-adopt
SNR-08YY,USGS:04191480,snap-20260825-adopt
SNR-08YZ,USGS:01375000,snap-20260825-adopt
SNR-08Z0,USGS:03331140,snap-20260825-adopt
SNR-08Z1,USGS:03093500,snap-20260825-adopt
SNR-08Z2,USGS:01374440,snap-20260825-adopt
SNR-08Z3,USGS:411337096004501,snap-20260825-adopt
SNR-08Z4,USGS:03330260,snap-20260825-adopt
SNR-08Z5,USGS:01537500,snap-20260825-adopt
SNR-08Z6,USGS:06755500,snap-20260825-adopt
SNR-08Z7,USGS:06762500,snap-20260825-adopt
SNR-08Z8,USGS:01209105,snap-20260825-adopt
SNR-08Z9,USGS:01374987,snap-20260825-adopt
SNR-08ZA,USGS:06610657,snap-20260825-adopt
SNR-08ZB,USGS:411351096164101,snap-20260825-adopt
SNR-08ZC,USGS:01438890,snap-20260825-adopt
SNR-08ZD,USGS:03104000,snap-20260825-adopt
SNR-08ZE,USGS:06807418,snap-20260825-adopt
SNR-08ZF,USGS:04198100,snap-20260825-adopt
SNR-08ZG,USGS:05526500,snap-20260825-adopt
SNR-08ZH,USGS:411402080492400,snap-20260825-adopt
SNR-08ZI,USGS:03330280,snap-20260825-adopt
SNR-08ZJ,USGS:01196700,snap-20260825-adopt
SNR-08ZK,USGS:01551500,snap-20260825-adopt
SNR-08ZL,USGS:01447120,snap-20260825-adopt
SNR-08ZM,USGS:03327600,snap-20260825-adopt
SNR-08ZN,USGS:04191500,snap-20260825-adopt
SNR-08ZO,USGS:04201300,snap-20260825-adopt
SNR-08ZP,USGS:01368810,snap-20260825-adopt
SNR-08ZQ,USGS:411420073012101,snap-20260825-adopt
SNR-08ZR,USGS:03094000,snap-20260825-adopt
SNR-08ZS,USGS:05558050,snap-20260825-adopt
SNR-08ZT,USGS:01374420,snap-20260825-adopt
SNR-08ZU,USGS:03330060,snap-20260825-adopt
SNR-08ZV,USGS:411429095583801,snap-20260825-adopt
SNR-08ZW,USGS:03327750,snap-20260825-adopt
SNR-08ZX,USGS:05555400,snap-20260825-adopt
SNR-08ZY,USGS:05558075,snap-20260825-adopt
SNR-08ZZ,USGS:03327650,snap-20260825-adopt
SNR-0900,USGS:06807780,snap-20260825-adopt
SNR-0901,USGS:03094500,snap-20260825-adopt
SNR-0902,USGS:06610765,snap-20260825-adopt
SNR-0903,USGS:01209005,snap-20260825-adopt
SNR-0904,USGS:06816290,snap-20260825-adopt
SNR-0905,USGS:05527000,snap-20260825-adopt
SNR-0906,USGS:04178500,snap-20260825-adopt
SNR-0907,USGS:05487980,snap-20260825-adopt
SNR-0908,USGS:01208850,snap-20260825-adopt
SNR-0909,USGS:411450095582201,snap-20260825-adopt
SNR-090A,USGS:03327700,snap-20260825-adopt
SNR-090B,USGS:03031780,snap-20260825-adopt
SNR-090C,USGS:06610780,snap-20260825-adopt
SNR-090D,USGS:06610740,snap-20260825-adopt
SNR-090E,USGS:01374918,snap-20260825-adopt
SNR-090F,USGS:04198500,snap-20260825-adopt
SNR-090G,USGS:04197300,snap-20260825-adopt
SNR-090H,USGS:411500073043801,snap-20260825-adopt
SNR-090I,USGS:03331160,snap-20260825-adopt
SNR-090J,USGS:01536500,snap-20260825-adopt
SNR-090K,USGS:06687600,snap-20260825-adopt
SNR-090L,USGS:03330300,snap-20260825-adopt
SNR-090M,USGS:01368724,snap-20260825-adopt
SNR-090N,USGS:411513072512301,snap-20260825-adopt
SNR-090O,USGS:05517530,snap-20260825-adopt
SNR-090P,USGS:01551000,snap-20260825-adopt
SNR-090Q,USGS:05555500,snap-20260825-adopt
SNR-090R,USGS:06761900,snap-20260825-adopt
SNR-090S,USGS:01439590,snap-20260825-adopt
SNR-090T,USGS:01374349,snap-20260825-adopt
SNR-090U,USGS:06610000,snap-20260825-adopt
SNR-090V,USGS:411535096020301,snap-20260825-adopt
SNR-090W,USGS:04184000,snap-20260825-adopt
SNR-090X,USGS:01368000,snap-20260825-adopt
SNR-090Y,USGS:01374890,snap-20260825-adopt
SNR-090Z,USGS:06803600,snap-20260825-adopt
SNR-0910,USGS:04197450,snap-20260825-adopt
SNR-0911,USGS:03093000,snap-20260825-adopt
SNR-0912,USGS:03104580,snap-20260825-adopt
SNR-0913,USGS:04192574,snap-20260825-adopt
SNR-0914,USGS:0137499350,snap-20260825-adopt
SNR-0915,USGS:03331040,snap-20260825-adopt
SNR-0916,USGS:03330100,snap-20260825-adopt
SNR-0917,USGS:01194825,snap-20260825-adopt
SNR-0918,USGS:06790500,snap-20260825-adopt
SNR-0919,USGS:05472555,snap-20260825-adopt
SNR-091A,USGS:04200050,snap-20260825-adopt
SNR-091B,USGS:01374901,snap-20260825-adopt
SNR-091C,USGS:05489150,snap-20260825-adopt
SNR-091D,USGS:03103500,snap-20260825-adopt
SNR-091E,USGS:04183979,snap-20260825-adopt
SNR-091F,USGS:01550500,snap-20260825-adopt
SNR-091G,USGS:411605084240800,snap-20260825-adopt
SNR-091H,USGS:03331220,snap-20260825-adopt
SNR-091I,USGS:411606084240800,snap-20260825-adopt
SNR-091J,USGS:411607084241200,snap-20260825-adopt
SNR-091K,USGS:03330020,snap-20260825-adopt
SNR-091L,USGS:411610084240800,snap-20260825-adopt
SNR-091M,USGS:03330120,snap-20260825-adopt
SNR-091N,USGS:411613096022601,snap-20260825-adopt
SNR-091O,USGS:05516665,snap-20260825-adopt
SNR-091P,USGS:06623500,snap-20260825-adopt
SNR-091Q,USGS:06761500,snap-20260825-adopt
SNR-091R,USGS:05466000,snap-20260825-adopt
SNR-091S,USGS:01208760,snap-20260825-adopt
SNR-091T,USGS:01549700,snap-20260825-adopt
SNR-091U,USGS:411626072514501,snap-20260825-adopt
SNR-091V,USGS:01538720,snap-20260825-adopt
SNR-091W,USGS:03330040,snap-20260825-adopt
SNR-091X,USGS:411632096020701,snap-20260825-adopt
SNR-091Y,USGS:01369000,snap-20260825-adopt
SNR-091Z,USGS:06610760,snap-20260825-adopt
SNR-0920,USGS:05558000,snap-20260825-adopt
SNR-0921,USGS:411642073025801,snap-20260825-adopt
SNR-0922,USGS:06794710,snap-20260825-adopt
SNR-0923,USGS:05465100,snap-20260825-adopt
SNR-0924,USGS:06779500,snap-20260825-adopt
SNR-0925,USGS:01368713,snap-20260825-adopt
SNR-0926,USGS:05465150,snap-20260825-adopt
SNR-0927,USGS:01537000,snap-20260825-adopt
SNR-0928,USGS:05488500,snap-20260825-adopt
SNR-0929,USGS:03331010,snap-20260825-adopt
SNR-092A,USGS:03330080,snap-20260825-adopt
SNR-092B,IWQIS:WQS0050,snap-20260825-adopt
SNR-092C,USGS:01195200,snap-20260825-adopt
SNR-092D,USGS:01374976,snap-20260825-adopt
SNR-092E,USGS:04192575,snap-20260825-adopt
SNR-092F,USGS:06688000,snap-20260825-adopt
SNR-092G,USGS:01536997,snap-20260825-adopt
SNR-092H,USGS:05472000,snap-20260825-adopt
SNR-092I,USGS:06791100,snap-20260825-adopt
SNR-092J,USGS:04206420,snap-20260825-adopt
SNR-092K,USGS:05542000,snap-20260825-adopt
SNR-092L,USGS:04198098,snap-20260825-adopt
SNR-092M,USGS:04200100,snap-20260825-adopt
SNR-092N,USGS:01374941,snap-20260825-adopt
SNR-092O,USGS:01208900,snap-20260825-adopt
SNR-092P,USGS:01368050,snap-20260825-adopt
SNR-092Q,USGS:04206425,snap-20260825-adopt
SNR-092R,USGS:05518500,snap-20260825-adopt
SNR-092S,USGS:03330460,snap-20260825-adopt
SNR-092T,USGS:05517100,snap-20260825-adopt
SNR-092U,USGS:04192000,snap-20260825-adopt
SNR-092V,USGS:04192500,snap-20260825-adopt
SNR-092W,USGS:06610500,snap-20260825-adopt
SNR-092X,USGS:06610773,snap-20260825-adopt
SNR-092Y,USGS:01208999,snap-20260825-adopt
SNR-092Z,USGS:06800500,snap-20260825-adopt
SNR-0930,USGS:04197500,snap-20260825-adopt
SNR-0931,USGS:06784300,snap-20260825-adopt
SNR-0932,USGS:05487000,snap-20260825-adopt
SNR-0933,USGS:04206416,snap-20260825-adopt
SNR-0934,USGS:01208990,snap-20260825-adopt
SNR-0935,USGS:06661000,snap-20260825-adopt
SNR-0936,USGS:01195339,snap-20260825-adopt
SNR-0937,USGS:06772898,snap-20260825-adopt
SNR-0938,USGS:06804400,snap-20260825-adopt
SNR-0939,USGS:06762650,snap-20260825-adopt
SNR-093A,USGS:06791000,snap-20260825-adopt
SNR-093B,USGS:03095500,snap-20260825-adopt
SNR-093C,USGS:411759071464901,snap-20260825-adopt
SNR-093D,USGS:05543010,snap-20260825-adopt
SNR-093E,USGS:06627300,snap-20260825-adopt
SNR-093F,USGS:05488200,snap-20260825-adopt
SNR-093G,USGS:03330180,snap-20260825-adopt
SNR-093H,USGS:05472500,snap-20260825-adopt
SNR-093I,USGS:05516800,snap-20260825-adopt
SNR-093J,USGS:04199000,snap-20260825-adopt
SNR-093K,USGS:01438520,snap-20260825-adopt
SNR-093L,USGS:01196680,snap-20260825-adopt
SNR-093M,USGS:01195000,snap-20260825-adopt
SNR-093N,USGS:05517000,snap-20260825-adopt
SNR-093O,USGS:05516700,snap-20260825-adopt
SNR-093P,USGS:04206413,snap-20260825-adopt
SNR-093Q,USGS:06625000,snap-20260825-adopt
SNR-093R,USGS:411815084393701,snap-20260825-adopt
SNR-093S,USGS:411815084393702,snap-20260825-adopt
SNR-093T,USGS:01438712,snap-20260825-adopt
SNR-093U,USGS:01195100,snap-20260825-adopt
SNR-093V,USGS:06610732,snap-20260825-adopt
SNR-093W,USGS:05517010,snap-20260825-adopt
SNR-093X,USGS:06804200,snap-20260825-adopt
SNR-093Y,USGS:04198000,snap-20260825-adopt
SNR-093Z,USGS:411829096004801,snap-20260825-adopt
SNR-0940,USGS:03330380,snap-20260825-adopt
SNR-0941,USGS:01438500,snap-20260825-adopt
SNR-0942,USGS:411838071513000,snap-20260825-adopt
SNR-0943,USGS:06610750,snap-20260825-adopt
SNR-0944,USGS:06625500,snap-20260825-adopt
SNR-0945,USGS:06761000,snap-20260825-adopt
SNR-0946,USGS:05557100,snap-20260825-adopt
SNR-0947,USGS:03103000,snap-20260825-adopt
SNR-0948,USGS:01538800,snap-20260825-adopt
SNR-0949,USGS:01387095,snap-20260825-adopt
SNR-094A,USGS:06687498,snap-20260825-adopt
SNR-094B,USGS:05516950,snap-20260825-adopt
SNR-094C,USGS:01194796,snap-20260825-adopt
SNR-094D,USGS:01549000,snap-20260825-adopt
SNR-094E,USGS:01438399,snap-20260825-adopt
SNR-094F,USGS:05555650,snap-20260825-adopt
SNR-094G,USGS:04200300,snap-20260825-adopt
SNR-094H,USGS:012095493,snap-20260825-adopt
SNR-094I,USGS:04100258,snap-20260825-adopt
SNR-094J,USGS:03330200,snap-20260825-adopt
SNR-094K,USGS:03330140,snap-20260825-adopt
SNR-094L,USGS:01368100,snap-20260825-adopt
SNR-094M,USGS:05486230,snap-20260825-adopt
SNR-094N,USGS:04183750,snap-20260825-adopt
SNR-094O,USGS:03330241,snap-20260825-adopt
SNR-094P,USGS:05516900,snap-20260825-adopt
SNR-094Q,USGS:06687499,snap-20260825-adopt
SNR-094R,USGS:06687500,snap-20260825-adopt
SNR-094S,USGS:04206448,snap-20260825-adopt
SNR-094T,USGS:05517120,snap-20260825-adopt
SNR-094U,USGS:01543500,snap-20260825-adopt
SNR-094V,USGS:04100260,snap-20260825-adopt
SNR-094W,USGS:05517900,snap-20260825-adopt
SNR-094X,USGS:01438396,snap-20260825-adopt
SNR-094Y,USGS:03330240,snap-20260825-adopt
SNR-094Z,USGS:01545000,snap-20260825-adopt
SNR-0950,USGS:06762600,snap-20260825-adopt
SNR-0951,USGS:06796500,snap-20260825-adopt
SNR-0952,USGS:04207000,snap-20260825-adopt
SNR-0953,USGS:03330500,snap-20260825-adopt
SNR-0954,USGS:03330480,snap-20260825-adopt
SNR-0955,USGS:01127821,snap-20260825-adopt
SNR-0956,USGS:03029200,snap-20260825-adopt
SNR-0957,USGS:06803935,snap-20260825-adopt
SNR-0958,USGS:04206500,snap-20260825-adopt
SNR-0959,USGS:01438302,snap-20260825-adopt
SNR-095A,USGS:0112779610,snap-20260825-adopt
SNR-095B,USGS:05488000,snap-20260825-adopt
SNR-095C,USGS:01545500,snap-20260825-adopt
SNR-095D,USGS:04206439,snap-20260825-adopt
SNR-095E,USGS:06807760,snap-20260825-adopt
SNR-095F,USGS:05553700,snap-20260825-adopt
SNR-095G,USGS:01552000,snap-20260825-adopt
SNR-095H,USGS:411934083075800,snap-20260825-adopt
SNR-095I,USGS:411934083080300,snap-20260825-adopt
SNR-095J,USGS:04100280,snap-20260825-adopt
SNR-095K,USGS:05543500,snap-20260825-adopt
SNR-095L,USGS:01374821,snap-20260825-adopt
SNR-095M,USGS:01438300,snap-20260825-adopt
SNR-095N,USGS:01374781,snap-20260825-adopt
SNR-095O,USGS:05516600,snap-20260825-adopt
SNR-095P,USGS:411940071590300,snap-20260825-adopt
SNR-095Q,USGS:06660000,snap-20260825-adopt
SNR-095R,USGS:05518800,snap-20260825-adopt
SNR-095S,USGS:06773500,snap-20260825-adopt
SNR-095T,USGS:05485940,snap-20260825-adopt
SNR-095U,USGS:03094900,snap-20260825-adopt
SNR-095V,USGS:03330160,snap-20260825-adopt
SNR-095W,USGS:04100240,snap-20260825-adopt
SNR-095X,USGS:03029500,snap-20260825-adopt
SNR-095Y,USGS:04100252,snap-20260825-adopt
SNR-095Z,USGS:411955088280601,snap-20260825-adopt
SNR-0960,USGS:05488300,snap-20260825-adopt
SNR-0961,USGS:04100250,snap-20260825-adopt
SNR-0962,USGS:01195399,snap-20260825-adopt
SNR-0963,USGS:04201484,snap-20260825-adopt
SNR-0964,USGS:05557500,snap-20260825-adopt
SNR-0965,USGS:412006072020801,snap-20260825-adopt
SNR-0966,USGS:01196626,snap-20260825-adopt
SNR-0967,USGS:01118520,snap-20260825-adopt
SNR-0968,USGS:04100230,snap-20260825-adopt
SNR-0969,USGS:01552100,snap-20260825-adopt
SNR-096A,USGS:06803920,snap-20260825-adopt
SNR-096B,USGS:05472445,snap-20260825-adopt
SNR-096C,USGS:06687000,snap-20260825-adopt
SNR-096D,USGS:04100290,snap-20260825-adopt
SNR-096E,USGS:03029400,snap-20260825-adopt
SNR-096F,USGS:01431620,snap-20260825-adopt
SNR-096G,USGS:05487470,snap-20260825-adopt
SNR-096H,USGS:05553500,snap-20260825-adopt
SNR-096I,USGS:01374930,snap-20260825-adopt
SNR-096J,USGS:05517890,snap-20260825-adopt
SNR-096K,USGS:01369500,snap-20260825-adopt
SNR-096L,USGS:05516500,snap-20260825-adopt
SNR-096M,USGS:04100390,snap-20260825-adopt
SNR-096N,USGS:06622900,snap-20260825-adopt
SNR-096O,USGS:01127768,snap-20260825-adopt
SNR-096P,USGS:01368500,snap-20260825-adopt
SNR-096Q,USGS:05447350,snap-20260825-adopt
SNR-096R,IWQIS:WQS0120,snap-20260825-adopt
SNR-096S,USGS:06809210,snap-20260825-adopt
SNR-096T,USGS:05527500,snap-20260825-adopt
SNR-096U,USGS:412047071580800,snap-20260825-adopt
SNR-096V,USGS:01118518,snap-20260825-adopt
SNR-096W,USGS:04185500,snap-20260825-adopt
SNR-096X,USGS:04200000,snap-20260825-adopt
SNR-096Y,USGS:06791300,snap-20260825-adopt
SNR-096Z,USGS:04100310,snap-20260825-adopt
SNR-0970,USGS:04199155,snap-20260825-adopt
SNR-0971,USGS:01119001,snap-20260825-adopt
SNR-0972,USGS:01119000,snap-20260825-adopt
SNR-0973,USGS:04201495,snap-20260825-adopt
SNR-0974,USGS:01373600,snap-20260825-adopt
SNR-0975,USGS:04207016,snap-20260825-adopt
SNR-0976,USGS:01438180,snap-20260825-adopt
SNR-0977,USGS:04201409,snap-20260825-adopt
SNR-0978,USGS:06804300,snap-20260825-adopt
SNR-0979,USGS:04201400,snap-20260825-adopt
SNR-097A,USGS:04201404,snap-20260825-adopt
SNR-097B,USGS:01194750,snap-20260825-adopt
SNR-097C,USGS:06794650,snap-20260825-adopt
SNR-097D,USGS:01549590,snap-20260825-adopt
SNR-097E,USGS:03102850,snap-20260825-adopt
SNR-097F,USGS:05542500,snap-20260825-adopt
SNR-097G,USGS:05471500,snap-20260825-adopt
SNR-097H,USGS:412122083061400,snap-20260825-adopt
SNR-097I,USGS:04192599,snap-20260825-adopt
SNR-097J,USGS:01127800,snap-20260825-adopt
SNR-097K,USGS:01552500,snap-20260825-adopt
SNR-097L,USGS:412126095565201,snap-20260825-adopt
SNR-097M,IWQIS:WQP0003,snap-20260825-adopt
SNR-097N,USGS:01374701,snap-20260825-adopt
SNR-097O,USGS:06623000,snap-20260825-adopt
SNR-097P,USGS:01535500,snap-20260825-adopt
SNR-097Q,USGS:04201423,snap-20260825-adopt
SNR-097R,USGS:04100320,snap-20260825-adopt
SNR-097S,USGS:01536000,snap-20260825-adopt
SNR-097T,USGS:011277916,snap-20260825-adopt
SNR-097U,USGS:04179520,snap-20260825-adopt
SNR-097V,USGS:412141081412100,snap-20260825-adopt
SNR-097W,USGS:412141071580200,snap-20260825-adopt
SNR-097X,USGS:04185440,snap-20260825-adopt
SNR-097Y,USGS:01204800,snap-20260825-adopt
SNR-097Z,USGS:04201506,snap-20260825-adopt
SNR-0980,USGS:412147100055301,snap-20260825-adopt
SNR-0981,USGS:011277696,snap-20260825-adopt
SNR-0982,USGS:05488110,snap-20260825-adopt
SNR-0983,USGS:04100440,snap-20260825-adopt
SNR-0984,USGS:06610742,snap-20260825-adopt
SNR-0985,USGS:05557000,snap-20260825-adopt
SNR-0986,USGS:04179510,snap-20260825-adopt
SNR-0987,USGS:04179500,snap-20260825-adopt
SNR-0988,USGS:05518700,snap-20260825-adopt
SNR-0989,USGS:01373690,snap-20260825-adopt
SNR-098A,USGS:05556500,snap-20260825-adopt
SNR-098B,USGS:06774000,snap-20260825-adopt
SNR-098C,USGS:011277695,snap-20260825-adopt
SNR-098D,USGS:01196580,snap-20260825-adopt
SNR-098E,USGS:011277905,snap-20260825-adopt
SNR-098F,USGS:04100446,snap-20260825-adopt
SNR-098G,USGS:01369810,snap-20260825-adopt
SNR-098H,USGS:06790000,snap-20260825-adopt
SNR-098I,USGS:06622700,snap-20260825-adopt
SNR-098J,USGS:01434000,snap-20260825-adopt
SNR-098K,USGS:04200430,snap-20260825-adopt
SNR-098L,USGS:01369820,snap-20260825-adopt
SNR-098M,USGS:011277914,snap-20260825-adopt
SNR-098N,USGS:01374531,snap-20260825-adopt
SNR-098O,USGS:04100470,snap-20260825-adopt
SNR-098P,USGS:06783000,snap-20260825-adopt
SNR-098Q,USGS:06792100,snap-20260825-adopt
SNR-098R,USGS:01369992,snap-20260825-adopt
SNR-098S,USGS:06782900,snap-20260825-adopt
SNR-098T,USGS:0112779135,snap-20260825-adopt
SNR-098U,USGS:01369995,snap-20260825-adopt
SNR-098V,USGS:01118502,snap-20260825-adopt
SNR-098W,USGS:04199160,snap-20260825-adopt
SNR-098X,USGS:04100450,snap-20260825-adopt
SNR-098Y,USGS:412238070403701,snap-20260825-adopt
SNR-098Z,USGS:04100330,snap-20260825-adopt
SNR-0990,USGS:412240071574700,snap-20260825-adopt
SNR-0991,USGS:01118020,snap-20260825-adopt
SNR-0992,USGS:01374130,snap-20260825-adopt
SNR-0993,USGS:06610720,snap-20260825-adopt
SNR-0994,USGS:04194500,snap-20260825-adopt
SNR-0995,USGS:06804100,snap-20260825-adopt
SNR-0996,USGS:04200500,snap-20260825-adopt
SNR-0997,USGS:01370000,snap-20260825-adopt
SNR-0998,USGS:04199165,snap-20260825-adopt
SNR-0999,USGS:06792490,snap-20260825-adopt
SNR-099A,USGS:04199500,snap-20260825-adopt
SNR-099B,USGS:01431673,snap-20260825-adopt
SNR-099C,USGS:01201420,snap-20260825-adopt
SNR-099D,USGS:06686500,snap-20260825-adopt
SNR-099E,USGS:01195146,snap-20260825-adopt
SNR-099F,USGS:04185318,snap-20260825-adopt
SNR-099G,USGS:04201429,snap-20260825-adopt
SNR-099H,USGS:412301071500100,snap-20260825-adopt
SNR-099I,USGS:01205500,snap-20260825-adopt
SNR-099J,USGS:05552500,snap-20260825-adopt
SNR-099K,USGS:04207200,snap-20260825-adopt
SNR-099L,USGS:01195117,snap-20260825-adopt
SNR-099M,USGS:01118500,snap-20260825-adopt
SNR-099N,USGS:04100295,snap-20260825-adopt
SNR-099O,USGS:04178000,snap-20260825-adopt
SNR-099P,USGS:04199170,snap-20260825-adopt
SNR-099Q,USGS:01374019,snap-20260825-adopt
SNR-099R,USGS:01431680,snap-20260825-adopt
SNR-099S,USGS:01374250,snap-20260825-adopt
SNR-099T,USGS:412320088154101,snap-20260825-adopt
SNR-099U,USGS:01118750,snap-20260825-adopt
SNR-099V,USGS:04195000,snap-20260825-adopt
SNR-099W,USGS:04201515,snap-20260825-adopt
SNR-099X,USGS:412321070401701,snap-20260825-adopt
SNR-099Y,USGS:01545600,snap-20260825-adopt
SNR-099Z,USGS:03025500,snap-20260825-adopt
SNR-09A0,USGS:05515500,snap-20260825-adopt
SNR-09A1,USGS:06807410,snap-20260825-adopt
SNR-09A2,USGS:412325081415500,snap-20260825-adopt
SNR-09A3,USGS:04207500,snap-20260825-adopt
SNR-09A4,USGS:05541000,snap-20260825-adopt
SNR-09A5,USGS:06792499,snap-20260825-adopt
SNR-09A6,USGS:04201526,snap-20260825-adopt
SNR-09A7,USGS:04100480,snap-20260825-adopt
SNR-09A8,USGS:06792000,snap-20260825-adopt
SNR-09A9,USGS:01374505,snap-20260825-adopt
SNR-09AA,USGS:01118700,snap-20260825-adopt
SNR-09AB,USGS:04208000,snap-20260825-adopt
SNR-09AC,USGS:04100360,snap-20260825-adopt
SNR-09AD,USGS:01196528,snap-20260825-adopt
SNR-09AE,USGS:412353086420701,snap-20260825-adopt
SNR-09AF,USGS:412354086421005,snap-20260825-adopt
SNR-09AG,USGS:412354086421006,snap-20260825-adopt
SNR-09AH,USGS:412354086421010,snap-20260825-adopt
SNR-09AI,USGS:412355086421001,snap-20260825-adopt
SNR-09AJ,USGS:412354086421001,snap-20260825-adopt
SNR-09AK,USGS:412354086421002,snap-20260825-adopt
SNR-09AL,USGS:06789500,snap-20260825-adopt
SNR-09AM,USGS:06790900,snap-20260825-adopt
SNR-09AN,USGS:01127760,snap-20260825-adopt
SNR-09AO,USGS:06627500,snap-20260825-adopt
SNR-09AP,USGS:05448050,snap-20260825-adopt
SNR-09AQ,USGS:04195061,snap-20260825-adopt
SNR-09AR,USGS:01544000,snap-20260825-adopt
SNR-09AS,USGS:01370030,snap-20260825-adopt
SNR-09AT,USGS:06782700,snap-20260825-adopt
SNR-09AU,USGS:04100300,snap-20260825-adopt
SNR-09AV,USGS:06789100,snap-20260825-adopt
SNR-09AW,USGS:06796450,snap-20260825-adopt
SNR-09AX,USGS:012035055,snap-20260825-adopt
SNR-09AY,USGS:01201470,snap-20260825-adopt
SNR-09AZ,USGS:04201500,snap-20260825-adopt
SNR-09B0,USGS:01118668,snap-20260825-adopt
SNR-09B1,USGS:06789400,snap-20260825-adopt
SNR-09B2,USGS:06782800,snap-20260825-adopt
SNR-09B3,USGS:05465000,snap-20260825-adopt
SNR-09B4,USGS:06792500,snap-20260825-adopt
SNR-09B5,USGS:04198008,snap-20260825-adopt
SNR-09B6,IWQIS:WQS0007,snap-20260825-adopt
SNR-09B7,IWQIS:WQS9903,snap-20260825-adopt
SNR-09B8,USGS:01118400,snap-20260825-adopt
SNR-09B9,USGS:05517780,snap-20260825-adopt
SNR-09BA,USGS:05515600,snap-20260825-adopt
SNR-09BB,USGS:0137462010,snap-20260825-adopt
SNR-09BC,USGS:01543000,snap-20260825-adopt
SNR-09BD,USGS:06789300,snap-20260825-adopt
SNR-09BE,USGS:04208501,snap-20260825-adopt
SNR-09BF,USGS:06794700,snap-20260825-adopt
SNR-09BG,USGS:05539670,snap-20260825-adopt
SNR-09BH,USGS:412453081395500,snap-20260825-adopt
SNR-09BI,USGS:01118010,snap-20260825-adopt
SNR-09BJ,USGS:06794500,snap-20260825-adopt
SNR-09BK,USGS:05541710,snap-20260825-adopt
SNR-09BL,USGS:05516200,snap-20260825-adopt
SNR-09BM,USGS:06793000,snap-20260825-adopt
SNR-09BN,USGS:01549780,snap-20260825-adopt
SNR-09BO,USGS:01550000,snap-20260825-adopt
SNR-09BP,USGS:0419801460,snap-20260825-adopt
SNR-09BQ,USGS:06762700,snap-20260825-adopt
SNR-09BR,USGS:042085017,snap-20260825-adopt
SNR-09BS,USGS:01203510,snap-20260825-adopt
SNR-09BT,USGS:05516000,snap-20260825-adopt
SNR-09BU,USGS:01196620,snap-20260825-adopt
SNR-09BV,USGS:03029000,snap-20260825-adopt
SNR-09BW,USGS:01368495,snap-20260825-adopt
SNR-09BX,USGS:05472390,snap-20260825-adopt
SNR-09BY,USGS:06779000,snap-20260825-adopt
SNR-09BZ,USGS:03102500,snap-20260825-adopt
SNR-09C0,USGS:03025200,snap-20260825-adopt
SNR-09C1,USGS:06781600,snap-20260825-adopt
SNR-09C2,USGS:412522100121201,snap-20260825-adopt
SNR-09C3,USGS:06627600,snap-20260825-adopt
SNR-09C4,USGS:04100460,snap-20260825-adopt
SNR-09C5,USGS:01118360,snap-20260825-adopt
SNR-09C6,USGS:04100340,snap-20260825-adopt
SNR-09C7,USGS:05455700,snap-20260825-adopt
SNR-09C8,IWQIS:WQS0006,snap-20260825-adopt
SNR-09C9,USGS:04208460,snap-20260825-adopt
SNR-09CA,USGS:05486490,snap-20260825-adopt
SNR-09CB,USGS:0143351103,snap-20260825-adopt
SNR-09CC,USGS:03028900,snap-20260825-adopt
SNR-09CD,USGS:04100465,snap-20260825-adopt
SNR-09CE,USGS:01433510,snap-20260825-adopt
SNR-09CF,USGS:412537083025100,snap-20260825-adopt
SNR-09CG,USGS:01194500,snap-20260825-adopt
SNR-09CH,USGS:06626500,snap-20260825-adopt
SNR-09CI,USGS:01431685,snap-20260825-adopt
SNR-09CJ,USGS:01193800,snap-20260825-adopt
SNR-09CK,USGS:412542100125301,snap-20260825-adopt
SNR-09CL,USGS:05539660,snap-20260825-adopt
SNR-09CM,USGS:03025000,snap-20260825-adopt
SNR-09CN,USGS:06789200,snap-20260825-adopt
SNR-09CO,USGS:412552083024600,snap-20260825-adopt
SNR-09CP,USGS:05517800,snap-20260825-adopt
SNR-09CQ,USGS:01374654,snap-20260825-adopt
SNR-09CR,USGS:01117250,snap-20260825-adopt
SNR-09CS,USGS:01370500,snap-20260825-adopt
SNR-09CT,USGS:06782600,snap-20260825-adopt
SNR-09CU,USGS:04208347,snap-20260825-adopt
SNR-09CV,USGS:06790800,snap-20260825-adopt
SNR-09CW,USGS:01208700,snap-20260825-adopt
SNR-09CX,USGS:04100190,snap-20260825-adopt
SNR-09CY,USGS:04100370,snap-20260825-adopt
SNR-09CZ,USGS:01196561,snap-20260825-adopt
SNR-09D0,USGS:05536162,snap-20260825-adopt
SNR-09D1,IWQIS:WQS0020,snap-20260825-adopt
SNR-09D2,USGS:05527050,snap-20260825-adopt
SNR-09D3,USGS:04100140,snap-20260825-adopt
SNR-09D4,USGS:04100350,snap-20260825-adopt
SNR-09D5,USGS:03024000,snap-20260825-adopt
SNR-09D6,USGS:01370520,snap-20260825-adopt
SNR-09D7,USGS:01432805,snap-20260825-adopt
SNR-09D8,USGS:06627800,snap-20260825-adopt
SNR-09D9,USGS:01204500,snap-20260825-adopt
SNR-09DA,USGS:412624081450700,snap-20260825-adopt
SNR-09DB,USGS:06794000,snap-20260825-adopt
SNR-09DC,USGS:01534860,snap-20260825-adopt
SNR-09DD,USGS:01437500,snap-20260825-adopt
SNR-09DE,USGS:01194000,snap-20260825-adopt
SNR-09DF,USGS:412630070400301,snap-20260825-adopt
SNR-09DG,USGS:01208500,snap-20260825-adopt
SNR-09DH,USGS:05448000,snap-20260825-adopt
SNR-09DI,USGS:03102950,snap-20260825-adopt
SNR-09DJ,USGS:06610600,snap-20260825-adopt
SNR-09DK,USGS:01117500,snap-20260825-adopt
SNR-09DL,USGS:06628700,snap-20260825-adopt
SNR-09DM,USGS:01127750,snap-20260825-adopt
SNR-09DN,USGS:03102900,snap-20260825-adopt
SNR-09DO,USGS:01117430,snap-20260825-adopt
SNR-09DP,USGS:0137449480,snap-20260825-adopt
SNR-09DQ,USGS:04208503,snap-20260825-adopt
SNR-09DR,USGS:04195600,snap-20260825-adopt
SNR-09DS,USGS:04195500,snap-20260825-adopt
SNR-09DT,USGS:05516150,snap-20260825-adopt
SNR-09DU,USGS:03024500,snap-20260825-adopt
SNR-09DV,USGS:01374581,snap-20260825-adopt
SNR-09DW,USGS:01432495,snap-20260825-adopt
SNR-09DX,IWQIS:WQS0080,snap-20260825-adopt
SNR-09DY,USGS:01196500,snap-20260825-adopt
SNR-09DZ,USGS:04208502,snap-20260825-adopt
SNR-09E0,USGS:06610710,snap-20260825-adopt
SNR-09E1,USGS:01127749,snap-20260825-adopt
SNR-09E2,USGS:01192800,snap-20260825-adopt
SNR-09E3,USGS:01117472,snap-20260825-adopt
SNR-09E4,USGS:04092944,snap-20260825-adopt
SNR-09E5,USGS:06628000,snap-20260825-adopt
SNR-09E6,USGS:06632000,snap-20260825-adopt
SNR-09E7,USGS:06796000,snap-20260825-adopt
SNR-09E8,USGS:01437400,snap-20260825-adopt
SNR-09E9,USGS:06627000,snap-20260825-adopt
SNR-09EA,USGS:01432500,snap-20260825-adopt
SNR-09EB,USGS:06675300,snap-20260825-adopt
SNR-09EC,USGS:01201890,snap-20260825-adopt
SNR-09ED,USGS:06790700,snap-20260825-adopt
SNR-09EE,USGS:06790600,snap-20260825-adopt
SNR-09EF,USGS:04179300,snap-20260825-adopt
SNR-09EG,USGS:06661580,snap-20260825-adopt
SNR-09EH,USGS:05486000,snap-20260825-adopt
SNR-09EI,USGS:04100377,snap-20260825-adopt
SNR-09EJ,USGS:03102000,snap-20260825-adopt
SNR-09EK,USGS:01196600,snap-20260825-adopt
SNR-09EL,USGS:03021000,snap-20260825-adopt
SNR-09EM,USGS:01432000,snap-20260825-adopt
SNR-09EN,USGS:05447800,snap-20260825-adopt
SNR-09EO,USGS:01433500,snap-20260825-adopt
SNR-09EP,USGS:412742081380801,snap-20260825-adopt
SNR-09EQ,USGS:01534090,snap-20260825-adopt
SNR-09ER,USGS:412743081380801,snap-20260825-adopt
SNR-09ES,USGS:04208504,snap-20260825-adopt
SNR-09ET,USGS:04100160,snap-20260825-adopt
SNR-09EU,USGS:01117471,snap-20260825-adopt
SNR-09EV,USGS:04094400,snap-20260825-adopt
SNR-09EW,USGS:04177810,snap-20260825-adopt
SNR-09EX,USGS:01201487,snap-20260825-adopt
SNR-09EY,USGS:06789000,snap-20260825-adopt
SNR-09EZ,USGS:01431683,snap-20260825-adopt
SNR-09F0,USGS:04179200,snap-20260825-adopt
SNR-09F1,USGS:01117600,snap-20260825-adopt
SNR-09F2,USGS:05448150,snap-20260825-adopt
SNR-09F3,USGS:01432045,snap-20260825-adopt
SNR-09F4,USGS:06661500,snap-20260825-adopt
SNR-09F5,IWQIS:WQS9904,snap-20260825-adopt
SNR-09F6,IWQIS:WQS0005,snap-20260825-adopt
SNR-09F7,USGS:01432055,snap-20260825-adopt
SNR-09F8,USGS:05455500,snap-20260825-adopt
SNR-09F9,USGS:01370600,snap-20260825-adopt
SNR-09FA,USGS:05536178,snap-20260825-adopt
SNR-09FB,USGS:01374559,snap-20260825-adopt
SNR-09FC,USGS:03023500,snap-20260825-adopt
SNR-09FD,USGS:04208923,snap-20260825-adopt
SNR-09FE,USGS:01374645,snap-20260825-adopt
SNR-09FF,USGS:05536201,snap-20260825-adopt
SNR-09FG,USGS:06660500,snap-20260825-adopt
SNR-09FH,USGS:01549500,snap-20260825-adopt
SNR-09FI,USGS:03019000,snap-20260825-adopt
SNR-09FJ,USGS:06791800,snap-20260825-adopt
SNR-09FK,USGS:01118300,snap-20260825-adopt
SNR-09FL,USGS:01432160,snap-20260825-adopt
SNR-09FM,USGS:06807720,snap-20260825-adopt
SNR-09FN,USGS:01544500,snap-20260825-adopt
SNR-09FO,USGS:01374598,snap-20260825-adopt
SNR-09FP,USGS:01432110,snap-20260825-adopt
SNR-09FQ,USGS:04193490,snap-20260825-adopt
SNR-09FR,USGS:01431500,snap-20260825-adopt
SNR-09FS,USGS:01117420,snap-20260825-adopt
SNR-09FT,USGS:03020000,snap-20260825-adopt
SNR-09FU,USGS:01433455,snap-20260825-adopt
SNR-09FV,USGS:01193120,snap-20260825-adopt
SNR-09FW,USGS:01117424,snap-20260825-adopt
SNR-09FX,USGS:01372948,snap-20260825-adopt
SNR-09FY,USGS:04100222,snap-20260825-adopt
SNR-09FZ,USGS:03020500,snap-20260825-adopt
SNR-09G0,USGS:01204000,snap-20260825-adopt
SNR-09G1,USGS:01117350,snap-20260825-adopt
SNR-09G2,USGS:01432120,snap-20260825-adopt
SNR-09G3,USGS:03094704,snap-20260825-adopt
SNR-09G4,USGS:05455550,snap-20260825-adopt
SNR-09G5,USGS:01374494,snap-20260825-adopt
SNR-09G6,USGS:01431000,snap-20260825-adopt
SNR-09G7,USGS:03028500,snap-20260825-adopt
SNR-09G8,USGS:01430500,snap-20260825-adopt
SNR-09G9,USGS:01432119,snap-20260825-adopt
SNR-09GA,USGS:04100165,snap-20260825-adopt
SNR-09GB,USGS:04208506,snap-20260825-adopt
SNR-09GC,USGS:05487500,snap-20260825-adopt
SNR-09GD,USGS:06686000,snap-20260825-adopt
SNR-09GE,USGS:05447500,snap-20260825-adopt
SNR-09GF,USGS:05487520,snap-20260825-adopt
SNR-09GG,USGS:04208509,snap-20260825-adopt
SNR-09GH,USGS:04195820,snap-20260825-adopt
SNR-09GI,USGS:412932071124701,snap-20260825-adopt
SNR-09GJ,USGS:04092964,snap-20260825-adopt
SNR-09GK,USGS:01117468,snap-20260825-adopt
SNR-09GL,USGS:04100220,snap-20260825-adopt
SNR-09GM,USGS:01549350,snap-20260825-adopt
SNR-09GN,USGS:01549300,snap-20260825-adopt
SNR-09GO,USGS:06632050,snap-20260825-adopt
SNR-09GP,USGS:01437000,snap-20260825-adopt
SNR-09GQ,USGS:06793995,snap-20260825-adopt
SNR-09GR,USGS:04100170,snap-20260825-adopt
SNR-09GS,USGS:04192900,snap-20260825-adopt
SNR-09GT,USGS:03101000,snap-20260825-adopt
SNR-09GU,USGS:01127729,snap-20260825-adopt
SNR-09GV,USGS:04100180,snap-20260825-adopt
SNR-09GW,USGS:03101500,snap-20260825-adopt
SNR-09GX,USGS:01118000,snap-20260825-adopt
SNR-09GY,USGS:03100500,snap-20260825-adopt
SNR-09GZ,USGS:01437349,snap-20260825-adopt
SNR-09H0,USGS:05538020,snap-20260825-adopt
SNR-09H1,USGS:04193500,snap-20260825-adopt
SNR-09H2,USGS:01127700,snap-20260825-adopt
SNR-09H3,USGS:04193000,snap-20260825-adopt
SNR-09H4,USGS:06610581,snap-20260825-adopt
SNR-09H5,USGS:06788988,snap-20260825-adopt
SNR-09H6,USGS:01117410,snap-20260825-adopt
SNR-09H7,USGS:06777600,snap-20260825-adopt
SNR-09H8,USGS:01127680,snap-20260825-adopt
SNR-09H9,USGS:01534500,snap-20260825-adopt
SNR-09HA,USGS:04185000,snap-20260825-adopt
SNR-09HB,USGS:05538010,snap-20260825-adopt
SNR-09HC,USGS:05422650,snap-20260825-adopt
SNR-09HD,USGS:05515800,snap-20260825-adopt
SNR-09HE,USGS:01208420,snap-20260825-adopt
SNR-09HF,USGS:05536238,snap-20260825-adopt
SNR-09HG,USGS:05536207,snap-20260825-adopt
SNR-09HH,USGS:04099540,snap-20260825-adopt
SNR-09HI,USGS:04092977,snap-20260825-adopt
SNR-09HJ,USGS:05536179,snap-20260825-adopt
SNR-09HK,USGS:413028087303601,snap-20260825-adopt
SNR-09HL,USGS:01428500,snap-20260825-adopt
SNR-09HM,USGS:06610705,snap-20260825-adopt
SNR-09HN,USGS:06800350,snap-20260825-adopt
SNR-09HO,USGS:01437345,snap-20260825-adopt
SNR-09HP,USGS:06777700,snap-20260825-adopt
SNR-09HQ,USGS:413038097241801,snap-20260825-adopt
SNR-09HR,USGS:01373500,snap-20260825-adopt
SNR-09HS,IWQIS:WQS0037,snap-20260825-adopt
SNR-09HT,USGS:05517700,snap-20260825-adopt
SNR-09HU,USGS:03100000,snap-20260825-adopt
SNR-09HV,USGS:05517670,snap-20260825-adopt
SNR-09HW,USGS:04195830,snap-20260825-adopt
SNR-09HX,USGS:05536210,snap-20260825-adopt
SNR-09HY,USGS:06632055,snap-20260825-adopt
SNR-09HZ,USGS:04208598,snap-20260825-adopt
SNR-09I0,USGS:05539000,snap-20260825-adopt
SNR-09I1,USGS:413054100220201,snap-20260825-adopt
SNR-09I2,USGS:01193630,snap-20260825-adopt
SNR-09I3,USGS:01117400,snap-20260825-adopt
SNR-09I4,USGS:06628750,snap-20260825-adopt
SNR-09I5,USGS:04177500,snap-20260825-adopt
SNR-09I6,USGS:01208350,snap-20260825-adopt
SNR-09I7,USGS:01543700,snap-20260825-adopt
SNR-09I8,USGS:06630440,snap-20260825-adopt
SNR-09I9,USGS:01201500,snap-20260825-adopt
SNR-09IA,USGS:04100010,snap-20260825-adopt
SNR-09IB,USGS:01192883,snap-20260825-adopt
SNR-09IC,USGS:06799850,snap-20260825-adopt
SNR-09ID,USGS:05536235,snap-20260825-adopt
SNR-09IE,USGS:04195825,snap-20260825-adopt
SNR-09IF,USGS:01548500,snap-20260825-adopt
SNR-09IG,USGS:05540500,snap-20260825-adopt
SNR-09IH,USGS:01208400,snap-20260825-adopt
SNR-09II,USGS:05455300,snap-20260825-adopt
SNR-09IJ,USGS:05517650,snap-20260825-adopt
SNR-09IK,USGS:04208677,snap-20260825-adopt
SNR-09IL,USGS:06795640,snap-20260825-adopt
SNR-09IM,USGS:05422640,snap-20260825-adopt
SNR-09IN,USGS:06795500,snap-20260825-adopt
SNR-09IO,USGS:04193997,snap-20260825-adopt
SNR-09IP,IWQIS:WQS0072,snap-20260825-adopt
SNR-09IQ,USGS:01203100,snap-20260825-adopt
SNR-09IR,USGS:05484600,snap-20260825-adopt
SNR-09IS,USGS:05536265,snap-20260825-adopt
SNR-09IT,USGS:01196222,snap-20260825-adopt
SNR-09IU,USGS:05538500,snap-20260825-adopt
SNR-09IV,USGS:05536215,snap-20260825-adopt
SNR-09IW,USGS:01533500,snap-20260825-adopt
SNR-09IX,USGS:01196259,snap-20260825-adopt
SNR-09IY,USGS:05538000,snap-20260825-adopt
SNR-09IZ,USGS:01196210,snap-20260825-adopt
SNR-09J0,USGS:04177720,snap-20260825-adopt
SNR-09J1,USGS:05517600,snap-20260825-adopt
SNR-09J2,USGS:05484500,snap-20260825-adopt
SNR-09J3,USGS:04092990,snap-20260825-adopt
SNR-09J4,USGS:01192890,snap-20260825-adopt
SNR-09J5,USGS:04093000,snap-20260825-adopt
SNR-09J6,USGS:04177700,snap-20260825-adopt
SNR-09J7,USGS:05537980,snap-20260825-adopt
SNR-09J8,USGS:01201510,snap-20260825-adopt
SNR-09J9,USGS:04100040,snap-20260825-adopt
SNR-09JA,USGS:04177680,snap-20260825-adopt
SNR-09JB,USGS:01196220,snap-20260825-adopt
SNR-09JC,IWQIS:WQS0046,snap-20260825-adopt
SNR-09JD,USGS:05487550,snap-20260825-adopt
SNR-09JE,USGS:413217083492900,snap-20260825-adopt
SNR-09JF,USGS:01117370,snap-20260825-adopt
SNR-09JG,USGS:05538360,snap-20260825-adopt
SNR-09JH,USGS:05536255,snap-20260825-adopt
SNR-09JI,USGS:413227097125001,snap-20260825-adopt
SNR-09JJ,USGS:01543693,snap-20260825-adopt
SNR-09JK,USGS:01193050,snap-20260825-adopt
SNR-09JL,USGS:04099580,snap-20260825-adopt
SNR-09JM,USGS:01196215,snap-20260825-adopt
SNR-09JN,USGS:04208943,snap-20260825-adopt
SNR-09JO,USGS:01106100,snap-20260825-adopt
SNR-09JP,USGS:06610700,snap-20260825-adopt
SNR-09JQ,USGS:05536270,snap-20260825-adopt
SNR-09JR,USGS:05422600,snap-20260825-adopt
SNR-09JS,USGS:05515400,snap-20260825-adopt
SNR-09JT,USGS:06630465,snap-20260825-adopt
SNR-09JU,USGS:413252071131501,snap-20260825-adopt
SNR-09JV,USGS:01196250,snap-20260825-adopt
SNR-09JW,USGS:04100020,snap-20260825-adopt
SNR-09JX,USGS:06630480,snap-20260825-adopt
SNR-09JY,USGS:01203000,snap-20260825-adopt
SNR-09JZ,USGS:06675500,snap-20260825-adopt
SNR-09K0,USGS:03016110,snap-20260825-adopt
SNR-09K1,USGS:05422470,snap-20260825-adopt
SNR-09K2,USGS:01193500,snap-20260825-adopt
SNR-09K3,USGS:05455280,snap-20260825-adopt
SNR-09K4,USGS:03027500,snap-20260825-adopt
SNR-09K5,USGS:01127100,snap-20260825-adopt
SNR-09K6,USGS:04100030,snap-20260825-adopt
SNR-09K7,USGS:03027400,snap-20260825-adopt
SNR-09K8,USGS:06661585,snap-20260825-adopt
SNR-09K9,USGS:04099600,snap-20260825-adopt
SNR-09KA,USGS:06632600,snap-20260825-adopt
SNR-09KB,USGS:05446500,snap-20260825-adopt
SNR-09KC,USGS:05515210,snap-20260825-adopt
SNR-09KD,USGS:05422560,snap-20260825-adopt
SNR-09KE,USGS:01117100,snap-20260825-adopt
SNR-09KF,USGS:01208171,snap-20260825-adopt
SNR-09KG,USGS:04100110,snap-20260825-adopt
SNR-09KH,USGS:01203805,snap-20260825-adopt
SNR-09KI,USGS:413329097291501,snap-20260825-adopt
SNR-09KJ,USGS:03027200,snap-20260825-adopt
SNR-09KK,USGS:01106000,snap-20260825-adopt
SNR-09KL,USGS:01534000,snap-20260825-adopt
SNR-09KM,USGS:01127500,snap-20260825-adopt
SNR-09KN,USGS:05422584,snap-20260825-adopt
SNR-09KO,USGS:413339087223001,snap-20260825-adopt
SNR-09KP,USGS:05536189,snap-20260825-adopt
SNR-09KQ,USGS:01193000,snap-20260825-adopt
SNR-09KR,USGS:05536190,snap-20260825-adopt
SNR-09KS,USGS:413340087285001,snap-20260825-adopt
SNR-09KT,USGS:06800000,snap-20260825-adopt
SNR-09KU,USGS:05484650,snap-20260825-adopt
SNR-09KV,USGS:01430000,snap-20260825-adopt
SNR-09KW,USGS:05515000,snap-20260825-adopt
SNR-09KX,USGS:01428000,snap-20260825-adopt
SNR-09KY,USGS:05447200,snap-20260825-adopt
SNR-09KZ,USGS:01196100,snap-20260825-adopt
SNR-09L0,USGS:011173545,snap-20260825-adopt
SNR-09L1,USGS:04093176,snap-20260825-adopt
SNR-09L2,USGS:05536191,snap-20260825-adopt
SNR-09L3,USGS:06630500,snap-20260825-adopt
SNR-09L4,USGS:05455350,snap-20260825-adopt
SNR-09L5,USGS:01433005,snap-20260825-adopt
SNR-09L6,USGS:01549100,snap-20260825-adopt
SNR-09L7,USGS:05536275,snap-20260825-adopt
SNR-09L8,USGS:05536160,snap-20260825-adopt
SNR-09L9,USGS:05422590,snap-20260825-adopt
SNR-09LA,USGS:05555775,snap-20260825-adopt
SNR-09LB,USGS:04093100,snap-20260825-adopt
SNR-09LC,USGS:05536165,snap-20260825-adopt
SNR-09LD,USGS:01196150,snap-20260825-adopt
SNR-09LE,USGS:05422586,snap-20260825-adopt
SNR-09LF,USGS:011230695,snap-20260825-adopt
SNR-09LG,USGS:413413071270400,snap-20260825-adopt
SNR-09LH,USGS:05537000,snap-20260825-adopt
SNR-09LI,USGS:01127400,snap-20260825-adopt
SNR-09LJ,USGS:03016000,snap-20260825-adopt
SNR-09LK,USGS:06661600,snap-20260825-adopt
SNR-09LL,USGS:04093200,snap-20260825-adopt
SNR-09LM,USGS:04185150,snap-20260825-adopt
SNR-09LN,USGS:01126923,snap-20260825-adopt
SNR-09LO,USGS:05485000,snap-20260825-adopt
SNR-09LP,USGS:04093250,snap-20260825-adopt
SNR-09LQ,USGS:01372800,snap-20260825-adopt
SNR-09LR,USGS:04099190,snap-20260825-adopt
SNR-09LS,USGS:05422410,snap-20260825-adopt
SNR-09LT,USGS:05472290,snap-20260825-adopt
SNR-09LU,USGS:01117800,snap-20260825-adopt
SNR-09LV,USGS:04208684,snap-20260825-adopt
SNR-09LW,USGS:01193463,snap-20260825-adopt
SNR-09LX,USGS:04208690,snap-20260825-adopt
SNR-09LY,IWQIS:WQS0098,snap-20260825-adopt
SNR-09LZ,USGS:01533950,snap-20260825-adopt
SNR-09M0,USGS:05422405,snap-20260825-adopt
SNR-09M1,USGS:04093500,snap-20260825-adopt
SNR-09M2,USGS:03028000,snap-20260825-adopt
SNR-09M3,USGS:01117820,snap-20260825-adopt
SNR-09M4,USGS:06675850,snap-20260825-adopt
SNR-09M5,USGS:413433097345101,snap-20260825-adopt
SNR-09M6,USGS:01203600,snap-20260825-adopt
SNR-09M7,USGS:01372850,snap-20260825-adopt
SNR-09M8,USGS:04100100,snap-20260825-adopt
SNR-09M9,USGS:05536195,snap-20260825-adopt
SNR-09MA,USGS:03015950,snap-20260825-adopt
SNR-09MB,USGS:0110588374,snap-20260825-adopt
SNR-09MC,USGS:05485500,snap-20260825-adopt
SNR-09MD,USGS:01542810,snap-20260825-adopt
SNR-09ME,USGS:413444088045902,snap-20260825-adopt
SNR-09MF,USGS:04099620,snap-20260825-adopt
SNR-09MG,USGS:04099610,snap-20260825-adopt
SNR-09MH,USGS:06628800,snap-20260825-adopt
SNR-09MI,USGS:05484900,snap-20260825-adopt
SNR-09MJ,USGS:05534100,snap-20260825-adopt
SNR-09MK,USGS:04208700,snap-20260825-adopt
SNR-09ML,USGS:04193994,snap-20260825-adopt
SNR-09MM,USGS:04193998,snap-20260825-adopt
SNR-09MN,USGS:06684900,snap-20260825-adopt
SNR-09MO,USGS:04099200,snap-20260825-adopt
SNR-09MP,USGS:01126950,snap-20260825-adopt
SNR-09MQ,USGS:06632400,snap-20260825-adopt
SNR-09MR,USGS:01105933,snap-20260825-adopt
SNR-09MS,USGS:06632700,snap-20260825-adopt
SNR-09MT,USGS:06628900,snap-20260825-adopt
SNR-09MU,USGS:04177400,snap-20260825-adopt
SNR-09MV,USGS:06632500,snap-20260825-adopt
SNR-09MW,IWQIS:WQS0100,snap-20260825-adopt
SNR-09MX,USGS:01429000,snap-20260825-adopt
SNR-09MY,USGS:01370836,snap-20260825-adopt
SNR-09MZ,USGS:05484800,snap-20260825-adopt
SNR-09N0,USGS:413516088043401,snap-20260825-adopt
SNR-09N1,USGS:413516088043402,snap-20260825-adopt
SNR-09N2,USGS:04099560,snap-20260825-adopt
SNR-09N3,USGS:011058837198,snap-20260825-adopt
SNR-09N4,USGS:05536335,snap-20260825-adopt
SNR-09N5,USGS:413519081340100,snap-20260825-adopt
SNR-09N6,USGS:01196000,snap-20260825-adopt
SNR-09N7,USGS:413520088043902,snap-20260825-adopt
SNR-09N8,USGS:413520088043901,snap-20260825-adopt
SNR-09N9,USGS:04208953,snap-20260825-adopt
SNR-09NA,IWQIS:WQS0086,snap-20260825-adopt
SNR-09NB,USGS:01532200,snap-20260825-adopt
SNR-09NC,USGS:05484000,snap-20260825-adopt
SNR-09ND,USGS:05455230,snap-20260825-adopt
SNR-09NE,USGS:011058837,snap-20260825-adopt
SNR-09NF,USGS:04099640,snap-20260825-adopt
SNR-09NG,USGS:01193450,snap-20260825-adopt
SNR-09NH,USGS:01200600,snap-20260825-adopt
SNR-09NI,USGS:04100500,snap-20260825-adopt
SNR-09NJ,USGS:04093503,snap-20260825-adopt
SNR-09NK,USGS:03018000,snap-20260825-adopt
SNR-09NL,USGS:06629000,snap-20260825-adopt
SNR-09NM,IWQIS:WQS0092,snap-20260825-adopt
SNR-09NN,USGS:413543088053704,snap-20260825-adopt
SNR-09NO,USGS:01437100,snap-20260825-adopt
SNR-09NP,USGS:05534050,snap-20260825-adopt
SNR-09NQ,USGS:04192695,snap-20260825-adopt
SNR-09NR,USGS:04094500,snap-20260825-adopt
SNR-09NS,USGS:05536310,snap-20260825-adopt
SNR-09NT,USGS:01372900,snap-20260825-adopt
SNR-09NU,USGS:01127000,snap-20260825-adopt
SNR-09NV,USGS:05536998,snap-20260825-adopt
SNR-09NW,USGS:01105883757,snap-20260825-adopt
SNR-09NX,USGS:01193250,snap-20260825-adopt
SNR-09NY,USGS:01195510,snap-20260825-adopt
SNR-09NZ,USGS:03015650,snap-20260825-adopt
SNR-09O0,USGS:413601070275800,snap-20260825-adopt
SNR-09O1,USGS:05538440,snap-20260825-adopt
SNR-09O2,USGS:04099250,snap-20260825-adopt
SNR-09O3,USGS:01105950,snap-20260825-adopt
SNR-09O4,USGS:01195500,snap-20260825-adopt
SNR-09O5,USGS:05487540,snap-20260825-adopt
SNR-09O6,IWQIS:WQS0047,snap-20260825-adopt
SNR-09O7,USGS:03017500,snap-20260825-adopt
SNR-09O8,USGS:413610087201001,snap-20260825-adopt
SNR-09O9,USGS:413611087201101,snap-20260825-adopt
SNR-09OA,USGS:413611087201102,snap-20260825-adopt
SNR-09OB,USGS:413611087201001,snap-20260825-adopt
SNR-09OC,USGS:413611087201002,snap-20260825-adopt
SNR-09OD,USGS:413611087201004,snap-20260825-adopt
SNR-09OE,USGS:413611087200901,snap-20260825-adopt
SNR-09OF,USGS:413611087200903,snap-20260825-adopt
SNR-09OG,USGS:05514770,snap-20260825-adopt
SNR-09OH,USGS:413612087201301,snap-20260825-adopt
SNR-09OI,USGS:413612087201201,snap-20260825-adopt
SNR-09OJ,USGS:413612087201002,snap-20260825-adopt
SNR-09OK,USGS:413612087200901,snap-20260825-adopt
SNR-09OL,USGS:413612087200902,snap-20260825-adopt
SNR-09OM,USGS:413612087201001,snap-20260825-adopt
SNR-09ON,USGS:01195490,snap-20260825-adopt
SNR-09OO,USGS:05464880,snap-20260825-adopt
SNR-09OP,USGS:01126910,snap-20260825-adopt
SNR-09OQ,USGS:04099800,snap-20260825-adopt
SNR-09OR,USGS:06788500,snap-20260825-adopt
SNR-09OS,USGS:05455100,snap-20260825-adopt
SNR-09OT,IWQIS:WQP0011,snap-20260825-adopt
SNR-09OU,USGS:05536290,snap-20260825-adopt
SNR-09OV,USGS:01429500,snap-20260825-adopt
SNR-09OW,USGS:413626087211101,snap-20260825-adopt
SNR-09OX,USGS:01533400,snap-20260825-adopt
SNR-09OY,USGS:01201190,snap-20260825-adopt
SNR-09OZ,USGS:04092677,snap-20260825-adopt
SNR-09P0,USGS:05551800,snap-20260825-adopt
SNR-09P1,USGS:413628087201401,snap-20260825-adopt
SNR-09P2,USGS:01192704,snap-20260825-adopt
SNR-09P3,USGS:413632087221900,snap-20260825-adopt
SNR-09P4,USGS:04193999,snap-20260825-adopt
SNR-09P5,IWQIS:WQS0077,snap-20260825-adopt
SNR-09P6,USGS:01548422,snap-20260825-adopt
SNR-09P7,USGS:413642071125701,snap-20260825-adopt
SNR-09P8,USGS:05482000,snap-20260825-adopt
SNR-09P9,USGS:413644087230601,snap-20260825-adopt
SNR-09PA,USGS:01115670,snap-20260825-adopt
SNR-09PB,USGS:413646087260101,snap-20260825-adopt
SNR-09PC,IWQIS:WQS0097,snap-20260825-adopt
SNR-09PD,USGS:05485640,snap-20260825-adopt
SNR-09PE,USGS:05536340,snap-20260825-adopt
SNR-09PF,USGS:413651087285001,snap-20260825-adopt
SNR-09PG,USGS:06608900,snap-20260825-adopt
SNR-09PH,USGS:413653087232201,snap-20260825-adopt
SNR-09PI,USGS:413654087230501,snap-20260825-adopt
SNR-09PJ,USGS:05422450,snap-20260825-adopt
SNR-09PK,USGS:413655087160601,snap-20260825-adopt
SNR-09PL,USGS:413656087272301,snap-20260825-adopt
SNR-09PM,USGS:413657087231201,snap-20260825-adopt
SNR-09PN,USGS:413658083344200,snap-20260825-adopt
SNR-09PO,USGS:05515230,snap-20260825-adopt
SNR-09PP,USGS:05515220,snap-20260825-adopt
SNR-09PQ,USGS:06631200,snap-20260825-adopt
SNR-09PR,USGS:413703087230501,snap-20260825-adopt
SNR-09PS,USGS:413704087153501,snap-20260825-adopt
SNR-09PT,USGS:413704083335100,snap-20260825-adopt
SNR-09PU,USGS:413704087233101,snap-20260825-adopt
SNR-09PV,USGS:01548418,snap-20260825-adopt
SNR-09PW,USGS:413705087231601,snap-20260825-adopt
SNR-09PX,USGS:01548417,snap-20260825-adopt
SNR-09PY,USGS:05536356,snap-20260825-adopt
SNR-09PZ,USGS:01192700,snap-20260825-adopt
SNR-09Q0,USGS:01371000,snap-20260825-adopt
SNR-09Q1,USGS:413710087230602,snap-20260825-adopt
SNR-09Q2,USGS:413714093380001,snap-20260825-adopt
SNR-09Q3,USGS:413714093375801,snap-20260825-adopt
SNR-09Q4,USGS:413714093375901,snap-20260825-adopt
SNR-09Q5,USGS:413714093375802,snap-20260825-adopt
SNR-09Q6,USGS:413715087232101,snap-20260825-adopt
SNR-09Q7,USGS:03017800,snap-20260825-adopt
SNR-09Q8,USGS:06791750,snap-20260825-adopt
SNR-09Q9,USGS:05536343,snap-20260825-adopt
SNR-09QA,USGS:413718087233701,snap-20260825-adopt
SNR-09QB,USGS:413720087233901,snap-20260825-adopt
SNR-09QC,USGS:04094000,snap-20260825-adopt
SNR-09QD,USGS:04095090,snap-20260825-adopt
SNR-09QE,USGS:413721087235801,snap-20260825-adopt
SNR-09QF,USGS:413722087304901,snap-20260825-adopt
SNR-09QG,USGS:03023300,snap-20260825-adopt
SNR-09QH,USGS:05515240,snap-20260825-adopt
SNR-09QI,USGS:01548416,snap-20260825-adopt
SNR-09QJ,USGS:04099670,snap-20260825-adopt
SNR-09QK,USGS:05536357,snap-20260825-adopt
SNR-09QL,USGS:04099100,snap-20260825-adopt
SNR-09QM,USGS:04099840,snap-20260825-adopt
SNR-09QN,USGS:06608800,snap-20260825-adopt
SNR-09QO,USGS:06777800,snap-20260825-adopt
SNR-09QP,USGS:05536325,snap-20260825-adopt
SNR-09QQ,IWQIS:WQP0001,snap-20260825-adopt
SNR-09QR,USGS:06685000,snap-20260825-adopt
SNR-09QS,USGS:01115630,snap-20260825-adopt
SNR-09QT,USGS:04194000,snap-20260825-adopt
SNR-09QU,USGS:01203700,snap-20260825-adopt
SNR-09QV,USGS:0110588340,snap-20260825-adopt
SNR-09QW,USGS:06778000,snap-20260825-adopt
SNR-09QX,USGS:04099500,snap-20260825-adopt
SNR-09QY,USGS:04099060,snap-20260825-adopt
SNR-09QZ,USGS:01548413,snap-20260825-adopt
SNR-09R0,USGS:06631260,snap-20260825-adopt
SNR-09R1,USGS:413745083314900,snap-20260825-adopt
SNR-09R2,USGS:04099400,snap-20260825-adopt
SNR-09R3,USGS:011058835951,snap-20260825-adopt
SNR-09R4,IWQIS:WQP0004,snap-20260825-adopt
SNR-09R5,IWQIS:WQP0015,snap-20260825-adopt
SNR-09R6,IWQIS:WQP0014,snap-20260825-adopt
SNR-09R7,USGS:01116870,snap-20260825-adopt
SNR-09R8,USGS:01116905,snap-20260825-adopt
SNR-09R9,USGS:05536460,snap-20260825-adopt
SNR-09RA,USGS:04209000,snap-20260825-adopt
SNR-09RB,USGS:03026500,snap-20260825-adopt
SNR-09RC,USGS:06609600,snap-20260825-adopt
SNR-09RD,USGS:01372065,snap-20260825-adopt
SNR-09RE,USGS:04099050,snap-20260825-adopt
SNR-09RF,USGS:03023100,snap-20260825-adopt
SNR-09RG,USGS:04194002,snap-20260825-adopt
SNR-09RH,USGS:01193348,snap-20260825-adopt
SNR-09RI,USGS:0110588364,snap-20260825-adopt
SNR-09RJ,USGS:06608600,snap-20260825-adopt
SNR-09RK,USGS:04099510,snap-20260825-adopt
SNR-09RL,USGS:04099430,snap-20260825-adopt
SNR-09RM,USGS:04099520,snap-20260825-adopt
SNR-09RN,USGS:01436690,snap-20260825-adopt
SNR-09RO,USGS:413831097384501,snap-20260825-adopt
SNR-09RP,USGS:06631100,snap-20260825-adopt
SNR-09RQ,USGS:06608700,snap-20260825-adopt
SNR-09RR,USGS:05536995,snap-20260825-adopt
SNR-09RS,USGS:05422420,snap-20260825-adopt
SNR-09RT,USGS:05534000,snap-20260825-adopt
SNR-09RU,USGS:01117000,snap-20260825-adopt
SNR-09RV,USGS:06609500,snap-20260825-adopt
SNR-09RW,USGS:06676900,snap-20260825-adopt
SNR-09RX,IWQIS:WQS0040,snap-20260825-adopt
SNR-09RY,USGS:04099440,snap-20260825-adopt
SNR-09RZ,USGS:03015795,snap-20260825-adopt
SNR-09S0,USGS:05537500,snap-20260825-adopt
SNR-09S1,USGS:05551580,snap-20260825-adopt
SNR-09S2,USGS:05551581,snap-20260825-adopt
SNR-09S3,USGS:05551582,snap-20260825-adopt
SNR-09S4,IWQIS:WQS0095,snap-20260825-adopt
SNR-09S5,USGS:01115770,snap-20260825-adopt
SNR-09S6,USGS:03026480,snap-20260825-adopt
SNR-09S7,USGS:01115800,snap-20260825-adopt
SNR-09S8,USGS:06807320,snap-20260825-adopt
SNR-09S9,USGS:05455210,snap-20260825-adopt
SNR-09SA,USGS:0680737930,snap-20260825-adopt
SNR-09SB,USGS:04100800,snap-20260825-adopt
SNR-09SC,IWQIS:WQS0075,snap-20260825-adopt
SNR-09SD,USGS:413846070480601,snap-20260825-adopt
SNR-09SE,USGS:05455200,snap-20260825-adopt
SNR-09SF,USGS:05536500,snap-20260825-adopt
SNR-09SG,USGS:413849083315000,snap-20260825-adopt
SNR-09SH,USGS:01544450,snap-20260825-adopt
SNR-09SI,USGS:05455140,snap-20260825-adopt
SNR-09SJ,USGS:01548408,snap-20260825-adopt
SNR-09SK,USGS:05536358,snap-20260825-adopt
SNR-09SL,USGS:05455150,snap-20260825-adopt
SNR-09SM,USGS:04092750,snap-20260825-adopt
SNR-09SN,USGS:413859087302901,snap-20260825-adopt
SNR-09SO,USGS:05455010,snap-20260825-adopt
SNR-09SP,USGS:04092788,snap-20260825-adopt
SNR-09SQ,USGS:04184760,snap-20260825-adopt
SNR-09SR,USGS:01372058,snap-20260825-adopt
SNR-09SS,USGS:01192692,snap-20260825-adopt
SNR-09ST,USGS:05536620,snap-20260825-adopt
SNR-09SU,USGS:05536368,snap-20260825-adopt
SNR-09SV,USGS:04194082,snap-20260825-adopt
SNR-09SW,USGS:06630800,snap-20260825-adopt
SNR-09SX,USGS:01192691,snap-20260825-adopt
SNR-09SY,USGS:01200500,snap-20260825-adopt
SNR-09SZ,USGS:01429301,snap-20260825-adopt
SNR-09T0,USGS:01372500,snap-20260825-adopt
SNR-09T1,USGS:06676500,snap-20260825-adopt
SNR-09T2,USGS:413913083314200,snap-20260825-adopt
SNR-09T3,USGS:04095050,snap-20260825-adopt
SNR-09T4,USGS:05447050,snap-20260825-adopt
SNR-09T5,IWQIS:WQS0109,snap-20260825-adopt
SNR-09T6,USGS:01208013,snap-20260825-adopt
SNR-09T7,USGS:06777500,snap-20260825-adopt
SNR-09T8,USGS:04097780,snap-20260825-adopt
SNR-09T9,USGS:413922083310500,snap-20260825-adopt
SNR-09TA,IWQIS:WQS9999,snap-20260825-adopt
SNR-09TB,USGS:05454500,snap-20260825-adopt
SNR-09TC,USGS:01192690,snap-20260825-adopt
SNR-09TD,USGS:05536366,snap-20260825-adopt
SNR-09TE,USGS:01208012,snap-20260825-adopt
SNR-09TF,USGS:01429300,snap-20260825-adopt
SNR-09TG,USGS:01200000,snap-20260825-adopt
SNR-09TH,USGS:06799385,snap-20260825-adopt
SNR-09TI,USGS:05471040,snap-20260825-adopt
SNR-09TJ,USGS:04184500,snap-20260825-adopt
SNR-09TK,USGS:04177000,snap-20260825-adopt
SNR-09TL,USGS:413937093391601,snap-20260825-adopt
SNR-09TM,USGS:413937093391701,snap-20260825-adopt
SNR-09TN,USGS:413937093391801,snap-20260825-adopt
SNR-09TO,USGS:01115830,snap-20260825-adopt
SNR-09TP,USGS:05536510,snap-20260825-adopt
SNR-09TQ,USGS:01208100,snap-20260825-adopt
SNR-09TR,USGS:413941087331201,snap-20260825-adopt
SNR-09TS,USGS:413942087331301,snap-20260825-adopt
SNR-09TT,USGS:413943087331301,snap-20260825-adopt
SNR-09TU,USGS:01105917,snap-20260825-adopt
SNR-09TV,USGS:06777495,snap-20260825-adopt
SNR-09TW,USGS:01193465,snap-20260825-adopt
SNR-09TX,USGS:01192650,snap-20260825-adopt
SNR-09TY,USGS:05455000,snap-20260825-adopt
SNR-09TZ,USGS:06609000,snap-20260825-adopt
SNR-09U0,USGS:04095095,snap-20260825-adopt
SNR-09U1,USGS:04095096,snap-20260825-adopt
SNR-09U2,USGS:04176900,snap-20260825-adopt
SNR-09U3,USGS:0110588332,snap-20260825-adopt
SNR-09U4,USGS:414002087360801,snap-20260825-adopt
SNR-09U5,USGS:01436655,snap-20260825-adopt
SNR-09U6,USGS:01432900,snap-20260825-adopt
SNR-09U7,USGS:05464942,snap-20260825-adopt
SNR-09U8,USGS:0546494205,snap-20260825-adopt
SNR-09U9,USGS:04097850,snap-20260825-adopt
SNR-09UA,USGS:01123000,snap-20260825-adopt
SNR-09UB,USGS:05551700,snap-20260825-adopt
SNR-09UC,USGS:03023000,snap-20260825-adopt
SNR-09UD,USGS:03017000,snap-20260825-adopt
SNR-09UE,USGS:05533600,snap-20260825-adopt
SNR-09UF,USGS:04194075,snap-20260825-adopt
SNR-09UG,USGS:01189000,snap-20260825-adopt
SNR-09UH,USGS:0546494170,snap-20260825-adopt
SNR-09UI,USGS:06809000,snap-20260825-adopt
SNR-09UJ,USGS:01206900,snap-20260825-adopt
SNR-09UK,USGS:05536630,snap-20260825-adopt
SNR-09UL,USGS:01428750,snap-20260825-adopt
SNR-09UM,USGS:04099808,snap-20260825-adopt
SNR-09UN,USGS:414032083293600,snap-20260825-adopt
SNR-09UO,USGS:04194085,snap-20260825-adopt
SNR-09UP,USGS:04184750,snap-20260825-adopt
SNR-09UQ,USGS:414034093391801,snap-20260825-adopt
SNR-09UR,USGS:414034093391803,snap-20260825-adopt
SNR-09US,USGS:414034093391802,snap-20260825-adopt
SNR-09UT,USGS:414035093391801,snap-20260825-adopt
SNR-09UU,USGS:06676550,snap-20260825-adopt
SNR-09UV,IWQIS:WQS0002,snap-20260825-adopt
SNR-09UW,USGS:05454300,snap-20260825-adopt
SNR-09UX,USGS:414037088003201,snap-20260825-adopt
SNR-09UY,USGS:414037083452300,snap-20260825-adopt
SNR-09UZ,USGS:06684498,snap-20260825-adopt
SNR-09V0,USGS:06684500,snap-20260825-adopt
SNR-09V1,USGS:414040088004201,snap-20260825-adopt
SNR-09V2,USGS:414042088003201,snap-20260825-adopt
SNR-09V3,USGS:05536900,snap-20260825-adopt
SNR-09V4,USGS:01534300,snap-20260825-adopt
SNR-09V5,USGS:06684499,snap-20260825-adopt
SNR-09V6,USGS:05481650,snap-20260825-adopt
SNR-09V7,USGS:01126700,snap-20260825-adopt
SNR-09V8,IWQIS:WQS0059,snap-20260825-adopt
SNR-09V9,USGS:06791700,snap-20260825-adopt
SNR-09VA,USGS:04099850,snap-20260825-adopt
SNR-09VB,IWQIS:WQP0013,snap-20260825-adopt
SNR-09VC,USGS:01190095,snap-20260825-adopt
SNR-09VD,USGS:04099740,snap-20260825-adopt
SNR-09VE,USGS:05533500,snap-20260825-adopt
SNR-09VF,USGS:05471050,snap-20260825-adopt
SNR-09VG,IWQIS:WQS0058,snap-20260825-adopt
SNR-09VH,USGS:04177266,snap-20260825-adopt
SNR-09VI,USGS:05514760,snap-20260825-adopt
SNR-09VJ,USGS:04095100,snap-20260825-adopt
SNR-09VK,USGS:414104104501401,snap-20260825-adopt
SNR-09VL,IWQIS:WQS0076,snap-20260825-adopt
SNR-09VM,USGS:04092485,snap-20260825-adopt
SNR-09VN,USGS:01371500,snap-20260825-adopt
SNR-09VO,USGS:01371400,snap-20260825-adopt
SNR-09VP,USGS:05453900,snap-20260825-adopt
SNR-09VQ,IWQIS:WQS0032,snap-20260825-adopt
SNR-09VR,USGS:05483600,snap-20260825-adopt
SNR-09VS,USGS:04176706,snap-20260825-adopt
SNR-09VT,USGS:05454180,snap-20260825-adopt
SNR-09VU,IWQIS:WQS0093,snap-20260825-adopt
SNR-09VV,USGS:05481950,snap-20260825-adopt
SNR-09VW,USGS:04194076,snap-20260825-adopt
SNR-09VX,IWQIS:WQS0094,snap-20260825-adopt
SNR-09VY,USGS:05536580,snap-20260825-adopt
SNR-09VZ,IWQIS:WQP0002,snap-20260825-adopt
SNR-09W0,USGS:04095250,snap-20260825-adopt
SNR-09W1,USGS:01116000,snap-20260825-adopt
SNR-09W2,USGS:0546494140,snap-20260825-adopt
SNR-09W3,USGS:05540290,snap-20260825-adopt
SNR-09W4,USGS:0546494150,snap-20260825-adopt
SNR-09W5,USGS:03022540,snap-20260825-adopt
SNR-09W6,USGS:05536890,snap-20260825-adopt
SNR-09W7,USGS:414130087521301,snap-20260825-adopt
SNR-09W8,USGS:04101000,snap-20260825-adopt
SNR-09W9,USGS:05514900,snap-20260825-adopt
SNR-09WA,USGS:414135083281900,snap-20260825-adopt
SNR-09WB,USGS:414135087521101,snap-20260825-adopt
SNR-09WC,USGS:01126200,snap-20260825-adopt
SNR-09WD,IWQIS:WQS0001,snap-20260825-adopt
SNR-09WE,USGS:01116650,snap-20260825-adopt
SNR-09WF,USGS:05514750,snap-20260825-adopt
SNR-09WG,USGS:04099810,snap-20260825-adopt
SNR-09WH,USGS:05483470,snap-20260825-adopt
SNR-09WI,USGS:04100000,snap-20260825-adopt
SNR-09WJ,USGS:03022554,snap-20260825-adopt
SNR-09WK,USGS:01193300,snap-20260825-adopt
SNR-09WL,USGS:04095154,snap-20260825-adopt
SNR-09WM,USGS:05536700,snap-20260825-adopt
SNR-09WN,USGS:04194077,snap-20260825-adopt
SNR-09WO,USGS:01531908,snap-20260825-adopt
SNR-09WP,USGS:06629100,snap-20260825-adopt
SNR-09WQ,USGS:01199490,snap-20260825-adopt
SNR-09WR,USGS:05453950,snap-20260825-adopt
SNR-09WS,USGS:04097660,snap-20260825-adopt
SNR-09WT,USGS:01427650,snap-20260825-adopt
SNR-09WU,USGS:06795100,snap-20260825-adopt
SNR-09WV,USGS:05454090,snap-20260825-adopt
SNR-09WW,USGS:06799190,snap-20260825-adopt
SNR-09WX,USGS:05454000,snap-20260825-adopt
SNR-09WY,USGS:05536570,snap-20260825-adopt
SNR-09WZ,USGS:01122500,snap-20260825-adopt
SNR-09X0,USGS:414204071111601,snap-20260825-adopt
SNR-09X1,IWQIS:WQS0004,snap-20260825-adopt
SNR-09X2,USGS:05551545,snap-20260825-adopt
SNR-09X3,USGS:04095158,snap-20260825-adopt
SNR-09X4,USGS:03016500,snap-20260825-adopt
SNR-09X5,USGS:01206500,snap-20260825-adopt
SNR-09X6,USGS:01206000,snap-20260825-adopt
SNR-09X7,USGS:01190200,snap-20260825-adopt
SNR-09X8,USGS:414224070452001,snap-20260825-adopt
SNR-09X9,USGS:01533250,snap-20260825-adopt
SNR-09XA,USGS:01532000,snap-20260825-adopt
SNR-09XB,USGS:05533400,snap-20260825-adopt
SNR-09XC,USGS:04097950,snap-20260825-adopt
SNR-09XD,USGS:05453850,snap-20260825-adopt
SNR-09XE,USGS:04177080,snap-20260825-adopt
SNR-09XF,USGS:05447000,snap-20260825-adopt
SNR-09XG,USGS:01372051,snap-20260825-adopt
SNR-09XH,USGS:01126500,snap-20260825-adopt
SNR-09XI,USGS:05533380,snap-20260825-adopt
SNR-09XJ,USGS:01199477,snap-20260825-adopt
SNR-09XK,USGS:06791500,snap-20260825-adopt
SNR-09XL,USGS:05514741,snap-20260825-adopt
SNR-09XM,USGS:01190100,snap-20260825-adopt
SNR-09XN,USGS:06799500,snap-20260825-adopt
SNR-09XO,USGS:06808880,snap-20260825-adopt
SNR-09XP,USGS:04097970,snap-20260825-adopt
SNR-09XQ,USGS:06684000,snap-20260825-adopt
SNR-09XR,USGS:03022500,snap-20260825-adopt
SNR-09XS,USGS:01366650,snap-20260825-adopt
SNR-09XT,USGS:01115900,snap-20260825-adopt
SNR-09XU,USGS:05453700,snap-20260825-adopt
SNR-09XV,USGS:05453520,snap-20260825-adopt
SNR-09XW,USGS:04212895,snap-20260825-adopt
SNR-09XX,USGS:05536550,snap-20260825-adopt
SNR-09XY,USGS:04095300,snap-20260825-adopt
SNR-09XZ,USGS:015319015,snap-20260825-adopt
SNR-09Y0,IWQIS:WQS0096,snap-20260825-adopt
SNR-09Y1,USGS:05485605,snap-20260825-adopt
SNR-09Y2,USGS:01192600,snap-20260825-adopt
SNR-09Y3,USGS:05540250,snap-20260825-adopt
SNR-09Y4,IWQIS:WQS0003,snap-20260825-adopt
SNR-09Y5,USGS:05454220,snap-20260825-adopt
SNR-09Y6,USGS:01192610,snap-20260825-adopt
SNR-09Y7,USGS:01122700,snap-20260825-adopt
SNR-09Y8,USGS:04212100,snap-20260825-adopt
SNR-09Y9,USGS:05536560,snap-20260825-adopt
SNR-09YA,USGS:01202501,snap-20260825-adopt
SNR-09YB,USGS:01122000,snap-20260825-adopt
SNR-09YC,USGS:05540130,snap-20260825-adopt
SNR-09YD,USGS:04101225,snap-20260825-adopt
SNR-09YE,USGS:01372043,snap-20260825-adopt
SNR-09YF,USGS:04099820,snap-20260825-adopt
SNR-09YG,USGS:04097600,snap-20260825-adopt
SNR-09YH,IWQIS:WQS0021,snap-20260825-adopt
SNR-09YI,USGS:01366750,snap-20260825-adopt
SNR-09YJ,USGS:414320072362601,snap-20260825-adopt
SNR-09YK,USGS:01122690,snap-20260825-adopt
SNR-09YL,USGS:04184846,snap-20260825-adopt
SNR-09YM,USGS:04095380,snap-20260825-adopt
SNR-09YN,USGS:05453750,snap-20260825-adopt
SNR-09YO,USGS:01202500,snap-20260825-adopt
SNR-09YP,USGS:04097596,snap-20260825-adopt
SNR-09YQ,USGS:06631000,snap-20260825-adopt
SNR-09YR,USGS:414340087313901,snap-20260825-adopt
SNR-09YS,USGS:414329072370601,snap-20260825-adopt
SNR-09YT,USGS:05514740,snap-20260825-adopt
SNR-09YU,USGS:04097680,snap-20260825-adopt
SNR-09YV,USGS:05533300,snap-20260825-adopt
SNR-09YW,USGS:04098100,snap-20260825-adopt
SNR-09YX,USGS:05540275,snap-20260825-adopt
SNR-09YY,USGS:01199290,snap-20260825-adopt
SNR-09YZ,USGS:01120000,snap-20260825-adopt
SNR-09Z0,USGS:04101370,snap-20260825-adopt
SNR-09Z1,USGS:01122680,snap-20260825-adopt
SNR-09Z2,USGS:01532940,snap-20260825-adopt
SNR-09Z3,USGS:05453600,snap-20260825-adopt
SNR-09Z4,USGS:04099700,snap-20260825-adopt
SNR-09Z5,USGS:01206400,snap-20260825-adopt
SNR-09Z6,IWQIS:WQS0011,snap-20260825-adopt
SNR-09Z7,USGS:06609482,snap-20260825-adopt
SNR-09Z8,USGS:01115500,snap-20260825-adopt
SNR-09Z9,USGS:05551540,snap-20260825-adopt
SNR-09ZA,USGS:01190500,snap-20260825-adopt
SNR-09ZB,USGS:06629150,snap-20260825-adopt
SNR-09ZC,USGS:05533200,snap-20260825-adopt
SNR-09ZD,USGS:06609590,snap-20260825-adopt
SNR-09ZE,USGS:01548214,snap-20260825-adopt
SNR-09ZF,USGS:06683000,snap-20260825-adopt
SNR-09ZG,USGS:04099860,snap-20260825-adopt
SNR-09ZH,USGS:04098110,snap-20260825-adopt
SNR-09ZI,USGS:06629200,snap-20260825-adopt
SNR-09ZJ,USGS:05533000,snap-20260825-adopt
SNR-09ZK,USGS:06633000,snap-20260825-adopt
SNR-09ZL,USGS:05551675,snap-20260825-adopt
SNR-09ZM,USGS:04098000,snap-20260825-adopt
SNR-09ZN,USGS:04098300,snap-20260825-adopt
SNR-09ZO,USGS:04099780,snap-20260825-adopt
SNR-09ZP,USGS:06629700,snap-20260825-adopt
SNR-09ZQ,USGS:06795000,snap-20260825-adopt
SNR-09ZR,USGS:01202700,snap-20260825-adopt
SNR-09ZS,USGS:04177200,snap-20260825-adopt
SNR-09ZT,IWQIS:WQS0022,snap-20260825-adopt
SNR-09ZU,USGS:04096100,snap-20260825-adopt
SNR-09ZV,USGS:04099750,snap-20260825-adopt
SNR-09ZW,USGS:05453000,snap-20260825-adopt
SNR-09ZX,USGS:04097550,snap-20260825-adopt
SNR-09ZY,USGS:06631140,snap-20260825-adopt
SNR-09ZZ,USGS:06609200,snap-20260825-adopt
SNR-0A00,USGS:01119500,snap-20260825-adopt
SNR-0A01,USGS:01116500,snap-20260825-adopt
SNR-0A02,USGS:04099880,snap-20260825-adopt
SNR-0A03,USGS:06669500,snap-20260825-adopt
SNR-0A04,USGS:06610520,snap-20260825-adopt
SNR-0A05,USGS:06607800,snap-20260825-adopt
SNR-0A06,USGS:041843678,snap-20260825-adopt
SNR-0A07,USGS:04097520,snap-20260825-adopt
SNR-0A08,USGS:01188090,snap-20260825-adopt
SNR-0A09,USGS:01372400,snap-20260825-adopt
SNR-0A0A,USGS:01116300,snap-20260825-adopt
SNR-0A0B,USGS:01436500,snap-20260825-adopt
SNR-0A0C,USGS:01188100,snap-20260825-adopt
SNR-0A0D,USGS:01427510,snap-20260825-adopt
SNR-0A0E,USGS:04099760,snap-20260825-adopt
SNR-0A0F,USGS:06631150,snap-20260825-adopt
SNR-0A0G,USGS:0110587880,snap-20260825-adopt
SNR-0A0H,USGS:04099790,snap-20260825-adopt
SNR-0A0I,USGS:05446950,snap-20260825-adopt
SNR-0A0J,USGS:03020440,snap-20260825-adopt
SNR-0A0K,USGS:01109100,snap-20260825-adopt
SNR-0A0L,USGS:01191500,snap-20260825-adopt
SNR-0A0M,USGS:05551930,snap-20260825-adopt
SNR-0A0N,USGS:01119480,snap-20260825-adopt
SNR-0A0O,USGS:01531325,snap-20260825-adopt
SNR-0A0P,USGS:01427500,snap-20260825-adopt
SNR-0A0Q,USGS:414542097473901,snap-20260825-adopt
SNR-0A0R,USGS:06629800,snap-20260825-adopt
SNR-0A0S,USGS:06662000,snap-20260825-adopt
SNR-0A0T,USGS:414545074212301,snap-20260825-adopt
SNR-0A0U,USGS:06793500,snap-20260825-adopt
SNR-0A0V,USGS:01205890,snap-20260825-adopt
SNR-0A0W,USGS:01115297,snap-20260825-adopt
SNR-0A0X,USGS:01126600,snap-20260825-adopt
SNR-0A0Y,USGS:01192370,snap-20260825-adopt
SNR-0A0Z,USGS:01531500,snap-20260825-adopt
SNR-0A10,USGS:05551530,snap-20260825-adopt
SNR-0A11,USGS:03011800,snap-20260825-adopt
SNR-0A12,USGS:06607900,snap-20260825-adopt
SNR-0A13,USGS:06607700,snap-20260825-adopt
SNR-0A14,IWQIS:WQS0023,snap-20260825-adopt
SNR-0A15,USGS:05422000,snap-20260825-adopt
SNR-0A16,USGS:05551900,snap-20260825-adopt
SNR-0A17,USGS:01548296,snap-20260825-adopt
SNR-0A18,USGS:01115300,snap-20260825-adopt
SNR-0A19,USGS:01190070,snap-20260825-adopt
SNR-0A1A,USGS:01105895,snap-20260825-adopt
SNR-0A1B,USGS:01190300,snap-20260825-adopt
SNR-0A1C,USGS:01427405,snap-20260825-adopt
SNR-0A1D,USGS:05551500,snap-20260825-adopt
SNR-0A1E,USGS:06682500,snap-20260825-adopt
SNR-0A1F,USGS:05540240,snap-20260825-adopt
SNR-0A1G,USGS:01126300,snap-20260825-adopt
SNR-0A1H,USGS:05443500,snap-20260825-adopt
SNR-0A1I,USGS:01192480,snap-20260825-adopt
SNR-0A1J,USGS:01366500,snap-20260825-adopt
SNR-0A1K,USGS:04101400,snap-20260825-adopt
SNR-0A1L,USGS:04101398,snap-20260825-adopt
SNR-0A1M,USGS:05551640,snap-20260825-adopt
SNR-0A1N,USGS:01105885,snap-20260825-adopt
SNR-0A1O,IWQIS:WQS0099,snap-20260825-adopt
SNR-0A1P,USGS:06608000,snap-20260825-adopt
SNR-0A1Q,USGS:01548309,snap-20260825-adopt
SNR-0A1R,USGS:06633500,snap-20260825-adopt
SNR-0A1S,USGS:06610510,snap-20260825-adopt
SNR-0A1T,USGS:03022000,snap-20260825-adopt
SNR-0A1U,USGS:01109090,snap-20260825-adopt
SNR-0A1V,USGS:05483460,snap-20260825-adopt
SNR-0A1W,USGS:06786000,snap-20260825-adopt
SNR-0A1X,USGS:414637099224701,snap-20260825-adopt
SNR-0A1Y,USGS:04176063,snap-20260825-adopt
SNR-0A1Z,USGS:414643100313101,snap-20260825-adopt
SNR-0A20,USGS:06775900,snap-20260825-adopt
SNR-0A21,USGS:05483450,snap-20260825-adopt
SNR-0A22,USGS:01199420,snap-20260825-adopt
SNR-0A23,USGS:01119600,snap-20260825-adopt
SNR-0A24,USGS:05420500,snap-20260825-adopt
SNR-0A25,USGS:01199400,snap-20260825-adopt
SNR-0A26,USGS:04098500,snap-20260825-adopt
SNR-0A27,USGS:01115275,snap-20260825-adopt
SNR-0A28,USGS:414659087411701,snap-20260825-adopt
SNR-0A29,USGS:01192500,snap-20260825-adopt
SNR-0A2A,USGS:414659087411702,snap-20260825-adopt
SNR-0A2B,USGS:414659087411901,snap-20260825-adopt
SNR-0A2C,USGS:01191000,snap-20260825-adopt
SNR-0A2D,USGS:04092440,snap-20260825-adopt
SNR-0A2E,USGS:01548303,snap-20260825-adopt
SNR-0A2F,USGS:06786500,snap-20260825-adopt
SNR-0A2G,USGS:01115276,snap-20260825-adopt
SNR-0A2H,USGS:01188000,snap-20260825-adopt
SNR-0A2I,USGS:05443000,snap-20260825-adopt
SNR-0A2J,USGS:05464780,snap-20260825-adopt
SNR-0A2K,USGS:06776000,snap-20260825-adopt
SNR-0A2L,USGS:01115184,snap-20260825-adopt
SNR-0A2M,USGS:01201930,snap-20260825-adopt
SNR-0A2N,USGS:06681999,snap-20260825-adopt
SNR-0A2O,USGS:06682000,snap-20260825-adopt
SNR-0A2P,USGS:01372040,snap-20260825-adopt
SNR-0A2Q,USGS:01115265,snap-20260825-adopt
SNR-0A2R,USGS:01516500,snap-20260825-adopt
SNR-0A2S,USGS:05540190,snap-20260825-adopt
SNR-0A2T,USGS:01119820,snap-20260825-adopt
SNR-0A2U,USGS:06681998,snap-20260825-adopt
SNR-0A2V,USGS:05540228,snap-20260825-adopt
SNR-0A2W,USGS:05453500,snap-20260825-adopt
SNR-0A2X,USGS:01187850,snap-20260825-adopt
SNR-0A2Y,USGS:414745087484901,snap-20260825-adopt
SNR-0A2Z,USGS:01115278,snap-20260825-adopt
SNR-0A30,USGS:01516350,snap-20260825-adopt
SNR-0A31,USGS:05446000,snap-20260825-adopt
SNR-0A32,USGS:01115183,snap-20260825-adopt
SNR-0A33,USGS:01187980,snap-20260825-adopt
SNR-0A34,USGS:414757087490401,snap-20260825-adopt
SNR-0A35,USGS:01187830,snap-20260825-adopt
SNR-0A36,USGS:05540210,snap-20260825-adopt
SNR-0A37,USGS:01120800,snap-20260825-adopt
SNR-0A38,USGS:01205600,snap-20260825-adopt
SNR-0A39,USGS:04099000,snap-20260825-adopt
SNR-0A3A,USGS:414804072391801,snap-20260825-adopt
SNR-0A3B,USGS:414804086004801,snap-20260825-adopt
SNR-0A3C,USGS:01436050,snap-20260825-adopt
SNR-0A3D,USGS:05540195,snap-20260825-adopt
SNR-0A3E,IWQIS:WQP0012,snap-20260825-adopt
SNR-0A3F,USGS:05540200,snap-20260825-adopt
SNR-0A3G,USGS:01205700,snap-20260825-adopt
SNR-0A3H,USGS:01533800,snap-20260825-adopt
SNR-0A3I,USGS:01115280,snap-20260825-adopt
SNR-0A3J,USGS:05551620,snap-20260825-adopt
SNR-0A3K,USGS:01372300,snap-20260825-adopt
SNR-0A3L,USGS:05453200,snap-20260825-adopt
SNR-0A3M,USGS:01109300,snap-20260825-adopt
SNR-0A3N,USGS:05471200,snap-20260825-adopt
SNR-0A3O,USGS:05532600,snap-20260825-adopt
SNR-0A3P,USGS:03021890,snap-20260825-adopt
SNR-0A3Q,USGS:01119450,snap-20260825-adopt
SNR-0A3R,USGS:01109220,snap-20260825-adopt
SNR-0A3S,USGS:03009680,snap-20260825-adopt
SNR-0A3T,USGS:06787500,snap-20260825-adopt
SNR-0A3U,IWQIS:WQS0065,snap-20260825-adopt
SNR-0A3V,USGS:05551660,snap-20260825-adopt
SNR-0A3W,USGS:01372100,snap-20260825-adopt
SNR-0A3X,USGS:05453100,snap-20260825-adopt
SNR-0A3Y,USGS:05551520,snap-20260825-adopt
SNR-0A3Z,USGS:01372200,snap-20260825-adopt
SNR-0A40,USGS:01517000,snap-20260825-adopt
SNR-0A41,USGS:01190057,snap-20260825-adopt
SNR-0A42,USGS:01119384,snap-20260825-adopt
SNR-0A43,USGS:01120790,snap-20260825-adopt
SNR-0A44,USGS:05536140,snap-20260825-adopt
SNR-0A45,USGS:01190620,snap-20260825-adopt
SNR-0A46,USGS:06777000,snap-20260825-adopt
SNR-0A47,USGS:05540095,snap-20260825-adopt
SNR-0A48,USGS:03007800,snap-20260825-adopt
SNR-0A49,USGS:01115187,snap-20260825-adopt
SNR-0A4A,USGS:01199150,snap-20260825-adopt
SNR-0A4B,USGS:05472090,snap-20260825-adopt
SNR-0A4C,USGS:01436000,snap-20260825-adopt
SNR-0A4D,USGS:05540110,snap-20260825-adopt
SNR-0A4E,USGS:01187800,snap-20260825-adopt
SNR-0A4F,USGS:01190055,snap-20260825-adopt
SNR-0A4G,USGS:05532500,snap-20260825-adopt
SNR-0A4H,USGS:06681500,snap-20260825-adopt
SNR-0A4I,USGS:01516800,snap-20260825-adopt
SNR-0A4J,USGS:01115190,snap-20260825-adopt
SNR-0A4K,USGS:06776500,snap-20260825-adopt
SNR-0A4L,USGS:01427301,snap-20260825-adopt
SNR-0A4M,USGS:01109270,snap-20260825-adopt
SNR-0A4N,USGS:01190650,snap-20260825-adopt
SNR-0A4O,USGS:414926073063701,snap-20260825-adopt
SNR-0A4P,USGS:01119382,snap-20260825-adopt
SNR-0A4Q,USGS:01119800,snap-20260825-adopt
SNR-0A4R,USGS:01199200,snap-20260825-adopt
SNR-0A4S,USGS:03012600,snap-20260825-adopt
SNR-0A4T,USGS:01109085,snap-20260825-adopt
SNR-0A4U,IWQIS:WQS9907,snap-20260825-adopt
SNR-0A4V,IWQIS:WQS0066,snap-20260825-adopt
SNR-0A4W,USGS:01190600,snap-20260825-adopt
SNR-0A4X,USGS:04176617,snap-20260825-adopt
SNR-0A4Y,USGS:05531500,snap-20260825-adopt
SNR-0A4Z,USGS:01109075,snap-20260825-adopt
SNR-0A50,USGS:01190050,snap-20260825-adopt
SNR-0A51,USGS:05420460,snap-20260825-adopt
SNR-0A52,USGS:04096020,snap-20260825-adopt
SNR-0A53,USGS:01435900,snap-20260825-adopt
SNR-0A54,USGS:414942087360201,snap-20260825-adopt
SNR-0A55,USGS:04101500,snap-20260825-adopt
SNR-0A56,IWQIS:WQS0061,snap-20260825-adopt
SNR-0A57,USGS:05445500,snap-20260825-adopt
SNR-0A58,USGS:06608500,snap-20260825-adopt
SNR-0A59,USGS:04098980,snap-20260825-adopt
SNR-0A5A,USGS:01109403,snap-20260825-adopt
SNR-0A5B,USGS:06775500,snap-20260825-adopt
SNR-0A5C,USGS:414952100060301,snap-20260825-adopt
SNR-0A5D,USGS:01115200,snap-20260825-adopt
SNR-0A5E,USGS:06799230,snap-20260825-adopt
SNR-0A5F,USGS:01115120,snap-20260825-adopt
SNR-0A5G,USGS:05540160,snap-20260825-adopt
SNR-0A5H,USGS:030153165,snap-20260825-adopt
SNR-0A5I,USGS:01121330,snap-20260825-adopt
SNR-0A5J,USGS:03015316,snap-20260825-adopt
SNR-0A5K,USGS:01114000,snap-20260825-adopt
SNR-0A5L,USGS:03015315,snap-20260825-adopt
SNR-0A5M,IWQIS:WQP0009,snap-20260825-adopt
SNR-0A5N,USGS:05452200,snap-20260825-adopt
SNR-0A5O,USGS:05540091,snap-20260825-adopt
SNR-0A5P,USGS:01115185,snap-20260825-adopt
SNR-0A5Q,USGS:040975299,snap-20260825-adopt
SNR-0A5R,USGS:415013074093501,snap-20260825-adopt
SNR-0A5S,USGS:01116600,snap-20260825-adopt
SNR-0A5T,USGS:05536137,snap-20260825-adopt
SNR-0A5U,USGS:01126000,snap-20260825-adopt
SNR-0A5V,USGS:01115114,snap-20260825-adopt
SNR-0A5W,USGS:415017074085201,snap-20260825-adopt
SNR-0A5X,USGS:03015314,snap-20260825-adopt
SNR-0A5Y,USGS:03012545,snap-20260825-adopt
SNR-0A5Z,USGS:03015313,snap-20260825-adopt
SNR-0A60,USGS:04097528,snap-20260825-adopt
SNR-0A61,USGS:415022096434301,snap-20260825-adopt
SNR-0A62,USGS:06799350,snap-20260825-adopt
SNR-0A63,USGS:05453430,snap-20260825-adopt
SNR-0A64,USGS:01531250,snap-20260825-adopt
SNR-0A65,USGS:01427195,snap-20260825-adopt
SNR-0A66,USGS:01109070,snap-20260825-adopt
SNR-0A67,USGS:415026070563603,snap-20260825-adopt
SNR-0A68,USGS:01115170,snap-20260825-adopt
SNR-0A69,USGS:03012550,snap-20260825-adopt
SNR-0A6A,USGS:01518420,snap-20260825-adopt
SNR-0A6B,USGS:01518400,snap-20260825-adopt
SNR-0A6C,USGS:01367500,snap-20260825-adopt
SNR-0A6D,USGS:01121000,snap-20260825-adopt
SNR-0A6E,USGS:03015310,snap-20260825-adopt
SNR-0A6F,USGS:06664400,snap-20260825-adopt
SNR-0A6G,USGS:05442300,snap-20260825-adopt
SNR-0A6H,USGS:03015312,snap-20260825-adopt
SNR-0A6I,USGS:05444100,snap-20260825-adopt
SNR-0A6J,USGS:01365500,snap-20260825-adopt
SNR-0A6K,USGS:01365505,snap-20260825-adopt
SNR-0A6L,USGS:01115110,snap-20260825-adopt
SNR-0A6M,USGS:05551330,snap-20260825-adopt
SNR-0A6N,USGS:05532300,snap-20260825-adopt
SNR-0A6O,USGS:05551650,snap-20260825-adopt
SNR-0A6P,USGS:415046087405401,snap-20260825-adopt
SNR-0A6Q,USGS:03012500,snap-20260825-adopt
SNR-0A6R,USGS:05531410,snap-20260825-adopt
SNR-0A6S,USGS:06664490,snap-20260825-adopt
SNR-0A6T,USGS:01365550,snap-20260825-adopt
SNR-0A6U,USGS:06680500,snap-20260825-adopt
SNR-0A6V,USGS:05540080,snap-20260825-adopt
SNR-0A6W,USGS:01115100,snap-20260825-adopt
SNR-0A6X,IWQIS:WQP0008,snap-20260825-adopt
SNR-0A6Y,USGS:01365100,snap-20260825-adopt
SNR-0A6Z,USGS:06681000,snap-20260825-adopt
SNR-0A70,USGS:415108087392801,snap-20260825-adopt
SNR-0A71,USGS:03015500,snap-20260825-adopt
SNR-0A72,USGS:01115098,snap-20260825-adopt
SNR-0A73,USGS:06775700,snap-20260825-adopt
SNR-0A74,USGS:05438850,snap-20260825-adopt
SNR-0A75,USGS:05540060,snap-20260825-adopt
SNR-0A76,USGS:04175748,snap-20260825-adopt
SNR-0A77,USGS:01114500,snap-20260825-adopt
SNR-0A78,USGS:05452500,snap-20260825-adopt
SNR-0A79,USGS:01365080,snap-20260825-adopt
SNR-0A7A,USGS:05531380,snap-20260825-adopt
SNR-0A7B,USGS:05540030,snap-20260825-adopt
SNR-0A7C,USGS:06630200,snap-20260825-adopt
SNR-0A7D,USGS:01532850,snap-20260825-adopt
SNR-0A7E,USGS:05551320,snap-20260825-adopt
SNR-0A7F,USGS:01107400,snap-20260825-adopt
SNR-0A7G,USGS:01125650,snap-20260825-adopt
SNR-0A7H,USGS:415157072291301,snap-20260825-adopt
SNR-0A7I,USGS:01365000,snap-20260825-adopt
SNR-0A7J,USGS:01109060,snap-20260825-adopt
SNR-0A7K,USGS:06682200,snap-20260825-adopt
SNR-0A7L,USGS:04176605,snap-20260825-adopt
SNR-0A7M,USGS:011151843,snap-20260825-adopt
SNR-0A7N,USGS:01427207,snap-20260825-adopt
SNR-0A7O,USGS:06664500,snap-20260825-adopt
SNR-0A7P,USGS:05530800,snap-20260825-adopt
SNR-0A7Q,USGS:01189200,snap-20260825-adopt
SNR-0A7R,USGS:06664900,snap-20260825-adopt
SNR-0A7S,USGS:01119360,snap-20260825-adopt
SNR-0A7T,USGS:05540000,snap-20260825-adopt
SNR-0A7U,USGS:415219091400210,snap-20260825-adopt
SNR-0A7V,USGS:06630000,snap-20260825-adopt
SNR-0A7W,USGS:01121300,snap-20260825-adopt
SNR-0A7X,USGS:01187680,snap-20260825-adopt
SNR-0A7Y,USGS:01420000,snap-20260825-adopt
SNR-0A7Z,USGS:01189210,snap-20260825-adopt
SNR-0A80,IWQIS:WQP0016,snap-20260825-adopt
SNR-0A81,USGS:04096015,snap-20260825-adopt
SNR-0A82,USGS:01125600,snap-20260825-adopt
SNR-0A83,USGS:01189180,snap-20260825-adopt
SNR-0A84,USGS:06665000,snap-20260825-adopt
SNR-0A85,USGS:01435500,snap-20260825-adopt
SNR-0A86,USGS:01363556,snap-20260825-adopt
SNR-0A87,USGS:01109200,snap-20260825-adopt
SNR-0A88,USGS:05532000,snap-20260825-adopt
SNR-0A89,USGS:06631500,snap-20260825-adopt
SNR-0A8A,USGS:06677000,snap-20260825-adopt
SNR-0A8B,USGS:415302088033801,snap-20260825-adopt
SNR-0A8C,USGS:415302088033802,snap-20260825-adopt
SNR-0A8D,USGS:415302088033803,snap-20260825-adopt
SNR-0A8E,USGS:06665500,snap-20260825-adopt
SNR-0A8F,USGS:06677010,snap-20260825-adopt
SNR-0A8G,USGS:05531300,snap-20260825-adopt
SNR-0A8H,USGS:415311088032902,snap-20260825-adopt
SNR-0A8I,USGS:415311088032903,snap-20260825-adopt
SNR-0A8J,USGS:06682300,snap-20260825-adopt
SNR-0A8K,USGS:05530750,snap-20260825-adopt
SNR-0A8L,USGS:05536123,snap-20260825-adopt
SNR-0A8M,USGS:04097540,snap-20260825-adopt
SNR-0A8N,USGS:01113895,snap-20260825-adopt
SNR-0A8O,USGS:415318085243401,snap-20260825-adopt
SNR-0A8P,USGS:04087440,snap-20260825-adopt
SNR-0A8Q,USGS:05536121,snap-20260825-adopt
SNR-0A8R,USGS:01435000,snap-20260825-adopt
SNR-0A8S,USGS:05540150,snap-20260825-adopt
SNR-0A8T,USGS:05536118,snap-20260825-adopt
SNR-0A8U,USGS:05420400,snap-20260825-adopt
SNR-0A8V,USGS:03008000,snap-20260825-adopt
SNR-0A8W,USGS:06602410,snap-20260825-adopt
SNR-0A8X,USGS:06607510,snap-20260825-adopt
SNR-0A8Y,USGS:05451900,snap-20260825-adopt
SNR-0A8Z,USGS:01108410,snap-20260825-adopt
SNR-0A90,USGS:01190000,snap-20260825-adopt
SNR-0A91,USGS:03010000,snap-20260825-adopt
SNR-0A92,USGS:01518500,snap-20260825-adopt
SNR-0A93,USGS:05444000,snap-20260825-adopt
SNR-0A94,USGS:03015280,snap-20260825-adopt
SNR-0A95,USGS:05464562,snap-20260825-adopt
SNR-0A96,USGS:01419500,snap-20260825-adopt
SNR-0A97,USGS:01184260,snap-20260825-adopt
SNR-0A98,USGS:06630150,snap-20260825-adopt
SNR-0A99,USGS:05530700,snap-20260825-adopt
SNR-0A9A,USGS:04176000,snap-20260825-adopt
SNR-0A9B,USGS:01191900,snap-20260825-adopt
SNR-0A9C,USGS:06680700,snap-20260825-adopt
SNR-0A9D,USGS:05539950,snap-20260825-adopt
SNR-0A9E,USGS:03021520,snap-20260825-adopt
SNR-0A9F,USGS:01189995,snap-20260825-adopt
SNR-0A9G,USGS:01518000,snap-20260825-adopt
SNR-0A9H,USGS:04175957,snap-20260825-adopt
SNR-0A9I,USGS:01125900,snap-20260825-adopt
SNR-0A9J,USGS:01125500,snap-20260825-adopt
SNR-0A9K,USGS:05531800,snap-20260825-adopt
SNR-0A9L,USGS:01419000,snap-20260825-adopt
SNR-0A9M,USGS:05539900,snap-20260825-adopt
SNR-0A9N,USGS:06665790,snap-20260825-adopt
SNR-0A9O,USGS:01184500,snap-20260825-adopt
SNR-0A9P,USGS:05464560,snap-20260825-adopt
SNR-0A9Q,USGS:04101800,snap-20260825-adopt
SNR-0A9R,USGS:01184490,snap-20260825-adopt
SNR-0A9S,USGS:01113760,snap-20260825-adopt
SNR-0A9T,USGS:01434500,snap-20260825-adopt
SNR-0A9U,USGS:06677100,snap-20260825-adopt
SNR-0A9V,USGS:06680000,snap-20260825-adopt
SNR-0A9W,USGS:05421890,snap-20260825-adopt
SNR-0A9X,USGS:415457088150600,snap-20260825-adopt
SNR-0A9Y,USGS:01189999,snap-20260825-adopt
SNR-0A9Z,USGS:06608450,snap-20260825-adopt
SNR-0AA0,USGS:05445000,snap-20260825-adopt
SNR-0AA1,USGS:04175960,snap-20260825-adopt
SNR-0AA2,USGS:011058756,snap-20260825-adopt
SNR-0AA3,USGS:01372007,snap-20260825-adopt
SNR-0AA4,USGS:01434498,snap-20260825-adopt
SNR-0AA5,USGS:06609560,snap-20260825-adopt
SNR-0AA6,USGS:01111450,snap-20260825-adopt
SNR-0AA7,USGS:05464640,snap-20260825-adopt
SNR-0AA8,USGS:01111400,snap-20260825-adopt
SNR-0AA9,USGS:01518862,snap-20260825-adopt
SNR-0AAA,USGS:01113600,snap-20260825-adopt
SNR-0AAB,USGS:01184455,snap-20260825-adopt
SNR-0AAC,USGS:01434017,snap-20260825-adopt
SNR-0AAD,USGS:011844549,snap-20260825-adopt
SNR-0AAE,USGS:06663500,snap-20260825-adopt
SNR-0AAF,USGS:01120500,snap-20260825-adopt
SNR-0AAG,USGS:011844548,snap-20260825-adopt
SNR-0AAH,USGS:01198700,snap-20260825-adopt
SNR-0AAI,USGS:06679500,snap-20260825-adopt
SNR-0AAJ,USGS:04213000,snap-20260825-adopt
SNR-0AAK,USGS:01109050,snap-20260825-adopt
SNR-0AAL,USGS:01125490,snap-20260825-adopt
SNR-0AAM,USGS:05531200,snap-20260825-adopt
SNR-0AAN,USGS:05530600,snap-20260825-adopt
SNR-0AAO,USGS:06677300,snap-20260825-adopt
SNR-0AAP,USGS:01186100,snap-20260825-adopt
SNR-0AAQ,USGS:415552074302201,snap-20260825-adopt
SNR-0AAR,USGS:415552074302001,snap-20260825-adopt
SNR-0AAS,USGS:05439000,snap-20260825-adopt
SNR-0AAT,USGS:01184470,snap-20260825-adopt
SNR-0AAU,USGS:03021700,snap-20260825-adopt
SNR-0AAV,USGS:05418645,snap-20260825-adopt
SNR-0AAW,USGS:03015080,snap-20260825-adopt
SNR-0AAX,USGS:05551200,snap-20260825-adopt
SNR-0AAY,USGS:01108000,snap-20260825-adopt
SNR-0AAZ,USGS:01119320,snap-20260825-adopt
SNR-0AB0,USGS:01363500,snap-20260825-adopt
SNR-0AB1,USGS:05540140,snap-20260825-adopt
SNR-0AB2,USGS:06630300,snap-20260825-adopt
SNR-0AB3,USGS:415607074315901,snap-20260825-adopt
SNR-0AB4,USGS:0547209280,snap-20260825-adopt
SNR-0AB5,USGS:06665800,snap-20260825-adopt
SNR-0AB6,USGS:415612074315701,snap-20260825-adopt
SNR-0AB7,USGS:01364959,snap-20260825-adopt
SNR-0AB8,USGS:01189500,snap-20260825-adopt
SNR-0AB9,USGS:05442000,snap-20260825-adopt
SNR-0ABA,USGS:05471014,snap-20260825-adopt
SNR-0ABB,USGS:03015000,snap-20260825-adopt
SNR-0ABC,USGS:01434013,snap-20260825-adopt
SNR-0ABD,USGS:06677500,snap-20260825-adopt
SNR-0ABE,USGS:04096500,snap-20260825-adopt
SNR-0ABF,USGS:01364000,snap-20260825-adopt
SNR-0ABG,USGS:04097500,snap-20260825-adopt
SNR-0ABH,USGS:415626103434001,snap-20260825-adopt
SNR-0ABI,USGS:01111410,snap-20260825-adopt
SNR-0ABJ,USGS:03015390,snap-20260825-adopt
SNR-0ABK,USGS:01105876,snap-20260825-adopt
SNR-0ABL,USGS:01184250,snap-20260825-adopt
SNR-0ABM,USGS:415630099513601,snap-20260825-adopt
SNR-0ABN,USGS:06785500,snap-20260825-adopt
SNR-0ABO,USGS:01199050,snap-20260825-adopt
SNR-0ABP,USGS:0409754132,snap-20260825-adopt
SNR-0ABQ,USGS:01198851,snap-20260825-adopt
SNR-0ABR,USGS:01124151,snap-20260825-adopt
SNR-0ABS,USGS:05539890,snap-20260825-adopt
SNR-0ABT,USGS:04175700,snap-20260825-adopt
SNR-0ABU,USGS:05551060,snap-20260825-adopt
SNR-0ABV,USGS:04213040,snap-20260825-adopt
SNR-0ABW,USGS:01119280,snap-20260825-adopt
SNR-0ABX,USGS:06630330,snap-20260825-adopt
SNR-0ABY,USGS:05483318,snap-20260825-adopt
SNR-0ABZ,USGS:01420500,snap-20260825-adopt
SNR-0AC0,USGS:0547101350,snap-20260825-adopt
SNR-0AC1,USGS:04097345,snap-20260825-adopt
SNR-0AC2,USGS:06787000,snap-20260825-adopt
SNR-0AC3,USGS:01107200,snap-20260825-adopt
SNR-0AC4,USGS:01124149,snap-20260825-adopt
SNR-0AC5,USGS:01109000,snap-20260825-adopt
SNR-0AC6,USGS:01108100,snap-20260825-adopt
SNR-0AC7,USGS:05551050,snap-20260825-adopt
SNR-0AC8,USGS:01198800,snap-20260825-adopt
SNR-0AC9,USGS:06679000,snap-20260825-adopt
SNR-0ACA,USGS:04096515,snap-20260825-adopt
SNR-0ACB,USGS:04102000,snap-20260825-adopt
SNR-0ACC,USGS:01427000,snap-20260825-adopt
SNR-0ACD,USGS:01421500,snap-20260825-adopt
SNR-0ACE,USGS:01518700,snap-20260825-adopt
SNR-0ACF,USGS:05551100,snap-20260825-adopt
SNR-0ACG,USGS:01198850,snap-20260825-adopt
SNR-0ACH,USGS:06634600,snap-20260825-adopt
SNR-0ACI,USGS:01187000,snap-20260825-adopt
SNR-0ACJ,USGS:05471013,snap-20260825-adopt
SNR-0ACK,USGS:415713088284701,snap-20260825-adopt
SNR-0ACL,USGS:01189390,snap-20260825-adopt
SNR-0ACM,USGS:04096272,snap-20260825-adopt
SNR-0ACN,USGS:05471012,snap-20260825-adopt
SNR-0ACO,IWQIS:WQS0053,snap-20260825-adopt
SNR-0ACP,USGS:01434176,snap-20260825-adopt
SNR-0ACQ,USGS:05551180,snap-20260825-adopt
SNR-0ACR,USGS:03021500,snap-20260825-adopt
SNR-0ACS,USGS:01199000,snap-20260825-adopt
SNR-0ACT,USGS:01516020,snap-20260825-adopt
SNR-0ACU,USGS:05439130,snap-20260825-adopt
SNR-0ACV,USGS:01434010,snap-20260825-adopt
SNR-0ACW,USGS:05531080,snap-20260825-adopt
SNR-0ACX,USGS:04176500,snap-20260825-adopt
SNR-0ACY,USGS:01184100,snap-20260825-adopt
SNR-0ACZ,USGS:06634620,snap-20260825-adopt
SNR-0AD0,USGS:01198880,snap-20260825-adopt
SNR-0AD1,USGS:03010655,snap-20260825-adopt
SNR-0AD2,USGS:03010955,snap-20260825-adopt
SNR-0AD3,USGS:415745074270001,snap-20260825-adopt
SNR-0AD4,USGS:01186000,snap-20260825-adopt
SNR-0AD5,USGS:01513550,snap-20260825-adopt
SNR-0AD6,USGS:05464730,snap-20260825-adopt
SNR-0AD7,USGS:01418500,snap-20260825-adopt
SNR-0AD8,USGS:03010500,snap-20260825-adopt
SNR-0AD9,IWQIS:WQS0106,snap-20260825-adopt
SNR-0ADA,IWQIS:WQS0105,snap-20260825-adopt
SNR-0ADB,USGS:05531175,snap-20260825-adopt
SNR-0ADC,USGS:05452000,snap-20260825-adopt
SNR-0ADD,USGS:05451770,snap-20260825-adopt
SNR-0ADE,USGS:01198860,snap-20260825-adopt
SNR-0ADF,IWQIS:WQS0054,snap-20260825-adopt
SNR-0ADG,USGS:415754074265901,snap-20260825-adopt
SNR-0ADH,USGS:06602400,snap-20260825-adopt
SNR-0ADI,USGS:05471010,snap-20260825-adopt
SNR-0ADJ,USGS:0547101001,snap-20260825-adopt
SNR-0ADK,USGS:06607500,snap-20260825-adopt
SNR-0ADL,IWQIS:WQS0041,snap-20260825-adopt
SNR-0ADM,USGS:01125415,snap-20260825-adopt
SNR-0ADN,USGS:01363382,snap-20260825-adopt
SNR-0ADO,USGS:415801074340901,snap-20260825-adopt
SNR-0ADP,USGS:01125411,snap-20260825-adopt
SNR-0ADQ,USGS:01198870,snap-20260825-adopt
SNR-0ADR,USGS:0143400680,snap-20260825-adopt
SNR-0ADS,USGS:01434080,snap-20260825-adopt
SNR-0ADT,USGS:01186500,snap-20260825-adopt
SNR-0ADU,USGS:01434084,snap-20260825-adopt
SNR-0ADV,USGS:01434086,snap-20260825-adopt
SNR-0ADW,USGS:01434087,snap-20260825-adopt
SNR-0ADX,USGS:415811074242501,snap-20260825-adopt
SNR-0ADY,USGS:415812074340301,snap-20260825-adopt
SNR-0ADZ,USGS:415812103493701,snap-20260825-adopt
SNR-0AE0,USGS:01434092,snap-20260825-adopt
SNR-0AE1,USGS:415812074242501,snap-20260825-adopt
SNR-0AE2,USGS:06678000,snap-20260825-adopt
SNR-0AE3,USGS:415816074263001,snap-20260825-adopt
SNR-0AE4,USGS:05531130,snap-20260825-adopt
SNR-0AE5,USGS:01112900,snap-20260825-adopt
SNR-0AE6,USGS:05551029,snap-20260825-adopt
SNR-0AE7,USGS:01434076,snap-20260825-adopt
SNR-0AE8,USGS:415818074243301,snap-20260825-adopt
SNR-0AE9,USGS:05421760,snap-20260825-adopt
SNR-0AEA,USGS:05551030,snap-20260825-adopt
SNR-0AEB,USGS:05464500,snap-20260825-adopt
SNR-0AEC,USGS:415820074261501,snap-20260825-adopt
SNR-0AED,USGS:01434072,snap-20260825-adopt
SNR-0AEE,USGS:01434073,snap-20260825-adopt
SNR-0AEF,USGS:01363388,snap-20260825-adopt
SNR-0AEG,USGS:01111250,snap-20260825-adopt
SNR-0AEH,USGS:415823074244901,snap-20260825-adopt
SNR-0AEI,USGS:01421000,snap-20260825-adopt
SNR-0AEJ,USGS:415824074252801,snap-20260825-adopt
SNR-0AEK,USGS:01514850,snap-20260825-adopt
SNR-0AEL,USGS:05536105,snap-20260825-adopt
SNR-0AEM,USGS:05536085,snap-20260825-adopt
SNR-0AEN,USGS:06634950,snap-20260825-adopt
SNR-0AEO,USGS:01199033,snap-20260825-adopt
SNR-0AEP,USGS:415834074335901,snap-20260825-adopt
SNR-0AEQ,USGS:01420980,snap-20260825-adopt
SNR-0AER,USGS:415837074335801,snap-20260825-adopt
SNR-0AES,USGS:01108320,snap-20260825-adopt
SNR-0AET,USGS:01434105,snap-20260825-adopt
SNR-0AEU,USGS:05531100,snap-20260825-adopt
SNR-0AEV,USGS:415841074335601,snap-20260825-adopt
SNR-0AEW,USGS:01186400,snap-20260825-adopt
SNR-0AEX,USGS:05539870,snap-20260825-adopt
SNR-0AEY,USGS:01125100,snap-20260825-adopt
SNR-0AEZ,USGS:415843074335101,snap-20260825-adopt
SNR-0AF0,USGS:415844074233701,snap-20260825-adopt
SNR-0AF1,USGS:415845074233901,snap-20260825-adopt
SNR-0AF2,USGS:06673500,snap-20260825-adopt
SNR-0AF3,USGS:415849074225001,snap-20260825-adopt
SNR-0AF4,USGS:415849074235101,snap-20260825-adopt
SNR-0AF5,USGS:415852074224602,snap-20260825-adopt
SNR-0AF6,USGS:415852074224601,snap-20260825-adopt
SNR-0AF7,USGS:01515050,snap-20260825-adopt
SNR-0AF8,USGS:01111300,snap-20260825-adopt
SNR-0AF9,USGS:415854074224701,snap-20260825-adopt
SNR-0AFA,IWQIS:WQS9901,snap-20260825-adopt
SNR-0AFB,USGS:01113710,snap-20260825-adopt
SNR-0AFC,USGS:05451800,snap-20260825-adopt
SNR-0AFD,USGS:04101590,snap-20260825-adopt
SNR-0AFE,USGS:01530620,snap-20260825-adopt
SNR-0AFF,USGS:415902074342701,snap-20260825-adopt
SNR-0AFG,USGS:01125400,snap-20260825-adopt
SNR-0AFH,USGS:415904074334702,snap-20260825-adopt
SNR-0AFI,USGS:01119300,snap-20260825-adopt
SNR-0AFJ,USGS:01515000,snap-20260825-adopt
SNR-0AFK,USGS:415906074334401,snap-20260825-adopt
SNR-0AFL,USGS:01113695,snap-20260825-adopt
SNR-0AFM,USGS:415913074334401,snap-20260825-adopt
SNR-0AFN,USGS:01184000,snap-20260825-adopt
SNR-0AFO,USGS:01519200,snap-20260825-adopt
SNR-0AFP,USGS:05482500,snap-20260825-adopt
SNR-0AFQ,IWQIS:WQS0082,snap-20260825-adopt
SNR-0AFR,USGS:01199030,snap-20260825-adopt
SNR-0AFS,USGS:05530500,snap-20260825-adopt
SNR-0AFT,USGS:415919074341201,snap-20260825-adopt
SNR-0AFU,USGS:06674500,snap-20260825-adopt
SNR-0AFV,USGS:05464475,snap-20260825-adopt
SNR-0AFW,USGS:415922103404801,snap-20260825-adopt
SNR-0AFX,USGS:0143402265,snap-20260825-adopt
SNR-0AFY,USGS:01105870,snap-20260825-adopt
SNR-0AFZ,USGS:01125300,snap-20260825-adopt
SNR-0AG0,USGS:415928074334401,snap-20260825-adopt
SNR-0AG1,USGS:01184205,snap-20260825-adopt
SNR-0AG2,USGS:01184300,snap-20260825-adopt
SNR-0AG3,USGS:04213075,snap-20260825-adopt
SNR-0AG4,USGS:05464535,snap-20260825-adopt
SNR-0AG5,USGS:05531050,snap-20260825-adopt
SNR-0AG6,USGS:415935070394501,snap-20260825-adopt
SNR-0AG7,USGS:01119260,snap-20260825-adopt
SNR-0AG8,USGS:05530300,snap-20260825-adopt
SNR-0AG9,USGS:415938074302301,snap-20260825-adopt
SNR-0AGA,USGS:415940074301001,snap-20260825-adopt
SNR-0AGB,USGS:06799315,snap-20260825-adopt
SNR-0AGC,USGS:01184325,snap-20260825-adopt
SNR-0AGD,USGS:01125260,snap-20260825-adopt
SNR-0AGE,USGS:01434025,snap-20260825-adopt
SNR-0AGF,USGS:05551000,snap-20260825-adopt
SNR-0AGG,USGS:05551001,snap-20260825-adopt
SNR-0AGH,USGS:01111500,snap-20260825-adopt
SNR-0AGI,USGS:01183994,snap-20260825-adopt
SNR-0AGJ,USGS:01520000,snap-20260825-adopt
SNR-0AGK,USGS:05530480,snap-20260825-adopt
SNR-0AGL,USGS:415953091435300,snap-20260825-adopt
SNR-0AGM,USGS:415953091435201,snap-20260825-adopt
SNR-0AGN,USGS:01183993,snap-20260825-adopt
SNR-0AGO,USGS:415959091441301,snap-20260825-adopt
SNR-0AGP,USGS:415959074302701,snap-20260825-adopt
SNR-0AGQ,USGS:06678800,snap-20260825-adopt
SNR-0AGR,USGS:01108500,snap-20260825-adopt
SNR-0AGS,USGS:01531000,snap-20260825-adopt
SNR-0AGT,USGS:06799460,snap-20260825-adopt
SNR-0AGU,USGS:01426500,snap-20260825-adopt
SNR-0AGV,USGS:06799000,snap-20260825-adopt
SNR-0AGW,USGS:01364800,snap-20260825-adopt
SNR-0AGX,USGS:05551140,snap-20260825-adopt
SNR-0AGY,USGS:420017074303201,snap-20260825-adopt
SNR-0AGZ,USGS:01112700,snap-20260825-adopt
SNR-0AH0,USGS:420021074303601,snap-20260825-adopt
SNR-0AH1,USGS:06634990,snap-20260825-adopt
SNR-0AH2,USGS:01198240,snap-20260825-adopt
SNR-0AH3,USGS:01112500,snap-20260825-adopt
SNR-0AH4,USGS:01183990,snap-20260825-adopt
SNR-0AH5,USGS:420025074305101,snap-20260825-adopt
SNR-0AH6,USGS:420025074305301,snap-20260825-adopt
SNR-0AH7,USGS:420026074304001,snap-20260825-adopt
SNR-0AH8,USGS:420026074305301,snap-20260825-adopt
SNR-0AH9,USGS:06601200,snap-20260825-adopt
SNR-0AHA,USGS:01183950,snap-20260825-adopt
SNR-0AHB,USGS:05471000,snap-20260825-adopt
SNR-0AHC,USGS:420031091441801,snap-20260825-adopt
SNR-0AHD,USGS:06634910,snap-20260825-adopt
SNR-0AHE,USGS:05451700,snap-20260825-adopt
SNR-0AHF,USGS:06635000,snap-20260825-adopt
SNR-0AHG,USGS:05420300,snap-20260825-adopt
SNR-0AHH,USGS:040970647,snap-20260825-adopt
SNR-0AHI,USGS:01434021,snap-20260825-adopt
SNR-0AHJ,USGS:420041074303201,snap-20260825-adopt
SNR-0AHK,USGS:05464480,snap-20260825-adopt
SNR-0AHL,USGS:420042074303501,snap-20260825-adopt
SNR-0AHM,USGS:05531045,snap-20260825-adopt
SNR-0AHN,USGS:05536000,snap-20260825-adopt
SNR-0AHO,USGS:01362500,snap-20260825-adopt
SNR-0AHP,USGS:03021350,snap-20260825-adopt
SNR-0AHQ,USGS:01112382,snap-20260825-adopt
SNR-0AHR,USGS:01106500,snap-20260825-adopt
SNR-0AHS,USGS:01112268,snap-20260825-adopt
SNR-0AHT,USGS:05441500,snap-20260825-adopt
SNR-0AHU,USGS:06607300,snap-20260825-adopt
SNR-0AHV,USGS:05531044,snap-20260825-adopt
SNR-0AHW,USGS:01362497,snap-20260825-adopt
SNR-0AHX,IWQIS:WQS0052,snap-20260825-adopt
SNR-0AHY,USGS:01124000,snap-20260825-adopt
SNR-0AHZ,USGS:05470500,snap-20260825-adopt
SNR-0AI0,USGS:01111230,snap-20260825-adopt
SNR-0AI1,USGS:01119255,snap-20260825-adopt
SNR-0AI2,USGS:01198500,snap-20260825-adopt
SNR-0AI3,USGS:04096590,snap-20260825-adopt
SNR-0AI4,USGS:04097349,snap-20260825-adopt
SNR-0AI5,USGS:05550470,snap-20260825-adopt
SNR-0AI6,USGS:01417500,snap-20260825-adopt
SNR-0AI7,USGS:01112300,snap-20260825-adopt
SNR-0AI8,USGS:05550500,snap-20260825-adopt
SNR-0AI9,USGS:01198300,snap-20260825-adopt
SNR-0AIA,USGS:04101535,snap-20260825-adopt
SNR-0AIB,USGS:01520500,snap-20260825-adopt
SNR-0AIC,USGS:420141103523001,snap-20260825-adopt
SNR-0AID,USGS:04096312,snap-20260825-adopt
SNR-0AIE,USGS:04096600,snap-20260825-adopt
SNR-0AIF,USGS:06666500,snap-20260825-adopt
SNR-0AIG,USGS:05464695,snap-20260825-adopt
SNR-0AIH,USGS:05531015,snap-20260825-adopt
SNR-0AII,USGS:05530100,snap-20260825-adopt
SNR-0AIJ,USGS:05481690,snap-20260825-adopt
SNR-0AIK,USGS:01184280,snap-20260825-adopt
SNR-0AIL,USGS:01362192,snap-20260825-adopt
SNR-0AIM,USGS:01187400,snap-20260825-adopt
SNR-0AIN,USGS:01418000,snap-20260825-adopt
SNR-0AIO,USGS:05481680,snap-20260825-adopt
SNR-0AIP,USGS:05481530,snap-20260825-adopt
SNR-0AIQ,USGS:05530400,snap-20260825-adopt
SNR-0AIR,USGS:05481528,snap-20260825-adopt
SNR-0AIS,USGS:01362286,snap-20260825-adopt
SNR-0AIT,USGS:01503000,snap-20260825-adopt
SNR-0AIU,USGS:03010720,snap-20260825-adopt
SNR-0AIV,USGS:01187300,snap-20260825-adopt
SNR-0AIW,USGS:06673000,snap-20260825-adopt
SNR-0AIX,USGS:01364500,snap-20260825-adopt
SNR-0AIY,USGS:06672500,snap-20260825-adopt
SNR-0AIZ,USGS:05417700,snap-20260825-adopt
SNR-0AJ0,USGS:01183810,snap-20260825-adopt
SNR-0AJ1,USGS:05531020,snap-20260825-adopt
SNR-0AJ2,USGS:01103220,snap-20260825-adopt
SNR-0AJ3,USGS:06666000,snap-20260825-adopt
SNR-0AJ4,IWQIS:WQS0038,snap-20260825-adopt
SNR-0AJ5,USGS:05483349,snap-20260825-adopt
SNR-0AJ6,USGS:01106900,snap-20260825-adopt
SNR-0AJ7,USGS:04096970,snap-20260825-adopt
SNR-0AJ8,USGS:041027907,snap-20260825-adopt
SNR-0AJ9,USGS:04096325,snap-20260825-adopt
SNR-0AJA,USGS:01111225,snap-20260825-adopt
SNR-0AJB,USGS:01417185,snap-20260825-adopt
SNR-0AJC,USGS:06666600,snap-20260825-adopt
SNR-0AJD,USGS:05550450,snap-20260825-adopt
SNR-0AJE,USGS:01362487,snap-20260825-adopt
SNR-0AJF,USGS:06798800,snap-20260825-adopt
SNR-0AJG,USGS:01425805,snap-20260825-adopt
SNR-0AJH,USGS:05530000,snap-20260825-adopt
SNR-0AJI,USGS:05535800,snap-20260825-adopt
SNR-0AJJ,USGS:05531000,snap-20260825-adopt
SNR-0AJK,USGS:01125000,snap-20260825-adopt
SNR-0AJL,USGS:03011550,snap-20260825-adopt
SNR-0AJM,USGS:01198200,snap-20260825-adopt
SNR-0AJN,USGS:01124050,snap-20260825-adopt
SNR-0AJO,USGS:06672000,snap-20260825-adopt
SNR-0AJP,USGS:420313074273201,snap-20260825-adopt
SNR-0AJQ,USGS:420314074273001,snap-20260825-adopt
SNR-0AJR,USGS:01105765,snap-20260825-adopt
SNR-0AJS,USGS:420316074274701,snap-20260825-adopt
SNR-0AJT,USGS:01111212,snap-20260825-adopt
SNR-0AJU,USGS:04096900,snap-20260825-adopt
SNR-0AJV,USGS:041015313,snap-20260825-adopt
SNR-0AJW,USGS:05550240,snap-20260825-adopt
SNR-0AJX,USGS:06775000,snap-20260825-adopt
SNR-0AJY,USGS:01124750,snap-20260825-adopt
SNR-0AJZ,USGS:420327103464301,snap-20260825-adopt
SNR-0AK0,USGS:04175352,snap-20260825-adopt
SNR-0AK1,USGS:01426000,snap-20260825-adopt
SNR-0AK2,USGS:05550300,snap-20260825-adopt
SNR-0AK3,USGS:05529900,snap-20260825-adopt
SNR-0AK4,USGS:05530990,snap-20260825-adopt
SNR-0AK5,USGS:01425642,snap-20260825-adopt
SNR-0AK6,USGS:01107000,snap-20260825-adopt
SNR-0AK7,USGS:01424998,snap-20260825-adopt
SNR-0AK8,USGS:05440650,snap-20260825-adopt
SNR-0AK9,USGS:04097370,snap-20260825-adopt
SNR-0AKA,USGS:04175120,snap-20260825-adopt
SNR-0AKB,USGS:03010674,snap-20260825-adopt
SNR-0AKC,USGS:01183100,snap-20260825-adopt
SNR-0AKD,USGS:01362295,snap-20260825-adopt
SNR-0AKE,USGS:05451500,snap-20260825-adopt
SNR-0AKF,USGS:05470000,snap-20260825-adopt
SNR-0AKG,USGS:01526000,snap-20260825-adopt
SNR-0AKH,IWQIS:WQP0010,snap-20260825-adopt
SNR-0AKI,USGS:05550430,snap-20260825-adopt
SNR-0AKJ,USGS:05535200,snap-20260825-adopt
SNR-0AKK,USGS:05464420,snap-20260825-adopt
SNR-0AKL,USGS:01106485,snap-20260825-adopt
SNR-0AKM,USGS:01111208,snap-20260825-adopt
SNR-0AKN,USGS:05536101,snap-20260825-adopt
SNR-0AKO,USGS:03010820,snap-20260825-adopt
SNR-0AKP,USGS:05550280,snap-20260825-adopt
SNR-0AKQ,USGS:01525981,snap-20260825-adopt
SNR-0AKR,USGS:01362297,snap-20260825-adopt
SNR-0AKS,USGS:01123500,snap-20260825-adopt
SNR-0AKT,USGS:01111000,snap-20260825-adopt
SNR-0AKU,USGS:04213152,snap-20260825-adopt
SNR-0AKV,USGS:05530960,snap-20260825-adopt
SNR-0AKW,USGS:01502731,snap-20260825-adopt
SNR-0AKX,USGS:01198125,snap-20260825-adopt
SNR-0AKY,USGS:01425000,snap-20260825-adopt
SNR-0AKZ,USGS:01111050,snap-20260825-adopt
SNR-0AL0,USGS:01417000,snap-20260825-adopt
SNR-0AL1,USGS:04102786,snap-20260825-adopt
SNR-0AL2,USGS:05481500,snap-20260825-adopt
SNR-0AL3,USGS:01185500,snap-20260825-adopt
SNR-0AL4,USGS:05451955,snap-20260825-adopt
SNR-0AL5,IWQIS:WQS0102,snap-20260825-adopt
SNR-0AL6,USGS:0136230002,snap-20260825-adopt
SNR-0AL7,IWQIS:WQS0029,snap-20260825-adopt
SNR-0AL8,USGS:01123160,snap-20260825-adopt
SNR-0AL9,USGS:420449103593501,snap-20260825-adopt
SNR-0ALA,USGS:06606700,snap-20260825-adopt
SNR-0ALB,USGS:01123620,snap-20260825-adopt
SNR-0ALC,USGS:0136230005,snap-20260825-adopt
SNR-0ALD,USGS:03021410,snap-20260825-adopt
SNR-0ALE,IWQIS:WQS0028,snap-20260825-adopt
SNR-0ALF,IWQIS:WQS9902,snap-20260825-adopt
SNR-0ALG,USGS:01123600,snap-20260825-adopt
SNR-0ALH,USGS:01362398,snap-20260825-adopt
SNR-0ALI,USGS:01362465,snap-20260825-adopt
SNR-0ALJ,USGS:05418500,snap-20260825-adopt
SNR-0ALK,USGS:05421740,snap-20260825-adopt
SNR-0ALL,IWQIS:WQS0119,snap-20260825-adopt
SNR-0ALM,IWQIS:WQS0118,snap-20260825-adopt
SNR-0ALN,USGS:04175340,snap-20260825-adopt
SNR-0ALO,USGS:01530332,snap-20260825-adopt
SNR-0ALP,USGS:05535700,snap-20260825-adopt
SNR-0ALQ,USGS:01105700,snap-20260825-adopt
SNR-0ALR,USGS:01105800,snap-20260825-adopt
SNR-0ALS,USGS:05529000,snap-20260825-adopt
SNR-0ALT,USGS:01414750,snap-20260825-adopt
SNR-0ALU,USGS:01183450,snap-20260825-adopt
SNR-0ALV,USGS:04097060,snap-20260825-adopt
SNR-0ALW,USGS:01423910,snap-20260825-adopt
SNR-0ALX,USGS:01513840,snap-20260825-adopt
SNR-0ALY,USGS:05418000,snap-20260825-adopt
SNR-0ALZ,USGS:01513500,snap-20260825-adopt
SNR-0AM0,USGS:01503500,snap-20260825-adopt
SNR-0AM1,USGS:05482900,snap-20260825-adopt
SNR-0AM2,USGS:04175650,snap-20260825-adopt
SNR-0AM3,IWQIS:WQS0101,snap-20260825-adopt
SNR-0AM4,USGS:01178000,snap-20260825-adopt
SNR-0AM5,USGS:01362356,snap-20260825-adopt
SNR-0AM6,USGS:05529500,snap-20260825-adopt
SNR-0AM7,USGS:01424500,snap-20260825-adopt
SNR-0AM8,USGS:04175330,snap-20260825-adopt
SNR-0AM9,USGS:0136235585,snap-20260825-adopt
SNR-0AMA,USGS:01513831,snap-20260825-adopt
SNR-0AMB,USGS:01362357,snap-20260825-adopt
SNR-0AMC,USGS:0136235580,snap-20260825-adopt
SNR-0AMD,USGS:0136235575,snap-20260825-adopt
SNR-0AME,USGS:0136219503,snap-20260825-adopt
SNR-0AMF,USGS:05420100,snap-20260825-adopt
SNR-0AMG,USGS:01362380,snap-20260825-adopt
SNR-0AMH,USGS:04213200,snap-20260825-adopt
SNR-0AMI,USGS:04175290,snap-20260825-adopt
SNR-0AMJ,USGS:05440500,snap-20260825-adopt
SNR-0AMK,USGS:06667000,snap-20260825-adopt
SNR-0AML,USGS:06600600,snap-20260825-adopt
SNR-0AMM,USGS:01105730,snap-20260825-adopt
SNR-0AMN,USGS:01362359,snap-20260825-adopt
SNR-0AMO,USGS:01362358,snap-20260825-adopt
SNR-0AMP,IWQIS:WQS0112,snap-20260825-adopt
SNR-0AMQ,IWQIS:WQS0103,snap-20260825-adopt
SNR-0AMR,USGS:05534600,snap-20260825-adopt
SNR-0AMS,USGS:05535150,snap-20260825-adopt
SNR-0AMT,USGS:01362370,snap-20260825-adopt
SNR-0AMU,USGS:01503495,snap-20260825-adopt
SNR-0AMV,USGS:01362352,snap-20260825-adopt
SNR-0AMW,USGS:06664000,snap-20260825-adopt
SNR-0AMX,USGS:04096400,snap-20260825-adopt
SNR-0AMY,USGS:04096405,snap-20260825-adopt
SNR-0AMZ,USGS:06670900,snap-20260825-adopt
SNR-0AN0,USGS:01525750,snap-20260825-adopt
SNR-0AN1,USGS:01530500,snap-20260825-adopt
SNR-0AN2,USGS:06601095,snap-20260825-adopt
SNR-0AN3,USGS:01362368,snap-20260825-adopt
SNR-0AN4,USGS:01111200,snap-20260825-adopt
SNR-0AN5,USGS:01416500,snap-20260825-adopt
SNR-0AN6,USGS:01362350,snap-20260825-adopt
SNR-0AN7,USGS:01414500,snap-20260825-adopt
SNR-0AN8,USGS:01183500,snap-20260825-adopt
SNR-0AN9,USGS:05483000,snap-20260825-adopt
SNR-0ANA,USGS:01123360,snap-20260825-adopt
SNR-0ANB,USGS:01105850,snap-20260825-adopt
SNR-0ANC,USGS:01198122,snap-20260825-adopt
SNR-0AND,USGS:06601100,snap-20260825-adopt
SNR-0ANE,USGS:01198030,snap-20260825-adopt
SNR-0ANF,USGS:013621955,snap-20260825-adopt
SNR-0ANG,USGS:01123365,snap-20260825-adopt
SNR-0ANH,USGS:06601085,snap-20260825-adopt
SNR-0ANI,USGS:05439500,snap-20260825-adopt
SNR-0ANJ,USGS:05530940,snap-20260825-adopt
SNR-0ANK,USGS:01198070,snap-20260825-adopt
SNR-0ANL,USGS:01362365,snap-20260825-adopt
SNR-0ANM,USGS:01362349,snap-20260825-adopt
SNR-0ANN,USGS:01362232,snap-20260825-adopt
SNR-0ANO,USGS:03014500,snap-20260825-adopt
SNR-0ANP,USGS:05421500,snap-20260825-adopt
SNR-0ANQ,USGS:04102533,snap-20260825-adopt
SNR-0ANR,USGS:06799450,snap-20260825-adopt
SNR-0ANS,USGS:05420000,snap-20260825-adopt
SNR-0ANT,USGS:01198080,snap-20260825-adopt
SNR-0ANU,USGS:03011500,snap-20260825-adopt
SNR-0ANV,USGS:04097170,snap-20260825-adopt
SNR-0ANW,USGS:01362230,snap-20260825-adopt
SNR-0ANX,USGS:01124500,snap-20260825-adopt
SNR-0ANY,USGS:01362198,snap-20260825-adopt
SNR-0ANZ,USGS:06678750,snap-20260825-adopt
SNR-0AO0,USGS:05451450,snap-20260825-adopt
SNR-0AO1,USGS:01526495,snap-20260825-adopt
SNR-0AO2,USGS:01362200,snap-20260825-adopt
SNR-0AO3,USGS:05419500,snap-20260825-adopt
SNR-0AO4,USGS:420706074212201,snap-20260825-adopt
SNR-0AO5,USGS:01124350,snap-20260825-adopt
SNR-0AO6,USGS:06600700,snap-20260825-adopt
SNR-0AO7,USGS:01362347,snap-20260825-adopt
SNR-0AO8,USGS:01415000,snap-20260825-adopt
SNR-0AO9,USGS:06669850,snap-20260825-adopt
SNR-0AOA,USGS:06667060,snap-20260825-adopt
SNR-0AOB,USGS:03010800,snap-20260825-adopt
SNR-0AOC,USGS:0136223095,snap-20260825-adopt
SNR-0AOD,USGS:01362354,snap-20260825-adopt
SNR-0AOE,USGS:01198075,snap-20260825-adopt
SNR-0AOF,USGS:04220500,snap-20260825-adopt
SNR-0AOG,USGS:05529300,snap-20260825-adopt
SNR-0AOH,USGS:01526500,snap-20260825-adopt
SNR-0AOI,USGS:01423500,snap-20260825-adopt
SNR-0AOJ,USGS:05440700,snap-20260825-adopt
SNR-0AOK,USGS:04221000,snap-20260825-adopt
SNR-0AOL,USGS:06669100,snap-20260825-adopt
SNR-0AOM,USGS:0136219702,snap-20260825-adopt
SNR-0AON,USGS:01362197,snap-20260825-adopt
SNR-0AOO,USGS:06798500,snap-20260825-adopt
SNR-0AOP,USGS:06671000,snap-20260825-adopt
SNR-0AOQ,USGS:01183000,snap-20260825-adopt
SNR-0AOR,USGS:05483343,snap-20260825-adopt
SNR-0AOS,USGS:05441000,snap-20260825-adopt
SNR-0AOT,USGS:06669000,snap-20260825-adopt
SNR-0AOU,USGS:05440900,snap-20260825-adopt
SNR-0AOV,USGS:01362336,snap-20260825-adopt
SNR-0AOW,USGS:01362345,snap-20260825-adopt
SNR-0AOX,USGS:420745074155501,snap-20260825-adopt
SNR-0AOY,USGS:01514000,snap-20260825-adopt
SNR-0AOZ,USGS:06634300,snap-20260825-adopt
SNR-0AP0,USGS:01362330,snap-20260825-adopt
SNR-0AP1,USGS:01362332,snap-20260825-adopt
SNR-0AP2,USGS:04176400,snap-20260825-adopt
SNR-0AP3,USGS:01415500,snap-20260825-adopt
SNR-0AP4,USGS:04096340,snap-20260825-adopt
SNR-0AP5,USGS:01414000,snap-20260825-adopt
SNR-0AP6,USGS:420758074160401,snap-20260825-adopt
SNR-0AP7,USGS:01103305,snap-20260825-adopt
SNR-0AP8,USGS:420760074160501,snap-20260825-adopt
SNR-0AP9,USGS:01362322,snap-20260825-adopt
SNR-0APA,USGS:011058065,snap-20260825-adopt
SNR-0APB,USGS:06670000,snap-20260825-adopt
SNR-0APC,USGS:01514801,snap-20260825-adopt
SNR-0APD,USGS:06600800,snap-20260825-adopt
SNR-0APE,USGS:05535500,snap-20260825-adopt
SNR-0APF,USGS:05528400,snap-20260825-adopt
SNR-0APG,USGS:01103280,snap-20260825-adopt
SNR-0APH,USGS:06798300,snap-20260825-adopt
SNR-0API,USGS:01362312,snap-20260825-adopt
SNR-0APJ,USGS:01362342,snap-20260825-adopt
SNR-0APK,USGS:01413500,snap-20260825-adopt
SNR-0APL,USGS:01349541,snap-20260825-adopt
SNR-0APM,USGS:04220455,snap-20260825-adopt
SNR-0APN,USGS:01529950,snap-20260825-adopt
SNR-0APO,USGS:01413408,snap-20260825-adopt
SNR-0APP,USGS:05418450,snap-20260825-adopt
SNR-0APQ,USGS:01415460,snap-20260825-adopt
SNR-0APR,USGS:01176780,snap-20260825-adopt
SNR-0APS,USGS:06600900,snap-20260825-adopt
SNR-0APT,USGS:06799100,snap-20260825-adopt
SNR-0APU,USGS:01513790,snap-20260825-adopt
SNR-0APV,USGS:04220470,snap-20260825-adopt
SNR-0APW,USGS:05469990,snap-20260825-adopt
SNR-0APX,USGS:01413398,snap-20260825-adopt
SNR-0APY,USGS:05528500,snap-20260825-adopt
SNR-0APZ,USGS:06670100,snap-20260825-adopt
SNR-0AQ0,USGS:01362182,snap-20260825-adopt
SNR-0AQ1,USGS:05534500,snap-20260825-adopt
SNR-0AQ2,USGS:03013800,snap-20260825-adopt
SNR-0AQ3,USGS:01110500,snap-20260825-adopt
SNR-0AQ4,USGS:01104850,snap-20260825-adopt
SNR-0AQ5,USGS:01362100,snap-20260825-adopt
SNR-0AQ6,USGS:01105500,snap-20260825-adopt
SNR-0AQ7,IWQIS:WQS0071,snap-20260825-adopt
SNR-0AQ8,USGS:420919084165301,snap-20260825-adopt
SNR-0AQ9,USGS:04168660,snap-20260825-adopt
SNR-0AQA,USGS:04097200,snap-20260825-adopt
SNR-0AQB,USGS:01361245,snap-20260825-adopt
SNR-0AQC,USGS:06607200,snap-20260825-adopt
SNR-0AQD,USGS:03011020,snap-20260825-adopt
SNR-0AQE,IWQIS:WQS0042,snap-20260825-adopt
SNR-0AQF,IWQIS:WQS0110,snap-20260825-adopt
SNR-0AQG,USGS:05535070,snap-20260825-adopt
SNR-0AQH,USGS:01177000,snap-20260825-adopt
SNR-0AQI,USGS:01425500,snap-20260825-adopt
SNR-0AQJ,USGS:04176356,snap-20260825-adopt
SNR-0AQK,USGS:01185100,snap-20260825-adopt
SNR-0AQL,USGS:05550001,snap-20260825-adopt
SNR-0AQM,USGS:05418720,snap-20260825-adopt
SNR-0AQN,USGS:04221500,snap-20260825-adopt
SNR-0AQO,USGS:05418400,snap-20260825-adopt
SNR-0AQP,USGS:04097195,snap-20260825-adopt
SNR-0AQQ,USGS:01110400,snap-20260825-adopt
SNR-0AQR,USGS:06667500,snap-20260825-adopt
SNR-0AQS,USGS:01423000,snap-20260825-adopt
SNR-0AQT,USGS:05550000,snap-20260825-adopt
SNR-0AQU,USGS:05481510,snap-20260825-adopt
SNR-0AQV,USGS:05451350,snap-20260825-adopt
SNR-0AQW,USGS:05535400,snap-20260825-adopt
SNR-0AQX,USGS:05528360,snap-20260825-adopt
SNR-0AQY,USGS:04175600,snap-20260825-adopt
SNR-0AQZ,USGS:05482430,snap-20260825-adopt
SNR-0AR0,USGS:01198150,snap-20260825-adopt
SNR-0AR1,USGS:05435650,snap-20260825-adopt
SNR-0AR2,USGS:01502714,snap-20260825-adopt
SNR-0AR3,USGS:01105587,snap-20260825-adopt
SNR-0AR4,USGS:05464315,snap-20260825-adopt
SNR-0AR5,USGS:05482800,snap-20260825-adopt
SNR-0AR6,USGS:03013000,snap-20260825-adopt
SNR-0AR7,USGS:06607197,snap-20260825-adopt
SNR-0AR8,USGS:01530380,snap-20260825-adopt
SNR-0AR9,USGS:01422747,snap-20260825-adopt
SNR-0ARA,USGS:0142400103,snap-20260825-adopt
SNR-0ARB,USGS:03011000,snap-20260825-adopt
SNR-0ARC,USGS:01425675,snap-20260825-adopt
SNR-0ARD,USGS:05528475,snap-20260825-adopt
SNR-0ARE,USGS:01422700,snap-20260825-adopt
SNR-0ARF,USGS:421033088233601,snap-20260825-adopt
SNR-0ARG,USGS:04176370,snap-20260825-adopt
SNR-0ARH,USGS:04176380,snap-20260825-adopt
SNR-0ARI,USGS:06799080,snap-20260825-adopt
SNR-0ARJ,USGS:01109852,snap-20260825-adopt
SNR-0ARK,USGS:05439550,snap-20260825-adopt
SNR-0ARL,USGS:05528470,snap-20260825-adopt
SNR-0ARM,USGS:01422779,snap-20260825-adopt
SNR-0ARN,USGS:01105000,snap-20260825-adopt
SNR-0ARO,USGS:01424000,snap-20260825-adopt
SNR-0ARP,USGS:06636000,snap-20260825-adopt
SNR-0ARQ,USGS:01530301,snap-20260825-adopt
SNR-0ARR,IWQIS:WQS0069,snap-20260825-adopt
SNR-0ARS,USGS:05464310,snap-20260825-adopt
SNR-0ART,USGS:01176000,snap-20260825-adopt
SNR-0ARU,USGS:421056088380801,snap-20260825-adopt
SNR-0ARV,USGS:05438250,snap-20260825-adopt
SNR-0ARW,USGS:05528440,snap-20260825-adopt
SNR-0ARX,USGS:01349711,snap-20260825-adopt
SNR-0ARY,USGS:04102500,snap-20260825-adopt
SNR-0ARZ,USGS:05549890,snap-20260825-adopt
SNR-0AS0,USGS:01424108,snap-20260825-adopt
SNR-0AS1,USGS:01109730,snap-20260825-adopt
SNR-0AS2,USGS:04106137,snap-20260825-adopt
SNR-0AS3,USGS:011055525,snap-20260825-adopt
SNR-0AS4,USGS:01105600,snap-20260825-adopt
SNR-0AS5,USGS:04097188,snap-20260825-adopt
SNR-0AS6,USGS:01172010,snap-20260825-adopt
SNR-0AS7,USGS:01198000,snap-20260825-adopt
SNR-0AS8,USGS:05440000,snap-20260825-adopt
SNR-0AS9,USGS:040874126,snap-20260825-adopt
SNR-0ASA,USGS:05438137,snap-20260825-adopt
SNR-0ASB,USGS:05549835,snap-20260825-adopt
SNR-0ASC,USGS:05421682,snap-20260825-adopt
SNR-0ASD,USGS:04097187,snap-20260825-adopt
SNR-0ASE,USGS:05549900,snap-20260825-adopt
SNR-0ASF,USGS:01110095,snap-20260825-adopt
SNR-0ASG,USGS:01171910,snap-20260825-adopt
SNR-0ASH,USGS:05534400,snap-20260825-adopt
SNR-0ASI,USGS:05535300,snap-20260825-adopt
SNR-0ASJ,USGS:06670500,snap-20260825-adopt
SNR-0ASK,USGS:05528100,snap-20260825-adopt
SNR-0ASL,USGS:03010997,snap-20260825-adopt
SNR-0ASM,USGS:04102148,snap-20260825-adopt
SNR-0ASN,USGS:05417590,snap-20260825-adopt
SNR-0ASO,USGS:05464137,snap-20260825-adopt
SNR-0ASP,USGS:01514500,snap-20260825-adopt
SNR-0ASQ,USGS:04102850,snap-20260825-adopt
SNR-0ASR,USGS:01184900,snap-20260825-adopt
SNR-0ASS,USGS:04106180,snap-20260825-adopt
SNR-0AST,USGS:06667200,snap-20260825-adopt
SNR-0ASU,USGS:01105550,snap-20260825-adopt
SNR-0ASV,USGS:05421400,snap-20260825-adopt
SNR-0ASW,USGS:01104900,snap-20260825-adopt
SNR-0ASX,USGS:04175310,snap-20260825-adopt
SNR-0ASY,USGS:04221600,snap-20260825-adopt
SNR-0ASZ,USGS:01109659,snap-20260825-adopt
SNR-0AT0,USGS:01105554,snap-20260825-adopt
SNR-0AT1,USGS:05528230,snap-20260825-adopt
SNR-0AT2,USGS:01172003,snap-20260825-adopt
SNR-0AT3,USGS:04106190,snap-20260825-adopt
SNR-0AT4,USGS:01105606,snap-20260825-adopt
SNR-0AT5,USGS:05464133,snap-20260825-adopt
SNR-0AT6,USGS:05549850,snap-20260825-adopt
SNR-0AT7,USGS:05464318,snap-20260825-adopt
SNR-0AT8,USGS:421244088180201,snap-20260825-adopt
SNR-0AT9,USGS:01105660,snap-20260825-adopt
SNR-0ATA,USGS:01105607,snap-20260825-adopt
SNR-0ATB,USGS:01105608,snap-20260825-adopt
SNR-0ATC,USGS:011056081,snap-20260825-adopt
SNR-0ATD,USGS:01172000,snap-20260825-adopt
SNR-0ATE,USGS:01109439,snap-20260825-adopt
SNR-0ATF,USGS:06668040,snap-20260825-adopt
SNR-0ATG,USGS:01361200,snap-20260825-adopt
SNR-0ATH,USGS:06634500,snap-20260825-adopt
SNR-0ATI,USGS:04102420,snap-20260825-adopt
SNR-0ATJ,USGS:01512500,snap-20260825-adopt
SNR-0ATK,USGS:01109480,snap-20260825-adopt
SNR-0ATL,USGS:04174950,snap-20260825-adopt
SNR-0ATM,USGS:01105583,snap-20260825-adopt
SNR-0ATN,USGS:01525500,snap-20260825-adopt
SNR-0ATO,USGS:01362090,snap-20260825-adopt
SNR-0ATP,USGS:421326070485802,snap-20260825-adopt
SNR-0ATQ,USGS:05528150,snap-20260825-adopt
SNR-0ATR,USGS:05464130,snap-20260825-adopt
SNR-0ATS,USGS:421337083074201,snap-20260825-adopt
SNR-0ATT,USGS:06602020,snap-20260825-adopt
SNR-0ATU,USGS:01502701,snap-20260825-adopt
SNR-0ATV,USGS:01197802,snap-20260825-adopt
SNR-0ATW,USGS:06600880,snap-20260825-adopt
SNR-0ATX,USGS:05437950,snap-20260825-adopt
SNR-0ATY,USGS:01110000,snap-20260825-adopt
SNR-0ATZ,USGS:05464145,snap-20260825-adopt
SNR-0AU0,USGS:01349810,snap-20260825-adopt
SNR-0AU1,USGS:01197500,snap-20260825-adopt
SNR-0AU2,USGS:01109500,snap-20260825-adopt
SNR-0AU3,USGS:05535000,snap-20260825-adopt
SNR-0AU4,USGS:01197550,snap-20260825-adopt
SNR-0AU5,USGS:01105638,snap-20260825-adopt
SNR-0AU6,USGS:04106320,snap-20260825-adopt
SNR-0AU7,USGS:01176450,snap-20260825-adopt
SNR-0AU8,USGS:01349705,snap-20260825-adopt
SNR-0AU9,USGS:01173500,snap-20260825-adopt
SNR-0AUA,USGS:01181000,snap-20260825-adopt
SNR-0AUB,USGS:01422389,snap-20260825-adopt
SNR-0AUC,IWQIS:WQS0045,snap-20260825-adopt
SNR-0AUD,USGS:05534300,snap-20260825-adopt
SNR-0AUE,USGS:05528200,snap-20260825-adopt
SNR-0AUF,USGS:05438146,snap-20260825-adopt
SNR-0AUG,USGS:06657000,snap-20260825-adopt
SNR-0AUH,USGS:06798000,snap-20260825-adopt
SNR-0AUI,USGS:04174514,snap-20260825-adopt
SNR-0AUJ,USGS:01105584,snap-20260825-adopt
SNR-0AUK,USGS:04106400,snap-20260825-adopt
SNR-0AUL,USGS:04106300,snap-20260825-adopt
SNR-0AUM,USGS:06636500,snap-20260825-adopt
SNR-0AUN,USGS:04173155,snap-20260825-adopt
SNR-0AUO,USGS:01105585,snap-20260825-adopt
SNR-0AUP,USGS:05528170,snap-20260825-adopt
SNR-0AUQ,USGS:01349700,snap-20260825-adopt
SNR-0AUR,USGS:04174800,snap-20260825-adopt
SNR-0AUS,USGS:05464220,snap-20260825-adopt
SNR-0AUT,USGS:04173150,snap-20260825-adopt
SNR-0AUU,USGS:05481300,snap-20260825-adopt
SNR-0AUV,USGS:01422500,snap-20260825-adopt
SNR-0AUW,USGS:01529500,snap-20260825-adopt
SNR-0AUX,USGS:01522075,snap-20260825-adopt
SNR-0AUY,USGS:06668200,snap-20260825-adopt
SNR-0AUZ,USGS:01103455,snap-20260825-adopt
SNR-0AV0,USGS:01104000,snap-20260825-adopt
SNR-0AV1,USGS:05438500,snap-20260825-adopt
SNR-0AV2,USGS:01103500,snap-20260825-adopt
SNR-0AV3,IWQIS:WQS0070,snap-20260825-adopt
SNR-0AV4,USGS:01513720,snap-20260825-adopt
SNR-0AV5,USGS:01097452,snap-20260825-adopt
SNR-0AV6,USGS:01105557,snap-20260825-adopt
SNR-0AV7,USGS:05419000,snap-20260825-adopt
SNR-0AV8,USGS:05437695,snap-20260825-adopt
SNR-0AV9,USGS:01180500,snap-20260825-adopt
SNR-0AVA,USGS:421533088421801,snap-20260825-adopt
SNR-0AVB,USGS:01422738,snap-20260825-adopt
SNR-0AVC,USGS:05417585,snap-20260825-adopt
SNR-0AVD,USGS:01097480,snap-20260825-adopt
SNR-0AVE,USGS:01513719,snap-20260825-adopt
SNR-0AVF,USGS:05416100,snap-20260825-adopt
SNR-0AVG,USGS:04103010,snap-20260825-adopt
SNR-0AVH,USGS:05438450,snap-20260825-adopt
SNR-0AVI,USGS:01180800,snap-20260825-adopt
SNR-0AVJ,IWQIS:WQS0104,snap-20260825-adopt
SNR-0AVK,USGS:04174518,snap-20260825-adopt
SNR-0AVL,USGS:04174522,snap-20260825-adopt
SNR-0AVM,USGS:04103500,snap-20260825-adopt
SNR-0AVN,USGS:01175670,snap-20260825-adopt
SNR-0AVO,USGS:05438170,snap-20260825-adopt
SNR-0AVP,USGS:01525000,snap-20260825-adopt
SNR-0AVQ,USGS:04173250,snap-20260825-adopt
SNR-0AVR,USGS:04106362,snap-20260825-adopt
SNR-0AVS,USGS:01422530,snap-20260825-adopt
SNR-0AVT,USGS:04103490,snap-20260825-adopt
SNR-0AVU,USGS:05437645,snap-20260825-adopt
SNR-0AVV,USGS:05482600,snap-20260825-adopt
SNR-0AVW,USGS:04102320,snap-20260825-adopt
SNR-0AVX,USGS:04221769,snap-20260825-adopt
SNR-0AVY,USGS:01175500,snap-20260825-adopt
SNR-0AVZ,USGS:06797500,snap-20260825-adopt
SNR-0AW0,USGS:010965995,snap-20260825-adopt
SNR-0AW1,USGS:04168580,snap-20260825-adopt
SNR-0AW2,USGS:011055566,snap-20260825-adopt
SNR-0AW3,USGS:01422000,snap-20260825-adopt
SNR-0AW4,USGS:421622071385701,snap-20260825-adopt
SNR-0AW5,USGS:05438080,snap-20260825-adopt
SNR-0AW6,USGS:04106500,snap-20260825-adopt
SNR-0AW7,USGS:421633088125801,snap-20260825-adopt
SNR-0AW8,USGS:06799445,snap-20260825-adopt
SNR-0AW9,USGS:05438030,snap-20260825-adopt
SNR-0AWA,USGS:04167325,snap-20260825-adopt
SNR-0AWB,USGS:01513712,snap-20260825-adopt
SNR-0AWC,USGS:01362000,snap-20260825-adopt
SNR-0AWD,USGS:01098340,snap-20260825-adopt
SNR-0AWE,USGS:05534900,snap-20260825-adopt
SNR-0AWF,USGS:06634200,snap-20260825-adopt
SNR-0AWG,USGS:01421900,snap-20260825-adopt
SNR-0AWH,USGS:421650071120401,snap-20260825-adopt
SNR-0AWI,USGS:06656000,snap-20260825-adopt
SNR-0AWJ,USGS:421652071120601,snap-20260825-adopt
SNR-0AWK,USGS:04173400,snap-20260825-adopt
SNR-0AWL,USGS:01097484,snap-20260825-adopt
SNR-0AWM,USGS:04109000,snap-20260825-adopt
SNR-0AWN,USGS:04167625,snap-20260825-adopt
SNR-0AWO,USGS:05549700,snap-20260825-adopt
SNR-0AWP,USGS:01098360,snap-20260825-adopt
SNR-0AWQ,USGS:04106000,snap-20260825-adopt
SNR-0AWR,USGS:01098320,snap-20260825-adopt
SNR-0AWS,USGS:04174500,snap-20260825-adopt
SNR-0AWT,USGS:04173350,snap-20260825-adopt
SNR-0AWU,USGS:01512515,snap-20260825-adopt
SNR-0AWV,USGS:01179500,snap-20260825-adopt
SNR-0AWW,USGS:01349850,snap-20260825-adopt
SNR-0AWX,USGS:05437641,snap-20260825-adopt
SNR-0AWY,USGS:01349840,snap-20260825-adopt
SNR-0AWZ,USGS:04174490,snap-20260825-adopt
SNR-0AX0,USGS:05418980,snap-20260825-adopt
SNR-0AX1,USGS:04174509,snap-20260825-adopt
SNR-0AX2,USGS:01180000,snap-20260825-adopt
SNR-0AX3,USGS:041035285,snap-20260825-adopt
SNR-0AX4,USGS:01502632,snap-20260825-adopt
SNR-0AX5,USGS:05528040,snap-20260825-adopt
SNR-0AX6,USGS:01349900,snap-20260825-adopt
SNR-0AX7,USGS:01413088,snap-20260825-adopt
SNR-0AX8,USGS:04221720,snap-20260825-adopt
SNR-0AX9,USGS:01349858,snap-20260825-adopt
SNR-0AXA,USGS:01349920,snap-20260825-adopt
SNR-0AXB,USGS:04221725,snap-20260825-adopt
SNR-0AXC,IWQIS:WQS0027,snap-20260825-adopt
SNR-0AXD,USGS:01511500,snap-20260825-adopt
SNR-0AXE,USGS:04165710,snap-20260825-adopt
SNR-0AXF,USGS:06654550,snap-20260825-adopt
SNR-0AXG,USGS:05435500,snap-20260825-adopt
SNR-0AXH,USGS:04173500,snap-20260825-adopt
SNR-0AXI,USGS:04168000,snap-20260825-adopt
SNR-0AXJ,USGS:04168530,snap-20260825-adopt
SNR-0AXK,IWQIS:WQP0006,snap-20260825-adopt
SNR-0AXL,USGS:01171800,snap-20260825-adopt
SNR-0AXM,USGS:06670985,snap-20260825-adopt
SNR-0AXN,IWQIS:WQP0007,snap-20260825-adopt
SNR-0AXO,USGS:05482315,snap-20260825-adopt
SNR-0AXP,USGS:06637000,snap-20260825-adopt
SNR-0AXQ,USGS:01197155,snap-20260825-adopt
SNR-0AXR,USGS:05464025,snap-20260825-adopt
SNR-0AXS,USGS:01361900,snap-20260825-adopt
SNR-0AXT,USGS:05528030,snap-20260825-adopt
SNR-0AXU,USGS:06654520,snap-20260825-adopt
SNR-0AXV,USGS:01529000,snap-20260825-adopt
SNR-0AXW,USGS:04168400,snap-20260825-adopt
SNR-0AXX,USGS:01349950,snap-20260825-adopt
SNR-0AXY,USGS:05549501,snap-20260825-adopt
SNR-0AXZ,USGS:04174300,snap-20260825-adopt
SNR-0AY0,USGS:05437632,snap-20260825-adopt
SNR-0AY1,USGS:05549500,snap-20260825-adopt
SNR-0AY2,USGS:05469970,snap-20260825-adopt
SNR-0AY3,USGS:01522500,snap-20260825-adopt
SNR-0AY4,USGS:06654500,snap-20260825-adopt
SNR-0AY5,USGS:04168500,snap-20260825-adopt
SNR-0AY6,USGS:05437630,snap-20260825-adopt
SNR-0AY7,USGS:01524500,snap-20260825-adopt
SNR-0AY8,USGS:05469860,snap-20260825-adopt
SNR-0AY9,USGS:06654510,snap-20260825-adopt
SNR-0AYA,IWQIS:WQS0024,snap-20260825-adopt
SNR-0AYB,USGS:04105800,snap-20260825-adopt
SNR-0AYC,USGS:01098500,snap-20260825-adopt
SNR-0AYD,USGS:05451210,snap-20260825-adopt
SNR-0AYE,USGS:01098450,snap-20260825-adopt
SNR-0AYF,USGS:06655380,snap-20260825-adopt
SNR-0AYG,USGS:01104200,snap-20260825-adopt
SNR-0AYH,USGS:01175600,snap-20260825-adopt
SNR-0AYI,IWQIS:WQS0048,snap-20260825-adopt
SNR-0AYJ,USGS:04174680,snap-20260825-adopt
SNR-0AYK,USGS:01104687,snap-20260825-adopt
SNR-0AYL,USGS:01171500,snap-20260825-adopt
SNR-0AYM,USGS:01350000,snap-20260825-adopt
SNR-0AYN,USGS:05549000,snap-20260825-adopt
SNR-0AYO,USGS:06601000,snap-20260825-adopt
SNR-0AYP,USGS:01500500,snap-20260825-adopt
SNR-0AYQ,USGS:05549400,snap-20260825-adopt
SNR-0AYR,USGS:01173330,snap-20260825-adopt
SNR-0AYS,USGS:05451200,snap-20260825-adopt
SNR-0AYT,USGS:04174040,snap-20260825-adopt
SNR-0AYU,USGS:04173320,snap-20260825-adopt
SNR-0AYV,USGS:04105500,snap-20260825-adopt
SNR-0AYW,USGS:01507000,snap-20260825-adopt
SNR-0AYX,USGS:01098530,snap-20260825-adopt
SNR-0AYY,USGS:06655000,snap-20260825-adopt
SNR-0AYZ,USGS:04232200,snap-20260825-adopt
SNR-0AZ0,USGS:0545129280,snap-20260825-adopt
SNR-0AZ1,USGS:01171200,snap-20260825-adopt
SNR-0AZ2,USGS:01524000,snap-20260825-adopt
SNR-0AZ3,USGS:04167150,snap-20260825-adopt
SNR-0AZ4,USGS:421951076381001,snap-20260825-adopt
SNR-0AZ5,USGS:04213319,snap-20260825-adopt
SNR-0AZ6,USGS:01361000,snap-20260825-adopt
SNR-0AZ7,USGS:06634060,snap-20260825-adopt
SNR-0AZ8,USGS:04105000,snap-20260825-adopt
SNR-0AZ9,USGS:01350032,snap-20260825-adopt
SNR-0AZA,USGS:01500000,snap-20260825-adopt
SNR-0AZB,USGS:01523500,snap-20260825-adopt
SNR-0AZC,USGS:01174900,snap-20260825-adopt
SNR-0AZD,USGS:01104630,snap-20260825-adopt
SNR-0AZE,USGS:06607000,snap-20260825-adopt
SNR-0AZF,IWQIS:WQS0078,snap-20260825-adopt
SNR-0AZG,USGS:03012834,snap-20260825-adopt
SNR-0AZH,USGS:01104683,snap-20260825-adopt
SNR-0AZI,USGS:01350035,snap-20260825-adopt
SNR-0AZJ,USGS:01522000,snap-20260825-adopt
SNR-0AZK,IWQIS:WQS0051,snap-20260825-adopt
SNR-0AZL,USGS:06638350,snap-20260825-adopt
SNR-0AZM,USGS:422025071154501,snap-20260825-adopt
SNR-0AZN,USGS:04213492,snap-20260825-adopt
SNR-0AZO,USGS:01499470,snap-20260825-adopt
SNR-0AZP,USGS:01096720,snap-20260825-adopt
SNR-0AZQ,USGS:06602298,snap-20260825-adopt
SNR-0AZR,USGS:01197145,snap-20260825-adopt
SNR-0AZS,USGS:422037076373101,snap-20260825-adopt
SNR-0AZT,USGS:04221820,snap-20260825-adopt
SNR-0AZU,USGS:01528320,snap-20260825-adopt
SNR-0AZV,USGS:05528000,snap-20260825-adopt
SNR-0AZW,USGS:05451250,snap-20260825-adopt
SNR-0AZX,USGS:04167000,snap-20260825-adopt
SNR-0AZY,USGS:06638300,snap-20260825-adopt
SNR-0AZZ,USGS:01509520,snap-20260825-adopt
SNR-0B00,USGS:01421614,snap-20260825-adopt
SNR-0B01,USGS:04109500,snap-20260825-adopt
SNR-0B02,USGS:05547755,snap-20260825-adopt
SNR-0B03,USGS:01197300,snap-20260825-adopt
SNR-0B04,USGS:01098710,snap-20260825-adopt
SNR-0B05,USGS:04105700,snap-20260825-adopt
SNR-0B06,USGS:04102700,snap-20260825-adopt
SNR-0B07,USGS:01174600,snap-20260825-adopt
SNR-0B08,USGS:01104475,snap-20260825-adopt
SNR-0B09,USGS:05482300,snap-20260825-adopt
SNR-0B0A,USGS:01104480,snap-20260825-adopt
SNR-0B0B,USGS:01350100,snap-20260825-adopt
SNR-0B0C,USGS:03010747,snap-20260825-adopt
SNR-0B0D,USGS:01104660,snap-20260825-adopt
SNR-0B0E,USGS:422130076355401,snap-20260825-adopt
SNR-0B0F,USGS:06653000,snap-20260825-adopt
SNR-0B0G,USGS:01171300,snap-20260825-adopt
SNR-0B0H,USGS:01421618,snap-20260825-adopt
SNR-0B0I,USGS:01098700,snap-20260825-adopt
SNR-0B0J,USGS:01104705,snap-20260825-adopt
SNR-0B0K,USGS:06637500,snap-20260825-adopt
SNR-0B0L,USGS:01095434,snap-20260825-adopt
SNR-0B0M,USGS:01104615,snap-20260825-adopt
SNR-0B0N,USGS:01104640,snap-20260825-adopt
SNR-0B0O,USGS:04213490,snap-20260825-adopt
SNR-0B0P,USGS:03012837,snap-20260825-adopt
SNR-0B0Q,USGS:422157076372501,snap-20260825-adopt
SNR-0B0R,USGS:422157076372502,snap-20260825-adopt
SNR-0B0S,USGS:05451000,snap-20260825-adopt
SNR-0B0T,USGS:01521596,snap-20260825-adopt
SNR-0B0U,USGS:422204083023901,snap-20260825-adopt
SNR-0B0V,USGS:422206071033901,snap-20260825-adopt
SNR-0B0W,USGS:422207083023601,snap-20260825-adopt
SNR-0B0X,USGS:05437610,snap-20260825-adopt
SNR-0B0Y,USGS:01104715,snap-20260825-adopt
SNR-0B0Z,USGS:01104460,snap-20260825-adopt
SNR-0B10,USGS:05463090,snap-20260825-adopt
SNR-0B11,USGS:01104453,snap-20260825-adopt
SNR-0B12,USGS:01421610,snap-20260825-adopt
SNR-0B13,USGS:04166750,snap-20260825-adopt
SNR-0B14,USGS:01104500,snap-20260825-adopt
SNR-0B15,USGS:422221076365001,snap-20260825-adopt
SNR-0B16,USGS:01104455,snap-20260825-adopt
SNR-0B17,USGS:01095375,snap-20260825-adopt
SNR-0B18,USGS:04166500,snap-20260825-adopt
SNR-0B19,USGS:06637550,snap-20260825-adopt
SNR-0B1A,USGS:05450500,snap-20260825-adopt
SNR-0B1B,USGS:05548500,snap-20260825-adopt
SNR-0B1C,USGS:01350080,snap-20260825-adopt
SNR-0B1D,USGS:03010743,snap-20260825-adopt
SNR-0B1E,USGS:01104440,snap-20260825-adopt
SNR-0B1F,USGS:01502500,snap-20260825-adopt
SNR-0B1G,USGS:423784088133401,snap-20260825-adopt
SNR-0B1H,USGS:422242076365901,snap-20260825-adopt
SNR-0B1I,USGS:01104501,snap-20260825-adopt
SNR-0B1J,USGS:01173180,snap-20260825-adopt
SNR-0B1K,IWQIS:WQS0056,snap-20260825-adopt
SNR-0B1L,USGS:04233286,snap-20260825-adopt
SNR-0B1M,USGS:04166650,snap-20260825-adopt
SNR-0B1N,IWQIS:WQS0055,snap-20260825-adopt
SNR-0B1O,USGS:05437600,snap-20260825-adopt
SNR-0B1P,USGS:05527870,snap-20260825-adopt
SNR-0B1Q,USGS:422302071083801,snap-20260825-adopt
SNR-0B1R,USGS:422303071084301,snap-20260825-adopt
SNR-0B1S,IWQIS:WQS0035,snap-20260825-adopt
SNR-0B1T,USGS:422305076360601,snap-20260825-adopt
SNR-0B1U,USGS:01096835,snap-20260825-adopt
SNR-0B1V,USGS:05548105,snap-20260825-adopt
SNR-0B1W,USGS:422308088195601,snap-20260825-adopt
SNR-0B1X,USGS:01104370,snap-20260825-adopt
SNR-0B1Y,USGS:05438390,snap-20260825-adopt
SNR-0B1Z,USGS:04173000,snap-20260825-adopt
SNR-0B20,USGS:04222000,snap-20260825-adopt
SNR-0B21,USGS:05548100,snap-20260825-adopt
SNR-0B22,USGS:01528000,snap-20260825-adopt
SNR-0B23,USGS:422322076363101,snap-20260825-adopt
SNR-0B24,USGS:01096840,snap-20260825-adopt
SNR-0B25,USGS:01104600,snap-20260825-adopt
SNR-0B26,USGS:01173000,snap-20260825-adopt
SNR-0B27,USGS:01104433,snap-20260825-adopt
SNR-0B28,USGS:04166450,snap-20260825-adopt
SNR-0B29,USGS:01507500,snap-20260825-adopt
SNR-0B2A,USGS:04233000,snap-20260825-adopt
SNR-0B2B,USGS:01174500,snap-20260825-adopt
SNR-0B2C,USGS:04110000,snap-20260825-adopt
SNR-0B2D,USGS:04166470,snap-20260825-adopt
SNR-0B2E,USGS:422340071043201,snap-20260825-adopt
SNR-0B2F,USGS:01103050,snap-20260825-adopt
SNR-0B2G,USGS:01521500,snap-20260825-adopt
SNR-0B2H,USGS:04104945,snap-20260825-adopt
SNR-0B2I,USGS:01178500,snap-20260825-adopt
SNR-0B2J,USGS:06638000,snap-20260825-adopt
SNR-0B2K,USGS:01350101,snap-20260825-adopt
SNR-0B2L,USGS:01173260,snap-20260825-adopt
SNR-0B2M,USGS:06654000,snap-20260825-adopt
SNR-0B2N,USGS:01104430,snap-20260825-adopt
SNR-0B2O,USGS:04172050,snap-20260825-adopt
SNR-0B2P,USGS:01096870,snap-20260825-adopt
SNR-0B2Q,USGS:01499050,snap-20260825-adopt
SNR-0B2R,USGS:04233300,snap-20260825-adopt
SNR-0B2S,USGS:05548000,snap-20260825-adopt
SNR-0B2T,USGS:06653100,snap-20260825-adopt
SNR-0B2U,USGS:01507470,snap-20260825-adopt
SNR-0B2V,USGS:01361500,snap-20260825-adopt
SNR-0B2W,USGS:01103040,snap-20260825-adopt
SNR-0B2X,USGS:01350120,snap-20260825-adopt
SNR-0B2Y,USGS:01103025,snap-20260825-adopt
SNR-0B2Z,USGS:01361570,snap-20260825-adopt
SNR-0B30,USGS:05463500,snap-20260825-adopt
SNR-0B31,USGS:03010734,snap-20260825-adopt
SNR-0B32,USGS:05450400,snap-20260825-adopt
SNR-0B33,USGS:05417500,snap-20260825-adopt
SNR-0B34,USGS:04233310,snap-20260825-adopt
SNR-0B35,USGS:05416000,snap-20260825-adopt
SNR-0B36,USGS:01095220,snap-20260825-adopt
SNR-0B37,USGS:05480603,snap-20260825-adopt
SNR-0B38,USGS:01527500,snap-20260825-adopt
SNR-0B39,USGS:01096885,snap-20260825-adopt
SNR-0B3A,USGS:04172198,snap-20260825-adopt
SNR-0B3B,USGS:05548110,snap-20260825-adopt
SNR-0B3C,USGS:01171100,snap-20260825-adopt
SNR-0B3D,USGS:05548030,snap-20260825-adopt
SNR-0B3E,USGS:05527950,snap-20260825-adopt
SNR-0B3F,USGS:01095200,snap-20260825-adopt
SNR-0B3G,USGS:01103038,snap-20260825-adopt
SNR-0B3H,USGS:05547500,snap-20260825-adopt
SNR-0B3I,USGS:01095503,snap-20260825-adopt
SNR-0B3J,USGS:01104420,snap-20260825-adopt
SNR-0B3K,USGS:01103010,snap-20260825-adopt
SNR-0B3L,USGS:01510500,snap-20260825-adopt
SNR-0B3M,USGS:01104425,snap-20260825-adopt
SNR-0B3N,USGS:04232406,snap-20260825-adopt
SNR-0B3O,USGS:06796978,snap-20260825-adopt
SNR-0B3P,USGS:06454100,snap-20260825-adopt
SNR-0B3Q,USGS:01172500,snap-20260825-adopt
SNR-0B3R,USGS:05547350,snap-20260825-adopt
SNR-0B3S,USGS:04166700,snap-20260825-adopt
SNR-0B3T,USGS:05418750,snap-20260825-adopt
SNR-0B3U,USGS:04172500,snap-20260825-adopt
SNR-0B3V,USGS:04233255,snap-20260825-adopt
SNR-0B3W,USGS:06640000,snap-20260825-adopt
SNR-0B3X,USGS:01174570,snap-20260825-adopt
SNR-0B3Y,USGS:04233258,snap-20260825-adopt
SNR-0B3Z,USGS:01350140,snap-20260825-adopt
SNR-0B40,USGS:01173040,snap-20260825-adopt
SNR-0B41,USGS:01095505,snap-20260825-adopt
SNR-0B42,USGS:05527840,snap-20260825-adopt
SNR-0B43,USGS:424317071263001,snap-20260825-adopt
SNR-0B44,IWQIS:WQS0081,snap-20260825-adopt
SNR-0B45,USGS:05481000,snap-20260825-adopt
SNR-0B46,USGS:01097000,snap-20260825-adopt
SNR-0B47,USGS:04102776,snap-20260825-adopt
SNR-0B48,USGS:01180100,snap-20260825-adopt
SNR-0B49,USGS:01104415,snap-20260825-adopt
SNR-0B4A,USGS:05437000,snap-20260825-adopt
SNR-0B4B,USGS:01104405,snap-20260825-adopt
SNR-0B4C,USGS:01104410,snap-20260825-adopt
SNR-0B4D,USGS:05437050,snap-20260825-adopt
SNR-0B4E,USGS:01097021,snap-20260825-adopt
SNR-0B4F,USGS:01359924,snap-20260825-adopt
SNR-0B4G,USGS:01498620,snap-20260825-adopt
SNR-0B4H,USGS:01505810,snap-20260825-adopt
SNR-0B4I,USGS:04104500,snap-20260825-adopt
SNR-0B4J,USGS:05548280,snap-20260825-adopt
SNR-0B4K,USGS:01174575,snap-20260825-adopt
SNR-0B4L,USGS:05527910,snap-20260825-adopt
SNR-0B4M,USGS:05527940,snap-20260825-adopt
SNR-0B4N,USGS:01170930,snap-20260825-adopt
SNR-0B4O,USGS:01498500,snap-20260825-adopt
SNR-0B4P,USGS:01097200,snap-20260825-adopt
SNR-0B4Q,USGS:04166315,snap-20260825-adopt
SNR-0B4R,USGS:04233678,snap-20260825-adopt
SNR-0B4S,USGS:01102500,snap-20260825-adopt
SNR-0B4T,USGS:04166100,snap-20260825-adopt
SNR-0B4U,USGS:05527905,snap-20260825-adopt
SNR-0B4V,USGS:04106906,snap-20260825-adopt
SNR-0B4W,USGS:04213441,snap-20260825-adopt
SNR-0B4X,USGS:05480993,snap-20260825-adopt
SNR-0B4Y,USGS:05416972,snap-20260825-adopt
SNR-0B4Z,USGS:01095000,snap-20260825-adopt
SNR-0B50,USGS:04213442,snap-20260825-adopt
SNR-0B51,USGS:04213440,snap-20260825-adopt
SNR-0B52,USGS:01171000,snap-20260825-adopt
SNR-0B53,USGS:04213443,snap-20260825-adopt
SNR-0B54,USGS:05437500,snap-20260825-adopt
SNR-0B55,USGS:04213376,snap-20260825-adopt
SNR-0B56,USGS:01499000,snap-20260825-adopt
SNR-0B57,USGS:01096910,snap-20260825-adopt
SNR-0B58,USGS:01172800,snap-20260825-adopt
SNR-0B59,USGS:06653500,snap-20260825-adopt
SNR-0B5A,USGS:05418800,snap-20260825-adopt
SNR-0B5B,USGS:0110057120,snap-20260825-adopt
SNR-0B5C,USGS:01096906,snap-20260825-adopt
SNR-0B5D,USGS:04234000,snap-20260825-adopt
SNR-0B5E,USGS:04213508,snap-20260825-adopt
SNR-0B5F,USGS:01174565,snap-20260825-adopt
SNR-0B5G,USGS:05417000,snap-20260825-adopt
SNR-0B5H,USGS:06455500,snap-20260825-adopt
SNR-0B5I,USGS:06652800,snap-20260825-adopt
SNR-0B5J,USGS:04166200,snap-20260825-adopt
SNR-0B5K,USGS:05438300,snap-20260825-adopt
SNR-0B5L,USGS:01097380,snap-20260825-adopt
SNR-0B5M,USGS:06454500,snap-20260825-adopt
SNR-0B5N,USGS:06455900,snap-20260825-adopt
SNR-0B5O,USGS:04213500,snap-20260825-adopt
SNR-0B5P,USGS:05421000,snap-20260825-adopt
SNR-0B5Q,USGS:04166300,snap-20260825-adopt
SNR-0B5R,USGS:01172750,snap-20260825-adopt
SNR-0B5S,USGS:06641000,snap-20260825-adopt
SNR-0B5T,USGS:04172000,snap-20260825-adopt
SNR-0B5U,USGS:0421350503,snap-20260825-adopt
SNR-0B5V,USGS:06653300,snap-20260825-adopt
SNR-0B5W,USGS:01350180,snap-20260825-adopt
SNR-0B5X,USGS:05527900,snap-20260825-adopt
SNR-0B5Y,USGS:06651000,snap-20260825-adopt
SNR-0B5Z,USGS:06799423,snap-20260825-adopt
SNR-0B60,USGS:01100568,snap-20260825-adopt
SNR-0B61,USGS:05435000,snap-20260825-adopt
SNR-0B62,USGS:04087400,snap-20260825-adopt
SNR-0B63,IWQIS:WQS0025,snap-20260825-adopt
SNR-0B64,USGS:01510610,snap-20260825-adopt
SNR-0B65,USGS:05415500,snap-20260825-adopt
SNR-0B66,USGS:05421300,snap-20260825-adopt
SNR-0B67,USGS:05421600,snap-20260825-adopt
SNR-0B68,USGS:01350200,snap-20260825-adopt
SNR-0B69,USGS:04171900,snap-20260825-adopt
SNR-0B6A,USGS:01170900,snap-20260825-adopt
SNR-0B6B,USGS:01102345,snap-20260825-adopt
SNR-0B6C,USGS:05436900,snap-20260825-adopt
SNR-0B6D,USGS:01197000,snap-20260825-adopt
SNR-0B6E,USGS:05421200,snap-20260825-adopt
SNR-0B6F,USGS:06796985,snap-20260825-adopt
SNR-0B6G,USGS:05416900,snap-20260825-adopt
SNR-0B6H,USGS:04213399,snap-20260825-adopt
SNR-0B6I,USGS:05417530,snap-20260825-adopt
SNR-0B6J,USGS:05418110,snap-20260825-adopt
SNR-0B6K,USGS:04224807,snap-20260825-adopt
SNR-0B6L,USGS:04224650,snap-20260825-adopt
SNR-0B6M,IWQIS:WQS0030,snap-20260825-adopt
SNR-0B6N,USGS:05547000,snap-20260825-adopt
SNR-0B6O,USGS:04213450,snap-20260825-adopt
SNR-0B6P,USGS:01350212,snap-20260825-adopt
SNR-0B6Q,USGS:04171800,snap-20260825-adopt
SNR-0B6R,USGS:04224803,snap-20260825-adopt
SNR-0B6S,USGS:06602190,snap-20260825-adopt
SNR-0B6T,USGS:04171707,snap-20260825-adopt
SNR-0B6U,USGS:04171022,snap-20260825-adopt
SNR-0B6V,USGS:01172700,snap-20260825-adopt
SNR-0B6W,USGS:01174000,snap-20260825-adopt
SNR-0B6X,USGS:05414820,snap-20260825-adopt
SNR-0B6Y,USGS:05546900,snap-20260825-adopt
SNR-0B6Z,USGS:422848088191001,snap-20260825-adopt
SNR-0B70,USGS:01174050,snap-20260825-adopt
SNR-0B71,IWQIS:WQS0026,snap-20260825-adopt
SNR-0B72,USGS:0110057380,snap-20260825-adopt
SNR-0B73,USGS:06606600,snap-20260825-adopt
SNR-0B74,USGS:04107850,snap-20260825-adopt
SNR-0B75,USGS:06456500,snap-20260825-adopt
SNR-0B76,USGS:05546880,snap-20260825-adopt
SNR-0B77,USGS:01528700,snap-20260825-adopt
SNR-0B78,USGS:04087300,snap-20260825-adopt
SNR-0B79,USGS:06796973,snap-20260825-adopt
SNR-0B7A,USGS:01100571,snap-20260825-adopt
SNR-0B7B,USGS:05548185,snap-20260825-adopt
SNR-0B7C,USGS:06486000,snap-20260825-adopt
SNR-0B7D,USGS:06642650,snap-20260825-adopt
SNR-0B7E,USGS:01100574,snap-20260825-adopt
SNR-0B7F,USGS:06637700,snap-20260825-adopt
SNR-0B7G,USGS:04171703,snap-20260825-adopt
SNR-0B7H,USGS:05421100,snap-20260825-adopt
SNR-0B7I,USGS:01359918,snap-20260825-adopt
SNR-0B7J,USGS:04233676,snap-20260825-adopt
SNR-0B7K,USGS:06642700,snap-20260825-adopt
SNR-0B7L,USGS:05527800,snap-20260825-adopt
SNR-0B7M,USGS:06639000,snap-20260825-adopt
SNR-0B7N,USGS:0423368620,snap-20260825-adopt
SNR-0B7O,USGS:01527050,snap-20260825-adopt
SNR-0B7P,USGS:01197050,snap-20260825-adopt
SNR-0B7Q,USGS:06456400,snap-20260825-adopt
SNR-0B7R,USGS:05480986,snap-20260825-adopt
SNR-0B7S,USGS:01100580,snap-20260825-adopt
SNR-0B7T,USGS:01094500,snap-20260825-adopt
SNR-0B7U,USGS:05464000,snap-20260825-adopt
SNR-0B7V,USGS:01172680,snap-20260825-adopt
SNR-0B7W,USGS:06456300,snap-20260825-adopt
SNR-0B7X,USGS:05548170,snap-20260825-adopt
SNR-0B7Y,USGS:05421550,snap-20260825-adopt
SNR-0B7Z,USGS:05420960,snap-20260825-adopt
SNR-0B80,USGS:04171500,snap-20260825-adopt
SNR-0B81,USGS:0135980207,snap-20260825-adopt
SNR-0B82,USGS:01497500,snap-20260825-adopt
SNR-0B83,USGS:423000088164401,snap-20260825-adopt
SNR-0B84,USGS:01527000,snap-20260825-adopt
SNR-0B85,USGS:01509150,snap-20260825-adopt
SNR-0B86,USGS:04166040,snap-20260825-adopt
SNR-0B87,USGS:04224740,snap-20260825-adopt
SNR-0B88,USGS:05414350,snap-20260825-adopt
SNR-0B89,USGS:06638090,snap-20260825-adopt
SNR-0B8A,USGS:05451070,snap-20260825-adopt
SNR-0B8B,USGS:05548150,snap-20260825-adopt
SNR-0B8C,USGS:0660683710,snap-20260825-adopt
SNR-0B8D,USGS:04233700,snap-20260825-adopt
SNR-0B8E,USGS:05546758,snap-20260825-adopt
SNR-0B8F,USGS:05480500,snap-20260825-adopt
SNR-0B8G,USGS:05434500,snap-20260825-adopt
SNR-0B8H,USGS:01196990,snap-20260825-adopt
SNR-0B8I,USGS:05546500,snap-20260825-adopt
SNR-0B8J,USGS:05479500,snap-20260825-adopt
SNR-0B8K,USGS:05437200,snap-20260825-adopt
SNR-0B8L,USGS:01097300,snap-20260825-adopt
SNR-0B8M,USGS:04170500,snap-20260825-adopt
SNR-0B8N,USGS:06637910,snap-20260825-adopt
SNR-0B8O,USGS:04170490,snap-20260825-adopt
SNR-0B8P,USGS:05415000,snap-20260825-adopt
SNR-0B8Q,USGS:04233648,snap-20260825-adopt
SNR-0B8R,USGS:423051088155300,snap-20260825-adopt
SNR-0B8S,USGS:04224700,snap-20260825-adopt
SNR-0B8T,USGS:06637900,snap-20260825-adopt
SNR-0B8U,USGS:01178230,snap-20260825-adopt
SNR-0B8V,USGS:01197015,snap-20260825-adopt
SNR-0B8W,USGS:04224900,snap-20260825-adopt
SNR-0B8X,USGS:05438283,snap-20260825-adopt
SNR-0B8Y,USGS:05450000,snap-20260825-adopt
SNR-0B8Z,USGS:04224848,snap-20260825-adopt
SNR-0B90,IWQIS:WQS0060,snap-20260825-adopt
SNR-0B91,USGS:05418731,snap-20260825-adopt
SNR-0B92,USGS:04162500,snap-20260825-adopt
SNR-0B93,USGS:04214000,snap-20260825-adopt
SNR-0B94,USGS:01102065,snap-20260825-adopt
SNR-0B95,USGS:06485950,snap-20260825-adopt
SNR-0B96,USGS:423130088155001,snap-20260825-adopt
SNR-0B97,USGS:423132071523401,snap-20260825-adopt
SNR-0B98,USGS:011020635,snap-20260825-adopt
SNR-0B99,USGS:04162400,snap-20260825-adopt
SNR-0B9A,USGS:06637850,snap-20260825-adopt
SNR-0B9B,USGS:01361453,snap-20260825-adopt
SNR-0B9C,USGS:423135093373301,snap-20260825-adopt
SNR-0B9D,USGS:06637600,snap-20260825-adopt
SNR-0B9E,USGS:01170006,snap-20260825-adopt
SNR-0B9F,USGS:01101296,snap-20260825-adopt
SNR-0B9G,USGS:01359902,snap-20260825-adopt
SNR-0B9H,USGS:05480080,snap-20260825-adopt
SNR-0B9I,USGS:04162010,snap-20260825-adopt
SNR-0B9J,USGS:06642730,snap-20260825-adopt
SNR-0B9K,USGS:01501500,snap-20260825-adopt
SNR-0B9L,USGS:01526980,snap-20260825-adopt
SNR-0B9M,USGS:06641400,snap-20260825-adopt
SNR-0B9N,USGS:04163000,snap-20260825-adopt
SNR-0B9O,USGS:01359750,snap-20260825-adopt
SNR-0B9P,USGS:05414800,snap-20260825-adopt
SNR-0B9Q,USGS:04111000,snap-20260825-adopt
SNR-0B9R,USGS:06600000,snap-20260825-adopt
SNR-0B9S,USGS:04224775,snap-20260825-adopt
SNR-0B9T,USGS:01170000,snap-20260825-adopt
SNR-0B9U,USGS:04213410,snap-20260825-adopt
SNR-0B9V,USGS:01101300,snap-20260825-adopt
SNR-0B9W,USGS:05463050,snap-20260825-adopt
SNR-0B9X,USGS:01350355,snap-20260825-adopt
SNR-0B9Y,USGS:04163030,snap-20260825-adopt
SNR-0B9Z,USGS:0423403092,snap-20260825-adopt
SNR-0BA0,USGS:01505031,snap-20260825-adopt
SNR-0BA1,USGS:04213401,snap-20260825-adopt
SNR-0BA2,USGS:01359967,snap-20260825-adopt
SNR-0BA3,USGS:04104000,snap-20260825-adopt
SNR-0BA4,USGS:423223070531001,snap-20260825-adopt
SNR-0BA5,USGS:042340202,snap-20260825-adopt
SNR-0BA6,USGS:04222900,snap-20260825-adopt
SNR-0BA7,USGS:01510000,snap-20260825-adopt
SNR-0BA8,USGS:06638100,snap-20260825-adopt
SNR-0BA9,USGS:06642500,snap-20260825-adopt
SNR-0BAA,USGS:06642760,snap-20260825-adopt
SNR-0BAB,USGS:01169900,snap-20260825-adopt
SNR-0BAC,USGS:04162900,snap-20260825-adopt
SNR-0BAD,USGS:05451080,snap-20260825-adopt
SNR-0BAE,USGS:06457000,snap-20260825-adopt
SNR-0BAF,USGS:05414600,snap-20260825-adopt
SNR-0BAG,USGS:04213394,snap-20260825-adopt
SNR-0BAH,USGS:01505503,snap-20260825-adopt
SNR-0BAI,USGS:06639500,snap-20260825-adopt
SNR-0BAJ,USGS:05548164,snap-20260825-adopt
SNR-0BAK,USGS:05480000,snap-20260825-adopt
SNR-0BAL,USGS:01502000,snap-20260825-adopt
SNR-0BAM,USGS:04166000,snap-20260825-adopt
SNR-0BAN,USGS:01173900,snap-20260825-adopt
SNR-0BAO,USGS:01095800,snap-20260825-adopt
SNR-0BAP,USGS:01497800,snap-20260825-adopt
SNR-0BAQ,USGS:06637800,snap-20260825-adopt
SNR-0BAR,USGS:0421340305,snap-20260825-adopt
SNR-0BAS,USGS:06637750,snap-20260825-adopt
SNR-0BAT,USGS:05546000,snap-20260825-adopt
SNR-0BAU,USGS:05548163,snap-20260825-adopt
SNR-0BAV,USGS:01360640,snap-20260825-adopt
SNR-0BAW,USGS:0423401815,snap-20260825-adopt
SNR-0BAX,USGS:04224978,snap-20260825-adopt
SNR-0BAY,USGS:04234018,snap-20260825-adopt
SNR-0BAZ,USGS:05414500,snap-20260825-adopt
SNR-0BB0,USGS:0423363405,snap-20260825-adopt
SNR-0BB1,USGS:423323099520101,snap-20260825-adopt
SNR-0BB2,USGS:423335088060300,snap-20260825-adopt
SNR-0BB3,USGS:04225000,snap-20260825-adopt
SNR-0BB4,USGS:05545133,snap-20260825-adopt
SNR-0BB5,USGS:05414400,snap-20260825-adopt
SNR-0BB6,USGS:01101344,snap-20260825-adopt
SNR-0BB7,USGS:04165557,snap-20260825-adopt
SNR-0BB8,USGS:06465400,snap-20260825-adopt
SNR-0BB9,USGS:04108000,snap-20260825-adopt
SNR-0BBA,USGS:01505500,snap-20260825-adopt
SNR-0BBB,USGS:04117000,snap-20260825-adopt
SNR-0BBC,USGS:04233632,snap-20260825-adopt
SNR-0BBD,USGS:04117004,snap-20260825-adopt
SNR-0BBE,USGS:01100600,snap-20260825-adopt
SNR-0BBF,USGS:423409100061401,snap-20260825-adopt
SNR-0BBG,USGS:01101500,snap-20260825-adopt
SNR-0BBH,USGS:04223000,snap-20260825-adopt
SNR-0BBI,USGS:01165300,snap-20260825-adopt
SNR-0BBJ,USGS:01101400,snap-20260825-adopt
SNR-0BBK,USGS:05463000,snap-20260825-adopt
SNR-0BBL,USGS:01163000,snap-20260825-adopt
SNR-0BBM,USGS:06642000,snap-20260825-adopt
SNR-0BBN,USGS:06479097,snap-20260825-adopt
SNR-0BBO,USGS:06463100,snap-20260825-adopt
SNR-0BBP,USGS:01094400,snap-20260825-adopt
SNR-0BBQ,USGS:06600500,snap-20260825-adopt
SNR-0BBR,IWQIS:WQS0043,snap-20260825-adopt
SNR-0BBS,IWQIS:WQS9905,snap-20260825-adopt
SNR-0BBT,USGS:05462750,snap-20260825-adopt
SNR-0BBU,USGS:04164000,snap-20260825-adopt
SNR-0BBV,USGS:04170000,snap-20260825-adopt
SNR-0BBW,USGS:06463200,snap-20260825-adopt
SNR-0BBX,USGS:05545131,snap-20260825-adopt
SNR-0BBY,USGS:05431400,snap-20260825-adopt
SNR-0BBZ,USGS:01170500,snap-20260825-adopt
SNR-0BC0,USGS:04225600,snap-20260825-adopt
SNR-0BC1,USGS:01350480,snap-20260825-adopt
SNR-0BC2,USGS:04222600,snap-20260825-adopt
SNR-0BC3,USGS:04163500,snap-20260825-adopt
SNR-0BC4,USGS:05431018,snap-20260825-adopt
SNR-0BC5,USGS:05414450,snap-20260825-adopt
SNR-0BC6,USGS:05434000,snap-20260825-adopt
SNR-0BC7,USGS:01163200,snap-20260825-adopt
SNR-0BC8,USGS:04225915,snap-20260825-adopt
SNR-0BC9,USGS:01331400,snap-20260825-adopt
SNR-0BCA,USGS:05416200,snap-20260825-adopt
SNR-0BCB,USGS:01508946,snap-20260825-adopt
SNR-0BCC,USGS:423525088260400,snap-20260825-adopt
SNR-0BCD,USGS:055451345,snap-20260825-adopt
SNR-0BCE,USGS:04169525,snap-20260825-adopt
SNR-0BCF,USGS:04169500,snap-20260825-adopt
SNR-0BCG,USGS:06232800,snap-20260825-adopt
SNR-0BCH,USGS:01165150,snap-20260825-adopt
SNR-0BCI,USGS:04108500,snap-20260825-adopt
SNR-0BCJ,USGS:06456200,snap-20260825-adopt
SNR-0BCK,USGS:01166105,snap-20260825-adopt
SNR-0BCL,USGS:01163100,snap-20260825-adopt
SNR-0BCM,USGS:04165500,snap-20260825-adopt
SNR-0BCN,USGS:05431500,snap-20260825-adopt
SNR-0BCO,USGS:04165559,snap-20260825-adopt
SNR-0BCP,USGS:06465680,snap-20260825-adopt
SNR-0BCQ,USGS:05431486,snap-20260825-adopt
SNR-0BCR,USGS:01166500,snap-20260825-adopt
SNR-0BCS,USGS:423552100085501,snap-20260825-adopt
SNR-0BCT,USGS:01168639,snap-20260825-adopt
SNR-0BCU,USGS:01168640,snap-20260825-adopt
SNR-0BCV,USGS:01350500,snap-20260825-adopt
SNR-0BCW,USGS:06463300,snap-20260825-adopt
SNR-0BCX,USGS:04163400,snap-20260825-adopt
SNR-0BCY,USGS:01509000,snap-20260825-adopt
SNR-0BCZ,USGS:01165500,snap-20260825-adopt
SNR-0BD0,USGS:04087250,snap-20260825-adopt
SNR-0BD1,USGS:06459200,snap-20260825-adopt
SNR-0BD2,USGS:05482135,snap-20260825-adopt
SNR-0BD3,USGS:01505018,snap-20260825-adopt
SNR-0BD4,USGS:423706088363400,snap-20260825-adopt
SNR-0BD5,USGS:01505017,snap-20260825-adopt
SNR-0BD6,USGS:01508962,snap-20260825-adopt
SNR-0BD7,USGS:04111500,snap-20260825-adopt
SNR-0BD8,USGS:06443300,snap-20260825-adopt
SNR-0BD9,USGS:05545750,snap-20260825-adopt
SNR-0BDA,USGS:01331500,snap-20260825-adopt
SNR-0BDB,USGS:04112700,snap-20260825-adopt
SNR-0BDC,USGS:01167000,snap-20260825-adopt
SNR-0BDD,USGS:06647500,snap-20260825-adopt
SNR-0BDE,USGS:05436500,snap-20260825-adopt
SNR-0BDF,USGS:01359150,snap-20260825-adopt
SNR-0BDG,USGS:423645088595501,snap-20260825-adopt
SNR-0BDH,USGS:01170200,snap-20260825-adopt
SNR-0BDI,USGS:05430500,snap-20260825-adopt
SNR-0BDJ,USGS:06459175,snap-20260825-adopt
SNR-0BDK,USGS:04161820,snap-20260825-adopt
SNR-0BDL,USGS:05431022,snap-20260825-adopt
SNR-0BDM,USGS:06466400,snap-20260825-adopt
SNR-0BDN,USGS:04117500,snap-20260825-adopt
SNR-0BDO,USGS:01496630,snap-20260825-adopt
SNR-0BDP,USGS:01359165,snap-20260825-adopt
SNR-0BDQ,USGS:06443200,snap-20260825-adopt
SNR-0BDR,USGS:06599950,snap-20260825-adopt
SNR-0BDS,USGS:05414605,snap-20260825-adopt
SNR-0BDT,USGS:04223500,snap-20260825-adopt
SNR-0BDU,USGS:05431017,snap-20260825-adopt
SNR-0BDV,USGS:04232460,snap-20260825-adopt
SNR-0BDW,USGS:05482140,snap-20260825-adopt
SNR-0BDX,USGS:06465200,snap-20260825-adopt
SNR-0BDY,USGS:05434240,snap-20260825-adopt
SNR-0BDZ,USGS:01501015,snap-20260825-adopt
SNR-0BE0,USGS:01168500,snap-20260825-adopt
SNR-0BE1,USGS:06485910,snap-20260825-adopt
SNR-0BE2,USGS:04165200,snap-20260825-adopt
SNR-0BE3,USGS:423740088592701,snap-20260825-adopt
SNR-0BE4,USGS:0423245850,snap-20260825-adopt
SNR-0BE5,USGS:01099000,snap-20260825-adopt
SNR-0BE6,USGS:01351000,snap-20260825-adopt
SNR-0BE7,IWQIS:WQS0088,snap-20260825-adopt
SNR-0BE8,IWQIS:WQS0107,snap-20260825-adopt
SNR-0BE9,USGS:04164500,snap-20260825-adopt
SNR-0BEA,USGS:05458900,snap-20260825-adopt
SNR-0BEB,USGS:04214040,snap-20260825-adopt
SNR-0BEC,USGS:01164000,snap-20260825-adopt
SNR-0BED,USGS:06234500,snap-20260825-adopt
SNR-0BEE,USGS:423754099522201,snap-20260825-adopt
SNR-0BEF,USGS:06463080,snap-20260825-adopt
SNR-0BEG,USGS:01497000,snap-20260825-adopt
SNR-0BEH,USGS:423755088341700,snap-20260825-adopt
SNR-0BEI,USGS:01333367,snap-20260825-adopt
SNR-0BEJ,USGS:04161000,snap-20260825-adopt
SNR-0BEK,USGS:01497805,snap-20260825-adopt
SNR-0BEL,USGS:01359528,snap-20260825-adopt
SNR-0BEM,USGS:01096000,snap-20260825-adopt
SNR-0BEN,USGS:01099500,snap-20260825-adopt
SNR-0BEO,USGS:05431032,snap-20260825-adopt
SNR-0BEP,USGS:04225950,snap-20260825-adopt
SNR-0BEQ,USGS:01508803,snap-20260825-adopt
SNR-0BER,USGS:01169000,snap-20260825-adopt
SNR-0BES,USGS:011020308,snap-20260825-adopt
SNR-0BET,USGS:05434235,snap-20260825-adopt
SNR-0BEU,USGS:06457500,snap-20260825-adopt
SNR-0BEV,USGS:05434200,snap-20260825-adopt
SNR-0BEW,USGS:04112850,snap-20260825-adopt
SNR-0BEX,USGS:05431016,snap-20260825-adopt
SNR-0BEY,USGS:05431014,snap-20260825-adopt
SNR-0BEZ,USGS:01165000,snap-20260825-adopt
SNR-0BF0,USGS:04108600,snap-20260825-adopt
SNR-0BF1,USGS:04233624,snap-20260825-adopt
SNR-0BF2,USGS:05430446,snap-20260825-adopt
SNR-0BF3,USGS:04164980,snap-20260825-adopt
SNR-0BF4,USGS:04228900,snap-20260825-adopt
SNR-0BF5,USGS:01501000,snap-20260825-adopt
SNR-0BF6,USGS:06443900,snap-20260825-adopt
SNR-0BF7,USGS:04108670,snap-20260825-adopt
SNR-0BF8,USGS:06234700,snap-20260825-adopt
SNR-0BF9,USGS:05414920,snap-20260825-adopt
SNR-0BFA,USGS:01100000,snap-20260825-adopt
SNR-0BFB,USGS:423846090171600,snap-20260825-adopt
SNR-0BFC,USGS:04087257,snap-20260825-adopt
SNR-0BFD,USGS:01096568,snap-20260825-adopt
SNR-0BFE,USGS:01359139,snap-20260825-adopt
SNR-0BFF,USGS:01359525,snap-20260825-adopt
SNR-0BFG,USGS:05458500,snap-20260825-adopt
SNR-0BFH,USGS:01350900,snap-20260825-adopt
SNR-0BFI,IWQIS:WQS0084,snap-20260825-adopt
SNR-0BFJ,USGS:06645150,snap-20260825-adopt
SNR-0BFK,USGS:06651500,snap-20260825-adopt
SNR-0BFL,USGS:054310157,snap-20260825-adopt
SNR-0BFM,USGS:04108660,snap-20260825-adopt
SNR-0BFN,IWQIS:WQS0073,snap-20260825-adopt
SNR-0BFO,USGS:01102029,snap-20260825-adopt
SNR-0BFP,USGS:06465300,snap-20260825-adopt
SNR-0BFQ,USGS:06652000,snap-20260825-adopt
SNR-0BFR,USGS:423909090172100,snap-20260825-adopt
SNR-0BFS,USGS:423912090170800,snap-20260825-adopt
SNR-0BFT,USGS:010965985,snap-20260825-adopt
SNR-0BFU,USGS:06459500,snap-20260825-adopt
SNR-0BFV,USGS:06465700,snap-20260825-adopt
SNR-0BFW,USGS:423920073461801,snap-20260825-adopt
SNR-0BFX,USGS:06645160,snap-20260825-adopt
SNR-0BFY,USGS:06645161,snap-20260825-adopt
SNR-0BFZ,USGS:06454000,snap-20260825-adopt
SNR-0BG0,USGS:04214060,snap-20260825-adopt
SNR-0BG1,USGS:05430540,snap-20260825-adopt
SNR-0BG2,USGS:423931073462901,snap-20260825-adopt
SNR-0BG3,USGS:06645164,snap-20260825-adopt
SNR-0BG4,USGS:06650500,snap-20260825-adopt
SNR-0BG5,USGS:01102000,snap-20260825-adopt
SNR-0BG6,USGS:04160900,snap-20260825-adopt
SNR-0BG7,USGS:04225500,snap-20260825-adopt
SNR-0BG8,USGS:01100220,snap-20260825-adopt
SNR-0BG9,USGS:01100100,snap-20260825-adopt
SNR-0BGA,USGS:01359135,snap-20260825-adopt
SNR-0BGB,USGS:423954089071501,snap-20260825-adopt
SNR-0BGC,USGS:01350750,snap-20260825-adopt
SNR-0BGD,USGS:01496500,snap-20260825-adopt
SNR-0BGE,USGS:05545300,snap-20260825-adopt
SNR-0BGF,USGS:01168250,snap-20260825-adopt
SNR-0BGG,USGS:04161100,snap-20260825-adopt
SNR-0BGH,USGS:05414900,snap-20260825-adopt
SNR-0BGI,USGS:05414915,snap-20260825-adopt
SNR-0BGJ,USGS:01096500,snap-20260825-adopt
SNR-0BGK,USGS:424008089050201,snap-20260825-adopt
SNR-0BGL,USGS:06651800,snap-20260825-adopt
SNR-0BGM,USGS:01508500,snap-20260825-adopt
SNR-0BGN,USGS:04112904,snap-20260825-adopt
SNR-0BGO,USGS:01359133,snap-20260825-adopt
SNR-0BGP,USGS:01100627,snap-20260825-adopt
SNR-0BGQ,USGS:05430403,snap-20260825-adopt
SNR-0BGR,USGS:04161810,snap-20260825-adopt
SNR-0BGS,USGS:01096503,snap-20260825-adopt
SNR-0BGT,USGS:06645166,snap-20260825-adopt
SNR-0BGU,USGS:01351298,snap-20260825-adopt
SNR-0BGV,USGS:06466470,snap-20260825-adopt
SNR-0BGW,USGS:01351200,snap-20260825-adopt
SNR-0BGX,USGS:04108645,snap-20260825-adopt
SNR-0BGY,USGS:04160635,snap-20260825-adopt
SNR-0BGZ,USGS:04112000,snap-20260825-adopt
SNR-0BH0,USGS:06643000,snap-20260825-adopt
SNR-0BH1,USGS:05545550,snap-20260825-adopt
SNR-0BH2,USGS:010965305,snap-20260825-adopt
SNR-0BH3,USGS:05432500,snap-20260825-adopt
SNR-0BH4,USGS:01505000,snap-20260825-adopt
SNR-0BH5,USGS:01359519,snap-20260825-adopt
SNR-0BH6,USGS:01351300,snap-20260825-adopt
SNR-0BH7,USGS:04214231,snap-20260825-adopt
SNR-0BH8,USGS:04232482,snap-20260825-adopt
SNR-0BH9,USGS:05545500,snap-20260825-adopt
SNR-0BHA,USGS:06649000,snap-20260825-adopt
SNR-0BHB,USGS:04226000,snap-20260825-adopt
SNR-0BHC,USGS:01168151,snap-20260825-adopt
SNR-0BHD,USGS:01162500,snap-20260825-adopt
SNR-0BHE,USGS:05414894,snap-20260825-adopt
SNR-0BHF,USGS:04111379,snap-20260825-adopt
SNR-0BHG,USGS:06650000,snap-20260825-adopt
SNR-0BHH,USGS:01161280,snap-20260825-adopt
SNR-0BHI,USGS:05545200,snap-20260825-adopt
SNR-0BHJ,USGS:01162000,snap-20260825-adopt
SNR-0BHK,USGS:04214200,snap-20260825-adopt
SNR-0BHL,USGS:04234400,snap-20260825-adopt
SNR-0BHM,USGS:01161300,snap-20260825-adopt
SNR-0BHN,USGS:06444000,snap-20260825-adopt
SNR-0BHO,USGS:06652200,snap-20260825-adopt
SNR-0BHP,USGS:04164450,snap-20260825-adopt
SNR-0BHQ,USGS:01164300,snap-20260825-adopt
SNR-0BHR,USGS:06443700,snap-20260825-adopt
SNR-0BHS,USGS:04161540,snap-20260825-adopt
SNR-0BHT,USGS:05482170,snap-20260825-adopt
SNR-0BHU,USGS:06649900,snap-20260825-adopt
SNR-0BHV,USGS:01359513,snap-20260825-adopt
SNR-0BHW,USGS:06463500,snap-20260825-adopt
SNR-0BHX,USGS:05545100,snap-20260825-adopt
SNR-0BHY,USGS:424129077495502,snap-20260825-adopt
SNR-0BHZ,USGS:424129077495501,snap-20260825-adopt
SNR-0BI0,USGS:424131077495801,snap-20260825-adopt
SNR-0BI1,USGS:424131077495802,snap-20260825-adopt
SNR-0BI2,USGS:01100475,snap-20260825-adopt
SNR-0BI3,USGS:06599900,snap-20260825-adopt
SNR-0BI4,USGS:04168800,snap-20260825-adopt
SNR-0BI5,USGS:04230320,snap-20260825-adopt
SNR-0BI6,USGS:06478520,snap-20260825-adopt
SNR-0BI7,USGS:06645178,snap-20260825-adopt
SNR-0BI8,USGS:06445530,snap-20260825-adopt
SNR-0BI9,USGS:06465520,snap-20260825-adopt
SNR-0BIA,USGS:01332500,snap-20260825-adopt
SNR-0BIB,USGS:04164600,snap-20260825-adopt
SNR-0BIC,USGS:01332000,snap-20260825-adopt
SNR-0BID,USGS:04235150,snap-20260825-adopt
SNR-0BIE,USGS:04215350,snap-20260825-adopt
SNR-0BIF,USGS:06465850,snap-20260825-adopt
SNR-0BIG,USGS:01170100,snap-20260825-adopt
SNR-0BIH,USGS:04234398,snap-20260825-adopt
SNR-0BII,USGS:01100500,snap-20260825-adopt
SNR-0BIJ,USGS:04164800,snap-20260825-adopt
SNR-0BIK,USGS:0421422210,snap-20260825-adopt
SNR-0BIL,USGS:06445560,snap-20260825-adopt
SNR-0BIM,USGS:05544500,snap-20260825-adopt
SNR-0BIN,USGS:01333000,snap-20260825-adopt
SNR-0BIO,USGS:01501140,snap-20260825-adopt
SNR-0BIP,USGS:05414850,snap-20260825-adopt
SNR-0BIQ,USGS:04164400,snap-20260825-adopt
SNR-0BIR,IWQIS:WQS0085,snap-20260825-adopt
SNR-0BIS,USGS:06646000,snap-20260825-adopt
SNR-0BIT,USGS:424242090230701,snap-20260825-adopt
SNR-0BIU,IWQIS:WQS0083,snap-20260825-adopt
SNR-0BIV,USGS:05462000,snap-20260825-adopt
SNR-0BIW,USGS:06643500,snap-20260825-adopt
SNR-0BIX,USGS:424245090235501,snap-20260825-adopt
SNR-0BIY,USGS:424245090231000,snap-20260825-adopt
SNR-0BIZ,USGS:01161500,snap-20260825-adopt
SNR-0BJ0,USGS:04235299,snap-20260825-adopt
SNR-0BJ1,USGS:06643300,snap-20260825-adopt
SNR-0BJ2,USGS:424247090234500,snap-20260825-adopt
SNR-0BJ3,USGS:06645174,snap-20260825-adopt
SNR-0BJ4,USGS:05420850,snap-20260825-adopt
SNR-0BJ5,USGS:05420875,snap-20260825-adopt
SNR-0BJ6,USGS:424253090232100,snap-20260825-adopt
SNR-0BJ7,USGS:06646280,snap-20260825-adopt
SNR-0BJ8,IWQIS:WQS0074,snap-20260825-adopt
SNR-0BJ9,USGS:04161800,snap-20260825-adopt
SNR-0BJA,USGS:424256090234001,snap-20260825-adopt
SNR-0BJB,USGS:424259090231301,snap-20260825-adopt
SNR-0BJC,USGS:06233000,snap-20260825-adopt
SNR-0BJD,USGS:04161790,snap-20260825-adopt
SNR-0BJE,USGS:04164151,snap-20260825-adopt
SNR-0BJF,USGS:424302090231900,snap-20260825-adopt
SNR-0BJG,USGS:424302090230301,snap-20260825-adopt
SNR-0BJH,USGS:424302090225601,snap-20260825-adopt
SNR-0BJI,USGS:06463670,snap-20260825-adopt
SNR-0BJJ,USGS:04216400,snap-20260825-adopt
SNR-0BJK,USGS:04235300,snap-20260825-adopt
SNR-0BJL,USGS:05414849,snap-20260825-adopt
SNR-0BJM,USGS:05476750,snap-20260825-adopt
SNR-0BJN,USGS:04160800,snap-20260825-adopt
SNR-0BJO,USGS:05413500,snap-20260825-adopt
SNR-0BJP,USGS:424314090240601,snap-20260825-adopt
SNR-0BJQ,USGS:06599800,snap-20260825-adopt
SNR-0BJR,USGS:05430300,snap-20260825-adopt
SNR-0BJS,USGS:06646300,snap-20260825-adopt
SNR-0BJT,USGS:424317090241401,snap-20260825-adopt
SNR-0BJU,USGS:06478526,snap-20260825-adopt
SNR-0BJV,USGS:05414213,snap-20260825-adopt
SNR-0BJW,USGS:0109650657,snap-20260825-adopt
SNR-0BJX,USGS:05479000,snap-20260825-adopt
SNR-0BJY,USGS:05480820,snap-20260825-adopt
SNR-0BJZ,IWQIS:WQS0039,snap-20260825-adopt
SNR-0BK0,USGS:06445590,snap-20260825-adopt
SNR-0BK1,USGS:01507975,snap-20260825-adopt
SNR-0BK2,USGS:04113090,snap-20260825-adopt
SNR-0BK3,USGS:04112500,snap-20260825-adopt
SNR-0BK4,USGS:06478518,snap-20260825-adopt
SNR-0BK5,USGS:05431000,snap-20260825-adopt
SNR-0BK6,USGS:06466950,snap-20260825-adopt
SNR-0BK7,USGS:04164150,snap-20260825-adopt
SNR-0BK8,USGS:05414000,snap-20260825-adopt
SNR-0BK9,USGS:06649200,snap-20260825-adopt
SNR-0BKA,USGS:04161760,snap-20260825-adopt
SNR-0BKB,USGS:06647800,snap-20260825-adopt
SNR-0BKC,USGS:05480930,snap-20260825-adopt
SNR-0BKD,USGS:06466500,snap-20260825-adopt
SNR-0BKE,USGS:01358500,snap-20260825-adopt
SNR-0BKF,USGS:423127084321901,snap-20260825-adopt
SNR-0BKG,USGS:01100890,snap-20260825-adopt
SNR-0BKH,USGS:04087242,snap-20260825-adopt
SNR-0BKI,USGS:01100900,snap-20260825-adopt
SNR-0BKJ,USGS:06458000,snap-20260825-adopt
SNR-0BKK,USGS:04227000,snap-20260825-adopt
SNR-0BKL,USGS:04214410,snap-20260825-adopt
SNR-0BKM,USGS:05458300,snap-20260825-adopt
SNR-0BKN,USGS:06647920,snap-20260825-adopt
SNR-0BKO,USGS:424421077495301,snap-20260825-adopt
SNR-0BKP,USGS:06465500,snap-20260825-adopt
SNR-0BKQ,USGS:05412500,snap-20260825-adopt
SNR-0BKR,USGS:424428077495401,snap-20260825-adopt
SNR-0BKS,USGS:05544475,snap-20260825-adopt
SNR-0BKT,USGS:04235890,snap-20260825-adopt
SNR-0BKU,USGS:04230380,snap-20260825-adopt
SNR-0BKV,USGS:06231500,snap-20260825-adopt
SNR-0BKW,USGS:01100561,snap-20260825-adopt
SNR-0BKX,USGS:05545000,snap-20260825-adopt
SNR-0BKY,USGS:04214400,snap-20260825-adopt
SNR-0BKZ,USGS:06466000,snap-20260825-adopt
SNR-0BL0,USGS:06606790,snap-20260825-adopt
SNR-0BL1,USGS:04113000,snap-20260825-adopt
SNR-0BL2,USGS:06647890,snap-20260825-adopt
SNR-0BL3,USGS:06463000,snap-20260825-adopt
SNR-0BL4,USGS:04087240,snap-20260825-adopt
SNR-0BL5,USGS:424507104252301,snap-20260825-adopt
SNR-0BL6,USGS:01358000,snap-20260825-adopt
SNR-0BL7,USGS:01101000,snap-20260825-adopt
SNR-0BL8,USGS:06462500,snap-20260825-adopt
SNR-0BL9,USGS:011005605,snap-20260825-adopt
SNR-0BLA,USGS:05412400,snap-20260825-adopt
SNR-0BLB,USGS:04215250,snap-20260825-adopt
SNR-0BLC,USGS:04113097,snap-20260825-adopt
SNR-0BLD,USGS:06652400,snap-20260825-adopt
SNR-0BLE,USGS:05433520,snap-20260825-adopt
SNR-0BLF,USGS:06231600,snap-20260825-adopt
SNR-0BLG,USGS:04235820,snap-20260825-adopt
SNR-0BLH,USGS:06465440,snap-20260825-adopt
SNR-0BLI,USGS:05449500,snap-20260825-adopt
SNR-0BLJ,USGS:06647900,snap-20260825-adopt
SNR-0BLK,USGS:01351450,snap-20260825-adopt
SNR-0BLL,USGS:06478523,snap-20260825-adopt
SNR-0BLM,USGS:04164250,snap-20260825-adopt
SNR-0BLN,USGS:04087230,snap-20260825-adopt
SNR-0BLO,USGS:424545084243701,snap-20260825-adopt
SNR-0BLP,USGS:05414200,snap-20260825-adopt
SNR-0BLQ,USGS:04164360,snap-20260825-adopt
SNR-0BLR,USGS:01096508,snap-20260825-adopt
SNR-0BLS,USGS:06465310,snap-20260825-adopt
SNR-0BLT,USGS:011006988,snap-20260825-adopt
SNR-0BLU,USGS:01333500,snap-20260825-adopt
SNR-0BLV,USGS:06478522,snap-20260825-adopt
SNR-0BLW,USGS:05544348,snap-20260825-adopt
SNR-0BLX,USGS:424554088332700,snap-20260825-adopt
SNR-0BLY,USGS:05544800,snap-20260825-adopt
SNR-0BLZ,USGS:04227500,snap-20260825-adopt
SNR-0BM0,USGS:05413451,snap-20260825-adopt
SNR-0BM1,USGS:01508000,snap-20260825-adopt
SNR-0BM2,USGS:01100671,snap-20260825-adopt
SNR-0BM3,USGS:04161500,snap-20260825-adopt
SNR-0BM4,USGS:01100549,snap-20260825-adopt
SNR-0BM5,USGS:04160625,snap-20260825-adopt
SNR-0BM6,USGS:424608088414800,snap-20260825-adopt
SNR-0BM7,USGS:06647910,snap-20260825-adopt
SNR-0BM8,USGS:06466010,snap-20260825-adopt
SNR-0BM9,USGS:06647810,snap-20260825-adopt
SNR-0BMA,USGS:01156500,snap-20260825-adopt
SNR-0BMB,USGS:01100693,snap-20260825-adopt
SNR-0BMC,USGS:05433600,snap-20260825-adopt
SNR-0BMD,USGS:05433510,snap-20260825-adopt
SNR-0BME,IWQIS:WQS0062,snap-20260825-adopt
SNR-0BMF,USGS:05426500,snap-20260825-adopt
SNR-0BMG,USGS:424642088415501,snap-20260825-adopt
SNR-0BMH,USGS:06644000,snap-20260825-adopt
SNR-0BMI,USGS:04108800,snap-20260825-adopt
SNR-0BMJ,USGS:05413449,snap-20260825-adopt
SNR-0BMK,USGS:05433500,snap-20260825-adopt
SNR-0BML,USGS:06463720,snap-20260825-adopt
SNR-0BMM,USGS:010965852,snap-20260825-adopt
SNR-0BMN,USGS:424659100013801,snap-20260825-adopt
SNR-0BMO,USGS:04108801,snap-20260825-adopt
SNR-0BMP,USGS:01356190,snap-20260825-adopt
SNR-0BMQ,USGS:01156450,snap-20260825-adopt
SNR-0BMR,USGS:01357500,snap-20260825-adopt
SNR-0BMS,USGS:05433000,snap-20260825-adopt
SNR-0BMT,USGS:0135749950,snap-20260825-adopt
SNR-0BMU,USGS:01161000,snap-20260825-adopt
SNR-0BMV,USGS:05544793,snap-20260825-adopt
SNR-0BMW,USGS:06462000,snap-20260825-adopt
SNR-0BMX,USGS:04240145,snap-20260825-adopt
SNR-0BMY,USGS:06453620,snap-20260825-adopt
SNR-0BMZ,USGS:01496448,snap-20260825-adopt
SNR-0BN0,USGS:424722099200801,snap-20260825-adopt
SNR-0BN1,USGS:05461500,snap-20260825-adopt
SNR-0BN2,USGS:054134435,snap-20260825-adopt
SNR-0BN3,USGS:424727088332300,snap-20260825-adopt
SNR-0BN4,USGS:06646700,snap-20260825-adopt
SNR-0BN5,USGS:06461595,snap-20260825-adopt
SNR-0BN6,USGS:04164200,snap-20260825-adopt
SNR-0BN7,USGS:424752070491701,snap-20260825-adopt
SNR-0BN8,USGS:04143830,snap-20260825-adopt
SNR-0BN9,USGS:01351500,snap-20260825-adopt
SNR-0BNA,USGS:04161580,snap-20260825-adopt
SNR-0BNB,USGS:01357499,snap-20260825-adopt
SNR-0BNC,USGS:05426900,snap-20260825-adopt
SNR-0BND,USGS:05427570,snap-20260825-adopt
SNR-0BNE,USGS:01356000,snap-20260825-adopt
SNR-0BNF,USGS:04214260,snap-20260825-adopt
SNR-0BNG,USGS:05476735,snap-20260825-adopt
SNR-0BNH,USGS:06457700,snap-20260825-adopt
SNR-0BNI,USGS:04164350,snap-20260825-adopt
SNR-0BNJ,USGS:01096587,snap-20260825-adopt
SNR-0BNK,USGS:06601480,snap-20260825-adopt
SNR-0BNL,USGS:06485696,snap-20260825-adopt
SNR-0BNM,USGS:06453600,snap-20260825-adopt
SNR-0BNN,USGS:04118000,snap-20260825-adopt
SNR-0BNO,USGS:06445000,snap-20260825-adopt
SNR-0BNP,USGS:01100700,snap-20260825-adopt
SNR-0BNQ,USGS:06465000,snap-20260825-adopt
SNR-0BNR,USGS:05544410,snap-20260825-adopt
SNR-0BNS,USGS:424848088083100,snap-20260825-adopt
SNR-0BNT,USGS:01100873,snap-20260825-adopt
SNR-0BNU,USGS:01100870,snap-20260825-adopt
SNR-0BNV,USGS:01100871,snap-20260825-adopt
SNR-0BNW,USGS:04087233,snap-20260825-adopt
SNR-0BNX,USGS:424857088101500,snap-20260825-adopt
SNR-0BNY,USGS:04143900,snap-20260825-adopt
SNR-0BNZ,USGS:05413400,snap-20260825-adopt
SNR-0BO0,USGS:01496390,snap-20260825-adopt
SNR-0BO1,USGS:06479010,snap-20260825-adopt
SNR-0BO2,USGS:05427000,snap-20260825-adopt
SNR-0BO3,USGS:424905088204000,snap-20260825-adopt
SNR-0BO4,USGS:011008745,snap-20260825-adopt
SNR-0BO5,USGS:01351610,snap-20260825-adopt
SNR-0BO6,USGS:04164050,snap-20260825-adopt
SNR-0BO7,USGS:06233360,snap-20260825-adopt
SNR-0BO8,USGS:01354300,snap-20260825-adopt
SNR-0BO9,USGS:04214250,snap-20260825-adopt
SNR-0BOA,USGS:04164100,snap-20260825-adopt
SNR-0BOB,USGS:04144000,snap-20260825-adopt
SNR-0BOC,USGS:01100806,snap-20260825-adopt
SNR-0BOD,USGS:01335755,snap-20260825-adopt
SNR-0BOE,USGS:04237917,snap-20260825-adopt
SNR-0BOF,USGS:04240150,snap-20260825-adopt
SNR-0BOG,USGS:06234800,snap-20260825-adopt
SNR-0BOH,USGS:05430175,snap-20260825-adopt
SNR-0BOI,USGS:0424014980,snap-20260825-adopt
SNR-0BOJ,USGS:424937088103400,snap-20260825-adopt
SNR-0BOK,USGS:05436200,snap-20260825-adopt
SNR-0BOL,USGS:06453550,snap-20260825-adopt
SNR-0BOM,USGS:06459000,snap-20260825-adopt
SNR-0BON,USGS:01354330,snap-20260825-adopt
SNR-0BOO,USGS:04114498,snap-20260825-adopt
SNR-0BOP,USGS:04148200,snap-20260825-adopt
SNR-0BOQ,USGS:04114500,snap-20260825-adopt
SNR-0BOR,USGS:04215500,snap-20260825-adopt
SNR-0BOS,USGS:01335754,snap-20260825-adopt
SNR-0BOT,USGS:05427530,snap-20260825-adopt
SNR-0BOU,USGS:01354500,snap-20260825-adopt
SNR-0BOV,USGS:01333800,snap-20260825-adopt
SNR-0BOW,USGS:06457800,snap-20260825-adopt
SNR-0BOX,USGS:01100823,snap-20260825-adopt
SNR-0BOY,USGS:06445500,snap-20260825-adopt
SNR-0BOZ,USGS:05430150,snap-20260825-adopt
SNR-0BP0,USGS:05432300,snap-20260825-adopt
SNR-0BP1,USGS:06648000,snap-20260825-adopt
SNR-0BP2,USGS:06646800,snap-20260825-adopt
SNR-0BP3,USGS:05420680,snap-20260825-adopt
SNR-0BP4,IWQIS:WQS0126,snap-20260825-adopt
SNR-0BP5,USGS:06649500,snap-20260825-adopt
SNR-0BP6,USGS:06485500,snap-20260825-adopt
SNR-0BP7,USGS:05412030,snap-20260825-adopt
SNR-0BP8,USGS:010965844,snap-20260825-adopt
SNR-0BP9,USGS:425027076564401,snap-20260825-adopt
SNR-0BPA,USGS:01093852,snap-20260825-adopt
SNR-0BPB,USGS:05412020,snap-20260825-adopt
SNR-0BPC,USGS:05430000,snap-20260825-adopt
SNR-0BPD,USGS:040872342,snap-20260825-adopt
SNR-0BPE,USGS:05412340,snap-20260825-adopt
SNR-0BPF,USGS:06233440,snap-20260825-adopt
SNR-0BPG,USGS:06396490,snap-20260825-adopt
SNR-0BPH,USGS:425044088100300,snap-20260825-adopt
SNR-0BPI,USGS:04164300,snap-20260825-adopt
SNR-0BPJ,USGS:01093875,snap-20260825-adopt
SNR-0BPK,USGS:06648500,snap-20260825-adopt
SNR-0BPL,USGS:06644500,snap-20260825-adopt
SNR-0BPM,USGS:04230400,snap-20260825-adopt
SNR-0BPN,USGS:04230410,snap-20260825-adopt
SNR-0BPO,USGS:01496370,snap-20260825-adopt
SNR-0BPP,USGS:01100800,snap-20260825-adopt
SNR-0BPQ,USGS:04232630,snap-20260825-adopt
SNR-0BPR,USGS:01100505,snap-20260825-adopt
SNR-0BPS,USGS:05544300,snap-20260825-adopt
SNR-0BPT,USGS:06645500,snap-20260825-adopt
SNR-0BPU,USGS:06478515,snap-20260825-adopt
SNR-0BPV,USGS:01503980,snap-20260825-adopt
SNR-0BPW,USGS:01355475,snap-20260825-adopt
SNR-0BPX,USGS:0424015305,snap-20260825-adopt
SNR-0BPY,USGS:06460800,snap-20260825-adopt
SNR-0BPZ,USGS:05544385,snap-20260825-adopt
SNR-0BQ0,USGS:425109088075000,snap-20260825-adopt
SNR-0BQ1,USGS:01081900,snap-20260825-adopt
SNR-0BQ2,USGS:04237944,snap-20260825-adopt
SNR-0BQ3,USGS:01496363,snap-20260825-adopt
SNR-0BQ4,USGS:04228000,snap-20260825-adopt
SNR-0BQ5,USGS:04227995,snap-20260825-adopt
SNR-0BQ6,USGS:04214500,snap-20260825-adopt
SNR-0BQ7,USGS:05412000,snap-20260825-adopt
SNR-0BQ8,USGS:04237946,snap-20260825-adopt
SNR-0BQ9,USGS:04087234,snap-20260825-adopt
SNR-0BQA,USGS:06466700,snap-20260825-adopt
SNR-0BQB,USGS:04114000,snap-20260825-adopt
SNR-0BQC,USGS:05544200,snap-20260825-adopt
SNR-0BQD,USGS:06646780,snap-20260825-adopt
SNR-0BQE,USGS:05427235,snap-20260825-adopt
SNR-0BQF,USGS:01094000,snap-20260825-adopt
SNR-0BQG,USGS:04160398,snap-20260825-adopt
SNR-0BQH,USGS:04237950,snap-20260825-adopt
SNR-0BQI,USGS:06645000,snap-20260825-adopt
SNR-0BQJ,USGS:01093800,snap-20260825-adopt
SNR-0BQK,USGS:01167800,snap-20260825-adopt
SNR-0BQL,USGS:06646500,snap-20260825-adopt
SNR-0BQM,USGS:04234055,snap-20260825-adopt
SNR-0BQN,USGS:01082000,snap-20260825-adopt
SNR-0BQO,USGS:06232000,snap-20260825-adopt
SNR-0BQP,USGS:06646600,snap-20260825-adopt
SNR-0BQQ,USGS:04216418,snap-20260825-adopt
SNR-0BQR,USGS:06467500,snap-20260825-adopt
SNR-0BQS,USGS:06647000,snap-20260825-adopt
SNR-0BQT,USGS:01160350,snap-20260825-adopt
SNR-0BQU,USGS:01160000,snap-20260825-adopt
SNR-0BQV,USGS:010965817,snap-20260825-adopt
SNR-0BQW,USGS:054322655,snap-20260825-adopt
SNR-0BQX,USGS:04087220,snap-20260825-adopt
SNR-0BQY,IWQIS:WQS0018,snap-20260825-adopt
SNR-0BQZ,USGS:04240158,snap-20260825-adopt
SNR-0BR0,USGS:05432927,snap-20260825-adopt
SNR-0BR1,USGS:0424016205,snap-20260825-adopt
SNR-0BR2,USGS:01349150,snap-20260825-adopt
SNR-0BR3,USGS:04216500,snap-20260825-adopt
SNR-0BR4,USGS:04216000,snap-20260825-adopt
SNR-0BR5,USGS:05544000,snap-20260825-adopt
SNR-0BR6,USGS:01354230,snap-20260825-adopt
SNR-0BR7,USGS:01156300,snap-20260825-adopt
SNR-0BR8,USGS:04214980,snap-20260825-adopt
SNR-0BR9,USGS:04160350,snap-20260825-adopt
SNR-0BRA,USGS:425250100334501,snap-20260825-adopt
SNR-0BRB,USGS:01503960,snap-20260825-adopt
SNR-0BRC,USGS:04087200,snap-20260825-adopt
SNR-0BRD,USGS:054322653,snap-20260825-adopt
SNR-0BRE,USGS:04144032,snap-20260825-adopt
SNR-0BRF,USGS:06232500,snap-20260825-adopt
SNR-0BRG,USGS:04144180,snap-20260825-adopt
SNR-0BRH,USGS:01155240,snap-20260825-adopt
SNR-0BRI,USGS:06461000,snap-20260825-adopt
SNR-0BRJ,USGS:04148255,snap-20260825-adopt
SNR-0BRK,USGS:425311070535801,snap-20260825-adopt
SNR-0BRL,USGS:04228370,snap-20260825-adopt
SNR-0BRM,USGS:01353900,snap-20260825-adopt
SNR-0BRN,USGS:05426380,snap-20260825-adopt
SNR-0BRO,USGS:05412880,snap-20260825-adopt
SNR-0BRP,USGS:425318090074000,snap-20260825-adopt
SNR-0BRQ,USGS:05413080,snap-20260825-adopt
SNR-0BRR,USGS:01354200,snap-20260825-adopt
SNR-0BRS,USGS:04148410,snap-20260825-adopt
SNR-0BRT,USGS:0424016825,snap-20260825-adopt
SNR-0BRU,USGS:04215000,snap-20260825-adopt
SNR-0BRV,USGS:04144200,snap-20260825-adopt
SNR-0BRW,USGS:425327076313601,snap-20260825-adopt
SNR-0BRX,USGS:05430100,snap-20260825-adopt
SNR-0BRY,USGS:04228380,snap-20260825-adopt
SNR-0BRZ,USGS:01083000,snap-20260825-adopt
SNR-0BS0,USGS:05430095,snap-20260825-adopt
SNR-0BS1,USGS:0424016975,snap-20260825-adopt
SNR-0BS2,USGS:01355405,snap-20260825-adopt
SNR-0BS3,USGS:425341100181601,snap-20260825-adopt
SNR-0BS4,USGS:05461000,snap-20260825-adopt
SNR-0BS5,USGS:06605850,snap-20260825-adopt
SNR-0BS6,USGS:425400070545401,snap-20260825-adopt
SNR-0BS7,USGS:05427200,snap-20260825-adopt
SNR-0BS8,USGS:04237962,snap-20260825-adopt
SNR-0BS9,USGS:06461080,snap-20260825-adopt
SNR-0BSA,USGS:05432055,snap-20260825-adopt
SNR-0BSB,USGS:425403100285801,snap-20260825-adopt
SNR-0BSC,USGS:04160600,snap-20260825-adopt
SNR-0BSD,USGS:06233500,snap-20260825-adopt
SNR-0BSE,USGS:04232650,snap-20260825-adopt
SNR-0BSF,USGS:01082490,snap-20260825-adopt
SNR-0BSG,USGS:06461500,snap-20260825-adopt
SNR-0BSH,USGS:04119160,snap-20260825-adopt
SNR-0BSI,USGS:06458500,snap-20260825-adopt
SNR-0BSJ,USGS:01349360,snap-20260825-adopt
SNR-0BSK,USGS:01073848,snap-20260825-adopt
SNR-0BSL,USGS:05411500,snap-20260825-adopt
SNR-0BSM,USGS:06461150,snap-20260825-adopt
SNR-0BSN,USGS:06453020,snap-20260825-adopt
SNR-0BSO,USGS:04234138,snap-20260825-adopt
SNR-0BSP,USGS:425425088083500,snap-20260825-adopt
SNR-0BSQ,USGS:05461390,snap-20260825-adopt
SNR-0BSR,USGS:425429100235301,snap-20260825-adopt
SNR-0BSS,USGS:06466715,snap-20260825-adopt
SNR-0BST,USGS:05411950,snap-20260825-adopt
SNR-0BSU,USGS:01073850,snap-20260825-adopt
SNR-0BSV,IWQIS:WQS0031,snap-20260825-adopt
SNR-0BSW,IWQIS:WQS9931,snap-20260825-adopt
SNR-0BSX,USGS:0414826544,snap-20260825-adopt
SNR-0BSY,USGS:01159500,snap-20260825-adopt
SNR-0BSZ,USGS:04216200,snap-20260825-adopt
SNR-0BT0,USGS:042340588,snap-20260825-adopt
SNR-0BT1,USGS:0414826545,snap-20260825-adopt
SNR-0BT2,USGS:05413730,snap-20260825-adopt
SNR-0BT3,USGS:04144220,snap-20260825-adopt
SNR-0BT4,USGS:01335500,snap-20260825-adopt
SNR-0BT5,USGS:04119055,snap-20260825-adopt
SNR-0BT6,USGS:01334000,snap-20260825-adopt
SNR-0BT7,USGS:05435980,snap-20260825-adopt
SNR-0BT8,USGS:04119070,snap-20260825-adopt
SNR-0BT9,USGS:06464900,snap-20260825-adopt
SNR-0BTA,USGS:04108872,snap-20260825-adopt
SNR-0BTB,USGS:04164010,snap-20260825-adopt
SNR-0BTC,USGS:425606076251601,snap-20260825-adopt
SNR-0BTD,USGS:04235000,snap-20260825-adopt
SNR-0BTE,USGS:01158110,snap-20260825-adopt
SNR-0BTF,IWQIS:WQS0108,snap-20260825-adopt
SNR-0BTG,USGS:06453010,snap-20260825-adopt
SNR-0BTH,USGS:05429700,snap-20260825-adopt
SNR-0BTI,USGS:425514088055301,snap-20260825-adopt
SNR-0BTJ,USGS:425514088055201,snap-20260825-adopt
SNR-0BTK,USGS:04240180,snap-20260825-adopt
SNR-0BTL,USGS:05436000,snap-20260825-adopt
SNR-0BTM,USGS:04148265,snap-20260825-adopt
SNR-0BTN,USGS:0414826503,snap-20260825-adopt
SNR-0BTO,USGS:0414826504,snap-20260825-adopt
SNR-0BTP,USGS:425520078535601,snap-20260825-adopt
SNR-0BTQ,USGS:04228500,snap-20260825-adopt
SNR-0BTR,USGS:06453255,snap-20260825-adopt
SNR-0BTS,USGS:06605868,snap-20260825-adopt
SNR-0BTT,USGS:06600300,snap-20260825-adopt
SNR-0BTU,USGS:04087204,snap-20260825-adopt
SNR-0BTV,USGS:05544371,snap-20260825-adopt
SNR-0BTW,USGS:05430030,snap-20260825-adopt
SNR-0BTX,USGS:01159000,snap-20260825-adopt
SNR-0BTY,USGS:425543078535001,snap-20260825-adopt
SNR-0BTZ,USGS:04230423,snap-20260825-adopt
SNR-0BU0,USGS:05427085,snap-20260825-adopt
SNR-0BU1,USGS:01094006,snap-20260825-adopt
SNR-0BU2,USGS:01349000,snap-20260825-adopt
SNR-0BU3,USGS:05412100,snap-20260825-adopt
SNR-0BU4,USGS:04216070,snap-20260825-adopt
SNR-0BU5,USGS:01334550,snap-20260825-adopt
SNR-0BU6,USGS:04235440,snap-20260825-adopt
SNR-0BU7,USGS:04108862,snap-20260825-adopt
SNR-0BU8,USGS:05426350,snap-20260825-adopt
SNR-0BU9,USGS:01354083,snap-20260825-adopt
SNR-0BUA,USGS:04245200,snap-20260825-adopt
SNR-0BUB,USGS:01331095,snap-20260825-adopt
SNR-0BUC,USGS:425607088173001,snap-20260825-adopt
SNR-0BUD,USGS:04218450,snap-20260825-adopt
SNR-0BUE,USGS:05458560,snap-20260825-adopt
SNR-0BUF,USGS:01353995,snap-20260825-adopt
SNR-0BUG,USGS:06385400,snap-20260825-adopt
SNR-0BUH,USGS:05413060,snap-20260825-adopt
SNR-0BUI,USGS:06485550,snap-20260825-adopt
SNR-0BUJ,USGS:01334500,snap-20260825-adopt
SNR-0BUK,USGS:04232730,snap-20260825-adopt
SNR-0BUL,USGS:06453007,snap-20260825-adopt
SNR-0BUM,USGS:06461300,snap-20260825-adopt
SNR-0BUN,USGS:05432695,snap-20260825-adopt
SNR-0BUO,USGS:041482663,snap-20260825-adopt
SNR-0BUP,USGS:04216875,snap-20260825-adopt
SNR-0BUQ,USGS:06453500,snap-20260825-adopt
SNR-0BUR,USGS:04236000,snap-20260825-adopt
SNR-0BUS,USGS:04087214,snap-20260825-adopt
SNR-0BUT,USGS:040871476,snap-20260825-adopt
SNR-0BUU,USGS:040871473,snap-20260825-adopt
SNR-0BUV,USGS:01158600,snap-20260825-adopt
SNR-0BUW,USGS:06233900,snap-20260825-adopt
SNR-0BUX,USGS:04235500,snap-20260825-adopt
SNR-0BUY,USGS:425651070573701,snap-20260825-adopt
SNR-0BUZ,USGS:06230190,snap-20260825-adopt
SNR-0BV0,IWQIS:WQS0016,snap-20260825-adopt
SNR-0BV1,USGS:04234061,snap-20260825-adopt
SNR-0BV2,USGS:01092000,snap-20260825-adopt
SNR-0BV3,USGS:05411400,snap-20260825-adopt
SNR-0BV4,USGS:010735562,snap-20260825-adopt
SNR-0BV5,USGS:05435950,snap-20260825-adopt
SNR-0BV6,IWQIS:WQS0015,snap-20260825-adopt
SNR-0BV7,USGS:01349527,snap-20260825-adopt
SNR-0BV8,USGS:06229900,snap-20260825-adopt
SNR-0BV9,USGS:05427507,snap-20260825-adopt
SNR-0BVA,IWQIS:WQS0009,snap-20260825-adopt
SNR-0BVB,USGS:05411900,snap-20260825-adopt
SNR-0BVC,USGS:04218500,snap-20260825-adopt
SNR-0BVD,USGS:05426170,snap-20260825-adopt
SNR-0BVE,USGS:0135403025,snap-20260825-adopt
SNR-0BVF,USGS:06238760,snap-20260825-adopt
SNR-0BVG,USGS:06644200,snap-20260825-adopt
SNR-0BVH,USGS:04148120,snap-20260825-adopt
SNR-0BVI,USGS:425715089164700,snap-20260825-adopt
SNR-0BVJ,USGS:06235000,snap-20260825-adopt
SNR-0BVK,USGS:06234000,snap-20260825-adopt
SNR-0BVL,USGS:05435987,snap-20260825-adopt
SNR-0BVM,USGS:01083500,snap-20260825-adopt
SNR-0BVN,USGS:04118105,snap-20260825-adopt
SNR-0BVO,USGS:04229500,snap-20260825-adopt
SNR-0BVP,USGS:040871475,snap-20260825-adopt
SNR-0BVQ,USGS:04235250,snap-20260825-adopt
SNR-0BVR,USGS:01335000,snap-20260825-adopt
SNR-0BVS,USGS:06478514,snap-20260825-adopt
SNR-0BVT,USGS:04087213,snap-20260825-adopt
SNR-0BVU,USGS:06231000,snap-20260825-adopt
SNR-0BVV,USGS:05426250,snap-20260825-adopt
SNR-0BVW,USGS:04236500,snap-20260825-adopt
SNR-0BVX,USGS:040871478,snap-20260825-adopt
SNR-0BVY,USGS:0423406130,snap-20260825-adopt
SNR-0BVZ,USGS:04119000,snap-20260825-adopt
SNR-0BW0,USGS:01159600,snap-20260825-adopt
SNR-0BW1,USGS:01073822,snap-20260825-adopt
SNR-0BW2,USGS:05448500,snap-20260825-adopt
SNR-0BW3,USGS:05460500,snap-20260825-adopt
SNR-0BW4,USGS:01158500,snap-20260825-adopt
SNR-0BW5,USGS:06238780,snap-20260825-adopt
SNR-0BW6,USGS:06606231,snap-20260825-adopt
SNR-0BW7,USGS:06228350,snap-20260825-adopt
SNR-0BW8,USGS:01333900,snap-20260825-adopt
SNR-0BW9,USGS:04116000,snap-20260825-adopt
SNR-0BWA,USGS:06605750,snap-20260825-adopt
SNR-0BWB,USGS:04148260,snap-20260825-adopt
SNR-0BWC,USGS:04148270,snap-20260825-adopt
SNR-0BWD,USGS:040871482,snap-20260825-adopt
SNR-0BWE,USGS:040872125,snap-20260825-adopt
SNR-0BWF,USGS:04234200,snap-20260825-adopt
SNR-0BWG,USGS:425833077055001,snap-20260825-adopt
SNR-0BWH,USGS:425829077055301,snap-20260825-adopt
SNR-0BWI,USGS:04148440,snap-20260825-adopt
SNR-0BWJ,USGS:425829077055901,snap-20260825-adopt
SNR-0BWK,USGS:425829077054801,snap-20260825-adopt
SNR-0BWL,USGS:04118997,snap-20260825-adopt
SNR-0BWM,USGS:05435943,snap-20260825-adopt
SNR-0BWN,USGS:0543594301,snap-20260825-adopt
SNR-0BWO,USGS:04218518,snap-20260825-adopt
SNR-0BWP,USGS:04234232,snap-20260825-adopt
SNR-0BWQ,USGS:04087100,snap-20260825-adopt
SNR-0BWR,USGS:04230470,snap-20260825-adopt
SNR-0BWS,USGS:04087113,snap-20260825-adopt
SNR-0BWT,USGS:04087101,snap-20260825-adopt
SNR-0BWU,USGS:06230500,snap-20260825-adopt
SNR-0BWV,IWQIS:WQS0124,snap-20260825-adopt
SNR-0BWW,USGS:06600100,snap-20260825-adopt
SNR-0BWX,USGS:04239000,snap-20260825-adopt
SNR-0BWY,USGS:06228450,snap-20260825-adopt
SNR-0BWZ,USGS:01073587,snap-20260825-adopt
SNR-0BX0,USGS:01342743,snap-20260825-adopt
SNR-0BX1,USGS:04148295,snap-20260825-adopt
SNR-0BX2,USGS:06460900,snap-20260825-adopt
SNR-0BX3,USGS:04159130,snap-20260825-adopt
SNR-0BX4,USGS:04148300,snap-20260825-adopt
SNR-0BX5,USGS:04160050,snap-20260825-adopt
SNR-0BX6,USGS:040871488,snap-20260825-adopt
SNR-0BX7,USGS:040871472,snap-20260825-adopt
SNR-0BX8,USGS:06479000,snap-20260825-adopt
SNR-0BX9,USGS:04235276,snap-20260825-adopt
SNR-0BXA,USGS:01073600,snap-20260825-adopt
SNR-0BXB,USGS:04217700,snap-20260825-adopt
SNR-0BXC,USGS:040872118,snap-20260825-adopt
SNR-0BXD,USGS:01158000,snap-20260825-adopt
SNR-0BXE,USGS:040871602,snap-20260825-adopt
SNR-0BXF,USGS:01330880,snap-20260825-adopt
SNR-0BXG,USGS:01156000,snap-20260825-adopt
SNR-0BXH,USGS:06478513,snap-20260825-adopt
SNR-0BXI,USGS:05426031,snap-20260825-adopt
SNR-0BXJ,USGS:06484000,snap-20260825-adopt
SNR-0BXK,USGS:04087160,snap-20260825-adopt
SNR-0BXL,USGS:04217000,snap-20260825-adopt
SNR-0BXM,USGS:06235500,snap-20260825-adopt
SNR-0BXN,USGS:04087159,snap-20260825-adopt
SNR-0BXO,USGS:05435935,snap-20260825-adopt
SNR-0BXP,USGS:425957088005201,snap-20260825-adopt
SNR-0BXQ,USGS:01155200,snap-20260825-adopt
SNR-0BXR,USGS:05429369,snap-20260825-adopt
SNR-0BXS,USGS:06228510,snap-20260825-adopt
SNR-0BXT,USGS:06228500,snap-20260825-adopt
SNR-0BXU,USGS:05435934,snap-20260825-adopt
SNR-0BXV,USGS:01090500,snap-20260825-adopt
SNR-0BXW,USGS:05543830,snap-20260825-adopt
SNR-0BXX,USGS:05429510,snap-20260825-adopt
SNR-0BXY,USGS:05460400,snap-20260825-adopt
SNR-0BXZ,USGS:05427500,snap-20260825-adopt
SNR-0BY0,USGS:04235255,snap-20260825-adopt
SNR-0BY1,USGS:01093000,snap-20260825-adopt
SNR-0BY2,USGS:01342730,snap-20260825-adopt
SNR-0BY3,USGS:01348420,snap-20260825-adopt
SNR-0BY4,USGS:04087161,snap-20260825-adopt
SNR-0BY5,USGS:05429485,snap-20260825-adopt
SNR-0BY6,USGS:05429500,snap-20260825-adopt
SNR-0BY7,USGS:05449000,snap-20260825-adopt
SNR-0BY8,USGS:01346820,snap-20260825-adopt
SNR-0BY9,USGS:06648780,snap-20260825-adopt
SNR-0BYA,USGS:04239500,snap-20260825-adopt
SNR-0BYB,USGS:04230500,snap-20260825-adopt
SNR-0BYC,USGS:06228000,snap-20260825-adopt
SNR-0BYD,USGS:06229000,snap-20260825-adopt
SNR-0BYE,USGS:05412041,snap-20260825-adopt
SNR-0BYF,USGS:06445685,snap-20260825-adopt
SNR-0BYG,USGS:04119300,snap-20260825-adopt
SNR-0BYH,USGS:01091000,snap-20260825-adopt
SNR-0BYI,USGS:04236800,snap-20260825-adopt
SNR-0BYJ,USGS:04144500,snap-20260825-adopt
SNR-0BYK,USGS:01347000,snap-20260825-adopt
SNR-0BYL,USGS:05426100,snap-20260825-adopt
SNR-0BYM,USGS:01091003,snap-20260825-adopt
SNR-0BYN,USGS:01348000,snap-20260825-adopt
SNR-0BYO,USGS:01091500,snap-20260825-adopt
SNR-0BYP,USGS:05389501,snap-20260825-adopt
SNR-0BYQ,USGS:430102089252000,snap-20260825-adopt
SNR-0BYR,USGS:05435929,snap-20260825-adopt
SNR-0BYS,USGS:06464120,snap-20260825-adopt
SNR-0BYT,USGS:06605600,snap-20260825-adopt
SNR-0BYU,USGS:04087115,snap-20260825-adopt
SNR-0BYV,USGS:01090480,snap-20260825-adopt
SNR-0BYW,USGS:04087133,snap-20260825-adopt
SNR-0BYX,USGS:01342732,snap-20260825-adopt
SNR-0BYY,USGS:05427503,snap-20260825-adopt
SNR-0BYZ,USGS:05412060,snap-20260825-adopt
SNR-0BZ0,USGS:05406360,snap-20260825-adopt
SNR-0BZ1,USGS:04118564,snap-20260825-adopt
SNR-0BZ2,USGS:05426086,snap-20260825-adopt
SNR-0BZ3,IWQIS:WQS0114,snap-20260825-adopt
SNR-0BZ4,USGS:04244000,snap-20260825-adopt
SNR-0BZ5,USGS:054359315,snap-20260825-adopt
SNR-0BZ6,USGS:01073750,snap-20260825-adopt
SNR-0BZ7,USGS:04148160,snap-20260825-adopt
SNR-0BZ8,USGS:04119400,snap-20260825-adopt
SNR-0BZ9,USGS:04087170,snap-20260825-adopt
SNR-0BZA,USGS:04148139,snap-20260825-adopt
SNR-0BZB,USGS:04087138,snap-20260825-adopt
SNR-0BZC,USGS:04149300,snap-20260825-adopt
SNR-0BZD,USGS:06227810,snap-20260825-adopt
SNR-0BZE,USGS:04087140,snap-20260825-adopt
SNR-0BZF,USGS:01342682,snap-20260825-adopt
SNR-0BZG,USGS:05389500,snap-20260825-adopt
SNR-0BZH,USGS:06464500,snap-20260825-adopt
SNR-0BZI,USGS:06228800,snap-20260825-adopt
SNR-0BZJ,USGS:05407039,snap-20260825-adopt
SNR-0BZK,USGS:430140089281000,snap-20260825-adopt
SNR-0BZL,USGS:04232034,snap-20260825-adopt
SNR-0BZM,USGS:05406640,snap-20260825-adopt
SNR-0BZN,USGS:040870858,snap-20260825-adopt
SNR-0BZO,USGS:06453400,snap-20260825-adopt
SNR-0BZP,USGS:04245000,snap-20260825-adopt
SNR-0BZQ,USGS:04160570,snap-20260825-adopt
SNR-0BZR,USGS:01330000,snap-20260825-adopt
SNR-0BZS,USGS:05458000,snap-20260825-adopt
SNR-0BZT,USGS:06648720,snap-20260825-adopt
SNR-0BZU,USGS:06312700,snap-20260825-adopt
SNR-0BZV,USGS:04148140,snap-20260825-adopt
SNR-0BZW,USGS:04087142,snap-20260825-adopt
SNR-0BZX,USGS:05429268,snap-20260825-adopt
SNR-0BZY,USGS:04240100,snap-20260825-adopt
SNR-0BZZ,USGS:01073785,snap-20260825-adopt
SNR-0C00,USGS:430209089274900,snap-20260825-adopt
SNR-0C01,USGS:040870860,snap-20260825-adopt
SNR-0C02,USGS:01073810,snap-20260825-adopt
SNR-0C03,USGS:430212070505201,snap-20260825-adopt
SNR-0C04,USGS:0408708567,snap-20260825-adopt
SNR-0C05,USGS:054070396,snap-20260825-adopt
SNR-0C06,USGS:01330500,snap-20260825-adopt
SNR-0C07,USGS:430219089335301,snap-20260825-adopt
SNR-0C08,USGS:04148500,snap-20260825-adopt
SNR-0C09,USGS:04240200,snap-20260825-adopt
SNR-0C0A,USGS:01157000,snap-20260825-adopt
SNR-0C0B,USGS:05412056,snap-20260825-adopt
SNR-0C0C,USGS:01346500,snap-20260825-adopt
SNR-0C0D,IWQIS:WQS0111,snap-20260825-adopt
SNR-0C0E,USGS:05389400,snap-20260825-adopt
SNR-0C0F,USGS:01073319,snap-20260825-adopt
SNR-0C0G,USGS:05406483,snap-20260825-adopt
SNR-0C0H,USGS:430230089284300,snap-20260825-adopt
SNR-0C0I,USGS:04245236,snap-20260825-adopt
SNR-0C0J,USGS:430232089243701,snap-20260825-adopt
SNR-0C0K,USGS:04087087,snap-20260825-adopt
SNR-0C0L,USGS:04087130,snap-20260825-adopt
SNR-0C0M,USGS:04087119,snap-20260825-adopt
SNR-0C0N,USGS:05429040,snap-20260825-adopt
SNR-0C0O,USGS:04146000,snap-20260825-adopt
SNR-0C0P,USGS:04160000,snap-20260825-adopt
SNR-0C0Q,USGS:04087120,snap-20260825-adopt
SNR-0C0R,USGS:05429080,snap-20260825-adopt
SNR-0C0S,USGS:04148610,snap-20260825-adopt
SNR-0C0T,USGS:04245250,snap-20260825-adopt
SNR-0C0U,USGS:430245089273701,snap-20260825-adopt
SNR-0C0V,USGS:04234363,snap-20260825-adopt
SNR-0C0W,USGS:05435900,snap-20260825-adopt
SNR-0C0X,USGS:430248089262001,snap-20260825-adopt
SNR-0C0Y,USGS:04217750,snap-20260825-adopt
SNR-0C0Z,USGS:430251089280401,snap-20260825-adopt
SNR-0C10,USGS:430251088284700,snap-20260825-adopt
SNR-0C11,USGS:040870115,snap-20260825-adopt
SNR-0C12,USGS:05406573,snap-20260825-adopt
SNR-0C13,USGS:040870876,snap-20260825-adopt
SNR-0C14,USGS:05429580,snap-20260825-adopt
SNR-0C15,USGS:05429050,snap-20260825-adopt
SNR-0C16,USGS:05429150,snap-20260825-adopt
SNR-0C17,USGS:04244500,snap-20260825-adopt
SNR-0C18,USGS:430259089272901,snap-20260825-adopt
SNR-0C19,USGS:04087125,snap-20260825-adopt
SNR-0C1A,USGS:430302089224101,snap-20260825-adopt
SNR-0C1B,USGS:01155910,snap-20260825-adopt
SNR-0C1C,USGS:430305089165301,snap-20260825-adopt
SNR-0C1D,USGS:06483950,snap-20260825-adopt
SNR-0C1E,USGS:430309088284800,snap-20260825-adopt
SNR-0C1F,USGS:05429060,snap-20260825-adopt
SNR-0C1G,USGS:430310089225401,snap-20260825-adopt
SNR-0C1H,USGS:430310089262901,snap-20260825-adopt
SNR-0C1I,USGS:04116500,snap-20260825-adopt
SNR-0C1J,USGS:05543800,snap-20260825-adopt
SNR-0C1K,USGS:04232040,snap-20260825-adopt
SNR-0C1L,USGS:05411850,snap-20260825-adopt
SNR-0C1M,USGS:04159900,snap-20260825-adopt
SNR-0C1N,USGS:04087088,snap-20260825-adopt
SNR-0C1O,USGS:430319089262101,snap-20260825-adopt
SNR-0C1P,USGS:430320089264001,snap-20260825-adopt
SNR-0C1Q,USGS:05429090,snap-20260825-adopt
SNR-0C1R,USGS:04240105,snap-20260825-adopt
SNR-0C1S,USGS:01329900,snap-20260825-adopt
SNR-0C1T,USGS:04234250,snap-20260825-adopt
SNR-0C1U,USGS:430325089361601,snap-20260825-adopt
SNR-0C1V,USGS:04240010,snap-20260825-adopt
SNR-0C1W,USGS:05429118,snap-20260825-adopt
SNR-0C1X,USGS:05429120,snap-20260825-adopt
SNR-0C1Y,USGS:430329089244500,snap-20260825-adopt
SNR-0C1Z,USGS:04087010,snap-20260825-adopt
SNR-0C20,USGS:04218190,snap-20260825-adopt
SNR-0C21,USGS:430333089312500,snap-20260825-adopt
SNR-0C22,USGS:04235271,snap-20260825-adopt
SNR-0C23,USGS:04231040,snap-20260825-adopt
SNR-0C24,USGS:04120250,snap-20260825-adopt
SNR-0C25,USGS:430338089295701,snap-20260825-adopt
SNR-0C26,USGS:0423204140,snap-20260825-adopt
SNR-0C27,USGS:0423204141,snap-20260825-adopt
SNR-0C28,USGS:05406574,snap-20260825-adopt
SNR-0C29,USGS:05429110,snap-20260825-adopt
SNR-0C2A,USGS:06229800,snap-20260825-adopt
SNR-0C2B,USGS:05457700,snap-20260825-adopt
SNR-0C2C,USGS:05426070,snap-20260825-adopt
SNR-0C2D,USGS:430347089273001,snap-20260825-adopt
SNR-0C2E,USGS:430347088240800,snap-20260825-adopt
SNR-0C2F,USGS:05429000,snap-20260825-adopt
SNR-0C2G,USGS:05406575,snap-20260825-adopt
SNR-0C2H,USGS:06453000,snap-20260825-adopt
SNR-0C2I,USGS:01342500,snap-20260825-adopt
SNR-0C2J,USGS:430356089183502,snap-20260825-adopt
SNR-0C2K,USGS:430356089293601,snap-20260825-adopt
SNR-0C2L,USGS:05420650,snap-20260825-adopt
SNR-0C2M,USGS:01323000,snap-20260825-adopt
SNR-0C2N,IWQIS:WQS0013,snap-20260825-adopt
SNR-0C2O,USGS:0545776680,snap-20260825-adopt
SNR-0C2P,USGS:430402089183501,snap-20260825-adopt
SNR-0C2Q,USGS:430402089282000,snap-20260825-adopt
SNR-0C2R,USGS:04148144,snap-20260825-adopt
SNR-0C2S,USGS:04234254,snap-20260825-adopt
SNR-0C2T,USGS:04232042,snap-20260825-adopt
SNR-0C2U,USGS:01346000,snap-20260825-adopt
SNR-0C2V,USGS:05406577,snap-20260825-adopt
SNR-0C2W,USGS:430411089270401,snap-20260825-adopt
SNR-0C2X,USGS:430412089274801,snap-20260825-adopt
SNR-0C2Y,USGS:04219000,snap-20260825-adopt
SNR-0C2Z,USGS:06449250,snap-20260825-adopt
SNR-0C30,USGS:430423089291401,snap-20260825-adopt
SNR-0C31,USGS:04218999,snap-20260825-adopt
SNR-0C32,USGS:430424089284201,snap-20260825-adopt
SNR-0C33,USGS:05427970,snap-20260825-adopt
SNR-0C34,USGS:430428089325701,snap-20260825-adopt
SNR-0C35,USGS:05425539,snap-20260825-adopt
SNR-0C36,USGS:430432089313401,snap-20260825-adopt
SNR-0C37,USGS:430433089270401,snap-20260825-adopt
SNR-0C38,USGS:01329000,snap-20260825-adopt
SNR-0C39,USGS:430435089325901,snap-20260825-adopt
SNR-0C3A,USGS:430436088293300,snap-20260825-adopt
SNR-0C3B,USGS:430437089324001,snap-20260825-adopt
SNR-0C3C,USGS:06600080,snap-20260825-adopt
SNR-0C3D,USGS:04240120,snap-20260825-adopt
SNR-0C3E,USGS:04235600,snap-20260825-adopt
SNR-0C3F,USGS:04146020,snap-20260825-adopt
SNR-0C3G,USGS:05427965,snap-20260825-adopt
SNR-0C3H,USGS:430446089225401,snap-20260825-adopt
SNR-0C3I,USGS:430448089313001,snap-20260825-adopt
SNR-0C3J,USGS:430448089181401,snap-20260825-adopt
SNR-0C3K,USGS:430450089310901,snap-20260825-adopt
SNR-0C3L,USGS:04240300,snap-20260825-adopt
SNR-0C3M,USGS:430453089310601,snap-20260825-adopt
SNR-0C3N,USGS:06235700,snap-20260825-adopt
SNR-0C3O,USGS:01084000,snap-20260825-adopt
SNR-0C3P,USGS:06453250,snap-20260825-adopt
SNR-0C3Q,USGS:06229700,snap-20260825-adopt
SNR-0C3R,USGS:06479020,snap-20260825-adopt
SNR-0C3S,USGS:04118500,snap-20260825-adopt
SNR-0C3T,USGS:0423527080,snap-20260825-adopt
SNR-0C3U,USGS:05478265,snap-20260825-adopt
SNR-0C3V,USGS:430458089280900,snap-20260825-adopt
SNR-0C3W,USGS:06478950,snap-20260825-adopt
SNR-0C3X,USGS:01073460,snap-20260825-adopt
SNR-0C3Y,USGS:054279447,snap-20260825-adopt
SNR-0C3Z,USGS:01073389,snap-20260825-adopt
SNR-0C40,USGS:430504089303001,snap-20260825-adopt
SNR-0C41,USGS:430509071092201,snap-20260825-adopt
SNR-0C42,USGS:05420690,snap-20260825-adopt
SNR-0C43,USGS:054064895,snap-20260825-adopt
SNR-0C44,USGS:06448000,snap-20260825-adopt
SNR-0C45,USGS:054279485,snap-20260825-adopt
SNR-0C46,USGS:05406450,snap-20260825-adopt
SNR-0C47,USGS:06605340,snap-20260825-adopt
SNR-0C48,USGS:05426067,snap-20260825-adopt
SNR-0C49,USGS:430516089195000,snap-20260825-adopt
SNR-0C4A,USGS:05428500,snap-20260825-adopt
SNR-0C4B,USGS:06445700,snap-20260825-adopt
SNR-0C4C,USGS:05428665,snap-20260825-adopt
SNR-0C4D,USGS:05427949,snap-20260825-adopt
SNR-0C4E,USGS:04217500,snap-20260825-adopt
SNR-0C4F,USGS:06236000,snap-20260825-adopt
SNR-0C4G,USGS:430529087571001,snap-20260825-adopt
SNR-0C4H,USGS:01090800,snap-20260825-adopt
SNR-0C4I,USGS:430528087571001,snap-20260825-adopt
SNR-0C4J,USGS:05428668,snap-20260825-adopt
SNR-0C4K,USGS:04147800,snap-20260825-adopt
SNR-0C4L,USGS:04159500,snap-20260825-adopt
SNR-0C4M,USGS:430532089315601,snap-20260825-adopt
SNR-0C4N,USGS:430532089315602,snap-20260825-adopt
SNR-0C4O,USGS:430533089211001,snap-20260825-adopt
SNR-0C4P,USGS:05427946,snap-20260825-adopt
SNR-0C4Q,USGS:04230650,snap-20260825-adopt
SNR-0C4R,USGS:05425536,snap-20260825-adopt
SNR-0C4S,USGS:05425537,snap-20260825-adopt
SNR-0C4T,USGS:01329154,snap-20260825-adopt
SNR-0C4U,USGS:04218000,snap-20260825-adopt
SNR-0C4V,USGS:04231401,snap-20260825-adopt
SNR-0C4W,USGS:06399300,snap-20260825-adopt
SNR-0C4X,USGS:01342602,snap-20260825-adopt
SNR-0C4Y,USGS:05428000,snap-20260825-adopt
SNR-0C4Z,USGS:04219922,snap-20260825-adopt
SNR-0C50,USGS:04243783,snap-20260825-adopt
SNR-0C51,USGS:054279449,snap-20260825-adopt
SNR-0C52,USGS:430547089150601,snap-20260825-adopt
SNR-0C53,USGS:06229680,snap-20260825-adopt
SNR-0C54,USGS:430548089213101,snap-20260825-adopt
SNR-0C55,USGS:05427945,snap-20260825-adopt
SNR-0C56,USGS:054064509,snap-20260825-adopt
SNR-0C57,USGS:04086942,snap-20260825-adopt
SNR-0C58,USGS:040869415,snap-20260825-adopt
SNR-0C59,USGS:040869416,snap-20260825-adopt
SNR-0C5A,USGS:430551088273500,snap-20260825-adopt
SNR-0C5B,USGS:04243500,snap-20260825-adopt
SNR-0C5C,USGS:01329650,snap-20260825-adopt
SNR-0C5D,USGS:054279465,snap-20260825-adopt
SNR-0C5E,USGS:05428600,snap-20260825-adopt
SNR-0C5F,USGS:04086941,snap-20260825-adopt
SNR-0C5G,USGS:05426000,snap-20260825-adopt
SNR-0C5H,USGS:04087000,snap-20260825-adopt
SNR-0C5I,USGS:04237020,snap-20260825-adopt
SNR-0C5J,USGS:430601089211401,snap-20260825-adopt
SNR-0C5K,USGS:01329500,snap-20260825-adopt
SNR-0C5L,USGS:04231000,snap-20260825-adopt
SNR-0C5M,USGS:06449100,snap-20260825-adopt
SNR-0C5N,USGS:01347500,snap-20260825-adopt
SNR-0C5O,USGS:01153800,snap-20260825-adopt
SNR-0C5P,USGS:05448400,snap-20260825-adopt
SNR-0C5Q,USGS:01073500,snap-20260825-adopt
SNR-0C5R,USGS:0423204920,snap-20260825-adopt
SNR-0C5S,USGS:05427948,snap-20260825-adopt
SNR-0C5T,USGS:05427950,snap-20260825-adopt
SNR-0C5U,USGS:01153900,snap-20260825-adopt
SNR-0C5V,USGS:05448800,snap-20260825-adopt
SNR-0C5W,USGS:05448900,snap-20260825-adopt
SNR-0C5X,USGS:05448285,snap-20260825-adopt
SNR-0C5Y,USGS:06379600,snap-20260825-adopt
SNR-0C5Z,USGS:05427952,snap-20260825-adopt
SNR-0C60,USGS:04232046,snap-20260825-adopt
SNR-0C61,USGS:04148000,snap-20260825-adopt
SNR-0C62,USGS:05407200,snap-20260825-adopt
SNR-0C63,USGS:01329490,snap-20260825-adopt
SNR-0C64,USGS:01155500,snap-20260825-adopt
SNR-0C65,USGS:05406457,snap-20260825-adopt
SNR-0C66,USGS:04115000,snap-20260825-adopt
SNR-0C67,USGS:430636089395100,snap-20260825-adopt
SNR-0C68,USGS:05406491,snap-20260825-adopt
SNR-0C69,USGS:05406460,snap-20260825-adopt
SNR-0C6A,USGS:430639089185701,snap-20260825-adopt
SNR-0C6B,USGS:05427943,snap-20260825-adopt
SNR-0C6C,USGS:430640089320300,snap-20260825-adopt
SNR-0C6D,USGS:04147500,snap-20260825-adopt
SNR-0C6E,IWQIS:WQS0063,snap-20260825-adopt
SNR-0C6F,USGS:0548065350,snap-20260825-adopt
SNR-0C6G,USGS:054064915,snap-20260825-adopt
SNR-0C6H,USGS:054064785,snap-20260825-adopt
SNR-0C6I,USGS:054064765,snap-20260825-adopt
SNR-0C6J,USGS:05389000,snap-20260825-adopt
SNR-0C6K,USGS:054064775,snap-20260825-adopt
SNR-0C6L,USGS:01339060,snap-20260825-adopt
SNR-0C6M,USGS:054064776,snap-20260825-adopt
SNR-0C6N,USGS:04219925,snap-20260825-adopt
SNR-0C6O,USGS:04234270,snap-20260825-adopt
SNR-0C6P,USGS:05406476,snap-20260825-adopt
SNR-0C6Q,USGS:05406590,snap-20260825-adopt
SNR-0C6R,USGS:430649089181200,snap-20260825-adopt
SNR-0C6S,USGS:430649089181211,snap-20260825-adopt
SNR-0C6T,USGS:430649089181212,snap-20260825-adopt
SNR-0C6U,USGS:430649089181221,snap-20260825-adopt
SNR-0C6V,USGS:430649089181222,snap-20260825-adopt
SNR-0C6W,USGS:430649089181231,snap-20260825-adopt
SNR-0C6X,USGS:430649089181232,snap-20260825-adopt
SNR-0C6Y,USGS:04231421,snap-20260825-adopt
SNR-0C6Z,USGS:01084500,snap-20260825-adopt
SNR-0C70,USGS:04087040,snap-20260825-adopt
SNR-0C71,USGS:05406479,snap-20260825-adopt
SNR-0C72,USGS:430653088294601,snap-20260825-adopt
SNR-0C73,USGS:04237411,snap-20260825-adopt
SNR-0C74,USGS:06400870,snap-20260825-adopt
SNR-0C75,USGS:04148620,snap-20260825-adopt
SNR-0C76,USGS:05406470,snap-20260825-adopt
SNR-0C77,USGS:054279509,snap-20260825-adopt
SNR-0C78,USGS:430710089183400,snap-20260825-adopt
SNR-0C79,USGS:04240503,snap-20260825-adopt
SNR-0C7A,USGS:054279502,snap-20260825-adopt
SNR-0C7B,USGS:04237555,snap-20260825-adopt
SNR-0C7C,USGS:04232047,snap-20260825-adopt
SNR-0C7D,USGS:430723088252100,snap-20260825-adopt
SNR-0C7E,USGS:04218592,snap-20260825-adopt
SNR-0C7F,USGS:04087070,snap-20260825-adopt
SNR-0C7G,USGS:05424500,snap-20260825-adopt
SNR-0C7H,USGS:04231500,snap-20260825-adopt
SNR-0C7I,USGS:05460000,snap-20260825-adopt
SNR-0C7J,USGS:05406497,snap-20260825-adopt
SNR-0C7K,USGS:05425000,snap-20260825-adopt
SNR-0C7L,USGS:05406469,snap-20260825-adopt
SNR-0C7M,USGS:01328770,snap-20260825-adopt
SNR-0C7N,USGS:04218700,snap-20260825-adopt
SNR-0C7O,USGS:430733088305900,snap-20260825-adopt
SNR-0C7P,USGS:01155350,snap-20260825-adopt
SNR-0C7Q,USGS:04240508,snap-20260825-adopt
SNR-0C7R,USGS:430734089215001,snap-20260825-adopt
SNR-0C7S,USGS:01154500,snap-20260825-adopt
SNR-0C7T,USGS:05427937,snap-20260825-adopt
SNR-0C7U,USGS:05476590,snap-20260825-adopt
SNR-0C7V,USGS:06605000,snap-20260825-adopt
SNR-0C7W,USGS:04237575,snap-20260825-adopt
SNR-0C7X,USGS:04232050,snap-20260825-adopt
SNR-0C7Y,USGS:06236100,snap-20260825-adopt
SNR-0C7Z,USGS:06464100,snap-20260825-adopt
SNR-0C80,USGS:04245405,snap-20260825-adopt
SNR-0C81,USGS:430748089221601,snap-20260825-adopt
SNR-0C82,USGS:01328900,snap-20260825-adopt
SNR-0C83,USGS:05426060,snap-20260825-adopt
SNR-0C84,USGS:01155000,snap-20260825-adopt
SNR-0C85,USGS:04219930,snap-20260825-adopt
SNR-0C86,USGS:01153570,snap-20260825-adopt
SNR-0C87,USGS:05406605,snap-20260825-adopt
SNR-0C88,IWQIS:WQS0017,snap-20260825-adopt
SNR-0C89,USGS:05406500,snap-20260825-adopt
SNR-0C8A,IWQIS:WQS0014,snap-20260825-adopt
SNR-0C8B,USGS:04148640,snap-20260825-adopt
SNR-0C8C,USGS:054065145,snap-20260825-adopt
SNR-0C8D,USGS:04147990,snap-20260825-adopt
SNR-0C8E,USGS:04147900,snap-20260825-adopt
SNR-0C8F,USGS:06605100,snap-20260825-adopt
SNR-0C8G,USGS:05406503,snap-20260825-adopt
SNR-0C8H,USGS:01154000,snap-20260825-adopt
SNR-0C8I,USGS:05448290,snap-20260825-adopt
SNR-0C8J,USGS:05427930,snap-20260825-adopt
SNR-0C8K,USGS:05406657,snap-20260825-adopt
SNR-0C8L,USGS:04087060,snap-20260825-adopt
SNR-0C8M,USGS:04087056,snap-20260825-adopt
SNR-0C8N,USGS:04231600,snap-20260825-adopt
SNR-0C8O,USGS:06227600,snap-20260825-adopt
SNR-0C8P,USGS:430834108423201,snap-20260825-adopt
SNR-0C8Q,USGS:01338000,snap-20260825-adopt
SNR-0C8R,USGS:06446100,snap-20260825-adopt
SNR-0C8S,USGS:04159488,snap-20260825-adopt
SNR-0C8T,USGS:0423205010,snap-20260825-adopt
SNR-0C8U,USGS:05427927,snap-20260825-adopt
SNR-0C8V,USGS:430844088233300,snap-20260825-adopt
SNR-0C8W,USGS:06449000,snap-20260825-adopt
SNR-0C8X,USGS:06445980,snap-20260825-adopt
SNR-0C8Y,USGS:05427910,snap-20260825-adopt
SNR-0C8Z,USGS:06239000,snap-20260825-adopt
SNR-0C90,USGS:05460100,snap-20260825-adopt
SNR-0C91,USGS:01073000,snap-20260825-adopt
SNR-0C92,USGS:05406465,snap-20260825-adopt
SNR-0C93,USGS:01154950,snap-20260825-adopt
SNR-0C94,USGS:06227596,snap-20260825-adopt
SNR-0C95,USGS:05427850,snap-20260825-adopt
SNR-0C96,USGS:430903089181401,snap-20260825-adopt
SNR-0C97,USGS:04159492,snap-20260825-adopt
SNR-0C98,USGS:01085000,snap-20260825-adopt
SNR-0C99,USGS:01328758,snap-20260825-adopt
SNR-0C9A,USGS:05448600,snap-20260825-adopt
SNR-0C9B,USGS:01329780,snap-20260825-adopt
SNR-0C9C,USGS:04237500,snap-20260825-adopt
SNR-0C9D,USGS:04146500,snap-20260825-adopt
SNR-0C9E,USGS:430933089162001,snap-20260825-adopt
SNR-0C9F,USGS:04146063,snap-20260825-adopt
SNR-0C9G,USGS:01089925,snap-20260825-adopt
SNR-0C9H,USGS:05427905,snap-20260825-adopt
SNR-0C9I,USGS:06378640,snap-20260825-adopt
SNR-0C9J,USGS:04237496,snap-20260825-adopt
SNR-0C9K,USGS:04148740,snap-20260825-adopt
SNR-0C9L,USGS:05424300,snap-20260825-adopt
SNR-0C9M,USGS:05459500,snap-20260825-adopt
SNR-0C9N,USGS:01088500,snap-20260825-adopt
SNR-0C9O,USGS:0423205023,snap-20260825-adopt
SNR-0C9P,USGS:06447500,snap-20260825-adopt
SNR-0C9Q,USGS:431006088191000,snap-20260825-adopt
SNR-0C9R,USGS:04148720,snap-20260825-adopt
SNR-0C9S,USGS:04219940,snap-20260825-adopt
SNR-0C9T,USGS:431014089262900,snap-20260825-adopt
SNR-0C9U,USGS:431016089263000,snap-20260825-adopt
SNR-0C9V,USGS:06447490,snap-20260825-adopt
SNR-0C9W,USGS:04087030,snap-20260825-adopt
SNR-0C9X,USGS:04220045,snap-20260825-adopt
SNR-0C9Y,USGS:04219501,snap-20260825-adopt
SNR-0C9Z,USGS:04218601,snap-20260825-adopt
SNR-0CA0,USGS:05427900,snap-20260825-adopt
SNR-0CA1,USGS:05388460,snap-20260825-adopt
SNR-0CA2,USGS:0423205025,snap-20260825-adopt
SNR-0CA3,USGS:054065295,snap-20260825-adopt
SNR-0CA4,USGS:06224000,snap-20260825-adopt
SNR-0CA5,USGS:05406524,snap-20260825-adopt
SNR-0CA6,USGS:06255200,snap-20260825-adopt
SNR-0CA7,USGS:431037090043401,snap-20260825-adopt
SNR-0CA8,USGS:05388600,snap-20260825-adopt
SNR-0CA9,USGS:06313050,snap-20260825-adopt
SNR-0CAA,USGS:05406540,snap-20260825-adopt
SNR-0CAB,USGS:05448700,snap-20260825-adopt
SNR-0CAC,USGS:01347460,snap-20260825-adopt
SNR-0CAD,USGS:04232000,snap-20260825-adopt
SNR-0CAE,USGS:05427769,snap-20260825-adopt
SNR-0CAF,USGS:05427800,snap-20260825-adopt
SNR-0CAG,USGS:431053090042701,snap-20260825-adopt
SNR-0CAH,USGS:431053090042702,snap-20260825-adopt
SNR-0CAI,USGS:05427770,snap-20260825-adopt
SNR-0CAJ,USGS:054065199,snap-20260825-adopt
SNR-0CAK,USGS:05410490,snap-20260825-adopt
SNR-0CAL,USGS:06251000,snap-20260825-adopt
SNR-0CAM,USGS:06605890,snap-20260825-adopt
SNR-0CAN,USGS:06452330,snap-20260825-adopt
SNR-0CAO,USGS:06478500,snap-20260825-adopt
SNR-0CAP,USGS:06600030,snap-20260825-adopt
SNR-0CAQ,USGS:06600036,snap-20260825-adopt
SNR-0CAR,USGS:05407100,snap-20260825-adopt
SNR-0CAS,USGS:431112088281100,snap-20260825-adopt
SNR-0CAT,USGS:431112088281000,snap-20260825-adopt
SNR-0CAU,USGS:431113088281000,snap-20260825-adopt
SNR-0CAV,USGS:06399700,snap-20260825-adopt
SNR-0CAW,USGS:05425500,snap-20260825-adopt
SNR-0CAX,USGS:06400875,snap-20260825-adopt
SNR-0CAY,USGS:06445990,snap-20260825-adopt
SNR-0CAZ,USGS:04146450,snap-20260825-adopt
SNR-0CB0,USGS:05410500,snap-20260825-adopt
SNR-0CB1,USGS:06255160,snap-20260825-adopt
SNR-0CB2,USGS:04232076,snap-20260825-adopt
SNR-0CB3,USGS:01153550,snap-20260825-adopt
SNR-0CB4,USGS:05427880,snap-20260825-adopt
SNR-0CB5,USGS:01085500,snap-20260825-adopt
SNR-0CB6,USGS:06226500,snap-20260825-adopt
SNR-0CB7,USGS:06251500,snap-20260825-adopt
SNR-0CB8,USGS:05427790,snap-20260825-adopt
SNR-0CB9,USGS:05427780,snap-20260825-adopt
SNR-0CBA,USGS:05407000,snap-20260825-adopt
SNR-0CBB,USGS:05427767,snap-20260825-adopt
SNR-0CBC,USGS:0422027430,snap-20260825-adopt
SNR-0CBD,USGS:06313020,snap-20260825-adopt
SNR-0CBE,USGS:06246500,snap-20260825-adopt
SNR-0CBF,USGS:05427760,snap-20260825-adopt
SNR-0CBG,USGS:06227000,snap-20260825-adopt
SNR-0CBH,USGS:06252000,snap-20260825-adopt
SNR-0CBI,USGS:06250500,snap-20260825-adopt
SNR-0CBJ,USGS:06249500,snap-20260825-adopt
SNR-0CBK,USGS:06248000,snap-20260825-adopt
SNR-0CBL,USGS:06248500,snap-20260825-adopt
SNR-0CBM,USGS:06249000,snap-20260825-adopt
SNR-0CBN,USGS:05427250,snap-20260825-adopt
SNR-0CBO,USGS:05427762,snap-20260825-adopt
SNR-0CBP,USGS:05427761,snap-20260825-adopt
SNR-0CBQ,USGS:06382200,snap-20260825-adopt
SNR-0CBR,USGS:06463990,snap-20260825-adopt
SNR-0CBS,USGS:431208089314901,snap-20260825-adopt
SNR-0CBT,USGS:431212089314801,snap-20260825-adopt
SNR-0CBU,USGS:01089750,snap-20260825-adopt
SNR-0CBV,USGS:06250000,snap-20260825-adopt
SNR-0CBW,USGS:04120295,snap-20260825-adopt
SNR-0CBX,USGS:04247000,snap-20260825-adopt
SNR-0CBY,USGS:06478800,snap-20260825-adopt
SNR-0CBZ,USGS:04219738,snap-20260825-adopt
SNR-0CC0,USGS:06478820,snap-20260825-adopt
SNR-0CC1,USGS:01072880,snap-20260825-adopt
SNR-0CC2,IWQIS:WQS0012,snap-20260825-adopt
SNR-0CC3,USGS:04087050,snap-20260825-adopt
SNR-0CC4,USGS:04220150,snap-20260825-adopt
SNR-0CC5,USGS:05411600,snap-20260825-adopt
SNR-0CC6,USGS:01337005,snap-20260825-adopt
SNR-0CC7,USGS:06464000,snap-20260825-adopt
SNR-0CC8,USGS:01153500,snap-20260825-adopt
SNR-0CC9,USGS:01088400,snap-20260825-adopt
SNR-0CCA,USGS:05427718,snap-20260825-adopt
SNR-0CCB,USGS:06224500,snap-20260825-adopt
SNR-0CCC,IWQIS:WQS0008,snap-20260825-adopt
SNR-0CCD,USGS:04232071,snap-20260825-adopt
SNR-0CCE,USGS:05388500,snap-20260825-adopt
SNR-0CCF,USGS:04087019,snap-20260825-adopt
SNR-0CCG,USGS:05478000,snap-20260825-adopt
SNR-0CCH,USGS:04247055,snap-20260825-adopt
SNR-0CCI,USGS:06246800,snap-20260825-adopt
SNR-0CCJ,USGS:04148800,snap-20260825-adopt
SNR-0CCK,USGS:06313040,snap-20260825-adopt
SNR-0CCL,USGS:06604440,snap-20260825-adopt
SNR-0CCM,USGS:05459490,snap-20260825-adopt
SNR-0CCN,USGS:01089100,snap-20260825-adopt
SNR-0CCO,USGS:431250077322101,snap-20260825-adopt
SNR-0CCP,USGS:431250089282901,snap-20260825-adopt
SNR-0CCQ,IWQIS:WQS9906,snap-20260825-adopt
SNR-0CCR,IWQIS:WQS0067,snap-20260825-adopt
SNR-0CCS,USGS:04219580,snap-20260825-adopt
SNR-0CCT,USGS:04148900,snap-20260825-adopt
SNR-0CCU,USGS:06483500,snap-20260825-adopt
SNR-0CCV,USGS:06478840,snap-20260825-adopt
SNR-0CCW,USGS:06252500,snap-20260825-adopt
SNR-0CCX,USGS:06247500,snap-20260825-adopt
SNR-0CCY,USGS:06247000,snap-20260825-adopt
SNR-0CCZ,USGS:04087048,snap-20260825-adopt
SNR-0CD0,USGS:06227500,snap-20260825-adopt
SNR-0CD1,USGS:431314077315901,snap-20260825-adopt
SNR-0CD2,USGS:04087047,snap-20260825-adopt
SNR-0CD3,USGS:04087018,snap-20260825-adopt
SNR-0CD4,USGS:06253000,snap-20260825-adopt
SNR-0CD5,USGS:06365300,snap-20260825-adopt
SNR-0CD6,USGS:06246000,snap-20260825-adopt
SNR-0CD7,USGS:01344500,snap-20260825-adopt
SNR-0CD8,USGS:06255300,snap-20260825-adopt
SNR-0CD9,USGS:042320578,snap-20260825-adopt
SNR-0CDA,USGS:06449390,snap-20260825-adopt
SNR-0CDB,USGS:06478420,snap-20260825-adopt
SNR-0CDC,USGS:04232087,snap-20260825-adopt
SNR-0CDD,USGS:05425827,snap-20260825-adopt
SNR-0CDE,USGS:06226000,snap-20260825-adopt
SNR-0CDF,USGS:04120293,snap-20260825-adopt
SNR-0CDG,USGS:04219645,snap-20260825-adopt
SNR-0CDH,USGS:04122150,snap-20260825-adopt
SNR-0CDI,USGS:06253500,snap-20260825-adopt
SNR-0CDJ,USGS:01322500,snap-20260825-adopt
SNR-0CDK,USGS:01072870,snap-20260825-adopt
SNR-0CDL,USGS:01155300,snap-20260825-adopt
SNR-0CDM,USGS:06449400,snap-20260825-adopt
SNR-0CDN,USGS:06255500,snap-20260825-adopt
SNR-0CDO,USGS:06223800,snap-20260825-adopt
SNR-0CDP,USGS:01089000,snap-20260825-adopt
SNR-0CDQ,USGS:06453150,snap-20260825-adopt
SNR-0CDR,USGS:05388700,snap-20260825-adopt
SNR-0CDS,USGS:06400000,snap-20260825-adopt
SNR-0CDT,USGS:05420560,snap-20260825-adopt
SNR-0CDU,USGS:05420640,snap-20260825-adopt
SNR-0CDV,USGS:06225000,snap-20260825-adopt
SNR-0CDW,USGS:06225500,snap-20260825-adopt
SNR-0CDX,USGS:01326500,snap-20260825-adopt
SNR-0CDY,USGS:06483495,snap-20260825-adopt
SNR-0CDZ,USGS:06256600,snap-20260825-adopt
SNR-0CE0,USGS:042320527,snap-20260825-adopt
SNR-0CE1,USGS:04246500,snap-20260825-adopt
SNR-0CE2,USGS:05411700,snap-20260825-adopt
SNR-0CE3,USGS:04115265,snap-20260825-adopt
SNR-0CE4,USGS:06245500,snap-20260825-adopt
SNR-0CE5,USGS:01319800,snap-20260825-adopt
SNR-0CE6,USGS:01086000,snap-20260825-adopt
SNR-0CE7,USGS:04219630,snap-20260825-adopt
SNR-0CE8,USGS:04219767,snap-20260825-adopt
SNR-0CE9,USGS:0422028490,snap-20260825-adopt
SNR-0CEA,USGS:01321500,snap-20260825-adopt
SNR-0CEB,USGS:0422026250,snap-20260825-adopt
SNR-0CEC,USGS:04145000,snap-20260825-adopt
SNR-0CED,USGS:06446000,snap-20260825-adopt
SNR-0CEE,USGS:431522089443202,snap-20260825-adopt
SNR-0CEF,USGS:01089500,snap-20260825-adopt
SNR-0CEG,USGS:431527071312401,snap-20260825-adopt
SNR-0CEH,USGS:06482870,snap-20260825-adopt
SNR-0CEI,USGS:04232053,snap-20260825-adopt
SNR-0CEJ,USGS:04242640,snap-20260825-adopt
SNR-0CEK,USGS:06256670,snap-20260825-adopt
SNR-0CEL,USGS:431533086161901,snap-20260825-adopt
SNR-0CEM,USGS:01085800,snap-20260825-adopt
SNR-0CEN,USGS:431533076582101,snap-20260825-adopt
SNR-0CEO,USGS:04245840,snap-20260825-adopt
SNR-0CEP,USGS:05424157,snap-20260825-adopt
SNR-0CEQ,USGS:01153280,snap-20260825-adopt
SNR-0CER,USGS:06449300,snap-20260825-adopt
SNR-0CES,USGS:01072850,snap-20260825-adopt
SNR-0CET,USGS:06256650,snap-20260825-adopt
SNR-0CEU,USGS:01336000,snap-20260825-adopt
SNR-0CEV,USGS:431556086161001,snap-20260825-adopt
SNR-0CEW,USGS:431601076584701,snap-20260825-adopt
SNR-0CEX,USGS:01072800,snap-20260825-adopt
SNR-0CEY,USGS:06257000,snap-20260825-adopt
SNR-0CEZ,USGS:01327750,snap-20260825-adopt
SNR-0CF0,USGS:01153300,snap-20260825-adopt
SNR-0CF1,USGS:01344795,snap-20260825-adopt
SNR-0CF2,USGS:431614084552601,snap-20260825-adopt
SNR-0CF3,USGS:04280200,snap-20260825-adopt
SNR-0CF4,USGS:431618071293801,snap-20260825-adopt
SNR-0CF5,IWQIS:WQS0113,snap-20260825-adopt
SNR-0CF6,USGS:05388400,snap-20260825-adopt
SNR-0CF7,USGS:06463900,snap-20260825-adopt
SNR-0CF8,USGS:04241200,snap-20260825-adopt
SNR-0CF9,USGS:431636089430002,snap-20260825-adopt
SNR-0CFA,USGS:431643088243300,snap-20260825-adopt
SNR-0CFB,USGS:04086600,snap-20260825-adopt
SNR-0CFC,USGS:06256900,snap-20260825-adopt
SNR-0CFD,USGS:04280240,snap-20260825-adopt
SNR-0CFE,USGS:431655089393801,snap-20260825-adopt
SNR-0CFF,USGS:01343403,snap-20260825-adopt
SNR-0CFG,USGS:06223500,snap-20260825-adopt
SNR-0CFH,USGS:05457505,snap-20260825-adopt
SNR-0CFI,USGS:05406050,snap-20260825-adopt
SNR-0CFJ,USGS:05425806,snap-20260825-adopt
SNR-0CFK,USGS:06256500,snap-20260825-adopt
SNR-0CFL,USGS:06258000,snap-20260825-adopt
SNR-0CFM,USGS:01088000,snap-20260825-adopt
SNR-0CFN,USGS:06482848,snap-20260825-adopt
SNR-0CFO,USGS:06400900,snap-20260825-adopt
SNR-0CFP,USGS:06478400,snap-20260825-adopt
SNR-0CFQ,USGS:04122100,snap-20260825-adopt
SNR-0CFR,USGS:06256800,snap-20260825-adopt
SNR-0CFS,USGS:05387490,snap-20260825-adopt
SNR-0CFT,USGS:05406000,snap-20260825-adopt
SNR-0CFU,USGS:01327000,snap-20260825-adopt
SNR-0CFV,USGS:05406840,snap-20260825-adopt
SNR-0CFW,USGS:06223000,snap-20260825-adopt
SNR-0CFX,USGS:04220245,snap-20260825-adopt
SNR-0CFY,USGS:06396300,snap-20260825-adopt
SNR-0CFZ,USGS:431748089433002,snap-20260825-adopt
SNR-0CG0,USGS:04145500,snap-20260825-adopt
SNR-0CG1,USGS:01087000,snap-20260825-adopt
SNR-0CG2,USGS:01322000,snap-20260825-adopt
SNR-0CG3,USGS:06245000,snap-20260825-adopt
SNR-0CG4,USGS:04242500,snap-20260825-adopt
SNR-0CG5,USGS:0422016550,snap-20260825-adopt
SNR-0CG6,USGS:06244500,snap-20260825-adopt
SNR-0CG7,USGS:04220250,snap-20260825-adopt
SNR-0CG8,USGS:01327500,snap-20260825-adopt
SNR-0CG9,USGS:06396200,snap-20260825-adopt
SNR-0CGA,USGS:05387500,snap-20260825-adopt
SNR-0CGB,USGS:06400500,snap-20260825-adopt
SNR-0CGC,USGS:05388000,snap-20260825-adopt
SNR-0CGD,USGS:06395000,snap-20260825-adopt
SNR-0CGE,USGS:01328000,snap-20260825-adopt
SNR-0CGF,USGS:01344000,snap-20260825-adopt
SNR-0CGG,USGS:04086443,snap-20260825-adopt
SNR-0CGH,USGS:431829087571700,snap-20260825-adopt
SNR-0CGI,USGS:04149000,snap-20260825-adopt
SNR-0CGJ,USGS:431837089313401,snap-20260825-adopt
SNR-0CGK,USGS:431837089313402,snap-20260825-adopt
SNR-0CGL,USGS:01325000,snap-20260825-adopt
SNR-0CGM,IWQIS:WQS0090,snap-20260825-adopt
SNR-0CGN,USGS:04219768,snap-20260825-adopt
SNR-0CGO,USGS:05406800,snap-20260825-adopt
SNR-0CGP,USGS:05457500,snap-20260825-adopt
SNR-0CGQ,USGS:431903088085900,snap-20260825-adopt
SNR-0CGR,USGS:01318500,snap-20260825-adopt
SNR-0CGS,USGS:05410000,snap-20260825-adopt
SNR-0CGT,USGS:06604400,snap-20260825-adopt
SNR-0CGU,USGS:054240957,snap-20260825-adopt
SNR-0CGV,USGS:431916088200501,snap-20260825-adopt
SNR-0CGW,USGS:05424095,snap-20260825-adopt
SNR-0CGX,USGS:04086500,snap-20260825-adopt
SNR-0CGY,USGS:04232100,snap-20260825-adopt
SNR-0CGZ,USGS:06449500,snap-20260825-adopt
SNR-0CH0,USGS:04280300,snap-20260825-adopt
SNR-0CH1,USGS:05420620,snap-20260825-adopt
SNR-0CH2,USGS:06452320,snap-20260825-adopt
SNR-0CH3,USGS:04242795,snap-20260825-adopt
SNR-0CH4,USGS:04151500,snap-20260825-adopt
SNR-0CH5,USGS:01072500,snap-20260825-adopt
SNR-0CH6,USGS:06449700,snap-20260825-adopt
SNR-0CH7,USGS:431952089422402,snap-20260825-adopt
SNR-0CH8,USGS:01069800,snap-20260825-adopt
SNR-0CH9,USGS:05405859,snap-20260825-adopt
SNR-0CHA,USGS:01153000,snap-20260825-adopt
SNR-0CHB,USGS:05405857,snap-20260825-adopt
SNR-0CHC,USGS:06312800,snap-20260825-adopt
SNR-0CHD,USGS:06483460,snap-20260825-adopt
SNR-0CHE,USGS:01153015,snap-20260825-adopt
SNR-0CHF,USGS:04220223,snap-20260825-adopt
SNR-0CHG,USGS:05425718,snap-20260825-adopt
SNR-0CHH,USGS:04219905,snap-20260825-adopt
SNR-0CHI,USGS:06400497,snap-20260825-adopt
SNR-0CHJ,USGS:05405855,snap-20260825-adopt
SNR-0CHK,USGS:06222500,snap-20260825-adopt
SNR-0CHL,USGS:06312910,snap-20260825-adopt
SNR-0CHM,USGS:432012103331100,snap-20260825-adopt
SNR-0CHN,USGS:06312920,snap-20260825-adopt
SNR-0CHO,USGS:04219900,snap-20260825-adopt
SNR-0CHP,USGS:06312795,snap-20260825-adopt
SNR-0CHQ,USGS:06604350,snap-20260825-adopt
SNR-0CHR,USGS:06604345,snap-20260825-adopt
SNR-0CHS,IWQIS:WQS0117,snap-20260825-adopt
SNR-0CHT,USGS:06222510,snap-20260825-adopt
SNR-0CHU,USGS:06401500,snap-20260825-adopt
SNR-0CHV,USGS:05424082,snap-20260825-adopt
SNR-0CHW,USGS:06483450,snap-20260825-adopt
SNR-0CHX,USGS:06221400,snap-20260825-adopt
SNR-0CHY,USGS:05425700,snap-20260825-adopt
SNR-0CHZ,USGS:04122025,snap-20260825-adopt
SNR-0CI0,USGS:05424081,snap-20260825-adopt
SNR-0CI1,USGS:06258500,snap-20260825-adopt
SNR-0CI2,USGS:06256000,snap-20260825-adopt
SNR-0CI3,USGS:432102089413102,snap-20260825-adopt
SNR-0CI4,USGS:0422018610,snap-20260825-adopt
SNR-0CI5,USGS:01321000,snap-20260825-adopt
SNR-0CI6,USGS:432113088361100,snap-20260825-adopt
SNR-0CI7,USGS:06386000,snap-20260825-adopt
SNR-0CI8,USGS:05424075,snap-20260825-adopt
SNR-0CI9,USGS:06478280,snap-20260825-adopt
SNR-0CIA,USGS:05409870,snap-20260825-adopt
SNR-0CIB,USGS:05420600,snap-20260825-adopt
SNR-0CIC,USGS:01152660,snap-20260825-adopt
SNR-0CID,USGS:05409860,snap-20260825-adopt
SNR-0CIE,USGS:05409842,snap-20260825-adopt
SNR-0CIF,USGS:04219915,snap-20260825-adopt
SNR-0CIG,USGS:05409890,snap-20260825-adopt
SNR-0CIH,USGS:06257500,snap-20260825-adopt
SNR-0CII,USGS:432146089413702,snap-20260825-adopt
SNR-0CIJ,USGS:05409830,snap-20260825-adopt
SNR-0CIK,USGS:01343060,snap-20260825-adopt
SNR-0CIL,USGS:06478250,snap-20260825-adopt
SNR-0CIM,USGS:01320500,snap-20260825-adopt
SNR-0CIN,USGS:06478260,snap-20260825-adopt
SNR-0CIO,USGS:04280350,snap-20260825-adopt
SNR-0CIP,USGS:05411530,snap-20260825-adopt
SNR-0CIQ,USGS:01319950,snap-20260825-adopt
SNR-0CIR,USGS:04151000,snap-20260825-adopt
SNR-0CIS,USGS:05411650,snap-20260825-adopt
SNR-0CIT,USGS:06478390,snap-20260825-adopt
SNR-0CIU,USGS:05459010,snap-20260825-adopt
SNR-0CIV,USGS:06478300,snap-20260825-adopt
SNR-0CIW,USGS:054062391,snap-20260825-adopt
SNR-0CIX,USGS:06258400,snap-20260825-adopt
SNR-0CIY,USGS:04086488,snap-20260825-adopt
SNR-0CIZ,USGS:04086489,snap-20260825-adopt
SNR-0CJ0,USGS:06604215,snap-20260825-adopt
SNR-0CJ1,USGS:06604200,snap-20260825-adopt
SNR-0CJ2,USGS:01069700,snap-20260825-adopt
SNR-0CJ3,USGS:04155000,snap-20260825-adopt
SNR-0CJ4,USGS:05423800,snap-20260825-adopt
SNR-0CJ5,USGS:06451750,snap-20260825-adopt
SNR-0CJ6,USGS:01152010,snap-20260825-adopt
SNR-0CJ7,USGS:05405600,snap-20260825-adopt
SNR-0CJ8,USGS:01152500,snap-20260825-adopt
SNR-0CJ9,USGS:01319500,snap-20260825-adopt
SNR-0CJA,USGS:06483440,snap-20260825-adopt
SNR-0CJB,USGS:432324088154200,snap-20260825-adopt
SNR-0CJC,USGS:01342797,snap-20260825-adopt
SNR-0CJD,USGS:06449750,snap-20260825-adopt
SNR-0CJE,USGS:06452278,snap-20260825-adopt
SNR-0CJF,USGS:06226300,snap-20260825-adopt
SNR-0CJG,USGS:05409500,snap-20260825-adopt
SNR-0CJH,USGS:01342800,snap-20260825-adopt
SNR-0CJI,USGS:01152800,snap-20260825-adopt
SNR-0CJJ,USGS:05476500,snap-20260825-adopt
SNR-0CJK,USGS:06402140,snap-20260825-adopt
SNR-0CJL,USGS:04086487,snap-20260825-adopt
SNR-0CJM,USGS:06483430,snap-20260825-adopt
SNR-0CJN,USGS:432415088552601,snap-20260825-adopt
SNR-0CJO,USGS:05387440,snap-20260825-adopt
SNR-0CJP,IWQIS:WQS0123,snap-20260825-adopt
SNR-0CJQ,USGS:04086250,snap-20260825-adopt
SNR-0CJR,USGS:04157000,snap-20260825-adopt
SNR-0CJS,USGS:01072100,snap-20260825-adopt
SNR-0CJT,USGS:05459000,snap-20260825-adopt
SNR-0CJU,USGS:05457440,snap-20260825-adopt
SNR-0CJV,USGS:06478690,snap-20260825-adopt
SNR-0CJW,USGS:06402100,snap-20260825-adopt
SNR-0CJX,USGS:05424060,snap-20260825-adopt
SNR-0CJY,USGS:06222100,snap-20260825-adopt
SNR-0CJZ,USGS:04122001,snap-20260825-adopt
SNR-0CK0,USGS:04276895,snap-20260825-adopt
SNR-0CK1,USGS:06478320,snap-20260825-adopt
SNR-0CK2,USGS:01068910,snap-20260825-adopt
SNR-0CK3,USGS:01069500,snap-20260825-adopt
SNR-0CK4,USGS:06309280,snap-20260825-adopt
SNR-0CK5,USGS:05388250,snap-20260825-adopt
SNR-0CK6,USGS:06386500,snap-20260825-adopt
SNR-0CK7,IWQIS:WQS0064,snap-20260825-adopt
SNR-0CK8,USGS:04157005,snap-20260825-adopt
SNR-0CK9,USGS:04122000,snap-20260825-adopt
SNR-0CKA,USGS:01081500,snap-20260825-adopt
SNR-0CKB,USGS:05425928,snap-20260825-adopt
SNR-0CKC,USGS:04154612,snap-20260825-adopt
SNR-0CKD,USGS:06483290,snap-20260825-adopt
SNR-0CKE,USGS:05405499,snap-20260825-adopt
SNR-0CKF,USGS:06259000,snap-20260825-adopt
SNR-0CKG,USGS:04086265,snap-20260825-adopt
SNR-0CKH,USGS:06309260,snap-20260825-adopt
SNR-0CKI,USGS:06604110,snap-20260825-adopt
SNR-0CKJ,USGS:05404500,snap-20260825-adopt
SNR-0CKK,USGS:06365900,snap-20260825-adopt
SNR-0CKL,USGS:06222000,snap-20260825-adopt
SNR-0CKM,USGS:06402000,snap-20260825-adopt
SNR-0CKN,USGS:04121944,snap-20260825-adopt
SNR-0CKO,USGS:04276920,snap-20260825-adopt
SNR-0CKP,USGS:06221500,snap-20260825-adopt
SNR-0CKQ,USGS:01067950,snap-20260825-adopt
SNR-0CKR,IWQIS:WQS0091,snap-20260825-adopt
SNR-0CKS,USGS:06604510,snap-20260825-adopt
SNR-0CKT,USGS:06446250,snap-20260825-adopt
SNR-0CKU,USGS:04121970,snap-20260825-adopt
SNR-0CKV,USGS:06309270,snap-20260825-adopt
SNR-0CKW,USGS:05406854,snap-20260825-adopt
SNR-0CKX,USGS:06313180,snap-20260825-adopt
SNR-0CKY,USGS:06483270,snap-20260825-adopt
SNR-0CKZ,USGS:04086400,snap-20260825-adopt
SNR-0CL0,USGS:05387405,snap-20260825-adopt
SNR-0CL1,USGS:06220800,snap-20260825-adopt
SNR-0CL2,USGS:01081000,snap-20260825-adopt
SNR-0CL3,USGS:05404200,snap-20260825-adopt
SNR-0CL4,USGS:01152860,snap-20260825-adopt
SNR-0CL5,USGS:06256700,snap-20260825-adopt
SNR-0CL6,USGS:05425912,snap-20260825-adopt
SNR-0CL7,USGS:06604584,snap-20260825-adopt
SNR-0CL8,USGS:06478600,snap-20260825-adopt
SNR-0CL9,USGS:06604100,snap-20260825-adopt
SNR-0CLA,USGS:06313200,snap-20260825-adopt
SNR-0CLB,USGS:05406754,snap-20260825-adopt
SNR-0CLC,USGS:06394500,snap-20260825-adopt
SNR-0CLD,USGS:06313100,snap-20260825-adopt
SNR-0CLE,USGS:05424057,snap-20260825-adopt
SNR-0CLF,USGS:04150800,snap-20260825-adopt
SNR-0CLG,USGS:05388310,snap-20260825-adopt
SNR-0CLH,USGS:04249000,snap-20260825-adopt
SNR-0CLI,USGS:04145785,snap-20260825-adopt
SNR-0CLJ,USGS:06220500,snap-20260825-adopt
SNR-0CLK,USGS:04252000,snap-20260825-adopt
SNR-0CLL,USGS:06478200,snap-20260825-adopt
SNR-0CLM,USGS:05409270,snap-20260825-adopt
SNR-0CLN,USGS:06603750,snap-20260825-adopt
SNR-0CLO,USGS:06257300,snap-20260825-adopt
SNR-0CLP,USGS:06483410,snap-20260825-adopt
SNR-0CLQ,USGS:06447050,snap-20260825-adopt
SNR-0CLR,USGS:06447200,snap-20260825-adopt
SNR-0CLS,USGS:04249011,snap-20260825-adopt
SNR-0CLT,USGS:04280450,snap-20260825-adopt
SNR-0CLU,USGS:04122200,snap-20260825-adopt
SNR-0CLV,USGS:05387400,snap-20260825-adopt
SNR-0CLW,IWQIS:WQP0005,snap-20260825-adopt
SNR-0CLX,USGS:06402500,snap-20260825-adopt
SNR-0CLY,USGS:05387320,snap-20260825-adopt
SNR-0CLZ,IWQIS:WQS0122,snap-20260825-adopt
SNR-0CM0,USGS:06604000,snap-20260825-adopt
SNR-0CM1,USGS:041222095,snap-20260825-adopt
SNR-0CM2,USGS:04086360,snap-20260825-adopt
SNR-0CM3,USGS:01319000,snap-20260825-adopt
SNR-0CM4,USGS:01068980,snap-20260825-adopt
SNR-0CM5,USGS:06483420,snap-20260825-adopt
SNR-0CM6,USGS:06478650,snap-20260825-adopt
SNR-0CM7,USGS:05409000,snap-20260825-adopt
SNR-0CM8,USGS:01318000,snap-20260825-adopt
SNR-0CM9,USGS:05405000,snap-20260825-adopt
SNR-0CMA,USGS:04086340,snap-20260825-adopt
SNR-0CMB,USGS:04249050,snap-20260825-adopt
SNR-0CMC,USGS:06364700,snap-20260825-adopt
SNR-0CMD,USGS:04121680,snap-20260825-adopt
SNR-0CME,USGS:04251500,snap-20260825-adopt
SNR-0CMF,USGS:432912106171001,snap-20260825-adopt
SNR-0CMG,USGS:06452250,snap-20260825-adopt
SNR-0CMH,USGS:05406714,snap-20260825-adopt
SNR-0CMI,USGS:042490673,snap-20260825-adopt
SNR-0CMJ,USGS:432943089262201,snap-20260825-adopt
SNR-0CMK,USGS:06452275,snap-20260825-adopt
SNR-0CML,USGS:06483240,snap-20260825-adopt
SNR-0CMM,IWQIS:WQS0116,snap-20260825-adopt
SNR-0CMN,USGS:06482000,snap-20260825-adopt
SNR-0CMO,USGS:06449800,snap-20260825-adopt
SNR-0CMP,USGS:06402600,snap-20260825-adopt
SNR-0CMQ,USGS:04121900,snap-20260825-adopt
SNR-0CMR,USGS:04249910,snap-20260825-adopt
SNR-0CMS,USGS:0134277123,snap-20260825-adopt
SNR-0CMT,USGS:04252500,snap-20260825-adopt
SNR-0CMU,USGS:433043076000401,snap-20260825-adopt
SNR-0CMV,USGS:0134277121,snap-20260825-adopt
SNR-0CMW,USGS:06446200,snap-20260825-adopt
SNR-0CMX,USGS:05457778,snap-20260825-adopt
SNR-0CMY,USGS:04086152,snap-20260825-adopt
SNR-0CMZ,USGS:04086150,snap-20260825-adopt
SNR-0CN0,USGS:04241500,snap-20260825-adopt
SNR-0CN1,USGS:0134277119,snap-20260825-adopt
SNR-0CN2,USGS:06603920,snap-20260825-adopt
SNR-0CN3,USGS:04279125,snap-20260825-adopt
SNR-0CN4,USGS:06402470,snap-20260825-adopt
SNR-0CN5,USGS:04156500,snap-20260825-adopt
SNR-0CN6,USGS:04250000,snap-20260825-adopt
SNR-0CN7,USGS:01067853,snap-20260825-adopt
SNR-0CN8,USGS:04086149,snap-20260825-adopt
SNR-0CN9,USGS:05424000,snap-20260825-adopt
SNR-0CNA,USGS:04250200,snap-20260825-adopt
SNR-0CNB,USGS:06220000,snap-20260825-adopt
SNR-0CNC,USGS:0134277114,snap-20260825-adopt
SNR-0CND,USGS:054041665,snap-20260825-adopt
SNR-0CNE,USGS:01067851,snap-20260825-adopt
SNR-0CNF,USGS:06481500,snap-20260825-adopt
SNR-0CNG,USGS:0134277112,snap-20260825-adopt
SNR-0CNH,USGS:06394000,snap-20260825-adopt
SNR-0CNI,USGS:05424009,snap-20260825-adopt
SNR-0CNJ,USGS:01079610,snap-20260825-adopt
SNR-0CNK,USGS:06226200,snap-20260825-adopt
SNR-0CNL,USGS:06446700,snap-20260825-adopt
SNR-0CNM,USGS:04279400,snap-20260825-adopt
SNR-0CNN,USGS:05387095,snap-20260825-adopt
SNR-0CNO,USGS:04253000,snap-20260825-adopt
SNR-0CNP,USGS:05476100,snap-20260825-adopt
SNR-0CNQ,USGS:06396350,snap-20260825-adopt
SNR-0CNR,USGS:05423947,snap-20260825-adopt
SNR-0CNS,USGS:04249200,snap-20260825-adopt
SNR-0CNT,USGS:06483350,snap-20260825-adopt
SNR-0CNU,USGS:06483353,snap-20260825-adopt
SNR-0CNV,USGS:433239089175800,snap-20260825-adopt
SNR-0CNW,USGS:04086139,snap-20260825-adopt
SNR-0CNX,USGS:433240092260501,snap-20260825-adopt
SNR-0CNY,USGS:433240092260601,snap-20260825-adopt
SNR-0CNZ,USGS:433242092260902,snap-20260825-adopt
SNR-0CO0,USGS:433242092260901,snap-20260825-adopt
SNR-0CO1,USGS:433243092260606,snap-20260825-adopt
SNR-0CO2,USGS:433243092260604,snap-20260825-adopt
SNR-0CO3,USGS:433243092260605,snap-20260825-adopt
SNR-0CO4,USGS:433243092260603,snap-20260825-adopt
SNR-0CO5,USGS:433243092260602,snap-20260825-adopt
SNR-0CO6,USGS:433243092260601,snap-20260825-adopt
SNR-0CO7,USGS:433244092255002,snap-20260825-adopt
SNR-0CO8,USGS:433245092254904,snap-20260825-adopt
SNR-0CO9,USGS:433245092254905,snap-20260825-adopt
SNR-0COA,USGS:433246092255001,snap-20260825-adopt
SNR-0COB,USGS:433246092254801,snap-20260825-adopt
SNR-0COC,USGS:433247092260706,snap-20260825-adopt
SNR-0COD,USGS:433247092260705,snap-20260825-adopt
SNR-0COE,USGS:433247092260704,snap-20260825-adopt
SNR-0COF,USGS:433247092260703,snap-20260825-adopt
SNR-0COG,USGS:433247092260702,snap-20260825-adopt
SNR-0COH,USGS:433247092260701,snap-20260825-adopt
SNR-0COI,USGS:0425040001,snap-20260825-adopt
SNR-0COJ,USGS:433249092260801,snap-20260825-adopt
SNR-0COK,USGS:433249092260501,snap-20260825-adopt
SNR-0COL,USGS:05408800,snap-20260825-adopt
SNR-0COM,USGS:01080500,snap-20260825-adopt
SNR-0CON,USGS:04086200,snap-20260825-adopt
SNR-0COO,USGS:05424013,snap-20260825-adopt
SNR-0COP,USGS:06394450,snap-20260825-adopt
SNR-0COQ,USGS:05403700,snap-20260825-adopt
SNR-0COR,USGS:05387100,snap-20260825-adopt
SNR-0COS,USGS:04072500,snap-20260825-adopt
SNR-0COT,USGS:01079600,snap-20260825-adopt
SNR-0COU,USGS:040863075,snap-20260825-adopt
SNR-0COV,USGS:433328076023001,snap-20260825-adopt
SNR-0COW,USGS:05424007,snap-20260825-adopt
SNR-0COX,USGS:06452290,snap-20260825-adopt
SNR-0COY,USGS:06378300,snap-20260825-adopt
SNR-0COZ,USGS:433346076023001,snap-20260825-adopt
SNR-0CP0,USGS:04155500,snap-20260825-adopt
SNR-0CP1,USGS:05476989,snap-20260825-adopt
SNR-0CP2,USGS:04150000,snap-20260825-adopt
SNR-0CP3,USGS:06482020,snap-20260825-adopt
SNR-0CP4,USGS:04072410,snap-20260825-adopt
SNR-0CP5,USGS:06483050,snap-20260825-adopt
SNR-0CP6,USGS:06481400,snap-20260825-adopt
SNR-0CP7,USGS:05408000,snap-20260825-adopt
SNR-0CP8,USGS:06446800,snap-20260825-adopt
SNR-0CP9,USGS:06222700,snap-20260825-adopt
SNR-0CPA,USGS:06309200,snap-20260825-adopt
SNR-0CPB,USGS:06364300,snap-20260825-adopt
SNR-0CPC,USGS:06218700,snap-20260825-adopt
SNR-0CPD,USGS:06218500,snap-20260825-adopt
SNR-0CPE,USGS:06402430,snap-20260825-adopt
SNR-0CPF,USGS:06376300,snap-20260825-adopt
SNR-0CPG,USGS:05404129,snap-20260825-adopt
SNR-0CPH,USGS:05476900,snap-20260825-adopt
SNR-0CPI,USGS:06450000,snap-20260825-adopt
SNR-0CPJ,USGS:04150500,snap-20260825-adopt
SNR-0CPK,USGS:06482745,snap-20260825-adopt
SNR-0CPL,USGS:05404147,snap-20260825-adopt
SNR-0CPM,MPCA:43064001,snap-20260825-adopt
SNR-0CPN,USGS:04086305,snap-20260825-adopt
SNR-0CPO,USGS:433527092265601,snap-20260825-adopt
SNR-0CPP,USGS:433527092265501,snap-20260825-adopt
SNR-0CPQ,USGS:433527092265502,snap-20260825-adopt
SNR-0CPR,USGS:433527092265701,snap-20260825-adopt
SNR-0CPS,USGS:433527092265503,snap-20260825-adopt
SNR-0CPT,USGS:433527092265504,snap-20260825-adopt
SNR-0CPU,USGS:433527092265505,snap-20260825-adopt
SNR-0CPV,USGS:433528092265101,snap-20260825-adopt
SNR-0CPW,USGS:433528092265102,snap-20260825-adopt
SNR-0CPX,USGS:433528092265106,snap-20260825-adopt
SNR-0CPY,USGS:433528092265103,snap-20260825-adopt
SNR-0CPZ,USGS:433528092265104,snap-20260825-adopt
SNR-0CQ0,USGS:433528092265107,snap-20260825-adopt
SNR-0CQ1,USGS:433528092265108,snap-20260825-adopt
SNR-0CQ2,USGS:433531092263901,snap-20260825-adopt
SNR-0CQ3,USGS:433531092265301,snap-20260825-adopt
SNR-0CQ4,USGS:433531092265303,snap-20260825-adopt
SNR-0CQ5,USGS:433531092265304,snap-20260825-adopt
SNR-0CQ6,USGS:433531092265306,snap-20260825-adopt
SNR-0CQ7,USGS:433533092264901,snap-20260825-adopt
SNR-0CQ8,USGS:433533092265701,snap-20260825-adopt
SNR-0CQ9,USGS:04153905,snap-20260825-adopt
SNR-0CQA,USGS:06482100,snap-20260825-adopt
SNR-0CQB,USGS:05407950,snap-20260825-adopt
SNR-0CQC,USGS:04154500,snap-20260825-adopt
SNR-0CQD,USGS:04156000,snap-20260825-adopt
SNR-0CQE,USGS:433600096442400,snap-20260825-adopt
SNR-0CQF,USGS:04154512,snap-20260825-adopt
SNR-0CQG,USGS:06450500,snap-20260825-adopt
SNR-0CQH,USGS:433606090060000,snap-20260825-adopt
SNR-0CQI,USGS:04157060,snap-20260825-adopt
SNR-0CQJ,USGS:06603530,snap-20260825-adopt
SNR-0CQK,USGS:06482010,snap-20260825-adopt
SNR-0CQL,USGS:01151500,snap-20260825-adopt
SNR-0CQM,USGS:04086310,snap-20260825-adopt
SNR-0CQN,USGS:433615088202501,snap-20260825-adopt
SNR-0CQO,USGS:05404000,snap-20260825-adopt
SNR-0CQP,USGS:06478050,snap-20260825-adopt
SNR-0CQQ,USGS:05387030,snap-20260825-adopt
SNR-0CQR,USGS:05407920,snap-20260825-adopt
SNR-0CQS,USGS:04121660,snap-20260825-adopt
SNR-0CQT,USGS:05476010,snap-20260825-adopt
SNR-0CQU,USGS:06603520,snap-20260825-adopt
SNR-0CQV,USGS:04086125,snap-20260825-adopt
SNR-0CQW,USGS:06482610,snap-20260825-adopt
SNR-0CQX,USGS:06394605,snap-20260825-adopt
SNR-0CQY,USGS:05318100,snap-20260825-adopt
SNR-0CQZ,USGS:06313000,snap-20260825-adopt
SNR-0CR0,USGS:06603000,snap-20260825-adopt
SNR-0CR1,USGS:06603500,snap-20260825-adopt
SNR-0CR2,USGS:05476000,snap-20260825-adopt
SNR-0CR3,USGS:06313400,snap-20260825-adopt
SNR-0CR4,USGS:01150900,snap-20260825-adopt
SNR-0CR5,USGS:06451600,snap-20260825-adopt
SNR-0CR6,USGS:433727088215801,snap-20260825-adopt
SNR-0CR7,USGS:04086120,snap-20260825-adopt
SNR-0CR8,USGS:01151000,snap-20260825-adopt
SNR-0CR9,USGS:04153795,snap-20260825-adopt
SNR-0CRA,USGS:05403630,snap-20260825-adopt
SNR-0CRB,USGS:04154000,snap-20260825-adopt
SNR-0CRC,USGS:05404150,snap-20260825-adopt
SNR-0CRD,MPCA:30072001,snap-20260825-adopt
SNR-0CRE,USGS:05318000,snap-20260825-adopt
SNR-0CRF,USGS:06481497,snap-20260825-adopt
SNR-0CRG,USGS:06478053,snap-20260825-adopt
SNR-0CRH,USGS:05317845,snap-20260825-adopt
SNR-0CRI,USGS:05423510,snap-20260825-adopt
SNR-0CRJ,MPCA:43106001,snap-20260825-adopt
SNR-0CRK,USGS:06481493,snap-20260825-adopt
SNR-0CRL,USGS:433812106353901,snap-20260825-adopt
SNR-0CRM,MPCA:48020005,snap-20260825-adopt
SNR-0CRN,USGS:05457000,snap-20260825-adopt
SNR-0CRO,MPCA:30046002,snap-20260825-adopt
SNR-0CRP,USGS:04085813,snap-20260825-adopt
SNR-0CRQ,USGS:06483220,snap-20260825-adopt
SNR-0CRR,USGS:433821090063801,snap-20260825-adopt
SNR-0CRS,USGS:05403610,snap-20260825-adopt
SNR-0CRT,USGS:05423500,snap-20260825-adopt
SNR-0CRU,USGS:06478052,snap-20260825-adopt
SNR-0CRV,USGS:05404140,snap-20260825-adopt
SNR-0CRW,USGS:06259500,snap-20260825-adopt
SNR-0CRX,USGS:01144500,snap-20260825-adopt
SNR-0CRY,USGS:06309500,snap-20260825-adopt
SNR-0CRZ,USGS:05423100,snap-20260825-adopt
SNR-0CS0,USGS:04086175,snap-20260825-adopt
SNR-0CS1,USGS:01150500,snap-20260825-adopt
SNR-0CS2,USGS:01145000,snap-20260825-adopt
SNR-0CS3,USGS:06310000,snap-20260825-adopt
SNR-0CS4,USGS:04143600,snap-20260825-adopt
SNR-0CS5,USGS:05404116,snap-20260825-adopt
SNR-0CS6,USGS:06483000,snap-20260825-adopt
SNR-0CS7,MPCA:83016001,snap-20260825-adopt
SNR-0CS8,USGS:06375600,snap-20260825-adopt
SNR-0CS9,USGS:04122211,snap-20260825-adopt
SNR-0CSA,USGS:433928087595400,snap-20260825-adopt
SNR-0CSB,USGS:05317850,snap-20260825-adopt
SNR-0CSC,USGS:06478000,snap-20260825-adopt
SNR-0CSD,USGS:04073066,snap-20260825-adopt
SNR-0CSE,USGS:05386999,snap-20260825-adopt
SNR-0CSF,USGS:04086110,snap-20260825-adopt
SNR-0CSG,USGS:01151200,snap-20260825-adopt
SNR-0CSH,USGS:433939090050501,snap-20260825-adopt
SNR-0CSI,USGS:05384100,snap-20260825-adopt
SNR-0CSJ,USGS:04153725,snap-20260825-adopt
SNR-0CSK,USGS:05423300,snap-20260825-adopt
SNR-0CSL,USGS:05387000,snap-20260825-adopt
SNR-0CSM,USGS:06309450,snap-20260825-adopt
SNR-0CSN,USGS:06260400,snap-20260825-adopt
SNR-0CSO,USGS:434000106211601,snap-20260825-adopt
SNR-0CSP,USGS:06260000,snap-20260825-adopt
SNR-0CSQ,USGS:06481489,snap-20260825-adopt
SNR-0CSR,USGS:05408500,snap-20260825-adopt
SNR-0CSS,USGS:05423000,snap-20260825-adopt
SNR-0CST,USGS:04143500,snap-20260825-adopt
SNR-0CSU,USGS:0412220999,snap-20260825-adopt
SNR-0CSV,USGS:06260200,snap-20260825-adopt
SNR-0CSW,USGS:06403700,snap-20260825-adopt
SNR-0CSX,USGS:01150800,snap-20260825-adopt
SNR-0CSY,USGS:05475900,snap-20260825-adopt
SNR-0CSZ,USGS:434034088252401,snap-20260825-adopt
SNR-0CT0,USGS:04153300,snap-20260825-adopt
SNR-0CT1,MPCA:48005001,snap-20260825-adopt
SNR-0CT2,USGS:05474900,snap-20260825-adopt
SNR-0CT3,USGS:06263500,snap-20260825-adopt
SNR-0CT4,MPCA:48027001,snap-20260825-adopt
SNR-0CT5,USGS:06403500,snap-20260825-adopt
SNR-0CT6,USGS:06264000,snap-20260825-adopt
SNR-0CT7,USGS:04073050,snap-20260825-adopt
SNR-0CT8,USGS:05386400,snap-20260825-adopt
SNR-0CT9,USGS:04083400,snap-20260825-adopt
SNR-0CTA,USGS:05458950,snap-20260825-adopt
SNR-0CTB,USGS:04072734,snap-20260825-adopt
SNR-0CTC,USGS:06262300,snap-20260825-adopt
SNR-0CTD,USGS:06260500,snap-20260825-adopt
SNR-0CTE,USGS:06312500,snap-20260825-adopt
SNR-0CTF,USGS:05475800,snap-20260825-adopt
SNR-0CTG,USGS:04083420,snap-20260825-adopt
SNR-0CTH,USGS:04121650,snap-20260825-adopt
SNR-0CTI,USGS:06483020,snap-20260825-adopt
SNR-0CTJ,USGS:06446500,snap-20260825-adopt
SNR-0CTK,USGS:04083423,snap-20260825-adopt
SNR-0CTL,USGS:04085845,snap-20260825-adopt
SNR-0CTM,USGS:06313500,snap-20260825-adopt
SNR-0CTN,USGS:04083425,snap-20260825-adopt
SNR-0CTO,USGS:06309460,snap-20260825-adopt
SNR-0CTP,USGS:05408480,snap-20260825-adopt
SNR-0CTQ,USGS:05386490,snap-20260825-adopt
SNR-0CTR,USGS:05458960,snap-20260825-adopt
SNR-0CTS,MPCA:43020001,snap-20260825-adopt
SNR-0CTT,USGS:01141800,snap-20260825-adopt
SNR-0CTU,USGS:434209090491101,snap-20260825-adopt
SNR-0CTV,USGS:05457080,snap-20260825-adopt
SNR-0CTW,USGS:04153500,snap-20260825-adopt
SNR-0CTX,USGS:06482600,snap-20260825-adopt
SNR-0CTY,USGS:05386500,snap-20260825-adopt
SNR-0CTZ,USGS:05386498,snap-20260825-adopt
SNR-0CU0,USGS:06481485,snap-20260825-adopt
SNR-0CU1,USGS:06446300,snap-20260825-adopt
SNR-0CU2,USGS:06262000,snap-20260825-adopt
SNR-0CU3,USGS:05384200,snap-20260825-adopt
SNR-0CU4,USGS:06310500,snap-20260825-adopt
SNR-0CU5,USGS:04157500,snap-20260825-adopt
SNR-0CU6,USGS:434244090470801,snap-20260825-adopt
SNR-0CU7,USGS:434246090465801,snap-20260825-adopt
SNR-0CU8,USGS:06447450,snap-20260825-adopt
SNR-0CU9,USGS:06403000,snap-20260825-adopt
SNR-0CUA,USGS:434250090461401,snap-20260825-adopt
SNR-0CUB,USGS:01144000,snap-20260825-adopt
SNR-0CUC,USGS:05407500,snap-20260825-adopt
SNR-0CUD,USGS:06264500,snap-20260825-adopt
SNR-0CUE,USGS:06394600,snap-20260825-adopt
SNR-0CUF,USGS:06446400,snap-20260825-adopt
SNR-0CUG,USGS:06261500,snap-20260825-adopt
SNR-0CUH,USGS:06261000,snap-20260825-adopt
SNR-0CUI,USGS:06403300,snap-20260825-adopt
SNR-0CUJ,USGS:05384150,snap-20260825-adopt
SNR-0CUK,USGS:05386488,snap-20260825-adopt
SNR-0CUL,USGS:434311090461401,snap-20260825-adopt
SNR-0CUM,USGS:05407470,snap-20260825-adopt
SNR-0CUN,USGS:05384120,snap-20260825-adopt
SNR-0CUO,USGS:05383850,snap-20260825-adopt
SNR-0CUP,USGS:04122223,snap-20260825-adopt
SNR-0CUQ,USGS:06406500,snap-20260825-adopt
SNR-0CUR,USGS:06483210,snap-20260825-adopt
SNR-0CUS,USGS:05408476,snap-20260825-adopt
SNR-0CUT,USGS:06451650,snap-20260825-adopt
SNR-0CUU,USGS:04158000,snap-20260825-adopt
SNR-0CUV,USGS:05407468,snap-20260825-adopt
SNR-0CUW,USGS:04157550,snap-20260825-adopt
SNR-0CUX,USGS:06265000,snap-20260825-adopt
SNR-0CUY,USGS:06262500,snap-20260825-adopt
SNR-0CUZ,USGS:06263000,snap-20260825-adopt
SNR-0CV0,USGS:04084000,snap-20260825-adopt
SNR-0CV1,USGS:05385500,snap-20260825-adopt
SNR-0CV2,USGS:04073000,snap-20260825-adopt
SNR-0CV3,USGS:434425090462401,snap-20260825-adopt
SNR-0CV4,USGS:04086000,snap-20260825-adopt
SNR-0CV5,USGS:06451500,snap-20260825-adopt
SNR-0CV6,USGS:040860034,snap-20260825-adopt
SNR-0CV7,USGS:05455940,snap-20260825-adopt
SNR-0CV8,USGS:06446550,snap-20260825-adopt
SNR-0CV9,USGS:05384000,snap-20260825-adopt
SNR-0CVA,USGS:06452000,snap-20260825-adopt
SNR-0CVB,USGS:04073457,snap-20260825-adopt
SNR-0CVC,USGS:040860041,snap-20260825-adopt
SNR-0CVD,USGS:434500089082200,snap-20260825-adopt
SNR-0CVE,USGS:05386429,snap-20260825-adopt
SNR-0CVF,USGS:434507088261801,snap-20260825-adopt
SNR-0CVG,USGS:06447000,snap-20260825-adopt
SNR-0CVH,USGS:04083500,snap-20260825-adopt
SNR-0CVI,USGS:06447230,snap-20260825-adopt
SNR-0CVJ,USGS:05318195,snap-20260825-adopt
SNR-0CVK,USGS:06477150,snap-20260825-adopt
SNR-0CVL,USGS:04158500,snap-20260825-adopt
SNR-0CVM,USGS:06402950,snap-20260825-adopt
SNR-0CVN,USGS:06405000,snap-20260825-adopt
SNR-0CVO,USGS:06404998,snap-20260825-adopt
SNR-0CVP,USGS:06483200,snap-20260825-adopt
SNR-0CVQ,USGS:04083000,snap-20260825-adopt
SNR-0CVR,USGS:01143500,snap-20260825-adopt
SNR-0CVS,USGS:06265337,snap-20260825-adopt
SNR-0CVT,USGS:05403550,snap-20260825-adopt
SNR-0CVU,USGS:05386419,snap-20260825-adopt
SNR-0CVV,USGS:434551089365001,snap-20260825-adopt
SNR-0CVW,USGS:04073458,snap-20260825-adopt
SNR-0CVX,USGS:06402940,snap-20260825-adopt
SNR-0CVY,USGS:05386300,snap-20260825-adopt
SNR-0CVZ,USGS:06312000,snap-20260825-adopt
SNR-0CW0,USGS:05386410,snap-20260825-adopt
SNR-0CW1,USGS:06482960,snap-20260825-adopt
SNR-0CW2,USGS:05385000,snap-20260825-adopt
SNR-0CW3,USGS:06402970,snap-20260825-adopt
SNR-0CW4,USGS:06402995,snap-20260825-adopt
SNR-0CW5,USGS:05386000,snap-20260825-adopt
SNR-0CW6,USGS:06405400,snap-20260825-adopt
SNR-0CW7,USGS:06402990,snap-20260825-adopt
SNR-0CW8,USGS:06405500,snap-20260825-adopt
SNR-0CW9,USGS:06394300,snap-20260825-adopt
SNR-0CWA,USGS:06477500,snap-20260825-adopt
SNR-0CWB,MPCA:82015001,snap-20260825-adopt
SNR-0CWC,USGS:040734605,snap-20260825-adopt
SNR-0CWD,USGS:04085746,snap-20260825-adopt
SNR-0CWE,USGS:04085463,snap-20260825-adopt
SNR-0CWF,USGS:04084038,snap-20260825-adopt
SNR-0CWG,MPCA:43007002,snap-20260825-adopt
SNR-0CWH,USGS:05383950,snap-20260825-adopt
SNR-0CWI,USGS:434711089193500,snap-20260825-adopt
SNR-0CWJ,USGS:04083545,snap-20260825-adopt
SNR-0CWK,USGS:0408570047,snap-20260825-adopt
SNR-0CWL,USGS:040857005,snap-20260825-adopt
SNR-0CWM,USGS:01141500,snap-20260825-adopt
SNR-0CWN,USGS:06482970,snap-20260825-adopt
SNR-0CWO,USGS:06481000,snap-20260825-adopt
SNR-0CWP,USGS:0408570038,snap-20260825-adopt
SNR-0CWQ,USGS:04085700,snap-20260825-adopt
SNR-0CWR,USGS:06405800,snap-20260825-adopt
SNR-0CWS,USGS:06478540,snap-20260825-adopt
SNR-0CWT,USGS:04122230,snap-20260825-adopt
SNR-0CWU,USGS:05384350,snap-20260825-adopt
SNR-0CWV,USGS:06388800,snap-20260825-adopt
SNR-0CWW,USGS:06404800,snap-20260825-adopt
SNR-0CWX,USGS:434813089204000,snap-20260825-adopt
SNR-0CWY,USGS:06482950,snap-20260825-adopt
SNR-0CWZ,USGS:05475000,snap-20260825-adopt
SNR-0CX0,USGS:06265200,snap-20260825-adopt
SNR-0CX1,USGS:04085480,snap-20260825-adopt
SNR-0CX2,USGS:434835103163100,snap-20260825-adopt
SNR-0CX3,USGS:06443000,snap-20260825-adopt
SNR-0CX4,USGS:434840089000001,snap-20260825-adopt
SNR-0CX5,USGS:01142000,snap-20260825-adopt
SNR-0CX6,USGS:434846090573600,snap-20260825-adopt
SNR-0CX7,USGS:05383500,snap-20260825-adopt
SNR-0CX8,USGS:04159000,snap-20260825-adopt
SNR-0CX9,USGS:040734615,snap-20260825-adopt
SNR-0CXA,USGS:434858103151700,snap-20260825-adopt
SNR-0CXB,USGS:06442996,snap-20260825-adopt
SNR-0CXC,USGS:04073462,snap-20260825-adopt
SNR-0CXD,USGS:434902103134000,snap-20260825-adopt
SNR-0CXE,USGS:04072845,snap-20260825-adopt
SNR-0CXF,USGS:05384300,snap-20260825-adopt
SNR-0CXG,USGS:434928072192701,snap-20260825-adopt
SNR-0CXH,USGS:04073468,snap-20260825-adopt
SNR-0CXI,USGS:434928088553601,snap-20260825-adopt
SNR-0CXJ,USGS:040854592,snap-20260825-adopt
SNR-0CXK,USGS:434931103115000,snap-20260825-adopt
SNR-0CXL,USGS:05384800,snap-20260825-adopt
SNR-0CXM,USGS:06406000,snap-20260825-adopt
SNR-0CXN,USGS:04085492,snap-20260825-adopt
SNR-0CXO,USGS:06404500,snap-20260825-adopt
SNR-0CXP,USGS:01140820,snap-20260825-adopt
SNR-0CXQ,USGS:434955103133000,snap-20260825-adopt
SNR-0CXR,USGS:01140800,snap-20260825-adopt
SNR-0CXS,USGS:05384500,snap-20260825-adopt
SNR-0CXT,USGS:01140817,snap-20260825-adopt
SNR-0CXU,USGS:06406100,snap-20260825-adopt
SNR-0CXV,USGS:435021103164900,snap-20260825-adopt
SNR-0CXW,USGS:04073466,snap-20260825-adopt
SNR-0CXX,USGS:05384400,snap-20260825-adopt
SNR-0CXY,USGS:06446430,snap-20260825-adopt
SNR-0CXZ,USGS:06482525,snap-20260825-adopt
SNR-0CY0,USGS:06481480,snap-20260825-adopt
SNR-0CY1,USGS:04073365,snap-20260825-adopt
SNR-0CY2,USGS:05407400,snap-20260825-adopt
SNR-0CY3,USGS:435112103163700,snap-20260825-adopt
SNR-0CY4,USGS:05383600,snap-20260825-adopt
SNR-0CY5,USGS:05403202,snap-20260825-adopt
SNR-0CY6,USGS:05403520,snap-20260825-adopt
SNR-0CY7,USGS:04073473,snap-20260825-adopt
SNR-0CY8,USGS:040734644,snap-20260825-adopt
SNR-0CY9,USGS:06392950,snap-20260825-adopt
SNR-0CYA,USGS:05383075,snap-20260825-adopt
SNR-0CYB,USGS:06265500,snap-20260825-adopt
SNR-0CYC,USGS:435152088123100,snap-20260825-adopt
SNR-0CYD,USGS:06406700,snap-20260825-adopt
SNR-0CYE,USGS:04152238,snap-20260825-adopt
SNR-0CYF,USGS:06274800,snap-20260825-adopt
SNR-0CYG,USGS:06406740,snap-20260825-adopt
SNR-0CYH,USGS:06404000,snap-20260825-adopt
SNR-0CYI,USGS:06274810,snap-20260825-adopt
SNR-0CYJ,USGS:435239095074801,snap-20260825-adopt
SNR-0CYK,USGS:06403850,snap-20260825-adopt
SNR-0CYL,USGS:04152500,snap-20260825-adopt
SNR-0CYM,USGS:05403500,snap-20260825-adopt
SNR-0CYN,USGS:05383720,snap-20260825-adopt
SNR-0CYO,USGS:435300103270800,snap-20260825-adopt
SNR-0CYP,USGS:05318897,snap-20260825-adopt
SNR-0CYQ,USGS:05318890,snap-20260825-adopt
SNR-0CYR,USGS:435313089392000,snap-20260825-adopt
SNR-0CYS,USGS:05320440,snap-20260825-adopt
SNR-0CYT,USGS:06265600,snap-20260825-adopt
SNR-0CYU,USGS:06406750,snap-20260825-adopt
SNR-0CYV,USGS:05475350,snap-20260825-adopt
SNR-0CYW,USGS:435337103253100,snap-20260825-adopt
SNR-0CYX,USGS:05382500,snap-20260825-adopt
SNR-0CYY,USGS:06311500,snap-20260825-adopt
SNR-0CYZ,USGS:04072750,snap-20260825-adopt
SNR-0CZ0,USGS:06408650,snap-20260825-adopt
SNR-0CZ1,USGS:06423400,snap-20260825-adopt
SNR-0CZ2,USGS:05383700,snap-20260825-adopt
SNR-0CZ3,USGS:04121500,snap-20260825-adopt
SNR-0CZ4,USGS:06482933,snap-20260825-adopt
SNR-0CZ5,USGS:05475400,snap-20260825-adopt
SNR-0CZ6,USGS:05383000,snap-20260825-adopt
SNR-0CZ7,USGS:435414087471400,snap-20260825-adopt
SNR-0CZ8,USGS:06403810,snap-20260825-adopt
SNR-0CZ9,USGS:06442500,snap-20260825-adopt
SNR-0CZA,USGS:040854555,snap-20260825-adopt
SNR-0CZB,USGS:0408544206,snap-20260825-adopt
SNR-0CZC,USGS:0408544207,snap-20260825-adopt
SNR-0CZD,USGS:01140500,snap-20260825-adopt
SNR-0CZE,USGS:06421800,snap-20260825-adopt
SNR-0CZF,USGS:06406760,snap-20260825-adopt
SNR-0CZG,USGS:01140600,snap-20260825-adopt
SNR-0CZH,USGS:435440087463800,snap-20260825-adopt
SNR-0CZI,USGS:435441087463900,snap-20260825-adopt
SNR-0CZJ,USGS:06311400,snap-20260825-adopt
SNR-0CZK,USGS:435444087462300,snap-20260825-adopt
SNR-0CZL,USGS:0408544209,snap-20260825-adopt
SNR-0CZM,USGS:435447091042600,snap-20260825-adopt
SNR-0CZN,USGS:435449087461400,snap-20260825-adopt
SNR-0CZO,USGS:06267400,snap-20260825-adopt
SNR-0CZP,USGS:05382242,snap-20260825-adopt
SNR-0CZQ,USGS:06422000,snap-20260825-adopt
SNR-0CZR,USGS:04159005,snap-20260825-adopt
SNR-0CZS,USGS:01140590,snap-20260825-adopt
SNR-0CZT,USGS:06440700,snap-20260825-adopt
SNR-0CZU,USGS:05320400,snap-20260825-adopt
SNR-0CZV,USGS:04085454,snap-20260825-adopt
SNR-0CZW,USGS:06267000,snap-20260825-adopt
SNR-0CZX,USGS:06403800,snap-20260825-adopt
SNR-0CZY,USGS:04121494,snap-20260825-adopt
SNR-0CZZ,USGS:04085500,snap-20260825-adopt
SNR-0D00,USGS:05382240,snap-20260825-adopt
SNR-0D01,USGS:05382241,snap-20260825-adopt
SNR-0D02,USGS:04121507,snap-20260825-adopt
SNR-0D03,USGS:01142550,snap-20260825-adopt
SNR-0D04,USGS:01142400,snap-20260825-adopt
SNR-0D05,USGS:05382239,snap-20260825-adopt
SNR-0D06,USGS:01142500,snap-20260825-adopt
SNR-0D07,USGS:01140580,snap-20260825-adopt
SNR-0D08,MPCA:32062001,snap-20260825-adopt
SNR-0D09,USGS:04159046,snap-20260825-adopt
SNR-0D0A,USGS:01140570,snap-20260825-adopt
SNR-0D0B,USGS:01140575,snap-20260825-adopt
SNR-0D0C,USGS:06406900,snap-20260825-adopt
SNR-0D0D,USGS:05382325,snap-20260825-adopt
SNR-0D0E,USGS:04159010,snap-20260825-adopt
SNR-0D0F,USGS:06421750,snap-20260825-adopt
SNR-0D0G,USGS:06408500,snap-20260825-adopt
SNR-0D0H,USGS:06421500,snap-20260825-adopt
SNR-0D0I,USGS:06267270,snap-20260825-adopt
SNR-0D0J,USGS:06482910,snap-20260825-adopt
SNR-0D0K,USGS:04122500,snap-20260825-adopt
SNR-0D0L,USGS:06267260,snap-20260825-adopt
SNR-0D0M,USGS:05380100,snap-20260825-adopt
SNR-0D0N,MPCA:51026001,snap-20260825-adopt
SNR-0D0O,USGS:06442350,snap-20260825-adopt
SNR-0D0P,USGS:04072792,snap-20260825-adopt
SNR-0D0Q,USGS:435723092171801,snap-20260825-adopt
SNR-0D0R,USGS:06269700,snap-20260825-adopt
SNR-0D0S,USGS:041590774,snap-20260825-adopt
SNR-0D0T,USGS:06440300,snap-20260825-adopt
SNR-0D0U,USGS:06406920,snap-20260825-adopt
SNR-0D0V,USGS:05382300,snap-20260825-adopt
SNR-0D0W,USGS:05382284,snap-20260825-adopt
SNR-0D0X,USGS:04085498,snap-20260825-adopt
SNR-0D0Y,USGS:06406800,snap-20260825-adopt
SNR-0D0Z,USGS:04073500,snap-20260825-adopt
SNR-0D10,USGS:06440200,snap-20260825-adopt
SNR-0D11,USGS:04084200,snap-20260825-adopt
SNR-0D12,USGS:06425750,snap-20260825-adopt
SNR-0D13,USGS:06269750,snap-20260825-adopt
SNR-0D14,USGS:06477000,snap-20260825-adopt
SNR-0D15,USGS:05403397,snap-20260825-adopt
SNR-0D16,USGS:435842089231400,snap-20260825-adopt
SNR-0D17,USGS:06407500,snap-20260825-adopt
SNR-0D18,USGS:04073240,snap-20260825-adopt
SNR-0D19,USGS:435857089325301,snap-20260825-adopt
SNR-0D1A,USGS:06408900,snap-20260825-adopt
SNR-0D1B,USGS:0408543907,snap-20260825-adopt
SNR-0D1C,USGS:04143220,snap-20260825-adopt
SNR-0D1D,USGS:06407000,snap-20260825-adopt
SNR-0D1E,USGS:06425720,snap-20260825-adopt
SNR-0D1F,USGS:06406950,snap-20260825-adopt
SNR-0D1G,USGS:435917103161700,snap-20260825-adopt
SNR-0D1H,USGS:06408000,snap-20260825-adopt
SNR-0D1I,USGS:06420000,snap-20260825-adopt
SNR-0D1J,USGS:06442950,snap-20260825-adopt
SNR-0D1K,USGS:05474760,snap-20260825-adopt
SNR-0D1L,USGS:05474750,snap-20260825-adopt
SNR-0D1M,USGS:05382255,snap-20260825-adopt
SNR-0D1N,USGS:05320270,snap-20260825-adopt
SNR-0D1O,USGS:435950087572701,snap-20260825-adopt
SNR-0D1P,USGS:06480702,snap-20260825-adopt
SNR-0D1Q,USGS:05318300,snap-20260825-adopt
SNR-0D1R,USGS:05382220,snap-20260825-adopt
SNR-0D1S,USGS:06266000,snap-20260825-adopt
SNR-0D1T,USGS:06265800,snap-20260825-adopt
SNR-0D1U,USGS:05382267,snap-20260825-adopt
SNR-0D1V,USGS:05352700,snap-20260825-adopt
SNR-0D1W,USGS:05382257,snap-20260825-adopt
SNR-0D1X,USGS:05380509,snap-20260825-adopt
SNR-0D1Y,USGS:0408543802,snap-20260825-adopt
SNR-0D1Z,USGS:440016088362501,snap-20260825-adopt
SNR-0D20,USGS:06266500,snap-20260825-adopt
SNR-0D21,USGS:440024088361601,snap-20260825-adopt
SNR-0D22,USGS:05352800,snap-20260825-adopt
SNR-0D23,USGS:05372800,snap-20260825-adopt
SNR-0D24,USGS:06387500,snap-20260825-adopt
SNR-0D25,USGS:06480720,snap-20260825-adopt
SNR-0D26,USGS:06311060,snap-20260825-adopt
SNR-0D27,USGS:05372930,snap-20260825-adopt
SNR-0D28,USGS:06270450,snap-20260825-adopt
SNR-0D29,USGS:04082500,snap-20260825-adopt
SNR-0D2A,USGS:06270000,snap-20260825-adopt
SNR-0D2B,USGS:06409000,snap-20260825-adopt
SNR-0D2C,USGS:04082400,snap-20260825-adopt
SNR-0D2D,USGS:06266460,snap-20260825-adopt
SNR-0D2E,USGS:06268600,snap-20260825-adopt
SNR-0D2F,USGS:04081897,snap-20260825-adopt
SNR-0D2G,USGS:05378230,snap-20260825-adopt
SNR-0D2H,USGS:06442600,snap-20260825-adopt
SNR-0D2I,MPCA:32073001,snap-20260825-adopt
SNR-0D2J,USGS:05320300,snap-20260825-adopt
SNR-0D2K,USGS:06412250,snap-20260825-adopt
SNR-0D2L,USGS:01140000,snap-20260825-adopt
SNR-0D2M,USGS:04073970,snap-20260825-adopt
SNR-0D2N,USGS:06274100,snap-20260825-adopt
SNR-0D2O,USGS:01140100,snap-20260825-adopt
SNR-0D2P,USGS:06268500,snap-20260825-adopt
SNR-0D2Q,USGS:440122096503300,snap-20260825-adopt
SNR-0D2R,USGS:05378220,snap-20260825-adopt
SNR-0D2S,USGS:06418900,snap-20260825-adopt
SNR-0D2T,USGS:440127088100600,snap-20260825-adopt
SNR-0D2U,USGS:440128088271201,snap-20260825-adopt
SNR-0D2V,USGS:04085395,snap-20260825-adopt
SNR-0D2W,USGS:06425780,snap-20260825-adopt
SNR-0D2X,USGS:05319490,snap-20260825-adopt
SNR-0D2Y,USGS:06442960,snap-20260825-adopt
SNR-0D2Z,USGS:05403000,snap-20260825-adopt
SNR-0D30,USGS:06442670,snap-20260825-adopt
SNR-0D31,USGS:06418800,snap-20260825-adopt
SNR-0D32,USGS:06311000,snap-20260825-adopt
SNR-0D33,USGS:05372950,snap-20260825-adopt
SNR-0D34,MPCA:31021001,snap-20260825-adopt
SNR-0D35,USGS:06410000,snap-20260825-adopt
SNR-0D36,USGS:06412220,snap-20260825-adopt
SNR-0D37,USGS:05372990,snap-20260825-adopt
SNR-0D38,USGS:05401556,snap-20260825-adopt
SNR-0D39,USGS:04081900,snap-20260825-adopt
SNR-0D3A,USGS:06442400,snap-20260825-adopt
SNR-0D3B,USGS:440212096511300,snap-20260825-adopt
SNR-0D3C,USGS:440213096504700,snap-20260825-adopt
SNR-0D3D,USGS:05376100,snap-20260825-adopt
SNR-0D3E,MPCA:40019001,snap-20260825-adopt
SNR-0D3F,USGS:06440500,snap-20260825-adopt
SNR-0D3G,USGS:06275000,snap-20260825-adopt
SNR-0D3H,USGS:040854105,snap-20260825-adopt
SNR-0D3I,USGS:06477140,snap-20260825-adopt
SNR-0D3J,USGS:04152049,snap-20260825-adopt
SNR-0D3K,USGS:06418500,snap-20260825-adopt
SNR-0D3L,USGS:05403045,snap-20260825-adopt
SNR-0D3M,USGS:05379000,snap-20260825-adopt
SNR-0D3N,USGS:01139500,snap-20260825-adopt
SNR-0D3O,USGS:05319500,snap-20260825-adopt
SNR-0D3P,USGS:06412200,snap-20260825-adopt
SNR-0D3Q,USGS:05403044,snap-20260825-adopt
SNR-0D3R,USGS:05401500,snap-20260825-adopt
SNR-0D3S,USGS:04073405,snap-20260825-adopt
SNR-0D3T,USGS:05380000,snap-20260825-adopt
SNR-0D3U,USGS:04073179,snap-20260825-adopt
SNR-0D3V,USGS:06412510,snap-20260825-adopt
SNR-0D3W,USGS:06412500,snap-20260825-adopt
SNR-0D3X,USGS:01139838,snap-20260825-adopt
SNR-0D3Y,USGS:440314103180000,snap-20260825-adopt
SNR-0D3Z,USGS:06440850,snap-20260825-adopt
SNR-0D40,USGS:06412000,snap-20260825-adopt
SNR-0D41,USGS:05378500,snap-20260825-adopt
SNR-0D42,USGS:05376110,snap-20260825-adopt
SNR-0D43,MPCA:40006001,snap-20260825-adopt
SNR-0D44,USGS:440325103182500,snap-20260825-adopt
SNR-0D45,USGS:04073178,snap-20260825-adopt
SNR-0D46,USGS:05403043,snap-20260825-adopt
SNR-0D47,USGS:06413300,snap-20260825-adopt
SNR-0D48,USGS:06271000,snap-20260825-adopt
SNR-0D49,USGS:01139833,snap-20260825-adopt
SNR-0D4A,USGS:06315500,snap-20260825-adopt
SNR-0D4B,USGS:440329092255801,snap-20260825-adopt
SNR-0D4C,USGS:440329092255803,snap-20260825-adopt
SNR-0D4D,USGS:06412700,snap-20260825-adopt
SNR-0D4E,USGS:06412600,snap-20260825-adopt
SNR-0D4F,USGS:06412800,snap-20260825-adopt
SNR-0D4G,USGS:06412810,snap-20260825-adopt
SNR-0D4H,USGS:06412900,snap-20260825-adopt
SNR-0D4I,USGS:06413200,snap-20260825-adopt
SNR-0D4J,USGS:04085400,snap-20260825-adopt
SNR-0D4K,USGS:05382000,snap-20260825-adopt
SNR-0D4L,USGS:04073410,snap-20260825-adopt
SNR-0D4M,USGS:06270500,snap-20260825-adopt
SNR-0D4N,USGS:05372995,snap-20260825-adopt
SNR-0D4O,USGS:06480650,snap-20260825-adopt
SNR-0D4P,USGS:04125000,snap-20260825-adopt
SNR-0D4Q,USGS:440349092255901,snap-20260825-adopt
SNR-0D4R,USGS:06413550,snap-20260825-adopt
SNR-0D4S,USGS:01139830,snap-20260825-adopt
SNR-0D4T,USGS:06416300,snap-20260825-adopt
SNR-0D4U,USGS:06413570,snap-20260825-adopt
SNR-0D4V,USGS:05320480,snap-20260825-adopt
SNR-0D4W,USGS:05373000,snap-20260825-adopt
SNR-0D4X,USGS:06441000,snap-20260825-adopt
SNR-0D4Y,USGS:06416000,snap-20260825-adopt
SNR-0D4Z,USGS:06413660,snap-20260825-adopt
SNR-0D50,USGS:04073400,snap-20260825-adopt
SNR-0D51,USGS:05376500,snap-20260825-adopt
SNR-0D52,USGS:06315490,snap-20260825-adopt
SNR-0D53,USGS:04084255,snap-20260825-adopt
SNR-0D54,USGS:05378235,snap-20260825-adopt
SNR-0D55,USGS:04142000,snap-20260825-adopt
SNR-0D56,USGS:06477400,snap-20260825-adopt
SNR-0D57,USGS:06413670,snap-20260825-adopt
SNR-0D58,USGS:06413700,snap-20260825-adopt
SNR-0D59,USGS:06413650,snap-20260825-adopt
SNR-0D5A,USGS:06415500,snap-20260825-adopt
SNR-0D5B,USGS:06411500,snap-20260825-adopt
SNR-0D5C,USGS:06442718,snap-20260825-adopt
SNR-0D5D,USGS:06442900,snap-20260825-adopt
SNR-0D5E,USGS:06414700,snap-20260825-adopt
SNR-0D5F,USGS:06425900,snap-20260825-adopt
SNR-0D5G,USGS:04138536,snap-20260825-adopt
SNR-0D5H,USGS:06315000,snap-20260825-adopt
SNR-0D5I,USGS:06412580,snap-20260825-adopt
SNR-0D5J,USGS:06423500,snap-20260825-adopt
SNR-0D5K,USGS:06266320,snap-20260825-adopt
SNR-0D5L,USGS:06482500,snap-20260825-adopt
SNR-0D5M,USGS:06411900,snap-20260825-adopt
SNR-0D5N,USGS:06413800,snap-20260825-adopt
SNR-0D5O,MPCA:32079001,snap-20260825-adopt
SNR-0D5P,USGS:06480550,snap-20260825-adopt
SNR-0D5Q,USGS:06410500,snap-20260825-adopt
SNR-0D5R,USGS:06392900,snap-20260825-adopt
SNR-0D5S,USGS:05378490,snap-20260825-adopt
SNR-0D5T,USGS:06414000,snap-20260825-adopt
SNR-0D5U,USGS:05378300,snap-20260825-adopt
SNR-0D5V,USGS:06316000,snap-20260825-adopt
SNR-0D5W,USGS:06413600,snap-20260825-adopt
SNR-0D5X,USGS:06315480,snap-20260825-adopt
SNR-0D5Y,USGS:05376000,snap-20260825-adopt
SNR-0D5Z,USGS:06413620,snap-20260825-adopt
SNR-0D60,USGS:01139800,snap-20260825-adopt
SNR-0D61,USGS:05320000,snap-20260825-adopt
SNR-0D62,USGS:06442380,snap-20260825-adopt
SNR-0D63,USGS:06423250,snap-20260825-adopt
SNR-0D64,USGS:05401535,snap-20260825-adopt
SNR-0D65,USGS:04081800,snap-20260825-adopt
SNR-0D66,USGS:04124500,snap-20260825-adopt
SNR-0D67,USGS:06408860,snap-20260825-adopt
SNR-0D68,USGS:04085427,snap-20260825-adopt
SNR-0D69,USGS:06275500,snap-20260825-adopt
SNR-0D6A,USGS:06423100,snap-20260825-adopt
SNR-0D6B,USGS:06274500,snap-20260825-adopt
SNR-0D6C,USGS:06478535,snap-20260825-adopt
SNR-0D6D,USGS:04081500,snap-20260825-adopt
SNR-0D6E,USGS:440639103014701,snap-20260825-adopt
SNR-0D6F,USGS:06423120,snap-20260825-adopt
SNR-0D6G,USGS:06423050,snap-20260825-adopt
SNR-0D6H,USGS:04125200,snap-20260825-adopt
SNR-0D6I,USGS:06423090,snap-20260825-adopt
SNR-0D6J,USGS:440654089120500,snap-20260825-adopt
SNR-0D6K,USGS:06422650,snap-20260825-adopt
SNR-0D6L,USGS:05320500,snap-20260825-adopt
SNR-0D6M,USGS:04125210,snap-20260825-adopt
SNR-0D6N,USGS:06423080,snap-20260825-adopt
SNR-0D6O,USGS:05401537,snap-20260825-adopt
SNR-0D6P,USGS:05373080,snap-20260825-adopt
SNR-0D6Q,USGS:04123000,snap-20260825-adopt
SNR-0D6R,USGS:06480400,snap-20260825-adopt
SNR-0D6S,USGS:05316900,snap-20260825-adopt
SNR-0D6T,USGS:06408850,snap-20260825-adopt
SNR-0D6U,USGS:05320200,snap-20260825-adopt
SNR-0D6V,USGS:06276000,snap-20260825-adopt
SNR-0D6W,USGS:06423070,snap-20260825-adopt
SNR-0D6X,USGS:06423060,snap-20260825-adopt
SNR-0D6Y,USGS:06423075,snap-20260825-adopt
SNR-0D6Z,USGS:06423000,snap-20260825-adopt
SNR-0D70,USGS:06478533,snap-20260825-adopt
SNR-0D71,USGS:06423010,snap-20260825-adopt
SNR-0D72,USGS:05379500,snap-20260825-adopt
SNR-0D73,USGS:06313600,snap-20260825-adopt
SNR-0D74,USGS:06422600,snap-20260825-adopt
SNR-0D75,USGS:06408700,snap-20260825-adopt
SNR-0D76,USGS:04085425,snap-20260825-adopt
SNR-0D77,USGS:06442130,snap-20260825-adopt
SNR-0D78,USGS:06442150,snap-20260825-adopt
SNR-0D79,USGS:01139700,snap-20260825-adopt
SNR-0D7A,USGS:05402500,snap-20260825-adopt
SNR-0D7B,USGS:04138030,snap-20260825-adopt
SNR-0D7C,USGS:06422500,snap-20260825-adopt
SNR-0D7D,USGS:06313590,snap-20260825-adopt
SNR-0D7E,USGS:01139000,snap-20260825-adopt
SNR-0D7F,USGS:05376800,snap-20260825-adopt
SNR-0D7G,MPCA:40016001,snap-20260825-adopt
SNR-0D7H,USGS:440912089092000,snap-20260825-adopt
SNR-0D7I,USGS:06479928,snap-20260825-adopt
SNR-0D7J,USGS:01138500,snap-20260825-adopt
SNR-0D7K,USGS:06429500,snap-20260825-adopt
SNR-0D7L,USGS:01138000,snap-20260825-adopt
SNR-0D7M,USGS:06476500,snap-20260825-adopt
SNR-0D7N,USGS:05321995,snap-20260825-adopt
SNR-0D7O,USGS:05381389,snap-20260825-adopt
SNR-0D7P,USGS:05377500,snap-20260825-adopt
SNR-0D7Q,USGS:05403042,snap-20260825-adopt
SNR-0D7R,USGS:06276500,snap-20260825-adopt
SNR-0D7S,USGS:06270300,snap-20260825-adopt
SNR-0D7T,USGS:06270200,snap-20260825-adopt
SNR-0D7U,USGS:05378200,snap-20260825-adopt
SNR-0D7V,USGS:040844153,snap-20260825-adopt
SNR-0D7W,MPCA:41071003,snap-20260825-adopt
SNR-0D7X,USGS:06425950,snap-20260825-adopt
SNR-0D7Y,USGS:040844152,snap-20260825-adopt
SNR-0D7Z,USGS:05325000,snap-20260825-adopt
SNR-0D80,USGS:05401510,snap-20260825-adopt
SNR-0D81,USGS:04126195,snap-20260825-adopt
SNR-0D82,USGS:04125350,snap-20260825-adopt
SNR-0D83,USGS:06422400,snap-20260825-adopt
SNR-0D84,USGS:05401514,snap-20260825-adopt
SNR-0D85,USGS:05316920,snap-20260825-adopt
SNR-0D86,USGS:04138500,snap-20260825-adopt
SNR-0D87,USGS:06313630,snap-20260825-adopt
SNR-0D88,USGS:04125450,snap-20260825-adopt
SNR-0D89,USGS:06313900,snap-20260825-adopt
SNR-0D8A,USGS:05374400,snap-20260825-adopt
SNR-0D8B,USGS:06480000,snap-20260825-adopt
SNR-0D8C,USGS:05381392,snap-20260825-adopt
SNR-0D8D,USGS:05314900,snap-20260825-adopt
SNR-0D8E,USGS:04126200,snap-20260825-adopt
SNR-0D8F,USGS:05382200,snap-20260825-adopt
SNR-0D8G,USGS:06313950,snap-20260825-adopt
SNR-0D8H,USGS:06314000,snap-20260825-adopt
SNR-0D8I,USGS:05373350,snap-20260825-adopt
SNR-0D8J,USGS:04125460,snap-20260825-adopt
SNR-0D8K,USGS:06314500,snap-20260825-adopt
SNR-0D8L,USGS:06269000,snap-20260825-adopt
SNR-0D8M,USGS:05317330,snap-20260825-adopt
SNR-0D8N,USGS:05401063,snap-20260825-adopt
SNR-0D8O,USGS:06422398,snap-20260825-adopt
SNR-0D8P,USGS:05403041,snap-20260825-adopt
SNR-0D8Q,USGS:040844215,snap-20260825-adopt
SNR-0D8R,USGS:05317500,snap-20260825-adopt
SNR-0D8S,USGS:04121300,snap-20260825-adopt
SNR-0D8T,USGS:05381383,snap-20260825-adopt
SNR-0D8U,USGS:01138800,snap-20260825-adopt
SNR-0D8V,USGS:05316950,snap-20260825-adopt
SNR-0D8W,USGS:04125500,snap-20260825-adopt
SNR-0D8X,USGS:05401100,snap-20260825-adopt
SNR-0D8Y,USGS:04084422,snap-20260825-adopt
SNR-0D8Z,USGS:05316865,snap-20260825-adopt
SNR-0D90,USGS:05401067,snap-20260825-adopt
SNR-0D91,USGS:06273500,snap-20260825-adopt
SNR-0D92,USGS:05401065,snap-20260825-adopt
SNR-0D93,USGS:06280300,snap-20260825-adopt
SNR-0D94,USGS:441233103215300,snap-20260825-adopt
SNR-0D95,USGS:05378185,snap-20260825-adopt
SNR-0D96,USGS:06274000,snap-20260825-adopt
SNR-0D97,USGS:06441110,snap-20260825-adopt
SNR-0D98,USGS:05381381,snap-20260825-adopt
SNR-0D99,USGS:01137940,snap-20260825-adopt
SNR-0D9A,USGS:05316866,snap-20260825-adopt
SNR-0D9B,USGS:04125510,snap-20260825-adopt
SNR-0D9C,USGS:05316868,snap-20260825-adopt
SNR-0D9D,USGS:05378183,snap-20260825-adopt
SNR-0D9E,USGS:06478630,snap-20260825-adopt
SNR-0D9F,USGS:06313700,snap-20260825-adopt
SNR-0D9G,USGS:04085330,snap-20260825-adopt
SNR-0D9H,USGS:441257089071500,snap-20260825-adopt
SNR-0D9I,USGS:441258088293800,snap-20260825-adopt
SNR-0D9J,USGS:441303088292800,snap-20260825-adopt
SNR-0D9K,USGS:441303088291600,snap-20260825-adopt
SNR-0D9L,USGS:06479980,snap-20260825-adopt
SNR-0D9M,USGS:06425050,snap-20260825-adopt
SNR-0D9N,USGS:06478530,snap-20260825-adopt
SNR-0D9O,USGS:06422395,snap-20260825-adopt
SNR-0D9P,USGS:441337103514401,snap-20260825-adopt
SNR-0D9Q,USGS:05403040,snap-20260825-adopt
SNR-0D9R,USGS:05375800,snap-20260825-adopt
SNR-0D9S,USGS:06427700,snap-20260825-adopt
SNR-0D9T,USGS:04138000,snap-20260825-adopt
SNR-0D9U,USGS:06317300,snap-20260825-adopt
SNR-0D9V,USGS:04085281,snap-20260825-adopt
SNR-0D9W,USGS:441508085244001,snap-20260825-adopt
SNR-0D9X,USGS:04084830,snap-20260825-adopt
SNR-0D9Y,USGS:05316800,snap-20260825-adopt
SNR-0D9Z,USGS:06425100,snap-20260825-adopt
SNR-0DA0,USGS:441430103495001,snap-20260825-adopt
SNR-0DA1,USGS:05325100,snap-20260825-adopt
SNR-0DA2,USGS:441435103494500,snap-20260825-adopt
SNR-0DA3,USGS:05317200,snap-20260825-adopt
SNR-0DA4,USGS:04084445,snap-20260825-adopt
SNR-0DA5,USGS:441453087575701,snap-20260825-adopt
SNR-0DA6,USGS:06425500,snap-20260825-adopt
SNR-0DA7,USGS:05403039,snap-20260825-adopt
SNR-0DA8,USGS:441459103500100,snap-20260825-adopt
SNR-0DA9,MPCA:29011001,snap-20260825-adopt
SNR-0DAA,USGS:05379400,snap-20260825-adopt
SNR-0DAB,USGS:441520088045002,snap-20260825-adopt
SNR-0DAC,USGS:441520088045009,snap-20260825-adopt
SNR-0DAD,USGS:441520088045001,snap-20260825-adopt
SNR-0DAE,USGS:05353800,snap-20260825-adopt
SNR-0DAF,MPCA:39101001,snap-20260825-adopt
SNR-0DAG,USGS:04084429,snap-20260825-adopt
SNR-0DAH,USGS:04125550,snap-20260825-adopt
SNR-0DAI,USGS:040844505,snap-20260825-adopt
SNR-0DAJ,USGS:04141500,snap-20260825-adopt
SNR-0DAK,USGS:05401050,snap-20260825-adopt
SNR-0DAL,USGS:441546088082001,snap-20260825-adopt
SNR-0DAM,MPCA:28063001,snap-20260825-adopt
SNR-0DAN,USGS:06317340,snap-20260825-adopt
SNR-0DAO,USGS:04084468,snap-20260825-adopt
SNR-0DAP,USGS:06426130,snap-20260825-adopt
SNR-0DAQ,USGS:06269500,snap-20260825-adopt
SNR-0DAR,USGS:06426160,snap-20260825-adopt
SNR-0DAS,USGS:06424500,snap-20260825-adopt
SNR-0DAT,USGS:441605088115704,snap-20260825-adopt
SNR-0DAU,USGS:441605088115705,snap-20260825-adopt
SNR-0DAV,USGS:441605088115701,snap-20260825-adopt
SNR-0DAW,USGS:441605088115702,snap-20260825-adopt
SNR-0DAX,USGS:441605088115703,snap-20260825-adopt
SNR-0DAY,USGS:01137500,snap-20260825-adopt
SNR-0DAZ,USGS:04126000,snap-20260825-adopt
SNR-0DB0,USGS:05401034,snap-20260825-adopt
SNR-0DB1,USGS:441624088045601,snap-20260825-adopt
SNR-0DB2,USGS:06426000,snap-20260825-adopt
SNR-0DB3,USGS:041210041,snap-20260825-adopt
SNR-0DB4,USGS:06274200,snap-20260825-adopt
SNR-0DB5,USGS:06319100,snap-20260825-adopt
SNR-0DB6,USGS:06274190,snap-20260825-adopt
SNR-0DB7,USGS:06272500,snap-20260825-adopt
SNR-0DB8,USGS:04084475,snap-20260825-adopt
SNR-0DB9,USGS:441652088200000,snap-20260825-adopt
SNR-0DBA,USGS:06426195,snap-20260825-adopt
SNR-0DBB,USGS:04084485,snap-20260825-adopt
SNR-0DBC,USGS:06426400,snap-20260825-adopt
SNR-0DBD,USGS:06426200,snap-20260825-adopt
SNR-0DBE,USGS:05374000,snap-20260825-adopt
SNR-0DBF,USGS:05373700,snap-20260825-adopt
SNR-0DBG,USGS:05374500,snap-20260825-adopt
SNR-0DBH,USGS:06426100,snap-20260825-adopt
SNR-0DBI,USGS:05317000,snap-20260825-adopt
SNR-0DBJ,MPCA:29001001,snap-20260825-adopt
SNR-0DBK,USGS:441733090434400,snap-20260825-adopt
SNR-0DBL,USGS:06273000,snap-20260825-adopt
SNR-0DBM,USGS:053813595,snap-20260825-adopt
SNR-0DBN,USGS:06424000,snap-20260825-adopt
SNR-0DBO,USGS:06442050,snap-20260825-adopt
SNR-0DBP,USGS:441748088133701,snap-20260825-adopt
SNR-0DBQ,USGS:441748088133702,snap-20260825-adopt
SNR-0DBR,USGS:441748088133703,snap-20260825-adopt
SNR-0DBS,USGS:441748088133704,snap-20260825-adopt
SNR-0DBT,USGS:05316770,snap-20260825-adopt
SNR-0DBU,USGS:05348550,snap-20260825-adopt
SNR-0DBV,USGS:05400980,snap-20260825-adopt
SNR-0DBW,USGS:06430770,snap-20260825-adopt
SNR-0DBX,USGS:04084927,snap-20260825-adopt
SNR-0DBY,USGS:06426095,snap-20260825-adopt
SNR-0DBZ,USGS:05401020,snap-20260825-adopt
SNR-0DC0,USGS:05402000,snap-20260825-adopt
SNR-0DC1,USGS:04084911,snap-20260825-adopt
SNR-0DC2,USGS:441824098475300,snap-20260825-adopt
SNR-0DC3,USGS:04085100,snap-20260825-adopt
SNR-0DC4,USGS:04141100,snap-20260825-adopt
SNR-0DC5,USGS:04141000,snap-20260825-adopt
SNR-0DC6,USGS:06274250,snap-20260825-adopt
SNR-0DC7,USGS:04085322,snap-20260825-adopt
SNR-0DC8,USGS:01136000,snap-20260825-adopt
SNR-0DC9,USGS:01131250,snap-20260825-adopt
SNR-0DCA,USGS:05374900,snap-20260825-adopt
SNR-0DCB,MPCA:41043001,snap-20260825-adopt
SNR-0DCC,USGS:04140500,snap-20260825-adopt
SNR-0DCD,USGS:04080950,snap-20260825-adopt
SNR-0DCE,USGS:01137850,snap-20260825-adopt
SNR-0DCF,USGS:04080945,snap-20260825-adopt
SNR-0DCG,USGS:06441400,snap-20260825-adopt
SNR-0DCH,USGS:04084500,snap-20260825-adopt
SNR-0DCI,USGS:06317500,snap-20260825-adopt
SNR-0DCJ,USGS:04085030,snap-20260825-adopt
SNR-0DCK,USGS:06426500,snap-20260825-adopt
SNR-0DCL,USGS:441933085163701,snap-20260825-adopt
SNR-0DCM,USGS:04081010,snap-20260825-adopt
SNR-0DCN,USGS:04085000,snap-20260825-adopt
SNR-0DCO,USGS:06441500,snap-20260825-adopt
SNR-0DCP,USGS:06430800,snap-20260825-adopt
SNR-0DCQ,USGS:04081000,snap-20260825-adopt
SNR-0DCR,USGS:06441750,snap-20260825-adopt
SNR-0DCS,USGS:06318500,snap-20260825-adopt
SNR-0DCT,USGS:06441595,snap-20260825-adopt
SNR-0DCU,USGS:04140200,snap-20260825-adopt
SNR-0DCV,USGS:442006087385601,snap-20260825-adopt
SNR-0DCW,USGS:442006087385602,snap-20260825-adopt
SNR-0DCX,USGS:04140000,snap-20260825-adopt
SNR-0DCY,USGS:05379187,snap-20260825-adopt
SNR-0DCZ,USGS:04121000,snap-20260825-adopt
SNR-0DD0,USGS:06437020,snap-20260825-adopt
SNR-0DD1,USGS:04078085,snap-20260825-adopt
SNR-0DD2,USGS:06441670,snap-20260825-adopt
SNR-0DD3,USGS:05325450,snap-20260825-adopt
SNR-0DD4,USGS:06441650,snap-20260825-adopt
SNR-0DD5,USGS:06436156,snap-20260825-adopt
SNR-0DD6,USGS:01135700,snap-20260825-adopt
SNR-0DD7,USGS:06441100,snap-20260825-adopt
SNR-0DD8,USGS:05355100,snap-20260825-adopt
SNR-0DD9,USGS:06479910,snap-20260825-adopt
SNR-0DDA,USGS:06441592,snap-20260825-adopt
SNR-0DDB,USGS:04139900,snap-20260825-adopt
SNR-0DDC,USGS:06319000,snap-20260825-adopt
SNR-0DDD,USGS:06430850,snap-20260825-adopt
SNR-0DDE,USGS:04080983,snap-20260825-adopt
SNR-0DDF,USGS:04080981,snap-20260825-adopt
SNR-0DDG,USGS:06441590,snap-20260825-adopt
SNR-0DDH,USGS:04080982,snap-20260825-adopt
SNR-0DDI,USGS:442114088085701,snap-20260825-adopt
SNR-0DDJ,USGS:04085046,snap-20260825-adopt
SNR-0DDK,USGS:442119088085501,snap-20260825-adopt
SNR-0DDL,USGS:06271500,snap-20260825-adopt
SNR-0DDM,USGS:442129091251100,snap-20260825-adopt
SNR-0DDN,USGS:05373900,snap-20260825-adopt
SNR-0DDO,USGS:06439400,snap-20260825-adopt
SNR-0DDP,USGS:05354500,snap-20260825-adopt
SNR-0DDQ,USGS:06320200,snap-20260825-adopt
SNR-0DDR,USGS:04124200,snap-20260825-adopt
SNR-0DDS,USGS:442409084274001,snap-20260825-adopt
SNR-0DDT,USGS:06476000,snap-20260825-adopt
SNR-0DDU,USGS:442155087330001,snap-20260825-adopt
SNR-0DDV,USGS:01135500,snap-20260825-adopt
SNR-0DDW,USGS:06280500,snap-20260825-adopt
SNR-0DDX,USGS:05400870,snap-20260825-adopt
SNR-0DDY,USGS:05400800,snap-20260825-adopt
SNR-0DDZ,USGS:442205103073200,snap-20260825-adopt
SNR-0DE0,USGS:06436165,snap-20260825-adopt
SNR-0DE1,USGS:06441580,snap-20260825-adopt
SNR-0DE2,USGS:06438000,snap-20260825-adopt
SNR-0DE3,USGS:04085108,snap-20260825-adopt
SNR-0DE4,USGS:06440000,snap-20260825-adopt
SNR-0DE5,USGS:05400853,snap-20260825-adopt
SNR-0DE6,USGS:06441200,snap-20260825-adopt
SNR-0DE7,USGS:06437330,snap-20260825-adopt
SNR-0DE8,USGS:05316850,snap-20260825-adopt
SNR-0DE9,USGS:06479810,snap-20260825-adopt
SNR-0DEA,USGS:06436170,snap-20260825-adopt
SNR-0DEB,USGS:06441390,snap-20260825-adopt
SNR-0DEC,USGS:06479900,snap-20260825-adopt
SNR-0DED,USGS:06274300,snap-20260825-adopt
SNR-0DEE,USGS:06479950,snap-20260825-adopt
SNR-0DEF,USGS:04085109,snap-20260825-adopt
SNR-0DEG,USGS:06427500,snap-20260825-adopt
SNR-0DEH,USGS:05379305,snap-20260825-adopt
SNR-0DEI,USGS:06432172,snap-20260825-adopt
SNR-0DEJ,USGS:06437100,snap-20260825-adopt
SNR-0DEK,USGS:05372000,snap-20260825-adopt
SNR-0DEL,USGS:05400760,snap-20260825-adopt
SNR-0DEM,USGS:04079000,snap-20260825-adopt
SNR-0DEN,USGS:06437360,snap-20260825-adopt
SNR-0DEO,USGS:04139500,snap-20260825-adopt
SNR-0DEP,USGS:04085300,snap-20260825-adopt
SNR-0DEQ,USGS:053793306,snap-20260825-adopt
SNR-0DER,USGS:04139000,snap-20260825-adopt
SNR-0DES,USGS:06437200,snap-20260825-adopt
SNR-0DET,USGS:06441530,snap-20260825-adopt
SNR-0DEU,USGS:05316690,snap-20260825-adopt
SNR-0DEV,USGS:053793305,snap-20260825-adopt
SNR-0DEW,USGS:06277000,snap-20260825-adopt
SNR-0DEX,USGS:06430898,snap-20260825-adopt
SNR-0DEY,USGS:442405087414401,snap-20260825-adopt
SNR-0DEZ,USGS:06430900,snap-20260825-adopt
SNR-0DF0,USGS:05316700,snap-20260825-adopt
SNR-0DF1,USGS:442400084472801,snap-20260825-adopt
SNR-0DF2,USGS:04138900,snap-20260825-adopt
SNR-0DF3,USGS:06277500,snap-20260825-adopt
SNR-0DF4,USGS:04085118,snap-20260825-adopt
SNR-0DF5,USGS:442433103534400,snap-20260825-adopt
SNR-0DF6,USGS:01131500,snap-20260825-adopt
SNR-0DF7,USGS:05355341,snap-20260825-adopt
SNR-0DF8,USGS:05326200,snap-20260825-adopt
SNR-0DF9,USGS:06437400,snap-20260825-adopt
SNR-0DFA,USGS:04080000,snap-20260825-adopt
SNR-0DFB,USGS:04085068,snap-20260825-adopt
SNR-0DFC,USGS:041377255,snap-20260825-adopt
SNR-0DFD,USGS:0407991001,snap-20260825-adopt
SNR-0DFE,USGS:06442850,snap-20260825-adopt
SNR-0DFF,USGS:442506089032001,snap-20260825-adopt
SNR-0DFG,USGS:06281000,snap-20260825-adopt
SNR-0DFH,USGS:04138800,snap-20260825-adopt
SNR-0DFI,USGS:06437300,snap-20260825-adopt
SNR-0DFJ,USGS:04085119,snap-20260825-adopt
SNR-0DFK,USGS:01135000,snap-20260825-adopt
SNR-0DFL,USGS:05371967,snap-20260825-adopt
SNR-0DFM,USGS:04138600,snap-20260825-adopt
SNR-0DFN,USGS:05381160,snap-20260825-adopt
SNR-0DFO,USGS:442805084411001,snap-20260825-adopt
SNR-0DFP,USGS:05330150,snap-20260825-adopt
SNR-0DFQ,USGS:05330200,snap-20260825-adopt
SNR-0DFR,USGS:05371965,snap-20260825-adopt
SNR-0DFS,USGS:05315000,snap-20260825-adopt
SNR-0DFT,USGS:04120500,snap-20260825-adopt
SNR-0DFU,USGS:06324810,snap-20260825-adopt
SNR-0DFV,USGS:442602089234101,snap-20260825-adopt
SNR-0DFW,USGS:04138700,snap-20260825-adopt
SNR-0DFX,USGS:01135300,snap-20260825-adopt
SNR-0DFY,USGS:04124000,snap-20260825-adopt
SNR-0DFZ,USGS:04137500,snap-20260825-adopt
SNR-0DG0,USGS:04080903,snap-20260825-adopt
SNR-0DG1,USGS:06430950,snap-20260825-adopt
SNR-0DG2,USGS:442616083232301,snap-20260825-adopt
SNR-0DG3,USGS:05371300,snap-20260825-adopt
SNR-0DG4,USGS:04137716,snap-20260825-adopt
SNR-0DG5,USGS:01134800,snap-20260825-adopt
SNR-0DG6,USGS:06436180,snap-20260825-adopt
SNR-0DG7,USGS:06319480,snap-20260825-adopt
SNR-0DG8,USGS:06319470,snap-20260825-adopt
SNR-0DG9,USGS:040850684,snap-20260825-adopt
SNR-0DGA,USGS:05379288,snap-20260825-adopt
SNR-0DGB,USGS:06324800,snap-20260825-adopt
SNR-0DGC,USGS:442656083202301,snap-20260825-adopt
SNR-0DGD,USGS:04085059,snap-20260825-adopt
SNR-0DGE,USGS:04085061,snap-20260825-adopt
SNR-0DGF,USGS:06319500,snap-20260825-adopt
SNR-0DGG,USGS:04137025,snap-20260825-adopt
SNR-0DGH,USGS:06281400,snap-20260825-adopt
SNR-0DGI,USGS:06320000,snap-20260825-adopt
SNR-0DGJ,USGS:442725110064001,snap-20260825-adopt
SNR-0DGK,USGS:442725110063501,snap-20260825-adopt
SNR-0DGL,USGS:442726110064101,snap-20260825-adopt
SNR-0DGM,USGS:442727110064501,snap-20260825-adopt
SNR-0DGN,USGS:04085200,snap-20260825-adopt
SNR-0DGO,USGS:05355024,snap-20260825-adopt
SNR-0DGP,USGS:06277700,snap-20260825-adopt
SNR-0DGQ,USGS:05311200,snap-20260825-adopt
SNR-0DGR,USGS:06036805,snap-20260825-adopt
SNR-0DGS,USGS:06429300,snap-20260825-adopt
SNR-0DGT,USGS:04085062,snap-20260825-adopt
SNR-0DGU,USGS:06277750,snap-20260825-adopt
SNR-0DGV,USGS:06479800,snap-20260825-adopt
SNR-0DGW,USGS:442746083212201,snap-20260825-adopt
SNR-0DGX,USGS:06475950,snap-20260825-adopt
SNR-0DGY,USGS:04137020,snap-20260825-adopt
SNR-0DGZ,USGS:06432200,snap-20260825-adopt
SNR-0DH0,USGS:04078891,snap-20260825-adopt
SNR-0DH1,USGS:05326189,snap-20260825-adopt
SNR-0DH2,USGS:06320500,snap-20260825-adopt
SNR-0DH3,USGS:04085074,snap-20260825-adopt
SNR-0DH4,USGS:06479770,snap-20260825-adopt
SNR-0DH5,USGS:04080865,snap-20260825-adopt
SNR-0DH6,USGS:442754110082301,snap-20260825-adopt
SNR-0DH7,USGS:05400600,snap-20260825-adopt
SNR-0DH8,USGS:05400625,snap-20260825-adopt
SNR-0DH9,USGS:05326180,snap-20260825-adopt
SNR-0DHA,USGS:06279940,snap-20260825-adopt
SNR-0DHB,USGS:05355080,snap-20260825-adopt
SNR-0DHC,USGS:05400718,snap-20260825-adopt
SNR-0DHD,USGS:04137030,snap-20260825-adopt
SNR-0DHE,USGS:05400650,snap-20260825-adopt
SNR-0DHF,USGS:06432230,snap-20260825-adopt
SNR-0DHG,USGS:01135150,snap-20260825-adopt
SNR-0DHH,USGS:06431000,snap-20260825-adopt
SNR-0DHI,USGS:06280000,snap-20260825-adopt
SNR-0DHJ,USGS:06437500,snap-20260825-adopt
SNR-0DHK,USGS:06432250,snap-20260825-adopt
SNR-0DHL,USGS:06431500,snap-20260825-adopt
SNR-0DHM,USGS:05401800,snap-20260825-adopt
SNR-0DHN,USGS:04085082,snap-20260825-adopt
SNR-0DHO,USGS:04085078,snap-20260825-adopt
SNR-0DHP,USGS:04085136,snap-20260825-adopt
SNR-0DHQ,USGS:01133500,snap-20260825-adopt
SNR-0DHR,USGS:06316500,snap-20260825-adopt
SNR-0DHS,USGS:442917095183701,snap-20260825-adopt
SNR-0DHT,USGS:442916087362600,snap-20260825-adopt
SNR-0DHU,USGS:06279850,snap-20260825-adopt
SNR-0DHV,USGS:04072076,snap-20260825-adopt
SNR-0DHW,USGS:01135100,snap-20260825-adopt
SNR-0DHX,USGS:06316400,snap-20260825-adopt
SNR-0DHY,USGS:06316490,snap-20260825-adopt
SNR-0DHZ,USGS:06429900,snap-20260825-adopt
SNR-0DI0,USGS:05315200,snap-20260825-adopt
SNR-0DI1,USGS:442944087354100,snap-20260825-adopt
SNR-0DI2,USGS:442945087354100,snap-20260825-adopt
SNR-0DI3,USGS:06277950,snap-20260825-adopt
SNR-0DI4,USGS:04085083,snap-20260825-adopt
SNR-0DI5,USGS:040851325,snap-20260825-adopt
SNR-0DI6,USGS:06316700,snap-20260825-adopt
SNR-0DI7,USGS:06279800,snap-20260825-adopt
SNR-0DI8,USGS:443012087362500,snap-20260825-adopt
SNR-0DI9,USGS:443014087362500,snap-20260825-adopt
SNR-0DIA,USGS:06324890,snap-20260825-adopt
SNR-0DIB,USGS:06278000,snap-20260825-adopt
SNR-0DIC,USGS:05326100,snap-20260825-adopt
SNR-0DID,USGS:06278300,snap-20260825-adopt
SNR-0DIE,USGS:04085138,snap-20260825-adopt
SNR-0DIF,USGS:04137680,snap-20260825-adopt
SNR-0DIG,USGS:01134500,snap-20260825-adopt
SNR-0DIH,USGS:06437000,snap-20260825-adopt
SNR-0DII,USGS:06279795,snap-20260825-adopt
SNR-0DIJ,USGS:443053094591001,snap-20260825-adopt
SNR-0DIK,USGS:06316480,snap-20260825-adopt
SNR-0DIL,USGS:06282000,snap-20260825-adopt
SNR-0DIM,USGS:05355092,snap-20260825-adopt
SNR-0DIN,USGS:040851378,snap-20260825-adopt
SNR-0DIO,USGS:06300900,snap-20260825-adopt
SNR-0DIP,USGS:06324900,snap-20260825-adopt
SNR-0DIQ,USGS:05400710,snap-20260825-adopt
SNR-0DIR,USGS:06429905,snap-20260825-adopt
SNR-0DIS,USGS:06301000,snap-20260825-adopt
SNR-0DIT,USGS:06439960,snap-20260825-adopt
SNR-0DIU,USGS:05400513,snap-20260825-adopt
SNR-0DIV,USGS:05316500,snap-20260825-adopt
SNR-0DIW,USGS:04080798,snap-20260825-adopt
SNR-0DIX,USGS:05371920,snap-20260825-adopt
SNR-0DIY,USGS:04072220,snap-20260825-adopt
SNR-0DIZ,USGS:040851385,snap-20260825-adopt
SNR-0DJ0,USGS:05355038,snap-20260825-adopt
SNR-0DJ1,USGS:01133300,snap-20260825-adopt
SNR-0DJ2,USGS:06438500,snap-20260825-adopt
SNR-0DJ3,USGS:06279020,snap-20260825-adopt
SNR-0DJ4,USGS:04072150,snap-20260825-adopt
SNR-0DJ5,USGS:06282500,snap-20260825-adopt
SNR-0DJ6,USGS:06323000,snap-20260825-adopt
SNR-0DJ7,USGS:443217088000901,snap-20260825-adopt
SNR-0DJ8,USGS:443217088000902,snap-20260825-adopt
SNR-0DJ9,USGS:06300500,snap-20260825-adopt
SNR-0DJA,USGS:04085139,snap-20260825-adopt
SNR-0DJB,USGS:05355150,snap-20260825-adopt
SNR-0DJC,USGS:04135687,snap-20260825-adopt
SNR-0DJD,USGS:06279000,snap-20260825-adopt
SNR-0DJE,USGS:06436190,snap-20260825-adopt
SNR-0DJF,USGS:05330300,snap-20260825-adopt
SNR-0DJG,USGS:06324910,snap-20260825-adopt
SNR-0DJH,USGS:05316580,snap-20260825-adopt
SNR-0DJI,USGS:05316538,snap-20260825-adopt
SNR-0DJJ,USGS:06320400,snap-20260825-adopt
SNR-0DJK,USGS:443311091231000,snap-20260825-adopt
SNR-0DJL,USGS:05311250,snap-20260825-adopt
SNR-0DJM,USGS:443320089212304,snap-20260825-adopt
SNR-0DJN,USGS:443320089212303,snap-20260825-adopt
SNR-0DJO,USGS:06321000,snap-20260825-adopt
SNR-0DJP,USGS:06321100,snap-20260825-adopt
SNR-0DJQ,USGS:04072233,snap-20260825-adopt
SNR-0DJR,USGS:06279790,snap-20260825-adopt
SNR-0DJS,USGS:05381000,snap-20260825-adopt
SNR-0DJT,USGS:04137005,snap-20260825-adopt
SNR-0DJU,USGS:06321020,snap-20260825-adopt
SNR-0DJV,USGS:04137000,snap-20260825-adopt
SNR-0DJW,USGS:06323500,snap-20260825-adopt
SNR-0DJX,USGS:06442000,snap-20260825-adopt
SNR-0DJY,USGS:05311400,snap-20260825-adopt
SNR-0DJZ,USGS:05355200,snap-20260825-adopt
SNR-0DK0,MPCA:39004002,snap-20260825-adopt
SNR-0DK1,USGS:06278500,snap-20260825-adopt
SNR-0DK2,USGS:05355250,snap-20260825-adopt
SNR-0DK3,USGS:06186500,snap-20260825-adopt
SNR-0DK4,USGS:06321800,snap-20260825-adopt
SNR-0DK5,USGS:06321040,snap-20260825-adopt
SNR-0DK6,USGS:05400705,snap-20260825-adopt
SNR-0DK7,USGS:05370900,snap-20260825-adopt
SNR-0DK8,USGS:06430532,snap-20260825-adopt
SNR-0DK9,USGS:10101020,snap-20260825-adopt
SNR-0DKA,USGS:05327000,snap-20260825-adopt
SNR-0DKB,MPCA:33091003,snap-20260825-adopt
SNR-0DKC,USGS:06430500,snap-20260825-adopt
SNR-0DKD,USGS:05330550,snap-20260825-adopt
SNR-0DKE,USGS:06479750,snap-20260825-adopt
SNR-0DKF,USGS:06303000,snap-20260825-adopt
SNR-0DKG,USGS:06278400,snap-20260825-adopt
SNR-0DKH,USGS:05330470,snap-20260825-adopt
SNR-0DKI,USGS:06429997,snap-20260825-adopt
SNR-0DKJ,USGS:06008000,snap-20260825-adopt
SNR-0DKK,USGS:06321500,snap-20260825-adopt
SNR-0DKL,USGS:06432020,snap-20260825-adopt
SNR-0DKM,USGS:06430000,snap-20260825-adopt
SNR-0DKN,USGS:01133200,snap-20260825-adopt
SNR-0DKO,USGS:05371800,snap-20260825-adopt
SNR-0DKP,USGS:06011900,snap-20260825-adopt
SNR-0DKQ,USGS:05316570,snap-20260825-adopt
SNR-0DKR,USGS:04072006,snap-20260825-adopt
SNR-0DKS,USGS:06479550,snap-20260825-adopt
SNR-0DKT,USGS:06007000,snap-20260825-adopt
SNR-0DKU,USGS:05400500,snap-20260825-adopt
SNR-0DKV,USGS:06283000,snap-20260825-adopt
SNR-0DKW,USGS:06427850,snap-20260825-adopt
SNR-0DKX,USGS:443535087345401,snap-20260825-adopt
SNR-0DKY,USGS:05311300,snap-20260825-adopt
SNR-0DKZ,USGS:06303500,snap-20260825-adopt
SNR-0DL0,USGS:01129950,snap-20260825-adopt
SNR-0DL1,USGS:06439300,snap-20260825-adopt
SNR-0DL2,USGS:04126600,snap-20260825-adopt
SNR-0DL3,USGS:05355230,snap-20260825-adopt
SNR-0DL4,USGS:06301480,snap-20260825-adopt
SNR-0DL5,USGS:05311310,snap-20260825-adopt
SNR-0DL6,USGS:04085188,snap-20260825-adopt
SNR-0DL7,USGS:06301485,snap-20260825-adopt
SNR-0DL8,USGS:06473750,snap-20260825-adopt
SNR-0DL9,USGS:06301490,snap-20260825-adopt
SNR-0DLA,USGS:06301495,snap-20260825-adopt
SNR-0DLB,USGS:05344980,snap-20260825-adopt
SNR-0DLC,USGS:05311320,snap-20260825-adopt
SNR-0DLD,USGS:05380970,snap-20260825-adopt
SNR-0DLE,USGS:04136900,snap-20260825-adopt
SNR-0DLF,USGS:06301500,snap-20260825-adopt
SNR-0DLG,USGS:04135700,snap-20260825-adopt
SNR-0DLH,USGS:06006000,snap-20260825-adopt
SNR-0DLI,USGS:06013200,snap-20260825-adopt
SNR-0DLJ,USGS:06436198,snap-20260825-adopt
SNR-0DLK,USGS:06036905,snap-20260825-adopt
SNR-0DLL,USGS:06303700,snap-20260825-adopt
SNR-0DLM,USGS:01130000,snap-20260825-adopt
SNR-0DLN,USGS:05355322,snap-20260825-adopt
SNR-0DLO,USGS:06304000,snap-20260825-adopt
SNR-0DLP,USGS:05330600,snap-20260825-adopt
SNR-0DLQ,USGS:05400664,snap-20260825-adopt
SNR-0DLR,USGS:06479640,snap-20260825-adopt
SNR-0DLS,USGS:05369500,snap-20260825-adopt
SNR-0DLT,USGS:04072000,snap-20260825-adopt
SNR-0DLU,USGS:06475850,snap-20260825-adopt
SNR-0DLV,USGS:06317020,snap-20260825-adopt
SNR-0DLW,USGS:06011500,snap-20260825-adopt
SNR-0DLX,USGS:05346600,snap-20260825-adopt
SNR-0DLY,USGS:01133000,snap-20260825-adopt
SNR-0DLZ,USGS:04079700,snap-20260825-adopt
SNR-0DM0,USGS:05344850,snap-20260825-adopt
SNR-0DM1,USGS:04127000,snap-20260825-adopt
SNR-0DM2,USGS:06013400,snap-20260825-adopt
SNR-0DM3,USGS:06037100,snap-20260825-adopt
SNR-0DM4,USGS:06013000,snap-20260825-adopt
SNR-0DM5,USGS:06283800,snap-20260825-adopt
SNR-0DM6,USGS:05370600,snap-20260825-adopt
SNR-0DM7,USGS:06010000,snap-20260825-adopt
SNR-0DM8,USGS:01129850,snap-20260825-adopt
SNR-0DM9,USGS:06324925,snap-20260825-adopt
SNR-0DMA,USGS:443852092420901,snap-20260825-adopt
SNR-0DMB,USGS:06011000,snap-20260825-adopt
SNR-0DMC,USGS:443855106051201,snap-20260825-adopt
SNR-0DMD,USGS:06037000,snap-20260825-adopt
SNR-0DME,USGS:04085145,snap-20260825-adopt
SNR-0DMF,USGS:06317000,snap-20260825-adopt
SNR-0DMG,USGS:443904106052301,snap-20260825-adopt
SNR-0DMH,USGS:443905092420201,snap-20260825-adopt
SNR-0DMI,USGS:05346050,snap-20260825-adopt
SNR-0DMJ,USGS:06436760,snap-20260825-adopt
SNR-0DMK,USGS:443911092415101,snap-20260825-adopt
SNR-0DML,USGS:443912092423501,snap-20260825-adopt
SNR-0DMM,USGS:443916096174801,snap-20260825-adopt
SNR-0DMN,USGS:443917092414301,snap-20260825-adopt
SNR-0DMO,USGS:06013500,snap-20260825-adopt
SNR-0DMP,USGS:06012500,snap-20260825-adopt
SNR-0DMQ,USGS:443920092412701,snap-20260825-adopt
SNR-0DMR,USGS:443920092412702,snap-20260825-adopt
SNR-0DMS,USGS:443920092412703,snap-20260825-adopt
SNR-0DMT,USGS:04126970,snap-20260825-adopt
SNR-0DMU,USGS:06037500,snap-20260825-adopt
SNR-0DMV,USGS:06010600,snap-20260825-adopt
SNR-0DMW,USGS:443929092412001,snap-20260825-adopt
SNR-0DMX,USGS:06436800,snap-20260825-adopt
SNR-0DMY,USGS:05345100,snap-20260825-adopt
SNR-0DMZ,USGS:04135500,snap-20260825-adopt
SNR-0DN0,USGS:04136500,snap-20260825-adopt
SNR-0DN1,USGS:06283995,snap-20260825-adopt
SNR-0DN2,USGS:06010500,snap-20260825-adopt
SNR-0DN3,USGS:05345000,snap-20260825-adopt
SNR-0DN4,USGS:06433500,snap-20260825-adopt
SNR-0DN5,USGS:06433000,snap-20260825-adopt
SNR-0DN6,USGS:04126740,snap-20260825-adopt
SNR-0DN7,USGS:444008092423201,snap-20260825-adopt
SNR-0DN8,USGS:04135600,snap-20260825-adopt
SNR-0DN9,USGS:06284010,snap-20260825-adopt
SNR-0DNA,USGS:06434000,snap-20260825-adopt
SNR-0DNB,USGS:06284000,snap-20260825-adopt
SNR-0DNC,USGS:443903085312101,snap-20260825-adopt
SNR-0DND,USGS:06439430,snap-20260825-adopt
SNR-0DNE,USGS:06429000,snap-20260825-adopt
SNR-0DNF,USGS:04127200,snap-20260825-adopt
SNR-0DNG,USGS:04136000,snap-20260825-adopt
SNR-0DNH,USGS:444037087265601,snap-20260825-adopt
SNR-0DNI,USGS:444049087424302,snap-20260825-adopt
SNR-0DNJ,USGS:444049087424303,snap-20260825-adopt
SNR-0DNK,USGS:444049087424304,snap-20260825-adopt
SNR-0DNL,USGS:444049087424305,snap-20260825-adopt
SNR-0DNM,USGS:05366300,snap-20260825-adopt
SNR-0DNN,USGS:06428000,snap-20260825-adopt
SNR-0DNO,USGS:01129700,snap-20260825-adopt
SNR-0DNP,MPCA:25087001,snap-20260825-adopt
SNR-0DNQ,USGS:444121093293801,snap-20260825-adopt
SNR-0DNR,USGS:06435500,snap-20260825-adopt
SNR-0DNS,USGS:0531656290,snap-20260825-adopt
SNR-0DNT,USGS:04079602,snap-20260825-adopt
SNR-0DNU,USGS:06436000,snap-20260825-adopt
SNR-0DNV,USGS:444128093293401,snap-20260825-adopt
SNR-0DNW,USGS:444132085405501,snap-20260825-adopt
SNR-0DNX,USGS:05330000,snap-20260825-adopt
SNR-0DNY,USGS:06428100,snap-20260825-adopt
SNR-0DNZ,USGS:04123500,snap-20260825-adopt
SNR-0DO0,USGS:06301850,snap-20260825-adopt
SNR-0DO1,USGS:06439500,snap-20260825-adopt
SNR-0DO2,USGS:06434505,snap-20260825-adopt
SNR-0DO3,USGS:06302000,snap-20260825-adopt
SNR-0DO4,USGS:05355315,snap-20260825-adopt
SNR-0DO5,USGS:444214093273001,snap-20260825-adopt
SNR-0DO6,USGS:06434500,snap-20260825-adopt
SNR-0DO7,USGS:06473880,snap-20260825-adopt
SNR-0DO8,USGS:06284200,snap-20260825-adopt
SNR-0DO9,USGS:05330870,snap-20260825-adopt
SNR-0DOA,USGS:06187000,snap-20260825-adopt
SNR-0DOB,USGS:05400000,snap-20260825-adopt
SNR-0DOC,USGS:05400220,snap-20260825-adopt
SNR-0DOD,USGS:06011400,snap-20260825-adopt
SNR-0DOE,USGS:05313500,snap-20260825-adopt
SNR-0DOF,USGS:04135800,snap-20260825-adopt
SNR-0DOG,USGS:05278880,snap-20260825-adopt
SNR-0DOH,USGS:05299100,snap-20260825-adopt
SNR-0DOI,USGS:06317050,snap-20260825-adopt
SNR-0DOJ,USGS:05346000,snap-20260825-adopt
SNR-0DOK,USGS:05345900,snap-20260825-adopt
SNR-0DOL,USGS:05400100,snap-20260825-adopt
SNR-0DOM,USGS:06284800,snap-20260825-adopt
SNR-0DON,USGS:04078500,snap-20260825-adopt
SNR-0DOO,USGS:444351084561801,snap-20260825-adopt
SNR-0DOP,USGS:06473850,snap-20260825-adopt
SNR-0DOQ,USGS:06479529,snap-20260825-adopt
SNR-0DOR,USGS:06479525,snap-20260825-adopt
SNR-0DOS,USGS:06036940,snap-20260825-adopt
SNR-0DOT,USGS:06474000,snap-20260825-adopt
SNR-0DOU,USGS:05299750,snap-20260825-adopt
SNR-0DOV,USGS:05367030,snap-20260825-adopt
SNR-0DOW,USGS:05400025,snap-20260825-adopt
SNR-0DOX,USGS:06284400,snap-20260825-adopt
SNR-0DOY,USGS:05299700,snap-20260825-adopt
SNR-0DOZ,USGS:444424095312301,snap-20260825-adopt
SNR-0DP0,USGS:05329890,snap-20260825-adopt
SNR-0DP1,USGS:444431095324101,snap-20260825-adopt
SNR-0DP2,USGS:06302200,snap-20260825-adopt
SNR-0DP3,USGS:06439000,snap-20260825-adopt
SNR-0DP4,USGS:444443095305001,snap-20260825-adopt
SNR-0DP5,USGS:444447095293501,snap-20260825-adopt
SNR-0DP6,USGS:05331580,snap-20260825-adopt
SNR-0DP7,USGS:444447095294701,snap-20260825-adopt
SNR-0DP8,USGS:05344500,snap-20260825-adopt
SNR-0DP9,USGS:05366000,snap-20260825-adopt
SNR-0DPA,USGS:05344490,snap-20260825-adopt
SNR-0DPB,USGS:06428500,snap-20260825-adopt
SNR-0DPC,USGS:01129500,snap-20260825-adopt
SNR-0DPD,USGS:06206500,snap-20260825-adopt
SNR-0DPE,USGS:06438800,snap-20260825-adopt
SNR-0DPF,USGS:04071795,snap-20260825-adopt
SNR-0DPG,USGS:444510095322101,snap-20260825-adopt
SNR-0DPH,USGS:06284500,snap-20260825-adopt
SNR-0DPI,USGS:06296500,snap-20260825-adopt
SNR-0DPJ,USGS:06279500,snap-20260825-adopt
SNR-0DPK,USGS:06299480,snap-20260825-adopt
SNR-0DPL,USGS:04071800,snap-20260825-adopt
SNR-0DPM,MPCA:19043001,snap-20260825-adopt
SNR-0DPN,USGS:05278930,snap-20260825-adopt
SNR-0DPO,USGS:06474300,snap-20260825-adopt
SNR-0DPP,USGS:06299490,snap-20260825-adopt
SNR-0DPQ,USGS:05278850,snap-20260825-adopt
SNR-0DPR,USGS:04127499,snap-20260825-adopt
SNR-0DPS,USGS:06039000,snap-20260825-adopt
SNR-0DPT,USGS:06299500,snap-20260825-adopt
SNR-0DPU,USGS:05346294,snap-20260825-adopt
SNR-0DPV,USGS:444630095002205,snap-20260825-adopt
SNR-0DPW,USGS:444630095002203,snap-20260825-adopt
SNR-0DPX,USGS:444630095002209,snap-20260825-adopt
SNR-0DPY,USGS:444630095002202,snap-20260825-adopt
SNR-0DPZ,USGS:444630095002208,snap-20260825-adopt
SNR-0DQ0,USGS:444630095002207,snap-20260825-adopt
SNR-0DQ1,USGS:444630095002206,snap-20260825-adopt
SNR-0DQ2,USGS:05370500,snap-20260825-adopt
SNR-0DQ3,USGS:06473820,snap-20260825-adopt
SNR-0DQ4,USGS:06437650,snap-20260825-adopt
SNR-0DQ5,USGS:06014000,snap-20260825-adopt
SNR-0DQ6,USGS:06297000,snap-20260825-adopt
SNR-0DQ7,USGS:444709089265301,snap-20260825-adopt
SNR-0DQ8,USGS:05399580,snap-20260825-adopt
SNR-0DQ9,USGS:05330890,snap-20260825-adopt
SNR-0DQA,USGS:06428200,snap-20260825-adopt
SNR-0DQB,USGS:444733090460100,snap-20260825-adopt
SNR-0DQC,USGS:06285000,snap-20260825-adopt
SNR-0DQD,USGS:05367000,snap-20260825-adopt
SNR-0DQE,USGS:05330645,snap-20260825-adopt
SNR-0DQF,USGS:06302500,snap-20260825-adopt
SNR-0DQG,USGS:06436500,snap-20260825-adopt
SNR-0DQH,USGS:05398100,snap-20260825-adopt
SNR-0DQI,USGS:05330713,snap-20260825-adopt
SNR-0DQJ,USGS:05399550,snap-20260825-adopt
SNR-0DQK,USGS:444803092575101,snap-20260825-adopt
SNR-0DQL,USGS:06473800,snap-20260825-adopt
SNR-0DQM,USGS:06304500,snap-20260825-adopt
SNR-0DQN,USGS:06436770,snap-20260825-adopt
SNR-0DQO,USGS:05331560,snap-20260825-adopt
SNR-0DQP,USGS:06439060,snap-20260825-adopt
SNR-0DQQ,USGS:05311150,snap-20260825-adopt
SNR-0DQR,USGS:06298490,snap-20260825-adopt
SNR-0DQS,USGS:06298480,snap-20260825-adopt
SNR-0DQT,USGS:05400422,snap-20260825-adopt
SNR-0DQU,USGS:06439050,snap-20260825-adopt
SNR-0DQV,USGS:05366800,snap-20260825-adopt
SNR-0DQW,USGS:05366500,snap-20260825-adopt
SNR-0DQX,USGS:06298500,snap-20260825-adopt
SNR-0DQY,USGS:05330908,snap-20260825-adopt
SNR-0DQZ,USGS:05330900,snap-20260825-adopt
SNR-0DR0,USGS:06436700,snap-20260825-adopt
SNR-0DR1,USGS:04071858,snap-20260825-adopt
SNR-0DR2,USGS:06305500,snap-20260825-adopt
SNR-0DR3,USGS:05399500,snap-20260825-adopt
SNR-0DR4,USGS:05365550,snap-20260825-adopt
SNR-0DR5,USGS:06434800,snap-20260825-adopt
SNR-0DR6,USGS:0407809265,snap-20260825-adopt
SNR-0DR7,USGS:05330800,snap-20260825-adopt
SNR-0DR8,USGS:05342000,snap-20260825-adopt
SNR-0DR9,USGS:05341900,snap-20260825-adopt
SNR-0DRA,USGS:445001092554101,snap-20260825-adopt
SNR-0DRB,USGS:445002093265701,snap-20260825-adopt
SNR-0DRC,USGS:05398500,snap-20260825-adopt
SNR-0DRD,USGS:445009088303700,snap-20260825-adopt
SNR-0DRE,USGS:04077400,snap-20260825-adopt
SNR-0DRF,USGS:445014088183601,snap-20260825-adopt
SNR-0DRG,USGS:06285100,snap-20260825-adopt
SNR-0DRH,USGS:06288600,snap-20260825-adopt
SNR-0DRI,USGS:445023093305201,snap-20260825-adopt
SNR-0DRJ,USGS:05314510,snap-20260825-adopt
SNR-0DRK,USGS:06205950,snap-20260825-adopt
SNR-0DRL,USGS:06306200,snap-20260825-adopt
SNR-0DRM,USGS:445032092552801,snap-20260825-adopt
SNR-0DRN,USGS:05341930,snap-20260825-adopt
SNR-0DRO,USGS:445256085240001,snap-20260825-adopt
SNR-0DRP,USGS:06297480,snap-20260825-adopt
SNR-0DRQ,USGS:06285500,snap-20260825-adopt
SNR-0DRR,USGS:06479520,snap-20260825-adopt
SNR-0DRS,USGS:06286000,snap-20260825-adopt
SNR-0DRT,USGS:05370100,snap-20260825-adopt
SNR-0DRU,USGS:05316550,snap-20260825-adopt
SNR-0DRV,USGS:06298000,snap-20260825-adopt
SNR-0DRW,USGS:04127570,snap-20260825-adopt
SNR-0DRX,USGS:06439080,snap-20260825-adopt
SNR-0DRY,USGS:05341889,snap-20260825-adopt
SNR-0DRZ,USGS:445107093323201,snap-20260825-adopt
SNR-0DS0,USGS:06207000,snap-20260825-adopt
SNR-0DS1,USGS:05370000,snap-20260825-adopt
SNR-0DS2,USGS:06297500,snap-20260825-adopt
SNR-0DS3,USGS:04134500,snap-20260825-adopt
SNR-0DS4,USGS:06206000,snap-20260825-adopt
SNR-0DS5,USGS:05341881,snap-20260825-adopt
SNR-0DS6,USGS:04071765,snap-20260825-adopt
SNR-0DS7,USGS:445331085564501,snap-20260825-adopt
SNR-0DS8,USGS:05314518,snap-20260825-adopt
SNR-0DS9,USGS:05369985,snap-20260825-adopt
SNR-0DSA,USGS:06286200,snap-20260825-adopt
SNR-0DSB,USGS:04071000,snap-20260825-adopt
SNR-0DSC,USGS:06038500,snap-20260825-adopt
SNR-0DSD,USGS:05369945,snap-20260825-adopt
SNR-0DSE,USGS:05369955,snap-20260825-adopt
SNR-0DSF,USGS:06187950,snap-20260825-adopt
SNR-0DSG,USGS:05313780,snap-20260825-adopt
SNR-0DSH,USGS:05330920,snap-20260825-adopt
SNR-0DSI,USGS:445215088300300,snap-20260825-adopt
SNR-0DSJ,USGS:06038550,snap-20260825-adopt
SNR-0DSK,USGS:06324000,snap-20260825-adopt
SNR-0DSL,USGS:05369970,snap-20260825-adopt
SNR-0DSM,USGS:01129440,snap-20260825-adopt
SNR-0DSN,USGS:05369000,snap-20260825-adopt
SNR-0DSO,USGS:06299000,snap-20260825-adopt
SNR-0DSP,USGS:041275689,snap-20260825-adopt
SNR-0DSQ,USGS:06205500,snap-20260825-adopt
SNR-0DSR,USGS:06474500,snap-20260825-adopt
SNR-0DSS,USGS:445305088361200,snap-20260825-adopt
SNR-0DST,USGS:06288700,snap-20260825-adopt
SNR-0DSU,USGS:05299650,snap-20260825-adopt
SNR-0DSV,USGS:06285400,snap-20260825-adopt
SNR-0DSW,USGS:05380900,snap-20260825-adopt
SNR-0DSX,USGS:06305700,snap-20260825-adopt
SNR-0DSY,USGS:05398000,snap-20260825-adopt
SNR-0DSZ,USGS:445322088281801,snap-20260825-adopt
SNR-0DT0,USGS:06039200,snap-20260825-adopt
SNR-0DT1,USGS:06038800,snap-20260825-adopt
SNR-0DT2,USGS:06479512,snap-20260825-adopt
SNR-0DT3,USGS:04077000,snap-20260825-adopt
SNR-0DT4,USGS:445328088335000,snap-20260825-adopt
SNR-0DT5,USGS:06187500,snap-20260825-adopt
SNR-0DT6,USGS:05278750,snap-20260825-adopt
SNR-0DT7,USGS:445342088312700,snap-20260825-adopt
SNR-0DT8,USGS:04071775,snap-20260825-adopt
SNR-0DT9,USGS:445352088295800,snap-20260825-adopt
SNR-0DTA,USGS:04077630,snap-20260825-adopt
SNR-0DTB,USGS:05341770,snap-20260825-adopt
SNR-0DTC,USGS:445400088320100,snap-20260825-adopt
SNR-0DTD,USGS:06299980,snap-20260825-adopt
SNR-0DTE,USGS:06300000,snap-20260825-adopt
SNR-0DTF,USGS:05399000,snap-20260825-adopt
SNR-0DTG,USGS:445416093141501,snap-20260825-adopt
SNR-0DTH,USGS:445410093142801,snap-20260825-adopt
SNR-0DTI,USGS:04126802,snap-20260825-adopt
SNR-0DTJ,USGS:05369900,snap-20260825-adopt
SNR-0DTK,USGS:05279000,snap-20260825-adopt
SNR-0DTL,USGS:05279030,snap-20260825-adopt
SNR-0DTM,USGS:05278700,snap-20260825-adopt
SNR-0DTN,USGS:06299900,snap-20260825-adopt
SNR-0DTO,USGS:445435093150801,snap-20260825-adopt
SNR-0DTP,USGS:445436093144901,snap-20260825-adopt
SNR-0DTQ,USGS:06475000,snap-20260825-adopt
SNR-0DTR,USGS:445444093140401,snap-20260825-adopt
SNR-0DTS,USGS:445450093140101,snap-20260825-adopt
SNR-0DTT,USGS:05289800,snap-20260825-adopt
SNR-0DTU,USGS:05288950,snap-20260825-adopt
SNR-0DTV,USGS:05341764,snap-20260825-adopt
SNR-0DTW,USGS:05341763,snap-20260825-adopt
SNR-0DTX,USGS:05399431,snap-20260825-adopt
SNR-0DTY,USGS:06014500,snap-20260825-adopt
SNR-0DTZ,USGS:06479449,snap-20260825-adopt
SNR-0DU0,USGS:05397500,snap-20260825-adopt
SNR-0DU1,USGS:06479515,snap-20260825-adopt
SNR-0DU2,USGS:06187550,snap-20260825-adopt
SNR-0DU3,USGS:05341854,snap-20260825-adopt
SNR-0DU4,USGS:06207507,snap-20260825-adopt
SNR-0DU5,USGS:06439770,snap-20260825-adopt
SNR-0DU6,USGS:05365500,snap-20260825-adopt
SNR-0DU7,USGS:06324970,snap-20260825-adopt
SNR-0DU8,USGS:445537090022401,snap-20260825-adopt
SNR-0DU9,USGS:06188000,snap-20260825-adopt
SNR-0DUA,USGS:05299800,snap-20260825-adopt
SNR-0DUB,USGS:06475550,snap-20260825-adopt
SNR-0DUC,USGS:445512084415301,snap-20260825-adopt
SNR-0DUD,USGS:05331005,snap-20260825-adopt
SNR-0DUE,USGS:06286250,snap-20260825-adopt
SNR-0DUF,USGS:445557090090601,snap-20260825-adopt
SNR-0DUG,USGS:05311000,snap-20260825-adopt
SNR-0DUH,USGS:05369800,snap-20260825-adopt
SNR-0DUI,USGS:05301200,snap-20260825-adopt
SNR-0DUJ,USGS:05278500,snap-20260825-adopt
SNR-0DUK,USGS:04076500,snap-20260825-adopt
SNR-0DUL,USGS:04075500,snap-20260825-adopt
SNR-0DUM,USGS:01129420,snap-20260825-adopt
SNR-0DUN,USGS:06475500,snap-20260825-adopt
SNR-0DUO,USGS:06190000,snap-20260825-adopt
SNR-0DUP,USGS:06439100,snap-20260825-adopt
SNR-0DUQ,USGS:06039500,snap-20260825-adopt
SNR-0DUR,USGS:05289500,snap-20260825-adopt
SNR-0DUS,USGS:06479500,snap-20260825-adopt
SNR-0DUT,USGS:041275685,snap-20260825-adopt
SNR-0DUU,USGS:06289800,snap-20260825-adopt
SNR-0DUV,USGS:05396100,snap-20260825-adopt
SNR-0DUW,USGS:05331000,snap-20260825-adopt
SNR-0DUX,USGS:06306000,snap-20260825-adopt
SNR-0DUY,USGS:05365000,snap-20260825-adopt
SNR-0DUZ,USGS:05399200,snap-20260825-adopt
SNR-0DV0,USGS:06479450,snap-20260825-adopt
SNR-0DV1,USGS:06479452,snap-20260825-adopt
SNR-0DV2,USGS:06189000,snap-20260825-adopt
SNR-0DV3,USGS:06188500,snap-20260825-adopt
SNR-0DV4,USGS:06479498,snap-20260825-adopt
SNR-0DV5,USGS:05289000,snap-20260825-adopt
SNR-0DV6,USGS:05289100,snap-20260825-adopt
SNR-0DV7,USGS:05364000,snap-20260825-adopt
SNR-0DV8,USGS:05396300,snap-20260825-adopt
SNR-0DV9,USGS:06473700,snap-20260825-adopt
SNR-0DVA,USGS:05396500,snap-20260825-adopt
SNR-0DVB,USGS:05364128,snap-20260825-adopt
SNR-0DVC,USGS:06286260,snap-20260825-adopt
SNR-0DVD,USGS:06286258,snap-20260825-adopt
SNR-0DVE,USGS:05396000,snap-20260825-adopt
SNR-0DVF,USGS:04069530,snap-20260825-adopt
SNR-0DVG,USGS:05365707,snap-20260825-adopt
SNR-0DVH,USGS:05365700,snap-20260825-adopt
SNR-0DVI,USGS:05305200,snap-20260825-adopt
SNR-0DVJ,USGS:06289100,snap-20260825-adopt
SNR-0DVK,USGS:04127565,snap-20260825-adopt
SNR-0DVL,USGS:05288900,snap-20260825-adopt
SNR-0DVM,USGS:05313800,snap-20260825-adopt
SNR-0DVN,USGS:06288960,snap-20260825-adopt
SNR-0DVO,USGS:04076000,snap-20260825-adopt
SNR-0DVP,USGS:445853093130701,snap-20260825-adopt
SNR-0DVQ,USGS:06190500,snap-20260825-adopt
SNR-0DVR,MPCA:20113002,snap-20260825-adopt
SNR-0DVS,USGS:06288975,snap-20260825-adopt
SNR-0DVT,USGS:06306250,snap-20260825-adopt
SNR-0DVU,USGS:05288850,snap-20260825-adopt
SNR-0DVV,USGS:06190540,snap-20260825-adopt
SNR-0DVW,USGS:04085169,snap-20260825-adopt
SNR-0DVX,USGS:06289600,snap-20260825-adopt
SNR-0DVY,USGS:05364850,snap-20260825-adopt
SNR-0DVZ,USGS:05364100,snap-20260825-adopt
SNR-0DW0,USGS:06289820,snap-20260825-adopt
SNR-0DW1,USGS:06191000,snap-20260825-adopt
SNR-0DW2,USGS:06289870,snap-20260825-adopt
SNR-0DW3,USGS:06019000,snap-20260825-adopt
SNR-0DW4,USGS:05300000,snap-20260825-adopt
SNR-0DW5,USGS:06286270,snap-20260825-adopt
SNR-0DW6,USGS:06288990,snap-20260825-adopt
SNR-0DW7,USGS:06473000,snap-20260825-adopt
SNR-0DW8,USGS:05288800,snap-20260825-adopt
SNR-0DW9,USGS:05288840,snap-20260825-adopt
SNR-0DWA,USGS:06187915,snap-20260825-adopt
SNR-0DWB,USGS:06015400,snap-20260825-adopt
SNR-0DWC,USGS:01129400,snap-20260825-adopt
SNR-0DWD,USGS:06209010,snap-20260825-adopt
SNR-0DWE,USGS:06207510,snap-20260825-adopt
SNR-0DWF,USGS:06291200,snap-20260825-adopt
SNR-0DWG,USGS:06187910,snap-20260825-adopt
SNR-0DWH,USGS:06479438,snap-20260825-adopt
SNR-0DWI,USGS:06289000,snap-20260825-adopt
SNR-0DWJ,USGS:06479490,snap-20260825-adopt
SNR-0DWK,USGS:04132500,snap-20260825-adopt
SNR-0DWL,USGS:05363500,snap-20260825-adopt
SNR-0DWM,USGS:06306300,snap-20260825-adopt
SNR-0DWN,USGS:06207500,snap-20260825-adopt
SNR-0DWO,USGS:04071700,snap-20260825-adopt
SNR-0DWP,USGS:05341752,snap-20260825-adopt
SNR-0DWQ,USGS:06015430,snap-20260825-adopt
SNR-0DWR,USGS:06015000,snap-20260825-adopt
SNR-0DWS,USGS:05288810,snap-20260825-adopt
SNR-0DWT,USGS:450115092180101,snap-20260825-adopt
SNR-0DWU,USGS:05305000,snap-20260825-adopt
SNR-0DWV,USGS:05301000,snap-20260825-adopt
SNR-0DWW,USGS:06187900,snap-20260825-adopt
SNR-0DWX,USGS:05278350,snap-20260825-adopt
SNR-0DWY,USGS:05304995,snap-20260825-adopt
SNR-0DWZ,USGS:06307550,snap-20260825-adopt
SNR-0DX0,USGS:06359300,snap-20260825-adopt
SNR-0DX1,USGS:450145093020701,snap-20260825-adopt
SNR-0DX2,USGS:450149093054501,snap-20260825-adopt
SNR-0DX3,USGS:06306500,snap-20260825-adopt
SNR-0DX4,USGS:05397600,snap-20260825-adopt
SNR-0DX5,USGS:450157090060701,snap-20260825-adopt
SNR-0DX6,USGS:06479430,snap-20260825-adopt
SNR-0DX7,USGS:01129210,snap-20260825-adopt
SNR-0DX8,USGS:01129200,snap-20260825-adopt
SNR-0DX9,MPCA:19001001,snap-20260825-adopt
SNR-0DXA,USGS:05288670,snap-20260825-adopt
SNR-0DXB,USGS:01129300,snap-20260825-adopt
SNR-0DXC,USGS:450245093053001,snap-20260825-adopt
SNR-0DXD,USGS:06017500,snap-20260825-adopt
SNR-0DXE,USGS:450246093042501,snap-20260825-adopt
SNR-0DXF,USGS:04069500,snap-20260825-adopt
SNR-0DXG,USGS:05368000,snap-20260825-adopt
SNR-0DXH,USGS:06358550,snap-20260825-adopt
SNR-0DXI,USGS:06307545,snap-20260825-adopt
SNR-0DXJ,USGS:05288705,snap-20260825-adopt
SNR-0DXK,USGS:06473350,snap-20260825-adopt
SNR-0DXL,USGS:06473500,snap-20260825-adopt
SNR-0DXM,USGS:06306100,snap-20260825-adopt
SNR-0DXN,USGS:450300093050001,snap-20260825-adopt
SNR-0DXO,USGS:05341748,snap-20260825-adopt
SNR-0DXP,USGS:06475600,snap-20260825-adopt
SNR-0DXQ,USGS:05367500,snap-20260825-adopt
SNR-0DXR,USGS:06359850,snap-20260825-adopt
SNR-0DXS,USGS:450313093045401,snap-20260825-adopt
SNR-0DXT,USGS:06290000,snap-20260825-adopt
SNR-0DXU,USGS:05341550,snap-20260825-adopt
SNR-0DXV,USGS:06324500,snap-20260825-adopt
SNR-0DXW,USGS:04133000,snap-20260825-adopt
SNR-0DXX,USGS:450344093155701,snap-20260825-adopt
SNR-0DXY,USGS:06333900,snap-20260825-adopt
SNR-0DXZ,USGS:06333850,snap-20260825-adopt
SNR-0DY0,USGS:450330093030001,snap-20260825-adopt
SNR-0DY1,USGS:04075365,snap-20260825-adopt
SNR-0DY2,USGS:06189500,snap-20260825-adopt
SNR-0DY3,USGS:06307560,snap-20260825-adopt
SNR-0DY4,USGS:450412093030101,snap-20260825-adopt
SNR-0DY5,USGS:450414093023101,snap-20260825-adopt
SNR-0DY6,USGS:450415085153501,snap-20260825-adopt
SNR-0DY7,USGS:06043000,snap-20260825-adopt
SNR-0DY8,USGS:06333500,snap-20260825-adopt
SNR-0DY9,USGS:06334000,snap-20260825-adopt
SNR-0DYA,USGS:450415093014501,snap-20260825-adopt
SNR-0DYB,USGS:450437092181901,snap-20260825-adopt
SNR-0DYC,USGS:06019400,snap-20260825-adopt
SNR-0DYD,USGS:450456092225801,snap-20260825-adopt
SNR-0DYE,USGS:05288696,snap-20260825-adopt
SNR-0DYF,USGS:05363099,snap-20260825-adopt
SNR-0DYG,USGS:06306900,snap-20260825-adopt
SNR-0DYH,USGS:06209500,snap-20260825-adopt
SNR-0DYI,USGS:05280000,snap-20260825-adopt
SNR-0DYJ,USGS:01128500,snap-20260825-adopt
SNR-0DYK,USGS:05341700,snap-20260825-adopt
SNR-0DYL,USGS:05363100,snap-20260825-adopt
SNR-0DYM,USGS:05288580,snap-20260825-adopt
SNR-0DYN,USGS:04067651,snap-20260825-adopt
SNR-0DYO,USGS:04135000,snap-20260825-adopt
SNR-0DYP,USGS:450542093105401,snap-20260825-adopt
SNR-0DYQ,USGS:450542093105813,snap-20260825-adopt
SNR-0DYR,USGS:450542093105809,snap-20260825-adopt
SNR-0DYS,USGS:450542093105508,snap-20260825-adopt
SNR-0DYT,USGS:450542093105506,snap-20260825-adopt
SNR-0DYU,USGS:450543093105501,snap-20260825-adopt
SNR-0DYV,USGS:450543093105407,snap-20260825-adopt
SNR-0DYW,USGS:450543093105306,snap-20260825-adopt
SNR-0DYX,USGS:450543093105301,snap-20260825-adopt
SNR-0DYY,USGS:06324995,snap-20260825-adopt
SNR-0DYZ,USGS:450558093021001,snap-20260825-adopt
SNR-0DZ0,USGS:053674967,snap-20260825-adopt
SNR-0DZ1,USGS:05364500,snap-20260825-adopt
SNR-0DZ2,USGS:06289500,snap-20260825-adopt
SNR-0DZ3,USGS:04127800,snap-20260825-adopt
SNR-0DZ4,USGS:040676485,snap-20260825-adopt
SNR-0DZ5,USGS:05288550,snap-20260825-adopt
SNR-0DZ6,USGS:450615091444001,snap-20260825-adopt
SNR-0DZ7,USGS:06325000,snap-20260825-adopt
SNR-0DZ8,USGS:450618091444001,snap-20260825-adopt
SNR-0DZ9,USGS:06479350,snap-20260825-adopt
SNR-0DZA,USGS:06334200,snap-20260825-adopt
SNR-0DZB,USGS:05292600,snap-20260825-adopt
SNR-0DZC,USGS:450630093045001,snap-20260825-adopt
SNR-0DZD,USGS:05304500,snap-20260825-adopt
SNR-0DZE,USGS:06015500,snap-20260825-adopt
SNR-0DZF,USGS:05364422,snap-20260825-adopt
SNR-0DZG,USGS:06191500,snap-20260825-adopt
SNR-0DZH,USGS:053416966,snap-20260825-adopt
SNR-0DZI,USGS:450654091441501,snap-20260825-adopt
SNR-0DZJ,USGS:06016000,snap-20260825-adopt
SNR-0DZK,USGS:450659091441401,snap-20260825-adopt
SNR-0DZL,USGS:06291500,snap-20260825-adopt
SNR-0DZM,USGS:053416972,snap-20260825-adopt
SNR-0DZN,USGS:06209510,snap-20260825-adopt
SNR-0DZO,USGS:04133501,snap-20260825-adopt
SNR-0DZP,USGS:04133500,snap-20260825-adopt
SNR-0DZQ,USGS:05397110,snap-20260825-adopt
SNR-0DZR,USGS:053674962,snap-20260825-adopt
SNR-0DZS,USGS:05341498,snap-20260825-adopt
SNR-0DZT,USGS:05288500,snap-20260825-adopt
SNR-0DZU,USGS:04075000,snap-20260825-adopt
SNR-0DZV,USGS:05341694,snap-20260825-adopt
SNR-0DZW,USGS:01127880,snap-20260825-adopt
SNR-0DZX,USGS:05395100,snap-20260825-adopt
SNR-0DZY,USGS:05380806,snap-20260825-adopt
SNR-0DZZ,USGS:450814094315003,snap-20260825-adopt
SNR-0E00,USGS:450814094315006,snap-20260825-adopt
SNR-0E01,USGS:450814094315001,snap-20260825-adopt
SNR-0E02,USGS:06290200,snap-20260825-adopt
SNR-0E03,USGS:06307500,snap-20260825-adopt
SNR-0E04,USGS:04134000,snap-20260825-adopt
SNR-0E05,USGS:450832094321201,snap-20260825-adopt
SNR-0E06,USGS:450832094321203,snap-20260825-adopt
SNR-0E07,USGS:450832094321204,snap-20260825-adopt
SNR-0E08,USGS:450832094321206,snap-20260825-adopt
SNR-0E09,USGS:04069416,snap-20260825-adopt
SNR-0E0A,USGS:06359000,snap-20260825-adopt
SNR-0E0B,USGS:06361045,snap-20260825-adopt
SNR-0E0C,USGS:05288490,snap-20260825-adopt
SNR-0E0D,USGS:05394200,snap-20260825-adopt
SNR-0E0E,USGS:06210500,snap-20260825-adopt
SNR-0E0F,USGS:06210000,snap-20260825-adopt
SNR-0E0G,USGS:06207540,snap-20260825-adopt
SNR-0E0H,USGS:04128990,snap-20260825-adopt
SNR-0E0I,USGS:06286390,snap-20260825-adopt
SNR-0E0J,USGS:06473400,snap-20260825-adopt
SNR-0E0K,USGS:05341500,snap-20260825-adopt
SNR-0E0L,USGS:05395063,snap-20260825-adopt
SNR-0E0M,USGS:05341687,snap-20260825-adopt
SNR-0E0N,USGS:06292000,snap-20260825-adopt
SNR-0E0O,USGS:06207600,snap-20260825-adopt
SNR-0E0P,USGS:05287890,snap-20260825-adopt
SNR-0E0Q,USGS:06334100,snap-20260825-adopt
SNR-0E0R,USGS:05363775,snap-20260825-adopt
SNR-0E0S,USGS:06015480,snap-20260825-adopt
SNR-0E0T,USGS:04075200,snap-20260825-adopt
SNR-0E0U,USGS:04129000,snap-20260825-adopt
SNR-0E0V,USGS:05313580,snap-20260825-adopt
SNR-0E0W,USGS:451021089064901,snap-20260825-adopt
SNR-0E0X,USGS:06290500,snap-20260825-adopt
SNR-0E0Y,USGS:05395000,snap-20260825-adopt
SNR-0E0Z,USGS:05313570,snap-20260825-adopt
SNR-0E10,USGS:06479215,snap-20260825-adopt
SNR-0E11,USGS:05288487,snap-20260825-adopt
SNR-0E12,USGS:05288480,snap-20260825-adopt
SNR-0E13,USGS:06306950,snap-20260825-adopt
SNR-0E14,USGS:05313560,snap-20260825-adopt
SNR-0E15,USGS:06360000,snap-20260825-adopt
SNR-0E16,USGS:05292704,snap-20260825-adopt
SNR-0E17,USGS:04074950,snap-20260825-adopt
SNR-0E18,USGS:05283500,snap-20260825-adopt
SNR-0E19,USGS:06019500,snap-20260825-adopt
SNR-0E1A,USGS:05397000,snap-20260825-adopt
SNR-0E1B,USGS:06358600,snap-20260825-adopt
SNR-0E1C,USGS:04127850,snap-20260825-adopt
SNR-0E1D,USGS:06019800,snap-20260825-adopt
SNR-0E1E,USGS:06359500,snap-20260825-adopt
SNR-0E1F,USGS:451152109141801,snap-20260825-adopt
SNR-0E1G,USGS:451207089041801,snap-20260825-adopt
SNR-0E1H,USGS:05280300,snap-20260825-adopt
SNR-0E1I,USGS:05294000,snap-20260825-adopt
SNR-0E1J,USGS:05278120,snap-20260825-adopt
SNR-0E1K,USGS:05288475,snap-20260825-adopt
SNR-0E1L,USGS:05380800,snap-20260825-adopt
SNR-0E1M,USGS:06286370,snap-20260825-adopt
SNR-0E1N,USGS:05304000,snap-20260825-adopt
SNR-0E1O,USGS:06040010,snap-20260825-adopt
SNR-0E1P,USGS:06334330,snap-20260825-adopt
SNR-0E1Q,USGS:06017000,snap-20260825-adopt
SNR-0E1R,USGS:06286350,snap-20260825-adopt
SNR-0E1S,USGS:05363000,snap-20260825-adopt
SNR-0E1T,USGS:06016900,snap-20260825-adopt
SNR-0E1U,USGS:06358620,snap-20260825-adopt
SNR-0E1V,USGS:06479200,snap-20260825-adopt
SNR-0E1W,USGS:06479260,snap-20260825-adopt
SNR-0E1X,USGS:05293000,snap-20260825-adopt
SNR-0E1Y,USGS:05278020,snap-20260825-adopt
SNR-0E1Z,USGS:451337089035401,snap-20260825-adopt
SNR-0E20,USGS:05362500,snap-20260825-adopt
SNR-0E21,USGS:06286395,snap-20260825-adopt
SNR-0E22,USGS:06479240,snap-20260825-adopt
SNR-0E23,USGS:05395020,snap-20260825-adopt
SNR-0E24,USGS:06040000,snap-20260825-adopt
SNR-0E25,USGS:06020000,snap-20260825-adopt
SNR-0E26,USGS:05288470,snap-20260825-adopt
SNR-0E27,USGS:05288450,snap-20260825-adopt
SNR-0E28,USGS:05394500,snap-20260825-adopt
SNR-0E29,USGS:06479230,snap-20260825-adopt
SNR-0E2A,USGS:05363700,snap-20260825-adopt
SNR-0E2B,USGS:06307520,snap-20260825-adopt
SNR-0E2C,USGS:06286340,snap-20260825-adopt
SNR-0E2D,USGS:06472000,snap-20260825-adopt
SNR-0E2E,USGS:06020600,snap-20260825-adopt
SNR-0E2F,USGS:06204050,snap-20260825-adopt
SNR-0E2G,USGS:06295100,snap-20260825-adopt
SNR-0E2H,USGS:06023500,snap-20260825-adopt
SNR-0E2I,USGS:451511087550900,snap-20260825-adopt
SNR-0E2J,USGS:06204070,snap-20260825-adopt
SNR-0E2K,USGS:06360500,snap-20260825-adopt
SNR-0E2L,USGS:05292500,snap-20260825-adopt
SNR-0E2M,USGS:06210950,snap-20260825-adopt
SNR-0E2N,USGS:05394000,snap-20260825-adopt
SNR-0E2O,USGS:05394489,snap-20260825-adopt
SNR-0E2P,USGS:451540084560301,snap-20260825-adopt
SNR-0E2Q,USGS:05278000,snap-20260825-adopt
SNR-0E2R,USGS:451559088383901,snap-20260825-adopt
SNR-0E2S,USGS:06203000,snap-20260825-adopt
SNR-0E2T,USGS:06291000,snap-20260825-adopt
SNR-0E2U,USGS:06292500,snap-20260825-adopt
SNR-0E2V,USGS:06472500,snap-20260825-adopt
SNR-0E2W,USGS:04070500,snap-20260825-adopt
SNR-0E2X,USGS:04127997,snap-20260825-adopt
SNR-0E2Y,USGS:05272950,snap-20260825-adopt
SNR-0E2Z,USGS:04068000,snap-20260825-adopt
SNR-0E30,USGS:451651091290701,snap-20260825-adopt
SNR-0E31,USGS:05367480,snap-20260825-adopt
SNR-0E32,USGS:05286790,snap-20260825-adopt
SNR-0E33,USGS:05291000,snap-20260825-adopt
SNR-0E34,USGS:05341313,snap-20260825-adopt
SNR-0E35,USGS:451714091282701,snap-20260825-adopt
SNR-0E36,USGS:06021000,snap-20260825-adopt
SNR-0E37,USGS:05273700,snap-20260825-adopt
SNR-0E38,USGS:06307700,snap-20260825-adopt
SNR-0E39,USGS:05272951,snap-20260825-adopt
SNR-0E3A,USGS:06307528,snap-20260825-adopt
SNR-0E3B,USGS:05292000,snap-20260825-adopt
SNR-0E3C,USGS:06043120,snap-20260825-adopt
SNR-0E3D,USGS:451753093434801,snap-20260825-adopt
SNR-0E3E,USGS:05363600,snap-20260825-adopt
SNR-0E3F,USGS:06471898,snap-20260825-adopt
SNR-0E3G,USGS:04128000,snap-20260825-adopt
SNR-0E3H,USGS:06307600,snap-20260825-adopt
SNR-0E3I,USGS:06325400,snap-20260825-adopt
SNR-0E3J,USGS:05361000,snap-20260825-adopt
SNR-0E3K,USGS:05275500,snap-20260825-adopt
SNR-0E3L,USGS:451811093445601,snap-20260825-adopt
SNR-0E3M,USGS:05357000,snap-20260825-adopt
SNR-0E3N,USGS:06018000,snap-20260825-adopt
SNR-0E3O,USGS:05291500,snap-20260825-adopt
SNR-0E3P,USGS:451822093413201,snap-20260825-adopt
SNR-0E3Q,USGS:06191800,snap-20260825-adopt
SNR-0E3R,USGS:05362000,snap-20260825-adopt
SNR-0E3S,USGS:06293000,snap-20260825-adopt
SNR-0E3T,USGS:06286490,snap-20260825-adopt
SNR-0E3U,USGS:06016500,snap-20260825-adopt
SNR-0E3V,USGS:06286500,snap-20260825-adopt
SNR-0E3W,USGS:05395500,snap-20260825-adopt
SNR-0E3X,USGS:06287000,snap-20260825-adopt
SNR-0E3Y,USGS:04070000,snap-20260825-adopt
SNR-0E3Z,USGS:06018200,snap-20260825-adopt
SNR-0E40,USGS:06479167,snap-20260825-adopt
SNR-0E41,USGS:04067500,snap-20260825-adopt
SNR-0E42,USGS:06287500,snap-20260825-adopt
SNR-0E43,USGS:05286000,snap-20260825-adopt
SNR-0E44,USGS:451943093504501,snap-20260825-adopt
SNR-0E45,USGS:06358750,snap-20260825-adopt
SNR-0E46,USGS:06207800,snap-20260825-adopt
SNR-0E47,USGS:451957093483201,snap-20260825-adopt
SNR-0E48,USGS:05286297,snap-20260825-adopt
SNR-0E49,USGS:05275000,snap-20260825-adopt
SNR-0E4A,USGS:06307525,snap-20260825-adopt
SNR-0E4B,USGS:452012093412701,snap-20260825-adopt
SNR-0E4C,USGS:06024000,snap-20260825-adopt
SNR-0E4D,USGS:06207850,snap-20260825-adopt
SNR-0E4E,USGS:06015460,snap-20260825-adopt
SNR-0E4F,USGS:452030093511403,snap-20260825-adopt
SNR-0E4G,USGS:06361000,snap-20260825-adopt
SNR-0E4H,USGS:06479159,snap-20260825-adopt
SNR-0E4I,USGS:06040050,snap-20260825-adopt
SNR-0E4J,USGS:04074850,snap-20260825-adopt
SNR-0E4K,USGS:06203500,snap-20260825-adopt
SNR-0E4L,USGS:06479158,snap-20260825-adopt
SNR-0E4M,USGS:06215000,snap-20260825-adopt
SNR-0E4N,USGS:06215500,snap-20260825-adopt
SNR-0E4O,USGS:05361989,snap-20260825-adopt
SNR-0E4P,USGS:06021500,snap-20260825-adopt
SNR-0E4Q,USGS:06201800,snap-20260825-adopt
SNR-0E4R,USGS:06202000,snap-20260825-adopt
SNR-0E4S,USGS:04067000,snap-20260825-adopt
SNR-0E4T,USGS:06040300,snap-20260825-adopt
SNR-0E4U,USGS:04131000,snap-20260825-adopt
SNR-0E4V,USGS:452111093523402,snap-20260825-adopt
SNR-0E4W,USGS:06192000,snap-20260825-adopt
SNR-0E4X,USGS:06202500,snap-20260825-adopt
SNR-0E4Y,USGS:04066700,snap-20260825-adopt
SNR-0E4Z,USGS:06023800,snap-20260825-adopt
SNR-0E50,USGS:06295113,snap-20260825-adopt
SNR-0E51,USGS:06207870,snap-20260825-adopt
SNR-0E52,USGS:452215093481001,snap-20260825-adopt
SNR-0E53,USGS:04129500,snap-20260825-adopt
SNR-0E54,USGS:452229093525801,snap-20260825-adopt
SNR-0E55,USGS:05276005,snap-20260825-adopt
SNR-0E56,USGS:452241088224800,snap-20260825-adopt
SNR-0E57,USGS:06287700,snap-20260825-adopt
SNR-0E58,USGS:06026000,snap-20260825-adopt
SNR-0E59,USGS:06471875,snap-20260825-adopt
SNR-0E5A,USGS:06207900,snap-20260825-adopt
SNR-0E5B,USGS:06018500,snap-20260825-adopt
SNR-0E5C,USGS:05276000,snap-20260825-adopt
SNR-0E5D,USGS:05274900,snap-20260825-adopt
SNR-0E5E,USGS:05276200,snap-20260825-adopt
SNR-0E5F,USGS:06334610,snap-20260825-adopt
SNR-0E5G,USGS:04066800,snap-20260825-adopt
SNR-0E5H,USGS:04067958,snap-20260825-adopt
SNR-0E5I,USGS:05361500,snap-20260825-adopt
SNR-0E5J,USGS:05367426,snap-20260825-adopt
SNR-0E5K,USGS:06325500,snap-20260825-adopt
SNR-0E5L,USGS:05276100,snap-20260825-adopt
SNR-0E5M,USGS:06208000,snap-20260825-adopt
SNR-0E5N,USGS:05286290,snap-20260825-adopt
SNR-0E5O,USGS:04130500,snap-20260825-adopt
SNR-0E5P,USGS:05393640,snap-20260825-adopt
SNR-0E5Q,USGS:06202510,snap-20260825-adopt
SNR-0E5R,USGS:053674464,snap-20260825-adopt
SNR-0E5S,USGS:452600084472001,snap-20260825-adopt
SNR-0E5T,USGS:06479142,snap-20260825-adopt
SNR-0E5U,USGS:05303450,snap-20260825-adopt
SNR-0E5V,USGS:05367425,snap-20260825-adopt
SNR-0E5W,USGS:06307717,snap-20260825-adopt
SNR-0E5X,USGS:452413093540701,snap-20260825-adopt
SNR-0E5Y,USGS:06360350,snap-20260825-adopt
SNR-0E5Z,USGS:05360500,snap-20260825-adopt
SNR-0E60,USGS:05340500,snap-20260825-adopt
SNR-0E61,USGS:452428093591601,snap-20260825-adopt
SNR-0E62,USGS:05340000,snap-20260825-adopt
SNR-0E63,USGS:04131500,snap-20260825-adopt
SNR-0E64,USGS:06204170,snap-20260825-adopt
SNR-0E65,USGS:05341405,snap-20260825-adopt
SNR-0E66,USGS:06307720,snap-20260825-adopt
SNR-0E67,USGS:05341404,snap-20260825-adopt
SNR-0E68,USGS:04128500,snap-20260825-adopt
SNR-0E69,USGS:06022000,snap-20260825-adopt
SNR-0E6A,USGS:06307616,snap-20260825-adopt
SNR-0E6B,USGS:06288000,snap-20260825-adopt
SNR-0E6C,USGS:05273510,snap-20260825-adopt
SNR-0E6D,USGS:04074700,snap-20260825-adopt
SNR-0E6E,USGS:05367700,snap-20260825-adopt
SNR-0E6F,USGS:06211500,snap-20260825-adopt
SNR-0E6G,USGS:06024020,snap-20260825-adopt
SNR-0E6H,USGS:05392024,snap-20260825-adopt
SNR-0E6I,USGS:06324710,snap-20260825-adopt
SNR-0E6J,USGS:05393620,snap-20260825-adopt
SNR-0E6K,USGS:452545093571002,snap-20260825-adopt
SNR-0E6L,USGS:06324700,snap-20260825-adopt
SNR-0E6M,USGS:06025700,snap-20260825-adopt
SNR-0E6N,USGS:06022500,snap-20260825-adopt
SNR-0E6O,USGS:05290300,snap-20260825-adopt
SNR-0E6P,USGS:06216000,snap-20260825-adopt
SNR-0E6Q,USGS:06026206,snap-20260825-adopt
SNR-0E6R,USGS:06202600,snap-20260825-adopt
SNR-0E6S,USGS:06211000,snap-20260825-adopt
SNR-0E6T,USGS:04069700,snap-20260825-adopt
SNR-0E6U,USGS:06026210,snap-20260825-adopt
SNR-0E6V,USGS:06043200,snap-20260825-adopt
SNR-0E6W,USGS:05271800,snap-20260825-adopt
SNR-0E6X,USGS:452631089112601,snap-20260825-adopt
SNR-0E6Y,USGS:06472250,snap-20260825-adopt
SNR-0E6Z,USGS:06359800,snap-20260825-adopt
SNR-0E70,USGS:06472200,snap-20260825-adopt
SNR-0E71,USGS:452609093553001,snap-20260825-adopt
SNR-0E72,USGS:06359700,snap-20260825-adopt
SNR-0E73,USGS:05341402,snap-20260825-adopt
SNR-0E74,USGS:05272000,snap-20260825-adopt
SNR-0E75,USGS:06025800,snap-20260825-adopt
SNR-0E76,USGS:06024100,snap-20260825-adopt
SNR-0E77,USGS:06361020,snap-20260825-adopt
SNR-0E78,USGS:05393500,snap-20260825-adopt
SNR-0E79,USGS:06212500,snap-20260825-adopt
SNR-0E7A,USGS:06213000,snap-20260825-adopt
SNR-0E7B,USGS:05340050,snap-20260825-adopt
SNR-0E7C,USGS:053674588,snap-20260825-adopt
SNR-0E7D,USGS:05356500,snap-20260825-adopt
SNR-0E7E,USGS:06473300,snap-20260825-adopt
SNR-0E7F,USGS:05272300,snap-20260825-adopt
SNR-0E7G,USGS:06043300,snap-20260825-adopt
SNR-0E7H,USGS:06293300,snap-20260825-adopt
SNR-0E7I,USGS:06208400,snap-20260825-adopt
SNR-0E7J,USGS:452723088541501,snap-20260825-adopt
SNR-0E7K,USGS:452726088434401,snap-20260825-adopt
SNR-0E7L,USGS:06287800,snap-20260825-adopt
SNR-0E7M,USGS:04074651,snap-20260825-adopt
SNR-0E7N,USGS:452755092264600,snap-20260825-adopt
SNR-0E7O,USGS:06208500,snap-20260825-adopt
SNR-0E7P,USGS:452803088541001,snap-20260825-adopt
SNR-0E7Q,USGS:452809084063301,snap-20260825-adopt
SNR-0E7R,USGS:06471770,snap-20260825-adopt
SNR-0E7S,USGS:06358520,snap-20260825-adopt
SNR-0E7T,USGS:05274750,snap-20260825-adopt
SNR-0E7U,USGS:06307620,snap-20260825-adopt
SNR-0E7V,USGS:04074532,snap-20260825-adopt
SNR-0E7W,USGS:452826088544101,snap-20260825-adopt
SNR-0E7X,USGS:06213500,snap-20260825-adopt
SNR-0E7Y,USGS:06288200,snap-20260825-adopt
SNR-0E7Z,USGS:06202610,snap-20260825-adopt
SNR-0E80,USGS:04074548,snap-20260825-adopt
SNR-0E81,USGS:05360200,snap-20260825-adopt
SNR-0E82,USGS:04066030,snap-20260825-adopt
SNR-0E83,USGS:06204300,snap-20260825-adopt
SNR-0E84,USGS:452904088542201,snap-20260825-adopt
SNR-0E85,USGS:06204500,snap-20260825-adopt
SNR-0E86,USGS:06040800,snap-20260825-adopt
SNR-0E87,USGS:06358400,snap-20260825-adopt
SNR-0E88,USGS:06358320,snap-20260825-adopt
SNR-0E89,USGS:06358350,snap-20260825-adopt
SNR-0E8A,USGS:05289985,snap-20260825-adopt
SNR-0E8B,USGS:04074538,snap-20260825-adopt
SNR-0E8C,USGS:06041000,snap-20260825-adopt
SNR-0E8D,USGS:05341375,snap-20260825-adopt
SNR-0E8E,USGS:06043500,snap-20260825-adopt
SNR-0E8F,USGS:04132000,snap-20260825-adopt
SNR-0E8G,USGS:04066500,snap-20260825-adopt
SNR-0E8H,USGS:06479136,snap-20260825-adopt
SNR-0E8I,USGS:453023089335505,snap-20260825-adopt
SNR-0E8J,USGS:06023000,snap-20260825-adopt
SNR-0E8K,USGS:05341031,snap-20260825-adopt
SNR-0E8L,USGS:06197800,snap-20260825-adopt
SNR-0E8M,USGS:453046089342804,snap-20260825-adopt
SNR-0E8N,USGS:06208800,snap-20260825-adopt
SNR-0E8O,USGS:453047089334801,snap-20260825-adopt
SNR-0E8P,USGS:453049110451401,snap-20260825-adopt
SNR-0E8Q,USGS:06208790,snap-20260825-adopt
SNR-0E8R,USGS:06356050,snap-20260825-adopt
SNR-0E8S,USGS:453100089343002,snap-20260825-adopt
SNR-0E8T,USGS:06214000,snap-20260825-adopt
SNR-0E8U,USGS:06044200,snap-20260825-adopt
SNR-0E8V,USGS:05361420,snap-20260825-adopt
SNR-0E8W,USGS:06471800,snap-20260825-adopt
SNR-0E8X,USGS:05302970,snap-20260825-adopt
SNR-0E8Y,USGS:05270300,snap-20260825-adopt
SNR-0E8Z,USGS:06204700,snap-20260825-adopt
SNR-0E90,USGS:06358500,snap-20260825-adopt
SNR-0E91,USGS:04059750,snap-20260825-adopt
SNR-0E92,USGS:06308100,snap-20260825-adopt
SNR-0E93,USGS:05367630,snap-20260825-adopt
SNR-0E94,USGS:05274715,snap-20260825-adopt
SNR-0E95,USGS:453136112420301,snap-20260825-adopt
SNR-0E96,USGS:06025500,snap-20260825-adopt
SNR-0E97,USGS:06025480,snap-20260825-adopt
SNR-0E98,USGS:05270310,snap-20260825-adopt
SNR-0E99,USGS:05284750,snap-20260825-adopt
SNR-0E9A,USGS:06044100,snap-20260825-adopt
SNR-0E9B,USGS:04074501,snap-20260825-adopt
SNR-0E9C,USGS:06358540,snap-20260825-adopt
SNR-0E9D,USGS:06205000,snap-20260825-adopt
SNR-0E9E,USGS:06044400,snap-20260825-adopt
SNR-0E9F,USGS:06044500,snap-20260825-adopt
SNR-0E9G,USGS:05393000,snap-20260825-adopt
SNR-0E9H,USGS:06044000,snap-20260825-adopt
SNR-0E9I,USGS:05274700,snap-20260825-adopt
SNR-0E9J,USGS:05361400,snap-20260825-adopt
SNR-0E9K,USGS:06044300,snap-20260825-adopt
SNR-0E9L,USGS:05391950,snap-20260825-adopt
SNR-0E9M,USGS:06024510,snap-20260825-adopt
SNR-0E9N,USGS:06023100,snap-20260825-adopt
SNR-0E9O,USGS:05270700,snap-20260825-adopt
SNR-0E9P,USGS:06334500,snap-20260825-adopt
SNR-0E9Q,USGS:06026400,snap-20260825-adopt
SNR-0E9R,USGS:06026420,snap-20260825-adopt
SNR-0E9S,USGS:06307640,snap-20260825-adopt
SNR-0E9T,USGS:05392000,snap-20260825-adopt
SNR-0E9U,USGS:06197500,snap-20260825-adopt
SNR-0E9V,USGS:05360000,snap-20260825-adopt
SNR-0E9W,USGS:05341000,snap-20260825-adopt
SNR-0E9X,USGS:453327088460101,snap-20260825-adopt
SNR-0E9Y,USGS:05270500,snap-20260825-adopt
SNR-0E9Z,USGS:06471510,snap-20260825-adopt
SNR-0EA0,USGS:453345084401501,snap-20260825-adopt
SNR-0EA1,USGS:06050000,snap-20260825-adopt
SNR-0EA2,USGS:06198500,snap-20260825-adopt
SNR-0EA3,USGS:06293500,snap-20260825-adopt
SNR-0EA4,USGS:04074300,snap-20260825-adopt
SNR-0EA5,USGS:453420091551600,snap-20260825-adopt
SNR-0EA6,USGS:06472050,snap-20260825-adopt
SNR-0EA7,USGS:05367190,snap-20260825-adopt
SNR-0EA8,USGS:06356000,snap-20260825-adopt
SNR-0EA9,USGS:04130000,snap-20260825-adopt
SNR-0EAA,USGS:06047500,snap-20260825-adopt
SNR-0EAB,USGS:04066003,snap-20260825-adopt
SNR-0EAC,USGS:453447092054201,snap-20260825-adopt
SNR-0EAD,USGS:06295130,snap-20260825-adopt
SNR-0EAE,USGS:05391226,snap-20260825-adopt
SNR-0EAF,USGS:05339747,snap-20260825-adopt
SNR-0EAG,USGS:06307740,snap-20260825-adopt
SNR-0EAH,USGS:453519091352500,snap-20260825-adopt
SNR-0EAI,USGS:05367202,snap-20260825-adopt
SNR-0EAJ,USGS:453522091360600,snap-20260825-adopt
SNR-0EAK,USGS:06205100,snap-20260825-adopt
SNR-0EAL,USGS:06192500,snap-20260825-adopt
SNR-0EAM,USGS:06293900,snap-20260825-adopt
SNR-0EAN,USGS:06307662,snap-20260825-adopt
SNR-0EAO,USGS:453554092042101,snap-20260825-adopt
SNR-0EAP,USGS:06356600,snap-20260825-adopt
SNR-0EAQ,USGS:05340390,snap-20260825-adopt
SNR-0EAR,USGS:04066000,snap-20260825-adopt
SNR-0EAS,USGS:05335315,snap-20260825-adopt
SNR-0EAT,USGS:06471000,snap-20260825-adopt
SNR-0EAU,USGS:05392400,snap-20260825-adopt
SNR-0EAV,USGS:06471550,snap-20260825-adopt
SNR-0EAW,USGS:06041500,snap-20260825-adopt
SNR-0EAX,USGS:06307660,snap-20260825-adopt
SNR-0EAY,USGS:06295200,snap-20260825-adopt
SNR-0EAZ,USGS:06026500,snap-20260825-adopt
SNR-0EB0,USGS:05302500,snap-20260825-adopt
SNR-0EB1,USGS:06198000,snap-20260825-adopt
SNR-0EB2,USGS:05047970,snap-20260825-adopt
SNR-0EB3,USGS:05290000,snap-20260825-adopt
SNR-0EB4,USGS:06024450,snap-20260825-adopt
SNR-0EB5,USGS:453707091481501,snap-20260825-adopt
SNR-0EB6,USGS:06307760,snap-20260825-adopt
SNR-0EB7,USGS:06045000,snap-20260825-adopt
SNR-0EB8,USGS:06047000,snap-20260825-adopt
SNR-0EB9,USGS:05367154,snap-20260825-adopt
SNR-0EBA,USGS:06216200,snap-20260825-adopt
SNR-0EBB,USGS:06045200,snap-20260825-adopt
SNR-0EBC,USGS:05340300,snap-20260825-adopt
SNR-0EBD,USGS:04066300,snap-20260825-adopt
SNR-0EBE,USGS:05047960,snap-20260825-adopt
SNR-0EBF,USGS:05361600,snap-20260825-adopt
SNR-0EBG,USGS:06473020,snap-20260825-adopt
SNR-0EBH,USGS:453754091490900,snap-20260825-adopt
SNR-0EBI,USGS:04132052,snap-20260825-adopt
SNR-0EBJ,USGS:06307780,snap-20260825-adopt
SNR-0EBK,USGS:06027000,snap-20260825-adopt
SNR-0EBL,USGS:06046500,snap-20260825-adopt
SNR-0EBM,USGS:06288400,snap-20260825-adopt
SNR-0EBN,USGS:05274200,snap-20260825-adopt
SNR-0EBO,USGS:05392350,snap-20260825-adopt
SNR-0EBP,USGS:06042000,snap-20260825-adopt
SNR-0EBQ,USGS:06356500,snap-20260825-adopt
SNR-0EBR,USGS:06216300,snap-20260825-adopt
SNR-0EBS,USGS:06046700,snap-20260825-adopt
SNR-0EBT,USGS:04067760,snap-20260825-adopt
SNR-0EBU,USGS:06471500,snap-20260825-adopt
SNR-0EBV,USGS:06024500,snap-20260825-adopt
SNR-0EBW,USGS:06034000,snap-20260825-adopt
SNR-0EBX,USGS:06357800,snap-20260825-adopt
SNR-0EBY,USGS:04067800,snap-20260825-adopt
SNR-0EBZ,USGS:06024470,snap-20260825-adopt
SNR-0EC0,USGS:05367102,snap-20260825-adopt
SNR-0EC1,USGS:05289950,snap-20260825-adopt
SNR-0EC2,USGS:06358000,snap-20260825-adopt
SNR-0EC3,USGS:05273800,snap-20260825-adopt
SNR-0EC4,USGS:06199000,snap-20260825-adopt
SNR-0EC5,USGS:06046520,snap-20260825-adopt
SNR-0EC6,USGS:06470992,snap-20260825-adopt
SNR-0EC7,USGS:06199500,snap-20260825-adopt
SNR-0EC8,USGS:06295220,snap-20260825-adopt
SNR-0EC9,USGS:06027500,snap-20260825-adopt
SNR-0ECA,USGS:06035500,snap-20260825-adopt
SNR-0ECB,USGS:05340280,snap-20260825-adopt
SNR-0ECC,USGS:06471750,snap-20260825-adopt
SNR-0ECD,USGS:06027200,snap-20260825-adopt
SNR-0ECE,USGS:06045300,snap-20260825-adopt
SNR-0ECF,USGS:05284920,snap-20260825-adopt
SNR-0ECG,USGS:06201600,snap-20260825-adopt
SNR-0ECH,USGS:05391260,snap-20260825-adopt
SNR-0ECI,USGS:06048000,snap-20260825-adopt
SNR-0ECJ,USGS:06025250,snap-20260825-adopt
SNR-0ECK,USGS:06201650,snap-20260825-adopt
SNR-0ECL,USGS:05359500,snap-20260825-adopt
SNR-0ECM,USGS:05339500,snap-20260825-adopt
SNR-0ECN,USGS:06024590,snap-20260825-adopt
SNR-0ECO,USGS:06048500,snap-20260825-adopt
SNR-0ECP,USGS:06201750,snap-20260825-adopt
SNR-0ECQ,USGS:05284690,snap-20260825-adopt
SNR-0ECR,USGS:06201700,snap-20260825-adopt
SNR-0ECS,USGS:06354882,snap-20260825-adopt
SNR-0ECT,USGS:06357600,snap-20260825-adopt
SNR-0ECU,USGS:06025300,snap-20260825-adopt
SNR-0ECV,USGS:06216500,snap-20260825-adopt
SNR-0ECW,USGS:06046300,snap-20260825-adopt
SNR-0ECX,USGS:06470991,snap-20260825-adopt
SNR-0ECY,USGS:05047900,snap-20260825-adopt
SNR-0ECZ,USGS:454305111020101,snap-20260825-adopt
SNR-0ED0,USGS:06035000,snap-20260825-adopt
SNR-0ED1,USGS:06048800,snap-20260825-adopt
SNR-0ED2,USGS:06048600,snap-20260825-adopt
SNR-0ED3,USGS:06048700,snap-20260825-adopt
SNR-0ED4,USGS:06048650,snap-20260825-adopt
SNR-0ED5,USGS:05359600,snap-20260825-adopt
SNR-0ED6,USGS:06354881,snap-20260825-adopt
SNR-0ED7,USGS:06288500,snap-20260825-adopt
SNR-0ED8,USGS:06293890,snap-20260825-adopt
SNR-0ED9,USGS:06470990,snap-20260825-adopt
SNR-0EDA,USGS:06201550,snap-20260825-adopt
SNR-0EDB,USGS:06294000,snap-20260825-adopt
SNR-0EDC,USGS:06471450,snap-20260825-adopt
SNR-0EDD,USGS:06471400,snap-20260825-adopt
SNR-0EDE,USGS:04065722,snap-20260825-adopt
SNR-0EDF,USGS:06195600,snap-20260825-adopt
SNR-0EDG,USGS:05270170,snap-20260825-adopt
SNR-0EDH,USGS:454433094581100,snap-20260825-adopt
SNR-0EDI,USGS:06045500,snap-20260825-adopt
SNR-0EDJ,USGS:06045350,snap-20260825-adopt
SNR-0EDK,USGS:06025270,snap-20260825-adopt
SNR-0EDL,USGS:04063688,snap-20260825-adopt
SNR-0EDM,USGS:05338920,snap-20260825-adopt
SNR-0EDN,USGS:05334000,snap-20260825-adopt
SNR-0EDO,USGS:06195750,snap-20260825-adopt
SNR-0EDP,USGS:06027600,snap-20260825-adopt
SNR-0EDQ,USGS:06470988,snap-20260825-adopt
SNR-0EDR,USGS:06036500,snap-20260825-adopt
SNR-0EDS,USGS:04059500,snap-20260825-adopt
SNR-0EDT,USGS:06357500,snap-20260825-adopt
SNR-0EDU,USGS:05359000,snap-20260825-adopt
SNR-0EDV,USGS:05267578,snap-20260825-adopt
SNR-0EDW,USGS:05335450,snap-20260825-adopt
SNR-0EDX,USGS:05268700,snap-20260825-adopt
SNR-0EDY,USGS:04063700,snap-20260825-adopt
SNR-0EDZ,USGS:06049000,snap-20260825-adopt
SNR-0EE0,MPCA:15031001,snap-20260825-adopt
SNR-0EE1,USGS:05339000,snap-20260825-adopt
SNR-0EE2,USGS:454554089473400,snap-20260825-adopt
SNR-0EE3,USGS:06295250,snap-20260825-adopt
SNR-0EE4,USGS:05356200,snap-20260825-adopt
SNR-0EE5,USGS:04065106,snap-20260825-adopt
SNR-0EE6,USGS:05049700,snap-20260825-adopt
SNR-0EE7,USGS:454607092081401,snap-20260825-adopt
SNR-0EE8,USGS:05358500,snap-20260825-adopt
SNR-0EE9,USGS:05334100,snap-20260825-adopt
SNR-0EEA,USGS:05049710,snap-20260825-adopt
SNR-0EEB,USGS:06027700,snap-20260825-adopt
SNR-0EEC,USGS:04063678,snap-20260825-adopt
SNR-0EED,USGS:454622088324801,snap-20260825-adopt
SNR-0EEE,USGS:454622088324802,snap-20260825-adopt
SNR-0EEF,USGS:06048900,snap-20260825-adopt
SNR-0EEG,USGS:04065650,snap-20260825-adopt
SNR-0EEH,USGS:05359200,snap-20260825-adopt
SNR-0EEI,USGS:06025100,snap-20260825-adopt
SNR-0EEJ,USGS:06470985,snap-20260825-adopt
SNR-0EEK,USGS:05270150,snap-20260825-adopt
SNR-0EEL,USGS:040590345,snap-20260825-adopt
SNR-0EEM,USGS:06307800,snap-20260825-adopt
SNR-0EEN,USGS:06050200,snap-20260825-adopt
SNR-0EEO,USGS:05335380,snap-20260825-adopt
SNR-0EEP,USGS:05338955,snap-20260825-adopt
SNR-0EEQ,USGS:04065000,snap-20260825-adopt
SNR-0EER,USGS:454711092203001,snap-20260825-adopt
SNR-0EES,USGS:06356150,snap-20260825-adopt
SNR-0EET,USGS:06201500,snap-20260825-adopt
SNR-0EEU,USGS:06050100,snap-20260825-adopt
SNR-0EEV,USGS:05049200,snap-20260825-adopt
SNR-0EEW,USGS:454724091303600,snap-20260825-adopt
SNR-0EEX,USGS:06195500,snap-20260825-adopt
SNR-0EEY,USGS:06034700,snap-20260825-adopt
SNR-0EEZ,USGS:04064800,snap-20260825-adopt
SNR-0EF0,USGS:06025000,snap-20260825-adopt
SNR-0EF1,USGS:454741092190200,snap-20260825-adopt
SNR-0EF2,USGS:05356121,snap-20260825-adopt
SNR-0EF3,USGS:06294600,snap-20260825-adopt
SNR-0EF4,USGS:06214500,snap-20260825-adopt
SNR-0EF5,USGS:06355500,snap-20260825-adopt
SNR-0EF6,USGS:454809089284200,snap-20260825-adopt
SNR-0EF7,USGS:06034500,snap-20260825-adopt
SNR-0EF8,USGS:04059034,snap-20260825-adopt
SNR-0EF9,USGS:06024540,snap-20260825-adopt
SNR-0EFA,USGS:04059400,snap-20260825-adopt
SNR-0EFB,USGS:06325700,snap-20260825-adopt
SNR-0EFC,USGS:06354860,snap-20260825-adopt
SNR-0EFD,USGS:06195000,snap-20260825-adopt
SNR-0EFE,USGS:454904092122401,snap-20260825-adopt
SNR-0EFF,USGS:06216900,snap-20260825-adopt
SNR-0EFG,USGS:05049000,snap-20260825-adopt
SNR-0EFH,USGS:05267185,snap-20260825-adopt
SNR-0EFI,USGS:06050700,snap-20260825-adopt
SNR-0EFJ,USGS:06042500,snap-20260825-adopt
SNR-0EFK,USGS:06046000,snap-20260825-adopt
SNR-0EFL,USGS:05267000,snap-20260825-adopt
SNR-0EFM,USGS:05391000,snap-20260825-adopt
SNR-0EFN,USGS:04063800,snap-20260825-adopt
SNR-0EFO,USGS:454953092432502,snap-20260825-adopt
SNR-0EFP,USGS:05270120,snap-20260825-adopt
SNR-0EFQ,USGS:06050400,snap-20260825-adopt
SNR-0EFR,USGS:06471350,snap-20260825-adopt
SNR-0EFS,USGS:06034800,snap-20260825-adopt
SNR-0EFT,USGS:06357620,snap-20260825-adopt
SNR-0EFU,USGS:06200000,snap-20260825-adopt
SNR-0EFV,USGS:05049900,snap-20260825-adopt
SNR-0EFW,USGS:04063535,snap-20260825-adopt
SNR-0EFX,USGS:04064500,snap-20260825-adopt
SNR-0EFY,USGS:06471065,snap-20260825-adopt
SNR-0EFZ,USGS:05390240,snap-20260825-adopt
SNR-0EG0,USGS:04064000,snap-20260825-adopt
SNR-0EG1,USGS:06194500,snap-20260825-adopt
SNR-0EG2,USGS:05338500,snap-20260825-adopt
SNR-0EG3,USGS:06307830,snap-20260825-adopt
SNR-0EG4,USGS:04057521,snap-20260825-adopt
SNR-0EG5,USGS:06028500,snap-20260825-adopt
SNR-0EG6,USGS:06050500,snap-20260825-adopt
SNR-0EG7,USGS:06471050,snap-20260825-adopt
SNR-0EG8,USGS:455041091180301,snap-20260825-adopt
SNR-0EG9,USGS:05268000,snap-20260825-adopt
SNR-0EGA,USGS:06195950,snap-20260825-adopt
SNR-0EGB,USGS:05356000,snap-20260825-adopt
SNR-0EGC,USGS:04063658,snap-20260825-adopt
SNR-0EGD,USGS:06046100,snap-20260825-adopt
SNR-0EGE,USGS:06050450,snap-20260825-adopt
SNR-0EGF,USGS:06051200,snap-20260825-adopt
SNR-0EGG,USGS:06024580,snap-20260825-adopt
SNR-0EGH,USGS:05335492,snap-20260825-adopt
SNR-0EGI,USGS:05392070,snap-20260825-adopt
SNR-0EGJ,USGS:06045400,snap-20260825-adopt
SNR-0EGK,USGS:06051300,snap-20260825-adopt
SNR-0EGL,USGS:06051000,snap-20260825-adopt
SNR-0EGM,USGS:06046400,snap-20260825-adopt
SNR-0EGN,USGS:06052050,snap-20260825-adopt
SNR-0EGO,USGS:05049995,snap-20260825-adopt
SNR-0EGP,USGS:05270103,snap-20260825-adopt
SNR-0EGQ,USGS:05050000,snap-20260825-adopt
SNR-0EGR,USGS:04063522,snap-20260825-adopt
SNR-0EGS,USGS:06194000,snap-20260825-adopt
SNR-0EGT,USGS:06052100,snap-20260825-adopt
SNR-0EGU,USGS:06052200,snap-20260825-adopt
SNR-0EGV,USGS:04063500,snap-20260825-adopt
SNR-0EGW,USGS:05392083,snap-20260825-adopt
SNR-0EGX,USGS:455226089395100,snap-20260825-adopt
SNR-0EGY,USGS:06052300,snap-20260825-adopt
SNR-0EGZ,USGS:06030200,snap-20260825-adopt
SNR-0EH0,USGS:455240092050401,snap-20260825-adopt
SNR-0EH1,USGS:06030000,snap-20260825-adopt
SNR-0EH2,USGS:06030300,snap-20260825-adopt
SNR-0EH3,USGS:05335500,snap-20260825-adopt
SNR-0EH4,USGS:06028000,snap-20260825-adopt
SNR-0EH5,USGS:05392102,snap-20260825-adopt
SNR-0EH6,USGS:06354880,snap-20260825-adopt
SNR-0EH7,USGS:06308200,snap-20260825-adopt
SNR-0EH8,USGS:06193500,snap-20260825-adopt
SNR-0EH9,USGS:06308300,snap-20260825-adopt
SNR-0EHA,USGS:06052500,snap-20260825-adopt
SNR-0EHB,USGS:06217000,snap-20260825-adopt
SNR-0EHC,USGS:05048000,snap-20260825-adopt
SNR-0EHD,USGS:06052000,snap-20260825-adopt
SNR-0EHE,USGS:05048500,snap-20260825-adopt
SNR-0EHF,USGS:05047500,snap-20260825-adopt
SNR-0EHG,USGS:05051650,snap-20260825-adopt
SNR-0EHH,USGS:06470980,snap-20260825-adopt
SNR-0EHI,USGS:06036650,snap-20260825-adopt
SNR-0EHJ,USGS:05334495,snap-20260825-adopt
SNR-0EHK,USGS:455354092064101,snap-20260825-adopt
SNR-0EHL,USGS:05390700,snap-20260825-adopt
SNR-0EHM,USGS:05390701,snap-20260825-adopt
SNR-0EHN,USGS:05355500,snap-20260825-adopt
SNR-0EHO,USGS:06036600,snap-20260825-adopt
SNR-0EHP,USGS:06334625,snap-20260825-adopt
SNR-0EHQ,USGS:05358300,snap-20260825-adopt
SNR-0EHR,USGS:06217500,snap-20260825-adopt
SNR-0EHS,USGS:455417089061700,snap-20260825-adopt
SNR-0EHT,USGS:455417089061600,snap-20260825-adopt
SNR-0EHU,USGS:05332000,snap-20260825-adopt
SNR-0EHV,USGS:06334630,snap-20260825-adopt
SNR-0EHW,USGS:455426089254700,snap-20260825-adopt
SNR-0EHX,USGS:06051700,snap-20260825-adopt
SNR-0EHY,USGS:455430089031201,snap-20260825-adopt
SNR-0EHZ,USGS:04059000,snap-20260825-adopt
SNR-0EI0,USGS:06036700,snap-20260825-adopt
SNR-0EI1,USGS:06051500,snap-20260825-adopt
SNR-0EI2,USGS:04065500,snap-20260825-adopt
SNR-0EI3,USGS:05392150,snap-20260825-adopt
SNR-0EI4,USGS:06354845,snap-20260825-adopt
SNR-0EI5,USGS:455446089370300,snap-20260825-adopt
SNR-0EI6,USGS:05392187,snap-20260825-adopt
SNR-0EI7,USGS:06294930,snap-20260825-adopt
SNR-0EI8,USGS:455456089001400,snap-20260825-adopt
SNR-0EI9,USGS:05390750,snap-20260825-adopt
SNR-0EIA,USGS:05337400,snap-20260825-adopt
SNR-0EIB,USGS:06217300,snap-20260825-adopt
SNR-0EIC,USGS:05336000,snap-20260825-adopt
SNR-0EID,USGS:04063632,snap-20260825-adopt
SNR-0EIE,USGS:05267930,snap-20260825-adopt
SNR-0EIF,USGS:05334999,snap-20260825-adopt
SNR-0EIG,USGS:05335000,snap-20260825-adopt
SNR-0EIH,USGS:04063640,snap-20260825-adopt
SNR-0EII,USGS:06355400,snap-20260825-adopt
SNR-0EIJ,USGS:455550089263600,snap-20260825-adopt
SNR-0EIK,USGS:05265698,snap-20260825-adopt
SNR-0EIL,USGS:04065600,snap-20260825-adopt
SNR-0EIM,USGS:05244780,snap-20260825-adopt
SNR-0EIN,USGS:05333000,snap-20260825-adopt
SNR-0EIO,USGS:05390685,snap-20260825-adopt
SNR-0EIP,USGS:06470878,snap-20260825-adopt
SNR-0EIQ,USGS:05358190,snap-20260825-adopt
SNR-0EIR,USGS:06471200,snap-20260825-adopt
SNR-0EIS,USGS:05244810,snap-20260825-adopt
SNR-0EIT,USGS:04057510,snap-20260825-adopt
SNR-0EIU,USGS:06334640,snap-20260825-adopt
SNR-0EIV,USGS:05356078,snap-20260825-adopt
SNR-0EIW,USGS:04062011,snap-20260825-adopt
SNR-0EIX,USGS:06470875,snap-20260825-adopt
SNR-0EIY,USGS:05332500,snap-20260825-adopt
SNR-0EIZ,USGS:455657111283501,snap-20260825-adopt
SNR-0EJ0,USGS:05390500,snap-20260825-adopt
SNR-0EJ1,USGS:04063000,snap-20260825-adopt
SNR-0EJ2,USGS:455706089232400,snap-20260825-adopt
SNR-0EJ3,USGS:05358100,snap-20260825-adopt
SNR-0EJ4,USGS:05390680,snap-20260825-adopt
SNR-0EJ5,USGS:06354890,snap-20260825-adopt
SNR-0EJ6,USGS:06197000,snap-20260825-adopt
SNR-0EJ7,USGS:05284620,snap-20260825-adopt
SNR-0EJ8,USGS:04061000,snap-20260825-adopt
SNR-0EJ9,USGS:04060993,snap-20260825-adopt
SNR-0EJA,USGS:06355000,snap-20260825-adopt
SNR-0EJB,USGS:06352525,snap-20260825-adopt
SNR-0EJC,USGS:455742089213901,snap-20260825-adopt
SNR-0EJD,USGS:455743089214301,snap-20260825-adopt
SNR-0EJE,USGS:05293371,snap-20260825-adopt
SNR-0EJF,USGS:04065397,snap-20260825-adopt
SNR-0EJG,USGS:04059900,snap-20260825-adopt
SNR-0EJH,USGS:04057004,snap-20260825-adopt
SNR-0EJI,USGS:05284600,snap-20260825-adopt
SNR-0EJJ,USGS:05267900,snap-20260825-adopt
SNR-0EJK,USGS:05245100,snap-20260825-adopt
SNR-0EJL,USGS:06196500,snap-20260825-adopt
SNR-0EJM,USGS:06196000,snap-20260825-adopt
SNR-0EJN,USGS:06029500,snap-20260825-adopt
SNR-0EJO,USGS:455841091235300,snap-20260825-adopt
SNR-0EJP,USGS:05358180,snap-20260825-adopt
SNR-0EJQ,USGS:04058940,snap-20260825-adopt
SNR-0EJR,USGS:455854090310300,snap-20260825-adopt
SNR-0EJS,USGS:05244820,snap-20260825-adopt
SNR-0EJT,USGS:455859089005100,snap-20260825-adopt
SNR-0EJU,USGS:455909089405602,snap-20260825-adopt
SNR-0EJV,USGS:455910089403701,snap-20260825-adopt
SNR-0EJW,USGS:06354885,snap-20260825-adopt
SNR-0EJX,USGS:05335010,snap-20260825-adopt
SNR-0EJY,USGS:455927095123101,snap-20260825-adopt
SNR-0EJZ,USGS:04057000,snap-20260825-adopt
SNR-0EK0,USGS:06217750,snap-20260825-adopt
SNR-0EK1,USGS:455932089332801,snap-20260825-adopt
SNR-0EK2,USGS:455933089000500,snap-20260825-adopt
SNR-0EK3,USGS:04059784,snap-20260825-adopt
SNR-0EK4,USGS:455942089415306,snap-20260825-adopt
SNR-0EK5,USGS:455946089415702,snap-20260825-adopt
SNR-0EK6,USGS:455946089415704,snap-20260825-adopt
SNR-0EK7,USGS:05358170,snap-20260825-adopt
SNR-0EK8,USGS:05338200,snap-20260825-adopt
SNR-0EK9,USGS:455958089420501,snap-20260825-adopt
SNR-0EKA,USGS:06354985,snap-20260825-adopt
SNR-0EKB,USGS:05358000,snap-20260825-adopt
SNR-0EKC,USGS:06334720,snap-20260825-adopt
SNR-0EKD,USGS:04062000,snap-20260825-adopt
SNR-0EKE,USGS:05335170,snap-20260825-adopt
SNR-0EKF,USGS:04065300,snap-20260825-adopt
SNR-0EKG,USGS:06354980,snap-20260825-adopt
SNR-0EKH,USGS:460105089282301,snap-20260825-adopt
SNR-0EKI,USGS:05332715,snap-20260825-adopt
SNR-0EKJ,USGS:05051600,snap-20260825-adopt
SNR-0EKK,USGS:06029000,snap-20260825-adopt
SNR-0EKL,USGS:05357215,snap-20260825-adopt
SNR-0EKM,USGS:460128089423501,snap-20260825-adopt
SNR-0EKN,USGS:04065393,snap-20260825-adopt
SNR-0EKO,USGS:04056500,snap-20260825-adopt
SNR-0EKP,USGS:05357205,snap-20260825-adopt
SNR-0EKQ,USGS:06352500,snap-20260825-adopt
SNR-0EKR,USGS:05267800,snap-20260825-adopt
SNR-0EKS,USGS:05357206,snap-20260825-adopt
SNR-0EKT,USGS:05357254,snap-20260825-adopt
SNR-0EKU,USGS:06308330,snap-20260825-adopt
SNR-0EKV,USGS:05357245,snap-20260825-adopt
SNR-0EKW,USGS:460230111253101,snap-20260825-adopt
SNR-0EKX,USGS:06217800,snap-20260825-adopt
SNR-0EKY,USGS:05390180,snap-20260825-adopt
SNR-0EKZ,USGS:05357335,snap-20260825-adopt
SNR-0EL0,USGS:05050500,snap-20260825-adopt
SNR-0EL1,USGS:05357217,snap-20260825-adopt
SNR-0EL2,USGS:05357259,snap-20260825-adopt
SNR-0EL3,USGS:05357219,snap-20260825-adopt
SNR-0EL4,USGS:05390140,snap-20260825-adopt
SNR-0EL5,USGS:04060500,snap-20260825-adopt
SNR-0EL6,USGS:05357225,snap-20260825-adopt
SNR-0EL7,USGS:06201000,snap-20260825-adopt
SNR-0EL8,USGS:05293245,snap-20260825-adopt
SNR-0EL9,USGS:06294400,snap-20260825-adopt
SNR-0ELA,USGS:06354825,snap-20260825-adopt
SNR-0ELB,USGS:06352300,snap-20260825-adopt
SNR-0ELC,USGS:06294985,snap-20260825-adopt
SNR-0ELD,USGS:05357500,snap-20260825-adopt
SNR-0ELE,USGS:04059979,snap-20260825-adopt
SNR-0ELF,USGS:06217700,snap-20260825-adopt
SNR-0ELG,USGS:05050700,snap-20260825-adopt
SNR-0ELH,USGS:05333500,snap-20260825-adopt
SNR-0ELI,USGS:05357360,snap-20260825-adopt
SNR-0ELJ,USGS:05357230,snap-20260825-adopt
SNR-0ELK,USGS:05051800,snap-20260825-adopt
SNR-0ELL,USGS:05335151,snap-20260825-adopt
SNR-0ELM,USGS:06307930,snap-20260825-adopt
SNR-0ELN,USGS:06294690,snap-20260825-adopt
SNR-0ELO,USGS:04055000,snap-20260825-adopt
SNR-0ELP,USGS:04056000,snap-20260825-adopt
SNR-0ELQ,USGS:06353000,snap-20260825-adopt
SNR-0ELR,USGS:05357147,snap-20260825-adopt
SNR-0ELS,USGS:05051000,snap-20260825-adopt
SNR-0ELT,USGS:05357157,snap-20260825-adopt
SNR-0ELU,USGS:05052100,snap-20260825-adopt
SNR-0ELV,USGS:05333100,snap-20260825-adopt
SNR-0ELW,USGS:06352400,snap-20260825-adopt
SNR-0ELX,USGS:460614111234801,snap-20260825-adopt
SNR-0ELY,USGS:06308340,snap-20260825-adopt
SNR-0ELZ,USGS:05336700,snap-20260825-adopt
SNR-0EM0,USGS:04061500,snap-20260825-adopt
SNR-0EM1,USGS:04054500,snap-20260825-adopt
SNR-0EM2,USGS:06355310,snap-20260825-adopt
SNR-0EM3,USGS:06295500,snap-20260825-adopt
SNR-0EM4,USGS:04062500,snap-20260825-adopt
SNR-0EM5,USGS:06354480,snap-20260825-adopt
SNR-0EM6,USGS:04046000,snap-20260825-adopt
SNR-0EM7,USGS:460709111241001,snap-20260825-adopt
SNR-0EM8,USGS:05390100,snap-20260825-adopt
SNR-0EM9,USGS:05390101,snap-20260825-adopt
SNR-0EMA,USGS:06294500,snap-20260825-adopt
SNR-0EMB,USGS:05051700,snap-20260825-adopt
SNR-0EMC,USGS:06470833,snap-20260825-adopt
SNR-0EMD,USGS:06354900,snap-20260825-adopt
SNR-0EME,USGS:06351200,snap-20260825-adopt
SNR-0EMF,USGS:05357154,snap-20260825-adopt
SNR-0EMG,USGS:04127937,snap-20260825-adopt
SNR-0EMH,USGS:040599695,snap-20260825-adopt
SNR-0EMI,USGS:06217950,snap-20260825-adopt
SNR-0EMJ,USGS:06054000,snap-20260825-adopt
SNR-0EMK,USGS:05357302,snap-20260825-adopt
SNR-0EML,USGS:460819089530500,snap-20260825-adopt
SNR-0EMM,USGS:06053500,snap-20260825-adopt
SNR-0EMN,USGS:06470830,snap-20260825-adopt
SNR-0EMO,USGS:05357182,snap-20260825-adopt
SNR-0EMP,USGS:06218000,snap-20260825-adopt
SNR-0EMQ,USGS:06325950,snap-20260825-adopt
SNR-0EMR,USGS:05357168,snap-20260825-adopt
SNR-0EMS,USGS:05336600,snap-20260825-adopt
SNR-0EMT,USGS:06054500,snap-20260825-adopt
SNR-0EMU,USGS:06294700,snap-20260825-adopt
SNR-0EMV,USGS:06354950,snap-20260825-adopt
SNR-0EMW,USGS:05245190,snap-20260825-adopt
SNR-0EMX,USGS:05052075,snap-20260825-adopt
SNR-0EMY,USGS:05051300,snap-20260825-adopt
SNR-0EMZ,USGS:06193000,snap-20260825-adopt
SNR-0EN0,USGS:053573952,snap-20260825-adopt
SNR-0EN1,USGS:06352000,snap-20260825-adopt
SNR-0EN2,USGS:06200500,snap-20260825-adopt
SNR-0EN3,USGS:460930090035900,snap-20260825-adopt
SNR-0EN4,USGS:05336550,snap-20260825-adopt
SNR-0EN5,USGS:0535739503,snap-20260825-adopt
SNR-0EN6,USGS:0535739504,snap-20260825-adopt
SNR-0EN7,USGS:04054000,snap-20260825-adopt
SNR-0EN8,USGS:06200400,snap-20260825-adopt
SNR-0EN9,USGS:06192978,snap-20260825-adopt
SNR-0ENA,USGS:06192980,snap-20260825-adopt
SNR-0ENB,USGS:05051900,snap-20260825-adopt
SNR-0ENC,USGS:05331833,snap-20260825-adopt
SNR-0END,USGS:05052000,snap-20260825-adopt
SNR-0ENE,USGS:06355200,snap-20260825-adopt
SNR-0ENF,USGS:05336500,snap-20260825-adopt
SNR-0ENG,USGS:05261000,snap-20260825-adopt
SNR-0ENH,USGS:06192900,snap-20260825-adopt
SNR-0ENI,USGS:04127918,snap-20260825-adopt
SNR-0ENJ,USGS:06307990,snap-20260825-adopt
SNR-0ENK,USGS:05357390,snap-20260825-adopt
SNR-0ENL,USGS:04127917,snap-20260825-adopt
SNR-0ENM,USGS:06354815,snap-20260825-adopt
SNR-0ENN,USGS:06123200,snap-20260825-adopt
SNR-0ENO,USGS:06326580,snap-20260825-adopt
SNR-0ENP,USGS:06033500,snap-20260825-adopt
SNR-0ENQ,USGS:04026400,snap-20260825-adopt
SNR-0ENR,USGS:06294800,snap-20260825-adopt
SNR-0ENS,USGS:06295900,snap-20260825-adopt
SNR-0ENT,USGS:06296000,snap-20260825-adopt
SNR-0ENU,USGS:04053000,snap-20260825-adopt
SNR-0ENV,USGS:05261520,snap-20260825-adopt
SNR-0ENW,USGS:461231091524900,snap-20260825-adopt
SNR-0ENX,USGS:04038600,snap-20260825-adopt
SNR-0ENY,USGS:06352380,snap-20260825-adopt
SNR-0ENZ,USGS:04037002,snap-20260825-adopt
SNR-0EO0,USGS:06033000,snap-20260825-adopt
SNR-0EO1,USGS:05046250,snap-20260825-adopt
SNR-0EO2,USGS:05046000,snap-20260825-adopt
SNR-0EO3,USGS:05045950,snap-20260825-adopt
SNR-0EO4,USGS:461323091555001,snap-20260825-adopt
SNR-0EO5,USGS:06470800,snap-20260825-adopt
SNR-0EO6,USGS:04039010,snap-20260825-adopt
SNR-0EO7,USGS:06354490,snap-20260825-adopt
SNR-0EO8,USGS:461342091561501,snap-20260825-adopt
SNR-0EO9,USGS:461342091561002,snap-20260825-adopt
SNR-0EOA,USGS:461342091554201,snap-20260825-adopt
SNR-0EOB,USGS:06308400,snap-20260825-adopt
SNR-0EOC,USGS:06335700,snap-20260825-adopt
SNR-0EOD,USGS:04049500,snap-20260825-adopt
SNR-0EOE,USGS:06294850,snap-20260825-adopt
SNR-0EOF,USGS:461411111280601,snap-20260825-adopt
SNR-0EOG,USGS:06294940,snap-20260825-adopt
SNR-0EOH,USGS:461420089195001,snap-20260825-adopt
SNR-0EOI,USGS:461423091560301,snap-20260825-adopt
SNR-0EOJ,USGS:06308000,snap-20260825-adopt
SNR-0EOK,USGS:04047200,snap-20260825-adopt
SNR-0EOL,USGS:04062400,snap-20260825-adopt
SNR-0EOM,USGS:06354450,snap-20260825-adopt
SNR-0EON,USGS:06125680,snap-20260825-adopt
SNR-0EOO,USGS:06471150,snap-20260825-adopt
SNR-0EOP,USGS:06294995,snap-20260825-adopt
SNR-0EOQ,USGS:06326000,snap-20260825-adopt
SNR-0EOR,USGS:05284305,snap-20260825-adopt
SNR-0EOS,USGS:461507096465600,snap-20260825-adopt
SNR-0EOT,USGS:04037400,snap-20260825-adopt
SNR-0EOU,USGS:05245295,snap-20260825-adopt
SNR-0EOV,USGS:04037500,snap-20260825-adopt
SNR-0EOW,USGS:05284310,snap-20260825-adopt
SNR-0EOX,USGS:06030500,snap-20260825-adopt
SNR-0EOY,USGS:461526096481100,snap-20260825-adopt
SNR-0EOZ,USGS:06031000,snap-20260825-adopt
SNR-0EP0,USGS:06354500,snap-20260825-adopt
SNR-0EP1,USGS:06053050,snap-20260825-adopt
SNR-0EP2,USGS:06326300,snap-20260825-adopt
SNR-0EP3,USGS:461539096403100,snap-20260825-adopt
SNR-0EP4,USGS:461542096385300,snap-20260825-adopt
SNR-0EP5,USGS:06055500,snap-20260825-adopt
SNR-0EP6,USGS:06125700,snap-20260825-adopt
SNR-0EP7,USGS:06296003,snap-20260825-adopt
SNR-0EP8,USGS:06351650,snap-20260825-adopt
SNR-0EP9,USGS:05051500,snap-20260825-adopt
SNR-0EPA,USGS:06295000,snap-20260825-adopt
SNR-0EPB,USGS:05046505,snap-20260825-adopt
SNR-0EPC,USGS:06354580,snap-20260825-adopt
SNR-0EPD,USGS:06031500,snap-20260825-adopt
SNR-0EPE,USGS:04026450,snap-20260825-adopt
SNR-0EPF,USGS:06032000,snap-20260825-adopt
SNR-0EPG,USGS:04027145,snap-20260825-adopt
SNR-0EPH,USGS:06053000,snap-20260825-adopt
SNR-0EPI,USGS:05046502,snap-20260825-adopt
SNR-0EPJ,USGS:06335000,snap-20260825-adopt
SNR-0EPK,USGS:04026530,snap-20260825-adopt
SNR-0EPL,USGS:05046475,snap-20260825-adopt
SNR-0EPM,USGS:04058500,snap-20260825-adopt
SNR-0EPN,USGS:461656096430500,snap-20260825-adopt
SNR-0EPO,USGS:461657096483900,snap-20260825-adopt
SNR-0EPP,USGS:06351500,snap-20260825-adopt
SNR-0EPQ,USGS:06031950,snap-20260825-adopt
SNR-0EPR,USGS:06125600,snap-20260825-adopt
SNR-0EPS,USGS:06296100,snap-20260825-adopt
SNR-0EPT,USGS:06126050,snap-20260825-adopt
SNR-0EPU,USGS:461744096440200,snap-20260825-adopt
SNR-0EPV,USGS:06295020,snap-20260825-adopt
SNR-0EPW,USGS:06470595,snap-20260825-adopt
SNR-0EPX,USGS:06470582,snap-20260825-adopt
SNR-0EPY,USGS:06335500,snap-20260825-adopt
SNR-0EPZ,USGS:06326700,snap-20260825-adopt
SNR-0EQ0,USGS:06032500,snap-20260825-adopt
SNR-0EQ1,USGS:06470590,snap-20260825-adopt
SNR-0EQ2,USGS:06295050,snap-20260825-adopt
SNR-0EQ3,USGS:05331610,snap-20260825-adopt
SNR-0EQ4,USGS:05247500,snap-20260825-adopt
SNR-0EQ5,USGS:05284000,snap-20260825-adopt
SNR-0EQ6,USGS:06123500,snap-20260825-adopt
SNR-0EQ7,USGS:06354700,snap-20260825-adopt
SNR-0EQ8,USGS:05052500,snap-20260825-adopt
SNR-0EQ9,USGS:05245600,snap-20260825-adopt
SNR-0EQA,USGS:06470570,snap-20260825-adopt
SNR-0EQB,USGS:04052600,snap-20260825-adopt
SNR-0EQC,USGS:05246000,snap-20260825-adopt
SNR-0EQD,USGS:04058100,snap-20260825-adopt
SNR-0EQE,USGS:06123030,snap-20260825-adopt
SNR-0EQF,USGS:461912087210901,snap-20260825-adopt
SNR-0EQG,USGS:05245500,snap-20260825-adopt
SNR-0EQH,USGS:06351680,snap-20260825-adopt
SNR-0EQI,USGS:06353500,snap-20260825-adopt
SNR-0EQJ,USGS:06056600,snap-20260825-adopt
SNR-0EQK,USGS:04026500,snap-20260825-adopt
SNR-0EQL,USGS:46193608507501,snap-20260825-adopt
SNR-0EQM,USGS:06294950,snap-20260825-adopt
SNR-0EQN,USGS:040445315,snap-20260825-adopt
SNR-0EQO,USGS:04058130,snap-20260825-adopt
SNR-0EQP,USGS:06057000,snap-20260825-adopt
SNR-0EQQ,USGS:06056300,snap-20260825-adopt
SNR-0EQR,USGS:04026511,snap-20260825-adopt
SNR-0EQS,USGS:05040500,snap-20260825-adopt
SNR-0EQT,USGS:06351630,snap-20260825-adopt
SNR-0EQU,USGS:04044724,snap-20260825-adopt
SNR-0EQV,USGS:05244500,snap-20260825-adopt
SNR-0EQW,USGS:05245800,snap-20260825-adopt
SNR-0EQX,USGS:06123000,snap-20260825-adopt
SNR-0EQY,USGS:04049000,snap-20260825-adopt
SNR-0EQZ,USGS:04052500,snap-20260825-adopt
SNR-0ER0,USGS:04052000,snap-20260825-adopt
SNR-0ER1,USGS:04053500,snap-20260825-adopt
SNR-0ER2,USGS:04055500,snap-20260825-adopt
SNR-0ER3,USGS:06122800,snap-20260825-adopt
SNR-0ER4,USGS:462107111312301,snap-20260825-adopt
SNR-0ER5,USGS:04045538,snap-20260825-adopt
SNR-0ER6,USGS:06470500,snap-20260825-adopt
SNR-0ER7,USGS:04033000,snap-20260825-adopt
SNR-0ER8,USGS:05284100,snap-20260825-adopt
SNR-0ER9,USGS:06056200,snap-20260825-adopt
SNR-0ERA,USGS:06351000,snap-20260825-adopt
SNR-0ERB,USGS:06058900,snap-20260825-adopt
SNR-0ERC,USGS:06309090,snap-20260825-adopt
SNR-0ERD,USGS:04026859,snap-20260825-adopt
SNR-0ERE,USGS:06126300,snap-20260825-adopt
SNR-0ERF,USGS:05030500,snap-20260825-adopt
SNR-0ERG,USGS:04031500,snap-20260825-adopt
SNR-0ERH,USGS:06354800,snap-20260825-adopt
SNR-0ERI,USGS:04027200,snap-20260825-adopt
SNR-0ERJ,USGS:06353600,snap-20260825-adopt
SNR-0ERK,USGS:06121000,snap-20260825-adopt
SNR-0ERL,USGS:06354000,snap-20260825-adopt
SNR-0ERM,USGS:06296115,snap-20260825-adopt
SNR-0ERN,USGS:05242300,snap-20260825-adopt
SNR-0ERO,USGS:06121500,snap-20260825-adopt
SNR-0ERP,USGS:04062300,snap-20260825-adopt
SNR-0ERQ,USGS:04026700,snap-20260825-adopt
SNR-0ERR,USGS:06308500,snap-20260825-adopt
SNR-0ERS,USGS:04026870,snap-20260825-adopt
SNR-0ERT,USGS:06126470,snap-20260825-adopt
SNR-0ERU,USGS:06326400,snap-20260825-adopt
SNR-0ERV,USGS:06354050,snap-20260825-adopt
SNR-0ERW,USGS:04058400,snap-20260825-adopt
SNR-0ERX,USGS:06294960,snap-20260825-adopt
SNR-0ERY,USGS:04026561,snap-20260825-adopt
SNR-0ERZ,USGS:06122000,snap-20260825-adopt
SNR-0ES0,USGS:04058000,snap-20260825-adopt
SNR-0ES1,USGS:05244385,snap-20260825-adopt
SNR-0ES2,USGS:06296120,snap-20260825-adopt
SNR-0ES3,USGS:04033500,snap-20260825-adopt
SNR-0ES4,USGS:04058300,snap-20260825-adopt
SNR-0ES5,USGS:06125500,snap-20260825-adopt
SNR-0ES6,USGS:462428091265801,snap-20260825-adopt
SNR-0ES7,USGS:040265935,snap-20260825-adopt
SNR-0ES8,USGS:04058200,snap-20260825-adopt
SNR-0ES9,USGS:05247000,snap-20260825-adopt
SNR-0ESA,USGS:06059000,snap-20260825-adopt
SNR-0ESB,USGS:06354080,snap-20260825-adopt
SNR-0ESC,USGS:462457091273501,snap-20260825-adopt
SNR-0ESD,USGS:462457091273101,snap-20260825-adopt
SNR-0ESE,USGS:462458091274402,snap-20260825-adopt
SNR-0ESF,USGS:04058190,snap-20260825-adopt
SNR-0ESG,USGS:04026740,snap-20260825-adopt
SNR-0ESH,USGS:06120000,snap-20260825-adopt
SNR-0ESI,USGS:06471100,snap-20260825-adopt
SNR-0ESJ,USGS:04045559,snap-20260825-adopt
SNR-0ESK,USGS:04057900,snap-20260825-adopt
SNR-0ESL,USGS:06326650,snap-20260825-adopt
SNR-0ESM,USGS:462512091274501,snap-20260825-adopt
SNR-0ESN,USGS:04057820,snap-20260825-adopt
SNR-0ESO,USGS:06326600,snap-20260825-adopt
SNR-0ESP,USGS:06309000,snap-20260825-adopt
SNR-0ESQ,USGS:04029000,snap-20260825-adopt
SNR-0ESR,USGS:06350000,snap-20260825-adopt
SNR-0ESS,USGS:06126500,snap-20260825-adopt
SNR-0EST,USGS:06120500,snap-20260825-adopt
SNR-0ESU,USGS:06326500,snap-20260825-adopt
SNR-0ESV,USGS:040265981,snap-20260825-adopt
SNR-0ESW,USGS:06354750,snap-20260825-adopt
SNR-0ESX,USGS:06326510,snap-20260825-adopt
SNR-0ESY,USGS:04044563,snap-20260825-adopt
SNR-0ESZ,USGS:04057813,snap-20260825-adopt
SNR-0ET0,USGS:04027086,snap-20260825-adopt
SNR-0ET1,USGS:06120900,snap-20260825-adopt
SNR-0ET2,USGS:04027080,snap-20260825-adopt
SNR-0ET3,USGS:04057814,snap-20260825-adopt
SNR-0ET4,USGS:462622096404600,snap-20260825-adopt
SNR-0ET5,USGS:06353700,snap-20260825-adopt
SNR-0ET6,USGS:04057811,snap-20260825-adopt
SNR-0ET7,USGS:04057812,snap-20260825-adopt
SNR-0ET8,USGS:06470475,snap-20260825-adopt
SNR-0ET9,USGS:06353800,snap-20260825-adopt
SNR-0ETA,USGS:04062270,snap-20260825-adopt
SNR-0ETB,USGS:05058700,snap-20260825-adopt
SNR-0ETC,USGS:06059500,snap-20260825-adopt
SNR-0ETD,USGS:04028000,snap-20260825-adopt
SNR-0ETE,USGS:06125000,snap-20260825-adopt
SNR-0ETF,USGS:06118500,snap-20260825-adopt
SNR-0ETG,USGS:06353900,snap-20260825-adopt
SNR-0ETH,USGS:05336300,snap-20260825-adopt
SNR-0ETI,USGS:05336200,snap-20260825-adopt
SNR-0ETJ,USGS:04044573,snap-20260825-adopt
SNR-0ETK,USGS:05244440,snap-20260825-adopt
SNR-0ETL,USGS:06127505,snap-20260825-adopt
SNR-0ETM,USGS:04058355,snap-20260825-adopt
SNR-0ETN,USGS:462743094025601,snap-20260825-adopt
SNR-0ETO,USGS:04026900,snap-20260825-adopt
SNR-0ETP,USGS:06119200,snap-20260825-adopt
SNR-0ETQ,USGS:06349930,snap-20260825-adopt
SNR-0ETR,USGS:06120800,snap-20260825-adopt
SNR-0ETS,USGS:06060000,snap-20260825-adopt
SNR-0ETT,USGS:04044583,snap-20260825-adopt
SNR-0ETU,USGS:04062230,snap-20260825-adopt
SNR-0ETV,USGS:06119500,snap-20260825-adopt
SNR-0ETW,USGS:05053000,snap-20260825-adopt
SNR-0ETX,USGS:06061700,snap-20260825-adopt
SNR-0ETY,USGS:06309075,snap-20260825-adopt
SNR-0ETZ,USGS:06119600,snap-20260825-adopt
SNR-0EU0,USGS:462838089565601,snap-20260825-adopt
SNR-0EU1,USGS:04034500,snap-20260825-adopt
SNR-0EU2,USGS:06326800,snap-20260825-adopt
SNR-0EU3,USGS:462841097295101,snap-20260825-adopt
SNR-0EU4,USGS:06061000,snap-20260825-adopt
SNR-0EU5,USGS:06118000,snap-20260825-adopt
SNR-0EU6,USGS:04024500,snap-20260825-adopt
SNR-0EU7,USGS:06061800,snap-20260825-adopt
SNR-0EU8,USGS:06060500,snap-20260825-adopt
SNR-0EU9,USGS:05058850,snap-20260825-adopt
SNR-0EUA,USGS:06349200,snap-20260825-adopt
SNR-0EUB,USGS:04044200,snap-20260825-adopt
SNR-0EUC,USGS:04027000,snap-20260825-adopt
SNR-0EUD,USGS:04044609,snap-20260825-adopt
SNR-0EUE,USGS:04044755,snap-20260825-adopt
SNR-0EUF,USGS:04044595,snap-20260825-adopt
SNR-0EUG,USGS:462928091413500,snap-20260825-adopt
SNR-0EUH,USGS:04027496,snap-20260825-adopt
SNR-0EUI,USGS:04057801,snap-20260825-adopt
SNR-0EUJ,USGS:04024200,snap-20260825-adopt
SNR-0EUK,USGS:04029700,snap-20260825-adopt
SNR-0EUL,USGS:04024314,snap-20260825-adopt
SNR-0EUM,USGS:04044599,snap-20260825-adopt
SNR-0EUN,USGS:04027500,snap-20260825-adopt
SNR-0EUO,USGS:04127885,snap-20260825-adopt
SNR-0EUP,USGS:0505152130,snap-20260825-adopt
SNR-0EUQ,USGS:04057800,snap-20260825-adopt
SNR-0EUR,USGS:463006094131201,snap-20260825-adopt
SNR-0EUS,USGS:04029500,snap-20260825-adopt
SNR-0EUT,USGS:04024318,snap-20260825-adopt
SNR-0EUU,USGS:04024315,snap-20260825-adopt
SNR-0EUV,USGS:04028500,snap-20260825-adopt
SNR-0EUW,USGS:06127200,snap-20260825-adopt
SNR-0EUX,USGS:04024320,snap-20260825-adopt
SNR-0EUY,USGS:04031000,snap-20260825-adopt
SNR-0EUZ,USGS:05058810,snap-20260825-adopt
SNR-0EV0,USGS:06127100,snap-20260825-adopt
SNR-0EV1,USGS:04025436,snap-20260825-adopt
SNR-0EV2,USGS:05241500,snap-20260825-adopt
SNR-0EV3,USGS:04024093,snap-20260825-adopt
SNR-0EV4,USGS:04024090,snap-20260825-adopt
SNR-0EV5,USGS:04024095,snap-20260825-adopt
SNR-0EV6,USGS:04041000,snap-20260825-adopt
SNR-0EV7,USGS:06061500,snap-20260825-adopt
SNR-0EV8,USGS:06127500,snap-20260825-adopt
SNR-0EV9,USGS:06062500,snap-20260825-adopt
SNR-0EVA,USGS:04044400,snap-20260825-adopt
SNR-0EVB,USGS:04024098,snap-20260825-adopt
SNR-0EVC,USGS:463138110580001,snap-20260825-adopt
SNR-0EVD,USGS:04062228,snap-20260825-adopt
SNR-0EVE,USGS:06061900,snap-20260825-adopt
SNR-0EVF,USGS:04044340,snap-20260825-adopt
SNR-0EVG,USGS:04039500,snap-20260825-adopt
SNR-0EVH,USGS:04024100,snap-20260825-adopt
SNR-0EVI,USGS:04029990,snap-20260825-adopt
SNR-0EVJ,USGS:04024110,snap-20260825-adopt
SNR-0EVK,USGS:04025500,snap-20260825-adopt
SNR-0EVL,USGS:04044090,snap-20260825-adopt
SNR-0EVM,USGS:05227500,snap-20260825-adopt
SNR-0EVN,USGS:06349900,snap-20260825-adopt
SNR-0EVO,USGS:463237096494500,snap-20260825-adopt
SNR-0EVP,USGS:04030000,snap-20260825-adopt
SNR-0EVQ,USGS:06347000,snap-20260825-adopt
SNR-0EVR,USGS:05058650,snap-20260825-adopt
SNR-0EVS,USGS:04032000,snap-20260825-adopt
SNR-0EVT,USGS:040263491,snap-20260825-adopt
SNR-0EVU,USGS:04026349,snap-20260825-adopt
SNR-0EVV,USGS:06117800,snap-20260825-adopt
SNR-0EVW,USGS:06127060,snap-20260825-adopt
SNR-0EVX,USGS:06309078,snap-20260825-adopt
SNR-0EVY,USGS:06309080,snap-20260825-adopt
SNR-0EVZ,USGS:04062200,snap-20260825-adopt
SNR-0EW0,USGS:04026347,snap-20260825-adopt
SNR-0EW1,USGS:06347030,snap-20260825-adopt
SNR-0EW2,USGS:06116900,snap-20260825-adopt
SNR-0EW3,USGS:06309060,snap-20260825-adopt
SNR-0EW4,USGS:06117000,snap-20260825-adopt
SNR-0EW5,USGS:06058700,snap-20260825-adopt
SNR-0EW6,USGS:04044003,snap-20260825-adopt
SNR-0EW7,USGS:463418094183601,snap-20260825-adopt
SNR-0EW8,USGS:04043800,snap-20260825-adopt
SNR-0EW9,USGS:06062750,snap-20260825-adopt
SNR-0EWA,USGS:04026348,snap-20260825-adopt
SNR-0EWB,USGS:04045500,snap-20260825-adopt
SNR-0EWC,USGS:06335750,snap-20260825-adopt
SNR-0EWD,USGS:06294900,snap-20260825-adopt
SNR-0EWE,USGS:04026100,snap-20260825-adopt
SNR-0EWF,USGS:04062100,snap-20260825-adopt
SNR-0EWG,USGS:06117500,snap-20260825-adopt
SNR-0EWH,USGS:04024400,snap-20260825-adopt
SNR-0EWI,USGS:06116000,snap-20260825-adopt
SNR-0EWJ,USGS:04040500,snap-20260825-adopt
SNR-0EWK,USGS:04040498,snap-20260825-adopt
SNR-0EWL,USGS:06062000,snap-20260825-adopt
SNR-0EWM,USGS:04036000,snap-20260825-adopt
SNR-0EWN,USGS:04040496,snap-20260825-adopt
SNR-0EWO,USGS:06062700,snap-20260825-adopt
SNR-0EWP,USGS:04035995,snap-20260825-adopt
SNR-0EWQ,USGS:06076560,snap-20260825-adopt
SNR-0EWR,USGS:05227530,snap-20260825-adopt
SNR-0EWS,USGS:040263205,snap-20260825-adopt
SNR-0EWT,USGS:06346500,snap-20260825-adopt
SNR-0EWU,USGS:06127020,snap-20260825-adopt
SNR-0EWV,USGS:040276505,snap-20260825-adopt
SNR-0EWW,USGS:06062990,snap-20260825-adopt
SNR-0EWX,USGS:05058980,snap-20260825-adopt
SNR-0EWY,USGS:04025000,snap-20260825-adopt
SNR-0EWZ,USGS:06063000,snap-20260825-adopt
SNR-0EX0,USGS:06125520,snap-20260825-adopt
SNR-0EX1,USGS:04026390,snap-20260825-adopt
SNR-0EX2,USGS:06115500,snap-20260825-adopt
SNR-0EX3,USGS:04027595,snap-20260825-adopt
SNR-0EX4,USGS:06348000,snap-20260825-adopt
SNR-0EX5,USGS:06124000,snap-20260825-adopt
SNR-0EX6,USGS:06075600,snap-20260825-adopt
SNR-0EX7,USGS:06075500,snap-20260825-adopt
SNR-0EX8,USGS:04026000,snap-20260825-adopt
SNR-0EX9,USGS:06120700,snap-20260825-adopt
SNR-0EXA,USGS:06124500,snap-20260825-adopt
SNR-0EXB,USGS:06349083,snap-20260825-adopt
SNR-0EXC,USGS:05059700,snap-20260825-adopt
SNR-0EXD,USGS:463741090521301,snap-20260825-adopt
SNR-0EXE,USGS:06470425,snap-20260825-adopt
SNR-0EXF,USGS:05058600,snap-20260825-adopt
SNR-0EXG,USGS:05244200,snap-20260825-adopt
SNR-0EXH,USGS:463749096432500,snap-20260825-adopt
SNR-0EXI,USGS:05059000,snap-20260825-adopt
SNR-0EXJ,USGS:06064100,snap-20260825-adopt
SNR-0EXK,USGS:06349215,snap-20260825-adopt
SNR-0EXL,USGS:04024430,snap-20260825-adopt
SNR-0EXM,USGS:06076500,snap-20260825-adopt
SNR-0EXN,USGS:06058000,snap-20260825-adopt
SNR-0EXO,USGS:06127520,snap-20260825-adopt
SNR-0EXP,USGS:04027655,snap-20260825-adopt
SNR-0EXQ,USGS:05244000,snap-20260825-adopt
SNR-0EXR,USGS:06120600,snap-20260825-adopt
SNR-0EXS,USGS:05030150,snap-20260825-adopt
SNR-0EXT,USGS:463836090423701,snap-20260825-adopt
SNR-0EXU,USGS:06127570,snap-20260825-adopt
SNR-0EXV,USGS:04025200,snap-20260825-adopt
SNR-0EXW,USGS:06063600,snap-20260825-adopt
SNR-0EXX,USGS:06058502,snap-20260825-adopt
SNR-0EXY,USGS:463910086014201,snap-20260825-adopt
SNR-0EXZ,USGS:06349700,snap-20260825-adopt
SNR-0EY0,USGS:0402403250,snap-20260825-adopt
SNR-0EY1,USGS:06345780,snap-20260825-adopt
SNR-0EY2,USGS:05051522,snap-20260825-adopt
SNR-0EY3,USGS:05061200,snap-20260825-adopt
SNR-0EY4,USGS:06064150,snap-20260825-adopt
SNR-0EY5,USGS:06063500,snap-20260825-adopt
SNR-0EY6,USGS:06345200,snap-20260825-adopt
SNR-0EY7,USGS:05230500,snap-20260825-adopt
SNR-0EY8,USGS:05231000,snap-20260825-adopt
SNR-0EY9,USGS:06074500,snap-20260825-adopt
SNR-0EYA,USGS:06326850,snap-20260825-adopt
SNR-0EYB,USGS:05244100,snap-20260825-adopt
SNR-0EYC,USGS:04044796,snap-20260825-adopt
SNR-0EYD,USGS:040244534,snap-20260825-adopt
SNR-0EYE,USGS:05244409,snap-20260825-adopt
SNR-0EYF,USGS:06076590,snap-20260825-adopt
SNR-0EYG,USGS:040244533,snap-20260825-adopt
SNR-0EYH,USGS:06124600,snap-20260825-adopt
SNR-0EYI,USGS:464059098021200,snap-20260825-adopt
SNR-0EYJ,USGS:05059715,snap-20260825-adopt
SNR-0EYK,USGS:05229430,snap-20260825-adopt
SNR-0EYL,USGS:464110092531401,snap-20260825-adopt
SNR-0EYM,USGS:464110092531402,snap-20260825-adopt
SNR-0EYN,USGS:464110092531403,snap-20260825-adopt
SNR-0EYO,USGS:464112092531401,snap-20260825-adopt
SNR-0EYP,USGS:464112092531404,snap-20260825-adopt
SNR-0EYQ,USGS:06309040,snap-20260825-adopt
SNR-0EYR,USGS:464114097260900,snap-20260825-adopt
SNR-0EYS,USGS:464115097255000,snap-20260825-adopt
SNR-0EYT,USGS:464115097254700,snap-20260825-adopt
SNR-0EYU,USGS:04044813,snap-20260825-adopt
SNR-0EYV,USGS:04035000,snap-20260825-adopt
SNR-0EYW,USGS:04026300,snap-20260825-adopt
SNR-0EYX,USGS:06345300,snap-20260825-adopt
SNR-0EYY,USGS:464129096453101,snap-20260825-adopt
SNR-0EYZ,USGS:06349275,snap-20260825-adopt
SNR-0EZ0,USGS:04024015,snap-20260825-adopt
SNR-0EZ1,USGS:05229450,snap-20260825-adopt
SNR-0EZ2,USGS:06347500,snap-20260825-adopt
SNR-0EZ3,USGS:04032150,snap-20260825-adopt
SNR-0EZ4,USGS:06342875,snap-20260825-adopt
SNR-0EZ5,USGS:04035500,snap-20260825-adopt
SNR-0EZ6,USGS:06349280,snap-20260825-adopt
SNR-0EZ7,USGS:04024080,snap-20260825-adopt
SNR-0EZ8,USGS:464208098372000,snap-20260825-adopt
SNR-0EZ9,USGS:06348300,snap-20260825-adopt
SNR-0EZA,USGS:06076600,snap-20260825-adopt
SNR-0EZB,USGS:04024000,snap-20260825-adopt
SNR-0EZC,USGS:04026005,snap-20260825-adopt
SNR-0EZD,USGS:464222092403801,snap-20260825-adopt
SNR-0EZE,USGS:464226092005600,snap-20260825-adopt
SNR-0EZF,USGS:05220600,snap-20260825-adopt
SNR-0EZG,USGS:05221020,snap-20260825-adopt
SNR-0EZH,USGS:06470400,snap-20260825-adopt
SNR-0EZI,USGS:464243096495100,snap-20260825-adopt
SNR-0EZJ,USGS:04043275,snap-20260825-adopt
SNR-0EZK,USGS:05053500,snap-20260825-adopt
SNR-0EZL,USGS:04040000,snap-20260825-adopt
SNR-0EZM,USGS:06345100,snap-20260825-adopt
SNR-0EZN,USGS:04043126,snap-20260825-adopt
SNR-0EZO,USGS:04024081,snap-20260825-adopt
SNR-0EZP,USGS:464322092401401,snap-20260825-adopt
SNR-0EZQ,USGS:05040000,snap-20260825-adopt
SNR-0EZR,USGS:04041500,snap-20260825-adopt
SNR-0EZS,USGS:464349092083701,snap-20260825-adopt
SNR-0EZT,USGS:05039100,snap-20260825-adopt
SNR-0EZU,USGS:06076000,snap-20260825-adopt
SNR-0EZV,USGS:04043097,snap-20260825-adopt
SNR-0EZW,USGS:05061400,snap-20260825-adopt
SNR-0EZX,USGS:06345500,snap-20260825-adopt
SNR-0EZY,USGS:040260078,snap-20260825-adopt
SNR-0EZZ,USGS:05059300,snap-20260825-adopt
SNR-0F00,USGS:04023600,snap-20260825-adopt
SNR-0F01,USGS:06470300,snap-20260825-adopt
SNR-0F02,USGS:06349070,snap-20260825-adopt
SNR-0F03,USGS:04043140,snap-20260825-adopt
SNR-0F04,USGS:05059310,snap-20260825-adopt
SNR-0F05,USGS:06109800,snap-20260825-adopt
SNR-0F06,USGS:464522092064901,snap-20260825-adopt
SNR-0F07,USGS:04015415,snap-20260825-adopt
SNR-0F08,USGS:05037100,snap-20260825-adopt
SNR-0F09,USGS:06127585,snap-20260825-adopt
SNR-0F0A,USGS:464531092070401,snap-20260825-adopt
SNR-0F0B,USGS:464531092065201,snap-20260825-adopt
SNR-0F0C,USGS:464533096470900,snap-20260825-adopt
SNR-0F0D,USGS:464534092070401,snap-20260825-adopt
SNR-0F0E,USGS:464534092065501,snap-20260825-adopt
SNR-0F0F,USGS:464540092071301,snap-20260825-adopt
SNR-0F0G,USGS:04015410,snap-20260825-adopt
SNR-0F0H,USGS:06068000,snap-20260825-adopt
SNR-0F0I,USGS:464557100485800,snap-20260825-adopt
SNR-0F0J,USGS:464556100432200,snap-20260825-adopt
SNR-0F0K,USGS:06065500,snap-20260825-adopt
SNR-0F0L,USGS:06067500,snap-20260825-adopt
SNR-0F0M,USGS:06077000,snap-20260825-adopt
SNR-0F0N,USGS:04032500,snap-20260825-adopt
SNR-0F0O,USGS:06076800,snap-20260825-adopt
SNR-0F0P,USGS:05061500,snap-20260825-adopt
SNR-0F0Q,USGS:464646092052900,snap-20260825-adopt
SNR-0F0R,USGS:04021520,snap-20260825-adopt
SNR-0F0S,USGS:05035600,snap-20260825-adopt
SNR-0F0T,USGS:04043238,snap-20260825-adopt
SNR-0F0U,USGS:06067000,snap-20260825-adopt
SNR-0F0V,USGS:464703100464600,snap-20260825-adopt
SNR-0F0W,USGS:04042000,snap-20260825-adopt
SNR-0F0X,USGS:04043244,snap-20260825-adopt
SNR-0F0Y,USGS:06068500,snap-20260825-adopt
SNR-0F0Z,USGS:05219000,snap-20260825-adopt
SNR-0F10,USGS:05034100,snap-20260825-adopt
SNR-0F11,USGS:05220500,snap-20260825-adopt
SNR-0F12,USGS:06470100,snap-20260825-adopt
SNR-0F13,USGS:06127900,snap-20260825-adopt
SNR-0F14,USGS:06349500,snap-20260825-adopt
SNR-0F15,USGS:06076690,snap-20260825-adopt
SNR-0F16,USGS:06347090,snap-20260825-adopt
SNR-0F17,USGS:06076700,snap-20260825-adopt
SNR-0F18,USGS:05035500,snap-20260825-adopt
SNR-0F19,USGS:06327550,snap-20260825-adopt
SNR-0F1A,USGS:06326940,snap-20260825-adopt
SNR-0F1B,USGS:05059400,snap-20260825-adopt
SNR-0F1C,USGS:04043150,snap-20260825-adopt
SNR-0F1D,USGS:06077100,snap-20260825-adopt
SNR-0F1E,USGS:06345700,snap-20260825-adopt
SNR-0F1F,USGS:464816096475400,snap-20260825-adopt
SNR-0F1G,USGS:04023150,snap-20260825-adopt
SNR-0F1H,USGS:04026157,snap-20260825-adopt
SNR-0F1I,USGS:06349600,snap-20260825-adopt
SNR-0F1J,USGS:05035100,snap-20260825-adopt
SNR-0F1K,USGS:05035300,snap-20260825-adopt
SNR-0F1L,USGS:05033900,snap-20260825-adopt
SNR-0F1M,USGS:05035200,snap-20260825-adopt
SNR-0F1N,USGS:05243200,snap-20260825-adopt
SNR-0F1O,USGS:06342500,snap-20260825-adopt
SNR-0F1P,USGS:04015400,snap-20260825-adopt
SNR-0F1Q,USGS:06346650,snap-20260825-adopt
SNR-0F1R,USGS:464907097015500,snap-20260825-adopt
SNR-0F1S,USGS:06071000,snap-20260825-adopt
SNR-0F1T,USGS:06309020,snap-20260825-adopt
SNR-0F1U,USGS:06349590,snap-20260825-adopt
SNR-0F1V,USGS:06349002,snap-20260825-adopt
SNR-0F1W,USGS:06069000,snap-20260825-adopt
SNR-0F1X,USGS:06077200,snap-20260825-adopt
SNR-0F1Y,USGS:06347100,snap-20260825-adopt
SNR-0F1Z,USGS:040325155,snap-20260825-adopt
SNR-0F20,USGS:05218000,snap-20260825-adopt
SNR-0F21,USGS:04043165,snap-20260825-adopt
SNR-0F22,USGS:05059460,snap-20260825-adopt
SNR-0F23,USGS:06349000,snap-20260825-adopt
SNR-0F24,USGS:465004096473000,snap-20260825-adopt
SNR-0F25,USGS:04042500,snap-20260825-adopt
SNR-0F26,USGS:05030000,snap-20260825-adopt
SNR-0F27,USGS:04042300,snap-20260825-adopt
SNR-0F28,USGS:06109750,snap-20260825-adopt
SNR-0F29,USGS:04043170,snap-20260825-adopt
SNR-0F2A,USGS:06344200,snap-20260825-adopt
SNR-0F2B,USGS:06342900,snap-20260825-adopt
SNR-0F2C,USGS:06070000,snap-20260825-adopt
SNR-0F2D,USGS:06070500,snap-20260825-adopt
SNR-0F2E,USGS:05059465,snap-20260825-adopt
SNR-0F2F,USGS:04043250,snap-20260825-adopt
SNR-0F2G,USGS:06109780,snap-20260825-adopt
SNR-0F2H,USGS:06326555,snap-20260825-adopt
SNR-0F2I,USGS:06348500,snap-20260825-adopt
SNR-0F2J,USGS:05061000,snap-20260825-adopt
SNR-0F2K,USGS:06349580,snap-20260825-adopt
SNR-0F2L,USGS:06342850,snap-20260825-adopt
SNR-0F2M,USGS:04026160,snap-20260825-adopt
SNR-0F2N,USGS:06326550,snap-20260825-adopt
SNR-0F2O,USGS:465130091060701,snap-20260825-adopt
SNR-0F2P,USGS:06342470,snap-20260825-adopt
SNR-0F2Q,USGS:05054000,snap-20260825-adopt
SNR-0F2R,USGS:04021530,snap-20260825-adopt
SNR-0F2S,USGS:06344000,snap-20260825-adopt
SNR-0F2T,USGS:06343000,snap-20260825-adopt
SNR-0F2U,USGS:06326900,snap-20260825-adopt
SNR-0F2V,USGS:05060000,snap-20260825-adopt
SNR-0F2W,USGS:06344300,snap-20260825-adopt
SNR-0F2X,USGS:06344500,snap-20260825-adopt
SNR-0F2Y,USGS:465213097003901,snap-20260825-adopt
SNR-0F2Z,USGS:06470200,snap-20260825-adopt
SNR-0F30,USGS:05243725,snap-20260825-adopt
SNR-0F31,USGS:06336447,snap-20260825-adopt
SNR-0F32,USGS:465234097045600,snap-20260825-adopt
SNR-0F33,USGS:06343200,snap-20260825-adopt
SNR-0F34,USGS:465240096465000,snap-20260825-adopt
SNR-0F35,USGS:05243723,snap-20260825-adopt
SNR-0F36,USGS:05060950,snap-20260825-adopt
SNR-0F37,USGS:06349576,snap-20260825-adopt
SNR-0F38,USGS:06109900,snap-20260825-adopt
SNR-0F39,USGS:06349100,snap-20260825-adopt
SNR-0F3A,USGS:06336450,snap-20260825-adopt
SNR-0F3B,USGS:05059950,snap-20260825-adopt
SNR-0F3C,USGS:04015370,snap-20260825-adopt
SNR-0F3D,USGS:06470000,snap-20260825-adopt
SNR-0F3E,USGS:06469600,snap-20260825-adopt
SNR-0F3F,USGS:05059678,snap-20260825-adopt
SNR-0F3G,USGS:05059480,snap-20260825-adopt
SNR-0F3H,USGS:05059500,snap-20260825-adopt
SNR-0F3I,USGS:06110000,snap-20260825-adopt
SNR-0F3J,USGS:06071100,snap-20260825-adopt
SNR-0F3K,USGS:06345000,snap-20260825-adopt
SNR-0F3L,USGS:04015360,snap-20260825-adopt
SNR-0F3M,USGS:06342970,snap-20260825-adopt
SNR-0F3N,USGS:04026200,snap-20260825-adopt
SNR-0F3O,USGS:04026190,snap-20260825-adopt
SNR-0F3P,USGS:465414096462600,snap-20260825-adopt
SNR-0F3Q,USGS:05243721,snap-20260825-adopt
SNR-0F3R,USGS:05060100,snap-20260825-adopt
SNR-0F3S,USGS:06469830,snap-20260825-adopt
SNR-0F3T,USGS:06336100,snap-20260825-adopt
SNR-0F3U,USGS:06469015,snap-20260825-adopt
SNR-0F3V,USGS:06342450,snap-20260825-adopt
SNR-0F3W,USGS:05058500,snap-20260825-adopt
SNR-0F3X,USGS:05059900,snap-20260825-adopt
SNR-0F3Y,USGS:06336000,snap-20260825-adopt
SNR-0F3Z,USGS:06110020,snap-20260825-adopt
SNR-0F40,USGS:465511097363300,snap-20260825-adopt
SNR-0F41,USGS:06127600,snap-20260825-adopt
SNR-0F42,USGS:465522100534300,snap-20260825-adopt
SNR-0F43,USGS:06347200,snap-20260825-adopt
SNR-0F44,USGS:06336200,snap-20260825-adopt
SNR-0F45,USGS:06469005,snap-20260825-adopt
SNR-0F46,USGS:06130000,snap-20260825-adopt
SNR-0F47,USGS:06128200,snap-20260825-adopt
SNR-0F48,USGS:06071200,snap-20260825-adopt
SNR-0F49,USGS:465652094394802,snap-20260825-adopt
SNR-0F4A,USGS:465652094394801,snap-20260825-adopt
SNR-0F4B,USGS:465652094394803,snap-20260825-adopt
SNR-0F4C,USGS:465652094394804,snap-20260825-adopt
SNR-0F4D,USGS:06469825,snap-20260825-adopt
SNR-0F4E,USGS:06130925,snap-20260825-adopt
SNR-0F4F,USGS:06336300,snap-20260825-adopt
SNR-0F4G,USGS:06326950,snap-20260825-adopt
SNR-0F4H,USGS:465720094401301,snap-20260825-adopt
SNR-0F4I,USGS:465724094402601,snap-20260825-adopt
SNR-0F4J,USGS:06469820,snap-20260825-adopt
SNR-0F4K,USGS:06112000,snap-20260825-adopt
SNR-0F4L,USGS:06112100,snap-20260825-adopt
SNR-0F4M,USGS:06342350,snap-20260825-adopt
SNR-0F4N,USGS:06336500,snap-20260825-adopt
SNR-0F4O,USGS:06336510,snap-20260825-adopt
SNR-0F4P,USGS:06111000,snap-20260825-adopt
SNR-0F4Q,USGS:06129500,snap-20260825-adopt
SNR-0F4R,USGS:06336400,snap-20260825-adopt
SNR-0F4S,USGS:06130500,snap-20260825-adopt
SNR-0F4T,USGS:06066500,snap-20260825-adopt
SNR-0F4U,USGS:06111700,snap-20260825-adopt
SNR-0F4V,USGS:465949094412901,snap-20260825-adopt
SNR-0F4W,USGS:465950094413101,snap-20260825-adopt
SNR-0F4X,USGS:06326953,snap-20260825-adopt
SNR-0F4Y,USGS:05217700,snap-20260825-adopt
SNR-0F4Z,USGS:06129400,snap-20260825-adopt
SNR-0F50,USGS:06071300,snap-20260825-adopt
SNR-0F51,USGS:06111500,snap-20260825-adopt
SNR-0F52,USGS:06344610,snap-20260825-adopt
SNR-0F53,USGS:06327790,snap-20260825-adopt
SNR-0F54,USGS:470030094410801,snap-20260825-adopt
SNR-0F55,USGS:06129000,snap-20260825-adopt
SNR-0F56,USGS:06129800,snap-20260825-adopt
SNR-0F57,USGS:06129700,snap-20260825-adopt
SNR-0F58,USGS:470057094391201,snap-20260825-adopt
SNR-0F59,USGS:06128900,snap-20260825-adopt
SNR-0F5A,USGS:06327800,snap-20260825-adopt
SNR-0F5B,USGS:06077300,snap-20260825-adopt
SNR-0F5C,USGS:06342300,snap-20260825-adopt
SNR-0F5D,USGS:06344600,snap-20260825-adopt
SNR-0F5E,USGS:06336515,snap-20260825-adopt
SNR-0F5F,USGS:06130600,snap-20260825-adopt
SNR-0F5G,USGS:06130610,snap-20260825-adopt
SNR-0F5H,USGS:06342260,snap-20260825-adopt
SNR-0F5I,USGS:06336545,snap-20260825-adopt
SNR-0F5J,USGS:06342230,snap-20260825-adopt
SNR-0F5K,USGS:06469500,snap-20260825-adopt
SNR-0F5L,USGS:06129100,snap-20260825-adopt
SNR-0F5M,USGS:06112500,snap-20260825-adopt
SNR-0F5N,USGS:06071500,snap-20260825-adopt
SNR-0F5O,USGS:06071600,snap-20260825-adopt
SNR-0F5P,USGS:06326952,snap-20260825-adopt
SNR-0F5Q,USGS:06129200,snap-20260825-adopt
SNR-0F5R,USGS:06342020,snap-20260825-adopt
SNR-0F5S,USGS:05205200,snap-20260825-adopt
SNR-0F5T,USGS:05210200,snap-20260825-adopt
SNR-0F5U,USGS:06071400,snap-20260825-adopt
SNR-0F5V,USGS:06111800,snap-20260825-adopt
SNR-0F5W,USGS:06327450,snap-20260825-adopt
SNR-0F5X,USGS:06342200,snap-20260825-adopt
SNR-0F5Y,USGS:06327700,snap-20260825-adopt
SNR-0F5Z,USGS:06327720,snap-20260825-adopt
SNR-0F60,USGS:06342250,snap-20260825-adopt
SNR-0F61,USGS:06342150,snap-20260825-adopt
SNR-0F62,USGS:06327500,snap-20260825-adopt
SNR-0F63,USGS:06339490,snap-20260825-adopt
SNR-0F64,USGS:05217000,snap-20260825-adopt
SNR-0F65,USGS:06342100,snap-20260825-adopt
SNR-0F66,USGS:06342050,snap-20260825-adopt
SNR-0F67,USGS:06340300,snap-20260825-adopt
SNR-0F68,USGS:06327000,snap-20260825-adopt
SNR-0F69,USGS:06114000,snap-20260825-adopt
SNR-0F6A,USGS:06114500,snap-20260825-adopt
SNR-0F6B,USGS:05216980,snap-20260825-adopt
SNR-0F6C,USGS:06342000,snap-20260825-adopt
SNR-0F6D,USGS:06340200,snap-20260825-adopt
SNR-0F6E,USGS:06342040,snap-20260825-adopt
SNR-0F6F,USGS:06339300,snap-20260825-adopt
SNR-0F6G,USGS:06468500,snap-20260825-adopt
SNR-0F6H,USGS:06339500,snap-20260825-adopt
SNR-0F6I,USGS:06328100,snap-20260825-adopt
SNR-0F6J,USGS:470938112130601,snap-20260825-adopt
SNR-0F6K,USGS:06328000,snap-20260825-adopt
SNR-0F6L,USGS:06336600,snap-20260825-adopt
SNR-0F6M,USGS:06469400,snap-20260825-adopt
SNR-0F6N,USGS:05205900,snap-20260825-adopt
SNR-0F6O,USGS:06468460,snap-20260825-adopt
SNR-0F6P,USGS:06339560,snap-20260825-adopt
SNR-0F6Q,USGS:06326960,snap-20260825-adopt
SNR-0F6R,USGS:06339200,snap-20260825-adopt
SNR-0F6S,USGS:06177050,snap-20260825-adopt
SNR-0F6T,USGS:06077500,snap-20260825-adopt
SNR-0F6U,USGS:471133111484801,snap-20260825-adopt
SNR-0F6V,USGS:06130800,snap-20260825-adopt
SNR-0F6W,USGS:05199950,snap-20260825-adopt
SNR-0F6X,USGS:06073500,snap-20260825-adopt
SNR-0F6Y,USGS:06339550,snap-20260825-adopt
SNR-0F6Z,USGS:06128400,snap-20260825-adopt
SNR-0F70,USGS:06130850,snap-20260825-adopt
SNR-0F71,USGS:06090500,snap-20260825-adopt
SNR-0F72,USGS:06339180,snap-20260825-adopt
SNR-0F73,USGS:06130900,snap-20260825-adopt
SNR-0F74,USGS:06128500,snap-20260825-adopt
SNR-0F75,USGS:05211000,snap-20260825-adopt
SNR-0F76,USGS:06339100,snap-20260825-adopt
SNR-0F77,USGS:06177100,snap-20260825-adopt
SNR-0F78,USGS:05206500,snap-20260825-adopt
SNR-0F79,USGS:06130940,snap-20260825-adopt
SNR-0F7A,USGS:06090550,snap-20260825-adopt
SNR-0F7B,USGS:05210000,snap-20260825-adopt
SNR-0F7C,USGS:06130700,snap-20260825-adopt
SNR-0F7D,USGS:06340010,snap-20260825-adopt
SNR-0F7E,USGS:06112800,snap-20260825-adopt
SNR-0F7F,USGS:471530112130301,snap-20260825-adopt
SNR-0F7G,USGS:06341950,snap-20260825-adopt
SNR-0F7H,USGS:06328495,snap-20260825-adopt
SNR-0F7I,USGS:06468380,snap-20260825-adopt
SNR-0F7J,USGS:06340780,snap-20260825-adopt
SNR-0F7K,USGS:06341790,snap-20260825-adopt
SNR-0F7L,USGS:06074000,snap-20260825-adopt
SNR-0F7M,USGS:06341800,snap-20260825-adopt
SNR-0F7N,USGS:06340890,snap-20260825-adopt
SNR-0F7O,USGS:06468360,snap-20260825-adopt
SNR-0F7P,USGS:06340900,snap-20260825-adopt
SNR-0F7Q,USGS:06072000,snap-20260825-adopt
SNR-0F7R,USGS:06072500,snap-20260825-adopt
SNR-0F7S,USGS:06340500,snap-20260825-adopt
SNR-0F7T,USGS:06340000,snap-20260825-adopt
SNR-0F7U,USGS:06340700,snap-20260825-adopt
SNR-0F7V,USGS:05216860,snap-20260825-adopt
SNR-0F7W,USGS:06341000,snap-20260825-adopt
SNR-0F7X,USGS:06328800,snap-20260825-adopt
SNR-0F7Y,USGS:06073600,snap-20260825-adopt
SNR-0F7Z,USGS:06073000,snap-20260825-adopt
SNR-0F80,USGS:06328700,snap-20260825-adopt
SNR-0F81,USGS:06177350,snap-20260825-adopt
SNR-0F82,USGS:06339960,snap-20260825-adopt
SNR-0F83,USGS:06177200,snap-20260825-adopt
SNR-0F84,USGS:06177250,snap-20260825-adopt
SNR-0F85,USGS:06114550,snap-20260825-adopt
SNR-0F86,USGS:05207600,snap-20260825-adopt
SNR-0F87,USGS:06340905,snap-20260825-adopt
SNR-0F88,USGS:06340930,snap-20260825-adopt
SNR-0F89,USGS:06177150,snap-20260825-adopt
SNR-0F8A,USGS:06077700,snap-20260825-adopt
SNR-0F8B,USGS:05216800,snap-20260825-adopt
SNR-0F8C,USGS:06340540,snap-20260825-adopt
SNR-0F8D,USGS:06078260,snap-20260825-adopt
SNR-0F8E,USGS:06468340,snap-20260825-adopt
SNR-0F8F,USGS:06077800,snap-20260825-adopt
SNR-0F8G,USGS:05200170,snap-20260825-adopt
SNR-0F8H,USGS:06328900,snap-20260825-adopt
SNR-0F8I,USGS:06328200,snap-20260825-adopt
SNR-0F8J,USGS:06340536,snap-20260825-adopt
SNR-0F8K,USGS:05208010,snap-20260825-adopt
SNR-0F8L,USGS:06113000,snap-20260825-adopt
SNR-0F8M,USGS:06130915,snap-20260825-adopt
SNR-0F8N,USGS:06340580,snap-20260825-adopt
SNR-0F8O,USGS:06340520,snap-20260825-adopt
SNR-0F8P,USGS:06130620,snap-20260825-adopt
SNR-0F8Q,USGS:06130950,snap-20260825-adopt
SNR-0F8R,USGS:06339955,snap-20260825-adopt
SNR-0F8S,USGS:06339800,snap-20260825-adopt
SNR-0F8T,USGS:06090570,snap-20260825-adopt
SNR-0F8U,USGS:06177300,snap-20260825-adopt
SNR-0F8V,USGS:06131000,snap-20260825-adopt
SNR-0F8W,USGS:06177400,snap-20260825-adopt
SNR-0F8X,USGS:06340528,snap-20260825-adopt
SNR-0F8Y,USGS:06078000,snap-20260825-adopt
SNR-0F8Z,USGS:06340590,snap-20260825-adopt
SNR-0F90,USGS:06339010,snap-20260825-adopt
SNR-0F91,USGS:06340524,snap-20260825-adopt
SNR-0F92,USGS:06339900,snap-20260825-adopt
SNR-0F93,USGS:06078250,snap-20260825-adopt
SNR-0F94,USGS:06339950,snap-20260825-adopt
SNR-0F95,USGS:05216820,snap-20260825-adopt
SNR-0F96,USGS:06329200,snap-20260825-adopt
SNR-0F97,USGS:05216700,snap-20260825-adopt
SNR-0F98,USGS:06090590,snap-20260825-adopt
SNR-0F99,USGS:06341410,snap-20260825-adopt
SNR-0F9A,USGS:06339000,snap-20260825-adopt
SNR-0F9B,USGS:06131100,snap-20260825-adopt
SNR-0F9C,USGS:05212700,snap-20260825-adopt
SNR-0F9D,USGS:06078230,snap-20260825-adopt
SNR-0F9E,USGS:05200200,snap-20260825-adopt
SNR-0F9F,USGS:06468250,snap-20260825-adopt
SNR-0F9G,USGS:06468300,snap-20260825-adopt
SNR-0F9H,USGS:06078270,snap-20260825-adopt
SNR-0F9I,USGS:06131120,snap-20260825-adopt
SNR-0F9J,USGS:06339890,snap-20260825-adopt
SNR-0F9K,USGS:06082500,snap-20260825-adopt
SNR-0F9L,USGS:06328400,snap-20260825-adopt
SNR-0F9M,USGS:05200450,snap-20260825-adopt
SNR-0F9N,USGS:06177500,snap-20260825-adopt
SNR-0F9O,USGS:06130630,snap-20260825-adopt
SNR-0F9P,USGS:05201500,snap-20260825-adopt
SNR-0F9Q,USGS:06078200,snap-20260825-adopt
SNR-0F9R,USGS:06083500,snap-20260825-adopt
SNR-0F9S,USGS:06084000,snap-20260825-adopt
SNR-0F9T,USGS:06085510,snap-20260825-adopt
SNR-0F9U,USGS:05200445,snap-20260825-adopt
SNR-0F9V,USGS:472705112264401,snap-20260825-adopt
SNR-0F9W,USGS:472709101175100,snap-20260825-adopt
SNR-0F9X,USGS:472727101175000,snap-20260825-adopt
SNR-0F9Y,USGS:06469100,snap-20260825-adopt
SNR-0F9Z,USGS:06469350,snap-20260825-adopt
SNR-0FA0,USGS:06341400,snap-20260825-adopt
SNR-0FA1,USGS:472731101175500,snap-20260825-adopt
SNR-0FA2,USGS:05200510,snap-20260825-adopt
SNR-0FA3,USGS:06084500,snap-20260825-adopt
SNR-0FA4,USGS:06085800,snap-20260825-adopt
SNR-0FA5,USGS:06338490,snap-20260825-adopt
SNR-0FA6,USGS:06090600,snap-20260825-adopt
SNR-0FA7,USGS:06090000,snap-20260825-adopt
SNR-0FA8,USGS:06085000,snap-20260825-adopt
SNR-0FA9,USGS:06085500,snap-20260825-adopt
SNR-0FAA,USGS:06329350,snap-20260825-adopt
SNR-0FAB,USGS:06086000,snap-20260825-adopt
SNR-0FAC,USGS:473058112311801,snap-20260825-adopt
SNR-0FAD,USGS:06090700,snap-20260825-adopt
SNR-0FAE,USGS:06089000,snap-20260825-adopt
SNR-0FAF,USGS:06089300,snap-20260825-adopt
SNR-0FAG,USGS:06177720,snap-20260825-adopt
SNR-0FAH,USGS:06087500,snap-20260825-adopt
SNR-0FAI,USGS:06131200,snap-20260825-adopt
SNR-0FAJ,USGS:06086500,snap-20260825-adopt
SNR-0FAK,USGS:06081500,snap-20260825-adopt
SNR-0FAL,USGS:06082200,snap-20260825-adopt
SNR-0FAM,USGS:06468190,snap-20260825-adopt
SNR-0FAN,USGS:06081000,snap-20260825-adopt
SNR-0FAO,USGS:06468170,snap-20260825-adopt
SNR-0FAP,USGS:06113500,snap-20260825-adopt
SNR-0FAQ,USGS:06088500,snap-20260825-adopt
SNR-0FAR,USGS:06337500,snap-20260825-adopt
SNR-0FAS,USGS:06087000,snap-20260825-adopt
SNR-0FAT,USGS:473423095053301,snap-20260825-adopt
SNR-0FAU,USGS:473425095052602,snap-20260825-adopt
SNR-0FAV,USGS:473426095052401,snap-20260825-adopt
SNR-0FAW,USGS:473425095052302,snap-20260825-adopt
SNR-0FAX,USGS:473426095052305,snap-20260825-adopt
SNR-0FAY,USGS:473428095050801,snap-20260825-adopt
SNR-0FAZ,USGS:473429095050703,snap-20260825-adopt
SNR-0FB0,USGS:473429095051303,snap-20260825-adopt
SNR-0FB1,USGS:06130650,snap-20260825-adopt
SNR-0FB2,USGS:06090300,snap-20260825-adopt
SNR-0FB3,USGS:06090610,snap-20260825-adopt
SNR-0FB4,USGS:06337000,snap-20260825-adopt
SNR-0FB5,USGS:06080700,snap-20260825-adopt
SNR-0FB6,USGS:06337300,snap-20260825-adopt
SNR-0FB7,USGS:06336980,snap-20260825-adopt
SNR-0FB8,USGS:06079600,snap-20260825-adopt
SNR-0FB9,USGS:06131300,snap-20260825-adopt
SNR-0FBA,USGS:06115270,snap-20260825-adopt
SNR-0FBB,USGS:06080800,snap-20260825-adopt
SNR-0FBC,USGS:06080900,snap-20260825-adopt
SNR-0FBD,USGS:06080000,snap-20260825-adopt
SNR-0FBE,USGS:06088300,snap-20260825-adopt
SNR-0FBF,USGS:06115100,snap-20260825-adopt
SNR-0FBG,USGS:06079000,snap-20260825-adopt
SNR-0FBH,USGS:06177650,snap-20260825-adopt
SNR-0FBI,USGS:06115200,snap-20260825-adopt
SNR-0FBJ,USGS:06337900,snap-20260825-adopt
SNR-0FBK,USGS:06078500,snap-20260825-adopt
SNR-0FBL,USGS:06090720,snap-20260825-adopt
SNR-0FBM,USGS:06088200,snap-20260825-adopt
SNR-0FBN,USGS:06337600,snap-20260825-adopt
SNR-0FBO,USGS:06467800,snap-20260825-adopt
SNR-0FBP,USGS:06467600,snap-20260825-adopt
SNR-0FBQ,USGS:06467650,snap-20260825-adopt
SNR-0FBR,USGS:06329510,snap-20260825-adopt
SNR-0FBS,USGS:06114900,snap-20260825-adopt
SNR-0FBT,USGS:06088100,snap-20260825-adopt
SNR-0FBU,USGS:06114700,snap-20260825-adopt
SNR-0FBV,USGS:06329500,snap-20260825-adopt
SNR-0FBW,USGS:06468000,snap-20260825-adopt
SNR-0FBX,USGS:06337100,snap-20260825-adopt
SNR-0FBY,USGS:06467750,snap-20260825-adopt
SNR-0FBZ,USGS:06090810,snap-20260825-adopt
SNR-0FC0,USGS:06115350,snap-20260825-adopt
SNR-0FC1,USGS:06177700,snap-20260825-adopt
SNR-0FC2,USGS:06090650,snap-20260825-adopt
SNR-0FC3,USGS:06088000,snap-20260825-adopt
SNR-0FC4,USGS:474300099153700,snap-20260825-adopt
SNR-0FC5,USGS:06467700,snap-20260825-adopt
SNR-0FC6,USGS:06105000,snap-20260825-adopt
SNR-0FC7,USGS:06115000,snap-20260825-adopt
SNR-0FC8,USGS:06105800,snap-20260825-adopt
SNR-0FC9,USGS:06332770,snap-20260825-adopt
SNR-0FCA,USGS:06105500,snap-20260825-adopt
SNR-0FCB,USGS:06106000,snap-20260825-adopt
SNR-0FCC,USGS:06115300,snap-20260825-adopt
SNR-0FCD,USGS:06467900,snap-20260825-adopt
SNR-0FCE,USGS:06087900,snap-20260825-adopt
SNR-0FCF,USGS:06109600,snap-20260825-adopt
SNR-0FCG,USGS:06332515,snap-20260825-adopt
SNR-0FCH,USGS:06329595,snap-20260825-adopt
SNR-0FCI,USGS:06104500,snap-20260825-adopt
SNR-0FCJ,USGS:06337080,snap-20260825-adopt
SNR-0FCK,USGS:06175550,snap-20260825-adopt
SNR-0FCL,USGS:06337200,snap-20260825-adopt
SNR-0FCM,USGS:06329590,snap-20260825-adopt
SNR-0FCN,USGS:06090800,snap-20260825-adopt
SNR-0FCO,USGS:474915112043001,snap-20260825-adopt
SNR-0FCP,USGS:06329570,snap-20260825-adopt
SNR-0FCQ,USGS:06108200,snap-20260825-adopt
SNR-0FCR,USGS:06108300,snap-20260825-adopt
SNR-0FCS,USGS:06106400,snap-20260825-adopt
SNR-0FCT,USGS:06329597,snap-20260825-adopt
SNR-0FCU,USGS:475115110582001,snap-20260825-adopt
SNR-0FCV,USGS:06103500,snap-20260825-adopt
SNR-0FCW,USGS:06329610,snap-20260825-adopt
SNR-0FCX,USGS:06108500,snap-20260825-adopt
SNR-0FCY,USGS:06177820,snap-20260825-adopt
SNR-0FCZ,USGS:06103000,snap-20260825-adopt
SNR-0FD0,USGS:06104000,snap-20260825-adopt
SNR-0FD1,USGS:06102500,snap-20260825-adopt
SNR-0FD2,USGS:06173300,snap-20260825-adopt
SNR-0FD3,USGS:06177825,snap-20260825-adopt
SNR-0FD4,USGS:06177800,snap-20260825-adopt
SNR-0FD5,USGS:06329620,snap-20260825-adopt
SNR-0FD6,USGS:06164600,snap-20260825-adopt
SNR-0FD7,USGS:06108000,snap-20260825-adopt
SNR-0FD8,USGS:06108800,snap-20260825-adopt
SNR-0FD9,USGS:06109000,snap-20260825-adopt
SNR-0FDA,USGS:06164590,snap-20260825-adopt
SNR-0FDB,USGS:06102300,snap-20260825-adopt
SNR-0FDC,USGS:06102200,snap-20260825-adopt
SNR-0FDD,USGS:06102050,snap-20260825-adopt
SNR-0FDE,USGS:06102100,snap-20260825-adopt
SNR-0FDF,USGS:06332523,snap-20260825-adopt
SNR-0FDG,USGS:06329650,snap-20260825-adopt
SNR-0FDH,USGS:475730106550702,snap-20260825-adopt
SNR-0FDI,USGS:475739111514901,snap-20260825-adopt
SNR-0FDJ,USGS:06154410,snap-20260825-adopt
SNR-0FDK,USGS:06164615,snap-20260825-adopt
SNR-0FDL,USGS:06332500,snap-20260825-adopt
SNR-0FDM,USGS:06107500,snap-20260825-adopt
SNR-0FDN,USGS:06329640,snap-20260825-adopt
SNR-0FDO,USGS:06164620,snap-20260825-adopt
SNR-0FDP,USGS:06106500,snap-20260825-adopt
SNR-0FDQ,USGS:06107000,snap-20260825-adopt
SNR-0FDR,USGS:06331680,snap-20260825-adopt
SNR-0FDS,USGS:06329660,snap-20260825-adopt
SNR-0FDT,USGS:06164623,snap-20260825-adopt
SNR-0FDU,USGS:06175540,snap-20260825-adopt
SNR-0FDV,USGS:06185650,snap-20260825-adopt
SNR-0FDW,USGS:06109500,snap-20260825-adopt
SNR-0FDX,USGS:06164630,snap-20260825-adopt
SNR-0FDY,USGS:06154428,snap-20260825-adopt
SNR-0FDZ,USGS:06175100,snap-20260825-adopt
SNR-0FE0,USGS:06154430,snap-20260825-adopt
SNR-0FE1,USGS:06331650,snap-20260825-adopt
SNR-0FE2,USGS:06175520,snap-20260825-adopt
SNR-0FE3,USGS:06175510,snap-20260825-adopt
SNR-0FE4,USGS:06185600,snap-20260825-adopt
SNR-0FE5,USGS:06132000,snap-20260825-adopt
SNR-0FE6,USGS:06329680,snap-20260825-adopt
SNR-0FE7,USGS:06332520,snap-20260825-adopt
SNR-0FE8,USGS:06109560,snap-20260825-adopt
SNR-0FE9,USGS:06176950,snap-20260825-adopt
SNR-0FEA,USGS:06164640,snap-20260825-adopt
SNR-0FEB,USGS:06177000,snap-20260825-adopt
SNR-0FEC,USGS:06175500,snap-20260825-adopt
SNR-0FED,USGS:06331600,snap-20260825-adopt
SNR-0FEE,USGS:06101900,snap-20260825-adopt
SNR-0FEF,USGS:06109530,snap-20260825-adopt
SNR-0FEG,USGS:06164800,snap-20260825-adopt
SNR-0FEH,USGS:06176500,snap-20260825-adopt
SNR-0FEI,USGS:06101510,snap-20260825-adopt
SNR-0FEJ,USGS:06185200,snap-20260825-adopt
SNR-0FEK,USGS:06330000,snap-20260825-adopt
SNR-0FEL,USGS:06174000,snap-20260825-adopt
SNR-0FEM,USGS:480653112535401,snap-20260825-adopt
SNR-0FEN,USGS:06176000,snap-20260825-adopt
SNR-0FEO,USGS:06181000,snap-20260825-adopt
SNR-0FEP,USGS:06185500,snap-20260825-adopt
SNR-0FEQ,USGS:06174500,snap-20260825-adopt
SNR-0FER,USGS:06175000,snap-20260825-adopt
SNR-0FES,USGS:06330110,snap-20260825-adopt
SNR-0FET,USGS:06185300,snap-20260825-adopt
SNR-0FEU,USGS:06099700,snap-20260825-adopt
SNR-0FEV,USGS:06330100,snap-20260825-adopt
SNR-0FEW,USGS:06137500,snap-20260825-adopt
SNR-0FEX,USGS:06181200,snap-20260825-adopt
SNR-0FEY,USGS:06331570,snap-20260825-adopt
SNR-0FEZ,USGS:06185400,snap-20260825-adopt
SNR-0FF0,USGS:06165000,snap-20260825-adopt
SNR-0FF1,USGS:480948112561401,snap-20260825-adopt
SNR-0FF2,USGS:06185110,snap-20260825-adopt
SNR-0FF3,USGS:06094500,snap-20260825-adopt
SNR-0FF4,USGS:06137400,snap-20260825-adopt
SNR-0FF5,USGS:06139800,snap-20260825-adopt
SNR-0FF6,USGS:06139850,snap-20260825-adopt
SNR-0FF7,USGS:06175900,snap-20260825-adopt
SNR-0FF8,USGS:06154350,snap-20260825-adopt
SNR-0FF9,USGS:06185100,snap-20260825-adopt
SNR-0FFA,USGS:06097500,snap-20260825-adopt
SNR-0FFB,USGS:06331500,snap-20260825-adopt
SNR-0FFC,USGS:06331850,snap-20260825-adopt
SNR-0FFD,USGS:06329800,snap-20260825-adopt
SNR-0FFE,USGS:06174300,snap-20260825-adopt
SNR-0FFF,USGS:06329700,snap-20260825-adopt
SNR-0FFG,USGS:06332190,snap-20260825-adopt
SNR-0FFH,USGS:06155100,snap-20260825-adopt
SNR-0FFI,USGS:06154400,snap-20260825-adopt
SNR-0FFJ,USGS:06139900,snap-20260825-adopt
SNR-0FFK,USGS:06101600,snap-20260825-adopt
SNR-0FFL,USGS:06329900,snap-20260825-adopt
SNR-0FFM,USGS:06100000,snap-20260825-adopt
SNR-0FFN,USGS:06098000,snap-20260825-adopt
SNR-0FFO,USGS:06100300,snap-20260825-adopt
SNR-0FFP,USGS:06095000,snap-20260825-adopt
SNR-0FFQ,USGS:06165200,snap-20260825-adopt
SNR-0FFR,USGS:06177020,snap-20260825-adopt
SNR-0FFS,USGS:06094900,snap-20260825-adopt
SNR-0FFT,USGS:06097100,snap-20260825-adopt
SNR-0FFU,USGS:06100200,snap-20260825-adopt
SNR-0FFV,USGS:06096000,snap-20260825-adopt
SNR-0FFW,USGS:481500112170001,snap-20260825-adopt
SNR-0FFX,USGS:06096001,snap-20260825-adopt
SNR-0FFY,USGS:06185000,snap-20260825-adopt
SNR-0FFZ,USGS:06101630,snap-20260825-adopt
SNR-0FG0,USGS:06101520,snap-20260825-adopt
SNR-0FG1,USGS:06102000,snap-20260825-adopt
SNR-0FG2,USGS:06154390,snap-20260825-adopt
SNR-0FG3,USGS:06097300,snap-20260825-adopt
SNR-0FG4,USGS:06155200,snap-20260825-adopt
SNR-0FG5,USGS:06101560,snap-20260825-adopt
SNR-0FG6,USGS:06155300,snap-20260825-adopt
SNR-0FG7,USGS:06331000,snap-20260825-adopt
SNR-0FG8,USGS:06172350,snap-20260825-adopt
SNR-0FG9,USGS:06096500,snap-20260825-adopt
SNR-0FGA,USGS:481750112213001,snap-20260825-adopt
SNR-0FGB,USGS:06137572,snap-20260825-adopt
SNR-0FGC,USGS:06137570,snap-20260825-adopt
SNR-0FGD,USGS:06141000,snap-20260825-adopt
SNR-0FGE,USGS:06137574,snap-20260825-adopt
SNR-0FGF,USGS:06101500,snap-20260825-adopt
SNR-0FGG,USGS:06172310,snap-20260825-adopt
SNR-0FGH,USGS:481830112251001,snap-20260825-adopt
SNR-0FGI,USGS:06137575,snap-20260825-adopt
SNR-0FGJ,USGS:06142000,snap-20260825-adopt
SNR-0FGK,USGS:06100500,snap-20260825-adopt
SNR-0FGL,USGS:06092200,snap-20260825-adopt
SNR-0FGM,USGS:06097000,snap-20260825-adopt
SNR-0FGN,USGS:06154140,snap-20260825-adopt
SNR-0FGO,USGS:06154490,snap-20260825-adopt
SNR-0FGP,USGS:06155400,snap-20260825-adopt
SNR-0FGQ,USGS:06101800,snap-20260825-adopt
SNR-0FGR,USGS:06332150,snap-20260825-adopt
SNR-0FGS,USGS:06154510,snap-20260825-adopt
SNR-0FGT,USGS:06154500,snap-20260825-adopt
SNR-0FGU,USGS:06092500,snap-20260825-adopt
SNR-0FGV,USGS:06141500,snap-20260825-adopt
SNR-0FGW,USGS:06097200,snap-20260825-adopt
SNR-0FGX,USGS:06331900,snap-20260825-adopt
SNR-0FGY,USGS:06166000,snap-20260825-adopt
SNR-0FGZ,USGS:06098100,snap-20260825-adopt
SNR-0FH0,USGS:06138500,snap-20260825-adopt
SNR-0FH1,USGS:06172200,snap-20260825-adopt
SNR-0FH2,USGS:06184500,snap-20260825-adopt
SNR-0FH3,USGS:06155500,snap-20260825-adopt
SNR-0FH4,USGS:06154550,snap-20260825-adopt
SNR-0FH5,USGS:06165500,snap-20260825-adopt
SNR-0FH6,USGS:06093200,snap-20260825-adopt
SNR-0FH7,USGS:06172300,snap-20260825-adopt
SNR-0FH8,USGS:06172000,snap-20260825-adopt
SNR-0FH9,USGS:06332000,snap-20260825-adopt
SNR-0FHA,USGS:06098120,snap-20260825-adopt
SNR-0FHB,USGS:06330515,snap-20260825-adopt
SNR-0FHC,USGS:06166500,snap-20260825-adopt
SNR-0FHD,USGS:06171500,snap-20260825-adopt
SNR-0FHE,USGS:06184200,snap-20260825-adopt
SNR-0FHF,USGS:06155030,snap-20260825-adopt
SNR-0FHG,USGS:06180500,snap-20260825-adopt
SNR-0FHH,USGS:482423113091801,snap-20260825-adopt
SNR-0FHI,USGS:06175700,snap-20260825-adopt
SNR-0FHJ,USGS:06138700,snap-20260825-adopt
SNR-0FHK,USGS:06167500,snap-20260825-adopt
SNR-0FHL,USGS:06138800,snap-20260825-adopt
SNR-0FHM,USGS:06091700,snap-20260825-adopt
SNR-0FHN,USGS:06099500,snap-20260825-adopt
SNR-0FHO,USGS:06330500,snap-20260825-adopt
SNR-0FHP,USGS:06167000,snap-20260825-adopt
SNR-0FHQ,USGS:06093500,snap-20260825-adopt
SNR-0FHR,USGS:06101200,snap-20260825-adopt
SNR-0FHS,USGS:06170500,snap-20260825-adopt
SNR-0FHT,USGS:06138580,snap-20260825-adopt
SNR-0FHU,USGS:06171000,snap-20260825-adopt
SNR-0FHV,USGS:06331885,snap-20260825-adopt
SNR-0FHW,USGS:06101700,snap-20260825-adopt
SNR-0FHX,USGS:06138000,snap-20260825-adopt
SNR-0FHY,USGS:06092000,snap-20260825-adopt
SNR-0FHZ,USGS:06091800,snap-20260825-adopt
SNR-0FI0,USGS:482850112134001,snap-20260825-adopt
SNR-0FI1,USGS:06140000,snap-20260825-adopt
SNR-0FI2,USGS:06154000,snap-20260825-adopt
SNR-0FI3,USGS:06091000,snap-20260825-adopt
SNR-0FI4,USGS:06139000,snap-20260825-adopt
SNR-0FI5,USGS:06154100,snap-20260825-adopt
SNR-0FI6,USGS:06183850,snap-20260825-adopt
SNR-0FI7,USGS:483000113220001,snap-20260825-adopt
SNR-0FI8,USGS:06140400,snap-20260825-adopt
SNR-0FI9,USGS:06092020,snap-20260825-adopt
SNR-0FIA,USGS:06164510,snap-20260825-adopt
SNR-0FIB,USGS:06183800,snap-20260825-adopt
SNR-0FIC,USGS:06183700,snap-20260825-adopt
SNR-0FID,USGS:483045113233001,snap-20260825-adopt
SNR-0FIE,USGS:06153800,snap-20260825-adopt
SNR-0FIF,USGS:06139500,snap-20260825-adopt
SNR-0FIG,USGS:06155900,snap-20260825-adopt
SNR-0FIH,USGS:06137900,snap-20260825-adopt
SNR-0FII,USGS:483340113020001,snap-20260825-adopt
SNR-0FIJ,USGS:06141600,snap-20260825-adopt
SNR-0FIK,USGS:06140500,snap-20260825-adopt
SNR-0FIL,USGS:06183750,snap-20260825-adopt
SNR-0FIM,USGS:06144000,snap-20260825-adopt
SNR-0FIN,USGS:06170200,snap-20260825-adopt
SNR-0FIO,USGS:06184000,snap-20260825-adopt
SNR-0FIP,USGS:06153000,snap-20260825-adopt
SNR-0FIQ,USGS:06137000,snap-20260825-adopt
SNR-0FIR,USGS:06153500,snap-20260825-adopt
SNR-0FIS,USGS:06179200,snap-20260825-adopt
SNR-0FIT,USGS:06142400,snap-20260825-adopt
SNR-0FIU,USGS:06141900,snap-20260825-adopt
SNR-0FIV,USGS:483511102555800,snap-20260825-adopt
SNR-0FIW,USGS:06147500,snap-20260825-adopt
SNR-0FIX,USGS:06152500,snap-20260825-adopt
SNR-0FIY,USGS:06152000,snap-20260825-adopt
SNR-0FIZ,USGS:06136700,snap-20260825-adopt
SNR-0FJ0,USGS:06164500,snap-20260825-adopt
SNR-0FJ1,USGS:06143000,snap-20260825-adopt
SNR-0FJ2,USGS:06142500,snap-20260825-adopt
SNR-0FJ3,USGS:06183500,snap-20260825-adopt
SNR-0FJ4,USGS:06098500,snap-20260825-adopt
SNR-0FJ5,USGS:06099010,snap-20260825-adopt
SNR-0FJ6,USGS:06101000,snap-20260825-adopt
SNR-0FJ7,USGS:06099000,snap-20260825-adopt
SNR-0FJ8,USGS:06153400,snap-20260825-adopt
SNR-0FJ9,USGS:06151500,snap-20260825-adopt
SNR-0FJA,USGS:06143900,snap-20260825-adopt
SNR-0FJB,USGS:06147000,snap-20260825-adopt
SNR-0FJC,USGS:06183450,snap-20260825-adopt
SNR-0FJD,USGS:06146980,snap-20260825-adopt
SNR-0FJE,USGS:06098800,snap-20260825-adopt
SNR-0FJF,USGS:06156100,snap-20260825-adopt
SNR-0FJG,USGS:06146500,snap-20260825-adopt
SNR-0FJH,USGS:06098700,snap-20260825-adopt
SNR-0FJI,USGS:06132200,snap-20260825-adopt
SNR-0FJJ,USGS:06183000,snap-20260825-adopt
SNR-0FJK,USGS:06183400,snap-20260825-adopt
SNR-0FJL,USGS:06132250,snap-20260825-adopt
SNR-0FJM,USGS:06155600,snap-20260825-adopt
SNR-0FJN,USGS:06183200,snap-20260825-adopt
SNR-0FJO,USGS:06182700,snap-20260825-adopt
SNR-0FJP,USGS:06180000,snap-20260825-adopt
SNR-0FJQ,USGS:06183300,snap-20260825-adopt
SNR-0FJR,USGS:06179100,snap-20260825-adopt
SNR-0FJS,USGS:06146000,snap-20260825-adopt
SNR-0FJT,USGS:06183100,snap-20260825-adopt
SNR-0FJU,USGS:06132400,snap-20260825-adopt
SNR-0FJV,USGS:06174600,snap-20260825-adopt
SNR-0FJW,USGS:06132300,snap-20260825-adopt
SNR-0FJX,USGS:06179000,snap-20260825-adopt
SNR-0FJY,USGS:06170080,snap-20260825-adopt
SNR-0FJZ,USGS:06169600,snap-20260825-adopt
SNR-0FK0,USGS:06170050,snap-20260825-adopt
SNR-0FK1,USGS:06169700,snap-20260825-adopt
SNR-0FK2,USGS:06137580,snap-20260825-adopt
SNR-0FK3,USGS:06137600,snap-20260825-adopt
SNR-0FK4,USGS:06182500,snap-20260825-adopt
SNR-0FK5,USGS:06169800,snap-20260825-adopt
SNR-0FK6,USGS:06132500,snap-20260825-adopt
SNR-0FK7,USGS:06136400,snap-20260825-adopt
SNR-0FK8,USGS:06156000,snap-20260825-adopt
SNR-0FK9,USGS:06132700,snap-20260825-adopt
SNR-0FKA,USGS:06133500,snap-20260825-adopt
SNR-0FKB,USGS:06169500,snap-20260825-adopt
SNR-0FKC,USGS:06150500,snap-20260825-adopt
SNR-0FKD,USGS:06135000,snap-20260825-adopt
SNR-0FKE,USGS:06150000,snap-20260825-adopt
SNR-0FKF,USGS:06169000,snap-20260825-adopt
SNR-0FKG,USGS:06168500,snap-20260825-adopt
SNR-0FKH,USGS:06182000,snap-20260825-adopt
SNR-0FKI,USGS:06178000,snap-20260825-adopt
SNR-0FKJ,USGS:06170000,snap-20260825-adopt
SNR-0FKK,USGS:06179500,snap-20260825-adopt
SNR-0FKL,USGS:06164000,snap-20260825-adopt
SNR-0FKM,USGS:06181995,snap-20260825-adopt
SNR-0FKN,USGS:06149500,snap-20260825-adopt
SNR-0FKO,USGS:06151000,snap-20260825-adopt
SNR-0FKP,USGS:06145500,snap-20260825-adopt
SNR-0FKQ,USGS:06133000,snap-20260825-adopt
SNR-0FKR,USGS:06181500,snap-20260825-adopt
SNR-0FKS,USGS:06144500,snap-20260825-adopt
SNR-0FKT,USGS:06145000,snap-20260825-adopt
SNR-0FKU,USGS:06134000,snap-20260825-adopt
SNR-0FKV,USGS:06134850,snap-20260825-adopt
SNR-0FKW,USGS:06144300,snap-20260825-adopt
SNR-0FKX,USGS:06144450,snap-20260825-adopt
SNR-0FKY,USGS:06134700,snap-20260825-adopt
SNR-0FKZ,USGS:06134950,snap-20260825-adopt
SNR-0FL0,USGS:06134500,snap-20260825-adopt
SNR-0FL1,USGS:06144270,snap-20260825-adopt
SNR-0FL2,USGS:06163500,snap-20260825-adopt
SNR-0FL3,USGS:06144250,snap-20260825-adopt
SNR-0FL4,USGS:06144440,snap-20260825-adopt
SNR-0FL5,USGS:06149400,snap-20260825-adopt
SNR-0FL6,USGS:06144100,snap-20260825-adopt
SNR-0FL7,USGS:06162500,snap-20260825-adopt
SNR-0FL8,USGS:06163050,snap-20260825-adopt
SNR-0FL9,USGS:06163400,snap-20260825-adopt
SNR-0FLA,USGS:06149300,snap-20260825-adopt
SNR-0FLB,USGS:06149200,snap-20260825-adopt
SNR-0FLC,USGS:06161500,snap-20260825-adopt
SNR-0FLD,USGS:06161300,snap-20260825-adopt
SNR-0FLE,USGS:06144400,snap-20260825-adopt
SNR-0FLF,USGS:06160600,snap-20260825-adopt
SNR-0FLG,USGS:06161000,snap-20260825-adopt
SNR-0FLH,USGS:06144395,snap-20260825-adopt
SNR-0FLI,USGS:06144350,snap-20260825-adopt
SNR-0FLJ,USGS:06147950,snap-20260825-adopt
SNR-0FLK,USGS:06148000,snap-20260825-adopt
SNR-0FLL,USGS:06160500,snap-20260825-adopt
SNR-0FLM,USGS:06149100,snap-20260825-adopt
SNR-0FLN,USGS:06149000,snap-20260825-adopt
SNR-0FLO,USGS:06148500,snap-20260825-adopt
SNR-0FLP,USGS:06148700,snap-20260825-adopt
SNR-0FLQ,USGS:06157500,snap-20260825-adopt
SNR-0FLR,USGS:06158000,snap-20260825-adopt
SNR-0FLS,USGS:06156500,snap-20260825-adopt
SNR-0FLT,USGS:06158500,snap-20260825-adopt
SNR-0FLU,USGS:06159500,snap-20260825-adopt
SNR-0FLV,IWQIS:WQS0057,snap-20260825-adopt
SNR-0FLW,IWQIS:WQS9953,snap-20260825-adopt
SNR-0FLX,IWQIS:WQS9994,snap-20260825-adopt
SNR-0FLY,IWQIS:WQS9995,snap-20260825-adopt
SNR-0FLZ,IWQIS:WQS9996,snap-20260825-adopt
SNR-0FM0,IWQIS:WQS9997,snap-20260825-adopt
SNR-0FM1,IWQIS:WQS9998,snap-20260825-adopt
