Row,uid_a,uid_b,decision,decided_by,note,criterion_version,name_a,name_b,type_a,type_b,cross_type,proposed,sep_m,min_sep_m,max_sep_m,hesitate,comid_a,comid_b,same_comid,on_channel,shared_days,r,median_diff,channels_a,channels_b,agree_a,agree_b,seam
1,USGS:393812105453801,USGS:393812105453803,distinct,isaac,"incredibly short records, merge would obfuscate the situation",prox100-v1,LC-1203-L LEAV CK LFT BK INF 1203M DS FR INJ WCX T,LEAVENWORTH CR DIEL SAMPLING SITE LV1 JUNE2012,wetland_outflow,stream,True,sequential,0.93,0.93,0.93,False,2885578,2885578,True,spec_cond,0.0,,,water_temp+spec_cond+ph,water_temp+spec_cond+diss_oxy+ph,True,True,2012-06-22..2012-08-27
2,IWQIS:WQS0032,USGS:05483600,merge,isaac,,prox100-v1,Middle Raccoon River at Panora (32),"Middle Raccoon River at Panora, IA",stream,stream,False,sequential,4.12,0.0,10.81,False,6621656,6621656,True,nitrate,0.0,,,nitrate+water_temp+spec_cond+turbidity_unknown+diss_oxy+ph,nitrate+discharge+gage_height,True,True,2015-11-10..2016-03-31
3,IWQIS:WQS0081,USGS:05481000,merge,isaac,,prox100-v1,Boone River at Webster City (81BRWC),"Boone River near Webster City, IA",stream,stream,False,sequential,22.4,16.86,28.55,False,6603910,6603910,True,nitrate,0.0,,,nitrate+water_temp+turbidity_unknown,nitrate+discharge+gage_height+water_temp,True,True,2017-09-30..2018-04-06
4,IWQIS:WQP0011,USGS:05455100,merge,isaac,,prox100-v1,Old Mans Creek at Iowa City (WQP11 OMCIC),"Old Mans Creek near Iowa City, IA",stream,stream,False,sequential,45.29,39.19,51.6,False,11915787,11915787,True,nitrate,0.0,,,nitrate,nitrate+discharge+gage_height+water_temp,True,True,2015-10-30..2025-05-06
5,IWQIS:WQS0024,USGS:05451210,merge,isaac,,prox100-v1,South Fork Iowa River at New Providence (24SFINP),"South Fork Iowa River NE of New Providence, IA",stream,stream,False,sequential,51.79,44.98,58.64,True,6572160,6572160,True,nitrate,0.0,,,nitrate+water_temp+spec_cond+turbidity_unknown+diss_oxy+ph+fchl,nitrate+discharge+gage_height+water_temp+spec_cond+turbidity_fnu+turbidity_ntu+diss_oxy+ph+fdom+precip,True,True,2011-11-27..2015-04-17
6,USGS:393810105453901,USGS:393812105453803,merge,isaac,"this is for testing a view, these should be distinct",prox100-v1,LC-1137-S T2 LEAVENWORTH CK 1137M DS FR INJ,LEAVENWORTH CR DIEL SAMPLING SITE LV1 JUNE2012,stream,stream,False,sequential,67.44,67.44,67.44,True,2885578,2885578,True,spec_cond,0.0,,,water_temp+spec_cond+ph,water_temp+spec_cond+diss_oxy+ph,True,True,2012-06-22..2012-08-27
7,USGS:01408753,USGS:01408754,distinct,isaac,moved to different reach,prox100-v1,Barnegat B Tdl Chanl1 at Bayview A nr Ocean Gt NJ,Barnegat B Tdl Chanl2 at Bayview A nr Ocean Gt NJ,estuary,estuary,False,sequential,99.9,57.26,151.25,True,9443781,9455857,False,spec_cond,0.0,,,gage_height+water_temp+spec_cond,gage_height+water_temp+spec_cond,False,True,2021-01-12..2021-11-23
8,USGS:04057811,USGS:04057812,distinct,isaac,either side of a dam it looks like,prox100-v1,"GREENWOOD RESERVOIR NEAR GREENWOOD, MI","GREENWOOD AFTERBAY NEAR GREENWOOD, MI",lake,stream,True,complementary,0.0,0.0,0.0,False,11959926,11959926,True,,,,,gage_height,gage_height,True,True,
9,USGS:04073468,USGS:434928088553601,distinct,isaac,"one is a river-side discharge, the other is gauge height of the lake",prox100-v1,"GREEN LAKE INLET AT CT HIGHWAY A NR GREEN LAKE, WI","GREEN LAKE AT COUNTY TRUNK HWY A NR GREEN LAKE, WI",stream,lake,True,complementary,0.0,0.0,0.0,False,6866237,6866237,True,,,,,discharge,gage_height,True,True,
10,USGS:04087440,USGS:05536121,distinct,isaac,,prox100-v1,"LAKE MICHIGAN AT CHICAGO LOCK AT CHICAGO, IL","CHICAGO RIVER AT CHICAGO LOCK AT CHICAGO, IL",lake,tidal_stream,True,complementary,0.0,0.0,0.0,False,12171405,12171405,True,,,,,gage_height,gage_height,,,
11,USGS:05551000,USGS:05551001,merge,isaac,,prox100-v1,"FOX RIVER AT SOUTH ELGIN, IL","FOX RIVER AT SOUTH ELGIN, IL (TAILWATER)",stream,stream,False,complementary,0.0,0.0,0.0,False,14762931,14762931,True,,,,,discharge+gage_height,gage_height,True,True,
12,USGS:05551580,USGS:05551581,merge,isaac,,prox100-v1,"FOX RIVER AT YORKVILLE, IL","FOX RIVER TAILWATER AT YORKVILLE, IL",stream,stream,False,complementary,0.0,0.0,0.0,False,14763017,14763017,True,,,,,discharge+gage_height+spec_cond,gage_height,True,True,
13,USGS:05551580,USGS:05551582,merge,isaac,,prox100-v1,"FOX RIVER AT YORKVILLE, IL","FOX RIVER BYPASS AT YORKVILLE, IL",stream,stream,False,complementary,0.0,0.0,0.0,False,14763017,14763017,True,,,,,discharge+gage_height+spec_cond,gage_height,True,True,
14,USGS:05551581,USGS:05551582,merge,isaac,,prox100-v1,"FOX RIVER TAILWATER AT YORKVILLE, IL","FOX RIVER BYPASS AT YORKVILLE, IL",stream,stream,False,complementary,0.0,0.0,0.0,False,14763017,14763017,True,,,,,gage_height,gage_height,True,True,
15,USGS:07311782,USGS:07311783,merge,auto (merge rule 1),"upgrade: adjacent (max_sep < 10 m), same type, disjoint channels",prox100-v1,"S Wichita Rv at Low Flow Dam nr Guthrie, TX","S Wichita Rv bl Low Flow Dam nr Guthrie, TX",stream,stream,False,complementary,0.0,0.0,0.0,False,13520211,13520211,True,,,,,water_temp+spec_cond,discharge,True,True,
16,USGS:370033100534202,USGS:370033100534204,merge,isaac,,prox100-v1,LIBERAL-436,LIBERAL-160/CAL-112,well,well,False,complementary,0.0,0.0,0.0,False,13853131,13853131,True,,,,,water_temp,water_temp,False,False,
17,USGS:370130101180902,USGS:370130101180903,merge,isaac,,prox100-v1,HUGOTON-495,HUGOTON-313,well,well,False,complementary,0.0,0.0,0.0,False,13852231,13852231,True,,,,,water_temp,water_temp,False,False,
18,USGS:412354086421005,USGS:412354086421010,distinct,isaac,,prox100-v1,"KANKAKEE WELL FIELD SH-3 NEAR HANNA, IN","KANKAKEE WELL FIELD WT-1 NEAR HANNA, IN",well,well,False,complementary,0.0,0.0,0.0,False,13433691,13433691,True,,,,,nitrate+gw_level,water_temp+spec_cond+diss_oxy+ph,True,True,
19,USGS:412354086421006,USGS:412354086421010,distinct,isaac,,prox100-v1,"KANKAKEE WELL FIELD WT-3 NEAR HANNA, IN","KANKAKEE WELL FIELD WT-1 NEAR HANNA, IN",well,well,False,complementary,0.0,0.0,0.0,False,13433691,13433691,True,,,,,nitrate+gw_level,water_temp+spec_cond+diss_oxy+ph,True,True,
20,USGS:450814094315001,USGS:450814094315003,merge,isaac,,prox100-v1,LFO1-B    Litchfield Far Nest           0000773062,LFO1-D    Litchfield Far Nest           0000773059,well,well,False,complementary,0.0,0.0,0.0,False,4252894,4252894,True,,,,,water_temp,water_temp,True,True,
21,USGS:450814094315001,USGS:450814094315006,distinct,auto (merge rule 2),"redundant twin: identical channels, overlapping spans, differing series",prox100-v1,LFO1-B    Litchfield Far Nest           0000773062,LFO1-F    Litchfield Far Nest           0000773057,well,well,False,complementary,0.0,0.0,0.0,False,4252894,4252894,True,,,,,water_temp,water_temp,True,True,
22,USGS:450814094315003,USGS:450814094315006,distinct,auto (merge rule 2),"redundant twin: identical channels, overlapping spans, differing series",prox100-v1,LFO1-D    Litchfield Far Nest           0000773059,LFO1-F    Litchfield Far Nest           0000773057,well,well,False,complementary,0.0,0.0,0.0,False,4252894,4252894,True,,,,,water_temp,water_temp,True,True,
23,USGS:450832094321201,USGS:450832094321203,distinct,auto (merge rule 2),"redundant twin: identical channels, overlapping spans, differing series",prox100-v1,LFO2-A    Litchfield Near Nest          0000773056,LFO2-C    Litchfield Near Nest          0000773054,well,well,False,complementary,0.0,0.0,0.0,False,4252894,4252894,True,,,,,water_temp,water_temp,False,False,
24,USGS:450832094321201,USGS:450832094321204,distinct,auto (merge rule 2),"redundant twin: identical channels, overlapping spans, differing series",prox100-v1,LFO2-A    Litchfield Near Nest          0000773056,LFO2-D    Litchfield Near Nest          0000773053,well,well,False,complementary,0.0,0.0,0.0,False,4252894,4252894,True,,,,,water_temp,water_temp,False,False,
25,USGS:450832094321201,USGS:450832094321206,distinct,auto (merge rule 2),"redundant twin: identical channels, overlapping spans, differing series",prox100-v1,LFO2-A    Litchfield Near Nest          0000773056,LFO2-F    Litchfield Near Nest          0000773051,well,well,False,complementary,0.0,0.0,0.0,False,4252894,4252894,True,,,,,water_temp,water_temp,False,False,
26,USGS:450832094321203,USGS:450832094321204,distinct,auto (merge rule 2),"redundant twin: identical channels, overlapping spans, differing series",prox100-v1,LFO2-C    Litchfield Near Nest          0000773054,LFO2-D    Litchfield Near Nest          0000773053,well,well,False,complementary,0.0,0.0,0.0,False,4252894,4252894,True,,,,,water_temp,water_temp,False,False,
27,USGS:450832094321203,USGS:450832094321206,distinct,auto (merge rule 2),"redundant twin: identical channels, overlapping spans, differing series",prox100-v1,LFO2-C    Litchfield Near Nest          0000773054,LFO2-F    Litchfield Near Nest          0000773051,well,well,False,complementary,0.0,0.0,0.0,False,4252894,4252894,True,,,,,water_temp,water_temp,False,False,
28,USGS:450832094321204,USGS:450832094321206,distinct,auto (merge rule 2),"redundant twin: identical channels, overlapping spans, differing series",prox100-v1,LFO2-D    Litchfield Near Nest          0000773053,LFO2-F    Litchfield Near Nest          0000773051,well,well,False,complementary,0.0,0.0,0.0,False,4252894,4252894,True,,,,,water_temp,water_temp,False,False,
29,USGS:464110092531401,USGS:464110092531402,distinct,auto (merge rule 2),"redundant twin: identical channels, overlapping spans, differing series",prox100-v1,CWO1-A    Cromwell Far Nest             0000773071,CWO1-B    Cromwell Far Nest             0000773070,well,well,False,complementary,0.0,0.0,0.0,False,4839128,4839128,True,,,,,water_temp,water_temp,True,True,
30,USGS:464110092531401,USGS:464110092531403,distinct,auto (merge rule 2),"redundant twin: identical channels, overlapping spans, differing series",prox100-v1,CWO1-A    Cromwell Far Nest             0000773071,CWO1-C    Cromwell Far Nest             0000773069,well,well,False,complementary,0.0,0.0,0.0,False,4839128,4839128,True,,,,,water_temp,water_temp,True,True,
31,USGS:464110092531402,USGS:464110092531403,distinct,auto (merge rule 2),"redundant twin: identical channels, overlapping spans, differing series",prox100-v1,CWO1-B    Cromwell Far Nest             0000773070,CWO1-C    Cromwell Far Nest             0000773069,well,well,False,complementary,0.0,0.0,0.0,False,4839128,4839128,True,,,,,water_temp,water_temp,True,True,
32,USGS:464112092531401,USGS:464112092531404,distinct,auto (merge rule 2),"redundant twin: identical channels, overlapping spans, differing series",prox100-v1,CWO2-A    Cromwell Near Nest            0000773068,CWO2-D    Cromwell Near Nest            0000773065,well,well,False,complementary,0.0,0.0,0.0,False,4839128,4839128,True,,,,,water_temp,water_temp,True,True,
33,USGS:433243092260603,USGS:433243092260604,distinct,isaac,these are colocated and distinct,prox100-v1,STR2-3A   South Drained Site Transect 2,STR2-3B   South Drained Site Transect 2,well,well,False,complementary,0.31,0.31,0.31,False,13335680,13335680,True,,,,,water_temp,water_temp,True,True,
34,USGS:433531092265303,USGS:433531092265304,distinct,isaac,,prox100-v1,NTR3-3A   North Drained Site Transect 3,NTR3-3B   North Drained Site Transect 3,well,well,False,complementary,0.45,0.45,0.45,False,13335570,13335570,True,,,,,water_temp,water_temp,True,True,
35,USGS:433242092260901,USGS:433242092260902,distinct,isaac,,prox100-v1,SPR-1A    South Drained Site Perimeter,SPR-1B    South Drained Site Perimeter,well,well,False,complementary,0.95,0.95,0.95,False,13335680,13335680,True,,,,,water_temp,water_temp,True,True,
36,IWQIS:WQS0087,USGS:05465500,merge,isaac,,prox100-v1,Iowa River at Wapello (87IRW),"Iowa River at Wapello, IA",stream,stream,False,complementary,1.7,0.0,8.65,False,11919825,11919825,True,,,,,water_temp+turbidity_unknown,nitrate+discharge+gage_height+water_temp+turbidity_fnu,True,True,
37,USGS:433528092265104,USGS:433528092265106,distinct,isaac,,prox100-v1,NTR2-3B   North Drained Site Transect 2,NTR2-3D   North Drained Site Transect 2,well,well,False,complementary,2.22,2.22,2.22,False,13335570,13335570,True,,,,,water_temp,water_temp,True,True,
38,USGS:401934089541701,USGS:401934089541703,distinct,isaac,,prox100-v1,22N7W-29.1d1 (DP-1),22N7W-29.1d3 (DP-2),well,well,False,complementary,2.34,2.34,2.34,False,13606720,13606720,True,,,,,nitrate+gw_level,water_temp+spec_cond+turbidity_fnu+diss_oxy,True,True,
39,USGS:401934089541702,USGS:401934089541704,distinct,auto (merge rule 1),"upgrade: adjacent (max_sep < 10 m), same type, disjoint channels",prox100-v1,22N7W-29.1d2 (SH-1),22N7W-29.1d4 (SH-2),well,well,False,complementary,2.34,2.34,2.34,False,13606720,13606720,True,,,,,nitrate+gw_level,water_temp+spec_cond+turbidity_fnu+diss_oxy,True,True,
40,USGS:465652094394801,USGS:465652094394802,distinct,isaac,,prox100-v1,HT-115    UMN Hydrogeology Field Site   0000773075,HT-140    UMN Hydrogeology Field Site   0000773076,well,well,False,complementary,2.83,2.83,2.83,False,4823639,4823639,True,,,,,water_temp,water_temp,True,True,
41,USGS:465652094394801,USGS:465652094394804,distinct,isaac,,prox100-v1,HT-115    UMN Hydrogeology Field Site   0000773075,HT-200    UMN Hydrogeology Field Site   0000773078,well,well,False,complementary,2.89,2.89,2.89,False,4823639,4823639,True,,,,,water_temp,water_temp,True,True,
42,USGS:444630095002207,USGS:444630095002208,distinct,isaac,,prox100-v1,OT-145    Olivia Field Site             0000773081,OT-175    Olivia Field Site             0000773080,well,well,False,complementary,3.09,3.09,3.09,False,4123638,4123638,True,,,,,water_temp,water_temp,False,False,
43,USGS:444630095002208,USGS:444630095002209,distinct,isaac,,prox100-v1,OT-175    Olivia Field Site             0000773080,OB-7      Olivia Field Site             0000773079,well,well,False,complementary,3.1,3.1,3.1,False,4123638,4123638,True,,,,,water_temp,water_temp,False,False,
44,USGS:444630095002206,USGS:444630095002207,distinct,auto (merge rule 2),"redundant twin: identical channels, overlapping spans, differing series",prox100-v1,OT-105    Olivia Field Site             0000773082,OT-145    Olivia Field Site             0000773081,well,well,False,complementary,3.41,3.41,3.41,False,4123638,4123638,True,,,,,water_temp,water_temp,False,False,
45,USGS:433528092265102,USGS:433528092265106,distinct,auto (merge rule 2),"redundant twin: identical channels, overlapping spans, differing series",prox100-v1,NTR2-2    North Drained Site Transect 2,NTR2-3D   North Drained Site Transect 2,well,well,False,complementary,3.73,3.73,3.73,False,13335570,13335570,True,,,,,water_temp,water_temp,True,True,
46,USGS:401934089541701,USGS:401934089541704,merge,auto (merge rule 1),"upgrade: adjacent (max_sep < 10 m), same type, disjoint channels",prox100-v1,22N7W-29.1d1 (DP-1),22N7W-29.1d4 (SH-2),well,well,False,complementary,3.89,3.89,3.89,False,13606720,13606720,True,,,,,nitrate+gw_level,water_temp+spec_cond+turbidity_fnu+diss_oxy,True,True,
47,USGS:401934089541702,USGS:401934089541703,distinct,auto (merge rule 1),"upgrade: adjacent (max_sep < 10 m), same type, disjoint channels",prox100-v1,22N7W-29.1d2 (SH-1),22N7W-29.1d3 (DP-2),well,well,False,complementary,3.89,3.89,3.89,False,13606720,13606720,True,,,,,nitrate+gw_level,water_temp+spec_cond+turbidity_fnu+diss_oxy,True,True,
48,USGS:450543093105301,USGS:450543093105306,distinct,auto (merge rule 2),"redundant twin: identical channels, overlapping spans, differing series",prox100-v1,OW111U1R  TCAAP Site 01U611R           0000773089,GS1-MW4   TCAAP Site K,well,well,False,complementary,3.98,3.98,3.98,False,937010716,937010716,True,,,,,water_temp,water_temp,False,False,
49,USGS:450542093105809,USGS:450542093105813,distinct,isaac,,prox100-v1,GS3-MW4   TCAAP Site K,GS3-MW8   TCAAP Site K,well,well,False,complementary,4.37,4.37,4.37,False,937010716,937010716,True,,,,,water_temp+spec_cond,water_temp,False,False,
50,USGS:433528092265101,USGS:433528092265102,distinct,auto (merge rule 2),"redundant twin: identical channels, overlapping spans, differing series",prox100-v1,NTR2-1    North Drained Site Transect 1,NTR2-2    North Drained Site Transect 2,well,well,False,complementary,4.66,4.66,4.66,False,13335570,13335570,True,,,,,water_temp,water_temp,True,True,
51,USGS:465652094394802,USGS:465652094394804,distinct,auto (merge rule 2),"redundant twin: identical channels, overlapping spans, differing series",prox100-v1,HT-140    UMN Hydrogeology Field Site   0000773076,HT-200    UMN Hydrogeology Field Site   0000773078,well,well,False,complementary,4.95,4.95,4.95,False,4823639,4823639,True,,,,,water_temp,water_temp,True,True,
52,USGS:433247092260701,USGS:433247092260702,distinct,auto (merge rule 2),"redundant twin: identical channels, overlapping spans, differing series",prox100-v1,STR1-1    South Drained Site Transect 1,STR1-2    South Drained Site Transect 1,well,well,False,complementary,4.96,4.96,4.96,False,13335680,13335680,True,,,,,water_temp,water_temp,True,True,
53,USGS:433528092265107,USGS:433528092265108,distinct,auto (merge rule 2),"redundant twin: identical channels, overlapping spans, differing series",prox100-v1,NTR2-4    North Drained Site Transect 2,NTR2-5    North Drained Site Transect 2,well,well,False,complementary,4.97,4.97,4.97,False,13335570,13335570,True,,,,,water_temp,water_temp,True,True,
54,USGS:433247092260705,USGS:433247092260706,distinct,auto (merge rule 2),"redundant twin: identical channels, overlapping spans, differing series",prox100-v1,STR1-4    South Drained Site Transect 1,STR1-5    South Drained Site Transect 1,well,well,False,complementary,5.14,5.14,5.14,False,13335680,13335680,True,,,,,water_temp,water_temp,True,True,
55,USGS:433243092260605,USGS:433243092260606,distinct,auto (merge rule 2),"redundant twin: identical channels, overlapping spans, differing series",prox100-v1,STR2-4    South Drained Site Transect 2,STR2-5    South Drained Site Transect 2,well,well,False,complementary,5.15,5.15,5.15,False,13335680,13335680,True,,,,,water_temp,water_temp,True,True,
56,USGS:450542093105506,USGS:450542093105508,distinct,auto (merge rule 2),"redundant twin: shared channels, overlapping spans, differing series",prox100-v1,GS2-MW4   TCAAP Site K,GS2-MW8   TCAAP Site K,well,well,False,complementary,5.32,5.32,5.32,False,937010716,937010716,True,,,,,water_temp+spec_cond,water_temp,False,False,
57,USGS:433243092260601,USGS:433243092260602,distinct,auto (merge rule 2),"redundant twin: identical channels, overlapping spans, differing series",prox100-v1,STR2-1    South Drained Site Transect 2,STR2-2    South Drained Site Transect 2,well,well,False,complementary,5.36,5.36,5.36,False,13335680,13335680,True,,,,,water_temp,water_temp,True,True,
58,USGS:450543093105306,USGS:450543093105407,distinct,auto (merge rule 2),"redundant twin: shared channels, overlapping spans, differing series",prox100-v1,GS1-MW4   TCAAP Site K,GS1-MW8   TCAAP Site K,well,well,False,complementary,5.39,5.39,5.39,False,937010716,937010716,True,,,,,water_temp,water_temp+spec_cond,False,False,
59,USGS:433528092265104,USGS:433528092265107,distinct,auto (merge rule 2),"redundant twin: identical channels, overlapping spans, differing series",prox100-v1,NTR2-3B   North Drained Site Transect 2,NTR2-4    North Drained Site Transect 2,well,well,False,complementary,5.58,5.58,5.58,False,13335570,13335570,True,,,,,water_temp,water_temp,True,True,
60,USGS:433245092254904,USGS:433245092254905,distinct,auto (merge rule 2),"redundant twin: identical channels, overlapping spans, differing series",prox100-v1,SUTR1-4   South Undrained Site Transect 1,SUTR1-5   South Undrained Site Transect1,well,well,False,complementary,5.6,5.6,5.6,False,13335680,13335680,True,,,,,water_temp,water_temp,True,True,
61,USGS:433527092265501,USGS:433527092265502,distinct,auto (merge rule 2),"redundant twin: identical channels, overlapping spans, differing series",prox100-v1,NTR1-1    North Drained Site Transect 1,NTR1-2    North Drained Site Transect 1,well,well,False,complementary,5.6,5.6,5.6,False,13335570,13335570,True,,,,,water_temp,water_temp,True,True,
62,USGS:03063000,USGS:394337079544201,merge,auto (merge rule 1),"upgrade: adjacent (max_sep < 10 m), same type, disjoint channels",prox100-v1,"Monongahela R L&D8 (Lower Pool) @ Point Marion, PA","Monongahela R at Lock & Dam 8, at Point Marion, PA",stream,stream,False,complementary,5.75,5.75,5.75,False,3768822,3768822,True,,,,,gage_height,water_temp+spec_cond+ph,True,True,
63,USGS:433527092265504,USGS:433527092265505,distinct,auto (merge rule 2),"redundant twin: identical channels, overlapping spans, differing series",prox100-v1,NTR1-4    North Drained Site Transect 1,NTR1-5    North Drained Site Transect 1,well,well,False,complementary,5.89,5.89,5.89,False,13335570,13335570,True,,,,,water_temp,water_temp,True,True,
64,USGS:433527092265502,USGS:433527092265503,distinct,auto (merge rule 2),"redundant twin: identical channels, overlapping spans, differing series",prox100-v1,NTR1-2    North Drained Site Transect 1,NTR1-3    North Drained Site Transect 1,well,well,False,complementary,5.91,5.91,5.91,False,13335570,13335570,True,,,,,water_temp,water_temp,True,True,
65,USGS:433527092265503,USGS:433527092265504,distinct,auto (merge rule 2),"redundant twin: identical channels, overlapping spans, differing series",prox100-v1,NTR1-3    North Drained Site Transect 1,NTR1-4    North Drained Site Transect 1,well,well,False,complementary,5.91,5.91,5.91,False,13335570,13335570,True,,,,,water_temp,water_temp,True,True,
66,USGS:433528092265102,USGS:433528092265104,distinct,auto (merge rule 2),"redundant twin: identical channels, overlapping spans, differing series",prox100-v1,NTR2-2    North Drained Site Transect 2,NTR2-3B   North Drained Site Transect 2,well,well,False,complementary,5.93,5.93,5.93,False,13335570,13335570,True,,,,,water_temp,water_temp,True,True,
67,USGS:433243092260602,USGS:433243092260603,distinct,auto (merge rule 2),"redundant twin: identical channels, overlapping spans, differing series",prox100-v1,STR2-2    South Drained Site Transect 2,STR2-3A   South Drained Site Transect 2,well,well,False,complementary,6.03,6.03,6.03,False,13335680,13335680,True,,,,,water_temp,water_temp,True,True,
68,USGS:433243092260602,USGS:433243092260604,distinct,auto (merge rule 2),"redundant twin: identical channels, overlapping spans, differing series",prox100-v1,STR2-2    South Drained Site Transect 2,STR2-3B   South Drained Site Transect 2,well,well,False,complementary,6.04,6.04,6.04,False,13335680,13335680,True,,,,,water_temp,water_temp,True,True,
69,USGS:444630095002207,USGS:444630095002209,distinct,auto (merge rule 2),"redundant twin: identical channels, overlapping spans, differing series",prox100-v1,OT-145    Olivia Field Site             0000773081,OB-7      Olivia Field Site             0000773079,well,well,False,complementary,6.19,6.19,6.19,False,4123638,4123638,True,,,,,water_temp,water_temp,False,False,
70,USGS:433243092260603,USGS:433243092260605,distinct,auto (merge rule 2),"redundant twin: identical channels, overlapping spans, differing series",prox100-v1,STR2-3A   South Drained Site Transect 2,STR2-4    South Drained Site Transect 2,well,well,False,complementary,6.26,6.26,6.26,False,13335680,13335680,True,,,,,water_temp,water_temp,True,True,
71,USGS:433243092260604,USGS:433243092260605,distinct,auto (merge rule 2),"redundant twin: identical channels, overlapping spans, differing series",prox100-v1,STR2-3B   South Drained Site Transect 2,STR2-4    South Drained Site Transect 2,well,well,False,complementary,6.26,6.26,6.26,False,13335680,13335680,True,,,,,water_temp,water_temp,True,True,
72,USGS:444630095002206,USGS:444630095002208,distinct,auto (merge rule 2),"redundant twin: identical channels, overlapping spans, differing series",prox100-v1,OT-105    Olivia Field Site             0000773082,OT-175    Olivia Field Site             0000773080,well,well,False,complementary,6.5,6.5,6.5,False,4123638,4123638,True,,,,,water_temp,water_temp,False,False,
73,USGS:433528092265106,USGS:433528092265107,distinct,auto (merge rule 2),"redundant twin: identical channels, overlapping spans, differing series",prox100-v1,NTR2-3D   North Drained Site Transect 2,NTR2-4    North Drained Site Transect 2,well,well,False,complementary,7.76,7.76,7.76,False,13335570,13335570,True,,,,,water_temp,water_temp,True,True,
74,IWQIS:WQS0096,USGS:05485605,merge,isaac,,prox100-v1,Fourmile Creek at Ankeny (96FCA),"Fourmile Creek near Ankeny, IA DS1",stream,stream,False,complementary,8.24,3.09,14.83,False,22248777,22248777,True,,,,,water_temp+turbidity_unknown,discharge,True,True,
75,IWQIS:WQP0014,IWQIS:WQP0015,distinct,auto (merge rule 2),"redundant twin: shared channels, overlapping spans, differing series",prox100-v1,In-Field Research Project at Walcott (WQP 14),In-Field Research Project at Walcott (WQP 15),field,field,False,complementary,8.27,0.0,20.23,False,14796931,14796931,True,,,,,nitrate+water_temp+turbidity_unknown,water_temp+turbidity_unknown,True,True,
76,USGS:433528092265101,USGS:433528092265106,distinct,auto (merge rule 2),"redundant twin: identical channels, overlapping spans, differing series",prox100-v1,NTR2-1    North Drained Site Transect 1,NTR2-3D   North Drained Site Transect 2,well,well,False,complementary,8.38,8.38,8.38,False,13335570,13335570,True,,,,,water_temp,water_temp,True,True,
77,USGS:450543093105301,USGS:450543093105407,distinct,auto (merge rule 2),"redundant twin: shared channels, overlapping spans, differing series",prox100-v1,OW111U1R  TCAAP Site 01U611R           0000773089,GS1-MW8   TCAAP Site K,well,well,False,complementary,9.36,9.36,9.36,False,937010716,937010716,True,,,,,water_temp,water_temp+spec_cond,False,False,
78,USGS:444630095002203,USGS:444630095002209,distinct,auto (merge rule 2),"redundant twin: identical channels, overlapping spans, differing series",prox100-v1,OT-20     Olivia Field Site             0000773085,OB-7      Olivia Field Site             0000773079,well,well,False,complementary,9.5,9.5,9.5,False,4123638,4123638,True,,,,,water_temp,water_temp,False,False,
79,USGS:444630095002206,USGS:444630095002209,distinct,auto (merge rule 2),"redundant twin: identical channels, overlapping spans, differing series",prox100-v1,OT-105    Olivia Field Site             0000773082,OB-7      Olivia Field Site             0000773079,well,well,False,complementary,9.6,9.6,9.6,False,4123638,4123638,True,,,,,water_temp,water_temp,False,False,
80,USGS:450543093105407,USGS:450543093105501,distinct,auto (merge rule 2),"redundant twin: shared channels, overlapping spans, differing series",prox100-v1,GS1-MW8   TCAAP Site K,OW109U1R  TCAAP Site 01U609R           0000773090,well,well,False,complementary,9.79,9.79,9.79,False,937010716,937010716,True,,,,,water_temp+spec_cond,water_temp,False,False,
81,USGS:433528092265104,USGS:433528092265108,distinct,auto (merge rule 2),"redundant twin: identical channels, overlapping spans, differing series",prox100-v1,NTR2-3B   North Drained Site Transect 2,NTR2-5    North Drained Site Transect 2,well,well,False,complementary,10.54,10.54,10.54,False,13335570,13335570,True,,,,,water_temp,water_temp,True,True,
82,USGS:433528092265101,USGS:433528092265104,distinct,auto (merge rule 2),"redundant twin: identical channels, overlapping spans, differing series",prox100-v1,NTR2-1    North Drained Site Transect 1,NTR2-3B   North Drained Site Transect 2,well,well,False,complementary,10.58,10.58,10.58,False,13335570,13335570,True,,,,,water_temp,water_temp,True,True,
83,USGS:433531092265301,USGS:433531092265303,distinct,auto (merge rule 2),"redundant twin: identical channels, overlapping spans, differing series",prox100-v1,NTR3-1    North Drained Site Transect 3,NTR3-3A   North Drained Site Transect 3,well,well,False,complementary,10.85,10.85,10.85,False,13335570,13335570,True,,,,,water_temp,water_temp,True,True,
84,USGS:433531092265301,USGS:433531092265304,distinct,auto (merge rule 2),"redundant twin: identical channels, overlapping spans, differing series",prox100-v1,NTR3-1    North Drained Site Transect 3,NTR3-3B   North Drained Site Transect 3,well,well,False,complementary,10.86,10.86,10.86,False,13335570,13335570,True,,,,,water_temp,water_temp,True,True,
85,USGS:433243092260601,USGS:433243092260603,distinct,auto (merge rule 2),"redundant twin: identical channels, overlapping spans, differing series",prox100-v1,STR2-1    South Drained Site Transect 2,STR2-3A   South Drained Site Transect 2,well,well,False,complementary,11.4,11.4,11.4,False,13335680,13335680,True,,,,,water_temp,water_temp,True,True,
86,USGS:433243092260601,USGS:433243092260604,distinct,auto (merge rule 2),"redundant twin: identical channels, overlapping spans, differing series",prox100-v1,STR2-1    South Drained Site Transect 2,STR2-3B   South Drained Site Transect 2,well,well,False,complementary,11.4,11.4,11.4,False,13335680,13335680,True,,,,,water_temp,water_temp,True,True,
87,USGS:433243092260603,USGS:433243092260606,distinct,auto (merge rule 2),"redundant twin: identical channels, overlapping spans, differing series",prox100-v1,STR2-3A   South Drained Site Transect 2,STR2-5    South Drained Site Transect 2,well,well,False,complementary,11.4,11.4,11.4,False,13335680,13335680,True,,,,,water_temp,water_temp,True,True,
88,USGS:433243092260604,USGS:433243092260606,distinct,auto (merge rule 2),"redundant twin: identical channels, overlapping spans, differing series",prox100-v1,STR2-3B   South Drained Site Transect 2,STR2-5    South Drained Site Transect 2,well,well,False,complementary,11.4,11.4,11.4,False,13335680,13335680,True,,,,,water_temp,water_temp,True,True,
89,USGS:433531092265304,USGS:433531092265306,distinct,auto (merge rule 2),"redundant twin: identical channels, overlapping spans, differing series",prox100-v1,NTR3-3B   North Drained Site Transect 3,NTR3-5    North Drained Site Transect 3,well,well,False,complementary,11.48,11.48,11.48,False,13335570,13335570,True,,,,,water_temp,water_temp,True,True,
90,USGS:433528092265102,USGS:433528092265107,distinct,auto (merge rule 2),"redundant twin: identical channels, overlapping spans, differing series",prox100-v1,NTR2-2    North Drained Site Transect 2,NTR2-4    North Drained Site Transect 2,well,well,False,complementary,11.49,11.49,11.49,False,13335570,13335570,True,,,,,water_temp,water_temp,True,True,
91,USGS:433527092265501,USGS:433527092265503,distinct,auto (merge rule 2),"redundant twin: identical channels, overlapping spans, differing series",prox100-v1,NTR1-1    North Drained Site Transect 1,NTR1-3    North Drained Site Transect 1,well,well,False,complementary,11.5,11.5,11.5,False,13335570,13335570,True,,,,,water_temp,water_temp,True,True,
92,USGS:433531092265303,USGS:433531092265306,distinct,auto (merge rule 2),"redundant twin: identical channels, overlapping spans, differing series",prox100-v1,NTR3-3A   North Drained Site Transect 3,NTR3-5    North Drained Site Transect 3,well,well,False,complementary,11.5,11.5,11.5,False,13335570,13335570,True,,,,,water_temp,water_temp,True,True,
93,USGS:444630095002203,USGS:444630095002208,distinct,auto (merge rule 2),"redundant twin: identical channels, overlapping spans, differing series",prox100-v1,OT-20     Olivia Field Site             0000773085,OT-175    Olivia Field Site             0000773080,well,well,False,complementary,11.53,11.53,11.53,False,4123638,4123638,True,,,,,water_temp,water_temp,False,False,
94,IWQIS:WQS0003,USGS:05454220,merge,isaac,,prox100-v1,Clear Creek at Oxford (3CCO),"Clear Creek near Oxford, IA",stream,stream,False,complementary,11.67,6.17,18.18,False,11915379,11915379,True,,,,,nitrate+water_temp+spec_cond+turbidity_unknown+diss_oxy+ph+fchl,discharge,True,True,
95,USGS:433527092265503,USGS:433527092265505,distinct,auto (merge rule 2),"redundant twin: identical channels, overlapping spans, differing series",prox100-v1,NTR1-3    North Drained Site Transect 1,NTR1-5    North Drained Site Transect 1,well,well,False,complementary,11.78,11.78,11.78,False,13335570,13335570,True,,,,,water_temp,water_temp,True,True,
96,USGS:433527092265502,USGS:433527092265504,distinct,auto (merge rule 2),"redundant twin: identical channels, overlapping spans, differing series",prox100-v1,NTR1-2    North Drained Site Transect 1,NTR1-4    North Drained Site Transect 1,well,well,False,complementary,11.81,11.81,11.81,False,13335570,13335570,True,,,,,water_temp,water_temp,True,True,
97,USGS:444630095002203,USGS:444630095002205,distinct,auto (merge rule 2),"redundant twin: identical channels, overlapping spans, differing series",prox100-v1,OT-20     Olivia Field Site             0000773085,OT-60     Olivia Field Site             0000773083,well,well,False,complementary,12.06,12.06,12.06,False,4123638,4123638,True,,,,,water_temp,water_temp,False,False,
98,USGS:433243092260602,USGS:433243092260605,distinct,auto (merge rule 2),"redundant twin: identical channels, overlapping spans, differing series",prox100-v1,STR2-2    South Drained Site Transect 2,STR2-4    South Drained Site Transect 2,well,well,False,complementary,12.29,12.29,12.29,False,13335680,13335680,True,,,,,water_temp,water_temp,True,True,
99,USGS:433247092260702,USGS:433247092260705,distinct,auto (merge rule 2),"redundant twin: identical channels, overlapping spans, differing series",prox100-v1,STR1-2    South Drained Site Transect 1,STR1-4    South Drained Site Transect 1,well,well,False,complementary,12.53,12.53,12.53,False,13335680,13335680,True,,,,,water_temp,water_temp,True,True,
100,USGS:433527092265501,USGS:433527092265601,distinct,auto (merge rule 2),"redundant twin: identical channels, overlapping spans, differing series",prox100-v1,NTR1-1    North Drained Site Transect 1,NSAD      North Site Agri Drain,well,groundwater,True,complementary,12.54,12.54,12.54,False,13335570,13335570,True,,,,,water_temp,water_temp,True,True,
101,USGS:433528092265106,USGS:433528092265108,distinct,auto (merge rule 2),"redundant twin: identical channels, overlapping spans, differing series",prox100-v1,NTR2-3D   North Drained Site Transect 2,NTR2-5    North Drained Site Transect 2,well,well,False,complementary,12.73,12.73,12.73,False,13335570,13335570,True,,,,,water_temp,water_temp,True,True,
102,USGS:444630095002203,USGS:444630095002207,distinct,auto (merge rule 2),"redundant twin: identical channels, overlapping spans, differing series",prox100-v1,OT-20     Olivia Field Site             0000773085,OT-145    Olivia Field Site             0000773081,well,well,False,complementary,14.07,14.07,14.07,False,4123638,4123638,True,,,,,water_temp,water_temp,False,False,
103,USGS:450542093105506,USGS:450543093105501,distinct,auto (merge rule 2),"redundant twin: shared channels, overlapping spans, differing series",prox100-v1,GS2-MW4   TCAAP Site K,OW109U1R  TCAAP Site 01U609R           0000773090,well,well,False,complementary,14.26,14.26,14.26,False,937010716,937010716,True,,,,,water_temp+spec_cond,water_temp,False,False,
104,IWQIS:WQS0023,USGS:05422000,merge,isaac,,prox100-v1,Wapsipinicon River at De Witt (23WRDW),"Wapsipinicon River near De Witt, IA",stream,stream,False,complementary,14.4,3.19,54.85,False,14796117,14796117,True,,,,,nitrate+water_temp+spec_cond+turbidity_unknown+diss_oxy+ph+fchl,discharge,False,False,
105,IWQIS:WQS0006,USGS:05455700,merge,isaac,,prox100-v1,Iowa River at Lone Tree (6IALT),"Iowa River near Lone Tree, IA",stream,stream,False,complementary,14.5,10.21,19.97,False,11919685,11919685,True,,,,,nitrate+water_temp+spec_cond+turbidity_unknown+diss_oxy+ph+fchl,discharge,True,True,
106,USGS:433240092260501,USGS:433240092260601,distinct,auto (merge rule 2),"redundant twin: identical channels, overlapping spans, differing series",prox100-v1,SSAD      South Site Agri Drain,SPR-5     South Drained Site Perimeter,groundwater,well,True,complementary,14.98,14.98,14.98,False,13335680,13335680,True,,,,,water_temp,water_temp,True,True,
107,USGS:450543093105306,USGS:450543093105501,distinct,auto (merge rule 2),"redundant twin: identical channels, overlapping spans, differing series",prox100-v1,GS1-MW4   TCAAP Site K,OW109U1R  TCAAP Site 01U609R           0000773090,well,well,False,complementary,15.17,15.17,15.17,False,937010716,937010716,True,,,,,water_temp,water_temp,False,False,
108,USGS:433528092265101,USGS:433528092265107,distinct,auto (merge rule 2),"redundant twin: identical channels, overlapping spans, differing series",prox100-v1,NTR2-1    North Drained Site Transect 1,NTR2-4    North Drained Site Transect 2,well,well,False,complementary,16.14,16.14,16.14,False,13335570,13335570,True,,,,,water_temp,water_temp,True,True,
109,USGS:433528092265102,USGS:433528092265108,distinct,auto (merge rule 2),"redundant twin: identical channels, overlapping spans, differing series",prox100-v1,NTR2-2    North Drained Site Transect 2,NTR2-5    North Drained Site Transect 2,well,well,False,complementary,16.45,16.45,16.45,False,13335570,13335570,True,,,,,water_temp,water_temp,True,True,
110,USGS:433527092265502,USGS:433527092265601,distinct,auto (merge rule 2),"redundant twin: identical channels, overlapping spans, differing series",prox100-v1,NTR1-2    North Drained Site Transect 1,NSAD      North Site Agri Drain,well,groundwater,True,complementary,16.94,16.94,16.94,False,13335570,13335570,True,,,,,water_temp,water_temp,True,True,
111,USGS:444630095002203,USGS:444630095002206,distinct,auto (merge rule 2),"redundant twin: identical channels, overlapping spans, differing series",prox100-v1,OT-20     Olivia Field Site             0000773085,OT-105    Olivia Field Site             0000773082,well,well,False,complementary,16.98,16.98,16.98,False,4123638,4123638,True,,,,,water_temp,water_temp,False,False,
112,USGS:433527092265501,USGS:433527092265504,distinct,auto (merge rule 2),"redundant twin: identical channels, overlapping spans, differing series",prox100-v1,NTR1-1    North Drained Site Transect 1,NTR1-4    North Drained Site Transect 1,well,well,False,complementary,17.41,17.41,17.41,False,13335570,13335570,True,,,,,water_temp,water_temp,True,True,
113,USGS:433243092260602,USGS:433243092260606,distinct,auto (merge rule 2),"redundant twin: identical channels, overlapping spans, differing series",prox100-v1,STR2-2    South Drained Site Transect 2,STR2-5    South Drained Site Transect 2,well,well,False,complementary,17.43,17.43,17.43,False,13335680,13335680,True,,,,,water_temp,water_temp,True,True,
114,USGS:433247092260701,USGS:433247092260705,distinct,auto (merge rule 2),"redundant twin: identical channels, overlapping spans, differing series",prox100-v1,STR1-1    South Drained Site Transect 1,STR1-4    South Drained Site Transect 1,well,well,False,complementary,17.47,17.47,17.47,False,13335680,13335680,True,,,,,water_temp,water_temp,True,True,
115,USGS:433243092260601,USGS:433243092260605,distinct,auto (merge rule 2),"redundant twin: identical channels, overlapping spans, differing series",prox100-v1,STR2-1    South Drained Site Transect 2,STR2-4    South Drained Site Transect 2,well,well,False,complementary,17.65,17.65,17.65,False,13335680,13335680,True,,,,,water_temp,water_temp,True,True,
116,USGS:433247092260702,USGS:433247092260706,distinct,auto (merge rule 2),"redundant twin: identical channels, overlapping spans, differing series",prox100-v1,STR1-2    South Drained Site Transect 1,STR1-5    South Drained Site Transect 1,well,well,False,complementary,17.66,17.66,17.66,False,13335680,13335680,True,,,,,water_temp,water_temp,True,True,
117,USGS:433527092265502,USGS:433527092265505,distinct,auto (merge rule 2),"redundant twin: identical channels, overlapping spans, differing series",prox100-v1,NTR1-2    North Drained Site Transect 1,NTR1-5    North Drained Site Transect 1,well,well,False,complementary,17.68,17.68,17.68,False,13335570,13335570,True,,,,,water_temp,water_temp,True,True,
118,USGS:450542093105401,USGS:450543093105407,distinct,auto (merge rule 2),"redundant twin: shared channels, overlapping spans, differing series",prox100-v1,OW108U1R  TCAAP Site 01U608R           0000773092,GS1-MW8   TCAAP Site K,well,well,False,complementary,18.32,18.32,18.32,False,937010716,937010716,True,,,,,water_temp,water_temp+spec_cond,False,False,
119,USGS:450542093105508,USGS:450543093105501,distinct,auto (merge rule 2),"redundant twin: identical channels, overlapping spans, differing series",prox100-v1,GS2-MW8   TCAAP Site K,OW109U1R  TCAAP Site 01U609R           0000773090,well,well,False,complementary,18.39,18.39,18.39,False,937010716,937010716,True,,,,,water_temp,water_temp,False,False,
120,USGS:395223086214201,USGS:395223086214203,distinct,auto (merge rule 2),"redundant twin: identical channels, overlapping spans, differing series",prox100-v1,"USGS WELL SCHOOL BRANCH SNW AT BROWNSBURG, IN","USGS WELL SCHOOL BRANCH SNE AT BROWNSBURG, IN",well,well,False,complementary,18.54,18.54,18.54,False,18476787,18476787,True,,,,,water_temp,water_temp,True,True,
121,IWQIS:WQS0009,USGS:05411900,merge,isaac,,prox100-v1,Otter Creek at Elgin (9OCE),"Otter Creek at Elgin, IA",stream,stream,False,complementary,18.58,14.3,23.93,False,13311203,13311203,True,,,,,nitrate+water_temp+spec_cond+turbidity_unknown+diss_oxy+ph+fchl,discharge,True,True,
122,USGS:450543093105301,USGS:450543093105501,distinct,auto (merge rule 2),"redundant twin: identical channels, overlapping spans, differing series",prox100-v1,OW111U1R  TCAAP Site 01U611R           0000773089,OW109U1R  TCAAP Site 01U609R           0000773090,well,well,False,complementary,19.15,19.15,19.15,False,937010716,937010716,True,,,,,water_temp,water_temp,False,False,
123,USGS:444630095002205,USGS:444630095002209,distinct,auto (merge rule 2),"redundant twin: identical channels, overlapping spans, differing series",prox100-v1,OT-60     Olivia Field Site             0000773083,OB-7      Olivia Field Site             0000773079,well,well,False,complementary,19.43,19.43,19.43,False,4123638,4123638,True,,,,,water_temp,water_temp,False,False,
124,USGS:450542093105401,USGS:450543093105306,distinct,auto (merge rule 2),"redundant twin: identical channels, overlapping spans, differing series",prox100-v1,OW108U1R  TCAAP Site 01U608R           0000773092,GS1-MW4   TCAAP Site K,well,well,False,complementary,19.78,19.78,19.78,False,937010716,937010716,True,,,,,water_temp,water_temp,False,False,
125,USGS:450542093105401,USGS:450543093105501,distinct,auto (merge rule 2),"redundant twin: identical channels, overlapping spans, differing series",prox100-v1,OW108U1R  TCAAP Site 01U608R           0000773092,OW109U1R  TCAAP Site 01U609R           0000773090,well,well,False,complementary,19.93,19.93,19.93,False,937010716,937010716,True,,,,,water_temp,water_temp,False,False,
126,USGS:450542093105401,USGS:450542093105506,distinct,auto (merge rule 2),"redundant twin: shared channels, overlapping spans, differing series",prox100-v1,OW108U1R  TCAAP Site 01U608R           0000773092,GS2-MW4   TCAAP Site K,well,well,False,complementary,19.98,19.98,19.98,False,937010716,937010716,True,,,,,water_temp,water_temp+spec_cond,False,False,
127,USGS:433528092265101,USGS:433528092265108,distinct,auto (merge rule 2),"redundant twin: identical channels, overlapping spans, differing series",prox100-v1,NTR2-1    North Drained Site Transect 1,NTR2-5    North Drained Site Transect 2,well,well,False,complementary,21.11,21.11,21.11,False,13335570,13335570,True,,,,,water_temp,water_temp,True,True,
128,USGS:450542093105401,USGS:450543093105301,distinct,auto (merge rule 2),"redundant twin: identical channels, overlapping spans, differing series",prox100-v1,OW108U1R  TCAAP Site 01U608R           0000773092,OW111U1R  TCAAP Site 01U611R           0000773089,well,well,False,complementary,21.42,21.42,21.42,False,937010716,937010716,True,,,,,water_temp,water_temp,False,False,
129,USGS:433527092265503,USGS:433527092265601,distinct,auto (merge rule 2),"redundant twin: identical channels, overlapping spans, differing series",prox100-v1,NTR1-3    North Drained Site Transect 1,NSAD      North Site Agri Drain,well,groundwater,True,complementary,22.17,22.17,22.17,False,13335570,13335570,True,,,,,water_temp,water_temp,True,True,
130,USGS:444630095002205,USGS:444630095002208,distinct,auto (merge rule 2),"redundant twin: identical channels, overlapping spans, differing series",prox100-v1,OT-60     Olivia Field Site             0000773083,OT-175    Olivia Field Site             0000773080,well,well,False,complementary,22.24,22.24,22.24,False,4123638,4123638,True,,,,,water_temp,water_temp,False,False,
131,USGS:433531092265301,USGS:433531092265306,distinct,auto (merge rule 2),"redundant twin: identical channels, overlapping spans, differing series",prox100-v1,NTR3-1    North Drained Site Transect 3,NTR3-5    North Drained Site Transect 3,well,well,False,complementary,22.34,22.34,22.34,False,13335570,13335570,True,,,,,water_temp,water_temp,True,True,
132,USGS:05429485,USGS:05429500,distinct,isaac,,prox100-v1,"LAKE WAUBESA AT MC FARLAND, WI","YAHARA RIVER AT MC FARLAND, WI",lake,stream,True,complementary,22.52,1.59,63.19,False,13293970,13293970,True,,,,,gage_height,discharge,True,True,
133,USGS:433247092260701,USGS:433247092260706,distinct,auto (merge rule 2),"redundant twin: identical channels, overlapping spans, differing series",prox100-v1,STR1-1    South Drained Site Transect 1,STR1-5    South Drained Site Transect 1,well,well,False,complementary,22.6,22.6,22.6,False,13335680,13335680,True,,,,,water_temp,water_temp,True,True,
134,USGS:433243092260601,USGS:433243092260606,distinct,auto (merge rule 2),"redundant twin: identical channels, overlapping spans, differing series",prox100-v1,STR2-1    South Drained Site Transect 2,STR2-5    South Drained Site Transect 2,well,well,False,complementary,22.8,22.8,22.8,False,13335680,13335680,True,,,,,water_temp,water_temp,True,True,
135,USGS:433527092265501,USGS:433527092265505,distinct,auto (merge rule 2),"redundant twin: identical channels, overlapping spans, differing series",prox100-v1,NTR1-1    North Drained Site Transect 1,NTR1-5    North Drained Site Transect 1,well,well,False,complementary,23.28,23.28,23.28,False,13335570,13335570,True,,,,,water_temp,water_temp,True,True,
136,USGS:473425095052302,USGS:473426095052305,distinct,auto (merge rule 2),"redundant twin: shared channels, overlapping spans, differing series",prox100-v1,419C      Bemidji Toxics Research Site,533E      Bemidji Toxics Research Site,well,well,False,complementary,23.5,23.5,23.5,False,22324201,22324201,True,,,,,water_temp,water_temp+spec_cond,True,True,
137,IWQIS:WQS0064,USGS:05388250,merge,isaac,,prox100-v1,Upper Iowa River at Dorchester (64UIRD),"Upper Iowa River near Dorchester, IA",stream,stream,False,complementary,23.81,6.41,63.48,False,13336508,13336508,True,,,,,nitrate+water_temp+spec_cond+turbidity_unknown+diss_oxy+ph+fchl,discharge+gage_height,True,True,
138,USGS:413941087331201,USGS:413942087331301,distinct,auto (merge rule 2),"redundant twin: shared channels, overlapping spans, differing series",prox100-v1,37N15E-30.6b1 (GS-1D),37N15E-30.6b2 (GS-2S),well,well,False,complementary,24.26,24.26,24.26,False,3398134,3398134,True,,,,,water_temp+spec_cond,water_temp,False,False,
139,USGS:450542093105401,USGS:450542093105508,distinct,auto (merge rule 2),"redundant twin: identical channels, overlapping spans, differing series",prox100-v1,OW108U1R  TCAAP Site 01U608R           0000773092,GS2-MW8   TCAAP Site K,well,well,False,complementary,24.96,24.96,24.96,False,937010716,937010716,True,,,,,water_temp,water_temp,False,False,
140,IWQIS:WQS0040,USGS:06609500,merge,isaac,,prox100-v1,Boyer River at Logan (40),"Boyer River at Logan, IA",stream,stream,False,complementary,25.01,18.96,31.44,False,17208706,17208706,True,,,,,nitrate+water_temp+turbidity_unknown,discharge,True,True,
141,USGS:444630095002205,USGS:444630095002207,distinct,auto (merge rule 2),"redundant twin: identical channels, overlapping spans, differing series",prox100-v1,OT-60     Olivia Field Site             0000773083,OT-145    Olivia Field Site             0000773081,well,well,False,complementary,25.19,25.19,25.19,False,4123638,4123638,True,,,,,water_temp,water_temp,False,False,
142,IWQIS:WQS0086,USGS:05484000,distinct,auto (merge rule 2),"redundant twin: shared channels, overlapping spans, differing series",prox100-v1,South Raccoon River at Redfield (86SRRR),"South Raccoon River at Redfield, IA",stream,stream,False,complementary,25.64,19.48,32.13,False,6621006,6621036,False,,,,,water_temp+turbidity_unknown,nitrate+discharge+gage_height+water_temp,True,False,
143,USGS:433527092265601,USGS:433527092265701,distinct,auto (merge rule 2),"redundant twin: identical channels, overlapping spans, differing series",prox100-v1,NSAD      North Site Agri Drain,NPR-4     North Drained Site Perimeter,groundwater,well,True,complementary,25.89,25.89,25.89,False,13335570,13335570,True,,,,,water_temp,water_temp,True,True,
144,USGS:02485600,USGS:02485601,distinct,auto (merge rule 2),"redundant twin: identical channels, overlapping spans, differing series",prox100-v1,"ROSS BARNETT RESERVOIR NR JACKSON, MS","PEARL RIVER AT ROSS BARNETT RESERVOIR, MS",lake,stream,True,complementary,25.99,1.62,72.96,False,15758240,15758240,True,,,,,gage_height,gage_height,True,True,
145,USGS:07378745,USGS:07378746,distinct,auto (merge rule 2),"redundant twin: identical channels, overlapping spans, differing series",prox100-v1,"Alligator Bayou near Kleinpeter, LA","Bayou Manchac at Alligator B. near Kleinpeter, LA",tidal_stream,tidal_stream,False,complementary,26.33,26.03,26.63,False,18991258,18991248,False,,,,,gage_height,gage_height,False,False,
146,USGS:450542093105508,USGS:450543093105407,distinct,auto (merge rule 2),"redundant twin: shared channels, overlapping spans, differing series",prox100-v1,GS2-MW8   TCAAP Site K,GS1-MW8   TCAAP Site K,well,well,False,complementary,27.15,27.15,27.15,False,937010716,937010716,True,,,,,water_temp,water_temp+spec_cond,False,False,
147,USGS:450542093105506,USGS:450543093105306,distinct,auto (merge rule 2),"redundant twin: shared channels, overlapping spans, differing series",prox100-v1,GS2-MW4   TCAAP Site K,GS1-MW4   TCAAP Site K,well,well,False,complementary,27.31,27.31,27.31,False,937010716,937010716,True,,,,,water_temp+spec_cond,water_temp,False,False,
148,USGS:433527092265504,USGS:433527092265601,distinct,auto (merge rule 2),"redundant twin: identical channels, overlapping spans, differing series",prox100-v1,NTR1-4    North Drained Site Transect 1,NSAD      North Site Agri Drain,well,groundwater,True,complementary,27.68,27.68,27.68,False,13335570,13335570,True,,,,,water_temp,water_temp,True,True,
149,USGS:444630095002205,USGS:444630095002206,distinct,auto (merge rule 2),"redundant twin: identical channels, overlapping spans, differing series",prox100-v1,OT-60     Olivia Field Site             0000773083,OT-105    Olivia Field Site             0000773082,well,well,False,complementary,28.41,28.41,28.41,False,4123638,4123638,True,,,,,water_temp,water_temp,False,False,
150,USGS:433527092265502,USGS:433527092265701,distinct,auto (merge rule 2),"redundant twin: identical channels, overlapping spans, differing series",prox100-v1,NTR1-2    North Drained Site Transect 1,NPR-4     North Drained Site Perimeter,well,well,False,complementary,29.49,29.49,29.49,False,13335570,13335570,True,,,,,water_temp,water_temp,True,True,
151,USGS:433527092265503,USGS:433527092265701,distinct,auto (merge rule 2),"redundant twin: identical channels, overlapping spans, differing series",prox100-v1,NTR1-3    North Drained Site Transect 1,NPR-4     North Drained Site Perimeter,well,well,False,complementary,29.78,29.78,29.78,False,13335570,13335570,True,,,,,water_temp,water_temp,True,True,
152,USGS:0546494140,USGS:0546494150,distinct,auto (merge rule 2),"redundant twin: identical channels, overlapping spans, differing series",prox100-v1,"WB Wapsinonoc Cr abv Baker Ave at West Branch, IA","Unnamed Trb to WB Wapsinonoc Cr at West Branch, IA",stream,stream,False,complementary,30.0,29.93,30.07,False,17556229,17556227,False,,,,,gage_height,gage_height,True,True,
153,USGS:433527092265501,USGS:433527092265701,distinct,auto (merge rule 2),"redundant twin: identical channels, overlapping spans, differing series",prox100-v1,NTR1-1    North Drained Site Transect 1,NPR-4     North Drained Site Perimeter,well,well,False,complementary,30.27,30.27,30.27,False,13335570,13335570,True,,,,,water_temp,water_temp,True,True,
154,USGS:450542093105506,USGS:450543093105301,distinct,auto (merge rule 2),"redundant twin: shared channels, overlapping spans, differing series",prox100-v1,GS2-MW4   TCAAP Site K,OW111U1R  TCAAP Site 01U611R           0000773089,well,well,False,complementary,30.99,30.99,30.99,False,937010716,937010716,True,,,,,water_temp+spec_cond,water_temp,False,False,
155,USGS:433527092265504,USGS:433527092265701,distinct,auto (merge rule 2),"redundant twin: identical channels, overlapping spans, differing series",prox100-v1,NTR1-4    North Drained Site Transect 1,NPR-4     North Drained Site Perimeter,well,well,False,complementary,31.21,31.21,31.21,False,13335570,13335570,True,,,,,water_temp,water_temp,True,True,
156,USGS:450542093105508,USGS:450543093105306,distinct,auto (merge rule 2),"redundant twin: identical channels, overlapping spans, differing series",prox100-v1,GS2-MW8   TCAAP Site K,GS1-MW4   TCAAP Site K,well,well,False,complementary,32.28,32.28,32.28,False,937010716,937010716,True,,,,,water_temp,water_temp,False,False,
157,USGS:433245092254905,USGS:433246092255001,distinct,auto (merge rule 2),"redundant twin: identical channels, overlapping spans, differing series",prox100-v1,SUTR1-5   South Undrained Site Transect1,SUPR-2    South Undrained Site Perimeter,well,well,False,complementary,32.42,32.42,32.42,False,13335680,13335680,True,,,,,water_temp,water_temp,True,True,
158,MPCA:41043001,USGS:05374900,merge,isaac,,prox100-v1,"Zumbro River at Kellogg, US61","ZUMBRO RIVER AT KELLOGG, MN",stream,stream,False,complementary,32.77,32.71,32.84,False,2442556,2442556,True,,,,,nitrate+discharge+gage_height+water_temp+turbidity_unknown,turbidity_fnu,True,True,
159,USGS:433527092265505,USGS:433527092265701,distinct,auto (merge rule 2),"redundant twin: identical channels, overlapping spans, differing series",prox100-v1,NTR1-5    North Drained Site Transect 1,NPR-4     North Drained Site Perimeter,well,well,False,complementary,33.02,33.02,33.02,False,13335570,13335570,True,,,,,water_temp,water_temp,True,True,
160,USGS:433527092265505,USGS:433527092265601,distinct,auto (merge rule 2),"redundant twin: identical channels, overlapping spans, differing series",prox100-v1,NTR1-5    North Drained Site Transect 1,NSAD      North Site Agri Drain,well,groundwater,True,complementary,33.09,33.09,33.09,False,13335570,13335570,True,,,,,water_temp,water_temp,True,True,
161,IWQIS:WQS0044,USGS:06809900,merge,isaac,,prox100-v1,East Nishnabotna River at Riverton (44ENRR),"East Nishnabotna River at Riverton, IA",stream,stream,False,complementary,33.51,26.61,40.43,False,19167379,19167379,True,,,,,nitrate+water_temp+spec_cond+turbidity_unknown+diss_oxy+ph+fchl,discharge,True,True,
162,USGS:433245092254904,USGS:433246092255001,distinct,auto (merge rule 2),"redundant twin: identical channels, overlapping spans, differing series",prox100-v1,SUTR1-4   South Undrained Site Transect 1,SUPR-2    South Undrained Site Perimeter,well,well,False,complementary,33.76,33.76,33.76,False,13335680,13335680,True,,,,,water_temp,water_temp,True,True,
163,USGS:433246092254801,USGS:433246092255001,distinct,auto (merge rule 2),"redundant twin: identical channels, overlapping spans, differing series",prox100-v1,SUPR-1    South Undrained Site Perimeter,SUPR-2    South Undrained Site Perimeter,well,well,False,complementary,34.43,34.43,34.43,False,13335680,13335680,True,,,,,water_temp,water_temp,True,True,
164,USGS:433244092255002,USGS:433245092254905,distinct,auto (merge rule 2),"redundant twin: identical channels, overlapping spans, differing series",prox100-v1,SUPR-4    South Undrained Site Perimeter,SUTR1-5   South Undrained Site Transect1,well,well,False,complementary,35.55,35.55,35.55,False,13335680,13335680,True,,,,,water_temp,water_temp,True,True,
165,USGS:412354086421001,USGS:412354086421005,distinct,isaac,,prox100-v1,"KANKAKEE WELL FIELD SH-1 NEAR HANNA, IN","KANKAKEE WELL FIELD SH-3 NEAR HANNA, IN",well,well,False,complementary,35.88,35.88,35.88,False,13433691,13433691,True,,,,,water_temp+spec_cond+diss_oxy+ph,nitrate+gw_level,True,True,
166,USGS:412354086421001,USGS:412354086421006,distinct,isaac,,prox100-v1,"KANKAKEE WELL FIELD SH-1 NEAR HANNA, IN","KANKAKEE WELL FIELD WT-3 NEAR HANNA, IN",well,well,False,complementary,35.88,35.88,35.88,False,13433691,13433691,True,,,,,water_temp+spec_cond+diss_oxy+ph,nitrate+gw_level,True,True,
167,USGS:412354086421002,USGS:412354086421005,distinct,isaac,,prox100-v1,"KANKAKEE WELL FIELD DP-1 NEAR HANNA, IN","KANKAKEE WELL FIELD SH-3 NEAR HANNA, IN",well,well,False,complementary,35.88,35.88,35.88,False,13433691,13433691,True,,,,,water_temp+spec_cond+diss_oxy,nitrate+gw_level,True,True,
168,USGS:412354086421002,USGS:412354086421006,merge,isaac,,prox100-v1,"KANKAKEE WELL FIELD DP-1 NEAR HANNA, IN","KANKAKEE WELL FIELD WT-3 NEAR HANNA, IN",well,well,False,complementary,35.88,35.88,35.88,False,13433691,13433691,True,,,,,water_temp+spec_cond+diss_oxy,nitrate+gw_level,True,True,
169,USGS:450542093105508,USGS:450543093105301,distinct,auto (merge rule 2),"redundant twin: identical channels, overlapping spans, differing series",prox100-v1,GS2-MW8   TCAAP Site K,OW111U1R  TCAAP Site 01U611R           0000773089,well,well,False,complementary,36.04,36.04,36.04,False,937010716,937010716,True,,,,,water_temp,water_temp,False,False,
170,USGS:473426095052305,USGS:473426095052401,distinct,auto (merge rule 2),"redundant twin: shared channels, overlapping spans, differing series",prox100-v1,533E      Bemidji Toxics Research Site,9015      Bemidji Toxics Research Site,well,well,False,complementary,36.38,36.38,36.38,False,22324201,22324201,True,,,,,water_temp+spec_cond,water_temp,True,True,
171,USGS:433244092255002,USGS:433245092254904,distinct,auto (merge rule 2),"redundant twin: identical channels, overlapping spans, differing series",prox100-v1,SUPR-4    South Undrained Site Perimeter,SUTR1-4   South Undrained Site Transect 1,well,well,False,complementary,37.24,37.24,37.24,False,13335680,13335680,True,,,,,water_temp,water_temp,True,True,
172,USGS:473425095052602,USGS:473426095052401,distinct,auto (merge rule 2),"redundant twin: identical channels, overlapping spans, differing series",prox100-v1,604B      Bemidji Toxics Research Site  0000273836,9015      Bemidji Toxics Research Site,well,well,False,complementary,38.51,38.48,38.55,False,22324201,22324201,True,,,,,water_temp,water_temp,True,True,
173,IWQIS:WQS0005,USGS:05455500,merge,isaac,,prox100-v1,English River at Kalona (5ENGK),"English River at Kalona, IA",stream,stream,False,complementary,38.59,32.66,44.82,False,11918423,11918423,True,,,,,nitrate+water_temp+spec_cond+turbidity_unknown+diss_oxy+ph+orthophosphate,discharge,True,True,
174,USGS:01460378,USGS:01460380,merge,isaac,,prox100-v1,D&R Ca feeder US of gate at Washington Crossing NJ,Del and Rar Ca feeder at Washington Crossing NJ,stream,stream,False,complementary,38.94,38.94,38.94,False,2590249,2590249,True,,,,,discharge,water_temp,True,True,
175,USGS:07385700,USGS:07385702,distinct,auto (merge rule 2),"redundant twin: shared channels, overlapping spans, differing series",prox100-v1,"Bayou Teche at Keystone L&D nr St. Martinville, LA",Bayou Teche below Keystone L&D nr St. Martinville,tidal_stream,tidal_stream,False,complementary,40.82,40.82,40.82,False,15150946,15150946,True,,,,,discharge+gage_height,gage_height,True,True,
176,IWQIS:WQS0002,USGS:05454300,merge,isaac,,prox100-v1,Clear Creek at Coralville (2CCC),"Clear Creek near Coralville, IA",stream,stream,False,complementary,44.36,38.41,50.55,False,11915507,11915507,True,,,,,nitrate+water_temp+spec_cond+turbidity_unknown+diss_oxy+ph+fchl,discharge,True,True,
177,USGS:433245092254904,USGS:433246092254801,distinct,auto (merge rule 2),"redundant twin: identical channels, overlapping spans, differing series",prox100-v1,SUTR1-4   South Undrained Site Transect 1,SUPR-1    South Undrained Site Perimeter,well,well,False,complementary,44.45,44.45,44.45,False,13335680,13335680,True,,,,,water_temp,water_temp,True,True,
178,IWQIS:WQS0039,USGS:05480820,merge,isaac,,prox100-v1,Boone River at Goldfield (39BRG),"Boone River near Goldfield, IA",stream,stream,False,complementary,46.12,40.16,52.31,False,6603048,6603048,True,,,,,nitrate+water_temp+turbidity_unknown,discharge+gage_height,True,True,
179,IWQIS:WQS0042,USGS:06607200,merge,isaac,,prox100-v1,Maple River at Mapleton (42MRM),"Maple River at Mapleton, IA",stream,stream,False,complementary,46.43,35.04,91.48,False,17227027,17227027,True,,,,,nitrate+water_temp+turbidity_unknown,discharge,True,True,
180,USGS:433245092254905,USGS:433246092254801,distinct,auto (merge rule 2),"redundant twin: identical channels, overlapping spans, differing series",prox100-v1,SUTR1-5   South Undrained Site Transect1,SUPR-1    South Undrained Site Perimeter,well,well,False,complementary,47.61,47.61,47.61,False,13335680,13335680,True,,,,,water_temp,water_temp,True,True,
181,IWQIS:WQS0063,USGS:05389000,merge,isaac,,prox100-v1,Yellow River at Ion (63YRI),"Yellow River near Ion, IA",stream,stream,False,complementary,47.88,40.35,74.74,False,13211090,13211090,True,,,,,nitrate+water_temp+spec_cond+turbidity_unknown+diss_oxy+ph,discharge,True,True,
182,IWQIS:WQS9904,USGS:05455500,distinct,isaac,,prox100-v1,WQS9904,"English River at Kalona, IA",stream,stream,False,complementary,49.63,43.82,55.71,False,11918423,11918423,True,,,,,nitrate+water_temp+diss_oxy+ph,discharge,True,True,
183,IWQIS:WQS0036,USGS:06898000,merge,isaac,,prox100-v1,Thompson River at Davis City (36TRDC),"Thompson River at Davis City, IA",stream,stream,False,complementary,51.92,45.18,58.72,True,5138325,5138325,True,,,,,nitrate+water_temp+turbidity_unknown,discharge+gage_height,True,True,
184,USGS:473425095052302,USGS:473426095052401,distinct,auto (merge rule 2),"redundant twin: identical channels, overlapping spans, differing series",prox100-v1,419C      Bemidji Toxics Research Site,9015      Bemidji Toxics Research Site,well,well,False,complementary,54.11,54.11,54.11,True,22324201,22324201,True,,,,,water_temp,water_temp,True,True,
185,USGS:04170490,USGS:04170500,distinct,isaac,,prox100-v1,"KENT LAKE NEAR NEW HUDSON, MI","HURON RIVER NEAR NEW HUDSON, MI",lake,stream,True,complementary,54.98,54.98,54.98,True,13173829,13173829,True,,,,,gage_height,discharge,False,True,
186,IWQIS:WQS0111,USGS:05389400,merge,isaac,,prox100-v1,Bloody Run Creek at Marquette (111BRCM),"Bloody Run Creek near Marquette, IA",stream,stream,False,complementary,55.75,49.96,61.77,True,13211298,13211298,True,,,,,nitrate+water_temp+spec_cond+turbidity_unknown+diss_oxy+ph+fchl,discharge,True,True,
187,IWQIS:WQS0093,USGS:05481950,merge,isaac,,prox100-v1,Beaver Creek at Johnston (93BCJ),"Beaver Creek near Grimes, IA",stream,stream,False,complementary,57.67,50.76,64.59,True,6597304,6597304,True,,,,,water_temp+turbidity_unknown,discharge,True,False,
188,IWQIS:WQS0124,USGS:06600100,distinct,isaac,,prox100-v1,Floyd River at Alton (WQS 124FRA),"Floyd River at Alton, IA",stream,stream,False,complementary,59.48,55.41,63.85,True,940230078,17241960,False,,,,,nitrate,discharge,False,True,
189,USGS:464110092531401,USGS:464112092531401,distinct,auto (merge rule 2),"redundant twin: identical channels, overlapping spans, differing series",prox100-v1,CWO1-A    Cromwell Far Nest             0000773071,CWO2-A    Cromwell Near Nest            0000773068,well,well,False,complementary,61.54,61.54,61.54,True,4839128,4839128,True,,,,,water_temp,water_temp,True,True,
190,USGS:464110092531401,USGS:464112092531404,distinct,auto (merge rule 2),"redundant twin: identical channels, overlapping spans, differing series",prox100-v1,CWO1-A    Cromwell Far Nest             0000773071,CWO2-D    Cromwell Near Nest            0000773065,well,well,False,complementary,61.54,61.54,61.54,True,4839128,4839128,True,,,,,water_temp,water_temp,True,True,
191,USGS:464110092531402,USGS:464112092531401,distinct,auto (merge rule 2),"redundant twin: identical channels, overlapping spans, differing series",prox100-v1,CWO1-B    Cromwell Far Nest             0000773070,CWO2-A    Cromwell Near Nest            0000773068,well,well,False,complementary,61.54,61.54,61.54,True,4839128,4839128,True,,,,,water_temp,water_temp,True,True,
192,USGS:464110092531402,USGS:464112092531404,distinct,auto (merge rule 2),"redundant twin: identical channels, overlapping spans, differing series",prox100-v1,CWO1-B    Cromwell Far Nest             0000773070,CWO2-D    Cromwell Near Nest            0000773065,well,well,False,complementary,61.54,61.54,61.54,True,4839128,4839128,True,,,,,water_temp,water_temp,True,True,
193,USGS:464110092531403,USGS:464112092531401,distinct,auto (merge rule 2),"redundant twin: identical channels, overlapping spans, differing series",prox100-v1,CWO1-C    Cromwell Far Nest             0000773069,CWO2-A    Cromwell Near Nest            0000773068,well,well,False,complementary,61.54,61.54,61.54,True,4839128,4839128,True,,,,,water_temp,water_temp,True,True,
194,USGS:464110092531403,USGS:464112092531404,distinct,auto (merge rule 2),"redundant twin: identical channels, overlapping spans, differing series",prox100-v1,CWO1-C    Cromwell Far Nest             0000773069,CWO2-D    Cromwell Near Nest            0000773065,well,well,False,complementary,61.54,61.54,61.54,True,4839128,4839128,True,,,,,water_temp,water_temp,True,True,
195,IWQIS:WQS0067,USGS:06483500,merge,isaac,,prox100-v1,Rock River at Rock Valley (67RRRV),"Rock River near Rock Valley, IA",stream,stream,False,complementary,61.8,54.96,68.64,True,7242913,7242913,True,,,,,nitrate+water_temp+spec_cond+turbidity_unknown,discharge,True,True,
196,USGS:06610685,USGS:410704095524301,distinct,auto (merge rule 2),"redundant twin: identical channels, overlapping spans, differing series",prox100-v1,"Offutt Ditch (Bellevue Drain) nr Offutt AFB, Nebr.","Base Lake at Offutt AFB nr Bellevue, Nebr.",stream,lake,True,complementary,62.15,62.15,62.15,True,940230021,940230021,True,,,,,gage_height,gage_height,True,False,
197,IWQIS:WQS0061,USGS:06608500,merge,isaac,,prox100-v1,Soldier River at Pisgah (61SRP),"Soldier River at Pisgah, IA",stream,stream,False,complementary,62.55,57.41,68.06,True,17246982,17246982,True,,,,,nitrate+water_temp+spec_cond+turbidity_unknown,discharge,False,False,
198,USGS:450542093105508,USGS:450542093105809,distinct,auto (merge rule 2),"redundant twin: shared channels, overlapping spans, differing series",prox100-v1,GS2-MW8   TCAAP Site K,GS3-MW4   TCAAP Site K,well,well,False,complementary,63.16,63.16,63.16,True,937010716,937010716,True,,,,,water_temp,water_temp+spec_cond,False,False,
199,USGS:433247092260706,USGS:433249092260801,distinct,auto (merge rule 2),"redundant twin: identical channels, overlapping spans, differing series",prox100-v1,STR1-5    South Drained Site Transect 1,SPR-2     South Drained Site Perimeter,well,well,False,complementary,65.55,65.55,65.55,True,13335680,13335680,True,,,,,water_temp,water_temp,True,True,
200,USGS:433244092255002,USGS:433246092255001,distinct,auto (merge rule 2),"redundant twin: identical channels, overlapping spans, differing series",prox100-v1,SUPR-4    South Undrained Site Perimeter,SUPR-2    South Undrained Site Perimeter,well,well,False,complementary,66.68,66.68,66.68,True,13335680,13335680,True,,,,,water_temp,water_temp,True,True,
201,IWQIS:WQS0126,USGS:05420680,merge,isaac,,prox100-v1,Wapsipinicon River at Tripoli (WQS 126WRT),"Wapsipinicon River near Tripoli, IA",stream,stream,False,complementary,66.78,57.12,76.51,True,6949292,6949292,True,,,,,nitrate,discharge,True,True,
202,USGS:433247092260705,USGS:433249092260801,distinct,auto (merge rule 2),"redundant twin: identical channels, overlapping spans, differing series",prox100-v1,STR1-4    South Drained Site Transect 1,SPR-2     South Drained Site Perimeter,well,well,False,complementary,67.17,67.17,67.17,True,13335680,13335680,True,,,,,water_temp,water_temp,True,True,
203,USGS:450542093105508,USGS:450542093105813,distinct,auto (merge rule 2),"redundant twin: identical channels, overlapping spans, differing series",prox100-v1,GS2-MW8   TCAAP Site K,GS3-MW8   TCAAP Site K,well,well,False,complementary,67.53,67.53,67.53,True,937010716,937010716,True,,,,,water_temp,water_temp,False,False,
204,IWQIS:WQS0007,USGS:05465000,merge,isaac,,prox100-v1,Cedar River at Conesville (7CRC),"Cedar River near Conesville, IA",stream,stream,False,complementary,68.14,62.57,73.87,True,17557695,17557695,True,,,,,nitrate+water_temp+spec_cond+turbidity_unknown+diss_oxy+ph+fchl,discharge,True,True,
205,USGS:04037400,USGS:04037500,distinct,isaac,,prox100-v1,"CISCO LAKE NEAR WATERSMEET, MI","CISCO BRANCH ONTONAGON R AT CISCO LAKE OUTLET, MI",lake,stream,True,complementary,70.68,70.68,70.68,True,11952111,11952111,True,,,,,gage_height,discharge,True,True,
206,USGS:433247092260701,USGS:433249092260501,distinct,auto (merge rule 2),"redundant twin: identical channels, overlapping spans, differing series",prox100-v1,STR1-1    South Drained Site Transect 1,SPR-4     South Drained Site Perimeter,well,well,False,complementary,71.59,71.59,71.59,True,13335680,13335680,True,,,,,water_temp,water_temp,True,True,
207,USGS:433247092260702,USGS:433249092260801,distinct,auto (merge rule 2),"redundant twin: identical channels, overlapping spans, differing series",prox100-v1,STR1-2    South Drained Site Transect 1,SPR-2     South Drained Site Perimeter,well,well,False,complementary,71.96,71.96,71.96,True,13335680,13335680,True,,,,,water_temp,water_temp,True,True,
208,MPCA:33091003,USGS:05327000,distinct,isaac,,prox100-v1,"High Island Creek nr Henderson, CSAH6","HIGH ISLAND CREEK NEAR HENDERSON, MN",stream,stream,False,complementary,72.05,71.93,72.17,True,2386438,2386438,True,,,,,nitrate,discharge,True,True,
209,USGS:433249092260501,USGS:433249092260801,distinct,auto (merge rule 2),"redundant twin: identical channels, overlapping spans, differing series",prox100-v1,SPR-4     South Drained Site Perimeter,SPR-2     South Drained Site Perimeter,well,well,False,complementary,72.67,72.67,72.67,True,13335680,13335680,True,,,,,water_temp,water_temp,True,True,
210,USGS:450542093105506,USGS:450542093105813,distinct,auto (merge rule 2),"redundant twin: shared channels, overlapping spans, differing series",prox100-v1,GS2-MW4   TCAAP Site K,GS3-MW8   TCAAP Site K,well,well,False,complementary,72.8,72.8,72.8,True,937010716,937010716,True,,,,,water_temp+spec_cond,water_temp,False,False,
211,USGS:433247092260701,USGS:433249092260801,distinct,auto (merge rule 2),"redundant twin: identical channels, overlapping spans, differing series",prox100-v1,STR1-1    South Drained Site Transect 1,SPR-2     South Drained Site Perimeter,well,well,False,complementary,74.02,74.02,74.02,True,13335680,13335680,True,,,,,water_temp,water_temp,True,True,
212,USGS:433247092260702,USGS:433249092260501,distinct,auto (merge rule 2),"redundant twin: identical channels, overlapping spans, differing series",prox100-v1,STR1-2    South Drained Site Transect 1,SPR-4     South Drained Site Perimeter,well,well,False,complementary,74.44,74.44,74.44,True,13335680,13335680,True,,,,,water_temp,water_temp,True,True,
213,USGS:055451345,USGS:423525088260400,distinct,isaac,,prox100-v1,"WHITE RIVER AT CENTER STREET AT LAKE GENEVA, WI","GENEVA LAKE AT LAKE GENEVA, WI",stream,lake,True,complementary,74.73,74.73,74.73,True,14768740,14768740,True,,,,,discharge,gage_height,True,True,
214,USGS:473425095052602,USGS:473426095052305,distinct,auto (merge rule 2),"redundant twin: shared channels, overlapping spans, differing series",prox100-v1,604B      Bemidji Toxics Research Site  0000273836,533E      Bemidji Toxics Research Site,well,well,False,complementary,74.85,74.81,74.88,True,22324201,22324201,True,,,,,water_temp,water_temp+spec_cond,True,True,
215,USGS:433240092260501,USGS:433243092260601,distinct,auto (merge rule 2),"redundant twin: identical channels, overlapping spans, differing series",prox100-v1,SSAD      South Site Agri Drain,STR2-1    South Drained Site Transect 2,groundwater,well,True,complementary,75.91,75.91,75.91,True,13335680,13335680,True,,,,,water_temp,water_temp,True,True,
216,USGS:433240092260501,USGS:433243092260602,distinct,auto (merge rule 2),"redundant twin: identical channels, overlapping spans, differing series",prox100-v1,SSAD      South Site Agri Drain,STR2-2    South Drained Site Transect 2,groundwater,well,True,complementary,76.53,76.53,76.53,True,13335680,13335680,True,,,,,water_temp,water_temp,True,True,
217,IWQIS:WQS0100,USGS:05484800,distinct,isaac,,prox100-v1,Walnut Creek at Des Moines (100WCDM),"Walnut Creek at Des Moines, IA",stream,stream,False,complementary,76.93,70.76,83.23,True,6609844,6609844,True,,,,,water_temp+turbidity_unknown,discharge,True,True,
218,USGS:433240092260501,USGS:433243092260604,distinct,auto (merge rule 2),"redundant twin: identical channels, overlapping spans, differing series",prox100-v1,SSAD      South Site Agri Drain,STR2-3B   South Drained Site Transect 2,groundwater,well,True,complementary,77.38,77.38,77.38,True,13335680,13335680,True,,,,,water_temp,water_temp,True,True,
219,USGS:433240092260501,USGS:433243092260603,distinct,auto (merge rule 2),"redundant twin: identical channels, overlapping spans, differing series",prox100-v1,SSAD      South Site Agri Drain,STR2-3A   South Drained Site Transect 2,groundwater,well,True,complementary,77.68,77.68,77.68,True,13335680,13335680,True,,,,,water_temp,water_temp,True,True,
220,USGS:450542093105809,USGS:450543093105501,distinct,auto (merge rule 2),"redundant twin: shared channels, overlapping spans, differing series",prox100-v1,GS3-MW4   TCAAP Site K,OW109U1R  TCAAP Site 01U609R           0000773090,well,well,False,complementary,77.87,77.87,77.87,True,937010716,937010716,True,,,,,water_temp+spec_cond,water_temp,False,False,
221,USGS:433242092260901,USGS:433243092260606,distinct,auto (merge rule 2),"redundant twin: identical channels, overlapping spans, differing series",prox100-v1,SPR-1A    South Drained Site Perimeter,STR2-5    South Drained Site Transect 2,well,well,False,complementary,78.0,78.0,78.0,True,13335680,13335680,True,,,,,water_temp,water_temp,True,True,
222,MPCA:15031001,USGS:05268700,distinct,auto (merge rule 2),"redundant twin: shared channels, overlapping spans, differing series",prox100-v1,"Little Rock Creek nr Rice, CSAH12","LITTLE ROCK CREEK AT RICE, MN",stream,stream,False,complementary,78.01,77.58,78.45,True,4973323,4973323,True,,,,,nitrate+discharge+gage_height+water_temp+spec_cond+diss_oxy+ph,gage_height+water_temp,True,True,
223,USGS:433240092260601,USGS:433243092260601,distinct,auto (merge rule 2),"redundant twin: identical channels, overlapping spans, differing series",prox100-v1,SPR-5     South Drained Site Perimeter,STR2-1    South Drained Site Transect 2,well,well,False,complementary,78.27,78.27,78.27,True,13335680,13335680,True,,,,,water_temp,water_temp,True,True,
224,USGS:433242092260902,USGS:433243092260606,distinct,auto (merge rule 2),"redundant twin: identical channels, overlapping spans, differing series",prox100-v1,SPR-1B    South Drained Site Perimeter,STR2-5    South Drained Site Transect 2,well,well,False,complementary,78.93,78.93,78.93,True,13335680,13335680,True,,,,,water_temp,water_temp,True,True,
225,USGS:433531092265306,USGS:433533092264901,distinct,auto (merge rule 2),"redundant twin: identical channels, overlapping spans, differing series",prox100-v1,NTR3-5    North Drained Site Transect 3,NPR-1     North Drained Site Perimeter,well,well,False,complementary,78.99,78.99,78.99,True,13335570,13335570,True,,,,,water_temp,water_temp,True,True,
226,USGS:433240092260501,USGS:433243092260605,distinct,auto (merge rule 2),"redundant twin: identical channels, overlapping spans, differing series",prox100-v1,SSAD      South Site Agri Drain,STR2-4    South Drained Site Transect 2,groundwater,well,True,complementary,79.34,79.34,79.34,True,13335680,13335680,True,,,,,water_temp,water_temp,True,True,
227,USGS:433240092260601,USGS:433243092260602,distinct,auto (merge rule 2),"redundant twin: identical channels, overlapping spans, differing series",prox100-v1,SPR-5     South Drained Site Perimeter,STR2-2    South Drained Site Transect 2,well,well,False,complementary,79.89,79.89,79.89,True,13335680,13335680,True,,,,,water_temp,water_temp,True,True,
228,IWQIS:WQS9903,USGS:05465000,distinct,isaac,,prox100-v1,WQS9903,"Cedar River near Conesville, IA",stream,stream,False,complementary,80.52,74.22,86.93,True,17557695,17557695,True,,,,,nitrate+water_temp+spec_cond+turbidity_unknown+diss_oxy+ph,discharge,True,True,
229,USGS:433240092260501,USGS:433243092260606,distinct,auto (merge rule 2),"redundant twin: identical channels, overlapping spans, differing series",prox100-v1,SSAD      South Site Agri Drain,STR2-5    South Drained Site Transect 2,groundwater,well,True,complementary,80.74,80.74,80.74,True,13335680,13335680,True,,,,,water_temp,water_temp,True,True,
230,USGS:433244092255002,USGS:433246092254801,distinct,auto (merge rule 2),"redundant twin: identical channels, overlapping spans, differing series",prox100-v1,SUPR-4    South Undrained Site Perimeter,SUPR-1    South Undrained Site Perimeter,well,well,False,complementary,81.4,81.4,81.4,True,13335680,13335680,True,,,,,water_temp,water_temp,True,True,
231,USGS:433240092260601,USGS:433243092260604,distinct,auto (merge rule 2),"redundant twin: identical channels, overlapping spans, differing series",prox100-v1,SPR-5     South Drained Site Perimeter,STR2-3B   South Drained Site Transect 2,well,well,False,complementary,81.81,81.81,81.81,True,13335680,13335680,True,,,,,water_temp,water_temp,True,True,
232,USGS:433247092260705,USGS:433249092260501,distinct,auto (merge rule 2),"redundant twin: identical channels, overlapping spans, differing series",prox100-v1,STR1-4    South Drained Site Transect 1,SPR-4     South Drained Site Perimeter,well,well,False,complementary,81.83,81.83,81.83,True,13335680,13335680,True,,,,,water_temp,water_temp,True,True,
233,USGS:433240092260601,USGS:433243092260603,distinct,auto (merge rule 2),"redundant twin: identical channels, overlapping spans, differing series",prox100-v1,SPR-5     South Drained Site Perimeter,STR2-3A   South Drained Site Transect 2,well,well,False,complementary,82.1,82.1,82.1,True,13335680,13335680,True,,,,,water_temp,water_temp,True,True,
234,USGS:450542093105813,USGS:450543093105501,distinct,auto (merge rule 2),"redundant twin: identical channels, overlapping spans, differing series",prox100-v1,GS3-MW8   TCAAP Site K,OW109U1R  TCAAP Site 01U609R           0000773090,well,well,False,complementary,82.17,82.17,82.17,True,937010716,937010716,True,,,,,water_temp,water_temp,False,False,
235,USGS:433242092260901,USGS:433243092260605,distinct,auto (merge rule 2),"redundant twin: identical channels, overlapping spans, differing series",prox100-v1,SPR-1A    South Drained Site Perimeter,STR2-4    South Drained Site Transect 2,well,well,False,complementary,82.59,82.59,82.59,True,13335680,13335680,True,,,,,water_temp,water_temp,True,True,
236,USGS:433531092265304,USGS:433533092264901,distinct,auto (merge rule 2),"redundant twin: identical channels, overlapping spans, differing series",prox100-v1,NTR3-3B   North Drained Site Transect 3,NPR-1     North Drained Site Perimeter,well,well,False,complementary,83.07,83.07,83.07,True,13335570,13335570,True,,,,,water_temp,water_temp,True,True,
237,USGS:433531092265303,USGS:433533092264901,distinct,auto (merge rule 2),"redundant twin: identical channels, overlapping spans, differing series",prox100-v1,NTR3-3A   North Drained Site Transect 3,NPR-1     North Drained Site Perimeter,well,well,False,complementary,83.49,83.49,83.49,True,13335570,13335570,True,,,,,water_temp,water_temp,True,True,
238,USGS:433242092260902,USGS:433243092260605,distinct,auto (merge rule 2),"redundant twin: identical channels, overlapping spans, differing series",prox100-v1,SPR-1B    South Drained Site Perimeter,STR2-4    South Drained Site Transect 2,well,well,False,complementary,83.52,83.52,83.52,True,13335680,13335680,True,,,,,water_temp,water_temp,True,True,
239,USGS:433240092260601,USGS:433243092260605,distinct,auto (merge rule 2),"redundant twin: identical channels, overlapping spans, differing series",prox100-v1,SPR-5     South Drained Site Perimeter,STR2-4    South Drained Site Transect 2,well,well,False,complementary,84.78,84.78,84.78,True,13335680,13335680,True,,,,,water_temp,water_temp,True,True,
240,USGS:433247092260706,USGS:433249092260501,distinct,auto (merge rule 2),"redundant twin: identical channels, overlapping spans, differing series",prox100-v1,STR1-5    South Drained Site Transect 1,SPR-4     South Drained Site Perimeter,well,well,False,complementary,85.02,85.02,85.02,True,13335680,13335680,True,,,,,water_temp,water_temp,True,True,
241,IWQIS:WQS0043,USGS:06600500,merge,isaac,,prox100-v1,Floyd River at James (43FRJ),"Floyd River at James, IA",stream,stream,False,complementary,85.22,81.11,89.59,True,17240094,17240094,True,,,,,nitrate+water_temp+spec_cond+turbidity_unknown,discharge+gage_height,True,True,
242,USGS:433528092265108,USGS:433531092265301,distinct,auto (merge rule 2),"redundant twin: identical channels, overlapping spans, differing series",prox100-v1,NTR2-5    North Drained Site Transect 2,NTR3-1    North Drained Site Transect 3,well,well,False,complementary,85.77,85.77,85.77,True,13335570,13335570,True,,,,,water_temp,water_temp,True,True,
243,IWQIS:WQS0041,USGS:06607500,distinct,isaac,,prox100-v1,Little Sioux River at Turin (41LSRT),"Little Sioux River near Turin, IA",ditch,stream,True,complementary,86.8,81.91,91.99,True,14626246,14626246,True,,,,,nitrate,discharge,False,False,
244,USGS:433240092260601,USGS:433243092260606,distinct,auto (merge rule 2),"redundant twin: identical channels, overlapping spans, differing series",prox100-v1,SPR-5     South Drained Site Perimeter,STR2-5    South Drained Site Transect 2,well,well,False,complementary,86.99,86.99,86.99,True,13335680,13335680,True,,,,,water_temp,water_temp,True,True,
245,USGS:450542093105401,USGS:450542093105809,distinct,auto (merge rule 2),"redundant twin: shared channels, overlapping spans, differing series",prox100-v1,OW108U1R  TCAAP Site 01U608R           0000773092,GS3-MW4   TCAAP Site K,well,well,False,complementary,87.82,87.82,87.82,True,937010716,937010716,True,,,,,water_temp,water_temp+spec_cond,False,False,
246,USGS:433242092260901,USGS:433243092260604,distinct,auto (merge rule 2),"redundant twin: identical channels, overlapping spans, differing series",prox100-v1,SPR-1A    South Drained Site Perimeter,STR2-3B   South Drained Site Transect 2,well,well,False,complementary,87.93,87.93,87.93,True,13335680,13335680,True,,,,,water_temp,water_temp,True,True,
247,USGS:433242092260901,USGS:433243092260603,distinct,auto (merge rule 2),"redundant twin: identical channels, overlapping spans, differing series",prox100-v1,SPR-1A    South Drained Site Perimeter,STR2-3A   South Drained Site Transect 2,well,well,False,complementary,88.08,88.08,88.08,True,13335680,13335680,True,,,,,water_temp,water_temp,True,True,
248,USGS:433531092265301,USGS:433533092264901,distinct,auto (merge rule 2),"redundant twin: identical channels, overlapping spans, differing series",prox100-v1,NTR3-1    North Drained Site Transect 3,NPR-1     North Drained Site Perimeter,well,well,False,complementary,88.17,88.17,88.17,True,13335570,13335570,True,,,,,water_temp,water_temp,True,True,
249,USGS:433242092260902,USGS:433243092260604,distinct,auto (merge rule 2),"redundant twin: identical channels, overlapping spans, differing series",prox100-v1,SPR-1B    South Drained Site Perimeter,STR2-3B   South Drained Site Transect 2,well,well,False,complementary,88.87,88.87,88.87,True,13335680,13335680,True,,,,,water_temp,water_temp,True,True,
250,USGS:433242092260902,USGS:433243092260603,distinct,auto (merge rule 2),"redundant twin: identical channels, overlapping spans, differing series",prox100-v1,SPR-1B    South Drained Site Perimeter,STR2-3A   South Drained Site Transect 2,well,well,False,complementary,89.01,89.01,89.01,True,13335680,13335680,True,,,,,water_temp,water_temp,True,True,
251,USGS:433528092265107,USGS:433531092265301,distinct,auto (merge rule 2),"redundant twin: identical channels, overlapping spans, differing series",prox100-v1,NTR2-4    North Drained Site Transect 2,NTR3-1    North Drained Site Transect 3,well,well,False,complementary,90.13,90.13,90.13,True,13335570,13335570,True,,,,,water_temp,water_temp,True,True,
252,USGS:473425095052302,USGS:473425095052602,distinct,auto (merge rule 2),"redundant twin: identical channels, overlapping spans, differing series",prox100-v1,419C      Bemidji Toxics Research Site,604B      Bemidji Toxics Research Site  0000273836,well,well,False,complementary,91.77,91.73,91.81,True,22324201,22324201,True,,,,,water_temp,water_temp,True,True,
253,USGS:450542093105813,USGS:450543093105407,distinct,auto (merge rule 2),"redundant twin: shared channels, overlapping spans, differing series",prox100-v1,GS3-MW8   TCAAP Site K,GS1-MW8   TCAAP Site K,well,well,False,complementary,91.95,91.95,91.95,True,937010716,937010716,True,,,,,water_temp,water_temp+spec_cond,False,False,
254,USGS:450542093105401,USGS:450542093105813,distinct,auto (merge rule 2),"redundant twin: identical channels, overlapping spans, differing series",prox100-v1,OW108U1R  TCAAP Site 01U608R           0000773092,GS3-MW8   TCAAP Site K,well,well,False,complementary,92.19,92.19,92.19,True,937010716,937010716,True,,,,,water_temp,water_temp,False,False,
255,USGS:450542093105809,USGS:450543093105306,distinct,auto (merge rule 2),"redundant twin: shared channels, overlapping spans, differing series",prox100-v1,GS3-MW4   TCAAP Site K,GS1-MW4   TCAAP Site K,well,well,False,complementary,93.04,93.04,93.04,True,937010716,937010716,True,,,,,water_temp+spec_cond,water_temp,False,False,
256,USGS:05549500,USGS:05549501,distinct,auto (merge rule 2),"redundant twin: shared channels, overlapping spans, differing series",prox100-v1,"FOX RIVER NEAR MCHENRY, IL","FOX RIVER (TAILWATER) NEAR MCHENRY, IL",stream,stream,False,complementary,93.18,93.18,93.18,True,14771660,14771660,True,,,,,gage_height+water_temp+spec_cond+turbidity_fnu+diss_oxy+ph+fchl+fpc,gage_height,False,True,
257,USGS:433242092260901,USGS:433243092260602,distinct,auto (merge rule 2),"redundant twin: identical channels, overlapping spans, differing series",prox100-v1,SPR-1A    South Drained Site Perimeter,STR2-2    South Drained Site Transect 2,well,well,False,complementary,93.46,93.46,93.46,True,13335680,13335680,True,,,,,water_temp,water_temp,True,True,
258,USGS:433242092260902,USGS:433243092260602,distinct,auto (merge rule 2),"redundant twin: identical channels, overlapping spans, differing series",prox100-v1,SPR-1B    South Drained Site Perimeter,STR2-2    South Drained Site Transect 2,well,well,False,complementary,94.4,94.4,94.4,True,13335680,13335680,True,,,,,water_temp,water_temp,True,True,
259,IWQIS:WQS0120,USGS:06809210,merge,isaac,,prox100-v1,East Nishnabotna at Atlantic (WQS 120 ENRA),"East Nishnabotna River near Atlantic, IA",stream,stream,False,complementary,94.57,52.78,176.6,True,19166273,19166273,True,,,,,nitrate+water_temp,discharge,True,True,
260,USGS:433528092265104,USGS:433531092265301,distinct,auto (merge rule 2),"redundant twin: identical channels, overlapping spans, differing series",prox100-v1,NTR2-3B   North Drained Site Transect 2,NTR3-1    North Drained Site Transect 3,well,well,False,complementary,95.2,95.2,95.2,True,13335570,13335570,True,,,,,water_temp,water_temp,True,True,
261,USGS:433528092265108,USGS:433531092265304,distinct,auto (merge rule 2),"redundant twin: identical channels, overlapping spans, differing series",prox100-v1,NTR2-5    North Drained Site Transect 2,NTR3-3B   North Drained Site Transect 3,well,well,False,complementary,95.4,95.4,95.4,True,13335570,13335570,True,,,,,water_temp,water_temp,True,True,
262,USGS:433528092265108,USGS:433531092265303,distinct,auto (merge rule 2),"redundant twin: identical channels, overlapping spans, differing series",prox100-v1,NTR2-5    North Drained Site Transect 2,NTR3-3A   North Drained Site Transect 3,well,well,False,complementary,95.58,95.58,95.58,True,13335570,13335570,True,,,,,water_temp,water_temp,True,True,
263,USGS:03071590,USGS:03071600,distinct,isaac,,prox100-v1,"CHEAT LAKE NEAR STEWARTSTOWN, WV","CHEAT RIVER AT LAKE LYNN, PA",lake,stream,True,complementary,96.32,96.32,96.32,True,3773975,3773975,True,,,,,water_temp+spec_cond+diss_oxy+ph,gage_height,False,False,
264,USGS:433528092265106,USGS:433531092265301,distinct,auto (merge rule 2),"redundant twin: identical channels, overlapping spans, differing series",prox100-v1,NTR2-3D   North Drained Site Transect 2,NTR3-1    North Drained Site Transect 3,well,well,False,complementary,97.02,97.02,97.02,True,13335570,13335570,True,,,,,water_temp,water_temp,True,True,
265,USGS:450542093105809,USGS:450543093105301,distinct,auto (merge rule 2),"redundant twin: shared channels, overlapping spans, differing series",prox100-v1,GS3-MW4   TCAAP Site K,OW111U1R  TCAAP Site 01U611R           0000773089,well,well,False,complementary,97.02,97.02,97.02,True,937010716,937010716,True,,,,,water_temp+spec_cond,water_temp,False,False,
266,USGS:433527092265505,USGS:433528092265101,distinct,auto (merge rule 2),"redundant twin: identical channels, overlapping spans, differing series",prox100-v1,NTR1-5    North Drained Site Transect 1,NTR2-1    North Drained Site Transect 1,well,well,False,complementary,97.22,97.22,97.22,True,13335570,13335570,True,,,,,water_temp,water_temp,True,True,
267,USGS:450542093105813,USGS:450543093105306,distinct,auto (merge rule 2),"redundant twin: identical channels, overlapping spans, differing series",prox100-v1,GS3-MW8   TCAAP Site K,GS1-MW4   TCAAP Site K,well,well,False,complementary,97.33,97.33,97.33,True,937010716,937010716,True,,,,,water_temp,water_temp,False,False,
268,USGS:433527092265504,USGS:433528092265101,distinct,auto (merge rule 2),"redundant twin: identical channels, overlapping spans, differing series",prox100-v1,NTR1-4    North Drained Site Transect 1,NTR2-1    North Drained Site Transect 1,well,well,False,complementary,97.4,97.4,97.4,True,13335570,13335570,True,,,,,water_temp,water_temp,True,True,
269,USGS:433531092265306,USGS:433533092265701,distinct,auto (merge rule 2),"redundant twin: identical channels, overlapping spans, differing series",prox100-v1,NTR3-5    North Drained Site Transect 3,NPR-2     North Drained Site Perimeter,well,well,False,complementary,97.57,97.57,97.57,True,13335570,13335570,True,,,,,water_temp,water_temp,True,True,
270,USGS:433527092265505,USGS:433528092265102,distinct,auto (merge rule 2),"redundant twin: identical channels, overlapping spans, differing series",prox100-v1,NTR1-5    North Drained Site Transect 1,NTR2-2    North Drained Site Transect 2,well,well,False,complementary,97.73,97.73,97.73,True,13335570,13335570,True,,,,,water_temp,water_temp,True,True,
271,USGS:343054093031201,USGS:343056093030901,distinct,auto (merge rule 2),"redundant twin: identical channels, overlapping spans, differing series",prox100-v1,Spring 49 @ HOSP N.P.,Crystal Spring (8) @ HOSP N.P.,groundwater,groundwater,False,complementary,98.09,98.09,98.09,True,15238142,15234070,False,,,,,water_temp,water_temp,True,False,
272,USGS:433527092265504,USGS:433528092265102,distinct,auto (merge rule 2),"redundant twin: identical channels, overlapping spans, differing series",prox100-v1,NTR1-4    North Drained Site Transect 1,NTR2-2    North Drained Site Transect 2,well,well,False,complementary,98.19,98.19,98.19,True,13335570,13335570,True,,,,,water_temp,water_temp,True,True,
273,USGS:433242092260901,USGS:433243092260601,distinct,auto (merge rule 2),"redundant twin: identical channels, overlapping spans, differing series",prox100-v1,SPR-1A    South Drained Site Perimeter,STR2-1    South Drained Site Transect 2,well,well,False,complementary,98.31,98.31,98.31,True,13335680,13335680,True,,,,,water_temp,water_temp,True,True,
274,USGS:433527092265505,USGS:433528092265106,distinct,auto (merge rule 2),"redundant twin: identical channels, overlapping spans, differing series",prox100-v1,NTR1-5    North Drained Site Transect 1,NTR2-3D   North Drained Site Transect 2,well,well,False,complementary,98.34,98.34,98.34,True,13335570,13335570,True,,,,,water_temp,water_temp,True,True,
275,IWQIS:WQS0079,USGS:06810000,merge,isaac,,prox100-v1,Nishnabotna River at Hamburg (79NRH),"Nishnabotna River above Hamburg, IA",stream,stream,False,complementary,98.47,89.01,108.04,True,659674,659674,True,,,,,water_temp+turbidity_unknown,discharge+gage_height,True,True,
276,USGS:433527092265503,USGS:433528092265101,distinct,auto (merge rule 2),"redundant twin: identical channels, overlapping spans, differing series",prox100-v1,NTR1-3    North Drained Site Transect 1,NTR2-1    North Drained Site Transect 1,well,well,False,complementary,98.59,98.59,98.59,True,13335570,13335570,True,,,,,water_temp,water_temp,True,True,
277,USGS:343054093031201,USGS:343057093031301,distinct,auto (merge rule 2),"redundant twin: identical channels, overlapping spans, differing series",prox100-v1,Spring 49 @ HOSP N.P.,Arsenic Spring (17) @ HOSP N.P.,groundwater,groundwater,False,complementary,98.61,98.61,98.61,True,15238142,15234070,False,,,,,water_temp,water_temp,True,False,
278,USGS:433527092265504,USGS:433528092265106,distinct,auto (merge rule 2),"redundant twin: identical channels, overlapping spans, differing series",prox100-v1,NTR1-4    North Drained Site Transect 1,NTR2-3D   North Drained Site Transect 2,well,well,False,complementary,99.01,99.01,99.01,True,13335570,13335570,True,,,,,water_temp,water_temp,True,True,
279,USGS:433527092265505,USGS:433528092265104,distinct,auto (merge rule 2),"redundant twin: identical channels, overlapping spans, differing series",prox100-v1,NTR1-5    North Drained Site Transect 1,NTR2-3B   North Drained Site Transect 2,well,well,False,complementary,99.07,99.07,99.07,True,13335570,13335570,True,,,,,water_temp,water_temp,True,True,
280,USGS:433242092260902,USGS:433243092260601,distinct,auto (merge rule 2),"redundant twin: identical channels, overlapping spans, differing series",prox100-v1,SPR-1B    South Drained Site Perimeter,STR2-1    South Drained Site Transect 2,well,well,False,complementary,99.25,99.25,99.25,True,13335680,13335680,True,,,,,water_temp,water_temp,True,True,
281,USGS:433527092265503,USGS:433528092265102,distinct,auto (merge rule 2),"redundant twin: identical channels, overlapping spans, differing series",prox100-v1,NTR1-3    North Drained Site Transect 1,NTR2-2    North Drained Site Transect 2,well,well,False,complementary,99.65,99.65,99.65,True,13335570,13335570,True,,,,,water_temp,water_temp,True,True,
282,USGS:433527092265504,USGS:433528092265104,distinct,auto (merge rule 2),"redundant twin: identical channels, overlapping spans, differing series",prox100-v1,NTR1-4    North Drained Site Transect 1,NTR2-3B   North Drained Site Transect 2,well,well,False,complementary,99.87,99.87,99.87,True,13335570,13335570,True,,,,,water_temp,water_temp,True,True,
283,USGS:433528092265107,USGS:433531092265304,distinct,auto (merge rule 2),"redundant twin: identical channels, overlapping spans, differing series",prox100-v1,NTR2-4    North Drained Site Transect 2,NTR3-3B   North Drained Site Transect 3,well,well,False,complementary,99.88,99.88,99.88,True,13335570,13335570,True,,,,,water_temp,water_temp,True,True,
284,IWQIS:WQS0121,USGS:06809500,merge,isaac,,prox100-v1,East Nishnabotna River at Red Oak (121ENRRO),"East Nishnabotna River at Red Oak, IA",stream,stream,False,complementary,116.8,61.39,172.47,True,19166807,19166807,True,,,,,nitrate,discharge+gage_height,True,True,
285,IWQIS:WQP0010,USGS:05451500,merge,isaac,,prox100-v1,Iowa River at Marshalltown (WQP10 IRM),"Iowa River at Marshalltown, IA",stream,stream,False,complementary,134.17,75.35,199.46,True,17539323,17539323,True,,,,,nitrate+water_temp+turbidity_unknown,discharge,True,True,
286,USGS:01646500,USGS:01646502,distinct,auto (merge rule 2),"redundant twin: shared channels, overlapping spans, differing series",prox100-v1,"POTOMAC RIVER NEAR WASH, DC LITTLE FALLS PUMP STA","POTOMAC RIVER, ADJUSTED, NEAR WASH, DC",stream,stream,False,dual_registration,0.0,0.0,0.0,False,4512772,4512772,True,discharge,6510.0,1.0,-15.0079,nitrate+discharge+gage_height+water_temp+spec_cond+turbidity_fnu+diss_oxy+ph,discharge,True,True,
287,USGS:444049087424302,USGS:444049087424303,distinct,auto (merge rule 2),"redundant twin: identical channels, overlapping spans, differing series",prox100-v1,"GLRI BIOREACTOR INLET NR DUVALL,WI","GLRI BIOREACTOR OUTLET NR DUVALL, WI",field,field,False,dual_registration,0.0,0.0,0.0,False,13063229,13063229,True,discharge,2836.0,0.9477,0.0,discharge+gage_height,discharge+gage_height,True,True,
288,IWQIS:WQS0082,USGS:05482500,distinct,auto (merge rule 2),"redundant twin: shared channels, overlapping spans, differing series",prox100-v1,North Raccoon River at Jefferson (82NRRJ),"North Raccoon River near Jefferson, IA",stream,stream,False,dual_registration,8.12,0.0,49.19,False,6610484,6610484,True,nitrate,22.0,0.8871,0.0,nitrate+water_temp+turbidity_unknown,nitrate+discharge+gage_height+water_temp,True,True,
289,MPCA:39101001,USGS:05353800,distinct,auto (merge rule 2),"redundant twin: shared channels, overlapping spans, differing series",prox100-v1,"Straight River nr Faribault, MN","STRAIGHT RIVER NEAR FARIBAULT, MN",stream,stream,False,dual_registration,24.5,24.36,24.63,False,2032979,2032979,True,discharge,6697.0,0.9306,0.0821,nitrate+discharge+gage_height,discharge,True,True,
290,MPCA:39004002,USGS:05355200,distinct,auto (merge rule 2),"redundant twin: shared channels, overlapping spans, differing series",prox100-v1,"Cannon River at Welch, MN","CANNON RIVER AT WELCH, MN",stream,stream,False,dual_registration,30.32,29.72,30.92,False,2028753,2028753,True,discharge,6799.0,0.9511,0.2265,nitrate+discharge+gage_height,discharge,True,True,
291,USGS:300127090045800,USGS:300128090045800,distinct,auto (merge rule 2),"redundant twin: identical channels, overlapping spans, differing series",prox100-v1,"Bayou Saint John inside gate at New Orleans, LA","Bayou Saint John outside gate at New Orleans, LA",canal,canal,False,dual_registration,30.83,30.83,30.83,False,18910456,18910456,True,spec_cond,1271.0,0.8457,41.7708,gage_height+water_temp+spec_cond+diss_oxy,gage_height+water_temp+spec_cond+diss_oxy,True,True,
292,USGS:02076295,USGS:02076296,distinct,auto (merge rule 2),"redundant twin: shared channels, overlapping spans, differing series",prox100-v1,"WHITE OAK CREEK ABOVE NEAR CHATHAM, VA","WHITE OAK CREEK BELOW NEAR CHATHAM, VA",stream,stream,False,dual_registration,42.92,42.16,44.13,False,8712619,8712619,True,spec_cond,145.0,0.9967,0.0729,water_temp+spec_cond+turbidity_fnu+diss_oxy+ph,gage_height+water_temp+spec_cond+turbidity_fnu+diss_oxy+ph,True,True,
293,MPCA:48020005,USGS:05457000,distinct,auto (merge rule 2),"redundant twin: shared channels, overlapping spans, differing series",prox100-v1,"Cedar River nr Austin, 540th Ave","CEDAR RIVER NEAR AUSTIN, MN",stream,stream,False,dual_registration,44.38,43.77,44.99,False,7014505,7014505,True,nitrate,592.0,0.9995,0.0,nitrate+water_temp+turbidity_unknown,nitrate+discharge+gage_height+turbidity_fnu,False,False,
294,USGS:07099969,USGS:07099970,distinct,auto (merge rule 2),"redundant twin: shared channels, overlapping spans, differing series",prox100-v1,"ARKANSAS R. AT ST CHARLES MESA DIVER. AT PUEBLO,CO","ARKANSAS RIVER AT MOFFAT STREET AT PUEBLO, CO",stream,stream,False,dual_registration,45.89,45.84,45.94,False,951131,951131,True,spec_cond,5254.0,0.9942,30.2708,water_temp+spec_cond,discharge+gage_height+spec_cond,True,True,
295,USGS:424129077495501,USGS:424131077495801,distinct,auto (merge rule 2),"redundant twin: identical channels, overlapping spans, differing series",prox100-v1,"NY-SW4 ALFRED FARMS EDGE OF FIELD, SONYEA NY","NY-SW3 ALFRED FARMS EDGE OF FIELD, SONYEA NY",field,field,False,dual_registration,70.32,70.32,70.32,True,15547349,15547349,True,discharge,1670.0,0.8445,0.0,discharge,discharge,True,True,
296,USGS:421650071120401,USGS:421652071120601,distinct,auto (merge rule 2),"redundant twin: shared channels, overlapping spans, differing series",prox100-v1,"MA-HWY-I95S-HMA-STATION 00567 NEEDHAM, MA","MA-HWY-I95S-OGFC-STATION 00568 NEEDHAM, MA",storm_drain,storm_drain,False,dual_registration,94.78,94.78,94.78,True,5867775,5867775,True,discharge,1779.0,0.9277,0.0,discharge+water_temp+spec_cond,discharge+water_temp+spec_cond,True,True,
297,USGS:391040084343800,USGS:391040084344200,distinct,auto (merge rule 2),"redundant twin: identical channels, overlapping spans, differing series",prox100-v1,M Branch Shepherd Creek at RM 0.04 near Mt Airy OH,W Branch Shepherd Creek at RM 0.01 near Mt Airy OH,stream,stream,False,dual_registration,95.1,95.1,95.1,True,3405159,3405153,False,discharge,1003.0,0.9331,0.0,discharge,discharge,True,False,
298,USGS:02074556,USGS:02074557,distinct,auto (merge rule 2),"redundant twin: identical channels, overlapping spans, differing series",prox100-v1,"SANDY CREEK ABOVE NEAR MOUNT HERMAN, VA","SANDY CREEK BELOW NEAR MOUNT HERMAN, VA",stream,stream,False,dual_registration,97.06,96.91,97.2,True,8672141,8672141,True,spec_cond,147.0,0.9959,1.1875,gage_height+water_temp+spec_cond+turbidity_fnu+diss_oxy+ph,gage_height+water_temp+spec_cond+turbidity_fnu+diss_oxy+ph,True,True,
299,USGS:01105608,USGS:011056081,distinct,auto (merge rule 2),"redundant twin: identical channels, overlapping spans, differing series",prox100-v1,"WHITMANS POND FISH LADDER AT EAST WEYMOUTH, MA",WHITMANS POND COMBINED BY-PASS & FISH LADDER FLOW,stream,stream,False,distinct,0.0,0.0,0.0,False,5863459,5863459,True,discharge,639.0,0.1134,-0.1872,discharge,discharge,True,True,
300,USGS:0414826503,USGS:0414826504,distinct,auto (merge rule 2),"redundant twin: identical channels, overlapping spans, differing series",prox100-v1,"TRIB TILE TO KIMBALL DRAIN NEAR SWARTZ CREEK, MI","TRIB TO KIMBALL DRAIN NEAR SWARTZ CREEK, MI",stream,stream,False,distinct,0.0,0.0,0.0,False,13019761,13019761,True,discharge,2290.0,0.44,0.0,discharge,discharge,True,True,
301,USGS:375327097285401,USGS:375327097285402,distinct,auto (merge rule 2),"redundant twin: shared channels, overlapping spans, differing series",prox100-v1,25S 01W 07BCCC01  SMW-S11 NR CW36,25S 01W 07BCCC02  DMW-S10 NR CW36,well,well,False,distinct,0.0,0.0,0.0,False,22077663,22077663,True,spec_cond,702.0,0.1275,-146.6875,water_temp+spec_cond+diss_oxy+ph+fdom,water_temp+spec_cond+diss_oxy+ph,False,False,
302,USGS:375332097284801,USGS:375332097284802,distinct,auto (merge rule 2),"redundant twin: identical channels, overlapping spans, differing series",prox100-v1,25S 01W 07BCCA01  SMW-S13 NR CW36,25S 01W 07BCCA02  DMW-S14 NR CW36,well,well,False,distinct,0.0,0.0,0.0,False,22077663,22077663,True,spec_cond,481.0,-0.3667,86.625,water_temp+spec_cond+diss_oxy+ph,water_temp+spec_cond+diss_oxy+ph,False,False,
303,USGS:375954097363801,USGS:375954097363802,distinct,auto (merge rule 2),"redundant twin: identical channels, overlapping spans, differing series",prox100-v1,24S 03W 02AADA01  RB1-MS SHALLOW,24S 03W 02AADA02  RB1-MS DEEP,well,well,False,distinct,0.0,0.0,0.0,False,21176942,21176942,True,spec_cond,2942.0,0.0031,-227.6875,water_temp+spec_cond+ph,water_temp+spec_cond+ph,True,True,
304,USGS:380527075124101,USGS:380527075124102,distinct,auto (merge rule 2),"redundant twin: identical channels, overlapping spans, differing series",prox100-v1,WO Ef  42,WO Ef  43,well,well,False,distinct,0.0,0.0,0.0,False,8411103,8411103,True,spec_cond,280.0,-0.467,36450.2083,water_temp+spec_cond,water_temp+spec_cond,True,True,
305,USGS:402548073592303,USGS:402548073592304,distinct,auto (merge rule 2),"redundant twin: identical channels, overlapping spans, differing series",prox100-v1,251238-- GWW33,251239-- GWW34,well,well,False,distinct,0.0,0.0,0.0,False,6261948,6261948,True,spec_cond,448.0,-0.2225,-20923.0208,spec_cond,spec_cond,False,False,
306,USGS:412354086421001,USGS:412354086421002,distinct,auto (merge rule 2),"redundant twin: shared channels, overlapping spans, differing series",prox100-v1,"KANKAKEE WELL FIELD SH-1 NEAR HANNA, IN","KANKAKEE WELL FIELD DP-1 NEAR HANNA, IN",well,well,False,distinct,0.0,0.0,0.0,False,13433691,13433691,True,spec_cond,1073.0,0.0651,-100.4792,water_temp+spec_cond+diss_oxy+ph,water_temp+spec_cond+diss_oxy,True,True,
307,USGS:412354086421005,USGS:412354086421006,distinct,auto (merge rule 2),"redundant twin: identical channels, overlapping spans, differing series",prox100-v1,"KANKAKEE WELL FIELD SH-3 NEAR HANNA, IN","KANKAKEE WELL FIELD WT-3 NEAR HANNA, IN",well,well,False,distinct,0.0,0.0,0.0,False,13433691,13433691,True,nitrate,739.0,-0.3923,-6.36,nitrate+gw_level,nitrate+gw_level,True,True,
308,USGS:413611087201001,USGS:413611087201002,distinct,auto (merge rule 2),"redundant twin: shared channels, overlapping spans, differing series",prox100-v1,"CITY HALL NORTH FLUME AT GARY, IN","CITY HALL SOUTH FLUME AT GARY, IN",storm_drain,storm_drain,False,distinct,0.0,0.0,0.0,False,3398182,3398182,True,discharge,173.0,0.2997,-0.0,discharge+gage_height+spec_cond,discharge+gage_height+spec_cond,True,True,
309,USGS:431053090042701,USGS:431053090042702,distinct,auto (merge rule 2),"redundant twin: identical channels, overlapping spans, differing series",prox100-v1,SK-08/04E/07-1933,SK-08/04E/07-1934,well,well,False,distinct,0.0,0.0,0.0,False,13635863,13635863,True,spec_cond,1234.0,0.2221,-8.5,water_temp+spec_cond+diss_oxy+ph,water_temp+spec_cond+diss_oxy+ph,True,True,
310,USGS:01306495,USGS:01306500,distinct,auto (merge rule 2),"redundant twin: shared channels, overlapping spans, differing series",prox100-v1,CONNETQUOT RIVER DISTRIBUTARY NEAR OAKDALE NY,CONNETQUOT RIVER NEAR OAKDALE NY,tidal_stream,tidal_stream,False,distinct,0.04,0.0,0.1,False,9499636,9499636,True,discharge,2807.0,0.6586,-0.6754,discharge+gage_height+water_temp+spec_cond+turbidity_fnu+diss_oxy+ph,discharge,True,True,
311,USGS:381922076043001,USGS:381922076043002,distinct,auto (merge rule 2),"redundant twin: identical channels, overlapping spans, differing series",prox100-v1,DO Fe  44,DO Fe  45,well,well,False,distinct,0.31,0.31,0.31,False,8385657,8385657,True,spec_cond,152.0,-0.1105,5774.5312,water_temp+spec_cond,water_temp+spec_cond,False,False,
312,USGS:443320089212303,USGS:443320089212304,distinct,auto (merge rule 2),"redundant twin: identical channels, overlapping spans, differing series",prox100-v1,PT-24/09E/13-1447,PT-24/09E/13-1573,well,well,False,distinct,0.95,0.9,1.01,False,9033221,9033221,True,nitrate,980.0,0.1504,-5.22,nitrate+water_temp+spec_cond+diss_oxy+ph+gw_level,nitrate+water_temp+spec_cond+diss_oxy+ph+gw_level,True,True,
313,USGS:401934089541701,USGS:401934089541702,distinct,auto (merge rule 2),"redundant twin: identical channels, overlapping spans, differing series",prox100-v1,22N7W-29.1d1 (DP-1),22N7W-29.1d2 (SH-1),well,well,False,distinct,3.11,3.11,3.11,False,13606720,13606720,True,nitrate,1031.0,-0.0203,-1.9,nitrate+gw_level,nitrate+gw_level,True,True,
314,USGS:401934089541703,USGS:401934089541704,distinct,auto (merge rule 2),"redundant twin: identical channels, overlapping spans, differing series",prox100-v1,22N7W-29.1d3 (DP-2),22N7W-29.1d4 (SH-2),well,well,False,distinct,3.11,3.11,3.11,False,13606720,13606720,True,spec_cond,1166.0,-0.297,46.6146,water_temp+spec_cond+turbidity_fnu+diss_oxy,water_temp+spec_cond+turbidity_fnu+diss_oxy,True,True,
315,USGS:411229084541101,USGS:411229084541102,distinct,auto (merge rule 2),"redundant twin: identical channels, overlapping spans, differing series",prox100-v1,"OVERLAND FLOW EAST OF BULL RAPIDS RD NR HARLAN, IN","DRAIN TILE EAST OF BULL RAPIDS RD NR HARLAN, IN",field,field,False,distinct,4.62,4.62,4.62,False,15667131,15667131,True,discharge,3972.0,0.5375,-0.0003,discharge,discharge,True,True,
316,USGS:441520088045001,USGS:441520088045002,distinct,auto (merge rule 2),"redundant twin: identical channels, overlapping spans, differing series",prox100-v1,"GLRI EAST RIVER WATERWAY 3 NEAR GREENLEAF, WI","GLRI EAST RIVER TILE 1 NEAR GREENLEAF, WI",field,ditch,True,distinct,7.61,7.61,7.61,False,12006723,12006723,True,discharge,3469.0,0.4367,-0.0001,discharge,discharge,True,True,
317,USGS:402548073592302,USGS:402548073592303,distinct,auto (merge rule 2),"redundant twin: identical channels, overlapping spans, differing series",prox100-v1,251237-- GWW32,251238-- GWW33,well,well,False,distinct,8.41,8.41,8.41,False,6261948,6261948,True,spec_cond,487.0,0.2331,14724.4792,spec_cond,spec_cond,False,False,
318,USGS:402548073592302,USGS:402548073592304,distinct,auto (merge rule 2),"redundant twin: identical channels, overlapping spans, differing series",prox100-v1,251237-- GWW32,251239-- GWW34,well,well,False,distinct,8.41,8.41,8.41,False,6261948,6261948,True,spec_cond,466.0,0.23,-4391.1458,spec_cond,spec_cond,False,False,
319,USGS:01306495,USGS:01306499,distinct,auto (merge rule 2),"redundant twin: shared channels, overlapping spans, differing series",prox100-v1,CONNETQUOT RIVER DISTRIBUTARY NEAR OAKDALE NY,CONNETQUOT RIVER NEAR NORTH GREAT RIVER NY,tidal_stream,tidal_stream,False,distinct,9.75,9.68,9.81,False,9499636,9499636,True,discharge,2805.0,0.4417,-0.2048,discharge+gage_height+water_temp+spec_cond+turbidity_fnu+diss_oxy+ph,discharge,True,True,
320,USGS:01306499,USGS:01306500,distinct,auto (merge rule 2),"redundant twin: identical channels, overlapping spans, differing series",prox100-v1,CONNETQUOT RIVER NEAR NORTH GREAT RIVER NY,CONNETQUOT RIVER NEAR OAKDALE NY,tidal_stream,tidal_stream,False,distinct,9.78,9.78,9.78,False,9499636,9499636,True,discharge,2829.0,0.9423,-0.4531,discharge,discharge,True,True,
321,USGS:403922073064401,USGS:403922073064402,distinct,auto (merge rule 2),"redundant twin: identical channels, overlapping spans, differing series",prox100-v1,Fire Island Sunken Forest Marsh Well,Fire Island Sunken Forest Deep Well,well,well,False,distinct,10.95,10.95,10.95,False,9500282,9500282,True,spec_cond,190.0,0.034,740.3177,spec_cond,spec_cond,,,
322,IWQIS:WQS0005,IWQIS:WQS9904,distinct,isaac,,prox100-v1,English River at Kalona (5ENGK),WQS9904,stream,stream,False,distinct,11.19,0.05,24.0,False,11918423,11918423,True,nitrate,4.0,,1.76,nitrate+water_temp+spec_cond+turbidity_unknown+diss_oxy+ph+orthophosphate,nitrate+water_temp+diss_oxy+ph,True,True,
323,USGS:424129077495501,USGS:424129077495502,distinct,auto (merge rule 2),"redundant twin: identical channels, overlapping spans, differing series",prox100-v1,"NY-SW4 ALFRED FARMS EDGE OF FIELD, SONYEA NY","NY-TL2 ALFRED TILE EDGE OF FIELD, SONYEA",field,field,False,distinct,11.73,11.73,11.73,False,15547349,15547349,True,discharge,2207.0,0.4796,-0.0,discharge,discharge,True,True,
324,USGS:411228084541701,USGS:411228084541702,distinct,auto (merge rule 2),"redundant twin: identical channels, overlapping spans, differing series",prox100-v1,"OVERLAND FLOW WEST OF BULL RAPIDS RD NR HARLAN, IN","DRAIN TILE WEST OF BULL RAPIDS RD NR HARLAN, IN",field,field,False,distinct,13.13,13.13,13.13,False,15667131,15667131,True,discharge,2727.0,0.6202,0.0,discharge,discharge,True,True,
325,USGS:424131077495801,USGS:424131077495802,distinct,auto (merge rule 2),"redundant twin: identical channels, overlapping spans, differing series",prox100-v1,"NY-SW3 ALFRED FARMS EDGE OF FIELD, SONYEA NY","NY-TL1 ALFRED TILE EDGE OF FIELD, SONYEA NY",field,field,False,distinct,13.58,13.58,13.58,False,15547349,15547349,True,discharge,1670.0,0.286,-0.0001,discharge,discharge,True,True,
326,IWQIS:WQS0083,IWQIS:WQS0085,distinct,isaac,,prox100-v1,Shell Rock River at Shell Rock (83 SRRSR),WQS0085,stream,stream,False,distinct,13.83,0.0,57.87,False,6561217,6561217,True,nitrate,1.0,,-0.04,nitrate+water_temp+turbidity_unknown,nitrate+water_temp+turbidity_unknown,True,True,
327,USGS:01467471,USGS:01467492,distinct,auto (merge rule 2),"redundant twin: identical channels, overlapping spans, differing series",prox100-v1,"Schuylkill River ab Mill Creek at Port Carbon, PA","Mill Cr ab Schuylkill River at Port Carbon, PA",stream,stream,False,distinct,17.36,17.36,17.36,False,4779457,932040163,False,discharge,578.0,0.9939,0.1416,discharge+water_temp,discharge+water_temp,False,True,
328,USGS:402548073592301,USGS:402548073592302,distinct,auto (merge rule 2),"redundant twin: identical channels, overlapping spans, differing series",prox100-v1,251236-- GWW31,251237-- GWW32,well,well,False,distinct,17.73,17.73,17.73,False,6261948,6261948,True,spec_cond,345.0,0.1014,8159.0909,spec_cond,spec_cond,False,False,
329,IWQIS:WQS0007,IWQIS:WQS9903,distinct,auto (merge rule 2),"redundant twin: shared channels, overlapping spans, differing series",prox100-v1,Cedar River at Conesville (7CRC),WQS9903,stream,stream,False,distinct,20.01,8.78,33.33,False,17557695,17557695,True,nitrate,13.0,0.1563,0.15,nitrate+water_temp+spec_cond+turbidity_unknown+diss_oxy+ph+fchl,nitrate+water_temp+spec_cond+turbidity_unknown+diss_oxy+ph,True,True,
330,USGS:413714093375802,USGS:413714093375901,distinct,isaac,,prox100-v1,079N24W27BAC 2021RDP PW-1,079N24W27BAC 2021RDP MW-1,well,well,False,distinct,20.98,20.98,20.98,False,6597748,6597748,True,spec_cond,7.0,,-103.6875,water_temp+spec_cond,water_temp+spec_cond,True,True,
331,USGS:450542093105506,USGS:450543093105407,distinct,auto (merge rule 2),"redundant twin: identical channels, overlapping spans, differing series",prox100-v1,GS2-MW4   TCAAP Site K,GS1-MW8   TCAAP Site K,well,well,False,distinct,22.31,22.31,22.31,False,937010716,937010716,True,spec_cond,264.0,0.4604,-172.0885,water_temp+spec_cond,water_temp+spec_cond,False,False,
332,USGS:431112088281000,USGS:431112088281100,distinct,auto (merge rule 2),"redundant twin: identical channels, overlapping spans, differing series",prox100-v1,"DISCOVERY FARMS TILE SITE NO. 2 NEAR MAPLETON, WI","DISCOVERY FARMS WATERWAY NEAR MAPLETON, WI",tile_outlet,stream,True,distinct,22.46,22.46,22.46,False,13291652,13291652,True,discharge,274.0,0.4493,0.0019,discharge,discharge,True,True,
333,USGS:415953091435201,USGS:415953091435300,distinct,auto (merge rule 2),"redundant twin: identical channels, overlapping spans, differing series",prox100-v1,083N08W13CBDA 37817 1971Cedar Rapids 10,083N08W13CBDA       USGS CRM-SW-2,stream,stream,False,distinct,22.85,22.85,22.85,False,22477689,22477689,True,spec_cond,29.0,0.4653,5.7708,water_temp+spec_cond,water_temp+spec_cond,True,True,
334,USGS:413611087200901,USGS:413611087201001,distinct,auto (merge rule 2),"redundant twin: shared channels, overlapping spans, differing series",prox100-v1,"CITY HALL SOUTHEAST FLUME AT GARY, IN","CITY HALL NORTH FLUME AT GARY, IN",storm_drain,storm_drain,False,distinct,22.98,22.98,22.98,False,3398182,3398182,True,discharge,174.0,0.6401,0.0004,discharge+gage_height+spec_cond,discharge+gage_height+spec_cond,True,True,
335,USGS:413611087200901,USGS:413611087201002,distinct,auto (merge rule 2),"redundant twin: shared channels, overlapping spans, differing series",prox100-v1,"CITY HALL SOUTHEAST FLUME AT GARY, IN","CITY HALL SOUTH FLUME AT GARY, IN",storm_drain,storm_drain,False,distinct,22.98,22.98,22.98,False,3398182,3398182,True,discharge,195.0,0.4633,0.0003,discharge+gage_height+spec_cond,discharge+gage_height+spec_cond,True,True,
336,USGS:413611087201001,USGS:413611087201101,distinct,auto (merge rule 2),"redundant twin: shared channels, overlapping spans, differing series",prox100-v1,"CITY HALL NORTH FLUME AT GARY, IN","CITY HALL WEST FLUME AT GARY, IN",storm_drain,storm_drain,False,distinct,22.98,22.98,22.98,False,3398182,3398182,True,discharge,189.0,0.5008,0.0,discharge+gage_height+spec_cond,discharge+gage_height+spec_cond,True,True,
337,USGS:413611087201002,USGS:413611087201101,distinct,auto (merge rule 2),"redundant twin: shared channels, overlapping spans, differing series",prox100-v1,"CITY HALL SOUTH FLUME AT GARY, IN","CITY HALL WEST FLUME AT GARY, IN",storm_drain,storm_drain,False,distinct,22.98,22.98,22.98,False,3398182,3398182,True,discharge,228.0,0.6018,0.0,discharge+gage_height+spec_cond,discharge+gage_height+spec_cond,True,True,
338,USGS:01467688,USGS:01467689,distinct,auto (merge rule 2),"redundant twin: identical channels, overlapping spans, differing series",prox100-v1,WB Schuylkill River ab Pine Knot Disch at Duncott,"Pine Knot Disch 500 m bl Tunnel at Duncott, PA",stream,stream,False,distinct,23.28,23.28,23.28,False,4779851,4779851,True,discharge,1114.0,0.6897,-0.3128,discharge+water_temp,discharge+water_temp,True,True,
339,USGS:071948135,USGS:071948150,distinct,auto (merge rule 2),"redundant twin: identical channels, overlapping spans, differing series",prox100-v1,"North Research Br at the WREC at Fayetteville, AR","Wetland BR at the WREC at Fayetteville, AR",stream,stream,False,distinct,24.79,24.79,24.79,False,398558,398558,True,discharge,854.0,0.8177,-0.0003,discharge,discharge,True,True,
340,USGS:402548073592301,USGS:402548073592303,distinct,auto (merge rule 2),"redundant twin: identical channels, overlapping spans, differing series",prox100-v1,251236-- GWW31,251238-- GWW33,well,well,False,distinct,25.85,25.85,25.85,False,6261948,6261948,True,spec_cond,327.0,0.2995,31262.1875,spec_cond,spec_cond,False,False,
341,USGS:402548073592301,USGS:402548073592304,distinct,auto (merge rule 2),"redundant twin: identical channels, overlapping spans, differing series",prox100-v1,251236-- GWW31,251239-- GWW34,well,well,False,distinct,25.85,25.85,25.85,False,6261948,6261948,True,spec_cond,317.0,0.447,7775.0,spec_cond,spec_cond,False,False,
342,USGS:01309950,USGS:01310000,distinct,auto (merge rule 2),"redundant twin: identical channels, overlapping spans, differing series",prox100-v1,BELLMORE CREEK NEAR BELLMORE NY,BELLMORE CREEK AT BELLMORE NY,tidal_stream,tidal_stream,False,distinct,26.36,26.36,26.36,False,9499700,9499700,True,discharge,5338.0,0.9537,-0.0161,discharge,discharge,True,True,
343,USGS:435440087463800,USGS:435441087463900,distinct,auto (merge rule 2),"redundant twin: identical channels, overlapping spans, differing series",prox100-v1,"DISCOVERY FARMS TILE SITE NUMBER 2 NR CLEVELAND,WI","DISCOVERY FARMS WATERWAY NUMBER 1 NR CLEVELAND, WI",tile_outlet,field,True,distinct,29.55,29.55,29.55,False,12175340,12175340,True,discharge,1261.0,0.37,0.0,discharge,discharge,True,True,
344,USGS:413714093375901,USGS:413714093380001,distinct,isaac,,prox100-v1,079N24W27BAC 2021RDP MW-1,079N24W27BAC 2021RDP MW-2,well,well,False,distinct,30.71,30.71,30.71,False,6597748,6597748,True,spec_cond,7.0,,-45.1979,water_temp+spec_cond,water_temp+spec_cond,True,True,
345,USGS:431112088281000,USGS:431113088281000,distinct,auto (merge rule 2),"redundant twin: identical channels, overlapping spans, differing series",prox100-v1,"DISCOVERY FARMS TILE SITE NO. 2 NEAR MAPLETON, WI","DISCOVERY FARMS TILE SITE NO. 1 NEAR MAPLETON, WI",tile_outlet,tile_outlet,False,distinct,31.02,31.02,31.02,False,13291652,13291652,True,discharge,657.0,0.8965,-0.0003,discharge,discharge,True,True,
346,USGS:413611087200901,USGS:413612087200901,distinct,auto (merge rule 2),"redundant twin: shared channels, overlapping spans, differing series",prox100-v1,"CITY HALL SOUTHEAST FLUME AT GARY, IN","CITY HALL NORTHEAST FLUME AT GARY, IN",storm_drain,stream,True,distinct,31.09,31.09,31.09,False,3398182,3398182,True,discharge,211.0,0.7979,-0.0,discharge+gage_height+spec_cond,discharge+gage_height+spec_cond,True,True,
347,USGS:442944087354100,USGS:442945087354100,distinct,auto (merge rule 2),"redundant twin: identical channels, overlapping spans, differing series",prox100-v1,"DISCOVERY FARMS WATERWAY SITE NO. 1 NR KEWAUNEE,WI","DISCOVERY FARMS TILE SITE NUMBER 1 NR KEWAUNEE, WI",field,tile_outlet,True,distinct,31.46,31.46,31.46,False,13064623,13064623,True,discharge,657.0,0.4024,-0.0001,discharge,discharge,True,True,
348,USGS:381804075063402,USGS:381805075063502,distinct,auto (merge rule 2),"redundant twin: identical channels, overlapping spans, differing series",prox100-v1,WO Cg 103,WO Cg 101,well,well,False,distinct,35.45,35.45,35.45,False,8411049,8411047,False,spec_cond,580.0,0.7329,9859.6354,water_temp+spec_cond,water_temp+spec_cond,False,True,
349,USGS:412354086421001,USGS:412354086421010,distinct,auto (merge rule 2),"redundant twin: identical channels, overlapping spans, differing series",prox100-v1,"KANKAKEE WELL FIELD SH-1 NEAR HANNA, IN","KANKAKEE WELL FIELD WT-1 NEAR HANNA, IN",well,well,False,distinct,35.88,35.88,35.88,False,13433691,13433691,True,spec_cond,1055.0,0.122,43.2708,water_temp+spec_cond+diss_oxy+ph,water_temp+spec_cond+diss_oxy+ph,True,True,
350,USGS:412354086421002,USGS:412354086421010,distinct,auto (merge rule 2),"redundant twin: shared channels, overlapping spans, differing series",prox100-v1,"KANKAKEE WELL FIELD DP-1 NEAR HANNA, IN","KANKAKEE WELL FIELD WT-1 NEAR HANNA, IN",well,well,False,distinct,35.88,35.88,35.88,False,13433691,13433691,True,spec_cond,1154.0,0.0473,137.4426,water_temp+spec_cond+diss_oxy,water_temp+spec_cond+diss_oxy+ph,True,True,
351,USGS:431112088281100,USGS:431113088281000,distinct,auto (merge rule 2),"redundant twin: identical channels, overlapping spans, differing series",prox100-v1,"DISCOVERY FARMS WATERWAY NEAR MAPLETON, WI","DISCOVERY FARMS TILE SITE NO. 1 NEAR MAPLETON, WI",stream,tile_outlet,True,distinct,38.3,38.3,38.3,False,13291652,13291652,True,discharge,274.0,0.3077,-0.0033,discharge,discharge,True,True,
352,USGS:413611087201001,USGS:413612087200901,distinct,auto (merge rule 2),"redundant twin: shared channels, overlapping spans, differing series",prox100-v1,"CITY HALL NORTH FLUME AT GARY, IN","CITY HALL NORTHEAST FLUME AT GARY, IN",storm_drain,stream,True,distinct,38.66,38.66,38.66,False,3398182,3398182,True,discharge,173.0,0.7478,-0.0004,discharge+gage_height+spec_cond,discharge+gage_height+spec_cond,True,True,
353,USGS:413611087201002,USGS:413612087200901,distinct,auto (merge rule 2),"redundant twin: shared channels, overlapping spans, differing series",prox100-v1,"CITY HALL SOUTH FLUME AT GARY, IN","CITY HALL NORTHEAST FLUME AT GARY, IN",storm_drain,stream,True,distinct,38.66,38.66,38.66,False,3398182,3398182,True,discharge,213.0,0.5334,-0.0002,discharge+gage_height+spec_cond,discharge+gage_height+spec_cond,True,True,
354,IWQIS:WQS0031,IWQIS:WQS9931,distinct,isaac,,prox100-v1,Groundwater / Spring at Elkader (31gwBSFH),Groundwater / Spring at Elkader (99qwBSFH),groundwater,groundwater,False,distinct,41.43,27.66,55.22,False,13311475,13311475,True,nitrate,3.0,,12.46,nitrate+water_temp+spec_cond+turbidity_unknown+diss_oxy+ph+fchl+orthophosphate,nitrate+orthophosphate,True,True,
355,USGS:403921073064801,USGS:403921073070401,distinct,auto (merge rule 2),"redundant twin: identical channels, overlapping spans, differing series",prox100-v1,Fire Island Sunken Forest Middle Well,Fire Island Sunken Forest Inland Well 1,well,well,False,distinct,45.29,45.29,45.29,False,9500282,9500282,True,spec_cond,72.0,0.1681,1137.6562,spec_cond,spec_cond,,,
356,USGS:413611087200901,USGS:413611087201101,distinct,auto (merge rule 2),"redundant twin: shared channels, overlapping spans, differing series",prox100-v1,"CITY HALL SOUTHEAST FLUME AT GARY, IN","CITY HALL WEST FLUME AT GARY, IN",storm_drain,storm_drain,False,distinct,45.96,45.96,45.96,False,3398182,3398182,True,discharge,211.0,0.5712,0.0002,discharge+gage_height+spec_cond,discharge+gage_height+spec_cond,True,True,
357,USGS:405051083391001,USGS:405051083391201,distinct,auto (merge rule 2),"redundant twin: identical channels, overlapping spans, differing series",prox100-v1,Eagle Creek tile 1 near Williamstown OH,Eagle Creek waterway 1 near Williamstown OH,tile_outlet,field,True,distinct,46.46,46.46,46.46,False,15645340,15645340,True,discharge,2965.0,0.707,0.0,discharge,discharge,True,True,
358,USGS:381806075063201,USGS:381806075063301,distinct,auto (merge rule 2),"redundant twin: identical channels, overlapping spans, differing series",prox100-v1,WO Cg 105,WO Cg 106,well,well,False,distinct,46.9,46.9,46.9,False,8411049,8411049,True,spec_cond,206.0,0.7363,-477.9687,water_temp+spec_cond,water_temp+spec_cond,True,False,
359,USGS:413610087201001,USGS:413611087201004,distinct,auto (merge rule 2),"redundant twin: identical channels, overlapping spans, differing series",prox100-v1,"WELL CH-1 AT CITY HALL, GARY, IN","WELL CH-3 AT CITY HALL, GARY, IN",well,well,False,distinct,47.13,47.13,47.13,False,3398182,3398182,True,spec_cond,930.0,-0.13,441.9588,water_temp+spec_cond,water_temp+spec_cond,True,True,
360,USGS:381804075063402,USGS:381806075063301,distinct,auto (merge rule 2),"redundant twin: identical channels, overlapping spans, differing series",prox100-v1,WO Cg 103,WO Cg 106,well,well,False,distinct,49.27,49.27,49.27,False,8411049,8411049,True,spec_cond,206.0,0.4548,10271.3542,water_temp+spec_cond,water_temp+spec_cond,False,False,
361,USGS:413714093375802,USGS:413714093380001,distinct,isaac,,prox100-v1,079N24W27BAC 2021RDP PW-1,079N24W27BAC 2021RDP MW-2,well,well,False,distinct,51.66,51.66,51.66,True,6597748,6597748,True,spec_cond,7.0,,-148.6458,water_temp+spec_cond,water_temp+spec_cond,True,True,
362,USGS:380527075124101,USGS:380528075124301,distinct,auto (merge rule 2),"redundant twin: identical channels, overlapping spans, differing series",prox100-v1,WO Ef  42,WO Ef  41,well,well,False,distinct,55.17,55.17,55.17,True,8411103,8411103,True,spec_cond,289.0,0.2315,30279.1667,water_temp+spec_cond,water_temp+spec_cond,True,True,
363,USGS:380527075124102,USGS:380528075124301,distinct,auto (merge rule 2),"redundant twin: identical channels, overlapping spans, differing series",prox100-v1,WO Ef  43,WO Ef  41,well,well,False,distinct,55.17,55.17,55.17,True,8411103,8411103,True,spec_cond,280.0,-0.2099,-4362.8125,water_temp+spec_cond,water_temp+spec_cond,True,True,
364,USGS:413611087201101,USGS:413612087200901,distinct,auto (merge rule 2),"redundant twin: shared channels, overlapping spans, differing series",prox100-v1,"CITY HALL WEST FLUME AT GARY, IN","CITY HALL NORTHEAST FLUME AT GARY, IN",storm_drain,stream,True,distinct,55.49,55.49,55.49,True,3398182,3398182,True,discharge,237.0,0.6869,-0.0002,discharge+gage_height+spec_cond,discharge+gage_height+spec_cond,True,True,
365,USGS:06659500,USGS:06659502,distinct,auto (merge rule 2),"redundant twin: identical channels, overlapping spans, differing series",prox100-v1,"LARAMIE R AND PIONEER CANAL NR WOODS LANDING, WY","LARAMIE R BL PIONEER CANAL, NR WOODS LANDING, WY",stream,stream,False,distinct,55.75,55.75,55.75,True,17495437,17495437,True,discharge,1537.0,0.9689,1.4753,discharge,discharge,False,True,
366,USGS:381805075063502,USGS:381806075063301,distinct,auto (merge rule 2),"redundant twin: identical channels, overlapping spans, differing series",prox100-v1,WO Cg 101,WO Cg 106,well,well,False,distinct,56.76,56.76,56.76,True,8411047,8411049,False,spec_cond,206.0,0.6019,-9330.5729,water_temp+spec_cond,water_temp+spec_cond,True,False,
367,USGS:424129077495501,USGS:424131077495802,distinct,auto (merge rule 2),"redundant twin: identical channels, overlapping spans, differing series",prox100-v1,"NY-SW4 ALFRED FARMS EDGE OF FIELD, SONYEA NY","NY-TL1 ALFRED TILE EDGE OF FIELD, SONYEA NY",field,field,False,distinct,61.46,61.46,61.46,True,15547349,15547349,True,discharge,2207.0,0.3255,-0.0001,discharge,discharge,True,True,
368,USGS:443012087362500,USGS:443014087362500,distinct,auto (merge rule 2),"redundant twin: identical channels, overlapping spans, differing series",prox100-v1,"DISCOVERY FARMS WATERWAY SITE NO. 3 NR KEWAUNEE,WI","DISCOVERY FARMS TILE SITE NUMBER 2 NR KEWAUNEE, WI",field,tile_outlet,True,distinct,62.0,62.0,62.0,True,13063587,13063587,True,discharge,700.0,0.393,-0.0,discharge,discharge,True,True,
369,USGS:464115097254700,USGS:464115097255000,distinct,auto (merge rule 2),"redundant twin: shared channels, overlapping spans, differing series",prox100-v1,"DISCOVERY FARMS WATERWAY SITE 2 NEAR EMBDEN, ND","DISCOVERY FARMS WATERWAY SITE 1 NEAR EMBDEN, ND",field,field,False,distinct,63.98,63.98,63.98,True,14254591,14254591,True,discharge,2649.0,0.4986,0.0,discharge,discharge,False,False,
370,USGS:393810105453901,USGS:393812105453801,distinct,isaac,,prox100-v1,LC-1137-S T2 LEAVENWORTH CK 1137M DS FR INJ,LC-1203-L LEAV CK LFT BK INF 1203M DS FR INJ WCX T,stream,wetland_outflow,True,distinct,68.36,68.36,68.36,True,2885578,2885578,True,spec_cond,4.0,,-220.7921,water_temp+spec_cond+ph,water_temp+spec_cond+ph,True,True,
371,USGS:450542093105506,USGS:450542093105809,distinct,auto (merge rule 2),"redundant twin: identical channels, overlapping spans, differing series",prox100-v1,GS2-MW4   TCAAP Site K,GS3-MW4   TCAAP Site K,well,well,False,distinct,68.44,68.44,68.44,True,937010716,937010716,True,spec_cond,308.0,0.4561,-435.1406,water_temp+spec_cond,water_temp+spec_cond,False,False,
372,USGS:06286490,USGS:06287000,distinct,auto (merge rule 2),"redundant twin: shared channels, overlapping spans, differing series",prox100-v1,Big Horn Canal near St. Xavier MT,Bighorn R bl Yellowtail Afterbay Dam nr St. Xavier,canal,stream,True,distinct,70.84,70.84,70.84,True,12781155,12781155,True,discharge,3089.0,-0.1211,-72.9725,discharge,discharge+water_temp,True,True,
373,USGS:403921073070401,USGS:403922073064402,distinct,auto (merge rule 2),"redundant twin: identical channels, overlapping spans, differing series",prox100-v1,Fire Island Sunken Forest Inland Well 1,Fire Island Sunken Forest Deep Well,well,well,False,distinct,70.87,70.87,70.87,True,9500282,9500282,True,spec_cond,155.0,0.2632,-343.5729,spec_cond,spec_cond,,,
374,USGS:424129077495502,USGS:424131077495802,distinct,auto (merge rule 2),"redundant twin: identical channels, overlapping spans, differing series",prox100-v1,"NY-TL2 ALFRED TILE EDGE OF FIELD, SONYEA","NY-TL1 ALFRED TILE EDGE OF FIELD, SONYEA NY",field,field,False,distinct,71.01,71.01,71.01,True,15547349,15547349,True,discharge,2207.0,0.8201,-0.0,discharge,discharge,True,True,
375,USGS:07250550,USGS:07250551,distinct,auto (merge rule 2),"redundant twin: identical channels, overlapping spans, differing series",prox100-v1,"AR River at James W. Trimble L&D nr Van Buren, AR","ARK RIVER HYDROPLANT AT TRIMBLE L&D NR VAN BUREN,",stream,stream,False,distinct,74.81,74.81,74.81,True,7756168,7756168,True,discharge,3600.0,-0.1851,127.4258,discharge,discharge,True,False,
376,USGS:381804075063402,USGS:381806075063201,distinct,auto (merge rule 2),"redundant twin: identical channels, overlapping spans, differing series",prox100-v1,WO Cg 103,WO Cg 105,well,well,False,distinct,74.82,74.82,74.82,True,8411049,8411049,True,spec_cond,206.0,0.5329,11685.5729,water_temp+spec_cond,water_temp+spec_cond,False,True,
377,USGS:413611087201004,USGS:413612087201301,distinct,auto (merge rule 2),"redundant twin: identical channels, overlapping spans, differing series",prox100-v1,"WELL CH-3 AT CITY HALL, GARY, IN","WELL CH-2 AT CITY HALL, GARY, IN",well,well,False,distinct,75.66,75.66,75.66,True,3398182,3398182,True,spec_cond,933.0,0.251,-396.5833,water_temp+spec_cond,water_temp+spec_cond,True,True,
378,USGS:403921073070401,USGS:403922073064401,distinct,auto (merge rule 2),"redundant twin: identical channels, overlapping spans, differing series",prox100-v1,Fire Island Sunken Forest Inland Well 1,Fire Island Sunken Forest Marsh Well,well,well,False,distinct,79.62,79.62,79.62,True,9500282,9500282,True,spec_cond,220.0,-0.0097,-1638.6146,spec_cond,spec_cond,,,
379,USGS:424129077495502,USGS:424131077495801,distinct,auto (merge rule 2),"redundant twin: identical channels, overlapping spans, differing series",prox100-v1,"NY-TL2 ALFRED TILE EDGE OF FIELD, SONYEA","NY-SW3 ALFRED FARMS EDGE OF FIELD, SONYEA NY",field,field,False,distinct,80.73,80.73,80.73,True,15547349,15547349,True,discharge,1670.0,0.2637,0.0,discharge,discharge,True,True,
380,USGS:401350073594801,USGS:401350073595201,distinct,auto (merge rule 2),"redundant twin: shared channels, overlapping spans, differing series",prox100-v1,Atlantic Oc in Deal Lk surge chmbr at Asbury Pk NJ,Deal Lake at Flume House at Asbury Park NJ,estuary,lake,True,distinct,82.54,82.54,82.54,True,6261966,6261966,True,spec_cond,21.0,0.7181,4712.6042,water_temp+spec_cond+diss_oxy+ph,water_temp+spec_cond+turbidity_fnu+diss_oxy+ph,True,True,
381,USGS:450542093105809,USGS:450543093105407,distinct,auto (merge rule 2),"redundant twin: identical channels, overlapping spans, differing series",prox100-v1,GS3-MW4   TCAAP Site K,GS1-MW8   TCAAP Site K,well,well,False,distinct,87.66,87.66,87.66,True,937010716,937010716,True,spec_cond,617.0,0.2996,180.2917,water_temp+spec_cond,water_temp+spec_cond,False,False,
382,USGS:403921073064801,USGS:403922073064402,distinct,auto (merge rule 2),"redundant twin: identical channels, overlapping spans, differing series",prox100-v1,Fire Island Sunken Forest Middle Well,Fire Island Sunken Forest Deep Well,well,well,False,distinct,90.66,90.66,90.66,True,9500282,9500282,True,spec_cond,87.0,-0.071,673.1875,spec_cond,spec_cond,,,
383,USGS:0414826544,USGS:0414826545,distinct,auto (merge rule 2),"redundant twin: identical channels, overlapping spans, differing series",prox100-v1,"TRIB TO LUM DRAIN ADJ SHARP RD NR SWARTZ CREEK, MI","TRIB TILE TO LUM DRAIN NEAR SWARTZ CREEK, MI",field,field,False,distinct,95.8,89.45,450.92,True,13019703,13019703,True,discharge,1992.0,0.6183,-0.0003,discharge,discharge,True,True,
384,USGS:381805075063502,USGS:381806075063201,distinct,auto (merge rule 2),"redundant twin: identical channels, overlapping spans, differing series",prox100-v1,WO Cg 101,WO Cg 105,well,well,False,distinct,97.58,97.58,97.58,True,8411047,8411049,False,spec_cond,206.0,0.6038,-7458.2292,water_temp+spec_cond,water_temp+spec_cond,True,True,
