Row,site_uid,decision,decided_by,note,criterion_version,question,station_name,site_type,site_type_source,site_type_conflict,ambiguity,snap_status,snap_dist_m,source
1,USGS:01073785,tidal_stream,auto (type rule 1),"stream close to a tidal body of water, possibly influenced by tides",type-v1,"KEPT as tidal_stream (human review), but this reach is marked tidal. Tidally influenced?","WINNICUT RIVER AT GREENLAND, NR PORTSMOUTH, NH",tidal_stream,human_review,nhd_tidal,conflict_tidal,ok,31.38,USGS
2,USGS:01100671,tidal_stream,auto (type rule 1),"stream close to a tidal body of water, possibly influenced by tides",type-v1,"KEPT as tidal_stream (human review), but this reach is marked tidal. Tidally influenced?","MERRIMACK RIVER DS STANLEY ISLAND. HAVERHILL, MA",tidal_stream,human_review,nhd_tidal,conflict_tidal,ok,13.8,USGS
3,USGS:01100693,tidal_stream,auto (type rule 1),"stream close to a tidal body of water, possibly influenced by tides",type-v1,"KEPT as tidal_stream (human review), but this reach is marked tidal. Tidally influenced?","MERRIMACK R 0.3 MILES U.S.RT 125 AT HAVERHILL,MA",tidal_stream,human_review,nhd_tidal,conflict_tidal,ok,79.53,USGS
4,USGS:01102500,tidal_stream,auto (type rule 1),"stream close to a tidal body of water, possibly influenced by tides",type-v1,"KEPT as tidal_stream (human review), but this reach is marked tidal. Tidally influenced?","ABERJONA RIVER AT WINCHESTER, MA",tidal_stream,human_review,nhd_tidal,conflict_tidal,ok,25.73,USGS
5,USGS:01103010,tidal_stream,auto (type rule 1),"stream close to a tidal body of water, possibly influenced by tides",type-v1,"KEPT as tidal_stream (human review), but this reach is marked tidal. Tidally influenced?","MYSTIC RIVER AT ARLINGTON, MA",tidal_stream,human_review,nhd_tidal,conflict_tidal,ok,1.07,USGS
6,USGS:01103038,tidal_stream,auto (type rule 1),"stream close to a tidal body of water, possibly influenced by tides",type-v1,"KEPT as tidal_stream (human review), but this reach is marked tidal. Tidally influenced?","MALDEN RIVER AT MALDEN, MA",tidal_stream,human_review,nhd_tidal,conflict_tidal,far,2168.29,USGS
7,USGS:01103040,tidal_stream,auto (type rule 1),"stream close to a tidal body of water, possibly influenced by tides",type-v1,"KEPT as tidal_stream (human review), but this reach is marked tidal. Tidally influenced?","MYSTIC RIVER RT 16 AT MEDFORD, MA",tidal_stream,human_review,nhd_tidal,conflict_tidal,ok,28.39,USGS
8,USGS:0110587880,tidal_stream,auto (type rule 1),"stream close to a tidal body of water, possibly influenced by tides",type-v1,"KEPT as tidal_stream (human review), but this reach is marked tidal. Tidally influenced?","MILL CREEK AT SANDWICH, MA",tidal_stream,human_review,nhd_tidal,conflict_tidal,ok,16.09,USGS
9,USGS:01109220,tidal_stream,auto (type rule 1),"stream close to a tidal body of water, possibly influenced by tides",type-v1,"KEPT as tidal_stream (human review), but this reach is marked tidal. Tidally influenced?","PALMER RIVER AT SOUTH REHOBOTH, MA",tidal_stream,human_review,nhd_tidal,conflict_tidal,ok,46.64,USGS
10,USGS:01114000,tidal_stream,auto (type rule 1),"stream close to a tidal body of water, possibly influenced by tides",type-v1,"KEPT as tidal_stream (human review), but this reach is marked tidal. Tidally influenced?","MOSHASSUCK RIVER AT PROVIDENCE, RI",tidal_stream,human_review,nhd_tidal,conflict_tidal,ok,44.73,USGS
11,USGS:01118700,tidal_stream,auto (type rule 1),"stream close to a tidal body of water, possibly influenced by tides",type-v1,"KEPT as tidal_stream (human review), but this reach is marked tidal. Tidally influenced?","WHITFORD BK AT OLD MYSTIC,CT.",tidal_stream,human_review,nhd_tidal,conflict_tidal,ok,38.3,USGS
12,USGS:011277916,tidal_stream,auto (type rule 1),"stream close to a tidal body of water, possibly influenced by tides",type-v1,"KEPT as tidal_stream (human review), but this reach is marked tidal. Tidally influenced?","Stony Brook at Rt 1 near Flanders, CT",tidal_stream,human_review,nhd_tidal,conflict_tidal,ok,3.24,USGS
13,USGS:01302050,tidal_stream,auto (type rule 1),"stream close to a tidal body of water, possibly influenced by tides",type-v1,"KEPT as tidal_stream (human review), but this reach is marked tidal. Tidally influenced?",ALLEY CREEK NEAR OAKLAND GARDENS NY,tidal_stream,human_review,nhd_tidal,conflict_tidal,ok,154.94,USGS
14,USGS:01302125,tidal_stream,auto (type rule 1),"stream close to a tidal body of water, possibly influenced by tides",type-v1,"KEPT as tidal_stream (human review), but this reach is marked tidal. Tidally influenced?",GABBLERS CREEK AT LITTLE NECK NY,tidal_stream,human_review,nhd_tidal,conflict_tidal,far,761.6,USGS
15,USGS:01303000,tidal_stream,auto (type rule 1),"stream close to a tidal body of water, possibly influenced by tides",type-v1,"KEPT as tidal_stream (human review), but this reach is marked tidal. Tidally influenced?",MILL NECK CREEK AT MILL NECK NY,tidal_stream,human_review,nhd_tidal,conflict_tidal,ok,74.7,USGS
16,USGS:01303500,tidal_stream,auto (type rule 1),"stream close to a tidal body of water, possibly influenced by tides",type-v1,"KEPT as tidal_stream (human review), but this reach is marked tidal. Tidally influenced?",COLD SPRING BROOK AT COLD SPRING HARBOR NY,tidal_stream,human_review,nhd_tidal,conflict_tidal,ok,5.77,USGS
17,USGS:01304000,tidal_stream,auto (type rule 1),"stream close to a tidal body of water, possibly influenced by tides",type-v1,"KEPT as tidal_stream (human review), but this reach is marked tidal. Tidally influenced?",NISSEQUOGUE RIVER NEAR SMITHTOWN NY,tidal_stream,human_review,nhd_tidal,conflict_tidal,ok,32.6,USGS
18,USGS:01304010,tidal_stream,auto (type rule 1),"stream close to a tidal body of water, possibly influenced by tides",type-v1,"KEPT as tidal_stream (human review), but this reach is marked tidal. Tidally influenced?","NISSEQUOGUE RIVER AT LANDING AVE AT SMITHTOWN, NY",tidal_stream,human_review,nhd_tidal,conflict_tidal,ok,20.55,USGS
19,USGS:01304500,tidal_stream,auto (type rule 1),"stream close to a tidal body of water, possibly influenced by tides",type-v1,"KEPT as tidal_stream (human review), but this reach is marked tidal. Tidally influenced?",PECONIC RIVER AT RIVERHEAD NY,tidal_stream,human_review,nhd_tidal,conflict_tidal,ok,25.89,USGS
20,USGS:0130469525,lake,isaac,,type-v1,"KEPT as lake (human review), but this reach is marked tidal. Tidally influenced?","Hook Pond (QW Site 10) at East Hampton, NY",lake,human_review,nhd_tidal,conflict_tidal,far,660.97,USGS
21,USGS:01305500,tidal_stream,auto (type rule 1),"stream close to a tidal body of water, possibly influenced by tides",type-v1,"KEPT as tidal_stream (human review), but this reach is marked tidal. Tidally influenced?",SWAN RIVER AT EAST PATCHOGUE NY,tidal_stream,human_review,nhd_tidal,conflict_tidal,ok,0.72,USGS
22,USGS:01306495,tidal_stream,auto (type rule 1),"stream close to a tidal body of water, possibly influenced by tides",type-v1,"KEPT as tidal_stream (human review), but this reach is marked tidal. Tidally influenced?",CONNETQUOT RIVER DISTRIBUTARY NEAR OAKDALE NY,tidal_stream,human_review,nhd_tidal,conflict_tidal,ok,20.96,USGS
23,USGS:01306499,tidal_stream,auto (type rule 1),"stream close to a tidal body of water, possibly influenced by tides",type-v1,"KEPT as tidal_stream (human review), but this reach is marked tidal. Tidally influenced?",CONNETQUOT RIVER NEAR NORTH GREAT RIVER NY,tidal_stream,human_review,nhd_tidal,conflict_tidal,ok,22.56,USGS
24,USGS:01306500,tidal_stream,auto (type rule 1),"stream close to a tidal body of water, possibly influenced by tides",type-v1,"KEPT as tidal_stream (human review), but this reach is marked tidal. Tidally influenced?",CONNETQUOT RIVER NEAR OAKDALE NY,tidal_stream,human_review,nhd_tidal,conflict_tidal,ok,20.97,USGS
25,USGS:01308500,tidal_stream,auto (type rule 1),"stream close to a tidal body of water, possibly influenced by tides",type-v1,"KEPT as tidal_stream (human review), but this reach is marked tidal. Tidally influenced?",CARLLS RIVER AT BABYLON NY,tidal_stream,human_review,nhd_tidal,conflict_tidal,ok,10.87,USGS
26,USGS:01309500,tidal_stream,auto (type rule 1),"stream close to a tidal body of water, possibly influenced by tides",type-v1,"KEPT as tidal_stream (human review), but this reach is marked tidal. Tidally influenced?",MASSAPEQUA CREEK AT MASSAPEQUA NY,tidal_stream,human_review,nhd_tidal,conflict_tidal,ok,48.27,USGS
27,USGS:01309950,tidal_stream,auto (type rule 1),"stream close to a tidal body of water, possibly influenced by tides",type-v1,"KEPT as tidal_stream (human review), but this reach is marked tidal. Tidally influenced?",BELLMORE CREEK NEAR BELLMORE NY,tidal_stream,human_review,nhd_tidal,conflict_tidal,ok,33.33,USGS
28,USGS:01309990,tidal_stream,auto (type rule 1),"stream close to a tidal body of water, possibly influenced by tides",type-v1,"KEPT as tidal_stream (human review), but this reach is marked tidal. Tidally influenced?",BELLMORE CREEK TRIBUTARY AT BELLMORE NY,tidal_stream,human_review,nhd_tidal,conflict_tidal,ok,215.88,USGS
29,USGS:01310000,tidal_stream,auto (type rule 1),"stream close to a tidal body of water, possibly influenced by tides",type-v1,"KEPT as tidal_stream (human review), but this reach is marked tidal. Tidally influenced?",BELLMORE CREEK AT BELLMORE NY,tidal_stream,human_review,nhd_tidal,conflict_tidal,ok,8.14,USGS
30,USGS:01311500,tidal_stream,auto (type rule 1),"stream close to a tidal body of water, possibly influenced by tides",type-v1,"KEPT as tidal_stream (human review), but this reach is marked tidal. Tidally influenced?",VALLEY STREAM AT VALLEY STREAM NY,tidal_stream,human_review,nhd_tidal,conflict_tidal,ok,496.94,USGS
31,USGS:01335754,tidal_stream,auto (type rule 1),"stream close to a tidal body of water, possibly influenced by tides",type-v1,"KEPT as tidal_stream (human review), but this reach is marked tidal. Tidally influenced?",HUDSON RIVER ABOVE LOCK 1 NEAR WATERFORD NY,tidal_stream,human_review,nhd_tidal,conflict_tidal,ok,174.6,USGS
32,USGS:01358000,tidal_stream,auto (type rule 1),"stream close to a tidal body of water, possibly influenced by tides",type-v1,"KEPT as tidal_stream (human review), but this reach is marked tidal. Tidally influenced?",HUDSON RIVER AT GREEN ISLAND NY,tidal_stream,human_review,nhd_tidal,conflict_tidal,ok,202.53,USGS
33,USGS:01359133,tidal_stream,auto (type rule 1),"stream close to a tidal body of water, possibly influenced by tides",type-v1,"KEPT as tidal_stream (human review), but this reach is marked tidal. Tidally influenced?",PATROON CR AT NORTHERN BLVD AT ALBANY NY,tidal_stream,human_review,nhd_tidal,conflict_tidal,far,2099.2,USGS
34,USGS:01359135,tidal_stream,auto (type rule 1),"stream close to a tidal body of water, possibly influenced by tides",type-v1,"KEPT as tidal_stream (human review), but this reach is marked tidal. Tidally influenced?",PATROON CREEK AT ALBANY NY,tidal_stream,human_review,nhd_tidal,conflict_tidal,far,856.45,USGS
35,USGS:0135980207,tidal_stream,auto (type rule 1),"stream close to a tidal body of water, possibly influenced by tides",type-v1,"KEPT as tidal_stream (human review), but this reach is marked tidal. Tidally influenced?",HUDSON RIVER NEAR SCHODACK LANDING NY,tidal_stream,human_review,nhd_tidal,conflict_tidal,ok,236.95,USGS
36,USGS:01362090,tidal_stream,auto (type rule 1),"stream close to a tidal body of water, possibly influenced by tides",type-v1,"KEPT as tidal_stream (human review), but this reach is marked tidal. Tidally influenced?",CATSKILL CREEK NEAR CATSKILL NY,tidal_stream,human_review,nhd_tidal,conflict_tidal,ok,29.64,USGS
37,USGS:01372007,tidal_stream,auto (type rule 1),"stream close to a tidal body of water, possibly influenced by tides",type-v1,"KEPT as tidal_stream (human review), but this reach is marked tidal. Tidally influenced?",RONDOUT CREEK AT RONDOUT NY,tidal_stream,human_review,nhd_tidal,conflict_tidal,ok,43.19,USGS
38,USGS:01376307,tidal_stream,auto (type rule 1),"stream close to a tidal body of water, possibly influenced by tides",type-v1,"KEPT as tidal_stream (human review), but this reach is marked tidal. Tidally influenced?",HUDSON RIVER AT WATER GRANT STREET AT YONKERS NY,tidal_stream,human_review,nhd_tidal,conflict_tidal,ok,67.55,USGS
39,USGS:01376515,tidal_stream,auto (type rule 1),"stream close to a tidal body of water, possibly influenced by tides",type-v1,"KEPT as tidal_stream (human review), but this reach is marked tidal. Tidally influenced?",HUDSON RIVER AT PIER 84 AT NEW YORK NY,tidal_stream,human_review,nhd_tidal,conflict_tidal,ok,399.01,USGS
40,USGS:01376520,tidal_stream,auto (type rule 1),"stream close to a tidal body of water, possibly influenced by tides",type-v1,"KEPT as tidal_stream (human review), but this reach is marked tidal. Tidally influenced?",HUDSON RIVER AT PIER 25 AT NEW YORK NY,tidal_stream,human_review,nhd_tidal,conflict_tidal,far,598.04,USGS
41,USGS:01376558,tidal_stream,auto (type rule 1),"stream close to a tidal body of water, possibly influenced by tides",type-v1,"KEPT as tidal_stream (human review), but this reach is marked tidal. Tidally influenced?",LEMON CREEK AT AMBOY ROAD AT PLEASANT PLAINS NY,tidal_stream,human_review,nhd_tidal,conflict_tidal,ok,23.08,USGS
42,USGS:01378500,tidal_stream,auto (type rule 1),"stream close to a tidal body of water, possibly influenced by tides",type-v1,"KEPT as tidal_stream (human review), but this reach is marked tidal. Tidally influenced?",Hackensack River at New Milford NJ,tidal_stream,human_review,nhd_tidal,conflict_tidal,ok,15.25,USGS
43,USGS:01403060,tidal_stream,auto (type rule 1),"stream close to a tidal body of water, possibly influenced by tides",type-v1,"KEPT as tidal_stream (human review), but this reach is marked tidal. Tidally influenced?",Raritan River below Calco Dam at Bound Brook NJ,tidal_stream,human_review,nhd_tidal,conflict_tidal,ok,60.27,USGS
44,USGS:01405400,tidal_stream,auto (type rule 1),"stream close to a tidal body of water, possibly influenced by tides",type-v1,"KEPT as tidal_stream (human review), but this reach is marked tidal. Tidally influenced?",Manalapan Brook at Spotswood NJ,tidal_stream,human_review,nhd_tidal,conflict_tidal,ok,42.55,USGS
45,USGS:01407500,tidal_stream,auto (type rule 1),"stream close to a tidal body of water, possibly influenced by tides",type-v1,"KEPT as tidal_stream (human review), but this reach is marked tidal. Tidally influenced?",Swimming River near Red Bank NJ,tidal_stream,human_review,nhd_tidal,conflict_tidal,ok,68.83,USGS
46,USGS:01407639,tidal_stream,auto (type rule 1),"stream close to a tidal body of water, possibly influenced by tides",type-v1,"KEPT as tidal_stream (human review), but this reach is marked tidal. Tidally influenced?",Harvey Brook US Corlies Av at Allenhurst NJ,tidal_stream,human_review,nhd_tidal,conflict_tidal,far,1120.31,USGS
47,USGS:01407705,tidal_stream,auto (type rule 1),"stream close to a tidal body of water, possibly influenced by tides",type-v1,"KEPT as tidal_stream (human review), but this reach is marked tidal. Tidally influenced?",Shark River near Neptune City NJ,tidal_stream,human_review,nhd_tidal,conflict_tidal,ok,2.59,USGS
48,USGS:01408029,tidal_stream,auto (type rule 1),"stream close to a tidal body of water, possibly influenced by tides",type-v1,"KEPT as tidal_stream (human review), but this reach is marked tidal. Tidally influenced?",Manasquan River near Allenwood NJ,tidal_stream,human_review,nhd_tidal,conflict_tidal,ok,51.9,USGS
49,USGS:01408120,tidal_stream,auto (type rule 1),"stream close to a tidal body of water, possibly influenced by tides",type-v1,"KEPT as tidal_stream (human review), but this reach is marked tidal. Tidally influenced?",North Branch Metedeconk River near Lakewood NJ,tidal_stream,human_review,nhd_tidal,conflict_tidal,ok,6.79,USGS
50,USGS:01408500,tidal_stream,auto (type rule 1),"stream close to a tidal body of water, possibly influenced by tides",type-v1,"KEPT as tidal_stream (human review), but this reach is marked tidal. Tidally influenced?",Toms River near Toms River NJ,tidal_stream,human_review,nhd_tidal,conflict_tidal,ok,23.73,USGS
51,USGS:01408900,tidal_stream,auto (type rule 1),"stream close to a tidal body of water, possibly influenced by tides",type-v1,"KEPT as tidal_stream (human review), but this reach is marked tidal. Tidally influenced?",Cedar Creek at Western Blvd near Lanoka Harbor NJ,tidal_stream,human_review,nhd_tidal,conflict_tidal,ok,1.63,USGS
52,USGS:01409000,tidal_stream,auto (type rule 1),"stream close to a tidal body of water, possibly influenced by tides",type-v1,"KEPT as tidal_stream (human review), but this reach is marked tidal. Tidally influenced?",Cedar Creek at Lanoka Harbor NJ,tidal_stream,human_review,nhd_tidal,conflict_tidal,ok,41.97,USGS
53,USGS:01409210,tidal_stream,auto (type rule 1),"stream close to a tidal body of water, possibly influenced by tides",type-v1,"KEPT as tidal_stream (human review), but this reach is marked tidal. Tidally influenced?",Mill Ck at Manahawkin NJ,tidal_stream,human_review,nhd_tidal,conflict_tidal,ok,23.77,USGS
54,USGS:0140928290,tidal_stream,auto (type rule 1),"stream close to a tidal body of water, possibly influenced by tides",type-v1,"KEPT as tidal_stream (human review), but this reach is marked tidal. Tidally influenced?",Westecunk Crk Trib at Dock Rd near West Creek NJ,tidal_stream,human_review,nhd_tidal,conflict_tidal,ok,28.46,USGS
55,USGS:0140928320,tidal_stream,auto (type rule 1),"stream close to a tidal body of water, possibly influenced by tides",type-v1,"KEPT as tidal_stream (human review), but this reach is marked tidal. Tidally influenced?",Westecunk Crk 3700 ft US of mouth nr West Creek NJ,tidal_stream,human_review,nhd_tidal,conflict_tidal,ok,12.0,USGS
56,USGS:01410000,tidal_stream,auto (type rule 1),"stream close to a tidal body of water, possibly influenced by tides",type-v1,"KEPT as tidal_stream (human review), but this reach is marked tidal. Tidally influenced?",Oswego River at Harrisville NJ,tidal_stream,human_review,nhd_tidal,conflict_tidal,ok,32.02,USGS
57,USGS:01410150,tidal_stream,auto (type rule 1),"stream close to a tidal body of water, possibly influenced by tides",type-v1,"KEPT as tidal_stream (human review), but this reach is marked tidal. Tidally influenced?",East Branch Bass River near New Gretna NJ,tidal_stream,human_review,nhd_tidal,conflict_tidal,ok,45.03,USGS
58,USGS:01410500,tidal_stream,auto (type rule 1),"stream close to a tidal body of water, possibly influenced by tides",type-v1,"KEPT as tidal_stream (human review), but this reach is marked tidal. Tidally influenced?",Absecon Creek at Absecon NJ,tidal_stream,human_review,nhd_tidal,conflict_tidal,ok,17.6,USGS
59,USGS:01411300,tidal_stream,auto (type rule 1),"stream close to a tidal body of water, possibly influenced by tides",type-v1,"KEPT as tidal_stream (human review), but this reach is marked tidal. Tidally influenced?",Tuckahoe River at Head of River NJ,tidal_stream,human_review,nhd_tidal,conflict_tidal,ok,32.25,USGS
60,USGS:01412350,tidal_stream,auto (type rule 1),"stream close to a tidal body of water, possibly influenced by tides",type-v1,"KEPT as tidal_stream (human review), but this reach is marked tidal. Tidally influenced?",Delaware Bay at Ship John Shoal Lighthouse NJ,tidal_stream,human_review,nhd_tidal,conflict_tidal,ok,334.44,USGS
61,USGS:01460595,canal,auto (type rule 3),tidal-marked reach; tidal influence does not retype this site,type-v1,"KEPT as canal (human review), but this reach is marked tidal. Tidally influenced?",Del & Rar Canal at Landing La at New Brunswick NJ,canal,human_review,nhd_tidal,conflict_tidal,ok,120.55,USGS
62,USGS:01463500,tidal_stream,auto (type rule 1),"stream close to a tidal body of water, possibly influenced by tides",type-v1,"KEPT as tidal_stream (human review), but this reach is marked tidal. Tidally influenced?",Delaware River at Trenton NJ,tidal_stream,human_review,nhd_tidal,conflict_tidal,ok,167.46,USGS
63,USGS:01464000,tidal_stream,auto (type rule 1),"stream close to a tidal body of water, possibly influenced by tides",type-v1,"KEPT as tidal_stream (human review), but this reach is marked tidal. Tidally influenced?",Assunpink Creek at Trenton NJ,tidal_stream,human_review,nhd_tidal,conflict_tidal,ok,27.62,USGS
64,USGS:01464504,tidal_stream,auto (type rule 1),"stream close to a tidal body of water, possibly influenced by tides",type-v1,"KEPT as tidal_stream (human review), but this reach is marked tidal. Tidally influenced?",Crosswicks Creek at Groveville Rd at Groveville NJ,tidal_stream,human_review,nhd_tidal,conflict_tidal,ok,7.79,USGS
65,USGS:01465798,tidal_stream,auto (type rule 1),"stream close to a tidal body of water, possibly influenced by tides",type-v1,"KEPT as tidal_stream (human review), but this reach is marked tidal. Tidally influenced?","Poquessing Creek at Grant Ave. at Philadelphia, PA",tidal_stream,human_review,nhd_tidal,conflict_tidal,ok,84.23,USGS
66,USGS:01465850,tidal_stream,auto (type rule 1),"stream close to a tidal body of water, possibly influenced by tides",type-v1,"KEPT as tidal_stream (human review), but this reach is marked tidal. Tidally influenced?",South Branch Rancocas Creek at Vincentown NJ,tidal_stream,human_review,nhd_tidal,conflict_tidal,ok,42.83,USGS
67,USGS:01465900,tidal_stream,auto (type rule 1),"stream close to a tidal body of water, possibly influenced by tides",type-v1,"KEPT as tidal_stream (human review), but this reach is marked tidal. Tidally influenced?",SWB Rancocas C at Eayrestown NJ,tidal_stream,human_review,nhd_tidal,conflict_tidal,ok,11.83,USGS
68,USGS:01465905,tidal_stream,auto (type rule 1),"stream close to a tidal body of water, possibly influenced by tides",type-v1,"KEPT as tidal_stream (human review), but this reach is marked tidal. Tidally influenced?","South Branch Rancocas Creek at Lumberton, NJ",tidal_stream,human_review,nhd_tidal,conflict_tidal,ok,16.26,USGS
69,USGS:014670261,tidal_stream,auto (type rule 1),"stream close to a tidal body of water, possibly influenced by tides",type-v1,"KEPT as tidal_stream (human review), but this reach is marked tidal. Tidally influenced?",Delaware River at Pennypack Woods PA,tidal_stream,human_review,nhd_tidal,conflict_tidal,ok,335.65,USGS
70,USGS:01467081,tidal_stream,auto (type rule 1),"stream close to a tidal body of water, possibly influenced by tides",type-v1,"KEPT as tidal_stream (human review), but this reach is marked tidal. Tidally influenced?",South Branch Pennsauken Creek at Cherry Hill NJ,tidal_stream,human_review,nhd_tidal,conflict_tidal,ok,27.39,USGS
71,USGS:01467150,tidal_stream,auto (type rule 1),"stream close to a tidal body of water, possibly influenced by tides",type-v1,"KEPT as tidal_stream (human review), but this reach is marked tidal. Tidally influenced?",Cooper River at Haddonfield NJ,tidal_stream,human_review,nhd_tidal,conflict_tidal,ok,25.56,USGS
72,USGS:01467200,tidal_stream,auto (type rule 1),"stream close to a tidal body of water, possibly influenced by tides",type-v1,"KEPT as tidal_stream (human review), but this reach is marked tidal. Tidally influenced?","Delaware River at Penn's Landing, Philadelphia, PA",tidal_stream,human_review,nhd_tidal,conflict_tidal,ok,277.54,USGS
73,USGS:01473800,tidal_stream,auto (type rule 1),"stream close to a tidal body of water, possibly influenced by tides",type-v1,"KEPT as tidal_stream (human review), but this reach is marked tidal. Tidally influenced?","Schuylkill River at Manayunk, Philadelphia, PA",tidal_stream,human_review,nhd_tidal,conflict_tidal,ok,24.96,USGS
74,USGS:01474500,tidal_stream,auto (type rule 1),"stream close to a tidal body of water, possibly influenced by tides",type-v1,"KEPT as tidal_stream (human review), but this reach is marked tidal. Tidally influenced?","Schuylkill River at Philadelphia, PA",tidal_stream,human_review,nhd_tidal,conflict_tidal,ok,91.49,USGS
75,USGS:01474501,tidal_stream,auto (type rule 1),"stream close to a tidal body of water, possibly influenced by tides",type-v1,"KEPT as tidal_stream (human review), but this reach is marked tidal. Tidally influenced?","Schuylkill River near 30th St at Philadelphia, PA",tidal_stream,human_review,nhd_tidal,conflict_tidal,ok,57.83,USGS
76,USGS:01474703,tidal_stream,auto (type rule 1),"stream close to a tidal body of water, possibly influenced by tides",type-v1,"KEPT as tidal_stream (human review), but this reach is marked tidal. Tidally influenced?","Delaware River at Fort Mifflin at Philadelphia, PA",tidal_stream,human_review,nhd_tidal,conflict_tidal,far,616.85,USGS
77,USGS:01475553,tidal_stream,auto (type rule 1),"stream close to a tidal body of water, possibly influenced by tides",type-v1,"KEPT as tidal_stream (human review), but this reach is marked tidal. Tidally influenced?","Darby Creek at 84th St Bridge at Eastwick,PA",tidal_stream,human_review,nhd_tidal,conflict_tidal,ok,20.24,USGS
78,USGS:01477050,tidal_stream,auto (type rule 1),"stream close to a tidal body of water, possibly influenced by tides",type-v1,"KEPT as tidal_stream (human review), but this reach is marked tidal. Tidally influenced?",DELAWARE RIVER AT CHESTER PA,tidal_stream,human_review,nhd_tidal,conflict_tidal,far,652.79,USGS
79,USGS:01477120,tidal_stream,auto (type rule 1),"stream close to a tidal body of water, possibly influenced by tides",type-v1,"KEPT as tidal_stream (human review), but this reach is marked tidal. Tidally influenced?",Raccoon Creek near Swedesboro NJ,tidal_stream,human_review,nhd_tidal,conflict_tidal,ok,2.83,USGS
80,USGS:01477200,tidal_stream,auto (type rule 1),"stream close to a tidal body of water, possibly influenced by tides",type-v1,"KEPT as tidal_stream (human review), but this reach is marked tidal. Tidally influenced?","Delaware River at Marcus Hook, PA",tidal_stream,human_review,nhd_tidal,conflict_tidal,far,584.46,USGS
81,USGS:01479000,tidal_stream,auto (type rule 1),"stream close to a tidal body of water, possibly influenced by tides",type-v1,"KEPT as tidal_stream (human review), but this reach is marked tidal. Tidally influenced?","WHITE CLAY CREEK NEAR NEWARK, DE",tidal_stream,human_review,nhd_tidal,conflict_tidal,ok,32.2,USGS
82,USGS:01480025,tidal_stream,auto (type rule 1),"stream close to a tidal body of water, possibly influenced by tides",type-v1,"KEPT as tidal_stream (human review), but this reach is marked tidal. Tidally influenced?","WHITE CLAY CREEK AT STANTON, DE",tidal_stream,human_review,nhd_tidal,conflict_tidal,ok,10.18,USGS
83,USGS:01482537,tidal_stream,auto (type rule 1),"stream close to a tidal body of water, possibly influenced by tides",type-v1,"KEPT as tidal_stream (human review), but this reach is marked tidal. Tidally influenced?",Salem River at Courses Landing NJ,tidal_stream,human_review,nhd_tidal,conflict_tidal,ok,34.15,USGS
84,USGS:01482695,canal,auto (type rule 3),tidal-marked reach; tidal influence does not retype this site,type-v1,"KEPT as canal (human review), but this reach is marked tidal. Tidally influenced?","C AND D CANAL NR DELAWARE CITY, DE",canal,human_review,nhd_tidal,conflict_tidal,ok,146.25,USGS
85,USGS:01483170,tidal_stream,auto (type rule 1),"stream close to a tidal body of water, possibly influenced by tides",type-v1,"KEPT as tidal_stream (human review), but this reach is marked tidal. Tidally influenced?","DOVE NEST BRANCH NEAR ODESSA, DE",tidal_stream,human_review,nhd_tidal,conflict_tidal,ok,3.1,USGS
86,USGS:01483700,tidal_stream,auto (type rule 1),"stream close to a tidal body of water, possibly influenced by tides",type-v1,"KEPT as tidal_stream (human review), but this reach is marked tidal. Tidally influenced?","ST JONES RIVER AT DOVER, DE",tidal_stream,human_review,nhd_tidal,conflict_tidal,ok,16.73,USGS
87,USGS:01484272,tidal_stream,auto (type rule 1),"stream close to a tidal body of water, possibly influenced by tides",type-v1,"KEPT as tidal_stream (human review), but this reach is marked tidal. Tidally influenced?","BROADKILL RIVER NEAR MILTON, DE",tidal_stream,human_review,nhd_tidal,conflict_tidal,ok,8.3,USGS
88,USGS:01484525,tidal_stream,auto (type rule 1),"stream close to a tidal body of water, possibly influenced by tides",type-v1,"KEPT as tidal_stream (human review), but this reach is marked tidal. Tidally influenced?","MILLSBORO POND OUTLET AT MILLSBORO, DE",tidal_stream,human_review,nhd_tidal,conflict_tidal,ok,3.75,USGS
89,USGS:01484695,tidal_stream,auto (type rule 1),"stream close to a tidal body of water, possibly influenced by tides",type-v1,"KEPT as tidal_stream (human review), but this reach is marked tidal. Tidally influenced?","BEAVERDAM DITCH NEAR MILLVILLE, DE",tidal_stream,human_review,nhd_tidal,conflict_tidal,ok,298.49,USGS
90,USGS:01485500,tidal_stream,auto (type rule 1),"stream close to a tidal body of water, possibly influenced by tides",type-v1,"KEPT as tidal_stream (human review), but this reach is marked tidal. Tidally influenced?","NASSAWANGO CREEK NEAR SNOW HILL, MD",tidal_stream,human_review,nhd_tidal,conflict_tidal,ok,13.58,USGS
91,USGS:01486500,tidal_stream,auto (type rule 1),"stream close to a tidal body of water, possibly influenced by tides",type-v1,"KEPT as tidal_stream (human review), but this reach is marked tidal. Tidally influenced?","BEAVERDAM CREEK NEAR SALISBURY, MD",tidal_stream,human_review,nhd_tidal,conflict_tidal,ok,10.58,USGS
92,USGS:01487000,tidal_stream,auto (type rule 1),"stream close to a tidal body of water, possibly influenced by tides",type-v1,"KEPT as tidal_stream (human review), but this reach is marked tidal. Tidally influenced?","NANTICOKE RIVER NEAR BRIDGEVILLE, DE",tidal_stream,human_review,nhd_tidal,conflict_tidal,ok,15.8,USGS
93,USGS:01490000,tidal_stream,auto (type rule 1),"stream close to a tidal body of water, possibly influenced by tides",type-v1,"KEPT as tidal_stream (human review), but this reach is marked tidal. Tidally influenced?","CHICAMACOMICO RIVER NEAR SALEM, MD",tidal_stream,human_review,nhd_tidal,conflict_tidal,ok,68.77,USGS
94,USGS:01490140,tidal_stream,auto (type rule 1),"stream close to a tidal body of water, possibly influenced by tides",type-v1,"KEPT as tidal_stream (human review), but this reach is marked tidal. Tidally influenced?","LITTLE BLACKWATER RIVER AT SEWARD, MD",tidal_stream,human_review,nhd_tidal,conflict_tidal,ok,10.69,USGS
95,USGS:01491000,tidal_stream,auto (type rule 1),"stream close to a tidal body of water, possibly influenced by tides",type-v1,"KEPT as tidal_stream (human review), but this reach is marked tidal. Tidally influenced?","CHOPTANK RIVER NEAR GREENSBORO, MD",tidal_stream,human_review,nhd_tidal,conflict_tidal,ok,37.23,USGS
96,USGS:01491500,tidal_stream,auto (type rule 1),"stream close to a tidal body of water, possibly influenced by tides",type-v1,"KEPT as tidal_stream (human review), but this reach is marked tidal. Tidally influenced?","TUCKAHOE CREEK NEAR RUTHSBURG, MD",tidal_stream,human_review,nhd_tidal,conflict_tidal,ok,28.96,USGS
97,USGS:01493000,tidal_stream,auto (type rule 1),"stream close to a tidal body of water, possibly influenced by tides",type-v1,"KEPT as tidal_stream (human review), but this reach is marked tidal. Tidally influenced?","UNICORN BRANCH NEAR MILLINGTON, MD",tidal_stream,human_review,nhd_tidal,conflict_tidal,ok,14.27,USGS
98,USGS:01493500,tidal_stream,auto (type rule 1),"stream close to a tidal body of water, possibly influenced by tides",type-v1,"KEPT as tidal_stream (human review), but this reach is marked tidal. Tidally influenced?","MORGAN CREEK NEAR KENNEDYVILLE, MD",tidal_stream,human_review,nhd_tidal,conflict_tidal,ok,4.48,USGS
99,USGS:01494150,tidal_stream,auto (type rule 1),"stream close to a tidal body of water, possibly influenced by tides",type-v1,"KEPT as tidal_stream (human review), but this reach is marked tidal. Tidally influenced?","THREE BRIDGES BRANCH AT CENTREVILLE, MD",tidal_stream,human_review,nhd_tidal,conflict_tidal,ok,11.07,USGS
100,USGS:01579550,tidal_stream,auto (type rule 1),"stream close to a tidal body of water, possibly influenced by tides",type-v1,"KEPT as tidal_stream (human review), but this reach is marked tidal. Tidally influenced?","SUSQUEHANNA RIVER NEAR DARLINGTON, MD",tidal_stream,human_review,nhd_tidal,conflict_tidal,ok,475.51,USGS
101,USGS:01581757,tidal_stream,auto (type rule 1),"stream close to a tidal body of water, possibly influenced by tides",type-v1,"KEPT as tidal_stream (human review), but this reach is marked tidal. Tidally influenced?","OTTER POINT CREEK NEAR EDGEWOOD, MD",tidal_stream,human_review,nhd_tidal,conflict_tidal,ok,23.87,USGS
102,USGS:01585075,tidal_stream,auto (type rule 1),"stream close to a tidal body of water, possibly influenced by tides",type-v1,"KEPT as tidal_stream (human review), but this reach is marked tidal. Tidally influenced?","FOSTER BRANCH NEAR JOPPATOWNE, MD",tidal_stream,human_review,nhd_tidal,conflict_tidal,ok,3.02,USGS
103,USGS:01594440,tidal_stream,auto (type rule 1),"stream close to a tidal body of water, possibly influenced by tides",type-v1,"KEPT as tidal_stream (human review), but this reach is marked tidal. Tidally influenced?","PATUXENT RIVER NEAR BOWIE, MD",tidal_stream,human_review,nhd_tidal,conflict_tidal,ok,12.49,USGS
104,USGS:01594441,tidal_stream,auto (type rule 1),"stream close to a tidal body of water, possibly influenced by tides",type-v1,"KEPT as tidal_stream (human review), but this reach is marked tidal. Tidally influenced?",Patuxent R at Gov Bridge Natural Area nr Bowie MD,tidal_stream,human_review,nhd_tidal,conflict_tidal,ok,4.2,USGS
105,USGS:01594526,tidal_stream,auto (type rule 1),"stream close to a tidal body of water, possibly influenced by tides",type-v1,"KEPT as tidal_stream (human review), but this reach is marked tidal. Tidally influenced?","WESTERN BRANCH AT UPPER MARLBORO, MD",tidal_stream,human_review,nhd_tidal,conflict_tidal,ok,4.24,USGS
106,USGS:01649500,tidal_stream,auto (type rule 1),"stream close to a tidal body of water, possibly influenced by tides",type-v1,"KEPT as tidal_stream (human review), but this reach is marked tidal. Tidally influenced?","NORTHEAST BRANCH ANACOSTIA RIVER AT RIVERDALE, MD",tidal_stream,human_review,nhd_tidal,conflict_tidal,ok,15.63,USGS
107,USGS:01651770,tidal_stream,auto (type rule 1),"stream close to a tidal body of water, possibly influenced by tides",type-v1,"KEPT as tidal_stream (human review), but this reach is marked tidal. Tidally influenced?","HICKEY RUN AT NATIONAL ARBORETUM AT WASHINGTON, DC",tidal_stream,human_review,nhd_tidal,conflict_tidal,far,1269.57,USGS
108,USGS:01661500,tidal_stream,auto (type rule 1),"stream close to a tidal body of water, possibly influenced by tides",type-v1,"KEPT as tidal_stream (human review), but this reach is marked tidal. Tidally influenced?","St Marys River at Great Mills, MD",tidal_stream,human_review,nhd_tidal,conflict_tidal,ok,28.22,USGS
109,USGS:01669000,tidal_stream,auto (type rule 1),"stream close to a tidal body of water, possibly influenced by tides",type-v1,"KEPT as tidal_stream (human review), but this reach is marked tidal. Tidally influenced?","PISCATAWAY CREEK NEAR TAPPAHANNOCK, VA",tidal_stream,human_review,nhd_tidal,conflict_tidal,ok,34.25,USGS
110,USGS:0167891721,storm_drain,auto (type rule 3),tidal-marked reach; tidal influence does not retype this site,type-v1,"KEPT as storm_drain (human review), but this reach is marked tidal. Tidally influenced?","STORM DRAIN AT COLISEUM DRIVE AT HAMPTON, VA",storm_drain,human_review,nhd_tidal,conflict_tidal,ok,371.11,USGS
111,USGS:02042500,tidal_stream,auto (type rule 1),"stream close to a tidal body of water, possibly influenced by tides",type-v1,"KEPT as tidal_stream (human review), but this reach is marked tidal. Tidally influenced?","CHICKAHOMINY RIVER NEAR PROVIDENCE FORGE, VA",tidal_stream,human_review,nhd_tidal,conflict_tidal,ok,14.52,USGS
112,USGS:0204279245,storm_drain,auto (type rule 3),tidal-marked reach; tidal influence does not retype this site,type-v1,"KEPT as storm_drain (human review), but this reach is marked tidal. Tidally influenced?","STORM DRAIN AT RIVERS RDG CIR NR NEWPORT NEWS, VA",storm_drain,human_review,nhd_tidal,conflict_tidal,ok,307.36,USGS
113,USGS:0204279294,storm_drain,auto (type rule 3),tidal-marked reach; tidal influence does not retype this site,type-v1,"KEPT as storm_drain (human review), but this reach is marked tidal. Tidally influenced?","STORM DRAIN AT LAKEWOOD PK DR NR NEWPORT NEWS, VA",storm_drain,human_review,nhd_tidal,conflict_tidal,ok,282.31,USGS
114,USGS:0204288771,storm_drain,auto (type rule 3),tidal-marked reach; tidal influence does not retype this site,type-v1,"KEPT as storm_drain (human review), but this reach is marked tidal. Tidally influenced?","STORM DRAIN AT USAA DRIVE AT NORFOLK, VA",storm_drain,human_review,nhd_tidal,conflict_tidal,ok,219.7,USGS
115,USGS:0204288786,storm_drain,auto (type rule 3),tidal-marked reach; tidal influence does not retype this site,type-v1,"KEPT as storm_drain (human review), but this reach is marked tidal. Tidally influenced?","STORM DRAIN AT PROFESSIONAL PL NEAR CHESAPEAKE, VA",storm_drain,human_review,nhd_tidal,conflict_tidal,far,569.56,USGS
116,USGS:0204289131,storm_drain,auto (type rule 3),tidal-marked reach; tidal influence does not retype this site,type-v1,"KEPT as storm_drain (human review), but this reach is marked tidal. Tidally influenced?","STORM DRAIN AT DAISY DRIVE NEAR PORTSMOUTH, VA",storm_drain,human_review,nhd_tidal,conflict_tidal,far,825.78,USGS
117,USGS:0204289402,storm_drain,auto (type rule 3),tidal-marked reach; tidal influence does not retype this site,type-v1,"KEPT as storm_drain (human review), but this reach is marked tidal. Tidally influenced?","STORM DRAIN AT CRANEYBROOK LANE AT EDGEFIELD, VA",storm_drain,human_review,nhd_tidal,conflict_tidal,far,1199.11,USGS
118,USGS:0204289989,storm_drain,auto (type rule 3),tidal-marked reach; tidal influence does not retype this site,type-v1,"KEPT as storm_drain (human review), but this reach is marked tidal. Tidally influenced?","STORM DRAIN AT SHEPPARD AVENUE NEAR NORFOLK, VA",storm_drain,human_review,nhd_tidal,conflict_tidal,far,1385.22,USGS
119,USGS:0204295063,storm_drain,auto (type rule 3),tidal-marked reach; tidal influence does not retype this site,type-v1,"KEPT as storm_drain (human review), but this reach is marked tidal. Tidally influenced?","STORM DRAIN AT LINDSLEY DR NEAR VIRGINIA BEACH, VA",storm_drain,human_review,nhd_tidal,conflict_tidal,ok,474.92,USGS
120,USGS:0204306533,storm_drain,auto (type rule 3),tidal-marked reach; tidal influence does not retype this site,type-v1,"KEPT as storm_drain (human review), but this reach is marked tidal. Tidally influenced?","STORM DRAIN AT LUDLOW DRIVE NEAR KEMPSVILLE, VA",storm_drain,human_review,nhd_tidal,conflict_tidal,ok,315.05,USGS
121,USGS:0204309906,canal,auto (type rule 3),tidal-marked reach; tidal influence does not retype this site,type-v1,"KEPT as canal (human review), but this reach is marked tidal. Tidally influenced?","CONVEYANCE CHAN AT RAMSGATE LN NR GREAT BRIDGE, VA",canal,human_review,nhd_tidal,conflict_tidal,far,727.49,USGS
122,USGS:02047000,tidal_stream,auto (type rule 1),"stream close to a tidal body of water, possibly influenced by tides",type-v1,"KEPT as tidal_stream (human review), but this reach is marked tidal. Tidally influenced?","NOTTOWAY RIVER NEAR SEBRELL, VA",tidal_stream,human_review,nhd_tidal,conflict_tidal,ok,55.19,USGS
123,USGS:02047783,tidal_stream,auto (type rule 1),"stream close to a tidal body of water, possibly influenced by tides",type-v1,"KEPT as tidal_stream (human review), but this reach is marked tidal. Tidally influenced?","BLACKWATER RIVER AT ROUTE 620 NEAR ZUNI, VA",tidal_stream,human_review,nhd_tidal,conflict_tidal,ok,104.69,USGS
124,USGS:02049500,tidal_stream,auto (type rule 1),"stream close to a tidal body of water, possibly influenced by tides",type-v1,"KEPT as tidal_stream (human review), but this reach is marked tidal. Tidally influenced?","BLACKWATER RIVER NEAR FRANKLIN, VA",tidal_stream,human_review,nhd_tidal,conflict_tidal,ok,46.33,USGS
125,USGS:02481660,tidal_stream,auto (type rule 1),"stream close to a tidal body of water, possibly influenced by tides",type-v1,"KEPT as tidal_stream (human review), but this reach is marked tidal. Tidally influenced?","JOURDAN RIVER NR BAY ST LOUIS, MS",tidal_stream,human_review,nhd_tidal,conflict_tidal,ok,51.58,USGS
126,USGS:02492511,tidal_stream,auto (type rule 1),"stream close to a tidal body of water, possibly influenced by tides",type-v1,"KEPT as tidal_stream (human review), but this reach is marked tidal. Tidally influenced?","East Pearl River at I-59 near Nicholson, MS",tidal_stream,human_review,nhd_tidal,conflict_tidal,ok,12.59,USGS
127,USGS:02492519,tidal_stream,auto (type rule 1),"stream close to a tidal body of water, possibly influenced by tides",type-v1,"KEPT as tidal_stream (human review), but this reach is marked tidal. Tidally influenced?",Pearl River Navigation Canal Lock and Dam No. 1,tidal_stream,human_review,nhd_tidal,conflict_tidal,ok,19.57,USGS
128,USGS:02492600,tidal_stream,auto (type rule 1),"stream close to a tidal body of water, possibly influenced by tides",type-v1,"KEPT as tidal_stream (human review), but this reach is marked tidal. Tidally influenced?","Pearl River at Pearl River, LA",tidal_stream,human_review,nhd_tidal,conflict_tidal,ok,18.6,USGS
129,USGS:02492700,tidal_stream,auto (type rule 1),"stream close to a tidal body of water, possibly influenced by tides",type-v1,"KEPT as tidal_stream (human review), but this reach is marked tidal. Tidally influenced?","Pearl River at I-10 near Slidell, LA",tidal_stream,human_review,nhd_tidal,conflict_tidal,ok,9.21,USGS
130,USGS:04087440,lake,auto (type rule 2),lake on a tidally-marked reach; the lake type stands,type-v1,"KEPT as lake (human review), but this reach is marked tidal. Tidally influenced?","LAKE MICHIGAN AT CHICAGO LOCK AT CHICAGO, IL",lake,human_review,nhd_tidal,conflict_tidal,ok,124.35,USGS
131,USGS:04092440,lake,auto (type rule 2),lake on a tidally-marked reach; the lake type stands,type-v1,"KEPT as lake (human review), but this reach is marked tidal. Tidally influenced?","LAKE MICHIGAN AT JACKSON PARK AT HYDE PARK, IL",lake,human_review,nhd_tidal,conflict_tidal,ok,365.63,USGS
132,USGS:04092788,lake,auto (type rule 2),lake on a tidally-marked reach; the lake type stands,type-v1,"KEPT as lake (human review), but this reach is marked tidal. Tidally influenced?","LAKE MICHIGAN AT JEORSE PARK AT GARY, IN",lake,human_review,nhd_tidal,conflict_tidal,ok,201.91,USGS
133,USGS:04194085,ditch,auto (type rule 3),tidal-marked reach; tidal influence does not retype this site,type-v1,"KEPT as ditch (human review), but this reach is marked tidal. Tidally influenced?",Berger Ditch near Oregon OH,ditch,human_review,nhd_tidal,conflict_tidal,far,1148.86,USGS
134,USGS:04208598,tidal_stream,auto (type rule 1),"stream close to a tidal body of water, possibly influenced by tides",type-v1,"KEPT as tidal_stream (human review), but this reach is marked tidal. Tidally influenced?",Doan Brook at MLK Jr Dr at Cleveland OH,tidal_stream,human_review,nhd_tidal,conflict_tidal,far,3149.65,USGS
135,USGS:04216000,tidal_stream,auto (type rule 1),"stream close to a tidal body of water, possibly influenced by tides",type-v1,"KEPT as tidal_stream (human review), but this reach is marked tidal. Tidally influenced?",NIAGARA RIVER AT BUFFALO NY,tidal_stream,human_review,nhd_tidal,conflict_tidal,far,1987.08,USGS
136,USGS:05536121,tidal_stream,auto (type rule 1),"stream close to a tidal body of water, possibly influenced by tides",type-v1,"KEPT as tidal_stream (human review), but this reach is marked tidal. Tidally influenced?","CHICAGO RIVER AT CHICAGO LOCK AT CHICAGO, IL",tidal_stream,human_review,nhd_tidal,conflict_tidal,ok,124.35,USGS
137,USGS:05536123,tidal_stream,auto (type rule 1),"stream close to a tidal body of water, possibly influenced by tides",type-v1,"KEPT as tidal_stream (human review), but this reach is marked tidal. Tidally influenced?","CHICAGO RIVER AT COLUMBUS DRIVE AT CHICAGO, IL",tidal_stream,human_review,nhd_tidal,conflict_tidal,ok,251.91,USGS
138,USGS:07374000,tidal_stream,auto (type rule 1),"stream close to a tidal body of water, possibly influenced by tides",type-v1,"KEPT as tidal_stream (human review), but this reach is marked tidal. Tidally influenced?","Mississippi River at Baton Rouge, LA",tidal_stream,human_review,nhd_tidal,conflict_tidal,ok,431.46,USGS
139,USGS:073745235,tidal_stream,auto (type rule 1),"stream close to a tidal body of water, possibly influenced by tides",type-v1,"KEPT as tidal_stream (human review), but this reach is marked tidal. Tidally influenced?","Bayou Dupre Sector Gate near Violet, LA",tidal_stream,human_review,nhd_tidal,conflict_tidal,ok,317.06,USGS
140,USGS:073745245,tidal_stream,auto (type rule 1),"stream close to a tidal body of water, possibly influenced by tides",type-v1,"KEPT as tidal_stream (human review), but this reach is marked tidal. Tidally influenced?","Caernarvon Canal Sector Gate at Caernarvon, La",tidal_stream,human_review,nhd_tidal,conflict_tidal,far,1146.12,USGS
141,USGS:07374525,tidal_stream,auto (type rule 1),"stream close to a tidal body of water, possibly influenced by tides",type-v1,"KEPT as tidal_stream (human review), but this reach is marked tidal. Tidally influenced?","Mississippi River at Belle Chasse, LA",tidal_stream,human_review,nhd_tidal,conflict_tidal,ok,34.74,USGS
142,USGS:073745253,canal,auto (type rule 3),tidal-marked reach; tidal influence does not retype this site,type-v1,"KEPT as canal (human review), but this reach is marked tidal. Tidally influenced?","Reggio Canal near Wills Point, LA",canal,human_review,nhd_tidal,conflict_tidal,far,4567.86,USGS
143,USGS:07374581,tidal_stream,auto (type rule 1),"stream close to a tidal body of water, possibly influenced by tides",type-v1,"KEPT as tidal_stream (human review), but this reach is marked tidal. Tidally influenced?","Bayou Liberty near Slidell,LA",tidal_stream,human_review,nhd_tidal,conflict_tidal,ok,3.72,USGS
144,USGS:07375050,tidal_stream,auto (type rule 1),"stream close to a tidal body of water, possibly influenced by tides",type-v1,"KEPT as tidal_stream (human review), but this reach is marked tidal. Tidally influenced?","Tchefuncte River near Covington, LA",tidal_stream,human_review,nhd_tidal,conflict_tidal,ok,0.71,USGS
145,USGS:07375170,tidal_stream,auto (type rule 1),"stream close to a tidal body of water, possibly influenced by tides",type-v1,"KEPT as tidal_stream (human review), but this reach is marked tidal. Tidally influenced?","Bogue Falaya at Covington, LA",tidal_stream,human_review,nhd_tidal,conflict_tidal,ok,8.92,USGS
146,USGS:07375175,tidal_stream,auto (type rule 1),"stream close to a tidal body of water, possibly influenced by tides",type-v1,"KEPT as tidal_stream (human review), but this reach is marked tidal. Tidally influenced?","Bogue Falaya River at Boston St. at Covington, LA",tidal_stream,human_review,nhd_tidal,conflict_tidal,ok,8.4,USGS
147,USGS:07375222,tidal_stream,auto (type rule 1),"stream close to a tidal body of water, possibly influenced by tides",type-v1,"KEPT as tidal_stream (human review), but this reach is marked tidal. Tidally influenced?","Abita River north of Abita Springs, LA",tidal_stream,human_review,nhd_tidal,conflict_tidal,ok,58.71,USGS
148,USGS:07375230,tidal_stream,auto (type rule 1),"stream close to a tidal body of water, possibly influenced by tides",type-v1,"KEPT as tidal_stream (human review), but this reach is marked tidal. Tidally influenced?","Tchefuncte River at Madisonville, LA",tidal_stream,human_review,nhd_tidal,conflict_tidal,ok,5.21,USGS
149,USGS:07375650,tidal_stream,auto (type rule 1),"stream close to a tidal body of water, possibly influenced by tides",type-v1,"KEPT as tidal_stream (human review), but this reach is marked tidal. Tidally influenced?","Tangipahoa River near Ponchatoula, LA",tidal_stream,human_review,nhd_tidal,conflict_tidal,ok,17.33,USGS
150,USGS:07376300,tidal_stream,auto (type rule 1),"stream close to a tidal body of water, possibly influenced by tides",type-v1,"KEPT as tidal_stream (human review), but this reach is marked tidal. Tidally influenced?","Tickfaw River Near Springfield, La.",tidal_stream,human_review,nhd_tidal,conflict_tidal,ok,23.64,USGS
151,USGS:07376500,tidal_stream,auto (type rule 1),"stream close to a tidal body of water, possibly influenced by tides",type-v1,"KEPT as tidal_stream (human review), but this reach is marked tidal. Tidally influenced?","Natalbany River at Baptist, LA",tidal_stream,human_review,nhd_tidal,conflict_tidal,ok,4.54,USGS
152,USGS:07378745,tidal_stream,auto (type rule 1),"stream close to a tidal body of water, possibly influenced by tides",type-v1,"KEPT as tidal_stream (human review), but this reach is marked tidal. Tidally influenced?","Alligator Bayou near Kleinpeter, LA",tidal_stream,human_review,nhd_tidal,conflict_tidal,ok,45.94,USGS
153,USGS:07378746,tidal_stream,auto (type rule 1),"stream close to a tidal body of water, possibly influenced by tides",type-v1,"KEPT as tidal_stream (human review), but this reach is marked tidal. Tidally influenced?","Bayou Manchac at Alligator B. near Kleinpeter, LA",tidal_stream,human_review,nhd_tidal,conflict_tidal,ok,19.93,USGS
154,USGS:07378748,tidal_stream,auto (type rule 1),"stream close to a tidal body of water, possibly influenced by tides",type-v1,"KEPT as tidal_stream (human review), but this reach is marked tidal. Tidally influenced?","Bluff Swamp near Kleinpeter, LA",tidal_stream,human_review,nhd_tidal,conflict_tidal,ok,15.98,USGS
155,USGS:07378810,tidal_stream,auto (type rule 1),"stream close to a tidal body of water, possibly influenced by tides",type-v1,"KEPT as tidal_stream (human review), but this reach is marked tidal. Tidally influenced?","Bayou Fountain at Bluebonnet Blvd near  B.R., LA",tidal_stream,human_review,nhd_tidal,conflict_tidal,ok,4.69,USGS
156,USGS:07379075,tidal_stream,auto (type rule 1),"stream close to a tidal body of water, possibly influenced by tides",type-v1,"KEPT as tidal_stream (human review), but this reach is marked tidal. Tidally influenced?",Old Ward Crk Div. at Highland Rd. nr Baton Rouge,tidal_stream,human_review,nhd_tidal,conflict_tidal,ok,34.25,USGS
157,USGS:07379960,tidal_stream,auto (type rule 1),"stream close to a tidal body of water, possibly influenced by tides",type-v1,"KEPT as tidal_stream (human review), but this reach is marked tidal. Tidally influenced?","Dawson Cr. at Bluebonnet Blvd near Baton Rouge, LA",tidal_stream,human_review,nhd_tidal,conflict_tidal,ok,110.17,USGS
158,USGS:07380101,tidal_stream,auto (type rule 1),"stream close to a tidal body of water, possibly influenced by tides",type-v1,"KEPT as tidal_stream (human review), but this reach is marked tidal. Tidally influenced?","Bayou Manchac near Little Prairie, LA",tidal_stream,human_review,nhd_tidal,conflict_tidal,ok,32.43,USGS
159,USGS:07380102,tidal_stream,auto (type rule 1),"stream close to a tidal body of water, possibly influenced by tides",type-v1,"KEPT as tidal_stream (human review), but this reach is marked tidal. Tidally influenced?","Welsh Gully at J. Broussard Rd nr Prairieville, LA",tidal_stream,human_review,nhd_tidal,conflict_tidal,ok,34.09,USGS
160,USGS:07380106,tidal_stream,auto (type rule 1),"stream close to a tidal body of water, possibly influenced by tides",type-v1,"KEPT as tidal_stream (human review), but this reach is marked tidal. Tidally influenced?","Muddy Creek at Hwy 42 near Oak Grove, LA",tidal_stream,human_review,nhd_tidal,conflict_tidal,ok,25.14,USGS
161,USGS:07380107,tidal_stream,auto (type rule 1),"stream close to a tidal body of water, possibly influenced by tides",type-v1,"KEPT as tidal_stream (human review), but this reach is marked tidal. Tidally influenced?","Muddy Creek at Manchac Acres Rd near Oak Grove, LA",tidal_stream,human_review,nhd_tidal,conflict_tidal,ok,44.04,USGS
162,USGS:07380120,tidal_stream,auto (type rule 1),"stream close to a tidal body of water, possibly influenced by tides",type-v1,"KEPT as tidal_stream (human review), but this reach is marked tidal. Tidally influenced?","Amite River at Port Vincent, LA",tidal_stream,human_review,nhd_tidal,conflict_tidal,ok,2.56,USGS
163,USGS:07380126,tidal_stream,auto (type rule 1),"stream close to a tidal body of water, possibly influenced by tides",type-v1,"KEPT as tidal_stream (human review), but this reach is marked tidal. Tidally influenced?","Henderson Bayou near Port Vincent, LA",tidal_stream,human_review,nhd_tidal,conflict_tidal,ok,10.66,USGS
164,USGS:07380127,tidal_stream,auto (type rule 1),"stream close to a tidal body of water, possibly influenced by tides",type-v1,"KEPT as tidal_stream (human review), but this reach is marked tidal. Tidally influenced?","Henderson Bayou Pump Station near Port Vincent, LA",tidal_stream,human_review,nhd_tidal,conflict_tidal,ok,103.22,USGS
165,USGS:07380185,tidal_stream,auto (type rule 1),"stream close to a tidal body of water, possibly influenced by tides",type-v1,"KEPT as tidal_stream (human review), but this reach is marked tidal. Tidally influenced?","W Colyell Cr. at Joe May Rd near Port Vincent, LA",tidal_stream,human_review,nhd_tidal,conflict_tidal,ok,11.32,USGS
166,USGS:07380200,tidal_stream,auto (type rule 1),"stream close to a tidal body of water, possibly influenced by tides",type-v1,"KEPT as tidal_stream (human review), but this reach is marked tidal. Tidally influenced?","Amite River near French Settlement, LA",tidal_stream,human_review,nhd_tidal,conflict_tidal,ok,16.65,USGS
167,USGS:07380210,tidal_stream,auto (type rule 1),"stream close to a tidal body of water, possibly influenced by tides",type-v1,"KEPT as tidal_stream (human review), but this reach is marked tidal. Tidally influenced?","Amite River Diversion south of Whitehall, LA",tidal_stream,human_review,nhd_tidal,conflict_tidal,ok,54.35,USGS
168,USGS:07380212,canal,auto (type rule 3),tidal-marked reach; tidal influence does not retype this site,type-v1,"KEPT as canal (human review), but this reach is marked tidal. Tidally influenced?","Airline Canal at Blind River near Gramercy, LA",canal,human_review,nhd_tidal,conflict_tidal,ok,23.23,USGS
169,USGS:07380215,tidal_stream,auto (type rule 1),"stream close to a tidal body of water, possibly influenced by tides",type-v1,"KEPT as tidal_stream (human review), but this reach is marked tidal. Tidally influenced?","Amite River at Hwy 22 near Maurepas, LA",tidal_stream,human_review,nhd_tidal,conflict_tidal,ok,11.83,USGS
170,USGS:073802220,tidal_stream,auto (type rule 1),"stream close to a tidal body of water, possibly influenced by tides",type-v1,"KEPT as tidal_stream (human review), but this reach is marked tidal. Tidally influenced?","Panama Canal at Hwy 44 near Gonzales, LA",tidal_stream,human_review,nhd_tidal,conflict_tidal,far,1857.61,USGS
171,USGS:073802225,tidal_stream,auto (type rule 1),"stream close to a tidal body of water, possibly influenced by tides",type-v1,"KEPT as tidal_stream (human review), but this reach is marked tidal. Tidally influenced?","Bayou Conway near Sorrento, LA",tidal_stream,human_review,nhd_tidal,conflict_tidal,ok,64.08,USGS
172,USGS:0738022295,tidal_stream,auto (type rule 1),"stream close to a tidal body of water, possibly influenced by tides",type-v1,"KEPT as tidal_stream (human review), but this reach is marked tidal. Tidally influenced?","Grand Goudine at Babin Rd Near Duplessis, LA",tidal_stream,human_review,nhd_tidal,conflict_tidal,ok,7.08,USGS
173,USGS:0738022395,tidal_stream,auto (type rule 1),"stream close to a tidal body of water, possibly influenced by tides",type-v1,"KEPT as tidal_stream (human review), but this reach is marked tidal. Tidally influenced?","Black Bayou at Hwy 621 near Prairieville, LA",tidal_stream,human_review,nhd_tidal,conflict_tidal,ok,42.89,USGS
174,USGS:073802245,tidal_stream,auto (type rule 1),"stream close to a tidal body of water, possibly influenced by tides",type-v1,"KEPT as tidal_stream (human review), but this reach is marked tidal. Tidally influenced?","Black Bayou E of Gonzales, LA",tidal_stream,human_review,nhd_tidal,conflict_tidal,ok,22.96,USGS
175,USGS:073802273,tidal_stream,auto (type rule 1),"stream close to a tidal body of water, possibly influenced by tides",type-v1,"KEPT as tidal_stream (human review), but this reach is marked tidal. Tidally influenced?","Bayou Francois at Hwy 61 Near Gonzales, LA",tidal_stream,human_review,nhd_tidal,conflict_tidal,ok,121.25,USGS
176,USGS:073802282,tidal_stream,auto (type rule 1),"stream close to a tidal body of water, possibly influenced by tides",type-v1,"KEPT as tidal_stream (human review), but this reach is marked tidal. Tidally influenced?","New River Canal near Sorrento, LA",tidal_stream,human_review,nhd_tidal,conflict_tidal,ok,44.32,USGS
177,USGS:073802332,tidal_stream,auto (type rule 1),"stream close to a tidal body of water, possibly influenced by tides",type-v1,"KEPT as tidal_stream (human review), but this reach is marked tidal. Tidally influenced?",Inner Harbor Navigation Canal nr Seabrook bridge,tidal_stream,human_review,nhd_tidal,conflict_tidal,ok,5.6,USGS
178,USGS:073802339,tidal_stream,auto (type rule 1),"stream close to a tidal body of water, possibly influenced by tides",type-v1,"KEPT as tidal_stream (human review), but this reach is marked tidal. Tidally influenced?","GIWW East Storm Surge Barrier at New Orleans, LA",tidal_stream,human_review,nhd_tidal,conflict_tidal,ok,54.09,USGS
179,USGS:073802375,lake,auto (type rule 2),lake on a tidally-marked reach; the lake type stands,type-v1,"KEPT as lake (human review), but this reach is marked tidal. Tidally influenced?","Lake Salvador near Lafitte, LA",lake,human_review,nhd_tidal,conflict_tidal,ok,220.46,USGS
180,USGS:07380238,tidal_stream,auto (type rule 1),"stream close to a tidal body of water, possibly influenced by tides",type-v1,"KEPT as tidal_stream (human review), but this reach is marked tidal. Tidally influenced?","Naomi Diversion Canal near Naomi, LA",tidal_stream,human_review,nhd_tidal,conflict_tidal,far,1151.09,USGS
181,USGS:07380255,tidal_stream,auto (type rule 1),"stream close to a tidal body of water, possibly influenced by tides",type-v1,"KEPT as tidal_stream (human review), but this reach is marked tidal. Tidally influenced?","Bayou Dupont nr Round Lake S of Myrtle Grove, LA",tidal_stream,human_review,nhd_tidal,conflict_tidal,ok,142.83,USGS
182,USGS:07380335,lake,auto (type rule 2),lake on a tidally-marked reach; the lake type stands,type-v1,"KEPT as lake (human review), but this reach is marked tidal. Tidally influenced?","Little Lake Near Cutoff, LA",lake,human_review,nhd_tidal,conflict_tidal,far,1315.81,USGS
183,USGS:07380400,tidal_stream,auto (type rule 1),"stream close to a tidal body of water, possibly influenced by tides",type-v1,"KEPT as tidal_stream (human review), but this reach is marked tidal. Tidally influenced?","Bayou Lafourche at Donaldsonville, LA",tidal_stream,human_review,nhd_tidal,conflict_tidal,ok,3.34,USGS
184,USGS:07380401,tidal_stream,auto (type rule 1),"stream close to a tidal body of water, possibly influenced by tides",type-v1,"KEPT as tidal_stream (human review), but this reach is marked tidal. Tidally influenced?","Bayou Lafourche SW of Donaldsonville, LA",tidal_stream,human_review,nhd_tidal,conflict_tidal,ok,11.01,USGS
185,USGS:07380500,tidal_stream,auto (type rule 1),"stream close to a tidal body of water, possibly influenced by tides",type-v1,"KEPT as tidal_stream (human review), but this reach is marked tidal. Tidally influenced?","Bayou Lafourche at Napoleonville, LA",tidal_stream,human_review,nhd_tidal,conflict_tidal,ok,24.01,USGS
186,USGS:07381000,tidal_stream,auto (type rule 1),"stream close to a tidal body of water, possibly influenced by tides",type-v1,"KEPT as tidal_stream (human review), but this reach is marked tidal. Tidally influenced?","Bayou Lafourche at Thibodaux, LA",tidal_stream,human_review,nhd_tidal,conflict_tidal,ok,5.28,USGS
187,USGS:07381002,tidal_stream,auto (type rule 1),"stream close to a tidal body of water, possibly influenced by tides",type-v1,"KEPT as tidal_stream (human review), but this reach is marked tidal. Tidally influenced?","Bayou Lafourche below weir at Thibodaux, LA",tidal_stream,human_review,nhd_tidal,conflict_tidal,ok,31.69,USGS
188,USGS:07381150,tidal_stream,auto (type rule 1),"stream close to a tidal body of water, possibly influenced by tides",type-v1,"KEPT as tidal_stream (human review), but this reach is marked tidal. Tidally influenced?","Bayou Lafourche at Lockport, LA",tidal_stream,human_review,nhd_tidal,conflict_tidal,ok,26.93,USGS
189,USGS:07381235,tidal_stream,auto (type rule 1),"stream close to a tidal body of water, possibly influenced by tides",type-v1,"KEPT as tidal_stream (human review), but this reach is marked tidal. Tidally influenced?","GIWW West of Bayou Lafourche at Larose, LA",tidal_stream,human_review,nhd_tidal,conflict_tidal,ok,36.44,USGS
190,USGS:07381331,tidal_stream,auto (type rule 1),"stream close to a tidal body of water, possibly influenced by tides",type-v1,"KEPT as tidal_stream (human review), but this reach is marked tidal. Tidally influenced?","GIWW at Houma, LA",tidal_stream,human_review,nhd_tidal,conflict_tidal,ok,27.82,USGS
191,USGS:07381350,tidal_stream,auto (type rule 1),"stream close to a tidal body of water, possibly influenced by tides",type-v1,"KEPT as tidal_stream (human review), but this reach is marked tidal. Tidally influenced?","Company Canal at Hwy 1 at Lockport, LA",tidal_stream,human_review,nhd_tidal,conflict_tidal,ok,2.08,USGS
192,USGS:07381355,tidal_stream,auto (type rule 1),"stream close to a tidal body of water, possibly influenced by tides",type-v1,"KEPT as tidal_stream (human review), but this reach is marked tidal. Tidally influenced?","Company Canal at Salt Barrier near Lockport, LA",tidal_stream,human_review,nhd_tidal,conflict_tidal,far,1970.58,USGS
193,USGS:07381412,tidal_stream,auto (type rule 1),"stream close to a tidal body of water, possibly influenced by tides",type-v1,"KEPT as tidal_stream (human review), but this reach is marked tidal. Tidally influenced?",INTRACOASTAL WATERWAY NR PORT ALLEN LA,tidal_stream,human_review,nhd_tidal,conflict_tidal,ok,11.11,USGS
194,USGS:07381427,tidal_stream,auto (type rule 1),"stream close to a tidal body of water, possibly influenced by tides",type-v1,"KEPT as tidal_stream (human review), but this reach is marked tidal. Tidally influenced?","Bayou Grosse Tete S. of I10 at Grosse Tete, LA",tidal_stream,human_review,nhd_tidal,conflict_tidal,ok,20.67,USGS
195,USGS:07381429,tidal_stream,auto (type rule 1),"stream close to a tidal body of water, possibly influenced by tides",type-v1,"KEPT as tidal_stream (human review), but this reach is marked tidal. Tidally influenced?","Choctaw Bayou at I-10 east of Grosse Tete, LA",tidal_stream,human_review,nhd_tidal,conflict_tidal,ok,65.77,USGS
196,USGS:07381450,tidal_stream,auto (type rule 1),"stream close to a tidal body of water, possibly influenced by tides",type-v1,"KEPT as tidal_stream (human review), but this reach is marked tidal. Tidally influenced?","Lower Grand River at Bayou Sorrel, LA",tidal_stream,human_review,nhd_tidal,conflict_tidal,ok,31.46,USGS
197,USGS:07381452,tidal_stream,auto (type rule 1),"stream close to a tidal body of water, possibly influenced by tides",type-v1,"KEPT as tidal_stream (human review), but this reach is marked tidal. Tidally influenced?","Choctaw Bayou at Hwy 404 W of White Castle, LA",tidal_stream,human_review,nhd_tidal,conflict_tidal,ok,1.61,USGS
198,USGS:07381454,tidal_stream,auto (type rule 1),"stream close to a tidal body of water, possibly influenced by tides",type-v1,"KEPT as tidal_stream (human review), but this reach is marked tidal. Tidally influenced?","Belle River at Hwy 70 near Pierre Part, LA",tidal_stream,human_review,nhd_tidal,conflict_tidal,ok,14.88,USGS
199,USGS:07381460,tidal_stream,auto (type rule 1),"stream close to a tidal body of water, possibly influenced by tides",type-v1,"KEPT as tidal_stream (human review), but this reach is marked tidal. Tidally influenced?","Bayou Milhomme near Stephensville, LA",tidal_stream,human_review,nhd_tidal,conflict_tidal,far,1049.88,USGS
200,USGS:073814675,tidal_stream,auto (type rule 1),"stream close to a tidal body of water, possibly influenced by tides",type-v1,"KEPT as tidal_stream (human review), but this reach is marked tidal. Tidally influenced?","Bayou Boeuf at Railroad Bridge at Amelia, LA",tidal_stream,human_review,nhd_tidal,conflict_tidal,ok,38.42,USGS
201,USGS:07381500,tidal_stream,auto (type rule 1),"stream close to a tidal body of water, possibly influenced by tides",type-v1,"KEPT as tidal_stream (human review), but this reach is marked tidal. Tidally influenced?","Atchafalaya R @ Krotz Springs, LA",tidal_stream,human_review,nhd_tidal,conflict_tidal,ok,107.42,USGS
202,USGS:07381515,tidal_stream,auto (type rule 1),"stream close to a tidal body of water, possibly influenced by tides",type-v1,"KEPT as tidal_stream (human review), but this reach is marked tidal. Tidally influenced?","Atchafalaya River at Butte La Rose, LA",tidal_stream,human_review,nhd_tidal,conflict_tidal,ok,91.25,USGS
203,USGS:073815450,tidal_stream,auto (type rule 1),"stream close to a tidal body of water, possibly influenced by tides",type-v1,"KEPT as tidal_stream (human review), but this reach is marked tidal. Tidally influenced?","Chicot Pass near Myette Point near Charenton, LA",tidal_stream,human_review,nhd_tidal,conflict_tidal,ok,43.93,USGS
204,USGS:07381567,tidal_stream,auto (type rule 1),"stream close to a tidal body of water, possibly influenced by tides",type-v1,"KEPT as tidal_stream (human review), but this reach is marked tidal. Tidally influenced?","Buffalo Cove at Round Island near Charenton, LA",tidal_stream,human_review,nhd_tidal,conflict_tidal,ok,3.05,USGS
205,USGS:07381588,tidal_stream,auto (type rule 1),"stream close to a tidal body of water, possibly influenced by tides",type-v1,"KEPT as tidal_stream (human review), but this reach is marked tidal. Tidally influenced?","Intracoastal Waterway southwest of Pierre Part, LA",tidal_stream,human_review,nhd_tidal,conflict_tidal,ok,51.6,USGS
206,USGS:07381590,tidal_stream,auto (type rule 1),"stream close to a tidal body of water, possibly influenced by tides",type-v1,"KEPT as tidal_stream (human review), but this reach is marked tidal. Tidally influenced?","Wax Lake Outlet at Calumet, LA",tidal_stream,human_review,nhd_tidal,conflict_tidal,ok,97.14,USGS
207,USGS:073815925,tidal_stream,auto (type rule 1),"stream close to a tidal body of water, possibly influenced by tides",type-v1,"KEPT as tidal_stream (human review), but this reach is marked tidal. Tidally influenced?","Crewboat Channel at Wax Lake Outlet nr Calumet, LA",tidal_stream,human_review,nhd_tidal,conflict_tidal,ok,147.01,USGS
208,USGS:073815945,tidal_stream,auto (type rule 1),"stream close to a tidal body of water, possibly influenced by tides",type-v1,"KEPT as tidal_stream (human review), but this reach is marked tidal. Tidally influenced?","Bayou Teche E of Calumet Flood Gate at Calumet, LA",tidal_stream,human_review,nhd_tidal,conflict_tidal,ok,313.3,USGS
209,USGS:073815963,lake,auto (type rule 2),lake on a tidally-marked reach; the lake type stands,type-v1,"KEPT as lake (human review), but this reach is marked tidal. Tidally influenced?","Murphy Lake near Bayou Sorrel, LA",lake,human_review,nhd_tidal,conflict_tidal,ok,69.6,USGS
210,USGS:07381600,tidal_stream,auto (type rule 1),"stream close to a tidal body of water, possibly influenced by tides",type-v1,"KEPT as tidal_stream (human review), but this reach is marked tidal. Tidally influenced?","Lower Atchafalaya River at Morgan City, LA",tidal_stream,human_review,nhd_tidal,conflict_tidal,ok,50.76,USGS
211,USGS:073816202,tidal_stream,auto (type rule 1),"stream close to a tidal body of water, possibly influenced by tides",type-v1,"KEPT as tidal_stream (human review), but this reach is marked tidal. Tidally influenced?","GIWW at Mile 103 S of Morgan City, LA",tidal_stream,human_review,nhd_tidal,conflict_tidal,far,765.12,USGS
212,USGS:073816501,tidal_stream,auto (type rule 1),"stream close to a tidal body of water, possibly influenced by tides",type-v1,"KEPT as tidal_stream (human review), but this reach is marked tidal. Tidally influenced?","Avoca Island Cutoff south of Morgan City, LA",tidal_stream,human_review,nhd_tidal,conflict_tidal,ok,104.24,USGS
213,USGS:073816503,tidal_stream,auto (type rule 1),"stream close to a tidal body of water, possibly influenced by tides",type-v1,"KEPT as tidal_stream (human review), but this reach is marked tidal. Tidally influenced?","Bayou Penchant S of Morgan City, LA",tidal_stream,human_review,nhd_tidal,conflict_tidal,far,796.17,USGS
214,USGS:07381670,tidal_stream,auto (type rule 1),"stream close to a tidal body of water, possibly influenced by tides",type-v1,"KEPT as tidal_stream (human review), but this reach is marked tidal. Tidally influenced?","GIWW at Bayou Sale Ridge near Franklin, LA",tidal_stream,human_review,nhd_tidal,conflict_tidal,ok,36.24,USGS
215,USGS:07382500,tidal_stream,auto (type rule 1),"stream close to a tidal body of water, possibly influenced by tides",type-v1,"KEPT as tidal_stream (human review), but this reach is marked tidal. Tidally influenced?","Bayou Courtableau at Washington, LA",tidal_stream,human_review,nhd_tidal,conflict_tidal,ok,23.4,USGS
216,USGS:07385450,tidal_stream,auto (type rule 1),"stream close to a tidal body of water, possibly influenced by tides",type-v1,"KEPT as tidal_stream (human review), but this reach is marked tidal. Tidally influenced?","Bayou Teche @ Port Barre, LA.",tidal_stream,human_review,nhd_tidal,conflict_tidal,ok,8.03,USGS
217,USGS:07385500,tidal_stream,auto (type rule 1),"stream close to a tidal body of water, possibly influenced by tides",type-v1,"KEPT as tidal_stream (human review), but this reach is marked tidal. Tidally influenced?","BAYOU TECHE @ ARNAUDVILLE, LA",tidal_stream,human_review,nhd_tidal,conflict_tidal,ok,95.15,USGS
218,USGS:07385700,tidal_stream,auto (type rule 1),"stream close to a tidal body of water, possibly influenced by tides",type-v1,"KEPT as tidal_stream (human review), but this reach is marked tidal. Tidally influenced?","Bayou Teche at Keystone L&D nr St. Martinville, LA",tidal_stream,human_review,nhd_tidal,conflict_tidal,ok,40.37,USGS
219,USGS:07385702,tidal_stream,auto (type rule 1),"stream close to a tidal body of water, possibly influenced by tides",type-v1,"KEPT as tidal_stream (human review), but this reach is marked tidal. Tidally influenced?",Bayou Teche below Keystone L&D nr St. Martinville,tidal_stream,human_review,nhd_tidal,conflict_tidal,ok,28.56,USGS
220,USGS:07385765,tidal_stream,auto (type rule 1),"stream close to a tidal body of water, possibly influenced by tides",type-v1,"KEPT as tidal_stream (human review), but this reach is marked tidal. Tidally influenced?","Bayou Teche at Adeline Bridge near Jeanerette, LA",tidal_stream,human_review,nhd_tidal,conflict_tidal,ok,26.07,USGS
221,USGS:07385790,tidal_stream,auto (type rule 1),"stream close to a tidal body of water, possibly influenced by tides",type-v1,"KEPT as tidal_stream (human review), but this reach is marked tidal. Tidally influenced?","Charenton Drainage Canal at Baldwin, LA",tidal_stream,human_review,nhd_tidal,conflict_tidal,ok,40.26,USGS
222,USGS:07385820,tidal_stream,auto (type rule 1),"stream close to a tidal body of water, possibly influenced by tides",type-v1,"KEPT as tidal_stream (human review), but this reach is marked tidal. Tidally influenced?","Bayou Teche W of Calumet Flood Gate at Calumet, LA",tidal_stream,human_review,nhd_tidal,conflict_tidal,ok,136.5,USGS
223,USGS:07386190,tidal_stream,auto (type rule 1),"stream close to a tidal body of water, possibly influenced by tides",type-v1,"KEPT as tidal_stream (human review), but this reach is marked tidal. Tidally influenced?","Bayou Fusilier Abv Weir at Arnaudville, La",tidal_stream,human_review,nhd_tidal,conflict_tidal,ok,11.8,USGS
224,USGS:07386600,tidal_stream,auto (type rule 1),"stream close to a tidal body of water, possibly influenced by tides",type-v1,"KEPT as tidal_stream (human review), but this reach is marked tidal. Tidally influenced?","Vermilion River (B. Vermilion) near Carencro, LA",tidal_stream,human_review,nhd_tidal,conflict_tidal,ok,88.9,USGS
225,USGS:07386655,tidal_stream,auto (type rule 1),"stream close to a tidal body of water, possibly influenced by tides",type-v1,"KEPT as tidal_stream (human review), but this reach is marked tidal. Tidally influenced?","Vermillion Rvr N. of I-10 at Lafayette, La",tidal_stream,human_review,nhd_tidal,conflict_tidal,ok,10.78,USGS
226,USGS:07386700,tidal_stream,auto (type rule 1),"stream close to a tidal body of water, possibly influenced by tides",type-v1,"KEPT as tidal_stream (human review), but this reach is marked tidal. Tidally influenced?","Ruth Canal near Ruth, LA",tidal_stream,human_review,nhd_tidal,conflict_tidal,ok,19.24,USGS
227,USGS:07386850,tidal_stream,auto (type rule 1),"stream close to a tidal body of water, possibly influenced by tides",type-v1,"KEPT as tidal_stream (human review), but this reach is marked tidal. Tidally influenced?","Vermilion River near Lafayette, LA",tidal_stream,human_review,nhd_tidal,conflict_tidal,ok,37.69,USGS
228,USGS:07386880,tidal_stream,auto (type rule 1),"stream close to a tidal body of water, possibly influenced by tides",type-v1,"KEPT as tidal_stream (human review), but this reach is marked tidal. Tidally influenced?","Vermilion River at Surrey St. at Lafayette, LA",tidal_stream,human_review,nhd_tidal,conflict_tidal,ok,31.66,USGS
229,USGS:07386940,tidal_stream,auto (type rule 1),"stream close to a tidal body of water, possibly influenced by tides",type-v1,"KEPT as tidal_stream (human review), but this reach is marked tidal. Tidally influenced?","Vermilion River at Hwy 733 near Lafayette, LA",tidal_stream,human_review,nhd_tidal,conflict_tidal,ok,26.55,USGS
230,USGS:07386956,tidal_stream,auto (type rule 1),"stream close to a tidal body of water, possibly influenced by tides",type-v1,"KEPT as tidal_stream (human review), but this reach is marked tidal. Tidally influenced?","Vermilion River at Hwy 92 at Milton, LA",tidal_stream,human_review,nhd_tidal,conflict_tidal,ok,24.82,USGS
231,USGS:07386962,tidal_stream,auto (type rule 1),"stream close to a tidal body of water, possibly influenced by tides",type-v1,"KEPT as tidal_stream (human review), but this reach is marked tidal. Tidally influenced?","Vermilion River at Woodlawn, LA",tidal_stream,human_review,nhd_tidal,conflict_tidal,ok,10.59,USGS
232,USGS:07386980,tidal_stream,auto (type rule 1),"stream close to a tidal body of water, possibly influenced by tides",type-v1,"KEPT as tidal_stream (human review), but this reach is marked tidal. Tidally influenced?","Vermilion River at Perry, LA",tidal_stream,human_review,nhd_tidal,conflict_tidal,ok,45.44,USGS
233,USGS:07387040,lake,auto (type rule 2),lake on a tidally-marked reach; the lake type stands,type-v1,"KEPT as lake (human review), but this reach is marked tidal. Tidally influenced?","Vermilion Bay near Cypremort Point, LA",lake,human_review,nhd_tidal,conflict_tidal,ok,18.34,USGS
234,USGS:292859090004000,tidal_stream,auto (type rule 1),"stream close to a tidal body of water, possibly influenced by tides",type-v1,"KEPT as tidal_stream (human review), but this reach is marked tidal. Tidally influenced?","Barataria Waterway S of Lafitte, LA",tidal_stream,human_review,nhd_tidal,conflict_tidal,ok,27.74,USGS
235,USGS:292952089453800,wetland_outflow,auto (type rule 3),tidal-marked reach; tidal influence does not retype this site,type-v1,"KEPT as wetland_outflow (human review), but this reach is marked tidal. Tidally influenced?",CRMS0282-H01-RT,wetland_outflow,human_review,nhd_tidal,conflict_tidal,ok,171.88,USGS
236,USGS:292952090565300,wetland_outflow,auto (type rule 3),tidal-marked reach; tidal influence does not retype this site,type-v1,"KEPT as wetland_outflow (human review), but this reach is marked tidal. Tidally influenced?",CRMS0411-H01-RT,wetland_outflow,human_review,nhd_tidal,conflict_tidal,far,6717.72,USGS
237,USGS:293229091230800,wetland_outflow,auto (type rule 3),tidal-marked reach; tidal influence does not retype this site,type-v1,"KEPT as wetland_outflow (human review), but this reach is marked tidal. Tidally influenced?",CRMS0465-H01-RT,wetland_outflow,human_review,nhd_tidal,conflict_tidal,ok,1.26,USGS
238,USGS:294736091164200,tidal_stream,auto (type rule 1),"stream close to a tidal body of water, possibly influenced by tides",type-v1,"KEPT as tidal_stream (human review), but this reach is marked tidal. Tidally influenced?",American Pass at Little Bayou Sorrel,tidal_stream,human_review,nhd_tidal,conflict_tidal,ok,65.16,USGS
239,USGS:295011091184300,tidal_stream,auto (type rule 1),"stream close to a tidal body of water, possibly influenced by tides",type-v1,"KEPT as tidal_stream (human review), but this reach is marked tidal. Tidally influenced?","Little Bayou Long North of Duck Lake, LA",tidal_stream,human_review,nhd_tidal,conflict_tidal,ok,4.28,USGS
240,USGS:2951190901217,lake,auto (type rule 2),lake on a tidally-marked reach; the lake type stands,type-v1,"KEPT as lake (human review), but this reach is marked tidal. Tidally influenced?","L. Cataouatche at Whiskey Canal S of Waggaman, LA",lake,human_review,nhd_tidal,conflict_tidal,far,2811.64,USGS
241,USGS:295124089542100,tidal_stream,auto (type rule 1),"stream close to a tidal body of water, possibly influenced by tides",type-v1,"KEPT as tidal_stream (human review), but this reach is marked tidal. Tidally influenced?","Caernarvon Outfall Channel at Caernarvon, LA",tidal_stream,human_review,nhd_tidal,conflict_tidal,far,1683.3,USGS
242,USGS:295447091191500,tidal_stream,auto (type rule 1),"stream close to a tidal body of water, possibly influenced by tides",type-v1,"KEPT as tidal_stream (human review), but this reach is marked tidal. Tidally influenced?",Middle Fork Bayou Long at Bayou Long,tidal_stream,human_review,nhd_tidal,conflict_tidal,far,2779.03,USGS
243,USGS:295501090190400,tidal_stream,auto (type rule 1),"stream close to a tidal body of water, possibly influenced by tides",type-v1,"KEPT as tidal_stream (human review), but this reach is marked tidal. Tidally influenced?","Davis Pond Freshwater Diversion near Boutte, LA",tidal_stream,human_review,nhd_tidal,conflict_tidal,far,2155.17,USGS
244,USGS:295827090052800,canal,auto (type rule 3),tidal-marked reach; tidal influence does not retype this site,type-v1,"KEPT as canal (human review), but this reach is marked tidal. Tidally influenced?","Bayou Saint John Southlake at New Orleans ,LA",canal,human_review,nhd_tidal,conflict_tidal,far,3751.63,USGS
245,USGS:295906090054200,canal,auto (type rule 3),tidal-marked reach; tidal influence does not retype this site,type-v1,"KEPT as canal (human review), but this reach is marked tidal. Tidally influenced?","City Park South Lagoon at New Orleans, LA",canal,human_review,nhd_tidal,conflict_tidal,far,2760.95,USGS
246,USGS:300127090045800,canal,auto (type rule 3),tidal-marked reach; tidal influence does not retype this site,type-v1,"KEPT as canal (human review), but this reach is marked tidal. Tidally influenced?","Bayou Saint John inside gate at New Orleans, LA",canal,human_review,nhd_tidal,conflict_tidal,ok,366.44,USGS
247,USGS:300128090045800,canal,auto (type rule 3),tidal-marked reach; tidal influence does not retype this site,type-v1,"KEPT as canal (human review), but this reach is marked tidal. Tidally influenced?","Bayou Saint John outside gate at New Orleans, LA",canal,human_review,nhd_tidal,conflict_tidal,ok,335.65,USGS
248,USGS:300138090064700,lake,auto (type rule 2),lake on a tidally-marked reach; the lake type stands,type-v1,"KEPT as lake (human review), but this reach is marked tidal. Tidally influenced?","New Canal Lighthouse at New Orleans, LA",lake,human_review,nhd_tidal,conflict_tidal,far,1562.88,USGS
249,USGS:300312091320000,lake,auto (type rule 2),lake on a tidally-marked reach; the lake type stands,type-v1,"KEPT as lake (human review), but this reach is marked tidal. Tidally influenced?",Arm of Grand Lake near Crook Chene Cove,lake,human_review,nhd_tidal,conflict_tidal,ok,5.61,USGS
250,USGS:300507091355600,tidal_stream,auto (type rule 1),"stream close to a tidal body of water, possibly influenced by tides",type-v1,"KEPT as tidal_stream (human review), but this reach is marked tidal. Tidally influenced?",Bayou Darby near Lake Fausse Point Cut,tidal_stream,human_review,nhd_tidal,conflict_tidal,ok,8.08,USGS
251,USGS:300602090375100,wetland_outflow,auto (type rule 3),tidal-marked reach; tidal influence does not retype this site,type-v1,"KEPT as wetland_outflow (human review), but this reach is marked tidal. Tidally influenced?",CRMS5373-H01-RT,wetland_outflow,human_review,nhd_tidal,conflict_tidal,ok,59.99,USGS
252,USGS:300740090382500,wetland_outflow,auto (type rule 3),tidal-marked reach; tidal influence does not retype this site,type-v1,"KEPT as wetland_outflow (human review), but this reach is marked tidal. Tidally influenced?","Maurepas Swamp nr Hope Canal, N of Garyville, La",wetland_outflow,human_review,nhd_tidal,conflict_tidal,ok,46.27,USGS
253,USGS:301141089320300,tidal_stream,auto (type rule 1),"stream close to a tidal body of water, possibly influenced by tides",type-v1,"KEPT as tidal_stream (human review), but this reach is marked tidal. Tidally influenced?","EAST PEARL RIVER AT CSX RAILROAD NR CLAIBORNE, MS",tidal_stream,human_review,nhd_tidal,conflict_tidal,ok,20.84,USGS
254,USGS:301200090072400,lake,auto (type rule 2),lake on a tidally-marked reach; the lake type stands,type-v1,"KEPT as lake (human review), but this reach is marked tidal. Tidally influenced?","L Pontchartrain at Crossover 4 near Mandeville, LA",lake,human_review,nhd_tidal,conflict_tidal,far,882.46,USGS
255,USGS:301324090382400,wetland_outflow,auto (type rule 3),tidal-marked reach; tidal influence does not retype this site,type-v1,"KEPT as wetland_outflow (human review), but this reach is marked tidal. Tidally influenced?",CRMS0061-H01-RT,wetland_outflow,human_review,nhd_tidal,conflict_tidal,ok,91.66,USGS
256,USGS:301655091440800,tidal_stream,auto (type rule 1),"stream close to a tidal body of water, possibly influenced by tides",type-v1,"KEPT as tidal_stream (human review), but this reach is marked tidal. Tidally influenced?","Pontoon Bridge Canal near Butte Larose, LA",tidal_stream,human_review,nhd_tidal,conflict_tidal,ok,0.84,USGS
257,USGS:302020091435700,lake,auto (type rule 2),lake on a tidally-marked reach; the lake type stands,type-v1,"KEPT as lake (human review), but this reach is marked tidal. Tidally influenced?","Lake Pelba at I-10 near Henderson, LA",lake,human_review,nhd_tidal,conflict_tidal,ok,41.71,USGS
258,USGS:302320091465900,tidal_stream,auto (type rule 1),"stream close to a tidal body of water, possibly influenced by tides",type-v1,"KEPT as tidal_stream (human review), but this reach is marked tidal. Tidally influenced?","Bayou Fusilier of The Swamps near Henderson, LA",tidal_stream,human_review,nhd_tidal,conflict_tidal,ok,72.14,USGS
259,USGS:380457075122302,well,auto (type rule 3),tidal-marked reach; tidal influence does not retype this site,type-v1,"KEPT as well (human review), but this reach is marked tidal. Tidally influenced?",WO Ff 12,well,human_review,nhd_tidal,conflict_tidal,ok,370.35,USGS
260,USGS:380512075125402,well,auto (type rule 3),tidal-marked reach; tidal influence does not retype this site,type-v1,"KEPT as well (human review), but this reach is marked tidal. Tidally influenced?",WO Ef 37,well,human_review,nhd_tidal,conflict_tidal,ok,354.5,USGS
261,USGS:380527075124101,well,auto (type rule 3),tidal-marked reach; tidal influence does not retype this site,type-v1,"KEPT as well (human review), but this reach is marked tidal. Tidally influenced?",WO Ef  42,well,human_review,nhd_tidal,conflict_tidal,ok,269.57,USGS
262,USGS:380527075124102,well,auto (type rule 3),tidal-marked reach; tidal influence does not retype this site,type-v1,"KEPT as well (human review), but this reach is marked tidal. Tidally influenced?",WO Ef  43,well,human_review,nhd_tidal,conflict_tidal,ok,269.57,USGS
263,USGS:380528075124301,well,auto (type rule 3),tidal-marked reach; tidal influence does not retype this site,type-v1,"KEPT as well (human review), but this reach is marked tidal. Tidally influenced?",WO Ef  41,well,human_review,nhd_tidal,conflict_tidal,ok,215.35,USGS
264,USGS:381804075063402,well,auto (type rule 3),tidal-marked reach; tidal influence does not retype this site,type-v1,"KEPT as well (human review), but this reach is marked tidal. Tidally influenced?",WO Cg 103,well,human_review,nhd_tidal,conflict_tidal,ok,193.38,USGS
265,USGS:381805075063502,well,auto (type rule 3),tidal-marked reach; tidal influence does not retype this site,type-v1,"KEPT as well (human review), but this reach is marked tidal. Tidally influenced?",WO Cg 101,well,human_review,nhd_tidal,conflict_tidal,ok,174.36,USGS
266,USGS:381806075063201,well,auto (type rule 3),tidal-marked reach; tidal influence does not retype this site,type-v1,"KEPT as well (human review), but this reach is marked tidal. Tidally influenced?",WO Cg 105,well,human_review,nhd_tidal,conflict_tidal,ok,136.36,USGS
267,USGS:381806075063301,well,auto (type rule 3),tidal-marked reach; tidal influence does not retype this site,type-v1,"KEPT as well (human review), but this reach is marked tidal. Tidally influenced?",WO Cg 106,well,human_review,nhd_tidal,conflict_tidal,ok,183.26,USGS
268,USGS:381922076043001,well,auto (type rule 3),tidal-marked reach; tidal influence does not retype this site,type-v1,"KEPT as well (human review), but this reach is marked tidal. Tidally influenced?",DO Fe  44,well,human_review,nhd_tidal,conflict_tidal,ok,416.06,USGS
269,USGS:381922076043002,well,auto (type rule 3),tidal-marked reach; tidal influence does not retype this site,type-v1,"KEPT as well (human review), but this reach is marked tidal. Tidally influenced?",DO Fe  45,well,human_review,nhd_tidal,conflict_tidal,ok,415.77,USGS
270,USGS:384526075091601,well,auto (type rule 3),tidal-marked reach; tidal influence does not retype this site,type-v1,"KEPT as well (human review), but this reach is marked tidal. Tidally influenced?",Ni51-32,well,human_review,nhd_tidal,conflict_tidal,ok,146.49,USGS
271,USGS:384637075153201,well,auto (type rule 3),tidal-marked reach; tidal influence does not retype this site,type-v1,"KEPT as well (human review), but this reach is marked tidal. Tidally influenced?",Ng45-02,well,human_review,nhd_tidal,conflict_tidal,ok,84.3,USGS
272,USGS:390425074544601,well,auto (type rule 3),tidal-marked reach; tidal influence does not retype this site,type-v1,"KEPT as well (human review), but this reach is marked tidal. Tidally influenced?",090089-- Oyster Lab 4 Obs,well,human_review,nhd_tidal,conflict_tidal,ok,23.35,USGS
273,USGS:393340075272201,well,auto (type rule 3),tidal-marked reach; tidal influence does not retype this site,type-v1,"KEPT as well (human review), but this reach is marked tidal. Tidally influenced?",331226-- Obs 7,well,human_review,nhd_tidal,conflict_tidal,ok,206.33,USGS
274,USGS:394808075172403,well,auto (type rule 3),tidal-marked reach; tidal influence does not retype this site,type-v1,"KEPT as well (human review), but this reach is marked tidal. Tidally influenced?",150727-- Swedesboro Rd 3 Obs,well,human_review,nhd_tidal,conflict_tidal,ok,33.34,USGS
275,USGS:395206075111801,well,auto (type rule 3),tidal-marked reach; tidal influence does not retype this site,type-v1,"KEPT as well (human review), but this reach is marked tidal. Tidally influenced?",150772-- National Park 3-OW-Al,well,human_review,nhd_tidal,conflict_tidal,far,725.41,USGS
276,USGS:395902075032501,well,auto (type rule 3),tidal-marked reach; tidal influence does not retype this site,type-v1,"KEPT as well (human review), but this reach is marked tidal. Tidally influenced?",070539-- TW-6-79,well,human_review,nhd_tidal,conflict_tidal,far,685.05,USGS
277,USGS:401330074001201,lake,auto (type rule 2),lake on a tidally-marked reach; the lake type stands,type-v1,"KEPT as lake (human review), but this reach is marked tidal. Tidally influenced?",Sunset Lake east of Heck St at Asbury Park NJ,lake,human_review,nhd_tidal,conflict_tidal,ok,460.15,USGS
278,USGS:401336074002901,lake,auto (type rule 2),lake on a tidally-marked reach; the lake type stands,type-v1,"KEPT as lake (human review), but this reach is marked tidal. Tidally influenced?",Sunset Lake outlet at Bond St at Asbury Park NJ,lake,human_review,nhd_tidal,conflict_tidal,far,894.69,USGS
279,USGS:401345074010601,lake,auto (type rule 2),lake on a tidally-marked reach; the lake type stands,type-v1,"KEPT as lake (human review), but this reach is marked tidal. Tidally influenced?",Deal Lake at Sunset Ave at Asbury Park NJ,lake,human_review,nhd_tidal,conflict_tidal,far,1725.75,USGS
280,USGS:401347074003501,lake,auto (type rule 2),lake on a tidally-marked reach; the lake type stands,type-v1,"KEPT as lake (human review), but this reach is marked tidal. Tidally influenced?",Deal lake at Railroad Bridge at Asbury Park NJ,lake,human_review,nhd_tidal,conflict_tidal,far,1107.99,USGS
281,USGS:401349074000601,lake,auto (type rule 2),lake on a tidally-marked reach; the lake type stands,type-v1,"KEPT as lake (human review), but this reach is marked tidal. Tidally influenced?",Deal lake DS of Park Ave at Asbury Park NJ,lake,human_review,nhd_tidal,conflict_tidal,ok,438.34,USGS
282,USGS:401350073595201,lake,auto (type rule 2),lake on a tidally-marked reach; the lake type stands,type-v1,"KEPT as lake (human review), but this reach is marked tidal. Tidally influenced?",Deal Lake at Flume House at Asbury Park NJ,lake,human_review,nhd_tidal,conflict_tidal,ok,111.2,USGS
283,USGS:401352074002701,lake,auto (type rule 2),lake on a tidally-marked reach; the lake type stands,type-v1,"KEPT as lake (human review), but this reach is marked tidal. Tidally influenced?",Deal Lake 150 ft east of Main St at Interlaken NJ,lake,human_review,nhd_tidal,conflict_tidal,far,942.1,USGS
284,USGS:402548073592301,well,auto (type rule 3),tidal-marked reach; tidal influence does not retype this site,type-v1,"KEPT as well (human review), but this reach is marked tidal. Tidally influenced?",251236-- GWW31,well,human_review,nhd_tidal,conflict_tidal,far,666.36,USGS
285,USGS:402548073592302,well,auto (type rule 3),tidal-marked reach; tidal influence does not retype this site,type-v1,"KEPT as well (human review), but this reach is marked tidal. Tidally influenced?",251237-- GWW32,well,human_review,nhd_tidal,conflict_tidal,far,649.13,USGS
286,USGS:402548073592303,well,auto (type rule 3),tidal-marked reach; tidal influence does not retype this site,type-v1,"KEPT as well (human review), but this reach is marked tidal. Tidally influenced?",251238-- GWW33,well,human_review,nhd_tidal,conflict_tidal,far,640.75,USGS
287,USGS:402548073592304,well,auto (type rule 3),tidal-marked reach; tidal influence does not retype this site,type-v1,"KEPT as well (human review), but this reach is marked tidal. Tidally influenced?",251239-- GWW34,well,human_review,nhd_tidal,conflict_tidal,far,640.75,USGS
288,USGS:403921073064801,well,auto (type rule 3),tidal-marked reach; tidal influence does not retype this site,type-v1,"KEPT as well (human review), but this reach is marked tidal. Tidally influenced?",Fire Island Sunken Forest Middle Well,well,human_review,nhd_tidal,conflict_tidal,far,5668.63,USGS
289,USGS:403921073070401,well,auto (type rule 3),tidal-marked reach; tidal influence does not retype this site,type-v1,"KEPT as well (human review), but this reach is marked tidal. Tidally influenced?",Fire Island Sunken Forest Inland Well 1,well,human_review,nhd_tidal,conflict_tidal,far,5712.14,USGS
290,USGS:403922073064401,well,auto (type rule 3),tidal-marked reach; tidal influence does not retype this site,type-v1,"KEPT as well (human review), but this reach is marked tidal. Tidally influenced?",Fire Island Sunken Forest Marsh Well,well,human_review,nhd_tidal,conflict_tidal,far,5711.63,USGS
291,USGS:403922073064402,well,auto (type rule 3),tidal-marked reach; tidal influence does not retype this site,type-v1,"KEPT as well (human review), but this reach is marked tidal. Tidally influenced?",Fire Island Sunken Forest Deep Well,well,human_review,nhd_tidal,conflict_tidal,far,5705.42,USGS
292,USGS:404028073384601,lake,auto (type rule 2),lake on a tidally-marked reach; the lake type stands,type-v1,"KEPT as lake (human review), but this reach is marked tidal. Tidally influenced?","Hempstead Lake Buoy at Lakeview, NY",lake,human_review,nhd_tidal,conflict_tidal,ok,474.01,USGS
293,USGS:410254072275201,lake,auto (type rule 2),lake on a tidally-marked reach; the lake type stands,type-v1,"KEPT as lake (human review), but this reach is marked tidal. Tidally influenced?",RECHARGE BASIN AT MILL LANE AT PECONIC NY,lake,human_review,nhd_tidal,conflict_tidal,ok,449.69,USGS
294,USGS:411420073012101,storm_drain,auto (type rule 3),tidal-marked reach; tidal influence does not retype this site,type-v1,"KEPT as storm_drain (human review), but this reach is marked tidal. Tidally influenced?","CT-I-95 STA 338 SB MILFORD, CT",storm_drain,human_review,nhd_tidal,conflict_tidal,ok,408.83,USGS
295,USGS:413704087153501,lake,auto (type rule 2),lake on a tidally-marked reach; the lake type stands,type-v1,"KEPT as lake (human review), but this reach is marked tidal. Tidally influenced?","GRAND CALUMET LAGOON AT MARQUETTE PARK AT GARY, IN",lake,human_review,nhd_tidal,conflict_tidal,ok,274.42,USGS
296,USGS:413721087235801,well,auto (type rule 3),tidal-marked reach; tidal influence does not retype this site,type-v1,"KEPT as well (human review), but this reach is marked tidal. Tidally influenced?","USGS WELL C4 AT CLARK AND PINE NP NEAR GARY, IN",well,human_review,nhd_tidal,conflict_tidal,far,1540.98,USGS
297,USGS:414340087313901,tidal_stream,auto (type rule 1),"stream close to a tidal body of water, possibly influenced by tides",type-v1,"KEPT as tidal_stream (human review), but this reach is marked tidal. Tidally influenced?","CALUMET HARBOR DISPOSAL FACILITY AT CHICAGO, IL",tidal_stream,human_review,nhd_tidal,conflict_tidal,ok,29.29,USGS
298,USGS:422302071083801,lake,auto (type rule 2),lake on a tidally-marked reach; the lake type stands,type-v1,"KEPT as lake (human review), but this reach is marked tidal. Tidally influenced?","FRESH POND IN GATE HOUSE AT CAMBRIDGE, MA",lake,human_review,nhd_tidal,conflict_tidal,far,1468.56,USGS
299,USGS:422303071084301,lake,auto (type rule 2),lake on a tidally-marked reach; the lake type stands,type-v1,"KEPT as lake (human review), but this reach is marked tidal. Tidally influenced?","FRESH POND BUOY, NEAR INTAKE AT CAMBRIDGE, MA",lake,human_review,nhd_tidal,conflict_tidal,far,1428.87,USGS
300,IWQIS:WQS0052,stream,isaac,,type-v1,DECIDED as stream by review. The evidence that raised it is settled; change it here to revisit.,McLoud Run at Cedar Rapids (52MRCR),stream,human_review,,reviewed,far,1993.41,IWQIS
301,IWQIS:WQS0061,stream,isaac,,type-v1,DECIDED as stream by review. The evidence that raised it is settled; change it here to revisit.,Soldier River at Pisgah (61SRP),stream,human_review,,reviewed,ok,4.75,IWQIS
302,USGS:01460378,stream,isaac,,type-v1,DECIDED as stream by review. The evidence that raised it is settled; change it here to revisit.,D&R Ca feeder US of gate at Washington Crossing NJ,stream,human_review,,reviewed,ok,188.53,USGS
303,USGS:01460380,stream,isaac,,type-v1,DECIDED as stream by review. The evidence that raised it is settled; change it here to revisit.,Del and Rar Ca feeder at Washington Crossing NJ,stream,human_review,,reviewed,ok,188.58,USGS
304,USGS:0167889257,storm_drain,isaac,,type-v1,DECIDED as storm_drain by review. The evidence that raised it is settled; change it here to revisit.,"STORM DRAIN WEST OF GARRETT DRIVE AT HAMPTON, VA",storm_drain,human_review,,reviewed,far,795.31,USGS
305,USGS:06608500,stream,isaac,,type-v1,DECIDED as stream by review. The evidence that raised it is settled; change it here to revisit.,"Soldier River at Pisgah, IA",stream,human_review,,reviewed,ok,66.85,USGS
306,USGS:300009090051600,pond,isaac,,type-v1,DECIDED as pond by review. The evidence that raised it is settled; change it here to revisit.,"City Park East Lagoon at New Orleans, LA",pond,human_review,,reviewed,far,2582.73,USGS
307,USGS:300026090050800,lake,isaac,,type-v1,DECIDED as lake by review. The evidence that raised it is settled; change it here to revisit.,"Bayou Saint John Midlake at New Orleans, LA",lake,human_review,,reviewed,far,2788.39,USGS
308,USGS:300034090055300,pond,isaac,,type-v1,DECIDED as pond by review. The evidence that raised it is settled; change it here to revisit.,"City Park West Lagoon at New Orleans, LA",pond,human_review,,reviewed,far,2159.8,USGS
309,USGS:412932071124701,estuary,isaac,,type-v1,DECIDED as estuary by review. The evidence that raised it is settled; change it here to revisit.,"SAKONNET RIVER NEAR CHURCH POINT, RI",estuary,human_review,,reviewed,far,1164.26,USGS
310,USGS:413252071131501,estuary,isaac,,type-v1,DECIDED as estuary by review. The evidence that raised it is settled; change it here to revisit.,"SAKONNET RIVER NEAR FOGLAND BEACH, RI",estuary,human_review,,reviewed,far,1240.2,USGS
311,USGS:413611087200901,storm_drain,isaac,,type-v1,DECIDED as storm_drain by review. The evidence that raised it is settled; change it here to revisit.,"CITY HALL SOUTHEAST FLUME AT GARY, IN",storm_drain,human_review,,reviewed,far,521.86,USGS
312,USGS:413611087201001,storm_drain,isaac,,type-v1,DECIDED as storm_drain by review. The evidence that raised it is settled; change it here to revisit.,"CITY HALL NORTH FLUME AT GARY, IN",storm_drain,human_review,,reviewed,far,522.45,USGS
313,USGS:413611087201002,storm_drain,isaac,,type-v1,DECIDED as storm_drain by review. The evidence that raised it is settled; change it here to revisit.,"CITY HALL SOUTH FLUME AT GARY, IN",storm_drain,human_review,,reviewed,far,522.45,USGS
314,USGS:413611087201101,storm_drain,isaac,,type-v1,DECIDED as storm_drain by review. The evidence that raised it is settled; change it here to revisit.,"CITY HALL WEST FLUME AT GARY, IN",storm_drain,human_review,,reviewed,far,523.04,USGS
315,USGS:413642071125701,estuary,isaac,,type-v1,DECIDED as estuary by review. The evidence that raised it is settled; change it here to revisit.,"SAKONNET RIVER NEAR GOULD ISLAND, RI",estuary,human_review,,reviewed,far,981.6,USGS
316,USGS:414926073063701,ditch,isaac,,type-v1,DECIDED as ditch by review. The evidence that raised it is settled; change it here to revisit.,"CT HWY RT-8 STA 1284 TORRINGTON, CT",ditch,human_review,,reviewed,far,927.6,USGS
317,USGS:415626103434001,canal,isaac,,type-v1,DECIDED as canal by review. The evidence that raised it is settled; change it here to revisit.,"Tri-State Canal near Mintle, Nebr.",canal,human_review,,reviewed,far,767.09,USGS
318,USGS:415922103404801,canal,isaac,,type-v1,DECIDED as canal by review. The evidence that raised it is settled; change it here to revisit.,"Interstate Canal near Mintle, Nebr.",canal,human_review,,reviewed,far,3435.5,USGS
319,USGS:422204083023901,storm_drain,isaac,,type-v1,DECIDED as storm_drain by review. The evidence that raised it is settled; change it here to revisit.,COMBINED SEWER ACCESS SITE B AT RECOVERY PARK,storm_drain,human_review,,reviewed,far,4529.19,USGS
320,USGS:422207083023601,storm_drain,isaac,,type-v1,DECIDED as storm_drain by review. The evidence that raised it is settled; change it here to revisit.,COMBINED SEWER ACCESS SITE E AT RECOVERY PARK,storm_drain,human_review,,reviewed,far,4576.05,USGS
321,USGS:424302090230301,field,isaac,,type-v1,DECIDED as field by review. The evidence that raised it is settled; change it here to revisit.,"U.W. PLATTEVILLE FARMS SITE 06 NR PLATTEVILLE, WI",field,human_review,,reviewed,far,503.64,USGS
322,USGS:424302090231900,field,isaac,,type-v1,DECIDED as field by review. The evidence that raised it is settled; change it here to revisit.,"U.W. PLATTEVILLE FARMS SITE 10 NR PLATTEVILLE, WI",field,human_review,,reviewed,far,518.33,USGS
323,USGS:425957088005201,ditch,isaac,,type-v1,DECIDED as ditch by review. The evidence that raised it is settled; change it here to revisit.,"Honey Creek nr McCarty Pk at West Allis, WI",ditch,human_review,,reviewed,far,2267.76,USGS
324,USGS:430432089313401,storm_drain,isaac,,type-v1,DECIDED as storm_drain by review. The evidence that raised it is settled; change it here to revisit.,"OLD SAUK ROAD RAIN GARDEN AT MADISON, WI",storm_drain,human_review,,reviewed,far,3034.47,USGS
325,USGS:464114097260900,field,isaac,,type-v1,DECIDED as field by review. The evidence that raised it is settled; change it here to revisit.,"DISCOVERY FARMS WATERWAY SITE 3 NEAR EMBDEN, ND",field,human_review,,reviewed,far,703.98,USGS
326,USGS:464115097254700,field,isaac,,type-v1,DECIDED as field by review. The evidence that raised it is settled; change it here to revisit.,"DISCOVERY FARMS WATERWAY SITE 2 NEAR EMBDEN, ND",field,human_review,,reviewed,far,754.41,USGS
327,USGS:464115097255000,field,isaac,,type-v1,DECIDED as field by review. The evidence that raised it is settled; change it here to revisit.,"DISCOVERY FARMS WATERWAY SITE 1 NEAR EMBDEN, ND",field,human_review,,reviewed,far,735.23,USGS
