ID,description,units,themeLabel
CAT_BFI,"Base Flow Index (BFI), The BFI is a ratio of base flow to total streamflow, expressed as a percentage and ranging from 0 to 100. Base flow is the sustained, slowly varying component of streamflow, usually attributed to ground-water discharge to a stream.",percent,Hydrologic
CAT_PET,"Mean-annual potential evapotranspiration (PET), estimated using the Hamon (1961) equation. ",mm/year,Climate
CAT_CONTACT,Subsurface flow contact time index. The subsurface contact time index estimates the number of days that infiltrated water resides in the saturated subsurface zone of the basin before discharging into the stream.,days,Hydrologic
CAT_EWT,Average depth to water table relatice to the land surface(meters),meters,Hydrologic
CAT_IEOF,Percentage of Horton overland flow as a percent,percent,Hydrologic
CAT_RECHG,Mean annual natural ground-water recharge in millimeters per year,mm/yr,Hydrologic
CAT_SATOF,Percentage of Dunne overland flow as a percent,percent,Hydrologic
CAT_TWI,"Topographic wetness index, ln(a/S); where ln is the natural log, a is the upslope area per unit contour length and S is the slope at that point.  See http://ks.water.usgs.gov/Kansas/pubs/reports/wrir.99-4242.html and Wolock and McCabe, 1995 for more detail",ln(m),Hydrologic
CAT_WB5100_ANN,Average annual runoff (mm) from McCabe and Wolock's Runoff Model 1951-2000 per NHDPlus version 2 catchment,millimeters per year,Hydrologic
CAT_FUNGICIDE,"Average kilograms per square kilometer of fungicide use on agricultural land, 2009",kg/sqkm,Chemical
CAT_OLSON_K,Rock potassium oxide concentration as a percent.,percent,Geology
CAT_OLSON_CAO,Rock calcium oxide concentration as a percent.,percent,Geology
CAT_OLSON_FE,Rock iron oxide concentration as a percent.,percent,Geology
CAT_OLSON_MGO,Rock magnesium oxide concentration as a percent.,percent,Geology
CAT_OLSON_P,Rock phosphorus concentration as a percent.,percent,Geology
CAT_OLSON_S,Rock sulfur concentration as a percent.,percent,Geology
CAT_OLSON_SI,Rock silicon dioxide concentration as a percent.,percent,Geology
CAT_OLSON_UCS,"Estimated mean lithological compressive strength, measured as uniaxial compressive strength (in megaPascals, MPa) of surface or near surface geology per NHDPlusV2 catchment.",megaPascals,Geology
CAT_OLSON_PERM,Rock hydraulic conductivity (10^-6 m/s).,10^-6 m/s,Geology
CAT_BUSHREED_1,unknown,unknown,Geology
CAT_BUSHREED_2,unknown,unknown,Geology
CAT_BUSHREED_3,unknown,unknown,Geology
CAT_BUSHREED_4,unknown,unknown,Geology
CAT_BUSHREED_5,unknown,unknown,Geology
CAT_BUSHREED_6,unknown,unknown,Geology
CAT_BUSHREED_8,unknown,unknown,Geology
CAT_BUSHREED_9,unknown,unknown,Geology
CAT_BUSHREED_10,unknown,unknown,Geology
CAT_HUNT1,unknown,unknown,Geology
CAT_HUNT2,unknown,unknown,Geology
CAT_HUNT3,unknown,unknown,Geology
CAT_HUNT4,unknown,unknown,Geology
CAT_HUNT5,unknown,unknown,Geology
CAT_HUNT6,unknown,unknown,Geology
CAT_HUNT7,unknown,unknown,Geology
CAT_HUNT8,unknown,unknown,Geology
CAT_HUNT9,unknown,unknown,Geology
CAT_HUNT10,unknown,unknown,Geology
CAT_HUNT11,unknown,unknown,Geology
CAT_HUNT12,unknown,unknown,Geology
CAT_HUNT13,unknown,unknown,Geology
CAT_HUNT14,unknown,unknown,Geology
CAT_HUNT15,unknown,unknown,Geology
CAT_HUNT16,unknown,unknown,Geology
CAT_HUNT17,unknown,unknown,Geology
CAT_HUNT18,unknown,unknown,Geology
CAT_HUNT19,unknown,unknown,Geology
CAT_HUNT20,unknown,unknown,Geology
CAT_HUNT21,unknown,unknown,Geology
CAT_HUNT22,unknown,unknown,Geology
CAT_HUNT23,unknown,unknown,Geology
CAT_HUNT24,unknown,unknown,Geology
CAT_HUNT25,unknown,unknown,Geology
CAT_HUNT26,unknown,unknown,Geology
CAT_HUNT27,unknown,unknown,Geology
CAT_HUNT28,unknown,unknown,Geology
CAT_HUNT29,unknown,unknown,Geology
CAT_HUNT30,unknown,unknown,Geology
CAT_HUNT31,unknown,unknown,Geology
CAT_HUNT32,unknown,unknown,Geology
CAT_HUNT33,unknown,unknown,Geology
CAT_HUNT34,unknown,unknown,Geology
CAT_HUNT35,unknown,unknown,Geology
CAT_HUNT36,unknown,unknown,Geology
CAT_HUNT37,unknown,unknown,Geology
CAT_HUNT38,unknown,unknown,Geology
CAT_HUNT39,unknown,unknown,Geology
CAT_HUNT40,unknown,unknown,Geology
CAT_HUNT41,unknown,unknown,Geology
CAT_HUNT42,unknown,unknown,Geology
CAT_HUNT43,unknown,unknown,Geology
CAT_HUNT44,unknown,unknown,Geology
CAT_HUNT45,unknown,unknown,Geology
CAT_FSTFZ6190,"Watershed average of mean day of the year of first freeze, derived from 30 years of record (1961-1990), 2km PRISM. For example, value of 300 is the 300th day of the year (Oct 27th).  ",day of year,Climate
CAT_LSTFZ6190,"Watershed average of mean day of the year of last freeze, derived from 30 years of record (1961-1990), 2km PRISM.  For example, value of 100 is the 100th day of the year (April 10th).  ",day of year,Climate
CAT_MAXP6190,Watershed maximum average annual precipitation in mm,mm/year,Climate
CAT_MAXWD6190,"Watershed average of maximum monthly number of days of measurable precipitation, derived from 30 years of record (1961-1990), 2.3km PRISM.  This is simply the maximum value of the values WD_JAN_BASIN thru WD_DEC_BASIN.",days,Climate
CAT_MINWD6190,"Watershed average of minimum monthly number of days of measurable precipitation, derived from 30 years of record (1961-1990), 2.3km PRISM. This is simply the minimum value of the values WD_JAN_BASIN thru WD_DEC_BASIN.",days,Climate
CAT_HERBICIDE,"Average kilograms per square kilometer of herbicide use on agricultural land, 2009",kg/sqkm,Chemical
CAT_INSECTICIDE,"Average kilograms per square kilometer of insecticide use on agricultural land, 2009",kg/sqkm,Chemical
CAT_N97,"Estimate of nitrogen from fertilizer and manure, from Census of Ag 1997 and AAPFCO",kg/sqkm,Chemical
CAT_NEMATICIDE,"Average kilograms per square kilometer of nematicide use on agricultural land, 2009",kg/sqkm,Chemical
CAT_P97,"Estimate of phosphorous from fertilizer and manure, from Census of Ag 1997 and AAPFCO",kg/sqkm,Chemical
CAT_PRSNOW,"Snow percent of total precipitation estimate, mean for period 1901-2000.  From McCabe and Wolock (submitted, 2008), 1km grid.",percent,Climate
CAT_CWD,Average number of consecutive days with measurable precipitation. It is also sometimes refered to as average storm duration.,days,Climate
CAT_ET,"Mean-annual actual evapotranspiration (ET), estimated using regression equation of Sanford and Selnick (2013)",mm/year,Climate
CAT_RH,unknown,unknown,Climate
CAT_TMAX7100,"Watershed average of maximum monthly air temperature (degrees C) from 800m PRISM, derived from 30 years of record (1971-2000).",degrees C,Climate
CAT_TAV7100_ANN,30 year (1971 - 2000) mean annual temperature (Celsius) per NHDPlus version 2 catchment. -9999 denotes NODATA.,degrees Celsius,Climate
CAT_TMIN7100,"Watershed average of minimum monthly air temperature (degrees C) from 800m PRISM, derived from 30 years of record (1971-2000).",degrees C,Climate
CAT_CNPY11_BUFF100,NLCD 2011 percent tree canopy in 100 meter riparian buffer,percent,Land Cover
CAT_IMPV01_BUFF100,NLCD 2001 percent imperviousness in 100 meter riparian buffer per NHDPlus version 2 catchment,percent,Land Cover
CAT_IMPV06,NLCD 2006 percent imperviousness per NHDPlus version 2 catchment.,percent,Land Cover
CAT_IMPV06_BUFF100,NLCD 2006 percent imperviousness in 100 meter riparian buffer per NHDPlus version 2 catchment,percent,Land Cover
CAT_IMPV01,NLCD 2001 percent imperviousness per NHDPlus version 2 catchment.,percent,Land Cover
CAT_IMPV11_BUFF100,NLCD 2011 percent imperviousness in the 100 meter riparian buffer zones,percent,Land Cover
CAT_IMPV11,NLCD 2011 percent imperviousness,percent,Land Cover
CAT_DITCHES92,Percent of watershed subjected to ditches for the year 1992,percent,Hydrologic Modifications
CAT_TILES92,Percent of watershed subjected to tile drains for the year 1992,percent,Hydrologic Modifications
CAT_WDJAN,NHDPlusV2 catchment value for the 30 year average (1961-1990) number of days of measurable precipitation for January. -9999 denotes NODATA or source data does not cover catchment.,number of days per month,Climate
CAT_WDFEB,NHDPlusV2 catchment value for the 30 year average (1961-1990) number of days of measurable precipitation for February. -9999 denotes NODATA or source data does not cover catchment.,number of days per month,Climate
CAT_WDMAR,NHDPlusV2 catchment value for the 30 year average (1961-1990) number of days of measurable precipitation for March. -9999 denotes NODATA or source data does not cover catchment.,number of days per month,Climate
CAT_WDAPR,NHDPlusV2 catchment value for the 30 year average (1961-1990) number of days of measurable precipitation for April. -9999 denotes NODATA or source data does not cover catchment.,number of days per month,Climate
CAT_WDMAY,NHDPlusV2 catchment value for the 30 year average (1961-1990) number of days of measurable precipitation for May. -9999 denotes NODATA or source data does not cover catchment.,number of days per month,Climate
CAT_WDJUN,NHDPlusV2 catchment value for the 30 year average (1961-1990) number of days of measurable precipitation for June. -9999 denotes NODATA or source data does not cover catchment.,number of days per month,Climate
CAT_WDJUL,NHDPlusV2 catchment value for the 30 year average (1961-1990) number of days of measurable precipitation for July. -9999 denotes NODATA or source data does not cover catchment.,number of days per month,Climate
CAT_WDAUG,NHDPlusV2 catchment value for the 30 year average (1961-1990) number of days of measurable precipitation for August. -9999 denotes NODATA or source data does not cover catchment.,number of days per month,Climate
CAT_WDSEP,NHDPlusV2 catchment value for the 30 year average (1961-1990) number of days of measurable precipitation for September. -9999 denotes NODATA or source data does not cover catchment.,number of days per month,Climate
CAT_WDOCT,NHDPlusV2 catchment value for the 30 year average (1961-1990) number of days of measurable precipitation for October. -9999 denotes NODATA or source data does not cover catchment.,number of days per month,Climate
CAT_WDNOV,NHDPlusV2 catchment value for the 30 year average (1961-1990) number of days of measurable precipitation for November. -9999 denotes NODATA or source data does not cover catchment.,number of days per month,Climate
CAT_WDDEC,NHDPlusV2 catchment value for the 30 year average (1961-1990) number of days of measurable precipitation for Decemeber. -9999 denotes NODATA or source data does not cover catchment.,number of days per month,Climate
CAT_WBM_DT_AET_2012,Average value of actual evapotranspiration (AET) from the water balance model for 2000-2014 detrended to 2012.,mm/yr,Climate
CAT_WBM_DT_PET_2012,Average value of potential evapotranspiration (PET) from the water balance model for 2000-2014 detrended to 2012.,mm/yr,Climate
CAT_WBM_DT_PPT_2012,Average value of Precipitation (PPT) from the water balance model for 2000-2014 detrended to 2012.,mm/yr,Climate
CAT_WBM_DT_RUN_2012,Average value of runoff (RUN) from the water balance model for 2000-2014 detrended to 2012.,mm/yr,Climate
CAT_WBM_DT_SNW_2012,Average value of snowfall (SNW) from the water balance model for 2000-2014 detrended to 2012.,mm/yr,Climate
CAT_WBM_DT_STO_2012,Average value of soil moisture storage (STO) from the water balance model for 2000-2014 detrended to 2012.,millimeters,Climate
CAT_WBM_DT_TAV_2012,Average value of temperature (TAV) from the water balance model for 2000-2014 detrended to 2012.,Celsius degrees,Climate
CAT_TAV7100_JAN,"30 year (1971 - 2000) Average January air temperature for the watershed, degrees C, from 800m PRISM data. 30 years period of record 1971-2000.",degrees C,Climate
CAT_TAV7100_FEB,"30 year (1971 - 2000) Average February air temperature for the watershed, degrees C, from 800m PRISM data. 30 years period of record 1971-2000.",degrees C,Climate
CAT_TAV7100_MAR,"30 year (1971 - 2000) Average March air temperature for the watershed, degrees C, from 800m PRISM data. 30 years period of record 1971-2000.",degrees C,Climate
CAT_TAV7100_APR,"30 year (1971 - 2000) Average April air temperature for the watershed, degrees C, from 800m PRISM data. 30 years period of record 1971-2000.",degrees C,Climate
CAT_TAV7100_MAY,"30 year (1971 - 2000) Average May air temperature for the watershed, degrees C, from 800m PRISM data. 30 years period of record 1971-2000.",degrees C,Climate
CAT_TAV7100_JUN,"30 year (1971 - 2000) Average June air temperature for the watershed, degrees C, from 800m PRISM data. 30 years period of record 1971-2000.",degrees C,Climate
CAT_TAV7100_JUL,"30 year (1971 - 2000) Average July air temperature for the watershed, degrees C, from 800m PRISM data. 30 years period of record 1971-2000.",degrees C,Climate
CAT_TAV7100_AUG,"30 year (1971 - 2000) Average August air temperature for the watershed, degrees C, from 800m PRISM data. 30 years period of record 1971-2000.",degrees C,Climate
CAT_TAV7100_SEP,"30 year (1971 - 2000) Average September air temperature for the watershed, degrees C, from 800m PRISM data. 30 years period of record 1971-2000.",degrees C,Climate
CAT_TAV7100_OCT,"30 year (1971 - 2000) Average October air temperature for the watershed, degrees C, from 800m PRISM data. 30 years period of record 1971-2000.",degrees C,Climate
CAT_TAV7100_NOV,"30 year (1971 - 2000) Average November air temperature for the watershed, degrees C, from 800m PRISM data. 30 years period of record 1971-2000.",degrees C,Climate
CAT_TAV7100_DEC,"30 year (1971 - 2000) Average December air temperature for the watershed, degrees C, from 800m PRISM data. 30 years period of record 1971-2000.",degrees C,Climate
CAT_HGA,"Percentage of Hydrologic Group A soil. -9999 denotes NODATA, usually water. Hydrologic group A soils have high infiltration rates. Soils are deep and well drained and, typically, have high sand and gravel content.",percent,Soils
CAT_HGAC,"Percentage of Hydrologic Group AC soil. -9999 denotes NODATA, usually water. Hydrologic group AC soils have group A characteristics (high infiltration rates) when artificially drained and have group C characteristics (slow infiltration rates) when not drained.",percent,Soils
CAT_HGAD,"Percentage of Hydrologic Group AD soil. -9999 denotes NODATA, usually water. Hydrologic group AD soils have group A characteristics (high infiltration rates) when artificially drained and have group D characteristics (very slow infiltration rates) when not drained.",percent,Soils
CAT_HGB,"Percentage of Hydrologic Group B soil. -9999 denotes NODATA, usually water. Hydrologic group B soils have moderate infiltration rates. Soils are moderately deep, moderately well drained, and moderately coarse in texture.",percent,Soils
CAT_HGBC,"Percentage of Hydrologic Group BC soil. -9999 denotes NODATA, usually water. Hydrologic group BC soils have group B characteristics (moderate infiltration rates) when artificially drained and have group C characteristics (slow infiltration rates) when not drained.",percent,Soils
CAT_HGBD,"Percentage of Hydrologic Group BD soil. -9999 denotes NODATA, usually water. Hydrologic group BD soils have group B characteristics (moderate infiltration rates) when artificially drained and have group D characteristics (very slow infiltration rates) when not drained.",percent,Soils
CAT_HGC,"Percentage of Hydrologic Group C soil. -9999 denotes NODATA, usually water. Hydrologic group C soils have slow soil infiltration rates. The soil profiles include layers impeding downward movement of water and, typically, have moderately fine or fine texture.",percent,Soils
CAT_HGCD,"Percentage of Hydrologic Group CD soil. -9999 denotes NODATA, usually water. Hydrologic group CD soils have group C characteristics (slow infiltration rates) when artificially drained and have group D characteristics (very slow infiltration rates) when not drained.",percent,Soils
CAT_HGD,"Percentage of Hydrologic Group D soil. -9999 denotes NODATA, usually water. Hydrologic group D soils have very slow infiltration rates. Soils are clayey, have a high water table, or have a shallow impervious layer.",percent,Soils
CAT_HGVAR,"Percentage of Hydrologic Group VAR soil. -9999 denotes NODATA, usually water. Hydrologic group VAR soils have variable drainage characteristics.",percent,Soils
CAT_SILTAVE,Average percent of silt in soil per NHDPlus version 2 catchment. -9999 denotes NODATA usually water.,unknown,Soils
CAT_CLAYAVE,Average value of clay content (percentage),percent,Soils
CAT_SANDAVE,Average percent of sand in soil per NHDPlus version 2 catchment. -9999 denotes NODATA usually water.,unknown,Soils
CAT_KFACT,Average value for the K factor per NHDPlus version 2 catchment. -9999 denotes NODATA usually water.,unitless,Soils
CAT_KFACT_UP,Average value for the K factor in the upper soil horizon per NHDPlus version 2 catchment.CAT_NO200AVE,unitless,Soils
CAT_NO10AVE,Average percent by weight of soil material less than 3 inches in size that passes through a No. 10 sieve (2 millimeters) per NHDPlus version 2 catchment.CAT_NO200AVE,percent,Soils
CAT_NO200AVE,Average percent by weight of soil material less than 3 inches in size that passes through a No. 200 sieve (.074 millimeters) per NHDPlus version 2 catchment.CAT_NO200AVE,percent,Soils
CAT_NO4AVE,Average percent by weight of soil material less than 3 inches in size that passes through a No. 4 sieve (5 millimeters) per NHDPlus version 2 catchment.CAT_NO200AVE,percent,Soils
CAT_OM,Average value for the range in organic matter content (percent by weight) per NHDPlus version 2 catchment.CAT_NO200AVE,percent,Soils
CAT_PERMAVE,Average value for the range in permeability (inches per hour) per NHDPlus version 2 catchment.CAT_NO200AVE,inches per hour,Soils
CAT_RFACT,Average Rainfall Runoff Factor from Universal Soil Loss Equation per NHDPlus version 2 catchment.CAT_PERMAVE,100s ft-tonf in/h/ac/yr,Soils
CAT_ROCKDEP,Average value for the range in the total soil thickness examined (inches) per NHDPlus version 2 catchment.CAT_RFACT,inches,Soils
CAT_BDAVE,Average value for the value of bulk density (grams per cubic centimeter) per NHDPlus version 2 catchment.CAT_RFACT,grams per unit centimeter,Soils
CAT_AWCAVE,Average value for the range in available water capacity (fraction) per NHDPlus version 2 catchment.CAT_RFACT,inches of water per inches of soil depth,Soils
CAT_WTDEP,Average value for the range in depth to the seasonally high water table (feet) per NHDPlus version 2 catchment.CAT_RFACT,feet,Soils
CAT_POPDENS00,"Population density, persons per square kilometer from 2000 Census block level data per NHDPlus version 2 catchment",persons per square kilometer,Population
CAT_POPDENS90,"Population density, persons per square kilometer per NHDPlus version 2 catchment",persons per square kilometer,Population
CAT_POPDENS10,"Population density, persons per square kilometer per NHDPlus version 2 catchment",persons per square kilometer,Population
CAT_SRL25AG,Estimated percent presence of the soil restrictive layer in the upper 25 centimeters of agricultural land,percent,Soils
CAT_SRL35AG,Estimated percent presence of the soil restrictive layer in the upper 35 centimeters of agricultural land,percent,Soils
CAT_SRL45AG,Estimated percent presence of the soil restrictive layer in the upper 45 centimeters of agricultural land,percent,Soils
CAT_SRL55AG,Estimated percent presence of the soil restrictive layer in the upper 55 centimeters of agricultural land,percent,Soils
CAT_MINP6190,Watershed minimum average annual precipitation in mm,mm/year,Climate
CAT_PPT_JAN2013,"Mean monthly precip (mm) for the watershed for January 2013, from 4-km PRISM data.",mm/month,Climate Water Balance
CAT_PPT_FEB2013,"Mean monthly precip (mm) for the watershed for Febuary 2013, from 4-km PRISM data.",mm/month,Climate Water Balance
CAT_PPT_MAR2013,"Mean monthly precip (mm) for the watershed for March 2013, from 4-km PRISM data.",mm/month,Climate Water Balance
CAT_PPT_APR2013,"Mean monthly precip (mm) for the watershed for April 2013, from 4-km PRISM data.",mm/month,Climate Water Balance
CAT_PPT_MAY2013,"Mean monthly precip (mm) for the watershed for May 2013, from 4-km PRISM data.",mm/month,Climate Water Balance
CAT_PPT_JUN2013,"Mean monthly precip (mm) for the watershed for June 2013, from 4-km PRISM data.",mm/month,Climate Water Balance
CAT_PPT_JUL2013,"Mean monthly precip (mm) for the watershed for July 2013, from 4-km PRISM data.",mm/month,Climate Water Balance
CAT_PPT_AUG2013,"Mean monthly precip (mm) for the watershed for August 2013, from 4-km PRISM data.",mm/month,Climate Water Balance
CAT_PPT_SEP2013,"Mean monthly precip (mm) for the watershed for September 2013, from 4-km PRISM data.",mm/month,Climate Water Balance
CAT_PPT_OCT2013,"Mean monthly precip (mm) for the watershed for October 2013, from 4-km PRISM data.",mm/month,Climate Water Balance
CAT_PPT_NOV2013,"Mean monthly precip (mm) for the watershed for November 2013, from 4-km PRISM data.",mm/month,Climate Water Balance
CAT_PPT_DEC2013,"Mean monthly precip (mm) for the watershed for December 2013, from 4-km PRISM data.",mm/month,Climate Water Balance
CAT_PPT_JAN2012,"Mean monthly precip (mm) for the watershed for January 2012, from 4-km PRISM data.",mm/month,Climate Water Balance
CAT_PPT_FEB2012,"Mean monthly precip (mm) for the watershed for Febuary 2012, from 4-km PRISM data.",mm/month,Climate Water Balance
CAT_PPT_MAR2012,"Mean monthly precip (mm) for the watershed for March 2012, from 4-km PRISM data.",mm/month,Climate Water Balance
CAT_PPT_APR2012,"Mean monthly precip (mm) for the watershed for April 2012, from 4-km PRISM data.",mm/month,Climate Water Balance
CAT_PPT_MAY2012,"Mean monthly precip (mm) for the watershed for May 2012, from 4-km PRISM data.",mm/month,Climate Water Balance
CAT_PPT_JUN2012,"Mean monthly precip (mm) for the watershed for June 2012, from 4-km PRISM data.",mm/month,Climate Water Balance
CAT_PPT_JUL2012,"Mean monthly precip (mm) for the watershed for July 2012, from 4-km PRISM data.",mm/month,Climate Water Balance
CAT_PPT_AUG2012,"Mean monthly precip (mm) for the watershed for August 2012, from 4-km PRISM data.",mm/month,Climate Water Balance
CAT_PPT_SEP2012,"Mean monthly precip (mm) for the watershed for September 2012, from 4-km PRISM data.",mm/month,Climate Water Balance
CAT_PPT_OCT2012,"Mean monthly precip (mm) for the watershed for October 2012, from 4-km PRISM data.",mm/month,Climate Water Balance
CAT_PPT_NOV2012,"Mean monthly precip (mm) for the watershed for November 2012, from 4-km PRISM data.",mm/month,Climate Water Balance
CAT_PPT_DEC2012,"Mean monthly precip (mm) for the watershed for December 2012, from 4-km PRISM data.",mm/month,Climate Water Balance
CAT_PPT_JAN2011,"Mean monthly precip (mm) for the watershed for January 2011, from 4-km PRISM data.",mm/month,Climate Water Balance
CAT_PPT_FEB2011,"Mean monthly precip (mm) for the watershed for Febuary 2011, from 4-km PRISM data.",mm/month,Climate Water Balance
CAT_PPT_MAR2011,"Mean monthly precip (mm) for the watershed for March 2011, from 4-km PRISM data.",mm/month,Climate Water Balance
CAT_PPT_APR2011,"Mean monthly precip (mm) for the watershed for April 2011, from 4-km PRISM data.",mm/month,Climate Water Balance
CAT_PPT_MAY2011,"Mean monthly precip (mm) for the watershed for May 2011, from 4-km PRISM data.",mm/month,Climate Water Balance
CAT_PPT_JUN2011,"Mean monthly precip (mm) for the watershed for June 2011, from 4-km PRISM data.",mm/month,Climate Water Balance
CAT_PPT_JUL2011,"Mean monthly precip (mm) for the watershed for July 2011, from 4-km PRISM data.",mm/month,Climate Water Balance
CAT_PPT_AUG2011,"Mean monthly precip (mm) for the watershed for August 2011, from 4-km PRISM data.",mm/month,Climate Water Balance
CAT_PPT_SEP2011,"Mean monthly precip (mm) for the watershed for September 2011, from 4-km PRISM data.",mm/month,Climate Water Balance
CAT_PPT_OCT2011,"Mean monthly precip (mm) for the watershed for October 2011, from 4-km PRISM data.",mm/month,Climate Water Balance
CAT_PPT_NOV2011,"Mean monthly precip (mm) for the watershed for November 2011, from 4-km PRISM data.",mm/month,Climate Water Balance
CAT_PPT_DEC2011,"Mean monthly precip (mm) for the watershed for December 2011, from 4-km PRISM data.",mm/month,Climate Water Balance
CAT_PPT_JAN2010,"Mean monthly precip (mm) for the watershed for January 2010, from 4-km PRISM data.",mm/month,Climate Water Balance
CAT_PPT_FEB2010,"Mean monthly precip (mm) for the watershed for Febuary 2010, from 4-km PRISM data.",mm/month,Climate Water Balance
CAT_PPT_MAR2010,"Mean monthly precip (mm) for the watershed for March 2010, from 4-km PRISM data.",mm/month,Climate Water Balance
CAT_PPT_APR2010,"Mean monthly precip (mm) for the watershed for April 2010, from 4-km PRISM data.",mm/month,Climate Water Balance
CAT_PPT_MAY2010,"Mean monthly precip (mm) for the watershed for May 2010, from 4-km PRISM data.",mm/month,Climate Water Balance
CAT_PPT_JUN2010,"Mean monthly precip (mm) for the watershed for June 2010, from 4-km PRISM data.",mm/month,Climate Water Balance
CAT_PPT_JUL2010,"Mean monthly precip (mm) for the watershed for July 2010, from 4-km PRISM data.",mm/month,Climate Water Balance
CAT_PPT_AUG2010,"Mean monthly precip (mm) for the watershed for August 2010, from 4-km PRISM data.",mm/month,Climate Water Balance
CAT_PPT_SEP2010,"Mean monthly precip (mm) for the watershed for September 2010, from 4-km PRISM data.",mm/month,Climate Water Balance
CAT_PPT_OCT2010,"Mean monthly precip (mm) for the watershed for October 2010, from 4-km PRISM data.",mm/month,Climate Water Balance
CAT_PPT_NOV2010,"Mean monthly precip (mm) for the watershed for November 2010, from 4-km PRISM data.",mm/month,Climate Water Balance
CAT_PPT_DEC2010,"Mean monthly precip (mm) for the watershed for December 2010, from 4-km PRISM data.",mm/month,Climate Water Balance
CAT_PPT_JAN2009,"Mean monthly precip (mm) for the watershed for January 2009, from 4-km PRISM data.",mm/month,Climate Water Balance
CAT_PPT_FEB2009,"Mean monthly precip (mm) for the watershed for Febuary 2009, from 4-km PRISM data.",mm/month,Climate Water Balance
CAT_PPT_MAR2009,"Mean monthly precip (mm) for the watershed for March 2009, from 4-km PRISM data.",mm/month,Climate Water Balance
CAT_PPT_APR2009,"Mean monthly precip (mm) for the watershed for April 2009, from 4-km PRISM data.",mm/month,Climate Water Balance
CAT_PPT_MAY2009,"Mean monthly precip (mm) for the watershed for May 2009, from 4-km PRISM data.",mm/month,Climate Water Balance
CAT_PPT_JUN2009,"Mean monthly precip (mm) for the watershed for June 2009, from 4-km PRISM data.",mm/month,Climate Water Balance
CAT_PPT_JUL2009,"Mean monthly precip (mm) for the watershed for July 2009, from 4-km PRISM data.",mm/month,Climate Water Balance
CAT_PPT_AUG2009,"Mean monthly precip (mm) for the watershed for August 2009, from 4-km PRISM data.",mm/month,Climate Water Balance
CAT_PPT_SEP2009,"Mean monthly precip (mm) for the watershed for September 2009, from 4-km PRISM data.",mm/month,Climate Water Balance
CAT_PPT_OCT2009,"Mean monthly precip (mm) for the watershed for October 2009, from 4-km PRISM data.",mm/month,Climate Water Balance
CAT_PPT_NOV2009,"Mean monthly precip (mm) for the watershed for November 2009, from 4-km PRISM data.",mm/month,Climate Water Balance
CAT_PPT_DEC2009,"Mean monthly precip (mm) for the watershed for December 2009, from 4-km PRISM data.",mm/month,Climate Water Balance
CAT_PPT_JAN2008,"Mean monthly precip (mm) for the watershed for January 2008, from 4-km PRISM data.",mm/month,Climate Water Balance
CAT_PPT_FEB2008,"Mean monthly precip (mm) for the watershed for Febuary 2008, from 4-km PRISM data.",mm/month,Climate Water Balance
CAT_PPT_MAR2008,"Mean monthly precip (mm) for the watershed for March 2008, from 4-km PRISM data.",mm/month,Climate Water Balance
CAT_PPT_APR2008,"Mean monthly precip (mm) for the watershed for April 2008, from 4-km PRISM data.",mm/month,Climate Water Balance
CAT_PPT_MAY2008,"Mean monthly precip (mm) for the watershed for May 2008, from 4-km PRISM data.",mm/month,Climate Water Balance
CAT_PPT_JUN2008,"Mean monthly precip (mm) for the watershed for June 2008, from 4-km PRISM data.",mm/month,Climate Water Balance
CAT_PPT_JUL2008,"Mean monthly precip (mm) for the watershed for July 2008, from 4-km PRISM data.",mm/month,Climate Water Balance
CAT_PPT_AUG2008,"Mean monthly precip (mm) for the watershed for August 2008, from 4-km PRISM data.",mm/month,Climate Water Balance
CAT_PPT_SEP2008,"Mean monthly precip (mm) for the watershed for September 2008, from 4-km PRISM data.",mm/month,Climate Water Balance
CAT_PPT_OCT2008,"Mean monthly precip (mm) for the watershed for October 2008, from 4-km PRISM data.",mm/month,Climate Water Balance
CAT_PPT_NOV2008,"Mean monthly precip (mm) for the watershed for November 2008, from 4-km PRISM data.",mm/month,Climate Water Balance
CAT_PPT_DEC2008,"Mean monthly precip (mm) for the watershed for December 2008, from 4-km PRISM data.",mm/month,Climate Water Balance
CAT_PPT_JAN2007,"Mean monthly precip (mm) for the watershed for January 2007, from 4-km PRISM data.",mm/month,Climate Water Balance
CAT_PPT_FEB2007,"Mean monthly precip (mm) for the watershed for Febuary 2007, from 4-km PRISM data.",mm/month,Climate Water Balance
CAT_PPT_MAR2007,"Mean monthly precip (mm) for the watershed for March 2007, from 4-km PRISM data.",mm/month,Climate Water Balance
CAT_PPT_APR2007,"Mean monthly precip (mm) for the watershed for April 2007, from 4-km PRISM data.",mm/month,Climate Water Balance
CAT_PPT_MAY2007,"Mean monthly precip (mm) for the watershed for May 2007, from 4-km PRISM data.",mm/month,Climate Water Balance
CAT_PPT_JUN2007,"Mean monthly precip (mm) for the watershed for June 2007, from 4-km PRISM data.",mm/month,Climate Water Balance
CAT_PPT_JUL2007,"Mean monthly precip (mm) for the watershed for July 2007, from 4-km PRISM data.",mm/month,Climate Water Balance
CAT_PPT_AUG2007,"Mean monthly precip (mm) for the watershed for August 2007, from 4-km PRISM data.",mm/month,Climate Water Balance
CAT_PPT_SEP2007,"Mean monthly precip (mm) for the watershed for September 2007, from 4-km PRISM data.",mm/month,Climate Water Balance
CAT_PPT_OCT2007,"Mean monthly precip (mm) for the watershed for October 2007, from 4-km PRISM data.",mm/month,Climate Water Balance
CAT_PPT_NOV2007,"Mean monthly precip (mm) for the watershed for November 2007, from 4-km PRISM data.",mm/month,Climate Water Balance
CAT_PPT_DEC2007,"Mean monthly precip (mm) for the watershed for December 2007, from 4-km PRISM data.",mm/month,Climate Water Balance
CAT_PPT_JAN2006,"Mean monthly precip (mm) for the watershed for January 2006, from 4-km PRISM data.",mm/month,Climate Water Balance
CAT_PPT_FEB2006,"Mean monthly precip (mm) for the watershed for Febuary 2006, from 4-km PRISM data.",mm/month,Climate Water Balance
CAT_PPT_MAR2006,"Mean monthly precip (mm) for the watershed for March 2006, from 4-km PRISM data.",mm/month,Climate Water Balance
CAT_PPT_APR2006,"Mean monthly precip (mm) for the watershed for April 2006, from 4-km PRISM data.",mm/month,Climate Water Balance
CAT_PPT_MAY2006,"Mean monthly precip (mm) for the watershed for May 2006, from 4-km PRISM data.",mm/month,Climate Water Balance
CAT_PPT_JUN2006,"Mean monthly precip (mm) for the watershed for June 2006, from 4-km PRISM data.",mm/month,Climate Water Balance
CAT_PPT_JUL2006,"Mean monthly precip (mm) for the watershed for July 2006, from 4-km PRISM data.",mm/month,Climate Water Balance
CAT_PPT_AUG2006,"Mean monthly precip (mm) for the watershed for August 2006, from 4-km PRISM data.",mm/month,Climate Water Balance
CAT_PPT_SEP2006,"Mean monthly precip (mm) for the watershed for September 2006, from 4-km PRISM data.",mm/month,Climate Water Balance
CAT_PPT_OCT2006,"Mean monthly precip (mm) for the watershed for October 2006, from 4-km PRISM data.",mm/month,Climate Water Balance
CAT_PPT_NOV2006,"Mean monthly precip (mm) for the watershed for November 2006, from 4-km PRISM data.",mm/month,Climate Water Balance
CAT_PPT_DEC2006,"Mean monthly precip (mm) for the watershed for December 2006, from 4-km PRISM data.",mm/month,Climate Water Balance
CAT_PPT_JAN2005,"Mean monthly precip (mm) for the watershed for January 2005, from 4-km PRISM data.",mm/month,Climate Water Balance
CAT_PPT_FEB2005,"Mean monthly precip (mm) for the watershed for Febuary 2005, from 4-km PRISM data.",mm/month,Climate Water Balance
CAT_PPT_MAR2005,"Mean monthly precip (mm) for the watershed for March 2005, from 4-km PRISM data.",mm/month,Climate Water Balance
CAT_PPT_APR2005,"Mean monthly precip (mm) for the watershed for April 2005, from 4-km PRISM data.",mm/month,Climate Water Balance
CAT_PPT_MAY2005,"Mean monthly precip (mm) for the watershed for May 2005, from 4-km PRISM data.",mm/month,Climate Water Balance
CAT_PPT_JUN2005,"Mean monthly precip (mm) for the watershed for June 2005, from 4-km PRISM data.",mm/month,Climate Water Balance
CAT_PPT_JUL2005,"Mean monthly precip (mm) for the watershed for July 2005, from 4-km PRISM data.",mm/month,Climate Water Balance
CAT_PPT_AUG2005,"Mean monthly precip (mm) for the watershed for August 2005, from 4-km PRISM data.",mm/month,Climate Water Balance
CAT_PPT_SEP2005,"Mean monthly precip (mm) for the watershed for September 2005, from 4-km PRISM data.",mm/month,Climate Water Balance
CAT_PPT_OCT2005,"Mean monthly precip (mm) for the watershed for October 2005, from 4-km PRISM data.",mm/month,Climate Water Balance
CAT_PPT_NOV2005,"Mean monthly precip (mm) for the watershed for November 2005, from 4-km PRISM data.",mm/month,Climate Water Balance
CAT_PPT_DEC2005,"Mean monthly precip (mm) for the watershed for December 2005, from 4-km PRISM data.",mm/month,Climate Water Balance
CAT_PPT_JAN2004,"Mean monthly precip (mm) for the watershed for January 2004, from 4-km PRISM data.",mm/month,Climate Water Balance
CAT_PPT_FEB2004,"Mean monthly precip (mm) for the watershed for Febuary 2004, from 4-km PRISM data.",mm/month,Climate Water Balance
CAT_PPT_MAR2004,"Mean monthly precip (mm) for the watershed for March 2004, from 4-km PRISM data.",mm/month,Climate Water Balance
CAT_PPT_APR2004,"Mean monthly precip (mm) for the watershed for April 2004, from 4-km PRISM data.",mm/month,Climate Water Balance
CAT_PPT_MAY2004,"Mean monthly precip (mm) for the watershed for May 2004, from 4-km PRISM data.",mm/month,Climate Water Balance
CAT_PPT_JUN2004,"Mean monthly precip (mm) for the watershed for June 2004, from 4-km PRISM data.",mm/month,Climate Water Balance
CAT_PPT_JUL2004,"Mean monthly precip (mm) for the watershed for July 2004, from 4-km PRISM data.",mm/month,Climate Water Balance
CAT_PPT_AUG2004,"Mean monthly precip (mm) for the watershed for August 2004, from 4-km PRISM data.",mm/month,Climate Water Balance
CAT_PPT_SEP2004,"Mean monthly precip (mm) for the watershed for September 2004, from 4-km PRISM data.",mm/month,Climate Water Balance
CAT_PPT_OCT2004,"Mean monthly precip (mm) for the watershed for October 2004, from 4-km PRISM data.",mm/month,Climate Water Balance
CAT_PPT_NOV2004,"Mean monthly precip (mm) for the watershed for November 2004, from 4-km PRISM data.",mm/month,Climate Water Balance
CAT_PPT_DEC2004,"Mean monthly precip (mm) for the watershed for December 2004, from 4-km PRISM data.",mm/month,Climate Water Balance
CAT_PPT_JAN2003,"Mean monthly precip (mm) for the watershed for January 2003, from 4-km PRISM data.",mm/month,Climate Water Balance
CAT_PPT_FEB2003,"Mean monthly precip (mm) for the watershed for Febuary 2003, from 4-km PRISM data.",mm/month,Climate Water Balance
CAT_PPT_MAR2003,"Mean monthly precip (mm) for the watershed for March 2003, from 4-km PRISM data.",mm/month,Climate Water Balance
CAT_PPT_APR2003,"Mean monthly precip (mm) for the watershed for April 2003, from 4-km PRISM data.",mm/month,Climate Water Balance
CAT_PPT_MAY2003,"Mean monthly precip (mm) for the watershed for May 2003, from 4-km PRISM data.",mm/month,Climate Water Balance
CAT_PPT_JUN2003,"Mean monthly precip (mm) for the watershed for June 2003, from 4-km PRISM data.",mm/month,Climate Water Balance
CAT_PPT_JUL2003,"Mean monthly precip (mm) for the watershed for July 2003, from 4-km PRISM data.",mm/month,Climate Water Balance
CAT_PPT_AUG2003,"Mean monthly precip (mm) for the watershed for August 2003, from 4-km PRISM data.",mm/month,Climate Water Balance
CAT_PPT_SEP2003,"Mean monthly precip (mm) for the watershed for September 2003, from 4-km PRISM data.",mm/month,Climate Water Balance
CAT_PPT_OCT2003,"Mean monthly precip (mm) for the watershed for October 2003, from 4-km PRISM data.",mm/month,Climate Water Balance
CAT_PPT_NOV2003,"Mean monthly precip (mm) for the watershed for November 2003, from 4-km PRISM data.",mm/month,Climate Water Balance
CAT_PPT_DEC2003,"Mean monthly precip (mm) for the watershed for December 2003, from 4-km PRISM data.",mm/month,Climate Water Balance
CAT_PPT_JAN2001,"Mean monthly precip (mm) for the watershed for January 2001, from 4-km PRISM data.",mm/month,Climate Water Balance
CAT_PPT_FEB2001,"Mean monthly precip (mm) for the watershed for Febuary 2001, from 4-km PRISM data.",mm/month,Climate Water Balance
CAT_PPT_MAR2001,"Mean monthly precip (mm) for the watershed for March 2001, from 4-km PRISM data.",mm/month,Climate Water Balance
CAT_PPT_APR2001,"Mean monthly precip (mm) for the watershed for April 2001, from 4-km PRISM data.",mm/month,Climate Water Balance
CAT_PPT_MAY2001,"Mean monthly precip (mm) for the watershed for May 2001, from 4-km PRISM data.",mm/month,Climate Water Balance
CAT_PPT_JUN2001,"Mean monthly precip (mm) for the watershed for June 2001, from 4-km PRISM data.",mm/month,Climate Water Balance
CAT_PPT_JUL2001,"Mean monthly precip (mm) for the watershed for July 2001, from 4-km PRISM data.",mm/month,Climate Water Balance
CAT_PPT_AUG2001,"Mean monthly precip (mm) for the watershed for August 2001, from 4-km PRISM data.",mm/month,Climate Water Balance
CAT_PPT_SEP2001,"Mean monthly precip (mm) for the watershed for September 2001, from 4-km PRISM data.",mm/month,Climate Water Balance
CAT_PPT_OCT2001,"Mean monthly precip (mm) for the watershed for October 2001, from 4-km PRISM data.",mm/month,Climate Water Balance
CAT_PPT_NOV2001,"Mean monthly precip (mm) for the watershed for November 2001, from 4-km PRISM data.",mm/month,Climate Water Balance
CAT_PPT_DEC2001,"Mean monthly precip (mm) for the watershed for December 2001, from 4-km PRISM data.",mm/month,Climate Water Balance
CAT_PPT_JAN1999,"Mean monthly precip (mm) for the watershed for January 1999, from 4-km PRISM data.",mm/month,Climate Water Balance
CAT_PPT_FEB1999,"Mean monthly precip (mm) for the watershed for Febuary 1999, from 4-km PRISM data.",mm/month,Climate Water Balance
CAT_PPT_MAR1999,"Mean monthly precip (mm) for the watershed for March 1999, from 4-km PRISM data.",mm/month,Climate Water Balance
CAT_PPT_APR1999,"Mean monthly precip (mm) for the watershed for April 1999, from 4-km PRISM data.",mm/month,Climate Water Balance
CAT_PPT_MAY1999,"Mean monthly precip (mm) for the watershed for May 1999, from 4-km PRISM data.",mm/month,Climate Water Balance
CAT_PPT_JUN1999,"Mean monthly precip (mm) for the watershed for June 1999, from 4-km PRISM data.",mm/month,Climate Water Balance
CAT_PPT_JUL1999,"Mean monthly precip (mm) for the watershed for July 1999, from 4-km PRISM data.",mm/month,Climate Water Balance
CAT_PPT_AUG1999,"Mean monthly precip (mm) for the watershed for August 1999, from 4-km PRISM data.",mm/month,Climate Water Balance
CAT_PPT_SEP1999,"Mean monthly precip (mm) for the watershed for September 1999, from 4-km PRISM data.",mm/month,Climate Water Balance
CAT_PPT_OCT1999,"Mean monthly precip (mm) for the watershed for October 1999, from 4-km PRISM data.",mm/month,Climate Water Balance
CAT_PPT_NOV1999,"Mean monthly precip (mm) for the watershed for November 1999, from 4-km PRISM data.",mm/month,Climate Water Balance
CAT_PPT_DEC1999,"Mean monthly precip (mm) for the watershed for December 1999, from 4-km PRISM data.",mm/month,Climate Water Balance
CAT_PPT_JAN1998,"Mean monthly precip (mm) for the watershed for January 1998, from 4-km PRISM data.",mm/month,Climate Water Balance
CAT_PPT_FEB1998,"Mean monthly precip (mm) for the watershed for Febuary 1998, from 4-km PRISM data.",mm/month,Climate Water Balance
CAT_PPT_MAR1998,"Mean monthly precip (mm) for the watershed for March 1998, from 4-km PRISM data.",mm/month,Climate Water Balance
CAT_PPT_APR1998,"Mean monthly precip (mm) for the watershed for April 1998, from 4-km PRISM data.",mm/month,Climate Water Balance
CAT_PPT_MAY1998,"Mean monthly precip (mm) for the watershed for May 1998, from 4-km PRISM data.",mm/month,Climate Water Balance
CAT_PPT_JUN1998,"Mean monthly precip (mm) for the watershed for June 1998, from 4-km PRISM data.",mm/month,Climate Water Balance
CAT_PPT_JUL1998,"Mean monthly precip (mm) for the watershed for July 1998, from 4-km PRISM data.",mm/month,Climate Water Balance
CAT_PPT_AUG1998,"Mean monthly precip (mm) for the watershed for August 1998, from 4-km PRISM data.",mm/month,Climate Water Balance
CAT_PPT_SEP1998,"Mean monthly precip (mm) for the watershed for September 1998, from 4-km PRISM data.",mm/month,Climate Water Balance
CAT_PPT_OCT1998,"Mean monthly precip (mm) for the watershed for October 1998, from 4-km PRISM data.",mm/month,Climate Water Balance
CAT_PPT_NOV1998,"Mean monthly precip (mm) for the watershed for November 1998, from 4-km PRISM data.",mm/month,Climate Water Balance
CAT_PPT_DEC1998,"Mean monthly precip (mm) for the watershed for December 1998, from 4-km PRISM data.",mm/month,Climate Water Balance
CAT_PPT_JAN1997,"Mean monthly precip (mm) for the watershed for January 1997, from 4-km PRISM data.",mm/month,Climate Water Balance
CAT_PPT_FEB1997,"Mean monthly precip (mm) for the watershed for Febuary 1997, from 4-km PRISM data.",mm/month,Climate Water Balance
CAT_PPT_MAR1997,"Mean monthly precip (mm) for the watershed for March 1997, from 4-km PRISM data.",mm/month,Climate Water Balance
CAT_PPT_APR1997,"Mean monthly precip (mm) for the watershed for April 1997, from 4-km PRISM data.",mm/month,Climate Water Balance
CAT_PPT_MAY1997,"Mean monthly precip (mm) for the watershed for May 1997, from 4-km PRISM data.",mm/month,Climate Water Balance
CAT_PPT_JUN1997,"Mean monthly precip (mm) for the watershed for June 1997, from 4-km PRISM data.",mm/month,Climate Water Balance
CAT_PPT_JUL1997,"Mean monthly precip (mm) for the watershed for July 1997, from 4-km PRISM data.",mm/month,Climate Water Balance
CAT_PPT_AUG1997,"Mean monthly precip (mm) for the watershed for August 1997, from 4-km PRISM data.",mm/month,Climate Water Balance
CAT_PPT_SEP1997,"Mean monthly precip (mm) for the watershed for September 1997, from 4-km PRISM data.",mm/month,Climate Water Balance
CAT_PPT_OCT1997,"Mean monthly precip (mm) for the watershed for October 1997, from 4-km PRISM data.",mm/month,Climate Water Balance
CAT_PPT_NOV1997,"Mean monthly precip (mm) for the watershed for November 1997, from 4-km PRISM data.",mm/month,Climate Water Balance
CAT_PPT_DEC1997,"Mean monthly precip (mm) for the watershed for December 1997, from 4-km PRISM data.",mm/month,Climate Water Balance
CAT_PPT_JAN1996,"Mean monthly precip (mm) for the watershed for January 1996, from 4-km PRISM data.",mm/month,Climate Water Balance
CAT_PPT_FEB1996,"Mean monthly precip (mm) for the watershed for Febuary 1996, from 4-km PRISM data.",mm/month,Climate Water Balance
CAT_PPT_MAR1996,"Mean monthly precip (mm) for the watershed for March 1996, from 4-km PRISM data.",mm/month,Climate Water Balance
CAT_PPT_APR1996,"Mean monthly precip (mm) for the watershed for April 1996, from 4-km PRISM data.",mm/month,Climate Water Balance
CAT_PPT_MAY1996,"Mean monthly precip (mm) for the watershed for May 1996, from 4-km PRISM data.",mm/month,Climate Water Balance
CAT_PPT_JUN1996,"Mean monthly precip (mm) for the watershed for June 1996, from 4-km PRISM data.",mm/month,Climate Water Balance
CAT_PPT_JUL1996,"Mean monthly precip (mm) for the watershed for July 1996, from 4-km PRISM data.",mm/month,Climate Water Balance
CAT_PPT_AUG1996,"Mean monthly precip (mm) for the watershed for August 1996, from 4-km PRISM data.",mm/month,Climate Water Balance
CAT_PPT_SEP1996,"Mean monthly precip (mm) for the watershed for September 1996, from 4-km PRISM data.",mm/month,Climate Water Balance
CAT_PPT_OCT1996,"Mean monthly precip (mm) for the watershed for October 1996, from 4-km PRISM data.",mm/month,Climate Water Balance
CAT_PPT_NOV1996,"Mean monthly precip (mm) for the watershed for November 1996, from 4-km PRISM data.",mm/month,Climate Water Balance
CAT_PPT_DEC1996,"Mean monthly precip (mm) for the watershed for December 1996, from 4-km PRISM data.",mm/month,Climate Water Balance
CAT_PPT_JAN1995,"Mean monthly precip (mm) for the watershed for January 1995, from 4-km PRISM data.",mm/month,Climate Water Balance
CAT_PPT_FEB1995,"Mean monthly precip (mm) for the watershed for Febuary 1995, from 4-km PRISM data.",mm/month,Climate Water Balance
CAT_PPT_MAR1995,"Mean monthly precip (mm) for the watershed for March 1995, from 4-km PRISM data.",mm/month,Climate Water Balance
CAT_PPT_APR1995,"Mean monthly precip (mm) for the watershed for April 1995, from 4-km PRISM data.",mm/month,Climate Water Balance
CAT_PPT_MAY1995,"Mean monthly precip (mm) for the watershed for May 1995, from 4-km PRISM data.",mm/month,Climate Water Balance
CAT_PPT_JUN1995,"Mean monthly precip (mm) for the watershed for June 1995, from 4-km PRISM data.",mm/month,Climate Water Balance
CAT_PPT_JUL1995,"Mean monthly precip (mm) for the watershed for July 1995, from 4-km PRISM data.",mm/month,Climate Water Balance
CAT_PPT_AUG1995,"Mean monthly precip (mm) for the watershed for August 1995, from 4-km PRISM data.",mm/month,Climate Water Balance
CAT_PPT_SEP1995,"Mean monthly precip (mm) for the watershed for September 1995, from 4-km PRISM data.",mm/month,Climate Water Balance
CAT_PPT_OCT1995,"Mean monthly precip (mm) for the watershed for October 1995, from 4-km PRISM data.",mm/month,Climate Water Balance
CAT_PPT_NOV1995,"Mean monthly precip (mm) for the watershed for November 1995, from 4-km PRISM data.",mm/month,Climate Water Balance
CAT_PPT_DEC1995,"Mean monthly precip (mm) for the watershed for December 1995, from 4-km PRISM data.",mm/month,Climate Water Balance
CAT_PPT_JAN1994,"Mean monthly precip (mm) for the watershed for January 1994, from 4-km PRISM data.",mm/month,Climate Water Balance
CAT_PPT_FEB1994,"Mean monthly precip (mm) for the watershed for Febuary 1994, from 4-km PRISM data.",mm/month,Climate Water Balance
CAT_PPT_MAR1994,"Mean monthly precip (mm) for the watershed for March 1994, from 4-km PRISM data.",mm/month,Climate Water Balance
CAT_PPT_APR1994,"Mean monthly precip (mm) for the watershed for April 1994, from 4-km PRISM data.",mm/month,Climate Water Balance
CAT_PPT_MAY1994,"Mean monthly precip (mm) for the watershed for May 1994, from 4-km PRISM data.",mm/month,Climate Water Balance
CAT_PPT_JUN1994,"Mean monthly precip (mm) for the watershed for June 1994, from 4-km PRISM data.",mm/month,Climate Water Balance
CAT_PPT_JUL1994,"Mean monthly precip (mm) for the watershed for July 1994, from 4-km PRISM data.",mm/month,Climate Water Balance
CAT_PPT_AUG1994,"Mean monthly precip (mm) for the watershed for August 1994, from 4-km PRISM data.",mm/month,Climate Water Balance
CAT_PPT_SEP1994,"Mean monthly precip (mm) for the watershed for September 1994, from 4-km PRISM data.",mm/month,Climate Water Balance
CAT_PPT_OCT1994,"Mean monthly precip (mm) for the watershed for October 1994, from 4-km PRISM data.",mm/month,Climate Water Balance
CAT_PPT_NOV1994,"Mean monthly precip (mm) for the watershed for November 1994, from 4-km PRISM data.",mm/month,Climate Water Balance
CAT_PPT_DEC1994,"Mean monthly precip (mm) for the watershed for December 1994, from 4-km PRISM data.",mm/month,Climate Water Balance
CAT_PPT_JAN1993,"Mean monthly precip (mm) for the watershed for January 1993, from 4-km PRISM data.",mm/month,Climate Water Balance
CAT_PPT_FEB1993,"Mean monthly precip (mm) for the watershed for Febuary 1993, from 4-km PRISM data.",mm/month,Climate Water Balance
CAT_PPT_MAR1993,"Mean monthly precip (mm) for the watershed for March 1993, from 4-km PRISM data.",mm/month,Climate Water Balance
CAT_PPT_APR1993,"Mean monthly precip (mm) for the watershed for April 1993, from 4-km PRISM data.",mm/month,Climate Water Balance
CAT_PPT_MAY1993,"Mean monthly precip (mm) for the watershed for May 1993, from 4-km PRISM data.",mm/month,Climate Water Balance
CAT_PPT_JUN1993,"Mean monthly precip (mm) for the watershed for June 1993, from 4-km PRISM data.",mm/month,Climate Water Balance
CAT_PPT_JUL1993,"Mean monthly precip (mm) for the watershed for July 1993, from 4-km PRISM data.",mm/month,Climate Water Balance
CAT_PPT_AUG1993,"Mean monthly precip (mm) for the watershed for August 1993, from 4-km PRISM data.",mm/month,Climate Water Balance
CAT_PPT_SEP1993,"Mean monthly precip (mm) for the watershed for September 1993, from 4-km PRISM data.",mm/month,Climate Water Balance
CAT_PPT_OCT1993,"Mean monthly precip (mm) for the watershed for October 1993, from 4-km PRISM data.",mm/month,Climate Water Balance
CAT_PPT_NOV1993,"Mean monthly precip (mm) for the watershed for November 1993, from 4-km PRISM data.",mm/month,Climate Water Balance
CAT_PPT_DEC1993,"Mean monthly precip (mm) for the watershed for December 1993, from 4-km PRISM data.",mm/month,Climate Water Balance
CAT_PPT_JAN1992,"Mean monthly precip (mm) for the watershed for January 1992, from 4-km PRISM data.",mm/month,Climate Water Balance
CAT_PPT_FEB1992,"Mean monthly precip (mm) for the watershed for Febuary 1992, from 4-km PRISM data.",mm/month,Climate Water Balance
CAT_PPT_MAR1992,"Mean monthly precip (mm) for the watershed for March 1992, from 4-km PRISM data.",mm/month,Climate Water Balance
CAT_PPT_APR1992,"Mean monthly precip (mm) for the watershed for April 1992, from 4-km PRISM data.",mm/month,Climate Water Balance
CAT_PPT_MAY1992,"Mean monthly precip (mm) for the watershed for May 1992, from 4-km PRISM data.",mm/month,Climate Water Balance
CAT_PPT_JUN1992,"Mean monthly precip (mm) for the watershed for June 1992, from 4-km PRISM data.",mm/month,Climate Water Balance
CAT_PPT_JUL1992,"Mean monthly precip (mm) for the watershed for July 1992, from 4-km PRISM data.",mm/month,Climate Water Balance
CAT_PPT_AUG1992,"Mean monthly precip (mm) for the watershed for August 1992, from 4-km PRISM data.",mm/month,Climate Water Balance
CAT_PPT_SEP1992,"Mean monthly precip (mm) for the watershed for September 1992, from 4-km PRISM data.",mm/month,Climate Water Balance
CAT_PPT_OCT1992,"Mean monthly precip (mm) for the watershed for October 1992, from 4-km PRISM data.",mm/month,Climate Water Balance
CAT_PPT_NOV1992,"Mean monthly precip (mm) for the watershed for November 1992, from 4-km PRISM data.",mm/month,Climate Water Balance
CAT_PPT_DEC1992,"Mean monthly precip (mm) for the watershed for December 1992, from 4-km PRISM data.",mm/month,Climate Water Balance
CAT_PPT_JAN1991,"Mean monthly precip (mm) for the watershed for January 1991, from 4-km PRISM data.",mm/month,Climate Water Balance
CAT_PPT_FEB1991,"Mean monthly precip (mm) for the watershed for Febuary 1991, from 4-km PRISM data.",mm/month,Climate Water Balance
CAT_PPT_MAR1991,"Mean monthly precip (mm) for the watershed for March 1991, from 4-km PRISM data.",mm/month,Climate Water Balance
CAT_PPT_APR1991,"Mean monthly precip (mm) for the watershed for April 1991, from 4-km PRISM data.",mm/month,Climate Water Balance
CAT_PPT_MAY1991,"Mean monthly precip (mm) for the watershed for May 1991, from 4-km PRISM data.",mm/month,Climate Water Balance
CAT_PPT_JUN1991,"Mean monthly precip (mm) for the watershed for June 1991, from 4-km PRISM data.",mm/month,Climate Water Balance
CAT_PPT_JUL1991,"Mean monthly precip (mm) for the watershed for July 1991, from 4-km PRISM data.",mm/month,Climate Water Balance
CAT_PPT_AUG1991,"Mean monthly precip (mm) for the watershed for August 1991, from 4-km PRISM data.",mm/month,Climate Water Balance
CAT_PPT_SEP1991,"Mean monthly precip (mm) for the watershed for September 1991, from 4-km PRISM data.",mm/month,Climate Water Balance
CAT_PPT_OCT1991,"Mean monthly precip (mm) for the watershed for October 1991, from 4-km PRISM data.",mm/month,Climate Water Balance
CAT_PPT_NOV1991,"Mean monthly precip (mm) for the watershed for November 1991, from 4-km PRISM data.",mm/month,Climate Water Balance
CAT_PPT_DEC1991,"Mean monthly precip (mm) for the watershed for December 1991, from 4-km PRISM data.",mm/month,Climate Water Balance
CAT_PPT_JAN1990,"Mean monthly precip (mm) for the watershed for January 1990, from 4-km PRISM data.",mm/month,Climate Water Balance
CAT_PPT_FEB1990,"Mean monthly precip (mm) for the watershed for Febuary 1990, from 4-km PRISM data.",mm/month,Climate Water Balance
CAT_PPT_MAR1990,"Mean monthly precip (mm) for the watershed for March 1990, from 4-km PRISM data.",mm/month,Climate Water Balance
CAT_PPT_APR1990,"Mean monthly precip (mm) for the watershed for April 1990, from 4-km PRISM data.",mm/month,Climate Water Balance
CAT_PPT_MAY1990,"Mean monthly precip (mm) for the watershed for May 1990, from 4-km PRISM data.",mm/month,Climate Water Balance
CAT_PPT_JUN1990,"Mean monthly precip (mm) for the watershed for June 1990, from 4-km PRISM data.",mm/month,Climate Water Balance
CAT_PPT_JUL1990,"Mean monthly precip (mm) for the watershed for July 1990, from 4-km PRISM data.",mm/month,Climate Water Balance
CAT_PPT_AUG1990,"Mean monthly precip (mm) for the watershed for August 1990, from 4-km PRISM data.",mm/month,Climate Water Balance
CAT_PPT_SEP1990,"Mean monthly precip (mm) for the watershed for September 1990, from 4-km PRISM data.",mm/month,Climate Water Balance
CAT_PPT_OCT1990,"Mean monthly precip (mm) for the watershed for October 1990, from 4-km PRISM data.",mm/month,Climate Water Balance
CAT_PPT_NOV1990,"Mean monthly precip (mm) for the watershed for November 1990, from 4-km PRISM data.",mm/month,Climate Water Balance
CAT_PPT_DEC1990,"Mean monthly precip (mm) for the watershed for December 1990, from 4-km PRISM data.",mm/month,Climate Water Balance
CAT_PPT_JAN1989,"Mean monthly precip (mm) for the watershed for January 1989, from 4-km PRISM data.",mm/month,Climate Water Balance
CAT_PPT_FEB1989,"Mean monthly precip (mm) for the watershed for Febuary 1989, from 4-km PRISM data.",mm/month,Climate Water Balance
CAT_PPT_MAR1989,"Mean monthly precip (mm) for the watershed for March 1989, from 4-km PRISM data.",mm/month,Climate Water Balance
CAT_PPT_APR1989,"Mean monthly precip (mm) for the watershed for April 1989, from 4-km PRISM data.",mm/month,Climate Water Balance
CAT_PPT_MAY1989,"Mean monthly precip (mm) for the watershed for May 1989, from 4-km PRISM data.",mm/month,Climate Water Balance
CAT_PPT_JUN1989,"Mean monthly precip (mm) for the watershed for June 1989, from 4-km PRISM data.",mm/month,Climate Water Balance
CAT_PPT_JUL1989,"Mean monthly precip (mm) for the watershed for July 1989, from 4-km PRISM data.",mm/month,Climate Water Balance
CAT_PPT_AUG1989,"Mean monthly precip (mm) for the watershed for August 1989, from 4-km PRISM data.",mm/month,Climate Water Balance
CAT_PPT_SEP1989,"Mean monthly precip (mm) for the watershed for September 1989, from 4-km PRISM data.",mm/month,Climate Water Balance
CAT_PPT_OCT1989,"Mean monthly precip (mm) for the watershed for October 1989, from 4-km PRISM data.",mm/month,Climate Water Balance
CAT_PPT_NOV1989,"Mean monthly precip (mm) for the watershed for November 1989, from 4-km PRISM data.",mm/month,Climate Water Balance
CAT_PPT_DEC1989,"Mean monthly precip (mm) for the watershed for December 1989, from 4-km PRISM data.",mm/month,Climate Water Balance
CAT_PPT_JAN1988,"Mean monthly precip (mm) for the watershed for January 1988, from 4-km PRISM data.",mm/month,Climate Water Balance
CAT_PPT_FEB1988,"Mean monthly precip (mm) for the watershed for Febuary 1988, from 4-km PRISM data.",mm/month,Climate Water Balance
CAT_PPT_MAR1988,"Mean monthly precip (mm) for the watershed for March 1988, from 4-km PRISM data.",mm/month,Climate Water Balance
CAT_PPT_APR1988,"Mean monthly precip (mm) for the watershed for April 1988, from 4-km PRISM data.",mm/month,Climate Water Balance
CAT_PPT_MAY1988,"Mean monthly precip (mm) for the watershed for May 1988, from 4-km PRISM data.",mm/month,Climate Water Balance
CAT_PPT_JUN1988,"Mean monthly precip (mm) for the watershed for June 1988, from 4-km PRISM data.",mm/month,Climate Water Balance
CAT_PPT_JUL1988,"Mean monthly precip (mm) for the watershed for July 1988, from 4-km PRISM data.",mm/month,Climate Water Balance
CAT_PPT_AUG1988,"Mean monthly precip (mm) for the watershed for August 1988, from 4-km PRISM data.",mm/month,Climate Water Balance
CAT_PPT_SEP1988,"Mean monthly precip (mm) for the watershed for September 1988, from 4-km PRISM data.",mm/month,Climate Water Balance
CAT_PPT_OCT1988,"Mean monthly precip (mm) for the watershed for October 1988, from 4-km PRISM data.",mm/month,Climate Water Balance
CAT_PPT_NOV1988,"Mean monthly precip (mm) for the watershed for November 1988, from 4-km PRISM data.",mm/month,Climate Water Balance
CAT_PPT_DEC1988,"Mean monthly precip (mm) for the watershed for December 1988, from 4-km PRISM data.",mm/month,Climate Water Balance
CAT_PPT_JAN1987,"Mean monthly precip (mm) for the watershed for January 1987, from 4-km PRISM data.",mm/month,Climate Water Balance
CAT_PPT_FEB1987,"Mean monthly precip (mm) for the watershed for Febuary 1987, from 4-km PRISM data.",mm/month,Climate Water Balance
CAT_PPT_MAR1987,"Mean monthly precip (mm) for the watershed for March 1987, from 4-km PRISM data.",mm/month,Climate Water Balance
CAT_PPT_APR1987,"Mean monthly precip (mm) for the watershed for April 1987, from 4-km PRISM data.",mm/month,Climate Water Balance
CAT_PPT_MAY1987,"Mean monthly precip (mm) for the watershed for May 1987, from 4-km PRISM data.",mm/month,Climate Water Balance
CAT_PPT_JUN1987,"Mean monthly precip (mm) for the watershed for June 1987, from 4-km PRISM data.",mm/month,Climate Water Balance
CAT_PPT_JUL1987,"Mean monthly precip (mm) for the watershed for July 1987, from 4-km PRISM data.",mm/month,Climate Water Balance
CAT_PPT_AUG1987,"Mean monthly precip (mm) for the watershed for August 1987, from 4-km PRISM data.",mm/month,Climate Water Balance
CAT_PPT_SEP1987,"Mean monthly precip (mm) for the watershed for September 1987, from 4-km PRISM data.",mm/month,Climate Water Balance
CAT_PPT_OCT1987,"Mean monthly precip (mm) for the watershed for October 1987, from 4-km PRISM data.",mm/month,Climate Water Balance
CAT_PPT_NOV1987,"Mean monthly precip (mm) for the watershed for November 1987, from 4-km PRISM data.",mm/month,Climate Water Balance
CAT_PPT_DEC1987,"Mean monthly precip (mm) for the watershed for December 1987, from 4-km PRISM data.",mm/month,Climate Water Balance
CAT_PPT_JAN1986,"Mean monthly precip (mm) for the watershed for January 1986, from 4-km PRISM data.",mm/month,Climate Water Balance
CAT_PPT_FEB1986,"Mean monthly precip (mm) for the watershed for Febuary 1986, from 4-km PRISM data.",mm/month,Climate Water Balance
CAT_PPT_MAR1986,"Mean monthly precip (mm) for the watershed for March 1986, from 4-km PRISM data.",mm/month,Climate Water Balance
CAT_PPT_APR1986,"Mean monthly precip (mm) for the watershed for April 1986, from 4-km PRISM data.",mm/month,Climate Water Balance
CAT_PPT_MAY1986,"Mean monthly precip (mm) for the watershed for May 1986, from 4-km PRISM data.",mm/month,Climate Water Balance
CAT_PPT_JUN1986,"Mean monthly precip (mm) for the watershed for June 1986, from 4-km PRISM data.",mm/month,Climate Water Balance
CAT_PPT_JUL1986,"Mean monthly precip (mm) for the watershed for July 1986, from 4-km PRISM data.",mm/month,Climate Water Balance
CAT_PPT_AUG1986,"Mean monthly precip (mm) for the watershed for August 1986, from 4-km PRISM data.",mm/month,Climate Water Balance
CAT_PPT_SEP1986,"Mean monthly precip (mm) for the watershed for September 1986, from 4-km PRISM data.",mm/month,Climate Water Balance
CAT_PPT_OCT1986,"Mean monthly precip (mm) for the watershed for October 1986, from 4-km PRISM data.",mm/month,Climate Water Balance
CAT_PPT_NOV1986,"Mean monthly precip (mm) for the watershed for November 1986, from 4-km PRISM data.",mm/month,Climate Water Balance
CAT_PPT_DEC1986,"Mean monthly precip (mm) for the watershed for December 1986, from 4-km PRISM data.",mm/month,Climate Water Balance
CAT_PPT_JAN1985,"Mean monthly precip (mm) for the watershed for January 1985, from 4-km PRISM data.",mm/month,Climate Water Balance
CAT_PPT_FEB1985,"Mean monthly precip (mm) for the watershed for Febuary 1985, from 4-km PRISM data.",mm/month,Climate Water Balance
CAT_PPT_MAR1985,"Mean monthly precip (mm) for the watershed for March 1985, from 4-km PRISM data.",mm/month,Climate Water Balance
CAT_PPT_APR1985,"Mean monthly precip (mm) for the watershed for April 1985, from 4-km PRISM data.",mm/month,Climate Water Balance
CAT_PPT_MAY1985,"Mean monthly precip (mm) for the watershed for May 1985, from 4-km PRISM data.",mm/month,Climate Water Balance
CAT_PPT_JUN1985,"Mean monthly precip (mm) for the watershed for June 1985, from 4-km PRISM data.",mm/month,Climate Water Balance
CAT_PPT_JUL1985,"Mean monthly precip (mm) for the watershed for July 1985, from 4-km PRISM data.",mm/month,Climate Water Balance
CAT_PPT_AUG1985,"Mean monthly precip (mm) for the watershed for August 1985, from 4-km PRISM data.",mm/month,Climate Water Balance
CAT_PPT_SEP1985,"Mean monthly precip (mm) for the watershed for September 1985, from 4-km PRISM data.",mm/month,Climate Water Balance
CAT_PPT_OCT1985,"Mean monthly precip (mm) for the watershed for October 1985, from 4-km PRISM data.",mm/month,Climate Water Balance
CAT_PPT_NOV1985,"Mean monthly precip (mm) for the watershed for November 1985, from 4-km PRISM data.",mm/month,Climate Water Balance
CAT_PPT_DEC1985,"Mean monthly precip (mm) for the watershed for December 1985, from 4-km PRISM data.",mm/month,Climate Water Balance
CAT_PPT_JAN1984,"Mean monthly precip (mm) for the watershed for January 1984, from 4-km PRISM data.",mm/month,Climate Water Balance
CAT_PPT_FEB1984,"Mean monthly precip (mm) for the watershed for Febuary 1984, from 4-km PRISM data.",mm/month,Climate Water Balance
CAT_PPT_MAR1984,"Mean monthly precip (mm) for the watershed for March 1984, from 4-km PRISM data.",mm/month,Climate Water Balance
CAT_PPT_APR1984,"Mean monthly precip (mm) for the watershed for April 1984, from 4-km PRISM data.",mm/month,Climate Water Balance
CAT_PPT_MAY1984,"Mean monthly precip (mm) for the watershed for May 1984, from 4-km PRISM data.",mm/month,Climate Water Balance
CAT_PPT_JUN1984,"Mean monthly precip (mm) for the watershed for June 1984, from 4-km PRISM data.",mm/month,Climate Water Balance
CAT_PPT_JUL1984,"Mean monthly precip (mm) for the watershed for July 1984, from 4-km PRISM data.",mm/month,Climate Water Balance
CAT_PPT_AUG1984,"Mean monthly precip (mm) for the watershed for August 1984, from 4-km PRISM data.",mm/month,Climate Water Balance
CAT_PPT_SEP1984,"Mean monthly precip (mm) for the watershed for September 1984, from 4-km PRISM data.",mm/month,Climate Water Balance
CAT_PPT_OCT1984,"Mean monthly precip (mm) for the watershed for October 1984, from 4-km PRISM data.",mm/month,Climate Water Balance
CAT_PPT_NOV1984,"Mean monthly precip (mm) for the watershed for November 1984, from 4-km PRISM data.",mm/month,Climate Water Balance
CAT_PPT_DEC1984,"Mean monthly precip (mm) for the watershed for December 1984, from 4-km PRISM data.",mm/month,Climate Water Balance
CAT_PPT_JAN1983,"Mean monthly precip (mm) for the watershed for January 1983, from 4-km PRISM data.",mm/month,Climate Water Balance
CAT_PPT_FEB1983,"Mean monthly precip (mm) for the watershed for Febuary 1983, from 4-km PRISM data.",mm/month,Climate Water Balance
CAT_PPT_MAR1983,"Mean monthly precip (mm) for the watershed for March 1983, from 4-km PRISM data.",mm/month,Climate Water Balance
CAT_PPT_APR1983,"Mean monthly precip (mm) for the watershed for April 1983, from 4-km PRISM data.",mm/month,Climate Water Balance
CAT_PPT_MAY1983,"Mean monthly precip (mm) for the watershed for May 1983, from 4-km PRISM data.",mm/month,Climate Water Balance
CAT_PPT_JUN1983,"Mean monthly precip (mm) for the watershed for June 1983, from 4-km PRISM data.",mm/month,Climate Water Balance
CAT_PPT_JUL1983,"Mean monthly precip (mm) for the watershed for July 1983, from 4-km PRISM data.",mm/month,Climate Water Balance
CAT_PPT_AUG1983,"Mean monthly precip (mm) for the watershed for August 1983, from 4-km PRISM data.",mm/month,Climate Water Balance
CAT_PPT_SEP1983,"Mean monthly precip (mm) for the watershed for September 1983, from 4-km PRISM data.",mm/month,Climate Water Balance
CAT_PPT_OCT1983,"Mean monthly precip (mm) for the watershed for October 1983, from 4-km PRISM data.",mm/month,Climate Water Balance
CAT_PPT_NOV1983,"Mean monthly precip (mm) for the watershed for November 1983, from 4-km PRISM data.",mm/month,Climate Water Balance
CAT_PPT_DEC1983,"Mean monthly precip (mm) for the watershed for December 1983, from 4-km PRISM data.",mm/month,Climate Water Balance
CAT_PPT_JAN1982,"Mean monthly precip (mm) for the watershed for January 1982, from 4-km PRISM data.",mm/month,Climate Water Balance
CAT_PPT_FEB1982,"Mean monthly precip (mm) for the watershed for Febuary 1982, from 4-km PRISM data.",mm/month,Climate Water Balance
CAT_PPT_MAR1982,"Mean monthly precip (mm) for the watershed for March 1982, from 4-km PRISM data.",mm/month,Climate Water Balance
CAT_PPT_APR1982,"Mean monthly precip (mm) for the watershed for April 1982, from 4-km PRISM data.",mm/month,Climate Water Balance
CAT_PPT_MAY1982,"Mean monthly precip (mm) for the watershed for May 1982, from 4-km PRISM data.",mm/month,Climate Water Balance
CAT_PPT_JUN1982,"Mean monthly precip (mm) for the watershed for June 1982, from 4-km PRISM data.",mm/month,Climate Water Balance
CAT_PPT_JUL1982,"Mean monthly precip (mm) for the watershed for July 1982, from 4-km PRISM data.",mm/month,Climate Water Balance
CAT_PPT_AUG1982,"Mean monthly precip (mm) for the watershed for August 1982, from 4-km PRISM data.",mm/month,Climate Water Balance
CAT_PPT_SEP1982,"Mean monthly precip (mm) for the watershed for September 1982, from 4-km PRISM data.",mm/month,Climate Water Balance
CAT_PPT_OCT1982,"Mean monthly precip (mm) for the watershed for October 1982, from 4-km PRISM data.",mm/month,Climate Water Balance
CAT_PPT_NOV1982,"Mean monthly precip (mm) for the watershed for November 1982, from 4-km PRISM data.",mm/month,Climate Water Balance
CAT_PPT_DEC1982,"Mean monthly precip (mm) for the watershed for December 1982, from 4-km PRISM data.",mm/month,Climate Water Balance
CAT_PPT_JAN1981,"Mean monthly precip (mm) for the watershed for January 1981, from 4-km PRISM data.",mm/month,Climate Water Balance
CAT_PPT_FEB1981,"Mean monthly precip (mm) for the watershed for Febuary 1981, from 4-km PRISM data.",mm/month,Climate Water Balance
CAT_PPT_MAR1981,"Mean monthly precip (mm) for the watershed for March 1981, from 4-km PRISM data.",mm/month,Climate Water Balance
CAT_PPT_APR1981,"Mean monthly precip (mm) for the watershed for April 1981, from 4-km PRISM data.",mm/month,Climate Water Balance
CAT_PPT_MAY1981,"Mean monthly precip (mm) for the watershed for May 1981, from 4-km PRISM data.",mm/month,Climate Water Balance
CAT_PPT_JUN1981,"Mean monthly precip (mm) for the watershed for June 1981, from 4-km PRISM data.",mm/month,Climate Water Balance
CAT_PPT_JUL1981,"Mean monthly precip (mm) for the watershed for July 1981, from 4-km PRISM data.",mm/month,Climate Water Balance
CAT_PPT_AUG1981,"Mean monthly precip (mm) for the watershed for August 1981, from 4-km PRISM data.",mm/month,Climate Water Balance
CAT_PPT_SEP1981,"Mean monthly precip (mm) for the watershed for September 1981, from 4-km PRISM data.",mm/month,Climate Water Balance
CAT_PPT_OCT1981,"Mean monthly precip (mm) for the watershed for October 1981, from 4-km PRISM data.",mm/month,Climate Water Balance
CAT_PPT_NOV1981,"Mean monthly precip (mm) for the watershed for November 1981, from 4-km PRISM data.",mm/month,Climate Water Balance
CAT_PPT_DEC1981,"Mean monthly precip (mm) for the watershed for December 1981, from 4-km PRISM data.",mm/month,Climate Water Balance
CAT_PPT_JAN1980,"Mean monthly precip (mm) for the watershed for January 1980, from 4-km PRISM data.",mm/month,Climate Water Balance
CAT_PPT_FEB1980,"Mean monthly precip (mm) for the watershed for Febuary 1980, from 4-km PRISM data.",mm/month,Climate Water Balance
CAT_PPT_MAR1980,"Mean monthly precip (mm) for the watershed for March 1980, from 4-km PRISM data.",mm/month,Climate Water Balance
CAT_PPT_APR1980,"Mean monthly precip (mm) for the watershed for April 1980, from 4-km PRISM data.",mm/month,Climate Water Balance
CAT_PPT_MAY1980,"Mean monthly precip (mm) for the watershed for May 1980, from 4-km PRISM data.",mm/month,Climate Water Balance
CAT_PPT_JUN1980,"Mean monthly precip (mm) for the watershed for June 1980, from 4-km PRISM data.",mm/month,Climate Water Balance
CAT_PPT_JUL1980,"Mean monthly precip (mm) for the watershed for July 1980, from 4-km PRISM data.",mm/month,Climate Water Balance
CAT_PPT_AUG1980,"Mean monthly precip (mm) for the watershed for August 1980, from 4-km PRISM data.",mm/month,Climate Water Balance
CAT_PPT_SEP1980,"Mean monthly precip (mm) for the watershed for September 1980, from 4-km PRISM data.",mm/month,Climate Water Balance
CAT_PPT_OCT1980,"Mean monthly precip (mm) for the watershed for October 1980, from 4-km PRISM data.",mm/month,Climate Water Balance
CAT_PPT_NOV1980,"Mean monthly precip (mm) for the watershed for November 1980, from 4-km PRISM data.",mm/month,Climate Water Balance
CAT_PPT_DEC1980,"Mean monthly precip (mm) for the watershed for December 1980, from 4-km PRISM data.",mm/month,Climate Water Balance
CAT_PPT_JAN1979,"Mean monthly precip (mm) for the watershed for January 1979, from 4-km PRISM data.",mm/month,Climate Water Balance
CAT_PPT_FEB1979,"Mean monthly precip (mm) for the watershed for Febuary 1979, from 4-km PRISM data.",mm/month,Climate Water Balance
CAT_PPT_MAR1979,"Mean monthly precip (mm) for the watershed for March 1979, from 4-km PRISM data.",mm/month,Climate Water Balance
CAT_PPT_APR1979,"Mean monthly precip (mm) for the watershed for April 1979, from 4-km PRISM data.",mm/month,Climate Water Balance
CAT_PPT_MAY1979,"Mean monthly precip (mm) for the watershed for May 1979, from 4-km PRISM data.",mm/month,Climate Water Balance
CAT_PPT_JUN1979,"Mean monthly precip (mm) for the watershed for June 1979, from 4-km PRISM data.",mm/month,Climate Water Balance
CAT_PPT_JUL1979,"Mean monthly precip (mm) for the watershed for July 1979, from 4-km PRISM data.",mm/month,Climate Water Balance
CAT_PPT_AUG1979,"Mean monthly precip (mm) for the watershed for August 1979, from 4-km PRISM data.",mm/month,Climate Water Balance
CAT_PPT_SEP1979,"Mean monthly precip (mm) for the watershed for September 1979, from 4-km PRISM data.",mm/month,Climate Water Balance
CAT_PPT_OCT1979,"Mean monthly precip (mm) for the watershed for October 1979, from 4-km PRISM data.",mm/month,Climate Water Balance
CAT_PPT_NOV1979,"Mean monthly precip (mm) for the watershed for November 1979, from 4-km PRISM data.",mm/month,Climate Water Balance
CAT_PPT_DEC1979,"Mean monthly precip (mm) for the watershed for December 1979, from 4-km PRISM data.",mm/month,Climate Water Balance
CAT_PPT_JAN1978,"Mean monthly precip (mm) for the watershed for January 1978, from 4-km PRISM data.",mm/month,Climate Water Balance
CAT_PPT_FEB1978,"Mean monthly precip (mm) for the watershed for Febuary 1978, from 4-km PRISM data.",mm/month,Climate Water Balance
CAT_PPT_MAR1978,"Mean monthly precip (mm) for the watershed for March 1978, from 4-km PRISM data.",mm/month,Climate Water Balance
CAT_PPT_APR1978,"Mean monthly precip (mm) for the watershed for April 1978, from 4-km PRISM data.",mm/month,Climate Water Balance
CAT_PPT_MAY1978,"Mean monthly precip (mm) for the watershed for May 1978, from 4-km PRISM data.",mm/month,Climate Water Balance
CAT_PPT_JUN1978,"Mean monthly precip (mm) for the watershed for June 1978, from 4-km PRISM data.",mm/month,Climate Water Balance
CAT_PPT_JUL1978,"Mean monthly precip (mm) for the watershed for July 1978, from 4-km PRISM data.",mm/month,Climate Water Balance
CAT_PPT_AUG1978,"Mean monthly precip (mm) for the watershed for August 1978, from 4-km PRISM data.",mm/month,Climate Water Balance
CAT_PPT_SEP1978,"Mean monthly precip (mm) for the watershed for September 1978, from 4-km PRISM data.",mm/month,Climate Water Balance
CAT_PPT_OCT1978,"Mean monthly precip (mm) for the watershed for October 1978, from 4-km PRISM data.",mm/month,Climate Water Balance
CAT_PPT_NOV1978,"Mean monthly precip (mm) for the watershed for November 1978, from 4-km PRISM data.",mm/month,Climate Water Balance
CAT_PPT_DEC1978,"Mean monthly precip (mm) for the watershed for December 1978, from 4-km PRISM data.",mm/month,Climate Water Balance
CAT_PPT_JAN1977,"Mean monthly precip (mm) for the watershed for January 1977, from 4-km PRISM data.",mm/month,Climate Water Balance
CAT_PPT_FEB1977,"Mean monthly precip (mm) for the watershed for Febuary 1977, from 4-km PRISM data.",mm/month,Climate Water Balance
CAT_PPT_MAR1977,"Mean monthly precip (mm) for the watershed for March 1977, from 4-km PRISM data.",mm/month,Climate Water Balance
CAT_PPT_APR1977,"Mean monthly precip (mm) for the watershed for April 1977, from 4-km PRISM data.",mm/month,Climate Water Balance
CAT_PPT_MAY1977,"Mean monthly precip (mm) for the watershed for May 1977, from 4-km PRISM data.",mm/month,Climate Water Balance
CAT_PPT_JUN1977,"Mean monthly precip (mm) for the watershed for June 1977, from 4-km PRISM data.",mm/month,Climate Water Balance
CAT_PPT_JUL1977,"Mean monthly precip (mm) for the watershed for July 1977, from 4-km PRISM data.",mm/month,Climate Water Balance
CAT_PPT_AUG1977,"Mean monthly precip (mm) for the watershed for August 1977, from 4-km PRISM data.",mm/month,Climate Water Balance
CAT_PPT_SEP1977,"Mean monthly precip (mm) for the watershed for September 1977, from 4-km PRISM data.",mm/month,Climate Water Balance
CAT_PPT_OCT1977,"Mean monthly precip (mm) for the watershed for October 1977, from 4-km PRISM data.",mm/month,Climate Water Balance
CAT_PPT_NOV1977,"Mean monthly precip (mm) for the watershed for November 1977, from 4-km PRISM data.",mm/month,Climate Water Balance
CAT_PPT_DEC1977,"Mean monthly precip (mm) for the watershed for December 1977, from 4-km PRISM data.",mm/month,Climate Water Balance
CAT_PPT_JAN1976,"Mean monthly precip (mm) for the watershed for January 1976, from 4-km PRISM data.",mm/month,Climate Water Balance
CAT_PPT_FEB1976,"Mean monthly precip (mm) for the watershed for Febuary 1976, from 4-km PRISM data.",mm/month,Climate Water Balance
CAT_PPT_MAR1976,"Mean monthly precip (mm) for the watershed for March 1976, from 4-km PRISM data.",mm/month,Climate Water Balance
CAT_PPT_APR1976,"Mean monthly precip (mm) for the watershed for April 1976, from 4-km PRISM data.",mm/month,Climate Water Balance
CAT_PPT_MAY1976,"Mean monthly precip (mm) for the watershed for May 1976, from 4-km PRISM data.",mm/month,Climate Water Balance
CAT_PPT_JUN1976,"Mean monthly precip (mm) for the watershed for June 1976, from 4-km PRISM data.",mm/month,Climate Water Balance
CAT_PPT_JUL1976,"Mean monthly precip (mm) for the watershed for July 1976, from 4-km PRISM data.",mm/month,Climate Water Balance
CAT_PPT_AUG1976,"Mean monthly precip (mm) for the watershed for August 1976, from 4-km PRISM data.",mm/month,Climate Water Balance
CAT_PPT_SEP1976,"Mean monthly precip (mm) for the watershed for September 1976, from 4-km PRISM data.",mm/month,Climate Water Balance
CAT_PPT_OCT1976,"Mean monthly precip (mm) for the watershed for October 1976, from 4-km PRISM data.",mm/month,Climate Water Balance
CAT_PPT_NOV1976,"Mean monthly precip (mm) for the watershed for November 1976, from 4-km PRISM data.",mm/month,Climate Water Balance
CAT_PPT_DEC1976,"Mean monthly precip (mm) for the watershed for December 1976, from 4-km PRISM data.",mm/month,Climate Water Balance
CAT_PPT_JAN1975,"Mean monthly precip (mm) for the watershed for January 1975, from 4-km PRISM data.",mm/month,Climate Water Balance
CAT_PPT_FEB1975,"Mean monthly precip (mm) for the watershed for Febuary 1975, from 4-km PRISM data.",mm/month,Climate Water Balance
CAT_PPT_MAR1975,"Mean monthly precip (mm) for the watershed for March 1975, from 4-km PRISM data.",mm/month,Climate Water Balance
CAT_PPT_APR1975,"Mean monthly precip (mm) for the watershed for April 1975, from 4-km PRISM data.",mm/month,Climate Water Balance
CAT_PPT_MAY1975,"Mean monthly precip (mm) for the watershed for May 1975, from 4-km PRISM data.",mm/month,Climate Water Balance
CAT_PPT_JUN1975,"Mean monthly precip (mm) for the watershed for June 1975, from 4-km PRISM data.",mm/month,Climate Water Balance
CAT_PPT_JUL1975,"Mean monthly precip (mm) for the watershed for July 1975, from 4-km PRISM data.",mm/month,Climate Water Balance
CAT_PPT_AUG1975,"Mean monthly precip (mm) for the watershed for August 1975, from 4-km PRISM data.",mm/month,Climate Water Balance
CAT_PPT_SEP1975,"Mean monthly precip (mm) for the watershed for September 1975, from 4-km PRISM data.",mm/month,Climate Water Balance
CAT_PPT_OCT1975,"Mean monthly precip (mm) for the watershed for October 1975, from 4-km PRISM data.",mm/month,Climate Water Balance
CAT_PPT_NOV1975,"Mean monthly precip (mm) for the watershed for November 1975, from 4-km PRISM data.",mm/month,Climate Water Balance
CAT_PPT_DEC1975,"Mean monthly precip (mm) for the watershed for December 1975, from 4-km PRISM data.",mm/month,Climate Water Balance
CAT_PPT_JAN1974,"Mean monthly precip (mm) for the watershed for January 1974, from 4-km PRISM data.",mm/month,Climate Water Balance
CAT_PPT_FEB1974,"Mean monthly precip (mm) for the watershed for Febuary 1974, from 4-km PRISM data.",mm/month,Climate Water Balance
CAT_PPT_MAR1974,"Mean monthly precip (mm) for the watershed for March 1974, from 4-km PRISM data.",mm/month,Climate Water Balance
CAT_PPT_APR1974,"Mean monthly precip (mm) for the watershed for April 1974, from 4-km PRISM data.",mm/month,Climate Water Balance
CAT_PPT_MAY1974,"Mean monthly precip (mm) for the watershed for May 1974, from 4-km PRISM data.",mm/month,Climate Water Balance
CAT_PPT_JUN1974,"Mean monthly precip (mm) for the watershed for June 1974, from 4-km PRISM data.",mm/month,Climate Water Balance
CAT_PPT_JUL1974,"Mean monthly precip (mm) for the watershed for July 1974, from 4-km PRISM data.",mm/month,Climate Water Balance
CAT_PPT_AUG1974,"Mean monthly precip (mm) for the watershed for August 1974, from 4-km PRISM data.",mm/month,Climate Water Balance
CAT_PPT_SEP1974,"Mean monthly precip (mm) for the watershed for September 1974, from 4-km PRISM data.",mm/month,Climate Water Balance
CAT_PPT_OCT1974,"Mean monthly precip (mm) for the watershed for October 1974, from 4-km PRISM data.",mm/month,Climate Water Balance
CAT_PPT_NOV1974,"Mean monthly precip (mm) for the watershed for November 1974, from 4-km PRISM data.",mm/month,Climate Water Balance
CAT_PPT_DEC1974,"Mean monthly precip (mm) for the watershed for December 1974, from 4-km PRISM data.",mm/month,Climate Water Balance
CAT_PPT_JAN1973,"Mean monthly precip (mm) for the watershed for January 1973, from 4-km PRISM data.",mm/month,Climate Water Balance
CAT_PPT_FEB1973,"Mean monthly precip (mm) for the watershed for Febuary 1973, from 4-km PRISM data.",mm/month,Climate Water Balance
CAT_PPT_MAR1973,"Mean monthly precip (mm) for the watershed for March 1973, from 4-km PRISM data.",mm/month,Climate Water Balance
CAT_PPT_APR1973,"Mean monthly precip (mm) for the watershed for April 1973, from 4-km PRISM data.",mm/month,Climate Water Balance
CAT_PPT_MAY1973,"Mean monthly precip (mm) for the watershed for May 1973, from 4-km PRISM data.",mm/month,Climate Water Balance
CAT_PPT_JUN1973,"Mean monthly precip (mm) for the watershed for June 1973, from 4-km PRISM data.",mm/month,Climate Water Balance
CAT_PPT_JUL1973,"Mean monthly precip (mm) for the watershed for July 1973, from 4-km PRISM data.",mm/month,Climate Water Balance
CAT_PPT_AUG1973,"Mean monthly precip (mm) for the watershed for August 1973, from 4-km PRISM data.",mm/month,Climate Water Balance
CAT_PPT_SEP1973,"Mean monthly precip (mm) for the watershed for September 1973, from 4-km PRISM data.",mm/month,Climate Water Balance
CAT_PPT_OCT1973,"Mean monthly precip (mm) for the watershed for October 1973, from 4-km PRISM data.",mm/month,Climate Water Balance
CAT_PPT_NOV1973,"Mean monthly precip (mm) for the watershed for November 1973, from 4-km PRISM data.",mm/month,Climate Water Balance
CAT_PPT_DEC1973,"Mean monthly precip (mm) for the watershed for December 1973, from 4-km PRISM data.",mm/month,Climate Water Balance
CAT_PPT_JAN1972,"Mean monthly precip (mm) for the watershed for January 1972, from 4-km PRISM data.",mm/month,Climate Water Balance
CAT_PPT_FEB1972,"Mean monthly precip (mm) for the watershed for Febuary 1972, from 4-km PRISM data.",mm/month,Climate Water Balance
CAT_PPT_MAR1972,"Mean monthly precip (mm) for the watershed for March 1972, from 4-km PRISM data.",mm/month,Climate Water Balance
CAT_PPT_APR1972,"Mean monthly precip (mm) for the watershed for April 1972, from 4-km PRISM data.",mm/month,Climate Water Balance
CAT_PPT_MAY1972,"Mean monthly precip (mm) for the watershed for May 1972, from 4-km PRISM data.",mm/month,Climate Water Balance
CAT_PPT_JUN1972,"Mean monthly precip (mm) for the watershed for June 1972, from 4-km PRISM data.",mm/month,Climate Water Balance
CAT_PPT_JUL1972,"Mean monthly precip (mm) for the watershed for July 1972, from 4-km PRISM data.",mm/month,Climate Water Balance
CAT_PPT_AUG1972,"Mean monthly precip (mm) for the watershed for August 1972, from 4-km PRISM data.",mm/month,Climate Water Balance
CAT_PPT_SEP1972,"Mean monthly precip (mm) for the watershed for September 1972, from 4-km PRISM data.",mm/month,Climate Water Balance
CAT_PPT_OCT1972,"Mean monthly precip (mm) for the watershed for October 1972, from 4-km PRISM data.",mm/month,Climate Water Balance
CAT_PPT_NOV1972,"Mean monthly precip (mm) for the watershed for November 1972, from 4-km PRISM data.",mm/month,Climate Water Balance
CAT_PPT_DEC1972,"Mean monthly precip (mm) for the watershed for December 1972, from 4-km PRISM data.",mm/month,Climate Water Balance
CAT_PPT_JAN1971,"Mean monthly precip (mm) for the watershed for January 1971, from 4-km PRISM data.",mm/month,Climate Water Balance
CAT_PPT_FEB1971,"Mean monthly precip (mm) for the watershed for Febuary 1971, from 4-km PRISM data.",mm/month,Climate Water Balance
CAT_PPT_MAR1971,"Mean monthly precip (mm) for the watershed for March 1971, from 4-km PRISM data.",mm/month,Climate Water Balance
CAT_PPT_APR1971,"Mean monthly precip (mm) for the watershed for April 1971, from 4-km PRISM data.",mm/month,Climate Water Balance
CAT_PPT_MAY1971,"Mean monthly precip (mm) for the watershed for May 1971, from 4-km PRISM data.",mm/month,Climate Water Balance
CAT_PPT_JUN1971,"Mean monthly precip (mm) for the watershed for June 1971, from 4-km PRISM data.",mm/month,Climate Water Balance
CAT_PPT_JUL1971,"Mean monthly precip (mm) for the watershed for July 1971, from 4-km PRISM data.",mm/month,Climate Water Balance
CAT_PPT_AUG1971,"Mean monthly precip (mm) for the watershed for August 1971, from 4-km PRISM data.",mm/month,Climate Water Balance
CAT_PPT_SEP1971,"Mean monthly precip (mm) for the watershed for September 1971, from 4-km PRISM data.",mm/month,Climate Water Balance
CAT_PPT_OCT1971,"Mean monthly precip (mm) for the watershed for October 1971, from 4-km PRISM data.",mm/month,Climate Water Balance
CAT_PPT_NOV1971,"Mean monthly precip (mm) for the watershed for November 1971, from 4-km PRISM data.",mm/month,Climate Water Balance
CAT_PPT_DEC1971,"Mean monthly precip (mm) for the watershed for December 1971, from 4-km PRISM data.",mm/month,Climate Water Balance
CAT_PPT_JAN1970,"Mean monthly precip (mm) for the watershed for January 1970, from 4-km PRISM data.",mm/month,Climate Water Balance
CAT_PPT_FEB1970,"Mean monthly precip (mm) for the watershed for Febuary 1970, from 4-km PRISM data.",mm/month,Climate Water Balance
CAT_PPT_MAR1970,"Mean monthly precip (mm) for the watershed for March 1970, from 4-km PRISM data.",mm/month,Climate Water Balance
CAT_PPT_APR1970,"Mean monthly precip (mm) for the watershed for April 1970, from 4-km PRISM data.",mm/month,Climate Water Balance
CAT_PPT_MAY1970,"Mean monthly precip (mm) for the watershed for May 1970, from 4-km PRISM data.",mm/month,Climate Water Balance
CAT_PPT_JUN1970,"Mean monthly precip (mm) for the watershed for June 1970, from 4-km PRISM data.",mm/month,Climate Water Balance
CAT_PPT_JUL1970,"Mean monthly precip (mm) for the watershed for July 1970, from 4-km PRISM data.",mm/month,Climate Water Balance
CAT_PPT_AUG1970,"Mean monthly precip (mm) for the watershed for August 1970, from 4-km PRISM data.",mm/month,Climate Water Balance
CAT_PPT_SEP1970,"Mean monthly precip (mm) for the watershed for September 1970, from 4-km PRISM data.",mm/month,Climate Water Balance
CAT_PPT_OCT1970,"Mean monthly precip (mm) for the watershed for October 1970, from 4-km PRISM data.",mm/month,Climate Water Balance
CAT_PPT_NOV1970,"Mean monthly precip (mm) for the watershed for November 1970, from 4-km PRISM data.",mm/month,Climate Water Balance
CAT_PPT_DEC1970,"Mean monthly precip (mm) for the watershed for December 1970, from 4-km PRISM data.",mm/month,Climate Water Balance
CAT_PPT_JAN1969,"Mean monthly precip (mm) for the watershed for January 1969, from 4-km PRISM data.",mm/month,Climate Water Balance
CAT_PPT_FEB1969,"Mean monthly precip (mm) for the watershed for Febuary 1969, from 4-km PRISM data.",mm/month,Climate Water Balance
CAT_PPT_MAR1969,"Mean monthly precip (mm) for the watershed for March 1969, from 4-km PRISM data.",mm/month,Climate Water Balance
CAT_PPT_APR1969,"Mean monthly precip (mm) for the watershed for April 1969, from 4-km PRISM data.",mm/month,Climate Water Balance
CAT_PPT_MAY1969,"Mean monthly precip (mm) for the watershed for May 1969, from 4-km PRISM data.",mm/month,Climate Water Balance
CAT_PPT_JUN1969,"Mean monthly precip (mm) for the watershed for June 1969, from 4-km PRISM data.",mm/month,Climate Water Balance
CAT_PPT_JUL1969,"Mean monthly precip (mm) for the watershed for July 1969, from 4-km PRISM data.",mm/month,Climate Water Balance
CAT_PPT_AUG1969,"Mean monthly precip (mm) for the watershed for August 1969, from 4-km PRISM data.",mm/month,Climate Water Balance
CAT_PPT_SEP1969,"Mean monthly precip (mm) for the watershed for September 1969, from 4-km PRISM data.",mm/month,Climate Water Balance
CAT_PPT_OCT1969,"Mean monthly precip (mm) for the watershed for October 1969, from 4-km PRISM data.",mm/month,Climate Water Balance
CAT_PPT_NOV1969,"Mean monthly precip (mm) for the watershed for November 1969, from 4-km PRISM data.",mm/month,Climate Water Balance
CAT_PPT_DEC1969,"Mean monthly precip (mm) for the watershed for December 1969, from 4-km PRISM data.",mm/month,Climate Water Balance
CAT_PPT_JAN1968,"Mean monthly precip (mm) for the watershed for January 1968, from 4-km PRISM data.",mm/month,Climate Water Balance
CAT_PPT_FEB1968,"Mean monthly precip (mm) for the watershed for Febuary 1968, from 4-km PRISM data.",mm/month,Climate Water Balance
CAT_PPT_MAR1968,"Mean monthly precip (mm) for the watershed for March 1968, from 4-km PRISM data.",mm/month,Climate Water Balance
CAT_PPT_APR1968,"Mean monthly precip (mm) for the watershed for April 1968, from 4-km PRISM data.",mm/month,Climate Water Balance
CAT_PPT_MAY1968,"Mean monthly precip (mm) for the watershed for May 1968, from 4-km PRISM data.",mm/month,Climate Water Balance
CAT_PPT_JUN1968,"Mean monthly precip (mm) for the watershed for June 1968, from 4-km PRISM data.",mm/month,Climate Water Balance
CAT_PPT_JUL1968,"Mean monthly precip (mm) for the watershed for July 1968, from 4-km PRISM data.",mm/month,Climate Water Balance
CAT_PPT_AUG1968,"Mean monthly precip (mm) for the watershed for August 1968, from 4-km PRISM data.",mm/month,Climate Water Balance
CAT_PPT_SEP1968,"Mean monthly precip (mm) for the watershed for September 1968, from 4-km PRISM data.",mm/month,Climate Water Balance
CAT_PPT_OCT1968,"Mean monthly precip (mm) for the watershed for October 1968, from 4-km PRISM data.",mm/month,Climate Water Balance
CAT_PPT_NOV1968,"Mean monthly precip (mm) for the watershed for November 1968, from 4-km PRISM data.",mm/month,Climate Water Balance
CAT_PPT_DEC1968,"Mean monthly precip (mm) for the watershed for December 1968, from 4-km PRISM data.",mm/month,Climate Water Balance
CAT_PPT_JAN1967,"Mean monthly precip (mm) for the watershed for January 1967, from 4-km PRISM data.",mm/month,Climate Water Balance
CAT_PPT_FEB1967,"Mean monthly precip (mm) for the watershed for Febuary 1967, from 4-km PRISM data.",mm/month,Climate Water Balance
CAT_PPT_MAR1967,"Mean monthly precip (mm) for the watershed for March 1967, from 4-km PRISM data.",mm/month,Climate Water Balance
CAT_PPT_APR1967,"Mean monthly precip (mm) for the watershed for April 1967, from 4-km PRISM data.",mm/month,Climate Water Balance
CAT_PPT_MAY1967,"Mean monthly precip (mm) for the watershed for May 1967, from 4-km PRISM data.",mm/month,Climate Water Balance
CAT_PPT_JUN1967,"Mean monthly precip (mm) for the watershed for June 1967, from 4-km PRISM data.",mm/month,Climate Water Balance
CAT_PPT_JUL1967,"Mean monthly precip (mm) for the watershed for July 1967, from 4-km PRISM data.",mm/month,Climate Water Balance
CAT_PPT_AUG1967,"Mean monthly precip (mm) for the watershed for August 1967, from 4-km PRISM data.",mm/month,Climate Water Balance
CAT_PPT_SEP1967,"Mean monthly precip (mm) for the watershed for September 1967, from 4-km PRISM data.",mm/month,Climate Water Balance
CAT_PPT_OCT1967,"Mean monthly precip (mm) for the watershed for October 1967, from 4-km PRISM data.",mm/month,Climate Water Balance
CAT_PPT_NOV1967,"Mean monthly precip (mm) for the watershed for November 1967, from 4-km PRISM data.",mm/month,Climate Water Balance
CAT_PPT_DEC1967,"Mean monthly precip (mm) for the watershed for December 1967, from 4-km PRISM data.",mm/month,Climate Water Balance
CAT_PPT_JAN1966,"Mean monthly precip (mm) for the watershed for January 1966, from 4-km PRISM data.",mm/month,Climate Water Balance
CAT_PPT_FEB1966,"Mean monthly precip (mm) for the watershed for Febuary 1966, from 4-km PRISM data.",mm/month,Climate Water Balance
CAT_PPT_MAR1966,"Mean monthly precip (mm) for the watershed for March 1966, from 4-km PRISM data.",mm/month,Climate Water Balance
CAT_PPT_APR1966,"Mean monthly precip (mm) for the watershed for April 1966, from 4-km PRISM data.",mm/month,Climate Water Balance
CAT_PPT_MAY1966,"Mean monthly precip (mm) for the watershed for May 1966, from 4-km PRISM data.",mm/month,Climate Water Balance
CAT_PPT_JUN1966,"Mean monthly precip (mm) for the watershed for June 1966, from 4-km PRISM data.",mm/month,Climate Water Balance
CAT_PPT_JUL1966,"Mean monthly precip (mm) for the watershed for July 1966, from 4-km PRISM data.",mm/month,Climate Water Balance
CAT_PPT_AUG1966,"Mean monthly precip (mm) for the watershed for August 1966, from 4-km PRISM data.",mm/month,Climate Water Balance
CAT_PPT_SEP1966,"Mean monthly precip (mm) for the watershed for September 1966, from 4-km PRISM data.",mm/month,Climate Water Balance
CAT_PPT_OCT1966,"Mean monthly precip (mm) for the watershed for October 1966, from 4-km PRISM data.",mm/month,Climate Water Balance
CAT_PPT_NOV1966,"Mean monthly precip (mm) for the watershed for November 1966, from 4-km PRISM data.",mm/month,Climate Water Balance
CAT_PPT_DEC1966,"Mean monthly precip (mm) for the watershed for December 1966, from 4-km PRISM data.",mm/month,Climate Water Balance
CAT_PPT_JAN1965,"Mean monthly precip (mm) for the watershed for January 1965, from 4-km PRISM data.",mm/month,Climate Water Balance
CAT_PPT_FEB1965,"Mean monthly precip (mm) for the watershed for Febuary 1965, from 4-km PRISM data.",mm/month,Climate Water Balance
CAT_PPT_MAR1965,"Mean monthly precip (mm) for the watershed for March 1965, from 4-km PRISM data.",mm/month,Climate Water Balance
CAT_PPT_APR1965,"Mean monthly precip (mm) for the watershed for April 1965, from 4-km PRISM data.",mm/month,Climate Water Balance
CAT_PPT_MAY1965,"Mean monthly precip (mm) for the watershed for May 1965, from 4-km PRISM data.",mm/month,Climate Water Balance
CAT_PPT_JUN1965,"Mean monthly precip (mm) for the watershed for June 1965, from 4-km PRISM data.",mm/month,Climate Water Balance
CAT_PPT_JUL1965,"Mean monthly precip (mm) for the watershed for July 1965, from 4-km PRISM data.",mm/month,Climate Water Balance
CAT_PPT_AUG1965,"Mean monthly precip (mm) for the watershed for August 1965, from 4-km PRISM data.",mm/month,Climate Water Balance
CAT_PPT_SEP1965,"Mean monthly precip (mm) for the watershed for September 1965, from 4-km PRISM data.",mm/month,Climate Water Balance
CAT_PPT_OCT1965,"Mean monthly precip (mm) for the watershed for October 1965, from 4-km PRISM data.",mm/month,Climate Water Balance
CAT_PPT_NOV1965,"Mean monthly precip (mm) for the watershed for November 1965, from 4-km PRISM data.",mm/month,Climate Water Balance
CAT_PPT_DEC1965,"Mean monthly precip (mm) for the watershed for December 1965, from 4-km PRISM data.",mm/month,Climate Water Balance
CAT_PPT_JAN1964,"Mean monthly precip (mm) for the watershed for January 1964, from 4-km PRISM data.",mm/month,Climate Water Balance
CAT_PPT_FEB1964,"Mean monthly precip (mm) for the watershed for Febuary 1964, from 4-km PRISM data.",mm/month,Climate Water Balance
CAT_PPT_MAR1964,"Mean monthly precip (mm) for the watershed for March 1964, from 4-km PRISM data.",mm/month,Climate Water Balance
CAT_PPT_APR1964,"Mean monthly precip (mm) for the watershed for April 1964, from 4-km PRISM data.",mm/month,Climate Water Balance
CAT_PPT_MAY1964,"Mean monthly precip (mm) for the watershed for May 1964, from 4-km PRISM data.",mm/month,Climate Water Balance
CAT_PPT_JUN1964,"Mean monthly precip (mm) for the watershed for June 1964, from 4-km PRISM data.",mm/month,Climate Water Balance
CAT_PPT_JUL1964,"Mean monthly precip (mm) for the watershed for July 1964, from 4-km PRISM data.",mm/month,Climate Water Balance
CAT_PPT_AUG1964,"Mean monthly precip (mm) for the watershed for August 1964, from 4-km PRISM data.",mm/month,Climate Water Balance
CAT_PPT_SEP1964,"Mean monthly precip (mm) for the watershed for September 1964, from 4-km PRISM data.",mm/month,Climate Water Balance
CAT_PPT_OCT1964,"Mean monthly precip (mm) for the watershed for October 1964, from 4-km PRISM data.",mm/month,Climate Water Balance
CAT_PPT_NOV1964,"Mean monthly precip (mm) for the watershed for November 1964, from 4-km PRISM data.",mm/month,Climate Water Balance
CAT_PPT_DEC1964,"Mean monthly precip (mm) for the watershed for December 1964, from 4-km PRISM data.",mm/month,Climate Water Balance
CAT_PPT_JAN1963,"Mean monthly precip (mm) for the watershed for January 1963, from 4-km PRISM data.",mm/month,Climate Water Balance
CAT_PPT_FEB1963,"Mean monthly precip (mm) for the watershed for Febuary 1963, from 4-km PRISM data.",mm/month,Climate Water Balance
CAT_PPT_MAR1963,"Mean monthly precip (mm) for the watershed for March 1963, from 4-km PRISM data.",mm/month,Climate Water Balance
CAT_PPT_APR1963,"Mean monthly precip (mm) for the watershed for April 1963, from 4-km PRISM data.",mm/month,Climate Water Balance
CAT_PPT_MAY1963,"Mean monthly precip (mm) for the watershed for May 1963, from 4-km PRISM data.",mm/month,Climate Water Balance
CAT_PPT_JUN1963,"Mean monthly precip (mm) for the watershed for June 1963, from 4-km PRISM data.",mm/month,Climate Water Balance
CAT_PPT_JUL1963,"Mean monthly precip (mm) for the watershed for July 1963, from 4-km PRISM data.",mm/month,Climate Water Balance
CAT_PPT_AUG1963,"Mean monthly precip (mm) for the watershed for August 1963, from 4-km PRISM data.",mm/month,Climate Water Balance
CAT_PPT_SEP1963,"Mean monthly precip (mm) for the watershed for September 1963, from 4-km PRISM data.",mm/month,Climate Water Balance
CAT_PPT_OCT1963,"Mean monthly precip (mm) for the watershed for October 1963, from 4-km PRISM data.",mm/month,Climate Water Balance
CAT_PPT_NOV1963,"Mean monthly precip (mm) for the watershed for November 1963, from 4-km PRISM data.",mm/month,Climate Water Balance
CAT_PPT_DEC1963,"Mean monthly precip (mm) for the watershed for December 1963, from 4-km PRISM data.",mm/month,Climate Water Balance
CAT_PPT_JAN1962,"Mean monthly precip (mm) for the watershed for January 1962, from 4-km PRISM data.",mm/month,Climate Water Balance
CAT_PPT_FEB1962,"Mean monthly precip (mm) for the watershed for Febuary 1962, from 4-km PRISM data.",mm/month,Climate Water Balance
CAT_PPT_MAR1962,"Mean monthly precip (mm) for the watershed for March 1962, from 4-km PRISM data.",mm/month,Climate Water Balance
CAT_PPT_APR1962,"Mean monthly precip (mm) for the watershed for April 1962, from 4-km PRISM data.",mm/month,Climate Water Balance
CAT_PPT_MAY1962,"Mean monthly precip (mm) for the watershed for May 1962, from 4-km PRISM data.",mm/month,Climate Water Balance
CAT_PPT_JUN1962,"Mean monthly precip (mm) for the watershed for June 1962, from 4-km PRISM data.",mm/month,Climate Water Balance
CAT_PPT_JUL1962,"Mean monthly precip (mm) for the watershed for July 1962, from 4-km PRISM data.",mm/month,Climate Water Balance
CAT_PPT_AUG1962,"Mean monthly precip (mm) for the watershed for August 1962, from 4-km PRISM data.",mm/month,Climate Water Balance
CAT_PPT_SEP1962,"Mean monthly precip (mm) for the watershed for September 1962, from 4-km PRISM data.",mm/month,Climate Water Balance
CAT_PPT_OCT1962,"Mean monthly precip (mm) for the watershed for October 1962, from 4-km PRISM data.",mm/month,Climate Water Balance
CAT_PPT_NOV1962,"Mean monthly precip (mm) for the watershed for November 1962, from 4-km PRISM data.",mm/month,Climate Water Balance
CAT_PPT_DEC1962,"Mean monthly precip (mm) for the watershed for December 1962, from 4-km PRISM data.",mm/month,Climate Water Balance
CAT_PPT_JAN1961,"Mean monthly precip (mm) for the watershed for January 1961, from 4-km PRISM data.",mm/month,Climate Water Balance
CAT_PPT_FEB1961,"Mean monthly precip (mm) for the watershed for Febuary 1961, from 4-km PRISM data.",mm/month,Climate Water Balance
CAT_PPT_MAR1961,"Mean monthly precip (mm) for the watershed for March 1961, from 4-km PRISM data.",mm/month,Climate Water Balance
CAT_PPT_APR1961,"Mean monthly precip (mm) for the watershed for April 1961, from 4-km PRISM data.",mm/month,Climate Water Balance
CAT_PPT_MAY1961,"Mean monthly precip (mm) for the watershed for May 1961, from 4-km PRISM data.",mm/month,Climate Water Balance
CAT_PPT_JUN1961,"Mean monthly precip (mm) for the watershed for June 1961, from 4-km PRISM data.",mm/month,Climate Water Balance
CAT_PPT_JUL1961,"Mean monthly precip (mm) for the watershed for July 1961, from 4-km PRISM data.",mm/month,Climate Water Balance
CAT_PPT_AUG1961,"Mean monthly precip (mm) for the watershed for August 1961, from 4-km PRISM data.",mm/month,Climate Water Balance
CAT_PPT_SEP1961,"Mean monthly precip (mm) for the watershed for September 1961, from 4-km PRISM data.",mm/month,Climate Water Balance
CAT_PPT_OCT1961,"Mean monthly precip (mm) for the watershed for October 1961, from 4-km PRISM data.",mm/month,Climate Water Balance
CAT_PPT_NOV1961,"Mean monthly precip (mm) for the watershed for November 1961, from 4-km PRISM data.",mm/month,Climate Water Balance
CAT_PPT_DEC1961,"Mean monthly precip (mm) for the watershed for December 1961, from 4-km PRISM data.",mm/month,Climate Water Balance
CAT_PPT_JAN1960,"Mean monthly precip (mm) for the watershed for January 1960, from 4-km PRISM data.",mm/month,Climate Water Balance
CAT_PPT_FEB1960,"Mean monthly precip (mm) for the watershed for Febuary 1960, from 4-km PRISM data.",mm/month,Climate Water Balance
CAT_PPT_MAR1960,"Mean monthly precip (mm) for the watershed for March 1960, from 4-km PRISM data.",mm/month,Climate Water Balance
CAT_PPT_APR1960,"Mean monthly precip (mm) for the watershed for April 1960, from 4-km PRISM data.",mm/month,Climate Water Balance
CAT_PPT_MAY1960,"Mean monthly precip (mm) for the watershed for May 1960, from 4-km PRISM data.",mm/month,Climate Water Balance
CAT_PPT_JUN1960,"Mean monthly precip (mm) for the watershed for June 1960, from 4-km PRISM data.",mm/month,Climate Water Balance
CAT_PPT_JUL1960,"Mean monthly precip (mm) for the watershed for July 1960, from 4-km PRISM data.",mm/month,Climate Water Balance
CAT_PPT_AUG1960,"Mean monthly precip (mm) for the watershed for August 1960, from 4-km PRISM data.",mm/month,Climate Water Balance
CAT_PPT_SEP1960,"Mean monthly precip (mm) for the watershed for September 1960, from 4-km PRISM data.",mm/month,Climate Water Balance
CAT_PPT_OCT1960,"Mean monthly precip (mm) for the watershed for October 1960, from 4-km PRISM data.",mm/month,Climate Water Balance
CAT_PPT_NOV1960,"Mean monthly precip (mm) for the watershed for November 1960, from 4-km PRISM data.",mm/month,Climate Water Balance
CAT_PPT_DEC1960,"Mean monthly precip (mm) for the watershed for December 1960, from 4-km PRISM data.",mm/month,Climate Water Balance
CAT_PPT_JAN1959,"Mean monthly precip (mm) for the watershed for January 1959, from 4-km PRISM data.",mm/month,Climate Water Balance
CAT_PPT_FEB1959,"Mean monthly precip (mm) for the watershed for Febuary 1959, from 4-km PRISM data.",mm/month,Climate Water Balance
CAT_PPT_MAR1959,"Mean monthly precip (mm) for the watershed for March 1959, from 4-km PRISM data.",mm/month,Climate Water Balance
CAT_PPT_APR1959,"Mean monthly precip (mm) for the watershed for April 1959, from 4-km PRISM data.",mm/month,Climate Water Balance
CAT_PPT_MAY1959,"Mean monthly precip (mm) for the watershed for May 1959, from 4-km PRISM data.",mm/month,Climate Water Balance
CAT_PPT_JUN1959,"Mean monthly precip (mm) for the watershed for June 1959, from 4-km PRISM data.",mm/month,Climate Water Balance
CAT_PPT_JUL1959,"Mean monthly precip (mm) for the watershed for July 1959, from 4-km PRISM data.",mm/month,Climate Water Balance
CAT_PPT_AUG1959,"Mean monthly precip (mm) for the watershed for August 1959, from 4-km PRISM data.",mm/month,Climate Water Balance
CAT_PPT_SEP1959,"Mean monthly precip (mm) for the watershed for September 1959, from 4-km PRISM data.",mm/month,Climate Water Balance
CAT_PPT_OCT1959,"Mean monthly precip (mm) for the watershed for October 1959, from 4-km PRISM data.",mm/month,Climate Water Balance
CAT_PPT_NOV1959,"Mean monthly precip (mm) for the watershed for November 1959, from 4-km PRISM data.",mm/month,Climate Water Balance
CAT_PPT_DEC1959,"Mean monthly precip (mm) for the watershed for December 1959, from 4-km PRISM data.",mm/month,Climate Water Balance
CAT_PPT_JAN1958,"Mean monthly precip (mm) for the watershed for January 1958, from 4-km PRISM data.",mm/month,Climate Water Balance
CAT_PPT_FEB1958,"Mean monthly precip (mm) for the watershed for Febuary 1958, from 4-km PRISM data.",mm/month,Climate Water Balance
CAT_PPT_MAR1958,"Mean monthly precip (mm) for the watershed for March 1958, from 4-km PRISM data.",mm/month,Climate Water Balance
CAT_PPT_APR1958,"Mean monthly precip (mm) for the watershed for April 1958, from 4-km PRISM data.",mm/month,Climate Water Balance
CAT_PPT_MAY1958,"Mean monthly precip (mm) for the watershed for May 1958, from 4-km PRISM data.",mm/month,Climate Water Balance
CAT_PPT_JUN1958,"Mean monthly precip (mm) for the watershed for June 1958, from 4-km PRISM data.",mm/month,Climate Water Balance
CAT_PPT_JUL1958,"Mean monthly precip (mm) for the watershed for July 1958, from 4-km PRISM data.",mm/month,Climate Water Balance
CAT_PPT_AUG1958,"Mean monthly precip (mm) for the watershed for August 1958, from 4-km PRISM data.",mm/month,Climate Water Balance
CAT_PPT_SEP1958,"Mean monthly precip (mm) for the watershed for September 1958, from 4-km PRISM data.",mm/month,Climate Water Balance
CAT_PPT_OCT1958,"Mean monthly precip (mm) for the watershed for October 1958, from 4-km PRISM data.",mm/month,Climate Water Balance
CAT_PPT_NOV1958,"Mean monthly precip (mm) for the watershed for November 1958, from 4-km PRISM data.",mm/month,Climate Water Balance
CAT_PPT_DEC1958,"Mean monthly precip (mm) for the watershed for December 1958, from 4-km PRISM data.",mm/month,Climate Water Balance
CAT_PPT_JAN1957,"Mean monthly precip (mm) for the watershed for January 1957, from 4-km PRISM data.",mm/month,Climate Water Balance
CAT_PPT_FEB1957,"Mean monthly precip (mm) for the watershed for Febuary 1957, from 4-km PRISM data.",mm/month,Climate Water Balance
CAT_PPT_MAR1957,"Mean monthly precip (mm) for the watershed for March 1957, from 4-km PRISM data.",mm/month,Climate Water Balance
CAT_PPT_APR1957,"Mean monthly precip (mm) for the watershed for April 1957, from 4-km PRISM data.",mm/month,Climate Water Balance
CAT_PPT_MAY1957,"Mean monthly precip (mm) for the watershed for May 1957, from 4-km PRISM data.",mm/month,Climate Water Balance
CAT_PPT_JUN1957,"Mean monthly precip (mm) for the watershed for June 1957, from 4-km PRISM data.",mm/month,Climate Water Balance
CAT_PPT_JUL1957,"Mean monthly precip (mm) for the watershed for July 1957, from 4-km PRISM data.",mm/month,Climate Water Balance
CAT_PPT_AUG1957,"Mean monthly precip (mm) for the watershed for August 1957, from 4-km PRISM data.",mm/month,Climate Water Balance
CAT_PPT_SEP1957,"Mean monthly precip (mm) for the watershed for September 1957, from 4-km PRISM data.",mm/month,Climate Water Balance
CAT_PPT_OCT1957,"Mean monthly precip (mm) for the watershed for October 1957, from 4-km PRISM data.",mm/month,Climate Water Balance
CAT_PPT_NOV1957,"Mean monthly precip (mm) for the watershed for November 1957, from 4-km PRISM data.",mm/month,Climate Water Balance
CAT_PPT_DEC1957,"Mean monthly precip (mm) for the watershed for December 1957, from 4-km PRISM data.",mm/month,Climate Water Balance
CAT_PPT_JAN1956,"Mean monthly precip (mm) for the watershed for January 1956, from 4-km PRISM data.",mm/month,Climate Water Balance
CAT_PPT_FEB1956,"Mean monthly precip (mm) for the watershed for Febuary 1956, from 4-km PRISM data.",mm/month,Climate Water Balance
CAT_PPT_MAR1956,"Mean monthly precip (mm) for the watershed for March 1956, from 4-km PRISM data.",mm/month,Climate Water Balance
CAT_PPT_APR1956,"Mean monthly precip (mm) for the watershed for April 1956, from 4-km PRISM data.",mm/month,Climate Water Balance
CAT_PPT_MAY1956,"Mean monthly precip (mm) for the watershed for May 1956, from 4-km PRISM data.",mm/month,Climate Water Balance
CAT_PPT_JUN1956,"Mean monthly precip (mm) for the watershed for June 1956, from 4-km PRISM data.",mm/month,Climate Water Balance
CAT_PPT_JUL1956,"Mean monthly precip (mm) for the watershed for July 1956, from 4-km PRISM data.",mm/month,Climate Water Balance
CAT_PPT_AUG1956,"Mean monthly precip (mm) for the watershed for August 1956, from 4-km PRISM data.",mm/month,Climate Water Balance
CAT_PPT_SEP1956,"Mean monthly precip (mm) for the watershed for September 1956, from 4-km PRISM data.",mm/month,Climate Water Balance
CAT_PPT_OCT1956,"Mean monthly precip (mm) for the watershed for October 1956, from 4-km PRISM data.",mm/month,Climate Water Balance
CAT_PPT_NOV1956,"Mean monthly precip (mm) for the watershed for November 1956, from 4-km PRISM data.",mm/month,Climate Water Balance
CAT_PPT_DEC1956,"Mean monthly precip (mm) for the watershed for December 1956, from 4-km PRISM data.",mm/month,Climate Water Balance
CAT_PPT_JAN1955,"Mean monthly precip (mm) for the watershed for January 1955, from 4-km PRISM data.",mm/month,Climate Water Balance
CAT_PPT_FEB1955,"Mean monthly precip (mm) for the watershed for Febuary 1955, from 4-km PRISM data.",mm/month,Climate Water Balance
CAT_PPT_MAR1955,"Mean monthly precip (mm) for the watershed for March 1955, from 4-km PRISM data.",mm/month,Climate Water Balance
CAT_PPT_APR1955,"Mean monthly precip (mm) for the watershed for April 1955, from 4-km PRISM data.",mm/month,Climate Water Balance
CAT_PPT_MAY1955,"Mean monthly precip (mm) for the watershed for May 1955, from 4-km PRISM data.",mm/month,Climate Water Balance
CAT_PPT_JUN1955,"Mean monthly precip (mm) for the watershed for June 1955, from 4-km PRISM data.",mm/month,Climate Water Balance
CAT_PPT_JUL1955,"Mean monthly precip (mm) for the watershed for July 1955, from 4-km PRISM data.",mm/month,Climate Water Balance
CAT_PPT_AUG1955,"Mean monthly precip (mm) for the watershed for August 1955, from 4-km PRISM data.",mm/month,Climate Water Balance
CAT_PPT_SEP1955,"Mean monthly precip (mm) for the watershed for September 1955, from 4-km PRISM data.",mm/month,Climate Water Balance
CAT_PPT_OCT1955,"Mean monthly precip (mm) for the watershed for October 1955, from 4-km PRISM data.",mm/month,Climate Water Balance
CAT_PPT_NOV1955,"Mean monthly precip (mm) for the watershed for November 1955, from 4-km PRISM data.",mm/month,Climate Water Balance
CAT_PPT_DEC1955,"Mean monthly precip (mm) for the watershed for December 1955, from 4-km PRISM data.",mm/month,Climate Water Balance
CAT_PPT_JAN1954,"Mean monthly precip (mm) for the watershed for January 1954, from 4-km PRISM data.",mm/month,Climate Water Balance
CAT_PPT_FEB1954,"Mean monthly precip (mm) for the watershed for Febuary 1954, from 4-km PRISM data.",mm/month,Climate Water Balance
CAT_PPT_MAR1954,"Mean monthly precip (mm) for the watershed for March 1954, from 4-km PRISM data.",mm/month,Climate Water Balance
CAT_PPT_APR1954,"Mean monthly precip (mm) for the watershed for April 1954, from 4-km PRISM data.",mm/month,Climate Water Balance
CAT_PPT_MAY1954,"Mean monthly precip (mm) for the watershed for May 1954, from 4-km PRISM data.",mm/month,Climate Water Balance
CAT_PPT_JUN1954,"Mean monthly precip (mm) for the watershed for June 1954, from 4-km PRISM data.",mm/month,Climate Water Balance
CAT_PPT_JUL1954,"Mean monthly precip (mm) for the watershed for July 1954, from 4-km PRISM data.",mm/month,Climate Water Balance
CAT_PPT_AUG1954,"Mean monthly precip (mm) for the watershed for August 1954, from 4-km PRISM data.",mm/month,Climate Water Balance
CAT_PPT_SEP1954,"Mean monthly precip (mm) for the watershed for September 1954, from 4-km PRISM data.",mm/month,Climate Water Balance
CAT_PPT_OCT1954,"Mean monthly precip (mm) for the watershed for October 1954, from 4-km PRISM data.",mm/month,Climate Water Balance
CAT_PPT_NOV1954,"Mean monthly precip (mm) for the watershed for November 1954, from 4-km PRISM data.",mm/month,Climate Water Balance
CAT_PPT_DEC1954,"Mean monthly precip (mm) for the watershed for December 1954, from 4-km PRISM data.",mm/month,Climate Water Balance
CAT_PPT_JAN1953,"Mean monthly precip (mm) for the watershed for January 1953, from 4-km PRISM data.",mm/month,Climate Water Balance
CAT_PPT_FEB1953,"Mean monthly precip (mm) for the watershed for Febuary 1953, from 4-km PRISM data.",mm/month,Climate Water Balance
CAT_PPT_MAR1953,"Mean monthly precip (mm) for the watershed for March 1953, from 4-km PRISM data.",mm/month,Climate Water Balance
CAT_PPT_APR1953,"Mean monthly precip (mm) for the watershed for April 1953, from 4-km PRISM data.",mm/month,Climate Water Balance
CAT_PPT_MAY1953,"Mean monthly precip (mm) for the watershed for May 1953, from 4-km PRISM data.",mm/month,Climate Water Balance
CAT_PPT_JUN1953,"Mean monthly precip (mm) for the watershed for June 1953, from 4-km PRISM data.",mm/month,Climate Water Balance
CAT_PPT_JUL1953,"Mean monthly precip (mm) for the watershed for July 1953, from 4-km PRISM data.",mm/month,Climate Water Balance
CAT_PPT_AUG1953,"Mean monthly precip (mm) for the watershed for August 1953, from 4-km PRISM data.",mm/month,Climate Water Balance
CAT_PPT_SEP1953,"Mean monthly precip (mm) for the watershed for September 1953, from 4-km PRISM data.",mm/month,Climate Water Balance
CAT_PPT_OCT1953,"Mean monthly precip (mm) for the watershed for October 1953, from 4-km PRISM data.",mm/month,Climate Water Balance
CAT_PPT_NOV1953,"Mean monthly precip (mm) for the watershed for November 1953, from 4-km PRISM data.",mm/month,Climate Water Balance
CAT_PPT_DEC1953,"Mean monthly precip (mm) for the watershed for December 1953, from 4-km PRISM data.",mm/month,Climate Water Balance
CAT_PPT_JAN1952,"Mean monthly precip (mm) for the watershed for January 1952, from 4-km PRISM data.",mm/month,Climate Water Balance
CAT_PPT_FEB1952,"Mean monthly precip (mm) for the watershed for Febuary 1952, from 4-km PRISM data.",mm/month,Climate Water Balance
CAT_PPT_MAR1952,"Mean monthly precip (mm) for the watershed for March 1952, from 4-km PRISM data.",mm/month,Climate Water Balance
CAT_PPT_APR1952,"Mean monthly precip (mm) for the watershed for April 1952, from 4-km PRISM data.",mm/month,Climate Water Balance
CAT_PPT_MAY1952,"Mean monthly precip (mm) for the watershed for May 1952, from 4-km PRISM data.",mm/month,Climate Water Balance
CAT_PPT_JUN1952,"Mean monthly precip (mm) for the watershed for June 1952, from 4-km PRISM data.",mm/month,Climate Water Balance
CAT_PPT_JUL1952,"Mean monthly precip (mm) for the watershed for July 1952, from 4-km PRISM data.",mm/month,Climate Water Balance
CAT_PPT_AUG1952,"Mean monthly precip (mm) for the watershed for August 1952, from 4-km PRISM data.",mm/month,Climate Water Balance
CAT_PPT_SEP1952,"Mean monthly precip (mm) for the watershed for September 1952, from 4-km PRISM data.",mm/month,Climate Water Balance
CAT_PPT_OCT1952,"Mean monthly precip (mm) for the watershed for October 1952, from 4-km PRISM data.",mm/month,Climate Water Balance
CAT_PPT_NOV1952,"Mean monthly precip (mm) for the watershed for November 1952, from 4-km PRISM data.",mm/month,Climate Water Balance
CAT_PPT_DEC1952,"Mean monthly precip (mm) for the watershed for December 1952, from 4-km PRISM data.",mm/month,Climate Water Balance
CAT_PPT_JAN1951,"Mean monthly precip (mm) for the watershed for January 1951, from 4-km PRISM data.",mm/month,Climate Water Balance
CAT_PPT_FEB1951,"Mean monthly precip (mm) for the watershed for Febuary 1951, from 4-km PRISM data.",mm/month,Climate Water Balance
CAT_PPT_MAR1951,"Mean monthly precip (mm) for the watershed for March 1951, from 4-km PRISM data.",mm/month,Climate Water Balance
CAT_PPT_APR1951,"Mean monthly precip (mm) for the watershed for April 1951, from 4-km PRISM data.",mm/month,Climate Water Balance
CAT_PPT_MAY1951,"Mean monthly precip (mm) for the watershed for May 1951, from 4-km PRISM data.",mm/month,Climate Water Balance
CAT_PPT_JUN1951,"Mean monthly precip (mm) for the watershed for June 1951, from 4-km PRISM data.",mm/month,Climate Water Balance
CAT_PPT_JUL1951,"Mean monthly precip (mm) for the watershed for July 1951, from 4-km PRISM data.",mm/month,Climate Water Balance
CAT_PPT_AUG1951,"Mean monthly precip (mm) for the watershed for August 1951, from 4-km PRISM data.",mm/month,Climate Water Balance
CAT_PPT_SEP1951,"Mean monthly precip (mm) for the watershed for September 1951, from 4-km PRISM data.",mm/month,Climate Water Balance
CAT_PPT_OCT1951,"Mean monthly precip (mm) for the watershed for October 1951, from 4-km PRISM data.",mm/month,Climate Water Balance
CAT_PPT_NOV1951,"Mean monthly precip (mm) for the watershed for November 1951, from 4-km PRISM data.",mm/month,Climate Water Balance
CAT_PPT_DEC1951,"Mean monthly precip (mm) for the watershed for December 1951, from 4-km PRISM data.",mm/month,Climate Water Balance
CAT_PPT_JAN1950,"Mean monthly precip (mm) for the watershed for January 1950, from 4-km PRISM data.",mm/month,Climate Water Balance
CAT_PPT_FEB1950,"Mean monthly precip (mm) for the watershed for Febuary 1950, from 4-km PRISM data.",mm/month,Climate Water Balance
CAT_PPT_MAR1950,"Mean monthly precip (mm) for the watershed for March 1950, from 4-km PRISM data.",mm/month,Climate Water Balance
CAT_PPT_APR1950,"Mean monthly precip (mm) for the watershed for April 1950, from 4-km PRISM data.",mm/month,Climate Water Balance
CAT_PPT_MAY1950,"Mean monthly precip (mm) for the watershed for May 1950, from 4-km PRISM data.",mm/month,Climate Water Balance
CAT_PPT_JUN1950,"Mean monthly precip (mm) for the watershed for June 1950, from 4-km PRISM data.",mm/month,Climate Water Balance
CAT_PPT_JUL1950,"Mean monthly precip (mm) for the watershed for July 1950, from 4-km PRISM data.",mm/month,Climate Water Balance
CAT_PPT_AUG1950,"Mean monthly precip (mm) for the watershed for August 1950, from 4-km PRISM data.",mm/month,Climate Water Balance
CAT_PPT_SEP1950,"Mean monthly precip (mm) for the watershed for September 1950, from 4-km PRISM data.",mm/month,Climate Water Balance
CAT_PPT_OCT1950,"Mean monthly precip (mm) for the watershed for October 1950, from 4-km PRISM data.",mm/month,Climate Water Balance
CAT_PPT_NOV1950,"Mean monthly precip (mm) for the watershed for November 1950, from 4-km PRISM data.",mm/month,Climate Water Balance
CAT_PPT_DEC1950,"Mean monthly precip (mm) for the watershed for December 1950, from 4-km PRISM data.",mm/month,Climate Water Balance
CAT_PPT_JAN1949,"Mean monthly precip (mm) for the watershed for January 1949, from 4-km PRISM data.",mm/month,Climate Water Balance
CAT_PPT_FEB1949,"Mean monthly precip (mm) for the watershed for Febuary 1949, from 4-km PRISM data.",mm/month,Climate Water Balance
CAT_PPT_MAR1949,"Mean monthly precip (mm) for the watershed for March 1949, from 4-km PRISM data.",mm/month,Climate Water Balance
CAT_PPT_APR1949,"Mean monthly precip (mm) for the watershed for April 1949, from 4-km PRISM data.",mm/month,Climate Water Balance
CAT_PPT_MAY1949,"Mean monthly precip (mm) for the watershed for May 1949, from 4-km PRISM data.",mm/month,Climate Water Balance
CAT_PPT_JUN1949,"Mean monthly precip (mm) for the watershed for June 1949, from 4-km PRISM data.",mm/month,Climate Water Balance
CAT_PPT_JUL1949,"Mean monthly precip (mm) for the watershed for July 1949, from 4-km PRISM data.",mm/month,Climate Water Balance
CAT_PPT_AUG1949,"Mean monthly precip (mm) for the watershed for August 1949, from 4-km PRISM data.",mm/month,Climate Water Balance
CAT_PPT_SEP1949,"Mean monthly precip (mm) for the watershed for September 1949, from 4-km PRISM data.",mm/month,Climate Water Balance
CAT_PPT_OCT1949,"Mean monthly precip (mm) for the watershed for October 1949, from 4-km PRISM data.",mm/month,Climate Water Balance
CAT_PPT_NOV1949,"Mean monthly precip (mm) for the watershed for November 1949, from 4-km PRISM data.",mm/month,Climate Water Balance
CAT_PPT_DEC1949,"Mean monthly precip (mm) for the watershed for December 1949, from 4-km PRISM data.",mm/month,Climate Water Balance
CAT_PPT_JAN1948,"Mean monthly precip (mm) for the watershed for January 1948, from 4-km PRISM data.",mm/month,Climate Water Balance
CAT_PPT_FEB1948,"Mean monthly precip (mm) for the watershed for Febuary 1948, from 4-km PRISM data.",mm/month,Climate Water Balance
CAT_PPT_MAR1948,"Mean monthly precip (mm) for the watershed for March 1948, from 4-km PRISM data.",mm/month,Climate Water Balance
CAT_PPT_APR1948,"Mean monthly precip (mm) for the watershed for April 1948, from 4-km PRISM data.",mm/month,Climate Water Balance
CAT_PPT_MAY1948,"Mean monthly precip (mm) for the watershed for May 1948, from 4-km PRISM data.",mm/month,Climate Water Balance
CAT_PPT_JUN1948,"Mean monthly precip (mm) for the watershed for June 1948, from 4-km PRISM data.",mm/month,Climate Water Balance
CAT_PPT_JUL1948,"Mean monthly precip (mm) for the watershed for July 1948, from 4-km PRISM data.",mm/month,Climate Water Balance
CAT_PPT_AUG1948,"Mean monthly precip (mm) for the watershed for August 1948, from 4-km PRISM data.",mm/month,Climate Water Balance
CAT_PPT_SEP1948,"Mean monthly precip (mm) for the watershed for September 1948, from 4-km PRISM data.",mm/month,Climate Water Balance
CAT_PPT_OCT1948,"Mean monthly precip (mm) for the watershed for October 1948, from 4-km PRISM data.",mm/month,Climate Water Balance
CAT_PPT_NOV1948,"Mean monthly precip (mm) for the watershed for November 1948, from 4-km PRISM data.",mm/month,Climate Water Balance
CAT_PPT_DEC1948,"Mean monthly precip (mm) for the watershed for December 1948, from 4-km PRISM data.",mm/month,Climate Water Balance
CAT_PPT_JAN1947,"Mean monthly precip (mm) for the watershed for January 1947, from 4-km PRISM data.",mm/month,Climate Water Balance
CAT_PPT_FEB1947,"Mean monthly precip (mm) for the watershed for Febuary 1947, from 4-km PRISM data.",mm/month,Climate Water Balance
CAT_PPT_MAR1947,"Mean monthly precip (mm) for the watershed for March 1947, from 4-km PRISM data.",mm/month,Climate Water Balance
CAT_PPT_APR1947,"Mean monthly precip (mm) for the watershed for April 1947, from 4-km PRISM data.",mm/month,Climate Water Balance
CAT_PPT_MAY1947,"Mean monthly precip (mm) for the watershed for May 1947, from 4-km PRISM data.",mm/month,Climate Water Balance
CAT_PPT_JUN1947,"Mean monthly precip (mm) for the watershed for June 1947, from 4-km PRISM data.",mm/month,Climate Water Balance
CAT_PPT_JUL1947,"Mean monthly precip (mm) for the watershed for July 1947, from 4-km PRISM data.",mm/month,Climate Water Balance
CAT_PPT_AUG1947,"Mean monthly precip (mm) for the watershed for August 1947, from 4-km PRISM data.",mm/month,Climate Water Balance
CAT_PPT_SEP1947,"Mean monthly precip (mm) for the watershed for September 1947, from 4-km PRISM data.",mm/month,Climate Water Balance
CAT_PPT_OCT1947,"Mean monthly precip (mm) for the watershed for October 1947, from 4-km PRISM data.",mm/month,Climate Water Balance
CAT_PPT_NOV1947,"Mean monthly precip (mm) for the watershed for November 1947, from 4-km PRISM data.",mm/month,Climate Water Balance
CAT_PPT_DEC1947,"Mean monthly precip (mm) for the watershed for December 1947, from 4-km PRISM data.",mm/month,Climate Water Balance
CAT_PPT_JAN1946,"Mean monthly precip (mm) for the watershed for January 1946, from 4-km PRISM data.",mm/month,Climate Water Balance
CAT_PPT_FEB1946,"Mean monthly precip (mm) for the watershed for Febuary 1946, from 4-km PRISM data.",mm/month,Climate Water Balance
CAT_PPT_MAR1946,"Mean monthly precip (mm) for the watershed for March 1946, from 4-km PRISM data.",mm/month,Climate Water Balance
CAT_PPT_APR1946,"Mean monthly precip (mm) for the watershed for April 1946, from 4-km PRISM data.",mm/month,Climate Water Balance
CAT_PPT_MAY1946,"Mean monthly precip (mm) for the watershed for May 1946, from 4-km PRISM data.",mm/month,Climate Water Balance
CAT_PPT_JUN1946,"Mean monthly precip (mm) for the watershed for June 1946, from 4-km PRISM data.",mm/month,Climate Water Balance
CAT_PPT_JUL1946,"Mean monthly precip (mm) for the watershed for July 1946, from 4-km PRISM data.",mm/month,Climate Water Balance
CAT_PPT_AUG1946,"Mean monthly precip (mm) for the watershed for August 1946, from 4-km PRISM data.",mm/month,Climate Water Balance
CAT_PPT_SEP1946,"Mean monthly precip (mm) for the watershed for September 1946, from 4-km PRISM data.",mm/month,Climate Water Balance
CAT_PPT_OCT1946,"Mean monthly precip (mm) for the watershed for October 1946, from 4-km PRISM data.",mm/month,Climate Water Balance
CAT_PPT_NOV1946,"Mean monthly precip (mm) for the watershed for November 1946, from 4-km PRISM data.",mm/month,Climate Water Balance
CAT_PPT_DEC1946,"Mean monthly precip (mm) for the watershed for December 1946, from 4-km PRISM data.",mm/month,Climate Water Balance
CAT_PPT_JAN1945,"Mean monthly precip (mm) for the watershed for January 1945, from 4-km PRISM data.",mm/month,Climate Water Balance
CAT_PPT_FEB1945,"Mean monthly precip (mm) for the watershed for Febuary 1945, from 4-km PRISM data.",mm/month,Climate Water Balance
CAT_PPT_MAR1945,"Mean monthly precip (mm) for the watershed for March 1945, from 4-km PRISM data.",mm/month,Climate Water Balance
CAT_PPT_APR1945,"Mean monthly precip (mm) for the watershed for April 1945, from 4-km PRISM data.",mm/month,Climate Water Balance
CAT_PPT_MAY1945,"Mean monthly precip (mm) for the watershed for May 1945, from 4-km PRISM data.",mm/month,Climate Water Balance
CAT_PPT_JUN1945,"Mean monthly precip (mm) for the watershed for June 1945, from 4-km PRISM data.",mm/month,Climate Water Balance
CAT_PPT_JUL1945,"Mean monthly precip (mm) for the watershed for July 1945, from 4-km PRISM data.",mm/month,Climate Water Balance
CAT_PPT_AUG1945,"Mean monthly precip (mm) for the watershed for August 1945, from 4-km PRISM data.",mm/month,Climate Water Balance
CAT_PPT_SEP1945,"Mean monthly precip (mm) for the watershed for September 1945, from 4-km PRISM data.",mm/month,Climate Water Balance
CAT_PPT_OCT1945,"Mean monthly precip (mm) for the watershed for October 1945, from 4-km PRISM data.",mm/month,Climate Water Balance
CAT_PPT_NOV1945,"Mean monthly precip (mm) for the watershed for November 1945, from 4-km PRISM data.",mm/month,Climate Water Balance
CAT_PPT_DEC1945,"Mean monthly precip (mm) for the watershed for December 1945, from 4-km PRISM data.",mm/month,Climate Water Balance
CAT_PPT_JAN2002,"Mean monthly precip (mm) for the watershed for January 2002, from 4-km PRISM data.",mm/month,Climate Water Balance
CAT_PPT_FEB2002,"Mean monthly precip (mm) for the watershed for Febuary 2002, from 4-km PRISM data.",mm/month,Climate Water Balance
CAT_PPT_MAR2002,"Mean monthly precip (mm) for the watershed for March 2002, from 4-km PRISM data.",mm/month,Climate Water Balance
CAT_PPT_APR2002,"Mean monthly precip (mm) for the watershed for April 2002, from 4-km PRISM data.",mm/month,Climate Water Balance
CAT_PPT_MAY2002,"Mean monthly precip (mm) for the watershed for May 2002, from 4-km PRISM data.",mm/month,Climate Water Balance
CAT_PPT_JUN2002,"Mean monthly precip (mm) for the watershed for June 2002, from 4-km PRISM data.",mm/month,Climate Water Balance
CAT_PPT_JUL2002,"Mean monthly precip (mm) for the watershed for July 2002, from 4-km PRISM data.",mm/month,Climate Water Balance
CAT_PPT_AUG2002,"Mean monthly precip (mm) for the watershed for August 2002, from 4-km PRISM data.",mm/month,Climate Water Balance
CAT_PPT_SEP2002,"Mean monthly precip (mm) for the watershed for September 2002, from 4-km PRISM data.",mm/month,Climate Water Balance
CAT_PPT_OCT2002,"Mean monthly precip (mm) for the watershed for October 2002, from 4-km PRISM data.",mm/month,Climate Water Balance
CAT_PPT_NOV2002,"Mean monthly precip (mm) for the watershed for November 2002, from 4-km PRISM data.",mm/month,Climate Water Balance
CAT_PPT_DEC2002,"Mean monthly precip (mm) for the watershed for December 2002, from 4-km PRISM data.",mm/month,Climate Water Balance
CAT_PPT_JAN2000,"Mean monthly precip (mm) for the watershed for January 2000, from 4-km PRISM data.",mm/month,Climate Water Balance
CAT_PPT_FEB2000,"Mean monthly precip (mm) for the watershed for Febuary 2000, from 4-km PRISM data.",mm/month,Climate Water Balance
CAT_PPT_MAR2000,"Mean monthly precip (mm) for the watershed for March 2000, from 4-km PRISM data.",mm/month,Climate Water Balance
CAT_PPT_APR2000,"Mean monthly precip (mm) for the watershed for April 2000, from 4-km PRISM data.",mm/month,Climate Water Balance
CAT_PPT_MAY2000,"Mean monthly precip (mm) for the watershed for May 2000, from 4-km PRISM data.",mm/month,Climate Water Balance
CAT_PPT_JUN2000,"Mean monthly precip (mm) for the watershed for June 2000, from 4-km PRISM data.",mm/month,Climate Water Balance
CAT_PPT_JUL2000,"Mean monthly precip (mm) for the watershed for July 2000, from 4-km PRISM data.",mm/month,Climate Water Balance
CAT_PPT_AUG2000,"Mean monthly precip (mm) for the watershed for August 2000, from 4-km PRISM data.",mm/month,Climate Water Balance
CAT_PPT_SEP2000,"Mean monthly precip (mm) for the watershed for September 2000, from 4-km PRISM data.",mm/month,Climate Water Balance
CAT_PPT_OCT2000,"Mean monthly precip (mm) for the watershed for October 2000, from 4-km PRISM data.",mm/month,Climate Water Balance
CAT_PPT_NOV2000,"Mean monthly precip (mm) for the watershed for November 2000, from 4-km PRISM data.",mm/month,Climate Water Balance
CAT_PPT_DEC2000,"Mean monthly precip (mm) for the watershed for December 2000, from 4-km PRISM data.",mm/month,Climate Water Balance
CAT_PPT_JAN2015,"Mean monthly precip (mm) for the watershed for January 2015, from 4-km PRISM data.",mm/month,Climate Water Balance
CAT_PPT_FEB2015,"Mean monthly precip (mm) for the watershed for Febuary 2015, from 4-km PRISM data.",mm/month,Climate Water Balance
CAT_PPT_MAR2015,"Mean monthly precip (mm) for the watershed for March 2015, from 4-km PRISM data.",mm/month,Climate Water Balance
CAT_PPT_APR2015,"Mean monthly precip (mm) for the watershed for April 2015, from 4-km PRISM data.",mm/month,Climate Water Balance
CAT_PPT_MAY2015,"Mean monthly precip (mm) for the watershed for May 2015, from 4-km PRISM data.",mm/month,Climate Water Balance
CAT_PPT_JUN2015,"Mean monthly precip (mm) for the watershed for June 2015, from 4-km PRISM data.",mm/month,Climate Water Balance
CAT_PPT_JUL2015,"Mean monthly precip (mm) for the watershed for July 2015, from 4-km PRISM data.",mm/month,Climate Water Balance
CAT_PPT_AUG2015,"Mean monthly precip (mm) for the watershed for August 2015, from 4-km PRISM data.",mm/month,Climate Water Balance
CAT_PPT_SEP2015,"Mean monthly precip (mm) for the watershed for September 2015, from 4-km PRISM data.",mm/month,Climate Water Balance
CAT_PPT_OCT2015,"Mean monthly precip (mm) for the watershed for October 2015, from 4-km PRISM data.",mm/month,Climate Water Balance
CAT_PPT_NOV2015,"Mean monthly precip (mm) for the watershed for November 2015, from 4-km PRISM data.",mm/month,Climate Water Balance
CAT_PPT_DEC2015,"Mean monthly precip (mm) for the watershed for December 2015, from 4-km PRISM data.",mm/month,Climate Water Balance
CAT_PPT_JAN2014,"Mean monthly precip (mm) for the watershed for January 2014, from 4-km PRISM data.",mm/month,Climate Water Balance
CAT_PPT_FEB2014,"Mean monthly precip (mm) for the watershed for Febuary 2014, from 4-km PRISM data.",mm/month,Climate Water Balance
CAT_PPT_MAR2014,"Mean monthly precip (mm) for the watershed for March 2014, from 4-km PRISM data.",mm/month,Climate Water Balance
CAT_PPT_APR2014,"Mean monthly precip (mm) for the watershed for April 2014, from 4-km PRISM data.",mm/month,Climate Water Balance
CAT_PPT_MAY2014,"Mean monthly precip (mm) for the watershed for May 2014, from 4-km PRISM data.",mm/month,Climate Water Balance
CAT_PPT_JUN2014,"Mean monthly precip (mm) for the watershed for June 2014, from 4-km PRISM data.",mm/month,Climate Water Balance
CAT_PPT_JUL2014,"Mean monthly precip (mm) for the watershed for July 2014, from 4-km PRISM data.",mm/month,Climate Water Balance
CAT_PPT_AUG2014,"Mean monthly precip (mm) for the watershed for August 2014, from 4-km PRISM data.",mm/month,Climate Water Balance
CAT_PPT_SEP2014,"Mean monthly precip (mm) for the watershed for September 2014, from 4-km PRISM data.",mm/month,Climate Water Balance
CAT_PPT_OCT2014,"Mean monthly precip (mm) for the watershed for October 2014, from 4-km PRISM data.",mm/month,Climate Water Balance
CAT_PPT_NOV2014,"Mean monthly precip (mm) for the watershed for November 2014, from 4-km PRISM data.",mm/month,Climate Water Balance
CAT_PPT_DEC2014,"Mean monthly precip (mm) for the watershed for December 2014, from 4-km PRISM data.",mm/month,Climate Water Balance
CAT_RUN_JAN1955,"Mean monthly runoff (mm) for the watershed for January 1955, from 4-km PRISM data.",mm/month,Climate Water Balance
CAT_RUN_FEB1955,"Mean monthly runoff (mm) for the watershed for Febuary 1955, from 4-km PRISM data.",mm/month,Climate Water Balance
CAT_RUN_MAR1955,"Mean monthly runoff (mm) for the watershed for March 1955, from 4-km PRISM data.",mm/month,Climate Water Balance
CAT_RUN_APR1955,"Mean monthly runoff (mm) for the watershed for April 1955, from 4-km PRISM data.",mm/month,Climate Water Balance
CAT_RUN_MAY1955,"Mean monthly runoff (mm) for the watershed for May 1955, from 4-km PRISM data.",mm/month,Climate Water Balance
CAT_RUN_JUN1955,"Mean monthly runoff (mm) for the watershed for June 1955, from 4-km PRISM data.",mm/month,Climate Water Balance
CAT_RUN_JUL1955,"Mean monthly runoff (mm) for the watershed for July 1955, from 4-km PRISM data.",mm/month,Climate Water Balance
CAT_RUN_AUG1955,"Mean monthly runoff (mm) for the watershed for August 1955, from 4-km PRISM data.",mm/month,Climate Water Balance
CAT_RUN_SEP1955,"Mean monthly runoff (mm) for the watershed for September 1955, from 4-km PRISM data.",mm/month,Climate Water Balance
CAT_RUN_OCT1955,"Mean monthly runoff (mm) for the watershed for October 1955, from 4-km PRISM data.",mm/month,Climate Water Balance
CAT_RUN_NOV1955,"Mean monthly runoff (mm) for the watershed for November 1955, from 4-km PRISM data.",mm/month,Climate Water Balance
CAT_RUN_DEC1955,"Mean monthly runoff (mm) for the watershed for December 1955, from 4-km PRISM data.",mm/month,Climate Water Balance
CAT_RUN_JAN1963,"Mean monthly runoff (mm) for the watershed for January 1963, from 4-km PRISM data.",mm/month,Climate Water Balance
CAT_RUN_FEB1963,"Mean monthly runoff (mm) for the watershed for Febuary 1963, from 4-km PRISM data.",mm/month,Climate Water Balance
CAT_RUN_MAR1963,"Mean monthly runoff (mm) for the watershed for March 1963, from 4-km PRISM data.",mm/month,Climate Water Balance
CAT_RUN_APR1963,"Mean monthly runoff (mm) for the watershed for April 1963, from 4-km PRISM data.",mm/month,Climate Water Balance
CAT_RUN_MAY1963,"Mean monthly runoff (mm) for the watershed for May 1963, from 4-km PRISM data.",mm/month,Climate Water Balance
CAT_RUN_JUN1963,"Mean monthly runoff (mm) for the watershed for June 1963, from 4-km PRISM data.",mm/month,Climate Water Balance
CAT_RUN_JUL1963,"Mean monthly runoff (mm) for the watershed for July 1963, from 4-km PRISM data.",mm/month,Climate Water Balance
CAT_RUN_AUG1963,"Mean monthly runoff (mm) for the watershed for August 1963, from 4-km PRISM data.",mm/month,Climate Water Balance
CAT_RUN_SEP1963,"Mean monthly runoff (mm) for the watershed for September 1963, from 4-km PRISM data.",mm/month,Climate Water Balance
CAT_RUN_OCT1963,"Mean monthly runoff (mm) for the watershed for October 1963, from 4-km PRISM data.",mm/month,Climate Water Balance
CAT_RUN_NOV1963,"Mean monthly runoff (mm) for the watershed for November 1963, from 4-km PRISM data.",mm/month,Climate Water Balance
CAT_RUN_DEC1963,"Mean monthly runoff (mm) for the watershed for December 1963, from 4-km PRISM data.",mm/month,Climate Water Balance
CAT_RUN_JAN1956,"Mean monthly runoff (mm) for the watershed for January 1956, from 4-km PRISM data.",mm/month,Climate Water Balance
CAT_RUN_FEB1956,"Mean monthly runoff (mm) for the watershed for Febuary 1956, from 4-km PRISM data.",mm/month,Climate Water Balance
CAT_RUN_MAR1956,"Mean monthly runoff (mm) for the watershed for March 1956, from 4-km PRISM data.",mm/month,Climate Water Balance
CAT_RUN_APR1956,"Mean monthly runoff (mm) for the watershed for April 1956, from 4-km PRISM data.",mm/month,Climate Water Balance
CAT_RUN_MAY1956,"Mean monthly runoff (mm) for the watershed for May 1956, from 4-km PRISM data.",mm/month,Climate Water Balance
CAT_RUN_JUN1956,"Mean monthly runoff (mm) for the watershed for June 1956, from 4-km PRISM data.",mm/month,Climate Water Balance
CAT_RUN_JUL1956,"Mean monthly runoff (mm) for the watershed for July 1956, from 4-km PRISM data.",mm/month,Climate Water Balance
CAT_RUN_AUG1956,"Mean monthly runoff (mm) for the watershed for August 1956, from 4-km PRISM data.",mm/month,Climate Water Balance
CAT_RUN_SEP1956,"Mean monthly runoff (mm) for the watershed for September 1956, from 4-km PRISM data.",mm/month,Climate Water Balance
CAT_RUN_OCT1956,"Mean monthly runoff (mm) for the watershed for October 1956, from 4-km PRISM data.",mm/month,Climate Water Balance
CAT_RUN_NOV1956,"Mean monthly runoff (mm) for the watershed for November 1956, from 4-km PRISM data.",mm/month,Climate Water Balance
CAT_RUN_DEC1956,"Mean monthly runoff (mm) for the watershed for December 1956, from 4-km PRISM data.",mm/month,Climate Water Balance
CAT_RUN_JAN1954,"Mean monthly runoff (mm) for the watershed for January 1954, from 4-km PRISM data.",mm/month,Climate Water Balance
CAT_RUN_FEB1954,"Mean monthly runoff (mm) for the watershed for Febuary 1954, from 4-km PRISM data.",mm/month,Climate Water Balance
CAT_RUN_MAR1954,"Mean monthly runoff (mm) for the watershed for March 1954, from 4-km PRISM data.",mm/month,Climate Water Balance
CAT_RUN_APR1954,"Mean monthly runoff (mm) for the watershed for April 1954, from 4-km PRISM data.",mm/month,Climate Water Balance
CAT_RUN_MAY1954,"Mean monthly runoff (mm) for the watershed for May 1954, from 4-km PRISM data.",mm/month,Climate Water Balance
CAT_RUN_JUN1954,"Mean monthly runoff (mm) for the watershed for June 1954, from 4-km PRISM data.",mm/month,Climate Water Balance
CAT_RUN_JUL1954,"Mean monthly runoff (mm) for the watershed for July 1954, from 4-km PRISM data.",mm/month,Climate Water Balance
CAT_RUN_AUG1954,"Mean monthly runoff (mm) for the watershed for August 1954, from 4-km PRISM data.",mm/month,Climate Water Balance
CAT_RUN_SEP1954,"Mean monthly runoff (mm) for the watershed for September 1954, from 4-km PRISM data.",mm/month,Climate Water Balance
CAT_RUN_OCT1954,"Mean monthly runoff (mm) for the watershed for October 1954, from 4-km PRISM data.",mm/month,Climate Water Balance
CAT_RUN_NOV1954,"Mean monthly runoff (mm) for the watershed for November 1954, from 4-km PRISM data.",mm/month,Climate Water Balance
CAT_RUN_DEC1954,"Mean monthly runoff (mm) for the watershed for December 1954, from 4-km PRISM data.",mm/month,Climate Water Balance
CAT_RUN_JAN1964,"Mean monthly runoff (mm) for the watershed for January 1964, from 4-km PRISM data.",mm/month,Climate Water Balance
CAT_RUN_FEB1964,"Mean monthly runoff (mm) for the watershed for Febuary 1964, from 4-km PRISM data.",mm/month,Climate Water Balance
CAT_RUN_MAR1964,"Mean monthly runoff (mm) for the watershed for March 1964, from 4-km PRISM data.",mm/month,Climate Water Balance
CAT_RUN_APR1964,"Mean monthly runoff (mm) for the watershed for April 1964, from 4-km PRISM data.",mm/month,Climate Water Balance
CAT_RUN_MAY1964,"Mean monthly runoff (mm) for the watershed for May 1964, from 4-km PRISM data.",mm/month,Climate Water Balance
CAT_RUN_JUN1964,"Mean monthly runoff (mm) for the watershed for June 1964, from 4-km PRISM data.",mm/month,Climate Water Balance
CAT_RUN_JUL1964,"Mean monthly runoff (mm) for the watershed for July 1964, from 4-km PRISM data.",mm/month,Climate Water Balance
CAT_RUN_AUG1964,"Mean monthly runoff (mm) for the watershed for August 1964, from 4-km PRISM data.",mm/month,Climate Water Balance
CAT_RUN_SEP1964,"Mean monthly runoff (mm) for the watershed for September 1964, from 4-km PRISM data.",mm/month,Climate Water Balance
CAT_RUN_OCT1964,"Mean monthly runoff (mm) for the watershed for October 1964, from 4-km PRISM data.",mm/month,Climate Water Balance
CAT_RUN_NOV1964,"Mean monthly runoff (mm) for the watershed for November 1964, from 4-km PRISM data.",mm/month,Climate Water Balance
CAT_RUN_DEC1964,"Mean monthly runoff (mm) for the watershed for December 1964, from 4-km PRISM data.",mm/month,Climate Water Balance
CAT_RUN_JAN1988,"Mean monthly runoff (mm) for the watershed for January 1988, from 4-km PRISM data.",mm/month,Climate Water Balance
CAT_RUN_FEB1988,"Mean monthly runoff (mm) for the watershed for Febuary 1988, from 4-km PRISM data.",mm/month,Climate Water Balance
CAT_RUN_MAR1988,"Mean monthly runoff (mm) for the watershed for March 1988, from 4-km PRISM data.",mm/month,Climate Water Balance
CAT_RUN_APR1988,"Mean monthly runoff (mm) for the watershed for April 1988, from 4-km PRISM data.",mm/month,Climate Water Balance
CAT_RUN_MAY1988,"Mean monthly runoff (mm) for the watershed for May 1988, from 4-km PRISM data.",mm/month,Climate Water Balance
CAT_RUN_JUN1988,"Mean monthly runoff (mm) for the watershed for June 1988, from 4-km PRISM data.",mm/month,Climate Water Balance
CAT_RUN_JUL1988,"Mean monthly runoff (mm) for the watershed for July 1988, from 4-km PRISM data.",mm/month,Climate Water Balance
CAT_RUN_AUG1988,"Mean monthly runoff (mm) for the watershed for August 1988, from 4-km PRISM data.",mm/month,Climate Water Balance
CAT_RUN_SEP1988,"Mean monthly runoff (mm) for the watershed for September 1988, from 4-km PRISM data.",mm/month,Climate Water Balance
CAT_RUN_OCT1988,"Mean monthly runoff (mm) for the watershed for October 1988, from 4-km PRISM data.",mm/month,Climate Water Balance
CAT_RUN_NOV1988,"Mean monthly runoff (mm) for the watershed for November 1988, from 4-km PRISM data.",mm/month,Climate Water Balance
CAT_RUN_DEC1988,"Mean monthly runoff (mm) for the watershed for December 1988, from 4-km PRISM data.",mm/month,Climate Water Balance
CAT_RUN_JAN1952,"Mean monthly runoff (mm) for the watershed for January 1952, from 4-km PRISM data.",mm/month,Climate Water Balance
CAT_RUN_FEB1952,"Mean monthly runoff (mm) for the watershed for Febuary 1952, from 4-km PRISM data.",mm/month,Climate Water Balance
CAT_RUN_MAR1952,"Mean monthly runoff (mm) for the watershed for March 1952, from 4-km PRISM data.",mm/month,Climate Water Balance
CAT_RUN_APR1952,"Mean monthly runoff (mm) for the watershed for April 1952, from 4-km PRISM data.",mm/month,Climate Water Balance
CAT_RUN_MAY1952,"Mean monthly runoff (mm) for the watershed for May 1952, from 4-km PRISM data.",mm/month,Climate Water Balance
CAT_RUN_JUN1952,"Mean monthly runoff (mm) for the watershed for June 1952, from 4-km PRISM data.",mm/month,Climate Water Balance
CAT_RUN_JUL1952,"Mean monthly runoff (mm) for the watershed for July 1952, from 4-km PRISM data.",mm/month,Climate Water Balance
CAT_RUN_AUG1952,"Mean monthly runoff (mm) for the watershed for August 1952, from 4-km PRISM data.",mm/month,Climate Water Balance
CAT_RUN_SEP1952,"Mean monthly runoff (mm) for the watershed for September 1952, from 4-km PRISM data.",mm/month,Climate Water Balance
CAT_RUN_OCT1952,"Mean monthly runoff (mm) for the watershed for October 1952, from 4-km PRISM data.",mm/month,Climate Water Balance
CAT_RUN_NOV1952,"Mean monthly runoff (mm) for the watershed for November 1952, from 4-km PRISM data.",mm/month,Climate Water Balance
CAT_RUN_DEC1952,"Mean monthly runoff (mm) for the watershed for December 1952, from 4-km PRISM data.",mm/month,Climate Water Balance
CAT_RUN_JAN2012,"Mean monthly runoff (mm) for the watershed for January 2012, from 4-km PRISM data.",mm/month,Climate Water Balance
CAT_RUN_FEB2012,"Mean monthly runoff (mm) for the watershed for Febuary 2012, from 4-km PRISM data.",mm/month,Climate Water Balance
CAT_RUN_MAR2012,"Mean monthly runoff (mm) for the watershed for March 2012, from 4-km PRISM data.",mm/month,Climate Water Balance
CAT_RUN_APR2012,"Mean monthly runoff (mm) for the watershed for April 2012, from 4-km PRISM data.",mm/month,Climate Water Balance
CAT_RUN_MAY2012,"Mean monthly runoff (mm) for the watershed for May 2012, from 4-km PRISM data.",mm/month,Climate Water Balance
CAT_RUN_JUN2012,"Mean monthly runoff (mm) for the watershed for June 2012, from 4-km PRISM data.",mm/month,Climate Water Balance
CAT_RUN_JUL2012,"Mean monthly runoff (mm) for the watershed for July 2012, from 4-km PRISM data.",mm/month,Climate Water Balance
CAT_RUN_AUG2012,"Mean monthly runoff (mm) for the watershed for August 2012, from 4-km PRISM data.",mm/month,Climate Water Balance
CAT_RUN_SEP2012,"Mean monthly runoff (mm) for the watershed for September 2012, from 4-km PRISM data.",mm/month,Climate Water Balance
CAT_RUN_OCT2012,"Mean monthly runoff (mm) for the watershed for October 2012, from 4-km PRISM data.",mm/month,Climate Water Balance
CAT_RUN_NOV2012,"Mean monthly runoff (mm) for the watershed for November 2012, from 4-km PRISM data.",mm/month,Climate Water Balance
CAT_RUN_DEC2012,"Mean monthly runoff (mm) for the watershed for December 2012, from 4-km PRISM data.",mm/month,Climate Water Balance
CAT_RUN_JAN1953,"Mean monthly runoff (mm) for the watershed for January 1953, from 4-km PRISM data.",mm/month,Climate Water Balance
CAT_RUN_FEB1953,"Mean monthly runoff (mm) for the watershed for Febuary 1953, from 4-km PRISM data.",mm/month,Climate Water Balance
CAT_RUN_MAR1953,"Mean monthly runoff (mm) for the watershed for March 1953, from 4-km PRISM data.",mm/month,Climate Water Balance
CAT_RUN_APR1953,"Mean monthly runoff (mm) for the watershed for April 1953, from 4-km PRISM data.",mm/month,Climate Water Balance
CAT_RUN_MAY1953,"Mean monthly runoff (mm) for the watershed for May 1953, from 4-km PRISM data.",mm/month,Climate Water Balance
CAT_RUN_JUN1953,"Mean monthly runoff (mm) for the watershed for June 1953, from 4-km PRISM data.",mm/month,Climate Water Balance
CAT_RUN_JUL1953,"Mean monthly runoff (mm) for the watershed for July 1953, from 4-km PRISM data.",mm/month,Climate Water Balance
CAT_RUN_AUG1953,"Mean monthly runoff (mm) for the watershed for August 1953, from 4-km PRISM data.",mm/month,Climate Water Balance
CAT_RUN_SEP1953,"Mean monthly runoff (mm) for the watershed for September 1953, from 4-km PRISM data.",mm/month,Climate Water Balance
CAT_RUN_OCT1953,"Mean monthly runoff (mm) for the watershed for October 1953, from 4-km PRISM data.",mm/month,Climate Water Balance
CAT_RUN_NOV1953,"Mean monthly runoff (mm) for the watershed for November 1953, from 4-km PRISM data.",mm/month,Climate Water Balance
CAT_RUN_DEC1953,"Mean monthly runoff (mm) for the watershed for December 1953, from 4-km PRISM data.",mm/month,Climate Water Balance
CAT_RUN_JAN1948,"Mean monthly runoff (mm) for the watershed for January 1948, from 4-km PRISM data.",mm/month,Climate Water Balance
CAT_RUN_FEB1948,"Mean monthly runoff (mm) for the watershed for Febuary 1948, from 4-km PRISM data.",mm/month,Climate Water Balance
CAT_RUN_MAR1948,"Mean monthly runoff (mm) for the watershed for March 1948, from 4-km PRISM data.",mm/month,Climate Water Balance
CAT_RUN_APR1948,"Mean monthly runoff (mm) for the watershed for April 1948, from 4-km PRISM data.",mm/month,Climate Water Balance
CAT_RUN_MAY1948,"Mean monthly runoff (mm) for the watershed for May 1948, from 4-km PRISM data.",mm/month,Climate Water Balance
CAT_RUN_JUN1948,"Mean monthly runoff (mm) for the watershed for June 1948, from 4-km PRISM data.",mm/month,Climate Water Balance
CAT_RUN_JUL1948,"Mean monthly runoff (mm) for the watershed for July 1948, from 4-km PRISM data.",mm/month,Climate Water Balance
CAT_RUN_AUG1948,"Mean monthly runoff (mm) for the watershed for August 1948, from 4-km PRISM data.",mm/month,Climate Water Balance
CAT_RUN_SEP1948,"Mean monthly runoff (mm) for the watershed for September 1948, from 4-km PRISM data.",mm/month,Climate Water Balance
CAT_RUN_OCT1948,"Mean monthly runoff (mm) for the watershed for October 1948, from 4-km PRISM data.",mm/month,Climate Water Balance
CAT_RUN_NOV1948,"Mean monthly runoff (mm) for the watershed for November 1948, from 4-km PRISM data.",mm/month,Climate Water Balance
CAT_RUN_DEC1948,"Mean monthly runoff (mm) for the watershed for December 1948, from 4-km PRISM data.",mm/month,Climate Water Balance
CAT_RUN_JAN1966,"Mean monthly runoff (mm) for the watershed for January 1966, from 4-km PRISM data.",mm/month,Climate Water Balance
CAT_RUN_FEB1966,"Mean monthly runoff (mm) for the watershed for Febuary 1966, from 4-km PRISM data.",mm/month,Climate Water Balance
CAT_RUN_MAR1966,"Mean monthly runoff (mm) for the watershed for March 1966, from 4-km PRISM data.",mm/month,Climate Water Balance
CAT_RUN_APR1966,"Mean monthly runoff (mm) for the watershed for April 1966, from 4-km PRISM data.",mm/month,Climate Water Balance
CAT_RUN_MAY1966,"Mean monthly runoff (mm) for the watershed for May 1966, from 4-km PRISM data.",mm/month,Climate Water Balance
CAT_RUN_JUN1966,"Mean monthly runoff (mm) for the watershed for June 1966, from 4-km PRISM data.",mm/month,Climate Water Balance
CAT_RUN_JUL1966,"Mean monthly runoff (mm) for the watershed for July 1966, from 4-km PRISM data.",mm/month,Climate Water Balance
CAT_RUN_AUG1966,"Mean monthly runoff (mm) for the watershed for August 1966, from 4-km PRISM data.",mm/month,Climate Water Balance
CAT_RUN_SEP1966,"Mean monthly runoff (mm) for the watershed for September 1966, from 4-km PRISM data.",mm/month,Climate Water Balance
CAT_RUN_OCT1966,"Mean monthly runoff (mm) for the watershed for October 1966, from 4-km PRISM data.",mm/month,Climate Water Balance
CAT_RUN_NOV1966,"Mean monthly runoff (mm) for the watershed for November 1966, from 4-km PRISM data.",mm/month,Climate Water Balance
CAT_RUN_DEC1966,"Mean monthly runoff (mm) for the watershed for December 1966, from 4-km PRISM data.",mm/month,Climate Water Balance
CAT_RUN_JAN1976,"Mean monthly runoff (mm) for the watershed for January 1976, from 4-km PRISM data.",mm/month,Climate Water Balance
CAT_RUN_FEB1976,"Mean monthly runoff (mm) for the watershed for Febuary 1976, from 4-km PRISM data.",mm/month,Climate Water Balance
CAT_RUN_MAR1976,"Mean monthly runoff (mm) for the watershed for March 1976, from 4-km PRISM data.",mm/month,Climate Water Balance
CAT_RUN_APR1976,"Mean monthly runoff (mm) for the watershed for April 1976, from 4-km PRISM data.",mm/month,Climate Water Balance
CAT_RUN_MAY1976,"Mean monthly runoff (mm) for the watershed for May 1976, from 4-km PRISM data.",mm/month,Climate Water Balance
CAT_RUN_JUN1976,"Mean monthly runoff (mm) for the watershed for June 1976, from 4-km PRISM data.",mm/month,Climate Water Balance
CAT_RUN_JUL1976,"Mean monthly runoff (mm) for the watershed for July 1976, from 4-km PRISM data.",mm/month,Climate Water Balance
CAT_RUN_AUG1976,"Mean monthly runoff (mm) for the watershed for August 1976, from 4-km PRISM data.",mm/month,Climate Water Balance
CAT_RUN_SEP1976,"Mean monthly runoff (mm) for the watershed for September 1976, from 4-km PRISM data.",mm/month,Climate Water Balance
CAT_RUN_OCT1976,"Mean monthly runoff (mm) for the watershed for October 1976, from 4-km PRISM data.",mm/month,Climate Water Balance
CAT_RUN_NOV1976,"Mean monthly runoff (mm) for the watershed for November 1976, from 4-km PRISM data.",mm/month,Climate Water Balance
CAT_RUN_DEC1976,"Mean monthly runoff (mm) for the watershed for December 1976, from 4-km PRISM data.",mm/month,Climate Water Balance
CAT_RUN_JAN1977,"Mean monthly runoff (mm) for the watershed for January 1977, from 4-km PRISM data.",mm/month,Climate Water Balance
CAT_RUN_FEB1977,"Mean monthly runoff (mm) for the watershed for Febuary 1977, from 4-km PRISM data.",mm/month,Climate Water Balance
CAT_RUN_MAR1977,"Mean monthly runoff (mm) for the watershed for March 1977, from 4-km PRISM data.",mm/month,Climate Water Balance
CAT_RUN_APR1977,"Mean monthly runoff (mm) for the watershed for April 1977, from 4-km PRISM data.",mm/month,Climate Water Balance
CAT_RUN_MAY1977,"Mean monthly runoff (mm) for the watershed for May 1977, from 4-km PRISM data.",mm/month,Climate Water Balance
CAT_RUN_JUN1977,"Mean monthly runoff (mm) for the watershed for June 1977, from 4-km PRISM data.",mm/month,Climate Water Balance
CAT_RUN_JUL1977,"Mean monthly runoff (mm) for the watershed for July 1977, from 4-km PRISM data.",mm/month,Climate Water Balance
CAT_RUN_AUG1977,"Mean monthly runoff (mm) for the watershed for August 1977, from 4-km PRISM data.",mm/month,Climate Water Balance
CAT_RUN_SEP1977,"Mean monthly runoff (mm) for the watershed for September 1977, from 4-km PRISM data.",mm/month,Climate Water Balance
CAT_RUN_OCT1977,"Mean monthly runoff (mm) for the watershed for October 1977, from 4-km PRISM data.",mm/month,Climate Water Balance
CAT_RUN_NOV1977,"Mean monthly runoff (mm) for the watershed for November 1977, from 4-km PRISM data.",mm/month,Climate Water Balance
CAT_RUN_DEC1977,"Mean monthly runoff (mm) for the watershed for December 1977, from 4-km PRISM data.",mm/month,Climate Water Balance
CAT_RUN_JAN1960,"Mean monthly runoff (mm) for the watershed for January 1960, from 4-km PRISM data.",mm/month,Climate Water Balance
CAT_RUN_FEB1960,"Mean monthly runoff (mm) for the watershed for Febuary 1960, from 4-km PRISM data.",mm/month,Climate Water Balance
CAT_RUN_MAR1960,"Mean monthly runoff (mm) for the watershed for March 1960, from 4-km PRISM data.",mm/month,Climate Water Balance
CAT_RUN_APR1960,"Mean monthly runoff (mm) for the watershed for April 1960, from 4-km PRISM data.",mm/month,Climate Water Balance
CAT_RUN_MAY1960,"Mean monthly runoff (mm) for the watershed for May 1960, from 4-km PRISM data.",mm/month,Climate Water Balance
CAT_RUN_JUN1960,"Mean monthly runoff (mm) for the watershed for June 1960, from 4-km PRISM data.",mm/month,Climate Water Balance
CAT_RUN_JUL1960,"Mean monthly runoff (mm) for the watershed for July 1960, from 4-km PRISM data.",mm/month,Climate Water Balance
CAT_RUN_AUG1960,"Mean monthly runoff (mm) for the watershed for August 1960, from 4-km PRISM data.",mm/month,Climate Water Balance
CAT_RUN_SEP1960,"Mean monthly runoff (mm) for the watershed for September 1960, from 4-km PRISM data.",mm/month,Climate Water Balance
CAT_RUN_OCT1960,"Mean monthly runoff (mm) for the watershed for October 1960, from 4-km PRISM data.",mm/month,Climate Water Balance
CAT_RUN_NOV1960,"Mean monthly runoff (mm) for the watershed for November 1960, from 4-km PRISM data.",mm/month,Climate Water Balance
CAT_RUN_DEC1960,"Mean monthly runoff (mm) for the watershed for December 1960, from 4-km PRISM data.",mm/month,Climate Water Balance
CAT_RUN_JAN2000,"Mean monthly runoff (mm) for the watershed for January 2000, from 4-km PRISM data.",mm/month,Climate Water Balance
CAT_RUN_FEB2000,"Mean monthly runoff (mm) for the watershed for Febuary 2000, from 4-km PRISM data.",mm/month,Climate Water Balance
CAT_RUN_MAR2000,"Mean monthly runoff (mm) for the watershed for March 2000, from 4-km PRISM data.",mm/month,Climate Water Balance
CAT_RUN_APR2000,"Mean monthly runoff (mm) for the watershed for April 2000, from 4-km PRISM data.",mm/month,Climate Water Balance
CAT_RUN_MAY2000,"Mean monthly runoff (mm) for the watershed for May 2000, from 4-km PRISM data.",mm/month,Climate Water Balance
CAT_RUN_JUN2000,"Mean monthly runoff (mm) for the watershed for June 2000, from 4-km PRISM data.",mm/month,Climate Water Balance
CAT_RUN_JUL2000,"Mean monthly runoff (mm) for the watershed for July 2000, from 4-km PRISM data.",mm/month,Climate Water Balance
CAT_RUN_AUG2000,"Mean monthly runoff (mm) for the watershed for August 2000, from 4-km PRISM data.",mm/month,Climate Water Balance
CAT_RUN_SEP2000,"Mean monthly runoff (mm) for the watershed for September 2000, from 4-km PRISM data.",mm/month,Climate Water Balance
CAT_RUN_OCT2000,"Mean monthly runoff (mm) for the watershed for October 2000, from 4-km PRISM data.",mm/month,Climate Water Balance
CAT_RUN_NOV2000,"Mean monthly runoff (mm) for the watershed for November 2000, from 4-km PRISM data.",mm/month,Climate Water Balance
CAT_RUN_DEC2000,"Mean monthly runoff (mm) for the watershed for December 2000, from 4-km PRISM data.",mm/month,Climate Water Balance
CAT_RUN_JAN2013,"Mean monthly runoff (mm) for the watershed for January 2013, from 4-km PRISM data.",mm/month,Climate Water Balance
CAT_RUN_FEB2013,"Mean monthly runoff (mm) for the watershed for Febuary 2013, from 4-km PRISM data.",mm/month,Climate Water Balance
CAT_RUN_MAR2013,"Mean monthly runoff (mm) for the watershed for March 2013, from 4-km PRISM data.",mm/month,Climate Water Balance
CAT_RUN_APR2013,"Mean monthly runoff (mm) for the watershed for April 2013, from 4-km PRISM data.",mm/month,Climate Water Balance
CAT_RUN_MAY2013,"Mean monthly runoff (mm) for the watershed for May 2013, from 4-km PRISM data.",mm/month,Climate Water Balance
CAT_RUN_JUN2013,"Mean monthly runoff (mm) for the watershed for June 2013, from 4-km PRISM data.",mm/month,Climate Water Balance
CAT_RUN_JUL2013,"Mean monthly runoff (mm) for the watershed for July 2013, from 4-km PRISM data.",mm/month,Climate Water Balance
CAT_RUN_AUG2013,"Mean monthly runoff (mm) for the watershed for August 2013, from 4-km PRISM data.",mm/month,Climate Water Balance
CAT_RUN_SEP2013,"Mean monthly runoff (mm) for the watershed for September 2013, from 4-km PRISM data.",mm/month,Climate Water Balance
CAT_RUN_OCT2013,"Mean monthly runoff (mm) for the watershed for October 2013, from 4-km PRISM data.",mm/month,Climate Water Balance
CAT_RUN_NOV2013,"Mean monthly runoff (mm) for the watershed for November 2013, from 4-km PRISM data.",mm/month,Climate Water Balance
CAT_RUN_DEC2013,"Mean monthly runoff (mm) for the watershed for December 2013, from 4-km PRISM data.",mm/month,Climate Water Balance
CAT_RUN_JAN1950,"Mean monthly runoff (mm) for the watershed for January 1950, from 4-km PRISM data.",mm/month,Climate Water Balance
CAT_RUN_FEB1950,"Mean monthly runoff (mm) for the watershed for Febuary 1950, from 4-km PRISM data.",mm/month,Climate Water Balance
CAT_RUN_MAR1950,"Mean monthly runoff (mm) for the watershed for March 1950, from 4-km PRISM data.",mm/month,Climate Water Balance
CAT_RUN_APR1950,"Mean monthly runoff (mm) for the watershed for April 1950, from 4-km PRISM data.",mm/month,Climate Water Balance
CAT_RUN_MAY1950,"Mean monthly runoff (mm) for the watershed for May 1950, from 4-km PRISM data.",mm/month,Climate Water Balance
CAT_RUN_JUN1950,"Mean monthly runoff (mm) for the watershed for June 1950, from 4-km PRISM data.",mm/month,Climate Water Balance
CAT_RUN_JUL1950,"Mean monthly runoff (mm) for the watershed for July 1950, from 4-km PRISM data.",mm/month,Climate Water Balance
CAT_RUN_AUG1950,"Mean monthly runoff (mm) for the watershed for August 1950, from 4-km PRISM data.",mm/month,Climate Water Balance
CAT_RUN_SEP1950,"Mean monthly runoff (mm) for the watershed for September 1950, from 4-km PRISM data.",mm/month,Climate Water Balance
CAT_RUN_OCT1950,"Mean monthly runoff (mm) for the watershed for October 1950, from 4-km PRISM data.",mm/month,Climate Water Balance
CAT_RUN_NOV1950,"Mean monthly runoff (mm) for the watershed for November 1950, from 4-km PRISM data.",mm/month,Climate Water Balance
CAT_RUN_DEC1950,"Mean monthly runoff (mm) for the watershed for December 1950, from 4-km PRISM data.",mm/month,Climate Water Balance
CAT_RUN_JAN2002,"Mean monthly runoff (mm) for the watershed for January 2002, from 4-km PRISM data.",mm/month,Climate Water Balance
CAT_RUN_FEB2002,"Mean monthly runoff (mm) for the watershed for Febuary 2002, from 4-km PRISM data.",mm/month,Climate Water Balance
CAT_RUN_MAR2002,"Mean monthly runoff (mm) for the watershed for March 2002, from 4-km PRISM data.",mm/month,Climate Water Balance
CAT_RUN_APR2002,"Mean monthly runoff (mm) for the watershed for April 2002, from 4-km PRISM data.",mm/month,Climate Water Balance
CAT_RUN_MAY2002,"Mean monthly runoff (mm) for the watershed for May 2002, from 4-km PRISM data.",mm/month,Climate Water Balance
CAT_RUN_JUN2002,"Mean monthly runoff (mm) for the watershed for June 2002, from 4-km PRISM data.",mm/month,Climate Water Balance
CAT_RUN_JUL2002,"Mean monthly runoff (mm) for the watershed for July 2002, from 4-km PRISM data.",mm/month,Climate Water Balance
CAT_RUN_AUG2002,"Mean monthly runoff (mm) for the watershed for August 2002, from 4-km PRISM data.",mm/month,Climate Water Balance
CAT_RUN_SEP2002,"Mean monthly runoff (mm) for the watershed for September 2002, from 4-km PRISM data.",mm/month,Climate Water Balance
CAT_RUN_OCT2002,"Mean monthly runoff (mm) for the watershed for October 2002, from 4-km PRISM data.",mm/month,Climate Water Balance
CAT_RUN_NOV2002,"Mean monthly runoff (mm) for the watershed for November 2002, from 4-km PRISM data.",mm/month,Climate Water Balance
CAT_RUN_DEC2002,"Mean monthly runoff (mm) for the watershed for December 2002, from 4-km PRISM data.",mm/month,Climate Water Balance
CAT_RUN_JAN1989,"Mean monthly runoff (mm) for the watershed for January 1989, from 4-km PRISM data.",mm/month,Climate Water Balance
CAT_RUN_FEB1989,"Mean monthly runoff (mm) for the watershed for Febuary 1989, from 4-km PRISM data.",mm/month,Climate Water Balance
CAT_RUN_MAR1989,"Mean monthly runoff (mm) for the watershed for March 1989, from 4-km PRISM data.",mm/month,Climate Water Balance
CAT_RUN_APR1989,"Mean monthly runoff (mm) for the watershed for April 1989, from 4-km PRISM data.",mm/month,Climate Water Balance
CAT_RUN_MAY1989,"Mean monthly runoff (mm) for the watershed for May 1989, from 4-km PRISM data.",mm/month,Climate Water Balance
CAT_RUN_JUN1989,"Mean monthly runoff (mm) for the watershed for June 1989, from 4-km PRISM data.",mm/month,Climate Water Balance
CAT_RUN_JUL1989,"Mean monthly runoff (mm) for the watershed for July 1989, from 4-km PRISM data.",mm/month,Climate Water Balance
CAT_RUN_AUG1989,"Mean monthly runoff (mm) for the watershed for August 1989, from 4-km PRISM data.",mm/month,Climate Water Balance
CAT_RUN_SEP1989,"Mean monthly runoff (mm) for the watershed for September 1989, from 4-km PRISM data.",mm/month,Climate Water Balance
CAT_RUN_OCT1989,"Mean monthly runoff (mm) for the watershed for October 1989, from 4-km PRISM data.",mm/month,Climate Water Balance
CAT_RUN_NOV1989,"Mean monthly runoff (mm) for the watershed for November 1989, from 4-km PRISM data.",mm/month,Climate Water Balance
CAT_RUN_DEC1989,"Mean monthly runoff (mm) for the watershed for December 1989, from 4-km PRISM data.",mm/month,Climate Water Balance
CAT_RUN_JAN2006,"Mean monthly runoff (mm) for the watershed for January 2006, from 4-km PRISM data.",mm/month,Climate Water Balance
CAT_RUN_FEB2006,"Mean monthly runoff (mm) for the watershed for Febuary 2006, from 4-km PRISM data.",mm/month,Climate Water Balance
CAT_RUN_MAR2006,"Mean monthly runoff (mm) for the watershed for March 2006, from 4-km PRISM data.",mm/month,Climate Water Balance
CAT_RUN_APR2006,"Mean monthly runoff (mm) for the watershed for April 2006, from 4-km PRISM data.",mm/month,Climate Water Balance
CAT_RUN_MAY2006,"Mean monthly runoff (mm) for the watershed for May 2006, from 4-km PRISM data.",mm/month,Climate Water Balance
CAT_RUN_JUN2006,"Mean monthly runoff (mm) for the watershed for June 2006, from 4-km PRISM data.",mm/month,Climate Water Balance
CAT_RUN_JUL2006,"Mean monthly runoff (mm) for the watershed for July 2006, from 4-km PRISM data.",mm/month,Climate Water Balance
CAT_RUN_AUG2006,"Mean monthly runoff (mm) for the watershed for August 2006, from 4-km PRISM data.",mm/month,Climate Water Balance
CAT_RUN_SEP2006,"Mean monthly runoff (mm) for the watershed for September 2006, from 4-km PRISM data.",mm/month,Climate Water Balance
CAT_RUN_OCT2006,"Mean monthly runoff (mm) for the watershed for October 2006, from 4-km PRISM data.",mm/month,Climate Water Balance
CAT_RUN_NOV2006,"Mean monthly runoff (mm) for the watershed for November 2006, from 4-km PRISM data.",mm/month,Climate Water Balance
CAT_RUN_DEC2006,"Mean monthly runoff (mm) for the watershed for December 2006, from 4-km PRISM data.",mm/month,Climate Water Balance
CAT_RUN_JAN1949,"Mean monthly runoff (mm) for the watershed for January 1949, from 4-km PRISM data.",mm/month,Climate Water Balance
CAT_RUN_FEB1949,"Mean monthly runoff (mm) for the watershed for Febuary 1949, from 4-km PRISM data.",mm/month,Climate Water Balance
CAT_RUN_MAR1949,"Mean monthly runoff (mm) for the watershed for March 1949, from 4-km PRISM data.",mm/month,Climate Water Balance
CAT_RUN_APR1949,"Mean monthly runoff (mm) for the watershed for April 1949, from 4-km PRISM data.",mm/month,Climate Water Balance
CAT_RUN_MAY1949,"Mean monthly runoff (mm) for the watershed for May 1949, from 4-km PRISM data.",mm/month,Climate Water Balance
CAT_RUN_JUN1949,"Mean monthly runoff (mm) for the watershed for June 1949, from 4-km PRISM data.",mm/month,Climate Water Balance
CAT_RUN_JUL1949,"Mean monthly runoff (mm) for the watershed for July 1949, from 4-km PRISM data.",mm/month,Climate Water Balance
CAT_RUN_AUG1949,"Mean monthly runoff (mm) for the watershed for August 1949, from 4-km PRISM data.",mm/month,Climate Water Balance
CAT_RUN_SEP1949,"Mean monthly runoff (mm) for the watershed for September 1949, from 4-km PRISM data.",mm/month,Climate Water Balance
CAT_RUN_OCT1949,"Mean monthly runoff (mm) for the watershed for October 1949, from 4-km PRISM data.",mm/month,Climate Water Balance
CAT_RUN_NOV1949,"Mean monthly runoff (mm) for the watershed for November 1949, from 4-km PRISM data.",mm/month,Climate Water Balance
CAT_RUN_DEC1949,"Mean monthly runoff (mm) for the watershed for December 1949, from 4-km PRISM data.",mm/month,Climate Water Balance
CAT_RUN_JAN1947,"Mean monthly runoff (mm) for the watershed for January 1947, from 4-km PRISM data.",mm/month,Climate Water Balance
CAT_RUN_FEB1947,"Mean monthly runoff (mm) for the watershed for Febuary 1947, from 4-km PRISM data.",mm/month,Climate Water Balance
CAT_RUN_MAR1947,"Mean monthly runoff (mm) for the watershed for March 1947, from 4-km PRISM data.",mm/month,Climate Water Balance
CAT_RUN_APR1947,"Mean monthly runoff (mm) for the watershed for April 1947, from 4-km PRISM data.",mm/month,Climate Water Balance
CAT_RUN_MAY1947,"Mean monthly runoff (mm) for the watershed for May 1947, from 4-km PRISM data.",mm/month,Climate Water Balance
CAT_RUN_JUN1947,"Mean monthly runoff (mm) for the watershed for June 1947, from 4-km PRISM data.",mm/month,Climate Water Balance
CAT_RUN_JUL1947,"Mean monthly runoff (mm) for the watershed for July 1947, from 4-km PRISM data.",mm/month,Climate Water Balance
CAT_RUN_AUG1947,"Mean monthly runoff (mm) for the watershed for August 1947, from 4-km PRISM data.",mm/month,Climate Water Balance
CAT_RUN_SEP1947,"Mean monthly runoff (mm) for the watershed for September 1947, from 4-km PRISM data.",mm/month,Climate Water Balance
CAT_RUN_OCT1947,"Mean monthly runoff (mm) for the watershed for October 1947, from 4-km PRISM data.",mm/month,Climate Water Balance
CAT_RUN_NOV1947,"Mean monthly runoff (mm) for the watershed for November 1947, from 4-km PRISM data.",mm/month,Climate Water Balance
CAT_RUN_DEC1947,"Mean monthly runoff (mm) for the watershed for December 1947, from 4-km PRISM data.",mm/month,Climate Water Balance
CAT_RUN_JAN1968,"Mean monthly runoff (mm) for the watershed for January 1968, from 4-km PRISM data.",mm/month,Climate Water Balance
CAT_RUN_FEB1968,"Mean monthly runoff (mm) for the watershed for Febuary 1968, from 4-km PRISM data.",mm/month,Climate Water Balance
CAT_RUN_MAR1968,"Mean monthly runoff (mm) for the watershed for March 1968, from 4-km PRISM data.",mm/month,Climate Water Balance
CAT_RUN_APR1968,"Mean monthly runoff (mm) for the watershed for April 1968, from 4-km PRISM data.",mm/month,Climate Water Balance
CAT_RUN_MAY1968,"Mean monthly runoff (mm) for the watershed for May 1968, from 4-km PRISM data.",mm/month,Climate Water Balance
CAT_RUN_JUN1968,"Mean monthly runoff (mm) for the watershed for June 1968, from 4-km PRISM data.",mm/month,Climate Water Balance
CAT_RUN_JUL1968,"Mean monthly runoff (mm) for the watershed for July 1968, from 4-km PRISM data.",mm/month,Climate Water Balance
CAT_RUN_AUG1968,"Mean monthly runoff (mm) for the watershed for August 1968, from 4-km PRISM data.",mm/month,Climate Water Balance
CAT_RUN_SEP1968,"Mean monthly runoff (mm) for the watershed for September 1968, from 4-km PRISM data.",mm/month,Climate Water Balance
CAT_RUN_OCT1968,"Mean monthly runoff (mm) for the watershed for October 1968, from 4-km PRISM data.",mm/month,Climate Water Balance
CAT_RUN_NOV1968,"Mean monthly runoff (mm) for the watershed for November 1968, from 4-km PRISM data.",mm/month,Climate Water Balance
CAT_RUN_DEC1968,"Mean monthly runoff (mm) for the watershed for December 1968, from 4-km PRISM data.",mm/month,Climate Water Balance
CAT_RUN_JAN1959,"Mean monthly runoff (mm) for the watershed for January 1959, from 4-km PRISM data.",mm/month,Climate Water Balance
CAT_RUN_FEB1959,"Mean monthly runoff (mm) for the watershed for Febuary 1959, from 4-km PRISM data.",mm/month,Climate Water Balance
CAT_RUN_MAR1959,"Mean monthly runoff (mm) for the watershed for March 1959, from 4-km PRISM data.",mm/month,Climate Water Balance
CAT_RUN_APR1959,"Mean monthly runoff (mm) for the watershed for April 1959, from 4-km PRISM data.",mm/month,Climate Water Balance
CAT_RUN_MAY1959,"Mean monthly runoff (mm) for the watershed for May 1959, from 4-km PRISM data.",mm/month,Climate Water Balance
CAT_RUN_JUN1959,"Mean monthly runoff (mm) for the watershed for June 1959, from 4-km PRISM data.",mm/month,Climate Water Balance
CAT_RUN_JUL1959,"Mean monthly runoff (mm) for the watershed for July 1959, from 4-km PRISM data.",mm/month,Climate Water Balance
CAT_RUN_AUG1959,"Mean monthly runoff (mm) for the watershed for August 1959, from 4-km PRISM data.",mm/month,Climate Water Balance
CAT_RUN_SEP1959,"Mean monthly runoff (mm) for the watershed for September 1959, from 4-km PRISM data.",mm/month,Climate Water Balance
CAT_RUN_OCT1959,"Mean monthly runoff (mm) for the watershed for October 1959, from 4-km PRISM data.",mm/month,Climate Water Balance
CAT_RUN_NOV1959,"Mean monthly runoff (mm) for the watershed for November 1959, from 4-km PRISM data.",mm/month,Climate Water Balance
CAT_RUN_DEC1959,"Mean monthly runoff (mm) for the watershed for December 1959, from 4-km PRISM data.",mm/month,Climate Water Balance
CAT_RUN_JAN2007,"Mean monthly runoff (mm) for the watershed for January 2007, from 4-km PRISM data.",mm/month,Climate Water Balance
CAT_RUN_FEB2007,"Mean monthly runoff (mm) for the watershed for Febuary 2007, from 4-km PRISM data.",mm/month,Climate Water Balance
CAT_RUN_MAR2007,"Mean monthly runoff (mm) for the watershed for March 2007, from 4-km PRISM data.",mm/month,Climate Water Balance
CAT_RUN_APR2007,"Mean monthly runoff (mm) for the watershed for April 2007, from 4-km PRISM data.",mm/month,Climate Water Balance
CAT_RUN_MAY2007,"Mean monthly runoff (mm) for the watershed for May 2007, from 4-km PRISM data.",mm/month,Climate Water Balance
CAT_RUN_JUN2007,"Mean monthly runoff (mm) for the watershed for June 2007, from 4-km PRISM data.",mm/month,Climate Water Balance
CAT_RUN_JUL2007,"Mean monthly runoff (mm) for the watershed for July 2007, from 4-km PRISM data.",mm/month,Climate Water Balance
CAT_RUN_AUG2007,"Mean monthly runoff (mm) for the watershed for August 2007, from 4-km PRISM data.",mm/month,Climate Water Balance
CAT_RUN_SEP2007,"Mean monthly runoff (mm) for the watershed for September 2007, from 4-km PRISM data.",mm/month,Climate Water Balance
CAT_RUN_OCT2007,"Mean monthly runoff (mm) for the watershed for October 2007, from 4-km PRISM data.",mm/month,Climate Water Balance
CAT_RUN_NOV2007,"Mean monthly runoff (mm) for the watershed for November 2007, from 4-km PRISM data.",mm/month,Climate Water Balance
CAT_RUN_DEC2007,"Mean monthly runoff (mm) for the watershed for December 2007, from 4-km PRISM data.",mm/month,Climate Water Balance
CAT_RUN_JAN1962,"Mean monthly runoff (mm) for the watershed for January 1962, from 4-km PRISM data.",mm/month,Climate Water Balance
CAT_RUN_FEB1962,"Mean monthly runoff (mm) for the watershed for Febuary 1962, from 4-km PRISM data.",mm/month,Climate Water Balance
CAT_RUN_MAR1962,"Mean monthly runoff (mm) for the watershed for March 1962, from 4-km PRISM data.",mm/month,Climate Water Balance
CAT_RUN_APR1962,"Mean monthly runoff (mm) for the watershed for April 1962, from 4-km PRISM data.",mm/month,Climate Water Balance
CAT_RUN_MAY1962,"Mean monthly runoff (mm) for the watershed for May 1962, from 4-km PRISM data.",mm/month,Climate Water Balance
CAT_RUN_JUN1962,"Mean monthly runoff (mm) for the watershed for June 1962, from 4-km PRISM data.",mm/month,Climate Water Balance
CAT_RUN_JUL1962,"Mean monthly runoff (mm) for the watershed for July 1962, from 4-km PRISM data.",mm/month,Climate Water Balance
CAT_RUN_AUG1962,"Mean monthly runoff (mm) for the watershed for August 1962, from 4-km PRISM data.",mm/month,Climate Water Balance
CAT_RUN_SEP1962,"Mean monthly runoff (mm) for the watershed for September 1962, from 4-km PRISM data.",mm/month,Climate Water Balance
CAT_RUN_OCT1962,"Mean monthly runoff (mm) for the watershed for October 1962, from 4-km PRISM data.",mm/month,Climate Water Balance
CAT_RUN_NOV1962,"Mean monthly runoff (mm) for the watershed for November 1962, from 4-km PRISM data.",mm/month,Climate Water Balance
CAT_RUN_DEC1962,"Mean monthly runoff (mm) for the watershed for December 1962, from 4-km PRISM data.",mm/month,Climate Water Balance
CAT_RUN_JAN1967,"Mean monthly runoff (mm) for the watershed for January 1967, from 4-km PRISM data.",mm/month,Climate Water Balance
CAT_RUN_FEB1967,"Mean monthly runoff (mm) for the watershed for Febuary 1967, from 4-km PRISM data.",mm/month,Climate Water Balance
CAT_RUN_MAR1967,"Mean monthly runoff (mm) for the watershed for March 1967, from 4-km PRISM data.",mm/month,Climate Water Balance
CAT_RUN_APR1967,"Mean monthly runoff (mm) for the watershed for April 1967, from 4-km PRISM data.",mm/month,Climate Water Balance
CAT_RUN_MAY1967,"Mean monthly runoff (mm) for the watershed for May 1967, from 4-km PRISM data.",mm/month,Climate Water Balance
CAT_RUN_JUN1967,"Mean monthly runoff (mm) for the watershed for June 1967, from 4-km PRISM data.",mm/month,Climate Water Balance
CAT_RUN_JUL1967,"Mean monthly runoff (mm) for the watershed for July 1967, from 4-km PRISM data.",mm/month,Climate Water Balance
CAT_RUN_AUG1967,"Mean monthly runoff (mm) for the watershed for August 1967, from 4-km PRISM data.",mm/month,Climate Water Balance
CAT_RUN_SEP1967,"Mean monthly runoff (mm) for the watershed for September 1967, from 4-km PRISM data.",mm/month,Climate Water Balance
CAT_RUN_OCT1967,"Mean monthly runoff (mm) for the watershed for October 1967, from 4-km PRISM data.",mm/month,Climate Water Balance
CAT_RUN_NOV1967,"Mean monthly runoff (mm) for the watershed for November 1967, from 4-km PRISM data.",mm/month,Climate Water Balance
CAT_RUN_DEC1967,"Mean monthly runoff (mm) for the watershed for December 1967, from 4-km PRISM data.",mm/month,Climate Water Balance
CAT_RUN_JAN1981,"Mean monthly runoff (mm) for the watershed for January 1981, from 4-km PRISM data.",mm/month,Climate Water Balance
CAT_RUN_FEB1981,"Mean monthly runoff (mm) for the watershed for Febuary 1981, from 4-km PRISM data.",mm/month,Climate Water Balance
CAT_RUN_MAR1981,"Mean monthly runoff (mm) for the watershed for March 1981, from 4-km PRISM data.",mm/month,Climate Water Balance
CAT_RUN_APR1981,"Mean monthly runoff (mm) for the watershed for April 1981, from 4-km PRISM data.",mm/month,Climate Water Balance
CAT_RUN_MAY1981,"Mean monthly runoff (mm) for the watershed for May 1981, from 4-km PRISM data.",mm/month,Climate Water Balance
CAT_RUN_JUN1981,"Mean monthly runoff (mm) for the watershed for June 1981, from 4-km PRISM data.",mm/month,Climate Water Balance
CAT_RUN_JUL1981,"Mean monthly runoff (mm) for the watershed for July 1981, from 4-km PRISM data.",mm/month,Climate Water Balance
CAT_RUN_AUG1981,"Mean monthly runoff (mm) for the watershed for August 1981, from 4-km PRISM data.",mm/month,Climate Water Balance
CAT_RUN_SEP1981,"Mean monthly runoff (mm) for the watershed for September 1981, from 4-km PRISM data.",mm/month,Climate Water Balance
CAT_RUN_OCT1981,"Mean monthly runoff (mm) for the watershed for October 1981, from 4-km PRISM data.",mm/month,Climate Water Balance
CAT_RUN_NOV1981,"Mean monthly runoff (mm) for the watershed for November 1981, from 4-km PRISM data.",mm/month,Climate Water Balance
CAT_RUN_DEC1981,"Mean monthly runoff (mm) for the watershed for December 1981, from 4-km PRISM data.",mm/month,Climate Water Balance
CAT_RUN_JAN1951,"Mean monthly runoff (mm) for the watershed for January 1951, from 4-km PRISM data.",mm/month,Climate Water Balance
CAT_RUN_FEB1951,"Mean monthly runoff (mm) for the watershed for Febuary 1951, from 4-km PRISM data.",mm/month,Climate Water Balance
CAT_RUN_MAR1951,"Mean monthly runoff (mm) for the watershed for March 1951, from 4-km PRISM data.",mm/month,Climate Water Balance
CAT_RUN_APR1951,"Mean monthly runoff (mm) for the watershed for April 1951, from 4-km PRISM data.",mm/month,Climate Water Balance
CAT_RUN_MAY1951,"Mean monthly runoff (mm) for the watershed for May 1951, from 4-km PRISM data.",mm/month,Climate Water Balance
CAT_RUN_JUN1951,"Mean monthly runoff (mm) for the watershed for June 1951, from 4-km PRISM data.",mm/month,Climate Water Balance
CAT_RUN_JUL1951,"Mean monthly runoff (mm) for the watershed for July 1951, from 4-km PRISM data.",mm/month,Climate Water Balance
CAT_RUN_AUG1951,"Mean monthly runoff (mm) for the watershed for August 1951, from 4-km PRISM data.",mm/month,Climate Water Balance
CAT_RUN_SEP1951,"Mean monthly runoff (mm) for the watershed for September 1951, from 4-km PRISM data.",mm/month,Climate Water Balance
CAT_RUN_OCT1951,"Mean monthly runoff (mm) for the watershed for October 1951, from 4-km PRISM data.",mm/month,Climate Water Balance
CAT_RUN_NOV1951,"Mean monthly runoff (mm) for the watershed for November 1951, from 4-km PRISM data.",mm/month,Climate Water Balance
CAT_RUN_DEC1951,"Mean monthly runoff (mm) for the watershed for December 1951, from 4-km PRISM data.",mm/month,Climate Water Balance
CAT_RUN_JAN1961,"Mean monthly runoff (mm) for the watershed for January 1961, from 4-km PRISM data.",mm/month,Climate Water Balance
CAT_RUN_FEB1961,"Mean monthly runoff (mm) for the watershed for Febuary 1961, from 4-km PRISM data.",mm/month,Climate Water Balance
CAT_RUN_MAR1961,"Mean monthly runoff (mm) for the watershed for March 1961, from 4-km PRISM data.",mm/month,Climate Water Balance
CAT_RUN_APR1961,"Mean monthly runoff (mm) for the watershed for April 1961, from 4-km PRISM data.",mm/month,Climate Water Balance
CAT_RUN_MAY1961,"Mean monthly runoff (mm) for the watershed for May 1961, from 4-km PRISM data.",mm/month,Climate Water Balance
CAT_RUN_JUN1961,"Mean monthly runoff (mm) for the watershed for June 1961, from 4-km PRISM data.",mm/month,Climate Water Balance
CAT_RUN_JUL1961,"Mean monthly runoff (mm) for the watershed for July 1961, from 4-km PRISM data.",mm/month,Climate Water Balance
CAT_RUN_AUG1961,"Mean monthly runoff (mm) for the watershed for August 1961, from 4-km PRISM data.",mm/month,Climate Water Balance
CAT_RUN_SEP1961,"Mean monthly runoff (mm) for the watershed for September 1961, from 4-km PRISM data.",mm/month,Climate Water Balance
CAT_RUN_OCT1961,"Mean monthly runoff (mm) for the watershed for October 1961, from 4-km PRISM data.",mm/month,Climate Water Balance
CAT_RUN_NOV1961,"Mean monthly runoff (mm) for the watershed for November 1961, from 4-km PRISM data.",mm/month,Climate Water Balance
CAT_RUN_DEC1961,"Mean monthly runoff (mm) for the watershed for December 1961, from 4-km PRISM data.",mm/month,Climate Water Balance
CAT_RUN_JAN1980,"Mean monthly runoff (mm) for the watershed for January 1980, from 4-km PRISM data.",mm/month,Climate Water Balance
CAT_RUN_FEB1980,"Mean monthly runoff (mm) for the watershed for Febuary 1980, from 4-km PRISM data.",mm/month,Climate Water Balance
CAT_RUN_MAR1980,"Mean monthly runoff (mm) for the watershed for March 1980, from 4-km PRISM data.",mm/month,Climate Water Balance
CAT_RUN_APR1980,"Mean monthly runoff (mm) for the watershed for April 1980, from 4-km PRISM data.",mm/month,Climate Water Balance
CAT_RUN_MAY1980,"Mean monthly runoff (mm) for the watershed for May 1980, from 4-km PRISM data.",mm/month,Climate Water Balance
CAT_RUN_JUN1980,"Mean monthly runoff (mm) for the watershed for June 1980, from 4-km PRISM data.",mm/month,Climate Water Balance
CAT_RUN_JUL1980,"Mean monthly runoff (mm) for the watershed for July 1980, from 4-km PRISM data.",mm/month,Climate Water Balance
CAT_RUN_AUG1980,"Mean monthly runoff (mm) for the watershed for August 1980, from 4-km PRISM data.",mm/month,Climate Water Balance
CAT_RUN_SEP1980,"Mean monthly runoff (mm) for the watershed for September 1980, from 4-km PRISM data.",mm/month,Climate Water Balance
CAT_RUN_OCT1980,"Mean monthly runoff (mm) for the watershed for October 1980, from 4-km PRISM data.",mm/month,Climate Water Balance
CAT_RUN_NOV1980,"Mean monthly runoff (mm) for the watershed for November 1980, from 4-km PRISM data.",mm/month,Climate Water Balance
CAT_RUN_DEC1980,"Mean monthly runoff (mm) for the watershed for December 1980, from 4-km PRISM data.",mm/month,Climate Water Balance
CAT_RUN_JAN1965,"Mean monthly runoff (mm) for the watershed for January 1965, from 4-km PRISM data.",mm/month,Climate Water Balance
CAT_RUN_FEB1965,"Mean monthly runoff (mm) for the watershed for Febuary 1965, from 4-km PRISM data.",mm/month,Climate Water Balance
CAT_RUN_MAR1965,"Mean monthly runoff (mm) for the watershed for March 1965, from 4-km PRISM data.",mm/month,Climate Water Balance
CAT_RUN_APR1965,"Mean monthly runoff (mm) for the watershed for April 1965, from 4-km PRISM data.",mm/month,Climate Water Balance
CAT_RUN_MAY1965,"Mean monthly runoff (mm) for the watershed for May 1965, from 4-km PRISM data.",mm/month,Climate Water Balance
CAT_RUN_JUN1965,"Mean monthly runoff (mm) for the watershed for June 1965, from 4-km PRISM data.",mm/month,Climate Water Balance
CAT_RUN_JUL1965,"Mean monthly runoff (mm) for the watershed for July 1965, from 4-km PRISM data.",mm/month,Climate Water Balance
CAT_RUN_AUG1965,"Mean monthly runoff (mm) for the watershed for August 1965, from 4-km PRISM data.",mm/month,Climate Water Balance
CAT_RUN_SEP1965,"Mean monthly runoff (mm) for the watershed for September 1965, from 4-km PRISM data.",mm/month,Climate Water Balance
CAT_RUN_OCT1965,"Mean monthly runoff (mm) for the watershed for October 1965, from 4-km PRISM data.",mm/month,Climate Water Balance
CAT_RUN_NOV1965,"Mean monthly runoff (mm) for the watershed for November 1965, from 4-km PRISM data.",mm/month,Climate Water Balance
CAT_RUN_DEC1965,"Mean monthly runoff (mm) for the watershed for December 1965, from 4-km PRISM data.",mm/month,Climate Water Balance
CAT_RUN_JAN1999,"Mean monthly runoff (mm) for the watershed for January 1999, from 4-km PRISM data.",mm/month,Climate Water Balance
CAT_RUN_FEB1999,"Mean monthly runoff (mm) for the watershed for Febuary 1999, from 4-km PRISM data.",mm/month,Climate Water Balance
CAT_RUN_MAR1999,"Mean monthly runoff (mm) for the watershed for March 1999, from 4-km PRISM data.",mm/month,Climate Water Balance
CAT_RUN_APR1999,"Mean monthly runoff (mm) for the watershed for April 1999, from 4-km PRISM data.",mm/month,Climate Water Balance
CAT_RUN_MAY1999,"Mean monthly runoff (mm) for the watershed for May 1999, from 4-km PRISM data.",mm/month,Climate Water Balance
CAT_RUN_JUN1999,"Mean monthly runoff (mm) for the watershed for June 1999, from 4-km PRISM data.",mm/month,Climate Water Balance
CAT_RUN_JUL1999,"Mean monthly runoff (mm) for the watershed for July 1999, from 4-km PRISM data.",mm/month,Climate Water Balance
CAT_RUN_AUG1999,"Mean monthly runoff (mm) for the watershed for August 1999, from 4-km PRISM data.",mm/month,Climate Water Balance
CAT_RUN_SEP1999,"Mean monthly runoff (mm) for the watershed for September 1999, from 4-km PRISM data.",mm/month,Climate Water Balance
CAT_RUN_OCT1999,"Mean monthly runoff (mm) for the watershed for October 1999, from 4-km PRISM data.",mm/month,Climate Water Balance
CAT_RUN_NOV1999,"Mean monthly runoff (mm) for the watershed for November 1999, from 4-km PRISM data.",mm/month,Climate Water Balance
CAT_RUN_DEC1999,"Mean monthly runoff (mm) for the watershed for December 1999, from 4-km PRISM data.",mm/month,Climate Water Balance
CAT_RUN_JAN2003,"Mean monthly runoff (mm) for the watershed for January 2003, from 4-km PRISM data.",mm/month,Climate Water Balance
CAT_RUN_FEB2003,"Mean monthly runoff (mm) for the watershed for Febuary 2003, from 4-km PRISM data.",mm/month,Climate Water Balance
CAT_RUN_MAR2003,"Mean monthly runoff (mm) for the watershed for March 2003, from 4-km PRISM data.",mm/month,Climate Water Balance
CAT_RUN_APR2003,"Mean monthly runoff (mm) for the watershed for April 2003, from 4-km PRISM data.",mm/month,Climate Water Balance
CAT_RUN_MAY2003,"Mean monthly runoff (mm) for the watershed for May 2003, from 4-km PRISM data.",mm/month,Climate Water Balance
CAT_RUN_JUN2003,"Mean monthly runoff (mm) for the watershed for June 2003, from 4-km PRISM data.",mm/month,Climate Water Balance
CAT_RUN_JUL2003,"Mean monthly runoff (mm) for the watershed for July 2003, from 4-km PRISM data.",mm/month,Climate Water Balance
CAT_RUN_AUG2003,"Mean monthly runoff (mm) for the watershed for August 2003, from 4-km PRISM data.",mm/month,Climate Water Balance
CAT_RUN_SEP2003,"Mean monthly runoff (mm) for the watershed for September 2003, from 4-km PRISM data.",mm/month,Climate Water Balance
CAT_RUN_OCT2003,"Mean monthly runoff (mm) for the watershed for October 2003, from 4-km PRISM data.",mm/month,Climate Water Balance
CAT_RUN_NOV2003,"Mean monthly runoff (mm) for the watershed for November 2003, from 4-km PRISM data.",mm/month,Climate Water Balance
CAT_RUN_DEC2003,"Mean monthly runoff (mm) for the watershed for December 2003, from 4-km PRISM data.",mm/month,Climate Water Balance
CAT_RUN_JAN1990,"Mean monthly runoff (mm) for the watershed for January 1990, from 4-km PRISM data.",mm/month,Climate Water Balance
CAT_RUN_FEB1990,"Mean monthly runoff (mm) for the watershed for Febuary 1990, from 4-km PRISM data.",mm/month,Climate Water Balance
CAT_RUN_MAR1990,"Mean monthly runoff (mm) for the watershed for March 1990, from 4-km PRISM data.",mm/month,Climate Water Balance
CAT_RUN_APR1990,"Mean monthly runoff (mm) for the watershed for April 1990, from 4-km PRISM data.",mm/month,Climate Water Balance
CAT_RUN_MAY1990,"Mean monthly runoff (mm) for the watershed for May 1990, from 4-km PRISM data.",mm/month,Climate Water Balance
CAT_RUN_JUN1990,"Mean monthly runoff (mm) for the watershed for June 1990, from 4-km PRISM data.",mm/month,Climate Water Balance
CAT_RUN_JUL1990,"Mean monthly runoff (mm) for the watershed for July 1990, from 4-km PRISM data.",mm/month,Climate Water Balance
CAT_RUN_AUG1990,"Mean monthly runoff (mm) for the watershed for August 1990, from 4-km PRISM data.",mm/month,Climate Water Balance
CAT_RUN_SEP1990,"Mean monthly runoff (mm) for the watershed for September 1990, from 4-km PRISM data.",mm/month,Climate Water Balance
CAT_RUN_OCT1990,"Mean monthly runoff (mm) for the watershed for October 1990, from 4-km PRISM data.",mm/month,Climate Water Balance
CAT_RUN_NOV1990,"Mean monthly runoff (mm) for the watershed for November 1990, from 4-km PRISM data.",mm/month,Climate Water Balance
CAT_RUN_DEC1990,"Mean monthly runoff (mm) for the watershed for December 1990, from 4-km PRISM data.",mm/month,Climate Water Balance
CAT_RUN_JAN1971,"Mean monthly runoff (mm) for the watershed for January 1971, from 4-km PRISM data.",mm/month,Climate Water Balance
CAT_RUN_FEB1971,"Mean monthly runoff (mm) for the watershed for Febuary 1971, from 4-km PRISM data.",mm/month,Climate Water Balance
CAT_RUN_MAR1971,"Mean monthly runoff (mm) for the watershed for March 1971, from 4-km PRISM data.",mm/month,Climate Water Balance
CAT_RUN_APR1971,"Mean monthly runoff (mm) for the watershed for April 1971, from 4-km PRISM data.",mm/month,Climate Water Balance
CAT_RUN_MAY1971,"Mean monthly runoff (mm) for the watershed for May 1971, from 4-km PRISM data.",mm/month,Climate Water Balance
CAT_RUN_JUN1971,"Mean monthly runoff (mm) for the watershed for June 1971, from 4-km PRISM data.",mm/month,Climate Water Balance
CAT_RUN_JUL1971,"Mean monthly runoff (mm) for the watershed for July 1971, from 4-km PRISM data.",mm/month,Climate Water Balance
CAT_RUN_AUG1971,"Mean monthly runoff (mm) for the watershed for August 1971, from 4-km PRISM data.",mm/month,Climate Water Balance
CAT_RUN_SEP1971,"Mean monthly runoff (mm) for the watershed for September 1971, from 4-km PRISM data.",mm/month,Climate Water Balance
CAT_RUN_OCT1971,"Mean monthly runoff (mm) for the watershed for October 1971, from 4-km PRISM data.",mm/month,Climate Water Balance
CAT_RUN_NOV1971,"Mean monthly runoff (mm) for the watershed for November 1971, from 4-km PRISM data.",mm/month,Climate Water Balance
CAT_RUN_DEC1971,"Mean monthly runoff (mm) for the watershed for December 1971, from 4-km PRISM data.",mm/month,Climate Water Balance
CAT_RUN_JAN1987,"Mean monthly runoff (mm) for the watershed for January 1987, from 4-km PRISM data.",mm/month,Climate Water Balance
CAT_RUN_FEB1987,"Mean monthly runoff (mm) for the watershed for Febuary 1987, from 4-km PRISM data.",mm/month,Climate Water Balance
CAT_RUN_MAR1987,"Mean monthly runoff (mm) for the watershed for March 1987, from 4-km PRISM data.",mm/month,Climate Water Balance
CAT_RUN_APR1987,"Mean monthly runoff (mm) for the watershed for April 1987, from 4-km PRISM data.",mm/month,Climate Water Balance
CAT_RUN_MAY1987,"Mean monthly runoff (mm) for the watershed for May 1987, from 4-km PRISM data.",mm/month,Climate Water Balance
CAT_RUN_JUN1987,"Mean monthly runoff (mm) for the watershed for June 1987, from 4-km PRISM data.",mm/month,Climate Water Balance
CAT_RUN_JUL1987,"Mean monthly runoff (mm) for the watershed for July 1987, from 4-km PRISM data.",mm/month,Climate Water Balance
CAT_RUN_AUG1987,"Mean monthly runoff (mm) for the watershed for August 1987, from 4-km PRISM data.",mm/month,Climate Water Balance
CAT_RUN_SEP1987,"Mean monthly runoff (mm) for the watershed for September 1987, from 4-km PRISM data.",mm/month,Climate Water Balance
CAT_RUN_OCT1987,"Mean monthly runoff (mm) for the watershed for October 1987, from 4-km PRISM data.",mm/month,Climate Water Balance
CAT_RUN_NOV1987,"Mean monthly runoff (mm) for the watershed for November 1987, from 4-km PRISM data.",mm/month,Climate Water Balance
CAT_RUN_DEC1987,"Mean monthly runoff (mm) for the watershed for December 1987, from 4-km PRISM data.",mm/month,Climate Water Balance
CAT_RUN_JAN1946,"Mean monthly runoff (mm) for the watershed for January 1946, from 4-km PRISM data.",mm/month,Climate Water Balance
CAT_RUN_FEB1946,"Mean monthly runoff (mm) for the watershed for Febuary 1946, from 4-km PRISM data.",mm/month,Climate Water Balance
CAT_RUN_MAR1946,"Mean monthly runoff (mm) for the watershed for March 1946, from 4-km PRISM data.",mm/month,Climate Water Balance
CAT_RUN_APR1946,"Mean monthly runoff (mm) for the watershed for April 1946, from 4-km PRISM data.",mm/month,Climate Water Balance
CAT_RUN_MAY1946,"Mean monthly runoff (mm) for the watershed for May 1946, from 4-km PRISM data.",mm/month,Climate Water Balance
CAT_RUN_JUN1946,"Mean monthly runoff (mm) for the watershed for June 1946, from 4-km PRISM data.",mm/month,Climate Water Balance
CAT_RUN_JUL1946,"Mean monthly runoff (mm) for the watershed for July 1946, from 4-km PRISM data.",mm/month,Climate Water Balance
CAT_RUN_AUG1946,"Mean monthly runoff (mm) for the watershed for August 1946, from 4-km PRISM data.",mm/month,Climate Water Balance
CAT_RUN_SEP1946,"Mean monthly runoff (mm) for the watershed for September 1946, from 4-km PRISM data.",mm/month,Climate Water Balance
CAT_RUN_OCT1946,"Mean monthly runoff (mm) for the watershed for October 1946, from 4-km PRISM data.",mm/month,Climate Water Balance
CAT_RUN_NOV1946,"Mean monthly runoff (mm) for the watershed for November 1946, from 4-km PRISM data.",mm/month,Climate Water Balance
CAT_RUN_DEC1946,"Mean monthly runoff (mm) for the watershed for December 1946, from 4-km PRISM data.",mm/month,Climate Water Balance
CAT_RUN_JAN1945,"Mean monthly runoff (mm) for the watershed for January 1945, from 4-km PRISM data.",mm/month,Climate Water Balance
CAT_RUN_FEB1945,"Mean monthly runoff (mm) for the watershed for Febuary 1945, from 4-km PRISM data.",mm/month,Climate Water Balance
CAT_RUN_MAR1945,"Mean monthly runoff (mm) for the watershed for March 1945, from 4-km PRISM data.",mm/month,Climate Water Balance
CAT_RUN_APR1945,"Mean monthly runoff (mm) for the watershed for April 1945, from 4-km PRISM data.",mm/month,Climate Water Balance
CAT_RUN_MAY1945,"Mean monthly runoff (mm) for the watershed for May 1945, from 4-km PRISM data.",mm/month,Climate Water Balance
CAT_RUN_JUN1945,"Mean monthly runoff (mm) for the watershed for June 1945, from 4-km PRISM data.",mm/month,Climate Water Balance
CAT_RUN_JUL1945,"Mean monthly runoff (mm) for the watershed for July 1945, from 4-km PRISM data.",mm/month,Climate Water Balance
CAT_RUN_AUG1945,"Mean monthly runoff (mm) for the watershed for August 1945, from 4-km PRISM data.",mm/month,Climate Water Balance
CAT_RUN_SEP1945,"Mean monthly runoff (mm) for the watershed for September 1945, from 4-km PRISM data.",mm/month,Climate Water Balance
CAT_RUN_OCT1945,"Mean monthly runoff (mm) for the watershed for October 1945, from 4-km PRISM data.",mm/month,Climate Water Balance
CAT_RUN_NOV1945,"Mean monthly runoff (mm) for the watershed for November 1945, from 4-km PRISM data.",mm/month,Climate Water Balance
CAT_RUN_DEC1945,"Mean monthly runoff (mm) for the watershed for December 1945, from 4-km PRISM data.",mm/month,Climate Water Balance
CAT_RUN_JAN2001,"Mean monthly runoff (mm) for the watershed for January 2001, from 4-km PRISM data.",mm/month,Climate Water Balance
CAT_RUN_FEB2001,"Mean monthly runoff (mm) for the watershed for Febuary 2001, from 4-km PRISM data.",mm/month,Climate Water Balance
CAT_RUN_MAR2001,"Mean monthly runoff (mm) for the watershed for March 2001, from 4-km PRISM data.",mm/month,Climate Water Balance
CAT_RUN_APR2001,"Mean monthly runoff (mm) for the watershed for April 2001, from 4-km PRISM data.",mm/month,Climate Water Balance
CAT_RUN_MAY2001,"Mean monthly runoff (mm) for the watershed for May 2001, from 4-km PRISM data.",mm/month,Climate Water Balance
CAT_RUN_JUN2001,"Mean monthly runoff (mm) for the watershed for June 2001, from 4-km PRISM data.",mm/month,Climate Water Balance
CAT_RUN_JUL2001,"Mean monthly runoff (mm) for the watershed for July 2001, from 4-km PRISM data.",mm/month,Climate Water Balance
CAT_RUN_AUG2001,"Mean monthly runoff (mm) for the watershed for August 2001, from 4-km PRISM data.",mm/month,Climate Water Balance
CAT_RUN_SEP2001,"Mean monthly runoff (mm) for the watershed for September 2001, from 4-km PRISM data.",mm/month,Climate Water Balance
CAT_RUN_OCT2001,"Mean monthly runoff (mm) for the watershed for October 2001, from 4-km PRISM data.",mm/month,Climate Water Balance
CAT_RUN_NOV2001,"Mean monthly runoff (mm) for the watershed for November 2001, from 4-km PRISM data.",mm/month,Climate Water Balance
CAT_RUN_DEC2001,"Mean monthly runoff (mm) for the watershed for December 2001, from 4-km PRISM data.",mm/month,Climate Water Balance
CAT_RUN_JAN2005,"Mean monthly runoff (mm) for the watershed for January 2005, from 4-km PRISM data.",mm/month,Climate Water Balance
CAT_RUN_FEB2005,"Mean monthly runoff (mm) for the watershed for Febuary 2005, from 4-km PRISM data.",mm/month,Climate Water Balance
CAT_RUN_MAR2005,"Mean monthly runoff (mm) for the watershed for March 2005, from 4-km PRISM data.",mm/month,Climate Water Balance
CAT_RUN_APR2005,"Mean monthly runoff (mm) for the watershed for April 2005, from 4-km PRISM data.",mm/month,Climate Water Balance
CAT_RUN_MAY2005,"Mean monthly runoff (mm) for the watershed for May 2005, from 4-km PRISM data.",mm/month,Climate Water Balance
CAT_RUN_JUN2005,"Mean monthly runoff (mm) for the watershed for June 2005, from 4-km PRISM data.",mm/month,Climate Water Balance
CAT_RUN_JUL2005,"Mean monthly runoff (mm) for the watershed for July 2005, from 4-km PRISM data.",mm/month,Climate Water Balance
CAT_RUN_AUG2005,"Mean monthly runoff (mm) for the watershed for August 2005, from 4-km PRISM data.",mm/month,Climate Water Balance
CAT_RUN_SEP2005,"Mean monthly runoff (mm) for the watershed for September 2005, from 4-km PRISM data.",mm/month,Climate Water Balance
CAT_RUN_OCT2005,"Mean monthly runoff (mm) for the watershed for October 2005, from 4-km PRISM data.",mm/month,Climate Water Balance
CAT_RUN_NOV2005,"Mean monthly runoff (mm) for the watershed for November 2005, from 4-km PRISM data.",mm/month,Climate Water Balance
CAT_RUN_DEC2005,"Mean monthly runoff (mm) for the watershed for December 2005, from 4-km PRISM data.",mm/month,Climate Water Balance
CAT_RUN_JAN1958,"Mean monthly runoff (mm) for the watershed for January 1958, from 4-km PRISM data.",mm/month,Climate Water Balance
CAT_RUN_FEB1958,"Mean monthly runoff (mm) for the watershed for Febuary 1958, from 4-km PRISM data.",mm/month,Climate Water Balance
CAT_RUN_MAR1958,"Mean monthly runoff (mm) for the watershed for March 1958, from 4-km PRISM data.",mm/month,Climate Water Balance
CAT_RUN_APR1958,"Mean monthly runoff (mm) for the watershed for April 1958, from 4-km PRISM data.",mm/month,Climate Water Balance
CAT_RUN_MAY1958,"Mean monthly runoff (mm) for the watershed for May 1958, from 4-km PRISM data.",mm/month,Climate Water Balance
CAT_RUN_JUN1958,"Mean monthly runoff (mm) for the watershed for June 1958, from 4-km PRISM data.",mm/month,Climate Water Balance
CAT_RUN_JUL1958,"Mean monthly runoff (mm) for the watershed for July 1958, from 4-km PRISM data.",mm/month,Climate Water Balance
CAT_RUN_AUG1958,"Mean monthly runoff (mm) for the watershed for August 1958, from 4-km PRISM data.",mm/month,Climate Water Balance
CAT_RUN_SEP1958,"Mean monthly runoff (mm) for the watershed for September 1958, from 4-km PRISM data.",mm/month,Climate Water Balance
CAT_RUN_OCT1958,"Mean monthly runoff (mm) for the watershed for October 1958, from 4-km PRISM data.",mm/month,Climate Water Balance
CAT_RUN_NOV1958,"Mean monthly runoff (mm) for the watershed for November 1958, from 4-km PRISM data.",mm/month,Climate Water Balance
CAT_RUN_DEC1958,"Mean monthly runoff (mm) for the watershed for December 1958, from 4-km PRISM data.",mm/month,Climate Water Balance
CAT_RUN_JAN1957,"Mean monthly runoff (mm) for the watershed for January 1957, from 4-km PRISM data.",mm/month,Climate Water Balance
CAT_RUN_FEB1957,"Mean monthly runoff (mm) for the watershed for Febuary 1957, from 4-km PRISM data.",mm/month,Climate Water Balance
CAT_RUN_MAR1957,"Mean monthly runoff (mm) for the watershed for March 1957, from 4-km PRISM data.",mm/month,Climate Water Balance
CAT_RUN_APR1957,"Mean monthly runoff (mm) for the watershed for April 1957, from 4-km PRISM data.",mm/month,Climate Water Balance
CAT_RUN_MAY1957,"Mean monthly runoff (mm) for the watershed for May 1957, from 4-km PRISM data.",mm/month,Climate Water Balance
CAT_RUN_JUN1957,"Mean monthly runoff (mm) for the watershed for June 1957, from 4-km PRISM data.",mm/month,Climate Water Balance
CAT_RUN_JUL1957,"Mean monthly runoff (mm) for the watershed for July 1957, from 4-km PRISM data.",mm/month,Climate Water Balance
CAT_RUN_AUG1957,"Mean monthly runoff (mm) for the watershed for August 1957, from 4-km PRISM data.",mm/month,Climate Water Balance
CAT_RUN_SEP1957,"Mean monthly runoff (mm) for the watershed for September 1957, from 4-km PRISM data.",mm/month,Climate Water Balance
CAT_RUN_OCT1957,"Mean monthly runoff (mm) for the watershed for October 1957, from 4-km PRISM data.",mm/month,Climate Water Balance
CAT_RUN_NOV1957,"Mean monthly runoff (mm) for the watershed for November 1957, from 4-km PRISM data.",mm/month,Climate Water Balance
CAT_RUN_DEC1957,"Mean monthly runoff (mm) for the watershed for December 1957, from 4-km PRISM data.",mm/month,Climate Water Balance
CAT_RUN_JAN1991,"Mean monthly runoff (mm) for the watershed for January 1991, from 4-km PRISM data.",mm/month,Climate Water Balance
CAT_RUN_FEB1991,"Mean monthly runoff (mm) for the watershed for Febuary 1991, from 4-km PRISM data.",mm/month,Climate Water Balance
CAT_RUN_MAR1991,"Mean monthly runoff (mm) for the watershed for March 1991, from 4-km PRISM data.",mm/month,Climate Water Balance
CAT_RUN_APR1991,"Mean monthly runoff (mm) for the watershed for April 1991, from 4-km PRISM data.",mm/month,Climate Water Balance
CAT_RUN_MAY1991,"Mean monthly runoff (mm) for the watershed for May 1991, from 4-km PRISM data.",mm/month,Climate Water Balance
CAT_RUN_JUN1991,"Mean monthly runoff (mm) for the watershed for June 1991, from 4-km PRISM data.",mm/month,Climate Water Balance
CAT_RUN_JUL1991,"Mean monthly runoff (mm) for the watershed for July 1991, from 4-km PRISM data.",mm/month,Climate Water Balance
CAT_RUN_AUG1991,"Mean monthly runoff (mm) for the watershed for August 1991, from 4-km PRISM data.",mm/month,Climate Water Balance
CAT_RUN_SEP1991,"Mean monthly runoff (mm) for the watershed for September 1991, from 4-km PRISM data.",mm/month,Climate Water Balance
CAT_RUN_OCT1991,"Mean monthly runoff (mm) for the watershed for October 1991, from 4-km PRISM data.",mm/month,Climate Water Balance
CAT_RUN_NOV1991,"Mean monthly runoff (mm) for the watershed for November 1991, from 4-km PRISM data.",mm/month,Climate Water Balance
CAT_RUN_DEC1991,"Mean monthly runoff (mm) for the watershed for December 1991, from 4-km PRISM data.",mm/month,Climate Water Balance
CAT_RUN_JAN1970,"Mean monthly runoff (mm) for the watershed for January 1970, from 4-km PRISM data.",mm/month,Climate Water Balance
CAT_RUN_FEB1970,"Mean monthly runoff (mm) for the watershed for Febuary 1970, from 4-km PRISM data.",mm/month,Climate Water Balance
CAT_RUN_MAR1970,"Mean monthly runoff (mm) for the watershed for March 1970, from 4-km PRISM data.",mm/month,Climate Water Balance
CAT_RUN_APR1970,"Mean monthly runoff (mm) for the watershed for April 1970, from 4-km PRISM data.",mm/month,Climate Water Balance
CAT_RUN_MAY1970,"Mean monthly runoff (mm) for the watershed for May 1970, from 4-km PRISM data.",mm/month,Climate Water Balance
CAT_RUN_JUN1970,"Mean monthly runoff (mm) for the watershed for June 1970, from 4-km PRISM data.",mm/month,Climate Water Balance
CAT_RUN_JUL1970,"Mean monthly runoff (mm) for the watershed for July 1970, from 4-km PRISM data.",mm/month,Climate Water Balance
CAT_RUN_AUG1970,"Mean monthly runoff (mm) for the watershed for August 1970, from 4-km PRISM data.",mm/month,Climate Water Balance
CAT_RUN_SEP1970,"Mean monthly runoff (mm) for the watershed for September 1970, from 4-km PRISM data.",mm/month,Climate Water Balance
CAT_RUN_OCT1970,"Mean monthly runoff (mm) for the watershed for October 1970, from 4-km PRISM data.",mm/month,Climate Water Balance
CAT_RUN_NOV1970,"Mean monthly runoff (mm) for the watershed for November 1970, from 4-km PRISM data.",mm/month,Climate Water Balance
CAT_RUN_DEC1970,"Mean monthly runoff (mm) for the watershed for December 1970, from 4-km PRISM data.",mm/month,Climate Water Balance
CAT_RUN_JAN1972,"Mean monthly runoff (mm) for the watershed for January 1972, from 4-km PRISM data.",mm/month,Climate Water Balance
CAT_RUN_FEB1972,"Mean monthly runoff (mm) for the watershed for Febuary 1972, from 4-km PRISM data.",mm/month,Climate Water Balance
CAT_RUN_MAR1972,"Mean monthly runoff (mm) for the watershed for March 1972, from 4-km PRISM data.",mm/month,Climate Water Balance
CAT_RUN_APR1972,"Mean monthly runoff (mm) for the watershed for April 1972, from 4-km PRISM data.",mm/month,Climate Water Balance
CAT_RUN_MAY1972,"Mean monthly runoff (mm) for the watershed for May 1972, from 4-km PRISM data.",mm/month,Climate Water Balance
CAT_RUN_JUN1972,"Mean monthly runoff (mm) for the watershed for June 1972, from 4-km PRISM data.",mm/month,Climate Water Balance
CAT_RUN_JUL1972,"Mean monthly runoff (mm) for the watershed for July 1972, from 4-km PRISM data.",mm/month,Climate Water Balance
CAT_RUN_AUG1972,"Mean monthly runoff (mm) for the watershed for August 1972, from 4-km PRISM data.",mm/month,Climate Water Balance
CAT_RUN_SEP1972,"Mean monthly runoff (mm) for the watershed for September 1972, from 4-km PRISM data.",mm/month,Climate Water Balance
CAT_RUN_OCT1972,"Mean monthly runoff (mm) for the watershed for October 1972, from 4-km PRISM data.",mm/month,Climate Water Balance
CAT_RUN_NOV1972,"Mean monthly runoff (mm) for the watershed for November 1972, from 4-km PRISM data.",mm/month,Climate Water Balance
CAT_RUN_DEC1972,"Mean monthly runoff (mm) for the watershed for December 1972, from 4-km PRISM data.",mm/month,Climate Water Balance
CAT_RUN_JAN1974,"Mean monthly runoff (mm) for the watershed for January 1974, from 4-km PRISM data.",mm/month,Climate Water Balance
CAT_RUN_FEB1974,"Mean monthly runoff (mm) for the watershed for Febuary 1974, from 4-km PRISM data.",mm/month,Climate Water Balance
CAT_RUN_MAR1974,"Mean monthly runoff (mm) for the watershed for March 1974, from 4-km PRISM data.",mm/month,Climate Water Balance
CAT_RUN_APR1974,"Mean monthly runoff (mm) for the watershed for April 1974, from 4-km PRISM data.",mm/month,Climate Water Balance
CAT_RUN_MAY1974,"Mean monthly runoff (mm) for the watershed for May 1974, from 4-km PRISM data.",mm/month,Climate Water Balance
CAT_RUN_JUN1974,"Mean monthly runoff (mm) for the watershed for June 1974, from 4-km PRISM data.",mm/month,Climate Water Balance
CAT_RUN_JUL1974,"Mean monthly runoff (mm) for the watershed for July 1974, from 4-km PRISM data.",mm/month,Climate Water Balance
CAT_RUN_AUG1974,"Mean monthly runoff (mm) for the watershed for August 1974, from 4-km PRISM data.",mm/month,Climate Water Balance
CAT_RUN_SEP1974,"Mean monthly runoff (mm) for the watershed for September 1974, from 4-km PRISM data.",mm/month,Climate Water Balance
CAT_RUN_OCT1974,"Mean monthly runoff (mm) for the watershed for October 1974, from 4-km PRISM data.",mm/month,Climate Water Balance
CAT_RUN_NOV1974,"Mean monthly runoff (mm) for the watershed for November 1974, from 4-km PRISM data.",mm/month,Climate Water Balance
CAT_RUN_DEC1974,"Mean monthly runoff (mm) for the watershed for December 1974, from 4-km PRISM data.",mm/month,Climate Water Balance
CAT_RUN_JAN1969,"Mean monthly runoff (mm) for the watershed for January 1969, from 4-km PRISM data.",mm/month,Climate Water Balance
CAT_RUN_FEB1969,"Mean monthly runoff (mm) for the watershed for Febuary 1969, from 4-km PRISM data.",mm/month,Climate Water Balance
CAT_RUN_MAR1969,"Mean monthly runoff (mm) for the watershed for March 1969, from 4-km PRISM data.",mm/month,Climate Water Balance
CAT_RUN_APR1969,"Mean monthly runoff (mm) for the watershed for April 1969, from 4-km PRISM data.",mm/month,Climate Water Balance
CAT_RUN_MAY1969,"Mean monthly runoff (mm) for the watershed for May 1969, from 4-km PRISM data.",mm/month,Climate Water Balance
CAT_RUN_JUN1969,"Mean monthly runoff (mm) for the watershed for June 1969, from 4-km PRISM data.",mm/month,Climate Water Balance
CAT_RUN_JUL1969,"Mean monthly runoff (mm) for the watershed for July 1969, from 4-km PRISM data.",mm/month,Climate Water Balance
CAT_RUN_AUG1969,"Mean monthly runoff (mm) for the watershed for August 1969, from 4-km PRISM data.",mm/month,Climate Water Balance
CAT_RUN_SEP1969,"Mean monthly runoff (mm) for the watershed for September 1969, from 4-km PRISM data.",mm/month,Climate Water Balance
CAT_RUN_OCT1969,"Mean monthly runoff (mm) for the watershed for October 1969, from 4-km PRISM data.",mm/month,Climate Water Balance
CAT_RUN_NOV1969,"Mean monthly runoff (mm) for the watershed for November 1969, from 4-km PRISM data.",mm/month,Climate Water Balance
CAT_RUN_DEC1969,"Mean monthly runoff (mm) for the watershed for December 1969, from 4-km PRISM data.",mm/month,Climate Water Balance
CAT_RUN_JAN1985,"Mean monthly runoff (mm) for the watershed for January 1985, from 4-km PRISM data.",mm/month,Climate Water Balance
CAT_RUN_FEB1985,"Mean monthly runoff (mm) for the watershed for Febuary 1985, from 4-km PRISM data.",mm/month,Climate Water Balance
CAT_RUN_MAR1985,"Mean monthly runoff (mm) for the watershed for March 1985, from 4-km PRISM data.",mm/month,Climate Water Balance
CAT_RUN_APR1985,"Mean monthly runoff (mm) for the watershed for April 1985, from 4-km PRISM data.",mm/month,Climate Water Balance
CAT_RUN_MAY1985,"Mean monthly runoff (mm) for the watershed for May 1985, from 4-km PRISM data.",mm/month,Climate Water Balance
CAT_RUN_JUN1985,"Mean monthly runoff (mm) for the watershed for June 1985, from 4-km PRISM data.",mm/month,Climate Water Balance
CAT_RUN_JUL1985,"Mean monthly runoff (mm) for the watershed for July 1985, from 4-km PRISM data.",mm/month,Climate Water Balance
CAT_RUN_AUG1985,"Mean monthly runoff (mm) for the watershed for August 1985, from 4-km PRISM data.",mm/month,Climate Water Balance
CAT_RUN_SEP1985,"Mean monthly runoff (mm) for the watershed for September 1985, from 4-km PRISM data.",mm/month,Climate Water Balance
CAT_RUN_OCT1985,"Mean monthly runoff (mm) for the watershed for October 1985, from 4-km PRISM data.",mm/month,Climate Water Balance
CAT_RUN_NOV1985,"Mean monthly runoff (mm) for the watershed for November 1985, from 4-km PRISM data.",mm/month,Climate Water Balance
CAT_RUN_DEC1985,"Mean monthly runoff (mm) for the watershed for December 1985, from 4-km PRISM data.",mm/month,Climate Water Balance
CAT_RUN_JAN2011,"Mean monthly runoff (mm) for the watershed for January 2011, from 4-km PRISM data.",mm/month,Climate Water Balance
CAT_RUN_FEB2011,"Mean monthly runoff (mm) for the watershed for Febuary 2011, from 4-km PRISM data.",mm/month,Climate Water Balance
CAT_RUN_MAR2011,"Mean monthly runoff (mm) for the watershed for March 2011, from 4-km PRISM data.",mm/month,Climate Water Balance
CAT_RUN_APR2011,"Mean monthly runoff (mm) for the watershed for April 2011, from 4-km PRISM data.",mm/month,Climate Water Balance
CAT_RUN_MAY2011,"Mean monthly runoff (mm) for the watershed for May 2011, from 4-km PRISM data.",mm/month,Climate Water Balance
CAT_RUN_JUN2011,"Mean monthly runoff (mm) for the watershed for June 2011, from 4-km PRISM data.",mm/month,Climate Water Balance
CAT_RUN_JUL2011,"Mean monthly runoff (mm) for the watershed for July 2011, from 4-km PRISM data.",mm/month,Climate Water Balance
CAT_RUN_AUG2011,"Mean monthly runoff (mm) for the watershed for August 2011, from 4-km PRISM data.",mm/month,Climate Water Balance
CAT_RUN_SEP2011,"Mean monthly runoff (mm) for the watershed for September 2011, from 4-km PRISM data.",mm/month,Climate Water Balance
CAT_RUN_OCT2011,"Mean monthly runoff (mm) for the watershed for October 2011, from 4-km PRISM data.",mm/month,Climate Water Balance
CAT_RUN_NOV2011,"Mean monthly runoff (mm) for the watershed for November 2011, from 4-km PRISM data.",mm/month,Climate Water Balance
CAT_RUN_DEC2011,"Mean monthly runoff (mm) for the watershed for December 2011, from 4-km PRISM data.",mm/month,Climate Water Balance
CAT_RUN_JAN1992,"Mean monthly runoff (mm) for the watershed for January 1992, from 4-km PRISM data.",mm/month,Climate Water Balance
CAT_RUN_FEB1992,"Mean monthly runoff (mm) for the watershed for Febuary 1992, from 4-km PRISM data.",mm/month,Climate Water Balance
CAT_RUN_MAR1992,"Mean monthly runoff (mm) for the watershed for March 1992, from 4-km PRISM data.",mm/month,Climate Water Balance
CAT_RUN_APR1992,"Mean monthly runoff (mm) for the watershed for April 1992, from 4-km PRISM data.",mm/month,Climate Water Balance
CAT_RUN_MAY1992,"Mean monthly runoff (mm) for the watershed for May 1992, from 4-km PRISM data.",mm/month,Climate Water Balance
CAT_RUN_JUN1992,"Mean monthly runoff (mm) for the watershed for June 1992, from 4-km PRISM data.",mm/month,Climate Water Balance
CAT_RUN_JUL1992,"Mean monthly runoff (mm) for the watershed for July 1992, from 4-km PRISM data.",mm/month,Climate Water Balance
CAT_RUN_AUG1992,"Mean monthly runoff (mm) for the watershed for August 1992, from 4-km PRISM data.",mm/month,Climate Water Balance
CAT_RUN_SEP1992,"Mean monthly runoff (mm) for the watershed for September 1992, from 4-km PRISM data.",mm/month,Climate Water Balance
CAT_RUN_OCT1992,"Mean monthly runoff (mm) for the watershed for October 1992, from 4-km PRISM data.",mm/month,Climate Water Balance
CAT_RUN_NOV1992,"Mean monthly runoff (mm) for the watershed for November 1992, from 4-km PRISM data.",mm/month,Climate Water Balance
CAT_RUN_DEC1992,"Mean monthly runoff (mm) for the watershed for December 1992, from 4-km PRISM data.",mm/month,Climate Water Balance
CAT_RUN_JAN2008,"Mean monthly runoff (mm) for the watershed for January 2008, from 4-km PRISM data.",mm/month,Climate Water Balance
CAT_RUN_FEB2008,"Mean monthly runoff (mm) for the watershed for Febuary 2008, from 4-km PRISM data.",mm/month,Climate Water Balance
CAT_RUN_MAR2008,"Mean monthly runoff (mm) for the watershed for March 2008, from 4-km PRISM data.",mm/month,Climate Water Balance
CAT_RUN_APR2008,"Mean monthly runoff (mm) for the watershed for April 2008, from 4-km PRISM data.",mm/month,Climate Water Balance
CAT_RUN_MAY2008,"Mean monthly runoff (mm) for the watershed for May 2008, from 4-km PRISM data.",mm/month,Climate Water Balance
CAT_RUN_JUN2008,"Mean monthly runoff (mm) for the watershed for June 2008, from 4-km PRISM data.",mm/month,Climate Water Balance
CAT_RUN_JUL2008,"Mean monthly runoff (mm) for the watershed for July 2008, from 4-km PRISM data.",mm/month,Climate Water Balance
CAT_RUN_AUG2008,"Mean monthly runoff (mm) for the watershed for August 2008, from 4-km PRISM data.",mm/month,Climate Water Balance
CAT_RUN_SEP2008,"Mean monthly runoff (mm) for the watershed for September 2008, from 4-km PRISM data.",mm/month,Climate Water Balance
CAT_RUN_OCT2008,"Mean monthly runoff (mm) for the watershed for October 2008, from 4-km PRISM data.",mm/month,Climate Water Balance
CAT_RUN_NOV2008,"Mean monthly runoff (mm) for the watershed for November 2008, from 4-km PRISM data.",mm/month,Climate Water Balance
CAT_RUN_DEC2008,"Mean monthly runoff (mm) for the watershed for December 2008, from 4-km PRISM data.",mm/month,Climate Water Balance
CAT_RUN_JAN2010,"Mean monthly runoff (mm) for the watershed for January 2010, from 4-km PRISM data.",mm/month,Climate Water Balance
CAT_RUN_FEB2010,"Mean monthly runoff (mm) for the watershed for Febuary 2010, from 4-km PRISM data.",mm/month,Climate Water Balance
CAT_RUN_MAR2010,"Mean monthly runoff (mm) for the watershed for March 2010, from 4-km PRISM data.",mm/month,Climate Water Balance
CAT_RUN_APR2010,"Mean monthly runoff (mm) for the watershed for April 2010, from 4-km PRISM data.",mm/month,Climate Water Balance
CAT_RUN_MAY2010,"Mean monthly runoff (mm) for the watershed for May 2010, from 4-km PRISM data.",mm/month,Climate Water Balance
CAT_RUN_JUN2010,"Mean monthly runoff (mm) for the watershed for June 2010, from 4-km PRISM data.",mm/month,Climate Water Balance
CAT_RUN_JUL2010,"Mean monthly runoff (mm) for the watershed for July 2010, from 4-km PRISM data.",mm/month,Climate Water Balance
CAT_RUN_AUG2010,"Mean monthly runoff (mm) for the watershed for August 2010, from 4-km PRISM data.",mm/month,Climate Water Balance
CAT_RUN_SEP2010,"Mean monthly runoff (mm) for the watershed for September 2010, from 4-km PRISM data.",mm/month,Climate Water Balance
CAT_RUN_OCT2010,"Mean monthly runoff (mm) for the watershed for October 2010, from 4-km PRISM data.",mm/month,Climate Water Balance
CAT_RUN_NOV2010,"Mean monthly runoff (mm) for the watershed for November 2010, from 4-km PRISM data.",mm/month,Climate Water Balance
CAT_RUN_DEC2010,"Mean monthly runoff (mm) for the watershed for December 2010, from 4-km PRISM data.",mm/month,Climate Water Balance
CAT_RUN_JAN1994,"Mean monthly runoff (mm) for the watershed for January 1994, from 4-km PRISM data.",mm/month,Climate Water Balance
CAT_RUN_FEB1994,"Mean monthly runoff (mm) for the watershed for Febuary 1994, from 4-km PRISM data.",mm/month,Climate Water Balance
CAT_RUN_MAR1994,"Mean monthly runoff (mm) for the watershed for March 1994, from 4-km PRISM data.",mm/month,Climate Water Balance
CAT_RUN_APR1994,"Mean monthly runoff (mm) for the watershed for April 1994, from 4-km PRISM data.",mm/month,Climate Water Balance
CAT_RUN_MAY1994,"Mean monthly runoff (mm) for the watershed for May 1994, from 4-km PRISM data.",mm/month,Climate Water Balance
CAT_RUN_JUN1994,"Mean monthly runoff (mm) for the watershed for June 1994, from 4-km PRISM data.",mm/month,Climate Water Balance
CAT_RUN_JUL1994,"Mean monthly runoff (mm) for the watershed for July 1994, from 4-km PRISM data.",mm/month,Climate Water Balance
CAT_RUN_AUG1994,"Mean monthly runoff (mm) for the watershed for August 1994, from 4-km PRISM data.",mm/month,Climate Water Balance
CAT_RUN_SEP1994,"Mean monthly runoff (mm) for the watershed for September 1994, from 4-km PRISM data.",mm/month,Climate Water Balance
CAT_RUN_OCT1994,"Mean monthly runoff (mm) for the watershed for October 1994, from 4-km PRISM data.",mm/month,Climate Water Balance
CAT_RUN_NOV1994,"Mean monthly runoff (mm) for the watershed for November 1994, from 4-km PRISM data.",mm/month,Climate Water Balance
CAT_RUN_DEC1994,"Mean monthly runoff (mm) for the watershed for December 1994, from 4-km PRISM data.",mm/month,Climate Water Balance
CAT_RUN_JAN2004,"Mean monthly runoff (mm) for the watershed for January 2004, from 4-km PRISM data.",mm/month,Climate Water Balance
CAT_RUN_FEB2004,"Mean monthly runoff (mm) for the watershed for Febuary 2004, from 4-km PRISM data.",mm/month,Climate Water Balance
CAT_RUN_MAR2004,"Mean monthly runoff (mm) for the watershed for March 2004, from 4-km PRISM data.",mm/month,Climate Water Balance
CAT_RUN_APR2004,"Mean monthly runoff (mm) for the watershed for April 2004, from 4-km PRISM data.",mm/month,Climate Water Balance
CAT_RUN_MAY2004,"Mean monthly runoff (mm) for the watershed for May 2004, from 4-km PRISM data.",mm/month,Climate Water Balance
CAT_RUN_JUN2004,"Mean monthly runoff (mm) for the watershed for June 2004, from 4-km PRISM data.",mm/month,Climate Water Balance
CAT_RUN_JUL2004,"Mean monthly runoff (mm) for the watershed for July 2004, from 4-km PRISM data.",mm/month,Climate Water Balance
CAT_RUN_AUG2004,"Mean monthly runoff (mm) for the watershed for August 2004, from 4-km PRISM data.",mm/month,Climate Water Balance
CAT_RUN_SEP2004,"Mean monthly runoff (mm) for the watershed for September 2004, from 4-km PRISM data.",mm/month,Climate Water Balance
CAT_RUN_OCT2004,"Mean monthly runoff (mm) for the watershed for October 2004, from 4-km PRISM data.",mm/month,Climate Water Balance
CAT_RUN_NOV2004,"Mean monthly runoff (mm) for the watershed for November 2004, from 4-km PRISM data.",mm/month,Climate Water Balance
CAT_RUN_DEC2004,"Mean monthly runoff (mm) for the watershed for December 2004, from 4-km PRISM data.",mm/month,Climate Water Balance
CAT_RUN_JAN1996,"Mean monthly runoff (mm) for the watershed for January 1996, from 4-km PRISM data.",mm/month,Climate Water Balance
CAT_RUN_FEB1996,"Mean monthly runoff (mm) for the watershed for Febuary 1996, from 4-km PRISM data.",mm/month,Climate Water Balance
CAT_RUN_MAR1996,"Mean monthly runoff (mm) for the watershed for March 1996, from 4-km PRISM data.",mm/month,Climate Water Balance
CAT_RUN_APR1996,"Mean monthly runoff (mm) for the watershed for April 1996, from 4-km PRISM data.",mm/month,Climate Water Balance
CAT_RUN_MAY1996,"Mean monthly runoff (mm) for the watershed for May 1996, from 4-km PRISM data.",mm/month,Climate Water Balance
CAT_RUN_JUN1996,"Mean monthly runoff (mm) for the watershed for June 1996, from 4-km PRISM data.",mm/month,Climate Water Balance
CAT_RUN_JUL1996,"Mean monthly runoff (mm) for the watershed for July 1996, from 4-km PRISM data.",mm/month,Climate Water Balance
CAT_RUN_AUG1996,"Mean monthly runoff (mm) for the watershed for August 1996, from 4-km PRISM data.",mm/month,Climate Water Balance
CAT_RUN_SEP1996,"Mean monthly runoff (mm) for the watershed for September 1996, from 4-km PRISM data.",mm/month,Climate Water Balance
CAT_RUN_OCT1996,"Mean monthly runoff (mm) for the watershed for October 1996, from 4-km PRISM data.",mm/month,Climate Water Balance
CAT_RUN_NOV1996,"Mean monthly runoff (mm) for the watershed for November 1996, from 4-km PRISM data.",mm/month,Climate Water Balance
CAT_RUN_DEC1996,"Mean monthly runoff (mm) for the watershed for December 1996, from 4-km PRISM data.",mm/month,Climate Water Balance
CAT_RUN_JAN1978,"Mean monthly runoff (mm) for the watershed for January 1978, from 4-km PRISM data.",mm/month,Climate Water Balance
CAT_RUN_FEB1978,"Mean monthly runoff (mm) for the watershed for Febuary 1978, from 4-km PRISM data.",mm/month,Climate Water Balance
CAT_RUN_MAR1978,"Mean monthly runoff (mm) for the watershed for March 1978, from 4-km PRISM data.",mm/month,Climate Water Balance
CAT_RUN_APR1978,"Mean monthly runoff (mm) for the watershed for April 1978, from 4-km PRISM data.",mm/month,Climate Water Balance
CAT_RUN_MAY1978,"Mean monthly runoff (mm) for the watershed for May 1978, from 4-km PRISM data.",mm/month,Climate Water Balance
CAT_RUN_JUN1978,"Mean monthly runoff (mm) for the watershed for June 1978, from 4-km PRISM data.",mm/month,Climate Water Balance
CAT_RUN_JUL1978,"Mean monthly runoff (mm) for the watershed for July 1978, from 4-km PRISM data.",mm/month,Climate Water Balance
CAT_RUN_AUG1978,"Mean monthly runoff (mm) for the watershed for August 1978, from 4-km PRISM data.",mm/month,Climate Water Balance
CAT_RUN_SEP1978,"Mean monthly runoff (mm) for the watershed for September 1978, from 4-km PRISM data.",mm/month,Climate Water Balance
CAT_RUN_OCT1978,"Mean monthly runoff (mm) for the watershed for October 1978, from 4-km PRISM data.",mm/month,Climate Water Balance
CAT_RUN_NOV1978,"Mean monthly runoff (mm) for the watershed for November 1978, from 4-km PRISM data.",mm/month,Climate Water Balance
CAT_RUN_DEC1978,"Mean monthly runoff (mm) for the watershed for December 1978, from 4-km PRISM data.",mm/month,Climate Water Balance
CAT_RUN_JAN2009,"Mean monthly runoff (mm) for the watershed for January 2009, from 4-km PRISM data.",mm/month,Climate Water Balance
CAT_RUN_FEB2009,"Mean monthly runoff (mm) for the watershed for Febuary 2009, from 4-km PRISM data.",mm/month,Climate Water Balance
CAT_RUN_MAR2009,"Mean monthly runoff (mm) for the watershed for March 2009, from 4-km PRISM data.",mm/month,Climate Water Balance
CAT_RUN_APR2009,"Mean monthly runoff (mm) for the watershed for April 2009, from 4-km PRISM data.",mm/month,Climate Water Balance
CAT_RUN_MAY2009,"Mean monthly runoff (mm) for the watershed for May 2009, from 4-km PRISM data.",mm/month,Climate Water Balance
CAT_RUN_JUN2009,"Mean monthly runoff (mm) for the watershed for June 2009, from 4-km PRISM data.",mm/month,Climate Water Balance
CAT_RUN_JUL2009,"Mean monthly runoff (mm) for the watershed for July 2009, from 4-km PRISM data.",mm/month,Climate Water Balance
CAT_RUN_AUG2009,"Mean monthly runoff (mm) for the watershed for August 2009, from 4-km PRISM data.",mm/month,Climate Water Balance
CAT_RUN_SEP2009,"Mean monthly runoff (mm) for the watershed for September 2009, from 4-km PRISM data.",mm/month,Climate Water Balance
CAT_RUN_OCT2009,"Mean monthly runoff (mm) for the watershed for October 2009, from 4-km PRISM data.",mm/month,Climate Water Balance
CAT_RUN_NOV2009,"Mean monthly runoff (mm) for the watershed for November 2009, from 4-km PRISM data.",mm/month,Climate Water Balance
CAT_RUN_DEC2009,"Mean monthly runoff (mm) for the watershed for December 2009, from 4-km PRISM data.",mm/month,Climate Water Balance
CAT_RUN_JAN1979,"Mean monthly runoff (mm) for the watershed for January 1979, from 4-km PRISM data.",mm/month,Climate Water Balance
CAT_RUN_FEB1979,"Mean monthly runoff (mm) for the watershed for Febuary 1979, from 4-km PRISM data.",mm/month,Climate Water Balance
CAT_RUN_MAR1979,"Mean monthly runoff (mm) for the watershed for March 1979, from 4-km PRISM data.",mm/month,Climate Water Balance
CAT_RUN_APR1979,"Mean monthly runoff (mm) for the watershed for April 1979, from 4-km PRISM data.",mm/month,Climate Water Balance
CAT_RUN_MAY1979,"Mean monthly runoff (mm) for the watershed for May 1979, from 4-km PRISM data.",mm/month,Climate Water Balance
CAT_RUN_JUN1979,"Mean monthly runoff (mm) for the watershed for June 1979, from 4-km PRISM data.",mm/month,Climate Water Balance
CAT_RUN_JUL1979,"Mean monthly runoff (mm) for the watershed for July 1979, from 4-km PRISM data.",mm/month,Climate Water Balance
CAT_RUN_AUG1979,"Mean monthly runoff (mm) for the watershed for August 1979, from 4-km PRISM data.",mm/month,Climate Water Balance
CAT_RUN_SEP1979,"Mean monthly runoff (mm) for the watershed for September 1979, from 4-km PRISM data.",mm/month,Climate Water Balance
CAT_RUN_OCT1979,"Mean monthly runoff (mm) for the watershed for October 1979, from 4-km PRISM data.",mm/month,Climate Water Balance
CAT_RUN_NOV1979,"Mean monthly runoff (mm) for the watershed for November 1979, from 4-km PRISM data.",mm/month,Climate Water Balance
CAT_RUN_DEC1979,"Mean monthly runoff (mm) for the watershed for December 1979, from 4-km PRISM data.",mm/month,Climate Water Balance
CAT_RUN_JAN1997,"Mean monthly runoff (mm) for the watershed for January 1997, from 4-km PRISM data.",mm/month,Climate Water Balance
CAT_RUN_FEB1997,"Mean monthly runoff (mm) for the watershed for Febuary 1997, from 4-km PRISM data.",mm/month,Climate Water Balance
CAT_RUN_MAR1997,"Mean monthly runoff (mm) for the watershed for March 1997, from 4-km PRISM data.",mm/month,Climate Water Balance
CAT_RUN_APR1997,"Mean monthly runoff (mm) for the watershed for April 1997, from 4-km PRISM data.",mm/month,Climate Water Balance
CAT_RUN_MAY1997,"Mean monthly runoff (mm) for the watershed for May 1997, from 4-km PRISM data.",mm/month,Climate Water Balance
CAT_RUN_JUN1997,"Mean monthly runoff (mm) for the watershed for June 1997, from 4-km PRISM data.",mm/month,Climate Water Balance
CAT_RUN_JUL1997,"Mean monthly runoff (mm) for the watershed for July 1997, from 4-km PRISM data.",mm/month,Climate Water Balance
CAT_RUN_AUG1997,"Mean monthly runoff (mm) for the watershed for August 1997, from 4-km PRISM data.",mm/month,Climate Water Balance
CAT_RUN_SEP1997,"Mean monthly runoff (mm) for the watershed for September 1997, from 4-km PRISM data.",mm/month,Climate Water Balance
CAT_RUN_OCT1997,"Mean monthly runoff (mm) for the watershed for October 1997, from 4-km PRISM data.",mm/month,Climate Water Balance
CAT_RUN_NOV1997,"Mean monthly runoff (mm) for the watershed for November 1997, from 4-km PRISM data.",mm/month,Climate Water Balance
CAT_RUN_DEC1997,"Mean monthly runoff (mm) for the watershed for December 1997, from 4-km PRISM data.",mm/month,Climate Water Balance
CAT_RUN_JAN1986,"Mean monthly runoff (mm) for the watershed for January 1986, from 4-km PRISM data.",mm/month,Climate Water Balance
CAT_RUN_FEB1986,"Mean monthly runoff (mm) for the watershed for Febuary 1986, from 4-km PRISM data.",mm/month,Climate Water Balance
CAT_RUN_MAR1986,"Mean monthly runoff (mm) for the watershed for March 1986, from 4-km PRISM data.",mm/month,Climate Water Balance
CAT_RUN_APR1986,"Mean monthly runoff (mm) for the watershed for April 1986, from 4-km PRISM data.",mm/month,Climate Water Balance
CAT_RUN_MAY1986,"Mean monthly runoff (mm) for the watershed for May 1986, from 4-km PRISM data.",mm/month,Climate Water Balance
CAT_RUN_JUN1986,"Mean monthly runoff (mm) for the watershed for June 1986, from 4-km PRISM data.",mm/month,Climate Water Balance
CAT_RUN_JUL1986,"Mean monthly runoff (mm) for the watershed for July 1986, from 4-km PRISM data.",mm/month,Climate Water Balance
CAT_RUN_AUG1986,"Mean monthly runoff (mm) for the watershed for August 1986, from 4-km PRISM data.",mm/month,Climate Water Balance
CAT_RUN_SEP1986,"Mean monthly runoff (mm) for the watershed for September 1986, from 4-km PRISM data.",mm/month,Climate Water Balance
CAT_RUN_OCT1986,"Mean monthly runoff (mm) for the watershed for October 1986, from 4-km PRISM data.",mm/month,Climate Water Balance
CAT_RUN_NOV1986,"Mean monthly runoff (mm) for the watershed for November 1986, from 4-km PRISM data.",mm/month,Climate Water Balance
CAT_RUN_DEC1986,"Mean monthly runoff (mm) for the watershed for December 1986, from 4-km PRISM data.",mm/month,Climate Water Balance
CAT_RUN_JAN1975,"Mean monthly runoff (mm) for the watershed for January 1975, from 4-km PRISM data.",mm/month,Climate Water Balance
CAT_RUN_FEB1975,"Mean monthly runoff (mm) for the watershed for Febuary 1975, from 4-km PRISM data.",mm/month,Climate Water Balance
CAT_RUN_MAR1975,"Mean monthly runoff (mm) for the watershed for March 1975, from 4-km PRISM data.",mm/month,Climate Water Balance
CAT_RUN_APR1975,"Mean monthly runoff (mm) for the watershed for April 1975, from 4-km PRISM data.",mm/month,Climate Water Balance
CAT_RUN_MAY1975,"Mean monthly runoff (mm) for the watershed for May 1975, from 4-km PRISM data.",mm/month,Climate Water Balance
CAT_RUN_JUN1975,"Mean monthly runoff (mm) for the watershed for June 1975, from 4-km PRISM data.",mm/month,Climate Water Balance
CAT_RUN_JUL1975,"Mean monthly runoff (mm) for the watershed for July 1975, from 4-km PRISM data.",mm/month,Climate Water Balance
CAT_RUN_AUG1975,"Mean monthly runoff (mm) for the watershed for August 1975, from 4-km PRISM data.",mm/month,Climate Water Balance
CAT_RUN_SEP1975,"Mean monthly runoff (mm) for the watershed for September 1975, from 4-km PRISM data.",mm/month,Climate Water Balance
CAT_RUN_OCT1975,"Mean monthly runoff (mm) for the watershed for October 1975, from 4-km PRISM data.",mm/month,Climate Water Balance
CAT_RUN_NOV1975,"Mean monthly runoff (mm) for the watershed for November 1975, from 4-km PRISM data.",mm/month,Climate Water Balance
CAT_RUN_DEC1975,"Mean monthly runoff (mm) for the watershed for December 1975, from 4-km PRISM data.",mm/month,Climate Water Balance
CAT_RUN_JAN1973,"Mean monthly runoff (mm) for the watershed for January 1973, from 4-km PRISM data.",mm/month,Climate Water Balance
CAT_RUN_FEB1973,"Mean monthly runoff (mm) for the watershed for Febuary 1973, from 4-km PRISM data.",mm/month,Climate Water Balance
CAT_RUN_MAR1973,"Mean monthly runoff (mm) for the watershed for March 1973, from 4-km PRISM data.",mm/month,Climate Water Balance
CAT_RUN_APR1973,"Mean monthly runoff (mm) for the watershed for April 1973, from 4-km PRISM data.",mm/month,Climate Water Balance
CAT_RUN_MAY1973,"Mean monthly runoff (mm) for the watershed for May 1973, from 4-km PRISM data.",mm/month,Climate Water Balance
CAT_RUN_JUN1973,"Mean monthly runoff (mm) for the watershed for June 1973, from 4-km PRISM data.",mm/month,Climate Water Balance
CAT_RUN_JUL1973,"Mean monthly runoff (mm) for the watershed for July 1973, from 4-km PRISM data.",mm/month,Climate Water Balance
CAT_RUN_AUG1973,"Mean monthly runoff (mm) for the watershed for August 1973, from 4-km PRISM data.",mm/month,Climate Water Balance
CAT_RUN_SEP1973,"Mean monthly runoff (mm) for the watershed for September 1973, from 4-km PRISM data.",mm/month,Climate Water Balance
CAT_RUN_OCT1973,"Mean monthly runoff (mm) for the watershed for October 1973, from 4-km PRISM data.",mm/month,Climate Water Balance
CAT_RUN_NOV1973,"Mean monthly runoff (mm) for the watershed for November 1973, from 4-km PRISM data.",mm/month,Climate Water Balance
CAT_RUN_DEC1973,"Mean monthly runoff (mm) for the watershed for December 1973, from 4-km PRISM data.",mm/month,Climate Water Balance
CAT_RUN_JAN1984,"Mean monthly runoff (mm) for the watershed for January 1984, from 4-km PRISM data.",mm/month,Climate Water Balance
CAT_RUN_FEB1984,"Mean monthly runoff (mm) for the watershed for Febuary 1984, from 4-km PRISM data.",mm/month,Climate Water Balance
CAT_RUN_MAR1984,"Mean monthly runoff (mm) for the watershed for March 1984, from 4-km PRISM data.",mm/month,Climate Water Balance
CAT_RUN_APR1984,"Mean monthly runoff (mm) for the watershed for April 1984, from 4-km PRISM data.",mm/month,Climate Water Balance
CAT_RUN_MAY1984,"Mean monthly runoff (mm) for the watershed for May 1984, from 4-km PRISM data.",mm/month,Climate Water Balance
CAT_RUN_JUN1984,"Mean monthly runoff (mm) for the watershed for June 1984, from 4-km PRISM data.",mm/month,Climate Water Balance
CAT_RUN_JUL1984,"Mean monthly runoff (mm) for the watershed for July 1984, from 4-km PRISM data.",mm/month,Climate Water Balance
CAT_RUN_AUG1984,"Mean monthly runoff (mm) for the watershed for August 1984, from 4-km PRISM data.",mm/month,Climate Water Balance
CAT_RUN_SEP1984,"Mean monthly runoff (mm) for the watershed for September 1984, from 4-km PRISM data.",mm/month,Climate Water Balance
CAT_RUN_OCT1984,"Mean monthly runoff (mm) for the watershed for October 1984, from 4-km PRISM data.",mm/month,Climate Water Balance
CAT_RUN_NOV1984,"Mean monthly runoff (mm) for the watershed for November 1984, from 4-km PRISM data.",mm/month,Climate Water Balance
CAT_RUN_DEC1984,"Mean monthly runoff (mm) for the watershed for December 1984, from 4-km PRISM data.",mm/month,Climate Water Balance
CAT_RUN_JAN1998,"Mean monthly runoff (mm) for the watershed for January 1998, from 4-km PRISM data.",mm/month,Climate Water Balance
CAT_RUN_FEB1998,"Mean monthly runoff (mm) for the watershed for Febuary 1998, from 4-km PRISM data.",mm/month,Climate Water Balance
CAT_RUN_MAR1998,"Mean monthly runoff (mm) for the watershed for March 1998, from 4-km PRISM data.",mm/month,Climate Water Balance
CAT_RUN_APR1998,"Mean monthly runoff (mm) for the watershed for April 1998, from 4-km PRISM data.",mm/month,Climate Water Balance
CAT_RUN_MAY1998,"Mean monthly runoff (mm) for the watershed for May 1998, from 4-km PRISM data.",mm/month,Climate Water Balance
CAT_RUN_JUN1998,"Mean monthly runoff (mm) for the watershed for June 1998, from 4-km PRISM data.",mm/month,Climate Water Balance
CAT_RUN_JUL1998,"Mean monthly runoff (mm) for the watershed for July 1998, from 4-km PRISM data.",mm/month,Climate Water Balance
CAT_RUN_AUG1998,"Mean monthly runoff (mm) for the watershed for August 1998, from 4-km PRISM data.",mm/month,Climate Water Balance
CAT_RUN_SEP1998,"Mean monthly runoff (mm) for the watershed for September 1998, from 4-km PRISM data.",mm/month,Climate Water Balance
CAT_RUN_OCT1998,"Mean monthly runoff (mm) for the watershed for October 1998, from 4-km PRISM data.",mm/month,Climate Water Balance
CAT_RUN_NOV1998,"Mean monthly runoff (mm) for the watershed for November 1998, from 4-km PRISM data.",mm/month,Climate Water Balance
CAT_RUN_DEC1998,"Mean monthly runoff (mm) for the watershed for December 1998, from 4-km PRISM data.",mm/month,Climate Water Balance
CAT_RUN_JAN1993,"Mean monthly runoff (mm) for the watershed for January 1993, from 4-km PRISM data.",mm/month,Climate Water Balance
CAT_RUN_FEB1993,"Mean monthly runoff (mm) for the watershed for Febuary 1993, from 4-km PRISM data.",mm/month,Climate Water Balance
CAT_RUN_MAR1993,"Mean monthly runoff (mm) for the watershed for March 1993, from 4-km PRISM data.",mm/month,Climate Water Balance
CAT_RUN_APR1993,"Mean monthly runoff (mm) for the watershed for April 1993, from 4-km PRISM data.",mm/month,Climate Water Balance
CAT_RUN_MAY1993,"Mean monthly runoff (mm) for the watershed for May 1993, from 4-km PRISM data.",mm/month,Climate Water Balance
CAT_RUN_JUN1993,"Mean monthly runoff (mm) for the watershed for June 1993, from 4-km PRISM data.",mm/month,Climate Water Balance
CAT_RUN_JUL1993,"Mean monthly runoff (mm) for the watershed for July 1993, from 4-km PRISM data.",mm/month,Climate Water Balance
CAT_RUN_AUG1993,"Mean monthly runoff (mm) for the watershed for August 1993, from 4-km PRISM data.",mm/month,Climate Water Balance
CAT_RUN_SEP1993,"Mean monthly runoff (mm) for the watershed for September 1993, from 4-km PRISM data.",mm/month,Climate Water Balance
CAT_RUN_OCT1993,"Mean monthly runoff (mm) for the watershed for October 1993, from 4-km PRISM data.",mm/month,Climate Water Balance
CAT_RUN_NOV1993,"Mean monthly runoff (mm) for the watershed for November 1993, from 4-km PRISM data.",mm/month,Climate Water Balance
CAT_RUN_DEC1993,"Mean monthly runoff (mm) for the watershed for December 1993, from 4-km PRISM data.",mm/month,Climate Water Balance
CAT_RUN_JAN1995,"Mean monthly runoff (mm) for the watershed for January 1995, from 4-km PRISM data.",mm/month,Climate Water Balance
CAT_RUN_FEB1995,"Mean monthly runoff (mm) for the watershed for Febuary 1995, from 4-km PRISM data.",mm/month,Climate Water Balance
CAT_RUN_MAR1995,"Mean monthly runoff (mm) for the watershed for March 1995, from 4-km PRISM data.",mm/month,Climate Water Balance
CAT_RUN_APR1995,"Mean monthly runoff (mm) for the watershed for April 1995, from 4-km PRISM data.",mm/month,Climate Water Balance
CAT_RUN_MAY1995,"Mean monthly runoff (mm) for the watershed for May 1995, from 4-km PRISM data.",mm/month,Climate Water Balance
CAT_RUN_JUN1995,"Mean monthly runoff (mm) for the watershed for June 1995, from 4-km PRISM data.",mm/month,Climate Water Balance
CAT_RUN_JUL1995,"Mean monthly runoff (mm) for the watershed for July 1995, from 4-km PRISM data.",mm/month,Climate Water Balance
CAT_RUN_AUG1995,"Mean monthly runoff (mm) for the watershed for August 1995, from 4-km PRISM data.",mm/month,Climate Water Balance
CAT_RUN_SEP1995,"Mean monthly runoff (mm) for the watershed for September 1995, from 4-km PRISM data.",mm/month,Climate Water Balance
CAT_RUN_OCT1995,"Mean monthly runoff (mm) for the watershed for October 1995, from 4-km PRISM data.",mm/month,Climate Water Balance
CAT_RUN_NOV1995,"Mean monthly runoff (mm) for the watershed for November 1995, from 4-km PRISM data.",mm/month,Climate Water Balance
CAT_RUN_DEC1995,"Mean monthly runoff (mm) for the watershed for December 1995, from 4-km PRISM data.",mm/month,Climate Water Balance
CAT_RUN_JAN1982,"Mean monthly runoff (mm) for the watershed for January 1982, from 4-km PRISM data.",mm/month,Climate Water Balance
CAT_RUN_FEB1982,"Mean monthly runoff (mm) for the watershed for Febuary 1982, from 4-km PRISM data.",mm/month,Climate Water Balance
CAT_RUN_MAR1982,"Mean monthly runoff (mm) for the watershed for March 1982, from 4-km PRISM data.",mm/month,Climate Water Balance
CAT_RUN_APR1982,"Mean monthly runoff (mm) for the watershed for April 1982, from 4-km PRISM data.",mm/month,Climate Water Balance
CAT_RUN_MAY1982,"Mean monthly runoff (mm) for the watershed for May 1982, from 4-km PRISM data.",mm/month,Climate Water Balance
CAT_RUN_JUN1982,"Mean monthly runoff (mm) for the watershed for June 1982, from 4-km PRISM data.",mm/month,Climate Water Balance
CAT_RUN_JUL1982,"Mean monthly runoff (mm) for the watershed for July 1982, from 4-km PRISM data.",mm/month,Climate Water Balance
CAT_RUN_AUG1982,"Mean monthly runoff (mm) for the watershed for August 1982, from 4-km PRISM data.",mm/month,Climate Water Balance
CAT_RUN_SEP1982,"Mean monthly runoff (mm) for the watershed for September 1982, from 4-km PRISM data.",mm/month,Climate Water Balance
CAT_RUN_OCT1982,"Mean monthly runoff (mm) for the watershed for October 1982, from 4-km PRISM data.",mm/month,Climate Water Balance
CAT_RUN_NOV1982,"Mean monthly runoff (mm) for the watershed for November 1982, from 4-km PRISM data.",mm/month,Climate Water Balance
CAT_RUN_DEC1982,"Mean monthly runoff (mm) for the watershed for December 1982, from 4-km PRISM data.",mm/month,Climate Water Balance
CAT_RUN_JAN1983,"Mean monthly runoff (mm) for the watershed for January 1983, from 4-km PRISM data.",mm/month,Climate Water Balance
CAT_RUN_FEB1983,"Mean monthly runoff (mm) for the watershed for Febuary 1983, from 4-km PRISM data.",mm/month,Climate Water Balance
CAT_RUN_MAR1983,"Mean monthly runoff (mm) for the watershed for March 1983, from 4-km PRISM data.",mm/month,Climate Water Balance
CAT_RUN_APR1983,"Mean monthly runoff (mm) for the watershed for April 1983, from 4-km PRISM data.",mm/month,Climate Water Balance
CAT_RUN_MAY1983,"Mean monthly runoff (mm) for the watershed for May 1983, from 4-km PRISM data.",mm/month,Climate Water Balance
CAT_RUN_JUN1983,"Mean monthly runoff (mm) for the watershed for June 1983, from 4-km PRISM data.",mm/month,Climate Water Balance
CAT_RUN_JUL1983,"Mean monthly runoff (mm) for the watershed for July 1983, from 4-km PRISM data.",mm/month,Climate Water Balance
CAT_RUN_AUG1983,"Mean monthly runoff (mm) for the watershed for August 1983, from 4-km PRISM data.",mm/month,Climate Water Balance
CAT_RUN_SEP1983,"Mean monthly runoff (mm) for the watershed for September 1983, from 4-km PRISM data.",mm/month,Climate Water Balance
CAT_RUN_OCT1983,"Mean monthly runoff (mm) for the watershed for October 1983, from 4-km PRISM data.",mm/month,Climate Water Balance
CAT_RUN_NOV1983,"Mean monthly runoff (mm) for the watershed for November 1983, from 4-km PRISM data.",mm/month,Climate Water Balance
CAT_RUN_DEC1983,"Mean monthly runoff (mm) for the watershed for December 1983, from 4-km PRISM data.",mm/month,Climate Water Balance
CAT_RUN_JAN2014,"Mean monthly runoff (mm) for the watershed for January 2014, from 4-km PRISM data.",mm/month,Climate Water Balance
CAT_RUN_FEB2014,"Mean monthly runoff (mm) for the watershed for Febuary 2014, from 4-km PRISM data.",mm/month,Climate Water Balance
CAT_RUN_MAR2014,"Mean monthly runoff (mm) for the watershed for March 2014, from 4-km PRISM data.",mm/month,Climate Water Balance
CAT_RUN_APR2014,"Mean monthly runoff (mm) for the watershed for April 2014, from 4-km PRISM data.",mm/month,Climate Water Balance
CAT_RUN_MAY2014,"Mean monthly runoff (mm) for the watershed for May 2014, from 4-km PRISM data.",mm/month,Climate Water Balance
CAT_RUN_JUN2014,"Mean monthly runoff (mm) for the watershed for June 2014, from 4-km PRISM data.",mm/month,Climate Water Balance
CAT_RUN_JUL2014,"Mean monthly runoff (mm) for the watershed for July 2014, from 4-km PRISM data.",mm/month,Climate Water Balance
CAT_RUN_AUG2014,"Mean monthly runoff (mm) for the watershed for August 2014, from 4-km PRISM data.",mm/month,Climate Water Balance
CAT_RUN_SEP2014,"Mean monthly runoff (mm) for the watershed for September 2014, from 4-km PRISM data.",mm/month,Climate Water Balance
CAT_RUN_OCT2014,"Mean monthly runoff (mm) for the watershed for October 2014, from 4-km PRISM data.",mm/month,Climate Water Balance
CAT_RUN_NOV2014,"Mean monthly runoff (mm) for the watershed for November 2014, from 4-km PRISM data.",mm/month,Climate Water Balance
CAT_RUN_DEC2014,"Mean monthly runoff (mm) for the watershed for December 2014, from 4-km PRISM data.",mm/month,Climate Water Balance
CAT_RUN_JAN2015,"Mean monthly runoff (mm) for the watershed for January 2015, from 4-km PRISM data.",mm/month,Climate Water Balance
CAT_RUN_FEB2015,"Mean monthly runoff (mm) for the watershed for Febuary 2015, from 4-km PRISM data.",mm/month,Climate Water Balance
CAT_RUN_MAR2015,"Mean monthly runoff (mm) for the watershed for March 2015, from 4-km PRISM data.",mm/month,Climate Water Balance
CAT_RUN_APR2015,"Mean monthly runoff (mm) for the watershed for April 2015, from 4-km PRISM data.",mm/month,Climate Water Balance
CAT_RUN_MAY2015,"Mean monthly runoff (mm) for the watershed for May 2015, from 4-km PRISM data.",mm/month,Climate Water Balance
CAT_RUN_JUN2015,"Mean monthly runoff (mm) for the watershed for June 2015, from 4-km PRISM data.",mm/month,Climate Water Balance
CAT_RUN_JUL2015,"Mean monthly runoff (mm) for the watershed for July 2015, from 4-km PRISM data.",mm/month,Climate Water Balance
CAT_RUN_AUG2015,"Mean monthly runoff (mm) for the watershed for August 2015, from 4-km PRISM data.",mm/month,Climate Water Balance
CAT_RUN_SEP2015,"Mean monthly runoff (mm) for the watershed for September 2015, from 4-km PRISM data.",mm/month,Climate Water Balance
CAT_RUN_OCT2015,"Mean monthly runoff (mm) for the watershed for October 2015, from 4-km PRISM data.",mm/month,Climate Water Balance
CAT_RUN_NOV2015,"Mean monthly runoff (mm) for the watershed for November 2015, from 4-km PRISM data.",mm/month,Climate Water Balance
CAT_RUN_DEC2015,"Mean monthly runoff (mm) for the watershed for December 2015, from 4-km PRISM data.",mm/month,Climate Water Balance
CAT_TAV_JAN1974,"Mean monthly temperature (Celsius) for the watershed for January 1974, from 4-km PRISM data.",mm/month,Climate Water Balance
CAT_TAV_FEB1974,"Mean monthly temperature (Celsius) for the watershed for Febuary 1974, from 4-km PRISM data.",mm/month,Climate Water Balance
CAT_TAV_MAR1974,"Mean monthly temperature (Celsius) for the watershed for March 1974, from 4-km PRISM data.",mm/month,Climate Water Balance
CAT_TAV_APR1974,"Mean monthly temperature (Celsius) for the watershed for April 1974, from 4-km PRISM data.",mm/month,Climate Water Balance
CAT_TAV_MAY1974,"Mean monthly temperature (Celsius) for the watershed for May 1974, from 4-km PRISM data.",mm/month,Climate Water Balance
CAT_TAV_JUN1974,"Mean monthly temperature (Celsius) for the watershed for June 1974, from 4-km PRISM data.",mm/month,Climate Water Balance
CAT_TAV_JUL1974,"Mean monthly temperature (Celsius) for the watershed for July 1974, from 4-km PRISM data.",mm/month,Climate Water Balance
CAT_TAV_AUG1974,"Mean monthly temperature (Celsius) for the watershed for August 1974, from 4-km PRISM data.",mm/month,Climate Water Balance
CAT_TAV_SEP1974,"Mean monthly temperature (Celsius) for the watershed for September 1974, from 4-km PRISM data.",mm/month,Climate Water Balance
CAT_TAV_OCT1974,"Mean monthly temperature (Celsius) for the watershed for October 1974, from 4-km PRISM data.",mm/month,Climate Water Balance
CAT_TAV_NOV1974,"Mean monthly temperature (Celsius) for the watershed for November 1974, from 4-km PRISM data.",mm/month,Climate Water Balance
CAT_TAV_DEC1974,"Mean monthly temperature (Celsius) for the watershed for December 1974, from 4-km PRISM data.",mm/month,Climate Water Balance
CAT_TAV_JAN1973,"Mean monthly temperature (Celsius) for the watershed for January 1973, from 4-km PRISM data.",mm/month,Climate Water Balance
CAT_TAV_FEB1973,"Mean monthly temperature (Celsius) for the watershed for Febuary 1973, from 4-km PRISM data.",mm/month,Climate Water Balance
CAT_TAV_MAR1973,"Mean monthly temperature (Celsius) for the watershed for March 1973, from 4-km PRISM data.",mm/month,Climate Water Balance
CAT_TAV_APR1973,"Mean monthly temperature (Celsius) for the watershed for April 1973, from 4-km PRISM data.",mm/month,Climate Water Balance
CAT_TAV_MAY1973,"Mean monthly temperature (Celsius) for the watershed for May 1973, from 4-km PRISM data.",mm/month,Climate Water Balance
CAT_TAV_JUN1973,"Mean monthly temperature (Celsius) for the watershed for June 1973, from 4-km PRISM data.",mm/month,Climate Water Balance
CAT_TAV_JUL1973,"Mean monthly temperature (Celsius) for the watershed for July 1973, from 4-km PRISM data.",mm/month,Climate Water Balance
CAT_TAV_AUG1973,"Mean monthly temperature (Celsius) for the watershed for August 1973, from 4-km PRISM data.",mm/month,Climate Water Balance
CAT_TAV_SEP1973,"Mean monthly temperature (Celsius) for the watershed for September 1973, from 4-km PRISM data.",mm/month,Climate Water Balance
CAT_TAV_OCT1973,"Mean monthly temperature (Celsius) for the watershed for October 1973, from 4-km PRISM data.",mm/month,Climate Water Balance
CAT_TAV_NOV1973,"Mean monthly temperature (Celsius) for the watershed for November 1973, from 4-km PRISM data.",mm/month,Climate Water Balance
CAT_TAV_DEC1973,"Mean monthly temperature (Celsius) for the watershed for December 1973, from 4-km PRISM data.",mm/month,Climate Water Balance
CAT_TAV_JAN1972,"Mean monthly temperature (Celsius) for the watershed for January 1972, from 4-km PRISM data.",mm/month,Climate Water Balance
CAT_TAV_FEB1972,"Mean monthly temperature (Celsius) for the watershed for Febuary 1972, from 4-km PRISM data.",mm/month,Climate Water Balance
CAT_TAV_MAR1972,"Mean monthly temperature (Celsius) for the watershed for March 1972, from 4-km PRISM data.",mm/month,Climate Water Balance
CAT_TAV_APR1972,"Mean monthly temperature (Celsius) for the watershed for April 1972, from 4-km PRISM data.",mm/month,Climate Water Balance
CAT_TAV_MAY1972,"Mean monthly temperature (Celsius) for the watershed for May 1972, from 4-km PRISM data.",mm/month,Climate Water Balance
CAT_TAV_JUN1972,"Mean monthly temperature (Celsius) for the watershed for June 1972, from 4-km PRISM data.",mm/month,Climate Water Balance
CAT_TAV_JUL1972,"Mean monthly temperature (Celsius) for the watershed for July 1972, from 4-km PRISM data.",mm/month,Climate Water Balance
CAT_TAV_AUG1972,"Mean monthly temperature (Celsius) for the watershed for August 1972, from 4-km PRISM data.",mm/month,Climate Water Balance
CAT_TAV_SEP1972,"Mean monthly temperature (Celsius) for the watershed for September 1972, from 4-km PRISM data.",mm/month,Climate Water Balance
CAT_TAV_OCT1972,"Mean monthly temperature (Celsius) for the watershed for October 1972, from 4-km PRISM data.",mm/month,Climate Water Balance
CAT_TAV_NOV1972,"Mean monthly temperature (Celsius) for the watershed for November 1972, from 4-km PRISM data.",mm/month,Climate Water Balance
CAT_TAV_DEC1972,"Mean monthly temperature (Celsius) for the watershed for December 1972, from 4-km PRISM data.",mm/month,Climate Water Balance
CAT_TAV_JAN1971,"Mean monthly temperature (Celsius) for the watershed for January 1971, from 4-km PRISM data.",mm/month,Climate Water Balance
CAT_TAV_FEB1971,"Mean monthly temperature (Celsius) for the watershed for Febuary 1971, from 4-km PRISM data.",mm/month,Climate Water Balance
CAT_TAV_MAR1971,"Mean monthly temperature (Celsius) for the watershed for March 1971, from 4-km PRISM data.",mm/month,Climate Water Balance
CAT_TAV_APR1971,"Mean monthly temperature (Celsius) for the watershed for April 1971, from 4-km PRISM data.",mm/month,Climate Water Balance
CAT_TAV_MAY1971,"Mean monthly temperature (Celsius) for the watershed for May 1971, from 4-km PRISM data.",mm/month,Climate Water Balance
CAT_TAV_JUN1971,"Mean monthly temperature (Celsius) for the watershed for June 1971, from 4-km PRISM data.",mm/month,Climate Water Balance
CAT_TAV_JUL1971,"Mean monthly temperature (Celsius) for the watershed for July 1971, from 4-km PRISM data.",mm/month,Climate Water Balance
CAT_TAV_AUG1971,"Mean monthly temperature (Celsius) for the watershed for August 1971, from 4-km PRISM data.",mm/month,Climate Water Balance
CAT_TAV_SEP1971,"Mean monthly temperature (Celsius) for the watershed for September 1971, from 4-km PRISM data.",mm/month,Climate Water Balance
CAT_TAV_OCT1971,"Mean monthly temperature (Celsius) for the watershed for October 1971, from 4-km PRISM data.",mm/month,Climate Water Balance
CAT_TAV_NOV1971,"Mean monthly temperature (Celsius) for the watershed for November 1971, from 4-km PRISM data.",mm/month,Climate Water Balance
CAT_TAV_DEC1971,"Mean monthly temperature (Celsius) for the watershed for December 1971, from 4-km PRISM data.",mm/month,Climate Water Balance
CAT_TAV_JAN1970,"Mean monthly temperature (Celsius) for the watershed for January 1970, from 4-km PRISM data.",mm/month,Climate Water Balance
CAT_TAV_FEB1970,"Mean monthly temperature (Celsius) for the watershed for Febuary 1970, from 4-km PRISM data.",mm/month,Climate Water Balance
CAT_TAV_MAR1970,"Mean monthly temperature (Celsius) for the watershed for March 1970, from 4-km PRISM data.",mm/month,Climate Water Balance
CAT_TAV_APR1970,"Mean monthly temperature (Celsius) for the watershed for April 1970, from 4-km PRISM data.",mm/month,Climate Water Balance
CAT_TAV_MAY1970,"Mean monthly temperature (Celsius) for the watershed for May 1970, from 4-km PRISM data.",mm/month,Climate Water Balance
CAT_TAV_JUN1970,"Mean monthly temperature (Celsius) for the watershed for June 1970, from 4-km PRISM data.",mm/month,Climate Water Balance
CAT_TAV_JUL1970,"Mean monthly temperature (Celsius) for the watershed for July 1970, from 4-km PRISM data.",mm/month,Climate Water Balance
CAT_TAV_AUG1970,"Mean monthly temperature (Celsius) for the watershed for August 1970, from 4-km PRISM data.",mm/month,Climate Water Balance
CAT_TAV_SEP1970,"Mean monthly temperature (Celsius) for the watershed for September 1970, from 4-km PRISM data.",mm/month,Climate Water Balance
CAT_TAV_OCT1970,"Mean monthly temperature (Celsius) for the watershed for October 1970, from 4-km PRISM data.",mm/month,Climate Water Balance
CAT_TAV_NOV1970,"Mean monthly temperature (Celsius) for the watershed for November 1970, from 4-km PRISM data.",mm/month,Climate Water Balance
CAT_TAV_DEC1970,"Mean monthly temperature (Celsius) for the watershed for December 1970, from 4-km PRISM data.",mm/month,Climate Water Balance
CAT_TAV_JAN1969,"Mean monthly temperature (Celsius) for the watershed for January 1969, from 4-km PRISM data.",mm/month,Climate Water Balance
CAT_TAV_FEB1969,"Mean monthly temperature (Celsius) for the watershed for Febuary 1969, from 4-km PRISM data.",mm/month,Climate Water Balance
CAT_TAV_MAR1969,"Mean monthly temperature (Celsius) for the watershed for March 1969, from 4-km PRISM data.",mm/month,Climate Water Balance
CAT_TAV_APR1969,"Mean monthly temperature (Celsius) for the watershed for April 1969, from 4-km PRISM data.",mm/month,Climate Water Balance
CAT_TAV_MAY1969,"Mean monthly temperature (Celsius) for the watershed for May 1969, from 4-km PRISM data.",mm/month,Climate Water Balance
CAT_TAV_JUN1969,"Mean monthly temperature (Celsius) for the watershed for June 1969, from 4-km PRISM data.",mm/month,Climate Water Balance
CAT_TAV_JUL1969,"Mean monthly temperature (Celsius) for the watershed for July 1969, from 4-km PRISM data.",mm/month,Climate Water Balance
CAT_TAV_AUG1969,"Mean monthly temperature (Celsius) for the watershed for August 1969, from 4-km PRISM data.",mm/month,Climate Water Balance
CAT_TAV_SEP1969,"Mean monthly temperature (Celsius) for the watershed for September 1969, from 4-km PRISM data.",mm/month,Climate Water Balance
CAT_TAV_OCT1969,"Mean monthly temperature (Celsius) for the watershed for October 1969, from 4-km PRISM data.",mm/month,Climate Water Balance
CAT_TAV_NOV1969,"Mean monthly temperature (Celsius) for the watershed for November 1969, from 4-km PRISM data.",mm/month,Climate Water Balance
CAT_TAV_DEC1969,"Mean monthly temperature (Celsius) for the watershed for December 1969, from 4-km PRISM data.",mm/month,Climate Water Balance
CAT_TAV_JAN1968,"Mean monthly temperature (Celsius) for the watershed for January 1968, from 4-km PRISM data.",mm/month,Climate Water Balance
CAT_TAV_FEB1968,"Mean monthly temperature (Celsius) for the watershed for Febuary 1968, from 4-km PRISM data.",mm/month,Climate Water Balance
CAT_TAV_MAR1968,"Mean monthly temperature (Celsius) for the watershed for March 1968, from 4-km PRISM data.",mm/month,Climate Water Balance
CAT_TAV_APR1968,"Mean monthly temperature (Celsius) for the watershed for April 1968, from 4-km PRISM data.",mm/month,Climate Water Balance
CAT_TAV_MAY1968,"Mean monthly temperature (Celsius) for the watershed for May 1968, from 4-km PRISM data.",mm/month,Climate Water Balance
CAT_TAV_JUN1968,"Mean monthly temperature (Celsius) for the watershed for June 1968, from 4-km PRISM data.",mm/month,Climate Water Balance
CAT_TAV_JUL1968,"Mean monthly temperature (Celsius) for the watershed for July 1968, from 4-km PRISM data.",mm/month,Climate Water Balance
CAT_TAV_AUG1968,"Mean monthly temperature (Celsius) for the watershed for August 1968, from 4-km PRISM data.",mm/month,Climate Water Balance
CAT_TAV_SEP1968,"Mean monthly temperature (Celsius) for the watershed for September 1968, from 4-km PRISM data.",mm/month,Climate Water Balance
CAT_TAV_OCT1968,"Mean monthly temperature (Celsius) for the watershed for October 1968, from 4-km PRISM data.",mm/month,Climate Water Balance
CAT_TAV_NOV1968,"Mean monthly temperature (Celsius) for the watershed for November 1968, from 4-km PRISM data.",mm/month,Climate Water Balance
CAT_TAV_DEC1968,"Mean monthly temperature (Celsius) for the watershed for December 1968, from 4-km PRISM data.",mm/month,Climate Water Balance
CAT_TAV_JAN1967,"Mean monthly temperature (Celsius) for the watershed for January 1967, from 4-km PRISM data.",mm/month,Climate Water Balance
CAT_TAV_FEB1967,"Mean monthly temperature (Celsius) for the watershed for Febuary 1967, from 4-km PRISM data.",mm/month,Climate Water Balance
CAT_TAV_MAR1967,"Mean monthly temperature (Celsius) for the watershed for March 1967, from 4-km PRISM data.",mm/month,Climate Water Balance
CAT_TAV_APR1967,"Mean monthly temperature (Celsius) for the watershed for April 1967, from 4-km PRISM data.",mm/month,Climate Water Balance
CAT_TAV_MAY1967,"Mean monthly temperature (Celsius) for the watershed for May 1967, from 4-km PRISM data.",mm/month,Climate Water Balance
CAT_TAV_JUN1967,"Mean monthly temperature (Celsius) for the watershed for June 1967, from 4-km PRISM data.",mm/month,Climate Water Balance
CAT_TAV_JUL1967,"Mean monthly temperature (Celsius) for the watershed for July 1967, from 4-km PRISM data.",mm/month,Climate Water Balance
CAT_TAV_AUG1967,"Mean monthly temperature (Celsius) for the watershed for August 1967, from 4-km PRISM data.",mm/month,Climate Water Balance
CAT_TAV_SEP1967,"Mean monthly temperature (Celsius) for the watershed for September 1967, from 4-km PRISM data.",mm/month,Climate Water Balance
CAT_TAV_OCT1967,"Mean monthly temperature (Celsius) for the watershed for October 1967, from 4-km PRISM data.",mm/month,Climate Water Balance
CAT_TAV_NOV1967,"Mean monthly temperature (Celsius) for the watershed for November 1967, from 4-km PRISM data.",mm/month,Climate Water Balance
CAT_TAV_DEC1967,"Mean monthly temperature (Celsius) for the watershed for December 1967, from 4-km PRISM data.",mm/month,Climate Water Balance
CAT_TAV_JAN1966,"Mean monthly temperature (Celsius) for the watershed for January 1966, from 4-km PRISM data.",mm/month,Climate Water Balance
CAT_TAV_FEB1966,"Mean monthly temperature (Celsius) for the watershed for Febuary 1966, from 4-km PRISM data.",mm/month,Climate Water Balance
CAT_TAV_MAR1966,"Mean monthly temperature (Celsius) for the watershed for March 1966, from 4-km PRISM data.",mm/month,Climate Water Balance
CAT_TAV_APR1966,"Mean monthly temperature (Celsius) for the watershed for April 1966, from 4-km PRISM data.",mm/month,Climate Water Balance
CAT_TAV_MAY1966,"Mean monthly temperature (Celsius) for the watershed for May 1966, from 4-km PRISM data.",mm/month,Climate Water Balance
CAT_TAV_JUN1966,"Mean monthly temperature (Celsius) for the watershed for June 1966, from 4-km PRISM data.",mm/month,Climate Water Balance
CAT_TAV_JUL1966,"Mean monthly temperature (Celsius) for the watershed for July 1966, from 4-km PRISM data.",mm/month,Climate Water Balance
CAT_TAV_AUG1966,"Mean monthly temperature (Celsius) for the watershed for August 1966, from 4-km PRISM data.",mm/month,Climate Water Balance
CAT_TAV_SEP1966,"Mean monthly temperature (Celsius) for the watershed for September 1966, from 4-km PRISM data.",mm/month,Climate Water Balance
CAT_TAV_OCT1966,"Mean monthly temperature (Celsius) for the watershed for October 1966, from 4-km PRISM data.",mm/month,Climate Water Balance
CAT_TAV_NOV1966,"Mean monthly temperature (Celsius) for the watershed for November 1966, from 4-km PRISM data.",mm/month,Climate Water Balance
CAT_TAV_DEC1966,"Mean monthly temperature (Celsius) for the watershed for December 1966, from 4-km PRISM data.",mm/month,Climate Water Balance
CAT_TAV_JAN1965,"Mean monthly temperature (Celsius) for the watershed for January 1965, from 4-km PRISM data.",mm/month,Climate Water Balance
CAT_TAV_FEB1965,"Mean monthly temperature (Celsius) for the watershed for Febuary 1965, from 4-km PRISM data.",mm/month,Climate Water Balance
CAT_TAV_MAR1965,"Mean monthly temperature (Celsius) for the watershed for March 1965, from 4-km PRISM data.",mm/month,Climate Water Balance
CAT_TAV_APR1965,"Mean monthly temperature (Celsius) for the watershed for April 1965, from 4-km PRISM data.",mm/month,Climate Water Balance
CAT_TAV_MAY1965,"Mean monthly temperature (Celsius) for the watershed for May 1965, from 4-km PRISM data.",mm/month,Climate Water Balance
CAT_TAV_JUN1965,"Mean monthly temperature (Celsius) for the watershed for June 1965, from 4-km PRISM data.",mm/month,Climate Water Balance
CAT_TAV_JUL1965,"Mean monthly temperature (Celsius) for the watershed for July 1965, from 4-km PRISM data.",mm/month,Climate Water Balance
CAT_TAV_AUG1965,"Mean monthly temperature (Celsius) for the watershed for August 1965, from 4-km PRISM data.",mm/month,Climate Water Balance
CAT_TAV_SEP1965,"Mean monthly temperature (Celsius) for the watershed for September 1965, from 4-km PRISM data.",mm/month,Climate Water Balance
CAT_TAV_OCT1965,"Mean monthly temperature (Celsius) for the watershed for October 1965, from 4-km PRISM data.",mm/month,Climate Water Balance
CAT_TAV_NOV1965,"Mean monthly temperature (Celsius) for the watershed for November 1965, from 4-km PRISM data.",mm/month,Climate Water Balance
CAT_TAV_DEC1965,"Mean monthly temperature (Celsius) for the watershed for December 1965, from 4-km PRISM data.",mm/month,Climate Water Balance
CAT_TAV_JAN1964,"Mean monthly temperature (Celsius) for the watershed for January 1964, from 4-km PRISM data.",mm/month,Climate Water Balance
CAT_TAV_FEB1964,"Mean monthly temperature (Celsius) for the watershed for Febuary 1964, from 4-km PRISM data.",mm/month,Climate Water Balance
CAT_TAV_MAR1964,"Mean monthly temperature (Celsius) for the watershed for March 1964, from 4-km PRISM data.",mm/month,Climate Water Balance
CAT_TAV_APR1964,"Mean monthly temperature (Celsius) for the watershed for April 1964, from 4-km PRISM data.",mm/month,Climate Water Balance
CAT_TAV_MAY1964,"Mean monthly temperature (Celsius) for the watershed for May 1964, from 4-km PRISM data.",mm/month,Climate Water Balance
CAT_TAV_JUN1964,"Mean monthly temperature (Celsius) for the watershed for June 1964, from 4-km PRISM data.",mm/month,Climate Water Balance
CAT_TAV_JUL1964,"Mean monthly temperature (Celsius) for the watershed for July 1964, from 4-km PRISM data.",mm/month,Climate Water Balance
CAT_TAV_AUG1964,"Mean monthly temperature (Celsius) for the watershed for August 1964, from 4-km PRISM data.",mm/month,Climate Water Balance
CAT_TAV_SEP1964,"Mean monthly temperature (Celsius) for the watershed for September 1964, from 4-km PRISM data.",mm/month,Climate Water Balance
CAT_TAV_OCT1964,"Mean monthly temperature (Celsius) for the watershed for October 1964, from 4-km PRISM data.",mm/month,Climate Water Balance
CAT_TAV_NOV1964,"Mean monthly temperature (Celsius) for the watershed for November 1964, from 4-km PRISM data.",mm/month,Climate Water Balance
CAT_TAV_DEC1964,"Mean monthly temperature (Celsius) for the watershed for December 1964, from 4-km PRISM data.",mm/month,Climate Water Balance
CAT_TAV_JAN1963,"Mean monthly temperature (Celsius) for the watershed for January 1963, from 4-km PRISM data.",mm/month,Climate Water Balance
CAT_TAV_FEB1963,"Mean monthly temperature (Celsius) for the watershed for Febuary 1963, from 4-km PRISM data.",mm/month,Climate Water Balance
CAT_TAV_MAR1963,"Mean monthly temperature (Celsius) for the watershed for March 1963, from 4-km PRISM data.",mm/month,Climate Water Balance
CAT_TAV_APR1963,"Mean monthly temperature (Celsius) for the watershed for April 1963, from 4-km PRISM data.",mm/month,Climate Water Balance
CAT_TAV_MAY1963,"Mean monthly temperature (Celsius) for the watershed for May 1963, from 4-km PRISM data.",mm/month,Climate Water Balance
CAT_TAV_JUN1963,"Mean monthly temperature (Celsius) for the watershed for June 1963, from 4-km PRISM data.",mm/month,Climate Water Balance
CAT_TAV_JUL1963,"Mean monthly temperature (Celsius) for the watershed for July 1963, from 4-km PRISM data.",mm/month,Climate Water Balance
CAT_TAV_AUG1963,"Mean monthly temperature (Celsius) for the watershed for August 1963, from 4-km PRISM data.",mm/month,Climate Water Balance
CAT_TAV_SEP1963,"Mean monthly temperature (Celsius) for the watershed for September 1963, from 4-km PRISM data.",mm/month,Climate Water Balance
CAT_TAV_OCT1963,"Mean monthly temperature (Celsius) for the watershed for October 1963, from 4-km PRISM data.",mm/month,Climate Water Balance
CAT_TAV_NOV1963,"Mean monthly temperature (Celsius) for the watershed for November 1963, from 4-km PRISM data.",mm/month,Climate Water Balance
CAT_TAV_DEC1963,"Mean monthly temperature (Celsius) for the watershed for December 1963, from 4-km PRISM data.",mm/month,Climate Water Balance
CAT_TAV_JAN1962,"Mean monthly temperature (Celsius) for the watershed for January 1962, from 4-km PRISM data.",mm/month,Climate Water Balance
CAT_TAV_FEB1962,"Mean monthly temperature (Celsius) for the watershed for Febuary 1962, from 4-km PRISM data.",mm/month,Climate Water Balance
CAT_TAV_MAR1962,"Mean monthly temperature (Celsius) for the watershed for March 1962, from 4-km PRISM data.",mm/month,Climate Water Balance
CAT_TAV_APR1962,"Mean monthly temperature (Celsius) for the watershed for April 1962, from 4-km PRISM data.",mm/month,Climate Water Balance
CAT_TAV_MAY1962,"Mean monthly temperature (Celsius) for the watershed for May 1962, from 4-km PRISM data.",mm/month,Climate Water Balance
CAT_TAV_JUN1962,"Mean monthly temperature (Celsius) for the watershed for June 1962, from 4-km PRISM data.",mm/month,Climate Water Balance
CAT_TAV_JUL1962,"Mean monthly temperature (Celsius) for the watershed for July 1962, from 4-km PRISM data.",mm/month,Climate Water Balance
CAT_TAV_AUG1962,"Mean monthly temperature (Celsius) for the watershed for August 1962, from 4-km PRISM data.",mm/month,Climate Water Balance
CAT_TAV_SEP1962,"Mean monthly temperature (Celsius) for the watershed for September 1962, from 4-km PRISM data.",mm/month,Climate Water Balance
CAT_TAV_OCT1962,"Mean monthly temperature (Celsius) for the watershed for October 1962, from 4-km PRISM data.",mm/month,Climate Water Balance
CAT_TAV_NOV1962,"Mean monthly temperature (Celsius) for the watershed for November 1962, from 4-km PRISM data.",mm/month,Climate Water Balance
CAT_TAV_DEC1962,"Mean monthly temperature (Celsius) for the watershed for December 1962, from 4-km PRISM data.",mm/month,Climate Water Balance
CAT_TAV_JAN1961,"Mean monthly temperature (Celsius) for the watershed for January 1961, from 4-km PRISM data.",mm/month,Climate Water Balance
CAT_TAV_FEB1961,"Mean monthly temperature (Celsius) for the watershed for Febuary 1961, from 4-km PRISM data.",mm/month,Climate Water Balance
CAT_TAV_MAR1961,"Mean monthly temperature (Celsius) for the watershed for March 1961, from 4-km PRISM data.",mm/month,Climate Water Balance
CAT_TAV_APR1961,"Mean monthly temperature (Celsius) for the watershed for April 1961, from 4-km PRISM data.",mm/month,Climate Water Balance
CAT_TAV_MAY1961,"Mean monthly temperature (Celsius) for the watershed for May 1961, from 4-km PRISM data.",mm/month,Climate Water Balance
CAT_TAV_JUN1961,"Mean monthly temperature (Celsius) for the watershed for June 1961, from 4-km PRISM data.",mm/month,Climate Water Balance
CAT_TAV_JUL1961,"Mean monthly temperature (Celsius) for the watershed for July 1961, from 4-km PRISM data.",mm/month,Climate Water Balance
CAT_TAV_AUG1961,"Mean monthly temperature (Celsius) for the watershed for August 1961, from 4-km PRISM data.",mm/month,Climate Water Balance
CAT_TAV_SEP1961,"Mean monthly temperature (Celsius) for the watershed for September 1961, from 4-km PRISM data.",mm/month,Climate Water Balance
CAT_TAV_OCT1961,"Mean monthly temperature (Celsius) for the watershed for October 1961, from 4-km PRISM data.",mm/month,Climate Water Balance
CAT_TAV_NOV1961,"Mean monthly temperature (Celsius) for the watershed for November 1961, from 4-km PRISM data.",mm/month,Climate Water Balance
CAT_TAV_DEC1961,"Mean monthly temperature (Celsius) for the watershed for December 1961, from 4-km PRISM data.",mm/month,Climate Water Balance
CAT_TAV_JAN1960,"Mean monthly temperature (Celsius) for the watershed for January 1960, from 4-km PRISM data.",mm/month,Climate Water Balance
CAT_TAV_FEB1960,"Mean monthly temperature (Celsius) for the watershed for Febuary 1960, from 4-km PRISM data.",mm/month,Climate Water Balance
CAT_TAV_MAR1960,"Mean monthly temperature (Celsius) for the watershed for March 1960, from 4-km PRISM data.",mm/month,Climate Water Balance
CAT_TAV_APR1960,"Mean monthly temperature (Celsius) for the watershed for April 1960, from 4-km PRISM data.",mm/month,Climate Water Balance
CAT_TAV_MAY1960,"Mean monthly temperature (Celsius) for the watershed for May 1960, from 4-km PRISM data.",mm/month,Climate Water Balance
CAT_TAV_JUN1960,"Mean monthly temperature (Celsius) for the watershed for June 1960, from 4-km PRISM data.",mm/month,Climate Water Balance
CAT_TAV_JUL1960,"Mean monthly temperature (Celsius) for the watershed for July 1960, from 4-km PRISM data.",mm/month,Climate Water Balance
CAT_TAV_AUG1960,"Mean monthly temperature (Celsius) for the watershed for August 1960, from 4-km PRISM data.",mm/month,Climate Water Balance
CAT_TAV_SEP1960,"Mean monthly temperature (Celsius) for the watershed for September 1960, from 4-km PRISM data.",mm/month,Climate Water Balance
CAT_TAV_OCT1960,"Mean monthly temperature (Celsius) for the watershed for October 1960, from 4-km PRISM data.",mm/month,Climate Water Balance
CAT_TAV_NOV1960,"Mean monthly temperature (Celsius) for the watershed for November 1960, from 4-km PRISM data.",mm/month,Climate Water Balance
CAT_TAV_DEC1960,"Mean monthly temperature (Celsius) for the watershed for December 1960, from 4-km PRISM data.",mm/month,Climate Water Balance
CAT_TAV_JAN1959,"Mean monthly temperature (Celsius) for the watershed for January 1959, from 4-km PRISM data.",mm/month,Climate Water Balance
CAT_TAV_FEB1959,"Mean monthly temperature (Celsius) for the watershed for Febuary 1959, from 4-km PRISM data.",mm/month,Climate Water Balance
CAT_TAV_MAR1959,"Mean monthly temperature (Celsius) for the watershed for March 1959, from 4-km PRISM data.",mm/month,Climate Water Balance
CAT_TAV_APR1959,"Mean monthly temperature (Celsius) for the watershed for April 1959, from 4-km PRISM data.",mm/month,Climate Water Balance
CAT_TAV_MAY1959,"Mean monthly temperature (Celsius) for the watershed for May 1959, from 4-km PRISM data.",mm/month,Climate Water Balance
CAT_TAV_JUN1959,"Mean monthly temperature (Celsius) for the watershed for June 1959, from 4-km PRISM data.",mm/month,Climate Water Balance
CAT_TAV_JUL1959,"Mean monthly temperature (Celsius) for the watershed for July 1959, from 4-km PRISM data.",mm/month,Climate Water Balance
CAT_TAV_AUG1959,"Mean monthly temperature (Celsius) for the watershed for August 1959, from 4-km PRISM data.",mm/month,Climate Water Balance
CAT_TAV_SEP1959,"Mean monthly temperature (Celsius) for the watershed for September 1959, from 4-km PRISM data.",mm/month,Climate Water Balance
CAT_TAV_OCT1959,"Mean monthly temperature (Celsius) for the watershed for October 1959, from 4-km PRISM data.",mm/month,Climate Water Balance
CAT_TAV_NOV1959,"Mean monthly temperature (Celsius) for the watershed for November 1959, from 4-km PRISM data.",mm/month,Climate Water Balance
CAT_TAV_DEC1959,"Mean monthly temperature (Celsius) for the watershed for December 1959, from 4-km PRISM data.",mm/month,Climate Water Balance
CAT_TAV_JAN1958,"Mean monthly temperature (Celsius) for the watershed for January 1958, from 4-km PRISM data.",mm/month,Climate Water Balance
CAT_TAV_FEB1958,"Mean monthly temperature (Celsius) for the watershed for Febuary 1958, from 4-km PRISM data.",mm/month,Climate Water Balance
CAT_TAV_MAR1958,"Mean monthly temperature (Celsius) for the watershed for March 1958, from 4-km PRISM data.",mm/month,Climate Water Balance
CAT_TAV_APR1958,"Mean monthly temperature (Celsius) for the watershed for April 1958, from 4-km PRISM data.",mm/month,Climate Water Balance
CAT_TAV_MAY1958,"Mean monthly temperature (Celsius) for the watershed for May 1958, from 4-km PRISM data.",mm/month,Climate Water Balance
CAT_TAV_JUN1958,"Mean monthly temperature (Celsius) for the watershed for June 1958, from 4-km PRISM data.",mm/month,Climate Water Balance
CAT_TAV_JUL1958,"Mean monthly temperature (Celsius) for the watershed for July 1958, from 4-km PRISM data.",mm/month,Climate Water Balance
CAT_TAV_AUG1958,"Mean monthly temperature (Celsius) for the watershed for August 1958, from 4-km PRISM data.",mm/month,Climate Water Balance
CAT_TAV_SEP1958,"Mean monthly temperature (Celsius) for the watershed for September 1958, from 4-km PRISM data.",mm/month,Climate Water Balance
CAT_TAV_OCT1958,"Mean monthly temperature (Celsius) for the watershed for October 1958, from 4-km PRISM data.",mm/month,Climate Water Balance
CAT_TAV_NOV1958,"Mean monthly temperature (Celsius) for the watershed for November 1958, from 4-km PRISM data.",mm/month,Climate Water Balance
CAT_TAV_DEC1958,"Mean monthly temperature (Celsius) for the watershed for December 1958, from 4-km PRISM data.",mm/month,Climate Water Balance
CAT_TAV_JAN1957,"Mean monthly temperature (Celsius) for the watershed for January 1957, from 4-km PRISM data.",mm/month,Climate Water Balance
CAT_TAV_FEB1957,"Mean monthly temperature (Celsius) for the watershed for Febuary 1957, from 4-km PRISM data.",mm/month,Climate Water Balance
CAT_TAV_MAR1957,"Mean monthly temperature (Celsius) for the watershed for March 1957, from 4-km PRISM data.",mm/month,Climate Water Balance
CAT_TAV_APR1957,"Mean monthly temperature (Celsius) for the watershed for April 1957, from 4-km PRISM data.",mm/month,Climate Water Balance
CAT_TAV_MAY1957,"Mean monthly temperature (Celsius) for the watershed for May 1957, from 4-km PRISM data.",mm/month,Climate Water Balance
CAT_TAV_JUN1957,"Mean monthly temperature (Celsius) for the watershed for June 1957, from 4-km PRISM data.",mm/month,Climate Water Balance
CAT_TAV_JUL1957,"Mean monthly temperature (Celsius) for the watershed for July 1957, from 4-km PRISM data.",mm/month,Climate Water Balance
CAT_TAV_AUG1957,"Mean monthly temperature (Celsius) for the watershed for August 1957, from 4-km PRISM data.",mm/month,Climate Water Balance
CAT_TAV_SEP1957,"Mean monthly temperature (Celsius) for the watershed for September 1957, from 4-km PRISM data.",mm/month,Climate Water Balance
CAT_TAV_OCT1957,"Mean monthly temperature (Celsius) for the watershed for October 1957, from 4-km PRISM data.",mm/month,Climate Water Balance
CAT_TAV_NOV1957,"Mean monthly temperature (Celsius) for the watershed for November 1957, from 4-km PRISM data.",mm/month,Climate Water Balance
CAT_TAV_DEC1957,"Mean monthly temperature (Celsius) for the watershed for December 1957, from 4-km PRISM data.",mm/month,Climate Water Balance
CAT_TAV_JAN1956,"Mean monthly temperature (Celsius) for the watershed for January 1956, from 4-km PRISM data.",mm/month,Climate Water Balance
CAT_TAV_FEB1956,"Mean monthly temperature (Celsius) for the watershed for Febuary 1956, from 4-km PRISM data.",mm/month,Climate Water Balance
CAT_TAV_MAR1956,"Mean monthly temperature (Celsius) for the watershed for March 1956, from 4-km PRISM data.",mm/month,Climate Water Balance
CAT_TAV_APR1956,"Mean monthly temperature (Celsius) for the watershed for April 1956, from 4-km PRISM data.",mm/month,Climate Water Balance
CAT_TAV_MAY1956,"Mean monthly temperature (Celsius) for the watershed for May 1956, from 4-km PRISM data.",mm/month,Climate Water Balance
CAT_TAV_JUN1956,"Mean monthly temperature (Celsius) for the watershed for June 1956, from 4-km PRISM data.",mm/month,Climate Water Balance
CAT_TAV_JUL1956,"Mean monthly temperature (Celsius) for the watershed for July 1956, from 4-km PRISM data.",mm/month,Climate Water Balance
CAT_TAV_AUG1956,"Mean monthly temperature (Celsius) for the watershed for August 1956, from 4-km PRISM data.",mm/month,Climate Water Balance
CAT_TAV_SEP1956,"Mean monthly temperature (Celsius) for the watershed for September 1956, from 4-km PRISM data.",mm/month,Climate Water Balance
CAT_TAV_OCT1956,"Mean monthly temperature (Celsius) for the watershed for October 1956, from 4-km PRISM data.",mm/month,Climate Water Balance
CAT_TAV_NOV1956,"Mean monthly temperature (Celsius) for the watershed for November 1956, from 4-km PRISM data.",mm/month,Climate Water Balance
CAT_TAV_DEC1956,"Mean monthly temperature (Celsius) for the watershed for December 1956, from 4-km PRISM data.",mm/month,Climate Water Balance
CAT_TAV_JAN1955,"Mean monthly temperature (Celsius) for the watershed for January 1955, from 4-km PRISM data.",mm/month,Climate Water Balance
CAT_TAV_FEB1955,"Mean monthly temperature (Celsius) for the watershed for Febuary 1955, from 4-km PRISM data.",mm/month,Climate Water Balance
CAT_TAV_MAR1955,"Mean monthly temperature (Celsius) for the watershed for March 1955, from 4-km PRISM data.",mm/month,Climate Water Balance
CAT_TAV_APR1955,"Mean monthly temperature (Celsius) for the watershed for April 1955, from 4-km PRISM data.",mm/month,Climate Water Balance
CAT_TAV_MAY1955,"Mean monthly temperature (Celsius) for the watershed for May 1955, from 4-km PRISM data.",mm/month,Climate Water Balance
CAT_TAV_JUN1955,"Mean monthly temperature (Celsius) for the watershed for June 1955, from 4-km PRISM data.",mm/month,Climate Water Balance
CAT_TAV_JUL1955,"Mean monthly temperature (Celsius) for the watershed for July 1955, from 4-km PRISM data.",mm/month,Climate Water Balance
CAT_TAV_AUG1955,"Mean monthly temperature (Celsius) for the watershed for August 1955, from 4-km PRISM data.",mm/month,Climate Water Balance
CAT_TAV_SEP1955,"Mean monthly temperature (Celsius) for the watershed for September 1955, from 4-km PRISM data.",mm/month,Climate Water Balance
CAT_TAV_OCT1955,"Mean monthly temperature (Celsius) for the watershed for October 1955, from 4-km PRISM data.",mm/month,Climate Water Balance
CAT_TAV_NOV1955,"Mean monthly temperature (Celsius) for the watershed for November 1955, from 4-km PRISM data.",mm/month,Climate Water Balance
CAT_TAV_DEC1955,"Mean monthly temperature (Celsius) for the watershed for December 1955, from 4-km PRISM data.",mm/month,Climate Water Balance
CAT_TAV_JAN1954,"Mean monthly temperature (Celsius) for the watershed for January 1954, from 4-km PRISM data.",mm/month,Climate Water Balance
CAT_TAV_FEB1954,"Mean monthly temperature (Celsius) for the watershed for Febuary 1954, from 4-km PRISM data.",mm/month,Climate Water Balance
CAT_TAV_MAR1954,"Mean monthly temperature (Celsius) for the watershed for March 1954, from 4-km PRISM data.",mm/month,Climate Water Balance
CAT_TAV_APR1954,"Mean monthly temperature (Celsius) for the watershed for April 1954, from 4-km PRISM data.",mm/month,Climate Water Balance
CAT_TAV_MAY1954,"Mean monthly temperature (Celsius) for the watershed for May 1954, from 4-km PRISM data.",mm/month,Climate Water Balance
CAT_TAV_JUN1954,"Mean monthly temperature (Celsius) for the watershed for June 1954, from 4-km PRISM data.",mm/month,Climate Water Balance
CAT_TAV_JUL1954,"Mean monthly temperature (Celsius) for the watershed for July 1954, from 4-km PRISM data.",mm/month,Climate Water Balance
CAT_TAV_AUG1954,"Mean monthly temperature (Celsius) for the watershed for August 1954, from 4-km PRISM data.",mm/month,Climate Water Balance
CAT_TAV_SEP1954,"Mean monthly temperature (Celsius) for the watershed for September 1954, from 4-km PRISM data.",mm/month,Climate Water Balance
CAT_TAV_OCT1954,"Mean monthly temperature (Celsius) for the watershed for October 1954, from 4-km PRISM data.",mm/month,Climate Water Balance
CAT_TAV_NOV1954,"Mean monthly temperature (Celsius) for the watershed for November 1954, from 4-km PRISM data.",mm/month,Climate Water Balance
CAT_TAV_DEC1954,"Mean monthly temperature (Celsius) for the watershed for December 1954, from 4-km PRISM data.",mm/month,Climate Water Balance
CAT_TAV_JAN1953,"Mean monthly temperature (Celsius) for the watershed for January 1953, from 4-km PRISM data.",mm/month,Climate Water Balance
CAT_TAV_FEB1953,"Mean monthly temperature (Celsius) for the watershed for Febuary 1953, from 4-km PRISM data.",mm/month,Climate Water Balance
CAT_TAV_MAR1953,"Mean monthly temperature (Celsius) for the watershed for March 1953, from 4-km PRISM data.",mm/month,Climate Water Balance
CAT_TAV_APR1953,"Mean monthly temperature (Celsius) for the watershed for April 1953, from 4-km PRISM data.",mm/month,Climate Water Balance
CAT_TAV_MAY1953,"Mean monthly temperature (Celsius) for the watershed for May 1953, from 4-km PRISM data.",mm/month,Climate Water Balance
CAT_TAV_JUN1953,"Mean monthly temperature (Celsius) for the watershed for June 1953, from 4-km PRISM data.",mm/month,Climate Water Balance
CAT_TAV_JUL1953,"Mean monthly temperature (Celsius) for the watershed for July 1953, from 4-km PRISM data.",mm/month,Climate Water Balance
CAT_TAV_AUG1953,"Mean monthly temperature (Celsius) for the watershed for August 1953, from 4-km PRISM data.",mm/month,Climate Water Balance
CAT_TAV_SEP1953,"Mean monthly temperature (Celsius) for the watershed for September 1953, from 4-km PRISM data.",mm/month,Climate Water Balance
CAT_TAV_OCT1953,"Mean monthly temperature (Celsius) for the watershed for October 1953, from 4-km PRISM data.",mm/month,Climate Water Balance
CAT_TAV_NOV1953,"Mean monthly temperature (Celsius) for the watershed for November 1953, from 4-km PRISM data.",mm/month,Climate Water Balance
CAT_TAV_DEC1953,"Mean monthly temperature (Celsius) for the watershed for December 1953, from 4-km PRISM data.",mm/month,Climate Water Balance
CAT_TAV_JAN1952,"Mean monthly temperature (Celsius) for the watershed for January 1952, from 4-km PRISM data.",mm/month,Climate Water Balance
CAT_TAV_FEB1952,"Mean monthly temperature (Celsius) for the watershed for Febuary 1952, from 4-km PRISM data.",mm/month,Climate Water Balance
CAT_TAV_MAR1952,"Mean monthly temperature (Celsius) for the watershed for March 1952, from 4-km PRISM data.",mm/month,Climate Water Balance
CAT_TAV_APR1952,"Mean monthly temperature (Celsius) for the watershed for April 1952, from 4-km PRISM data.",mm/month,Climate Water Balance
CAT_TAV_MAY1952,"Mean monthly temperature (Celsius) for the watershed for May 1952, from 4-km PRISM data.",mm/month,Climate Water Balance
CAT_TAV_JUN1952,"Mean monthly temperature (Celsius) for the watershed for June 1952, from 4-km PRISM data.",mm/month,Climate Water Balance
CAT_TAV_JUL1952,"Mean monthly temperature (Celsius) for the watershed for July 1952, from 4-km PRISM data.",mm/month,Climate Water Balance
CAT_TAV_AUG1952,"Mean monthly temperature (Celsius) for the watershed for August 1952, from 4-km PRISM data.",mm/month,Climate Water Balance
CAT_TAV_SEP1952,"Mean monthly temperature (Celsius) for the watershed for September 1952, from 4-km PRISM data.",mm/month,Climate Water Balance
CAT_TAV_OCT1952,"Mean monthly temperature (Celsius) for the watershed for October 1952, from 4-km PRISM data.",mm/month,Climate Water Balance
CAT_TAV_NOV1952,"Mean monthly temperature (Celsius) for the watershed for November 1952, from 4-km PRISM data.",mm/month,Climate Water Balance
CAT_TAV_DEC1952,"Mean monthly temperature (Celsius) for the watershed for December 1952, from 4-km PRISM data.",mm/month,Climate Water Balance
CAT_TAV_JAN1951,"Mean monthly temperature (Celsius) for the watershed for January 1951, from 4-km PRISM data.",mm/month,Climate Water Balance
CAT_TAV_FEB1951,"Mean monthly temperature (Celsius) for the watershed for Febuary 1951, from 4-km PRISM data.",mm/month,Climate Water Balance
CAT_TAV_MAR1951,"Mean monthly temperature (Celsius) for the watershed for March 1951, from 4-km PRISM data.",mm/month,Climate Water Balance
CAT_TAV_APR1951,"Mean monthly temperature (Celsius) for the watershed for April 1951, from 4-km PRISM data.",mm/month,Climate Water Balance
CAT_TAV_MAY1951,"Mean monthly temperature (Celsius) for the watershed for May 1951, from 4-km PRISM data.",mm/month,Climate Water Balance
CAT_TAV_JUN1951,"Mean monthly temperature (Celsius) for the watershed for June 1951, from 4-km PRISM data.",mm/month,Climate Water Balance
CAT_TAV_JUL1951,"Mean monthly temperature (Celsius) for the watershed for July 1951, from 4-km PRISM data.",mm/month,Climate Water Balance
CAT_TAV_AUG1951,"Mean monthly temperature (Celsius) for the watershed for August 1951, from 4-km PRISM data.",mm/month,Climate Water Balance
CAT_TAV_SEP1951,"Mean monthly temperature (Celsius) for the watershed for September 1951, from 4-km PRISM data.",mm/month,Climate Water Balance
CAT_TAV_OCT1951,"Mean monthly temperature (Celsius) for the watershed for October 1951, from 4-km PRISM data.",mm/month,Climate Water Balance
CAT_TAV_NOV1951,"Mean monthly temperature (Celsius) for the watershed for November 1951, from 4-km PRISM data.",mm/month,Climate Water Balance
CAT_TAV_DEC1951,"Mean monthly temperature (Celsius) for the watershed for December 1951, from 4-km PRISM data.",mm/month,Climate Water Balance
CAT_TAV_JAN1950,"Mean monthly temperature (Celsius) for the watershed for January 1950, from 4-km PRISM data.",mm/month,Climate Water Balance
CAT_TAV_FEB1950,"Mean monthly temperature (Celsius) for the watershed for Febuary 1950, from 4-km PRISM data.",mm/month,Climate Water Balance
CAT_TAV_MAR1950,"Mean monthly temperature (Celsius) for the watershed for March 1950, from 4-km PRISM data.",mm/month,Climate Water Balance
CAT_TAV_APR1950,"Mean monthly temperature (Celsius) for the watershed for April 1950, from 4-km PRISM data.",mm/month,Climate Water Balance
CAT_TAV_MAY1950,"Mean monthly temperature (Celsius) for the watershed for May 1950, from 4-km PRISM data.",mm/month,Climate Water Balance
CAT_TAV_JUN1950,"Mean monthly temperature (Celsius) for the watershed for June 1950, from 4-km PRISM data.",mm/month,Climate Water Balance
CAT_TAV_JUL1950,"Mean monthly temperature (Celsius) for the watershed for July 1950, from 4-km PRISM data.",mm/month,Climate Water Balance
CAT_TAV_AUG1950,"Mean monthly temperature (Celsius) for the watershed for August 1950, from 4-km PRISM data.",mm/month,Climate Water Balance
CAT_TAV_SEP1950,"Mean monthly temperature (Celsius) for the watershed for September 1950, from 4-km PRISM data.",mm/month,Climate Water Balance
CAT_TAV_OCT1950,"Mean monthly temperature (Celsius) for the watershed for October 1950, from 4-km PRISM data.",mm/month,Climate Water Balance
CAT_TAV_NOV1950,"Mean monthly temperature (Celsius) for the watershed for November 1950, from 4-km PRISM data.",mm/month,Climate Water Balance
CAT_TAV_DEC1950,"Mean monthly temperature (Celsius) for the watershed for December 1950, from 4-km PRISM data.",mm/month,Climate Water Balance
CAT_TAV_JAN1949,"Mean monthly temperature (Celsius) for the watershed for January 1949, from 4-km PRISM data.",mm/month,Climate Water Balance
CAT_TAV_FEB1949,"Mean monthly temperature (Celsius) for the watershed for Febuary 1949, from 4-km PRISM data.",mm/month,Climate Water Balance
CAT_TAV_MAR1949,"Mean monthly temperature (Celsius) for the watershed for March 1949, from 4-km PRISM data.",mm/month,Climate Water Balance
CAT_TAV_APR1949,"Mean monthly temperature (Celsius) for the watershed for April 1949, from 4-km PRISM data.",mm/month,Climate Water Balance
CAT_TAV_MAY1949,"Mean monthly temperature (Celsius) for the watershed for May 1949, from 4-km PRISM data.",mm/month,Climate Water Balance
CAT_TAV_JUN1949,"Mean monthly temperature (Celsius) for the watershed for June 1949, from 4-km PRISM data.",mm/month,Climate Water Balance
CAT_TAV_JUL1949,"Mean monthly temperature (Celsius) for the watershed for July 1949, from 4-km PRISM data.",mm/month,Climate Water Balance
CAT_TAV_AUG1949,"Mean monthly temperature (Celsius) for the watershed for August 1949, from 4-km PRISM data.",mm/month,Climate Water Balance
CAT_TAV_SEP1949,"Mean monthly temperature (Celsius) for the watershed for September 1949, from 4-km PRISM data.",mm/month,Climate Water Balance
CAT_TAV_OCT1949,"Mean monthly temperature (Celsius) for the watershed for October 1949, from 4-km PRISM data.",mm/month,Climate Water Balance
CAT_TAV_NOV1949,"Mean monthly temperature (Celsius) for the watershed for November 1949, from 4-km PRISM data.",mm/month,Climate Water Balance
CAT_TAV_DEC1949,"Mean monthly temperature (Celsius) for the watershed for December 1949, from 4-km PRISM data.",mm/month,Climate Water Balance
CAT_TAV_JAN1948,"Mean monthly temperature (Celsius) for the watershed for January 1948, from 4-km PRISM data.",mm/month,Climate Water Balance
CAT_TAV_FEB1948,"Mean monthly temperature (Celsius) for the watershed for Febuary 1948, from 4-km PRISM data.",mm/month,Climate Water Balance
CAT_TAV_MAR1948,"Mean monthly temperature (Celsius) for the watershed for March 1948, from 4-km PRISM data.",mm/month,Climate Water Balance
CAT_TAV_APR1948,"Mean monthly temperature (Celsius) for the watershed for April 1948, from 4-km PRISM data.",mm/month,Climate Water Balance
CAT_TAV_MAY1948,"Mean monthly temperature (Celsius) for the watershed for May 1948, from 4-km PRISM data.",mm/month,Climate Water Balance
CAT_TAV_JUN1948,"Mean monthly temperature (Celsius) for the watershed for June 1948, from 4-km PRISM data.",mm/month,Climate Water Balance
CAT_TAV_JUL1948,"Mean monthly temperature (Celsius) for the watershed for July 1948, from 4-km PRISM data.",mm/month,Climate Water Balance
CAT_TAV_AUG1948,"Mean monthly temperature (Celsius) for the watershed for August 1948, from 4-km PRISM data.",mm/month,Climate Water Balance
CAT_TAV_SEP1948,"Mean monthly temperature (Celsius) for the watershed for September 1948, from 4-km PRISM data.",mm/month,Climate Water Balance
CAT_TAV_OCT1948,"Mean monthly temperature (Celsius) for the watershed for October 1948, from 4-km PRISM data.",mm/month,Climate Water Balance
CAT_TAV_NOV1948,"Mean monthly temperature (Celsius) for the watershed for November 1948, from 4-km PRISM data.",mm/month,Climate Water Balance
CAT_TAV_DEC1948,"Mean monthly temperature (Celsius) for the watershed for December 1948, from 4-km PRISM data.",mm/month,Climate Water Balance
CAT_TAV_JAN1947,"Mean monthly temperature (Celsius) for the watershed for January 1947, from 4-km PRISM data.",mm/month,Climate Water Balance
CAT_TAV_FEB1947,"Mean monthly temperature (Celsius) for the watershed for Febuary 1947, from 4-km PRISM data.",mm/month,Climate Water Balance
CAT_TAV_MAR1947,"Mean monthly temperature (Celsius) for the watershed for March 1947, from 4-km PRISM data.",mm/month,Climate Water Balance
CAT_TAV_APR1947,"Mean monthly temperature (Celsius) for the watershed for April 1947, from 4-km PRISM data.",mm/month,Climate Water Balance
CAT_TAV_MAY1947,"Mean monthly temperature (Celsius) for the watershed for May 1947, from 4-km PRISM data.",mm/month,Climate Water Balance
CAT_TAV_JUN1947,"Mean monthly temperature (Celsius) for the watershed for June 1947, from 4-km PRISM data.",mm/month,Climate Water Balance
CAT_TAV_JUL1947,"Mean monthly temperature (Celsius) for the watershed for July 1947, from 4-km PRISM data.",mm/month,Climate Water Balance
CAT_TAV_AUG1947,"Mean monthly temperature (Celsius) for the watershed for August 1947, from 4-km PRISM data.",mm/month,Climate Water Balance
CAT_TAV_SEP1947,"Mean monthly temperature (Celsius) for the watershed for September 1947, from 4-km PRISM data.",mm/month,Climate Water Balance
CAT_TAV_OCT1947,"Mean monthly temperature (Celsius) for the watershed for October 1947, from 4-km PRISM data.",mm/month,Climate Water Balance
CAT_TAV_NOV1947,"Mean monthly temperature (Celsius) for the watershed for November 1947, from 4-km PRISM data.",mm/month,Climate Water Balance
CAT_TAV_DEC1947,"Mean monthly temperature (Celsius) for the watershed for December 1947, from 4-km PRISM data.",mm/month,Climate Water Balance
CAT_TAV_JAN1946,"Mean monthly temperature (Celsius) for the watershed for January 1946, from 4-km PRISM data.",mm/month,Climate Water Balance
CAT_TAV_FEB1946,"Mean monthly temperature (Celsius) for the watershed for Febuary 1946, from 4-km PRISM data.",mm/month,Climate Water Balance
CAT_TAV_MAR1946,"Mean monthly temperature (Celsius) for the watershed for March 1946, from 4-km PRISM data.",mm/month,Climate Water Balance
CAT_TAV_APR1946,"Mean monthly temperature (Celsius) for the watershed for April 1946, from 4-km PRISM data.",mm/month,Climate Water Balance
CAT_TAV_MAY1946,"Mean monthly temperature (Celsius) for the watershed for May 1946, from 4-km PRISM data.",mm/month,Climate Water Balance
CAT_TAV_JUN1946,"Mean monthly temperature (Celsius) for the watershed for June 1946, from 4-km PRISM data.",mm/month,Climate Water Balance
CAT_TAV_JUL1946,"Mean monthly temperature (Celsius) for the watershed for July 1946, from 4-km PRISM data.",mm/month,Climate Water Balance
CAT_TAV_AUG1946,"Mean monthly temperature (Celsius) for the watershed for August 1946, from 4-km PRISM data.",mm/month,Climate Water Balance
CAT_TAV_SEP1946,"Mean monthly temperature (Celsius) for the watershed for September 1946, from 4-km PRISM data.",mm/month,Climate Water Balance
CAT_TAV_OCT1946,"Mean monthly temperature (Celsius) for the watershed for October 1946, from 4-km PRISM data.",mm/month,Climate Water Balance
CAT_TAV_NOV1946,"Mean monthly temperature (Celsius) for the watershed for November 1946, from 4-km PRISM data.",mm/month,Climate Water Balance
CAT_TAV_DEC1946,"Mean monthly temperature (Celsius) for the watershed for December 1946, from 4-km PRISM data.",mm/month,Climate Water Balance
CAT_TAV_JAN1945,"Mean monthly temperature (Celsius) for the watershed for January 1945, from 4-km PRISM data.",mm/month,Climate Water Balance
CAT_TAV_FEB1945,"Mean monthly temperature (Celsius) for the watershed for Febuary 1945, from 4-km PRISM data.",mm/month,Climate Water Balance
CAT_TAV_MAR1945,"Mean monthly temperature (Celsius) for the watershed for March 1945, from 4-km PRISM data.",mm/month,Climate Water Balance
CAT_TAV_APR1945,"Mean monthly temperature (Celsius) for the watershed for April 1945, from 4-km PRISM data.",mm/month,Climate Water Balance
CAT_TAV_MAY1945,"Mean monthly temperature (Celsius) for the watershed for May 1945, from 4-km PRISM data.",mm/month,Climate Water Balance
CAT_TAV_JUN1945,"Mean monthly temperature (Celsius) for the watershed for June 1945, from 4-km PRISM data.",mm/month,Climate Water Balance
CAT_TAV_JUL1945,"Mean monthly temperature (Celsius) for the watershed for July 1945, from 4-km PRISM data.",mm/month,Climate Water Balance
CAT_TAV_AUG1945,"Mean monthly temperature (Celsius) for the watershed for August 1945, from 4-km PRISM data.",mm/month,Climate Water Balance
CAT_TAV_SEP1945,"Mean monthly temperature (Celsius) for the watershed for September 1945, from 4-km PRISM data.",mm/month,Climate Water Balance
CAT_TAV_OCT1945,"Mean monthly temperature (Celsius) for the watershed for October 1945, from 4-km PRISM data.",mm/month,Climate Water Balance
CAT_TAV_NOV1945,"Mean monthly temperature (Celsius) for the watershed for November 1945, from 4-km PRISM data.",mm/month,Climate Water Balance
CAT_TAV_DEC1945,"Mean monthly temperature (Celsius) for the watershed for December 1945, from 4-km PRISM data.",mm/month,Climate Water Balance
CAT_TAV_JAN1995,"Mean monthly temperature (Celsius) for the watershed for January 1995, from 4-km PRISM data.",mm/month,Climate Water Balance
CAT_TAV_FEB1995,"Mean monthly temperature (Celsius) for the watershed for Febuary 1995, from 4-km PRISM data.",mm/month,Climate Water Balance
CAT_TAV_MAR1995,"Mean monthly temperature (Celsius) for the watershed for March 1995, from 4-km PRISM data.",mm/month,Climate Water Balance
CAT_TAV_APR1995,"Mean monthly temperature (Celsius) for the watershed for April 1995, from 4-km PRISM data.",mm/month,Climate Water Balance
CAT_TAV_MAY1995,"Mean monthly temperature (Celsius) for the watershed for May 1995, from 4-km PRISM data.",mm/month,Climate Water Balance
CAT_TAV_JUN1995,"Mean monthly temperature (Celsius) for the watershed for June 1995, from 4-km PRISM data.",mm/month,Climate Water Balance
CAT_TAV_JUL1995,"Mean monthly temperature (Celsius) for the watershed for July 1995, from 4-km PRISM data.",mm/month,Climate Water Balance
CAT_TAV_AUG1995,"Mean monthly temperature (Celsius) for the watershed for August 1995, from 4-km PRISM data.",mm/month,Climate Water Balance
CAT_TAV_SEP1995,"Mean monthly temperature (Celsius) for the watershed for September 1995, from 4-km PRISM data.",mm/month,Climate Water Balance
CAT_TAV_OCT1995,"Mean monthly temperature (Celsius) for the watershed for October 1995, from 4-km PRISM data.",mm/month,Climate Water Balance
CAT_TAV_NOV1995,"Mean monthly temperature (Celsius) for the watershed for November 1995, from 4-km PRISM data.",mm/month,Climate Water Balance
CAT_TAV_DEC1995,"Mean monthly temperature (Celsius) for the watershed for December 1995, from 4-km PRISM data.",mm/month,Climate Water Balance
CAT_TAV_JAN1994,"Mean monthly temperature (Celsius) for the watershed for January 1994, from 4-km PRISM data.",mm/month,Climate Water Balance
CAT_TAV_FEB1994,"Mean monthly temperature (Celsius) for the watershed for Febuary 1994, from 4-km PRISM data.",mm/month,Climate Water Balance
CAT_TAV_MAR1994,"Mean monthly temperature (Celsius) for the watershed for March 1994, from 4-km PRISM data.",mm/month,Climate Water Balance
CAT_TAV_APR1994,"Mean monthly temperature (Celsius) for the watershed for April 1994, from 4-km PRISM data.",mm/month,Climate Water Balance
CAT_TAV_MAY1994,"Mean monthly temperature (Celsius) for the watershed for May 1994, from 4-km PRISM data.",mm/month,Climate Water Balance
CAT_TAV_JUN1994,"Mean monthly temperature (Celsius) for the watershed for June 1994, from 4-km PRISM data.",mm/month,Climate Water Balance
CAT_TAV_JUL1994,"Mean monthly temperature (Celsius) for the watershed for July 1994, from 4-km PRISM data.",mm/month,Climate Water Balance
CAT_TAV_AUG1994,"Mean monthly temperature (Celsius) for the watershed for August 1994, from 4-km PRISM data.",mm/month,Climate Water Balance
CAT_TAV_SEP1994,"Mean monthly temperature (Celsius) for the watershed for September 1994, from 4-km PRISM data.",mm/month,Climate Water Balance
CAT_TAV_OCT1994,"Mean monthly temperature (Celsius) for the watershed for October 1994, from 4-km PRISM data.",mm/month,Climate Water Balance
CAT_TAV_NOV1994,"Mean monthly temperature (Celsius) for the watershed for November 1994, from 4-km PRISM data.",mm/month,Climate Water Balance
CAT_TAV_DEC1994,"Mean monthly temperature (Celsius) for the watershed for December 1994, from 4-km PRISM data.",mm/month,Climate Water Balance
CAT_TAV_JAN1993,"Mean monthly temperature (Celsius) for the watershed for January 1993, from 4-km PRISM data.",mm/month,Climate Water Balance
CAT_TAV_FEB1993,"Mean monthly temperature (Celsius) for the watershed for Febuary 1993, from 4-km PRISM data.",mm/month,Climate Water Balance
CAT_TAV_MAR1993,"Mean monthly temperature (Celsius) for the watershed for March 1993, from 4-km PRISM data.",mm/month,Climate Water Balance
CAT_TAV_APR1993,"Mean monthly temperature (Celsius) for the watershed for April 1993, from 4-km PRISM data.",mm/month,Climate Water Balance
CAT_TAV_MAY1993,"Mean monthly temperature (Celsius) for the watershed for May 1993, from 4-km PRISM data.",mm/month,Climate Water Balance
CAT_TAV_JUN1993,"Mean monthly temperature (Celsius) for the watershed for June 1993, from 4-km PRISM data.",mm/month,Climate Water Balance
CAT_TAV_JUL1993,"Mean monthly temperature (Celsius) for the watershed for July 1993, from 4-km PRISM data.",mm/month,Climate Water Balance
CAT_TAV_AUG1993,"Mean monthly temperature (Celsius) for the watershed for August 1993, from 4-km PRISM data.",mm/month,Climate Water Balance
CAT_TAV_SEP1993,"Mean monthly temperature (Celsius) for the watershed for September 1993, from 4-km PRISM data.",mm/month,Climate Water Balance
CAT_TAV_OCT1993,"Mean monthly temperature (Celsius) for the watershed for October 1993, from 4-km PRISM data.",mm/month,Climate Water Balance
CAT_TAV_NOV1993,"Mean monthly temperature (Celsius) for the watershed for November 1993, from 4-km PRISM data.",mm/month,Climate Water Balance
CAT_TAV_DEC1993,"Mean monthly temperature (Celsius) for the watershed for December 1993, from 4-km PRISM data.",mm/month,Climate Water Balance
CAT_TAV_JAN1992,"Mean monthly temperature (Celsius) for the watershed for January 1992, from 4-km PRISM data.",mm/month,Climate Water Balance
CAT_TAV_FEB1992,"Mean monthly temperature (Celsius) for the watershed for Febuary 1992, from 4-km PRISM data.",mm/month,Climate Water Balance
CAT_TAV_MAR1992,"Mean monthly temperature (Celsius) for the watershed for March 1992, from 4-km PRISM data.",mm/month,Climate Water Balance
CAT_TAV_APR1992,"Mean monthly temperature (Celsius) for the watershed for April 1992, from 4-km PRISM data.",mm/month,Climate Water Balance
CAT_TAV_MAY1992,"Mean monthly temperature (Celsius) for the watershed for May 1992, from 4-km PRISM data.",mm/month,Climate Water Balance
CAT_TAV_JUN1992,"Mean monthly temperature (Celsius) for the watershed for June 1992, from 4-km PRISM data.",mm/month,Climate Water Balance
CAT_TAV_JUL1992,"Mean monthly temperature (Celsius) for the watershed for July 1992, from 4-km PRISM data.",mm/month,Climate Water Balance
CAT_TAV_AUG1992,"Mean monthly temperature (Celsius) for the watershed for August 1992, from 4-km PRISM data.",mm/month,Climate Water Balance
CAT_TAV_SEP1992,"Mean monthly temperature (Celsius) for the watershed for September 1992, from 4-km PRISM data.",mm/month,Climate Water Balance
CAT_TAV_OCT1992,"Mean monthly temperature (Celsius) for the watershed for October 1992, from 4-km PRISM data.",mm/month,Climate Water Balance
CAT_TAV_NOV1992,"Mean monthly temperature (Celsius) for the watershed for November 1992, from 4-km PRISM data.",mm/month,Climate Water Balance
CAT_TAV_DEC1992,"Mean monthly temperature (Celsius) for the watershed for December 1992, from 4-km PRISM data.",mm/month,Climate Water Balance
CAT_TAV_JAN1991,"Mean monthly temperature (Celsius) for the watershed for January 1991, from 4-km PRISM data.",mm/month,Climate Water Balance
CAT_TAV_FEB1991,"Mean monthly temperature (Celsius) for the watershed for Febuary 1991, from 4-km PRISM data.",mm/month,Climate Water Balance
CAT_TAV_MAR1991,"Mean monthly temperature (Celsius) for the watershed for March 1991, from 4-km PRISM data.",mm/month,Climate Water Balance
CAT_TAV_APR1991,"Mean monthly temperature (Celsius) for the watershed for April 1991, from 4-km PRISM data.",mm/month,Climate Water Balance
CAT_TAV_MAY1991,"Mean monthly temperature (Celsius) for the watershed for May 1991, from 4-km PRISM data.",mm/month,Climate Water Balance
CAT_TAV_JUN1991,"Mean monthly temperature (Celsius) for the watershed for June 1991, from 4-km PRISM data.",mm/month,Climate Water Balance
CAT_TAV_JUL1991,"Mean monthly temperature (Celsius) for the watershed for July 1991, from 4-km PRISM data.",mm/month,Climate Water Balance
CAT_TAV_AUG1991,"Mean monthly temperature (Celsius) for the watershed for August 1991, from 4-km PRISM data.",mm/month,Climate Water Balance
CAT_TAV_SEP1991,"Mean monthly temperature (Celsius) for the watershed for September 1991, from 4-km PRISM data.",mm/month,Climate Water Balance
CAT_TAV_OCT1991,"Mean monthly temperature (Celsius) for the watershed for October 1991, from 4-km PRISM data.",mm/month,Climate Water Balance
CAT_TAV_NOV1991,"Mean monthly temperature (Celsius) for the watershed for November 1991, from 4-km PRISM data.",mm/month,Climate Water Balance
CAT_TAV_DEC1991,"Mean monthly temperature (Celsius) for the watershed for December 1991, from 4-km PRISM data.",mm/month,Climate Water Balance
CAT_TAV_JAN1990,"Mean monthly temperature (Celsius) for the watershed for January 1990, from 4-km PRISM data.",mm/month,Climate Water Balance
CAT_TAV_FEB1990,"Mean monthly temperature (Celsius) for the watershed for Febuary 1990, from 4-km PRISM data.",mm/month,Climate Water Balance
CAT_TAV_MAR1990,"Mean monthly temperature (Celsius) for the watershed for March 1990, from 4-km PRISM data.",mm/month,Climate Water Balance
CAT_TAV_APR1990,"Mean monthly temperature (Celsius) for the watershed for April 1990, from 4-km PRISM data.",mm/month,Climate Water Balance
CAT_TAV_MAY1990,"Mean monthly temperature (Celsius) for the watershed for May 1990, from 4-km PRISM data.",mm/month,Climate Water Balance
CAT_TAV_JUN1990,"Mean monthly temperature (Celsius) for the watershed for June 1990, from 4-km PRISM data.",mm/month,Climate Water Balance
CAT_TAV_JUL1990,"Mean monthly temperature (Celsius) for the watershed for July 1990, from 4-km PRISM data.",mm/month,Climate Water Balance
CAT_TAV_AUG1990,"Mean monthly temperature (Celsius) for the watershed for August 1990, from 4-km PRISM data.",mm/month,Climate Water Balance
CAT_TAV_SEP1990,"Mean monthly temperature (Celsius) for the watershed for September 1990, from 4-km PRISM data.",mm/month,Climate Water Balance
CAT_TAV_OCT1990,"Mean monthly temperature (Celsius) for the watershed for October 1990, from 4-km PRISM data.",mm/month,Climate Water Balance
CAT_TAV_NOV1990,"Mean monthly temperature (Celsius) for the watershed for November 1990, from 4-km PRISM data.",mm/month,Climate Water Balance
CAT_TAV_DEC1990,"Mean monthly temperature (Celsius) for the watershed for December 1990, from 4-km PRISM data.",mm/month,Climate Water Balance
CAT_TAV_JAN1989,"Mean monthly temperature (Celsius) for the watershed for January 1989, from 4-km PRISM data.",mm/month,Climate Water Balance
CAT_TAV_FEB1989,"Mean monthly temperature (Celsius) for the watershed for Febuary 1989, from 4-km PRISM data.",mm/month,Climate Water Balance
CAT_TAV_MAR1989,"Mean monthly temperature (Celsius) for the watershed for March 1989, from 4-km PRISM data.",mm/month,Climate Water Balance
CAT_TAV_APR1989,"Mean monthly temperature (Celsius) for the watershed for April 1989, from 4-km PRISM data.",mm/month,Climate Water Balance
CAT_TAV_MAY1989,"Mean monthly temperature (Celsius) for the watershed for May 1989, from 4-km PRISM data.",mm/month,Climate Water Balance
CAT_TAV_JUN1989,"Mean monthly temperature (Celsius) for the watershed for June 1989, from 4-km PRISM data.",mm/month,Climate Water Balance
CAT_TAV_JUL1989,"Mean monthly temperature (Celsius) for the watershed for July 1989, from 4-km PRISM data.",mm/month,Climate Water Balance
CAT_TAV_AUG1989,"Mean monthly temperature (Celsius) for the watershed for August 1989, from 4-km PRISM data.",mm/month,Climate Water Balance
CAT_TAV_SEP1989,"Mean monthly temperature (Celsius) for the watershed for September 1989, from 4-km PRISM data.",mm/month,Climate Water Balance
CAT_TAV_OCT1989,"Mean monthly temperature (Celsius) for the watershed for October 1989, from 4-km PRISM data.",mm/month,Climate Water Balance
CAT_TAV_NOV1989,"Mean monthly temperature (Celsius) for the watershed for November 1989, from 4-km PRISM data.",mm/month,Climate Water Balance
CAT_TAV_DEC1989,"Mean monthly temperature (Celsius) for the watershed for December 1989, from 4-km PRISM data.",mm/month,Climate Water Balance
CAT_TAV_JAN1988,"Mean monthly temperature (Celsius) for the watershed for January 1988, from 4-km PRISM data.",mm/month,Climate Water Balance
CAT_TAV_FEB1988,"Mean monthly temperature (Celsius) for the watershed for Febuary 1988, from 4-km PRISM data.",mm/month,Climate Water Balance
CAT_TAV_MAR1988,"Mean monthly temperature (Celsius) for the watershed for March 1988, from 4-km PRISM data.",mm/month,Climate Water Balance
CAT_TAV_APR1988,"Mean monthly temperature (Celsius) for the watershed for April 1988, from 4-km PRISM data.",mm/month,Climate Water Balance
CAT_TAV_MAY1988,"Mean monthly temperature (Celsius) for the watershed for May 1988, from 4-km PRISM data.",mm/month,Climate Water Balance
CAT_TAV_JUN1988,"Mean monthly temperature (Celsius) for the watershed for June 1988, from 4-km PRISM data.",mm/month,Climate Water Balance
CAT_TAV_JUL1988,"Mean monthly temperature (Celsius) for the watershed for July 1988, from 4-km PRISM data.",mm/month,Climate Water Balance
CAT_TAV_AUG1988,"Mean monthly temperature (Celsius) for the watershed for August 1988, from 4-km PRISM data.",mm/month,Climate Water Balance
CAT_TAV_SEP1988,"Mean monthly temperature (Celsius) for the watershed for September 1988, from 4-km PRISM data.",mm/month,Climate Water Balance
CAT_TAV_OCT1988,"Mean monthly temperature (Celsius) for the watershed for October 1988, from 4-km PRISM data.",mm/month,Climate Water Balance
CAT_TAV_NOV1988,"Mean monthly temperature (Celsius) for the watershed for November 1988, from 4-km PRISM data.",mm/month,Climate Water Balance
CAT_TAV_DEC1988,"Mean monthly temperature (Celsius) for the watershed for December 1988, from 4-km PRISM data.",mm/month,Climate Water Balance
CAT_TAV_JAN1987,"Mean monthly temperature (Celsius) for the watershed for January 1987, from 4-km PRISM data.",mm/month,Climate Water Balance
CAT_TAV_FEB1987,"Mean monthly temperature (Celsius) for the watershed for Febuary 1987, from 4-km PRISM data.",mm/month,Climate Water Balance
CAT_TAV_MAR1987,"Mean monthly temperature (Celsius) for the watershed for March 1987, from 4-km PRISM data.",mm/month,Climate Water Balance
CAT_TAV_APR1987,"Mean monthly temperature (Celsius) for the watershed for April 1987, from 4-km PRISM data.",mm/month,Climate Water Balance
CAT_TAV_MAY1987,"Mean monthly temperature (Celsius) for the watershed for May 1987, from 4-km PRISM data.",mm/month,Climate Water Balance
CAT_TAV_JUN1987,"Mean monthly temperature (Celsius) for the watershed for June 1987, from 4-km PRISM data.",mm/month,Climate Water Balance
CAT_TAV_JUL1987,"Mean monthly temperature (Celsius) for the watershed for July 1987, from 4-km PRISM data.",mm/month,Climate Water Balance
CAT_TAV_AUG1987,"Mean monthly temperature (Celsius) for the watershed for August 1987, from 4-km PRISM data.",mm/month,Climate Water Balance
CAT_TAV_SEP1987,"Mean monthly temperature (Celsius) for the watershed for September 1987, from 4-km PRISM data.",mm/month,Climate Water Balance
CAT_TAV_OCT1987,"Mean monthly temperature (Celsius) for the watershed for October 1987, from 4-km PRISM data.",mm/month,Climate Water Balance
CAT_TAV_NOV1987,"Mean monthly temperature (Celsius) for the watershed for November 1987, from 4-km PRISM data.",mm/month,Climate Water Balance
CAT_TAV_DEC1987,"Mean monthly temperature (Celsius) for the watershed for December 1987, from 4-km PRISM data.",mm/month,Climate Water Balance
CAT_TAV_JAN1986,"Mean monthly temperature (Celsius) for the watershed for January 1986, from 4-km PRISM data.",mm/month,Climate Water Balance
CAT_TAV_FEB1986,"Mean monthly temperature (Celsius) for the watershed for Febuary 1986, from 4-km PRISM data.",mm/month,Climate Water Balance
CAT_TAV_MAR1986,"Mean monthly temperature (Celsius) for the watershed for March 1986, from 4-km PRISM data.",mm/month,Climate Water Balance
CAT_TAV_APR1986,"Mean monthly temperature (Celsius) for the watershed for April 1986, from 4-km PRISM data.",mm/month,Climate Water Balance
CAT_TAV_MAY1986,"Mean monthly temperature (Celsius) for the watershed for May 1986, from 4-km PRISM data.",mm/month,Climate Water Balance
CAT_TAV_JUN1986,"Mean monthly temperature (Celsius) for the watershed for June 1986, from 4-km PRISM data.",mm/month,Climate Water Balance
CAT_TAV_JUL1986,"Mean monthly temperature (Celsius) for the watershed for July 1986, from 4-km PRISM data.",mm/month,Climate Water Balance
CAT_TAV_AUG1986,"Mean monthly temperature (Celsius) for the watershed for August 1986, from 4-km PRISM data.",mm/month,Climate Water Balance
CAT_TAV_SEP1986,"Mean monthly temperature (Celsius) for the watershed for September 1986, from 4-km PRISM data.",mm/month,Climate Water Balance
CAT_TAV_OCT1986,"Mean monthly temperature (Celsius) for the watershed for October 1986, from 4-km PRISM data.",mm/month,Climate Water Balance
CAT_TAV_NOV1986,"Mean monthly temperature (Celsius) for the watershed for November 1986, from 4-km PRISM data.",mm/month,Climate Water Balance
CAT_TAV_DEC1986,"Mean monthly temperature (Celsius) for the watershed for December 1986, from 4-km PRISM data.",mm/month,Climate Water Balance
CAT_TAV_JAN1985,"Mean monthly temperature (Celsius) for the watershed for January 1985, from 4-km PRISM data.",mm/month,Climate Water Balance
CAT_TAV_FEB1985,"Mean monthly temperature (Celsius) for the watershed for Febuary 1985, from 4-km PRISM data.",mm/month,Climate Water Balance
CAT_TAV_MAR1985,"Mean monthly temperature (Celsius) for the watershed for March 1985, from 4-km PRISM data.",mm/month,Climate Water Balance
CAT_TAV_APR1985,"Mean monthly temperature (Celsius) for the watershed for April 1985, from 4-km PRISM data.",mm/month,Climate Water Balance
CAT_TAV_MAY1985,"Mean monthly temperature (Celsius) for the watershed for May 1985, from 4-km PRISM data.",mm/month,Climate Water Balance
CAT_TAV_JUN1985,"Mean monthly temperature (Celsius) for the watershed for June 1985, from 4-km PRISM data.",mm/month,Climate Water Balance
CAT_TAV_JUL1985,"Mean monthly temperature (Celsius) for the watershed for July 1985, from 4-km PRISM data.",mm/month,Climate Water Balance
CAT_TAV_AUG1985,"Mean monthly temperature (Celsius) for the watershed for August 1985, from 4-km PRISM data.",mm/month,Climate Water Balance
CAT_TAV_SEP1985,"Mean monthly temperature (Celsius) for the watershed for September 1985, from 4-km PRISM data.",mm/month,Climate Water Balance
CAT_TAV_OCT1985,"Mean monthly temperature (Celsius) for the watershed for October 1985, from 4-km PRISM data.",mm/month,Climate Water Balance
CAT_TAV_NOV1985,"Mean monthly temperature (Celsius) for the watershed for November 1985, from 4-km PRISM data.",mm/month,Climate Water Balance
CAT_TAV_DEC1985,"Mean monthly temperature (Celsius) for the watershed for December 1985, from 4-km PRISM data.",mm/month,Climate Water Balance
CAT_TAV_JAN1984,"Mean monthly temperature (Celsius) for the watershed for January 1984, from 4-km PRISM data.",mm/month,Climate Water Balance
CAT_TAV_FEB1984,"Mean monthly temperature (Celsius) for the watershed for Febuary 1984, from 4-km PRISM data.",mm/month,Climate Water Balance
CAT_TAV_MAR1984,"Mean monthly temperature (Celsius) for the watershed for March 1984, from 4-km PRISM data.",mm/month,Climate Water Balance
CAT_TAV_APR1984,"Mean monthly temperature (Celsius) for the watershed for April 1984, from 4-km PRISM data.",mm/month,Climate Water Balance
CAT_TAV_MAY1984,"Mean monthly temperature (Celsius) for the watershed for May 1984, from 4-km PRISM data.",mm/month,Climate Water Balance
CAT_TAV_JUN1984,"Mean monthly temperature (Celsius) for the watershed for June 1984, from 4-km PRISM data.",mm/month,Climate Water Balance
CAT_TAV_JUL1984,"Mean monthly temperature (Celsius) for the watershed for July 1984, from 4-km PRISM data.",mm/month,Climate Water Balance
CAT_TAV_AUG1984,"Mean monthly temperature (Celsius) for the watershed for August 1984, from 4-km PRISM data.",mm/month,Climate Water Balance
CAT_TAV_SEP1984,"Mean monthly temperature (Celsius) for the watershed for September 1984, from 4-km PRISM data.",mm/month,Climate Water Balance
CAT_TAV_OCT1984,"Mean monthly temperature (Celsius) for the watershed for October 1984, from 4-km PRISM data.",mm/month,Climate Water Balance
CAT_TAV_NOV1984,"Mean monthly temperature (Celsius) for the watershed for November 1984, from 4-km PRISM data.",mm/month,Climate Water Balance
CAT_TAV_DEC1984,"Mean monthly temperature (Celsius) for the watershed for December 1984, from 4-km PRISM data.",mm/month,Climate Water Balance
CAT_TAV_JAN1983,"Mean monthly temperature (Celsius) for the watershed for January 1983, from 4-km PRISM data.",mm/month,Climate Water Balance
CAT_TAV_FEB1983,"Mean monthly temperature (Celsius) for the watershed for Febuary 1983, from 4-km PRISM data.",mm/month,Climate Water Balance
CAT_TAV_MAR1983,"Mean monthly temperature (Celsius) for the watershed for March 1983, from 4-km PRISM data.",mm/month,Climate Water Balance
CAT_TAV_APR1983,"Mean monthly temperature (Celsius) for the watershed for April 1983, from 4-km PRISM data.",mm/month,Climate Water Balance
CAT_TAV_MAY1983,"Mean monthly temperature (Celsius) for the watershed for May 1983, from 4-km PRISM data.",mm/month,Climate Water Balance
CAT_TAV_JUN1983,"Mean monthly temperature (Celsius) for the watershed for June 1983, from 4-km PRISM data.",mm/month,Climate Water Balance
CAT_TAV_JUL1983,"Mean monthly temperature (Celsius) for the watershed for July 1983, from 4-km PRISM data.",mm/month,Climate Water Balance
CAT_TAV_AUG1983,"Mean monthly temperature (Celsius) for the watershed for August 1983, from 4-km PRISM data.",mm/month,Climate Water Balance
CAT_TAV_SEP1983,"Mean monthly temperature (Celsius) for the watershed for September 1983, from 4-km PRISM data.",mm/month,Climate Water Balance
CAT_TAV_OCT1983,"Mean monthly temperature (Celsius) for the watershed for October 1983, from 4-km PRISM data.",mm/month,Climate Water Balance
CAT_TAV_NOV1983,"Mean monthly temperature (Celsius) for the watershed for November 1983, from 4-km PRISM data.",mm/month,Climate Water Balance
CAT_TAV_DEC1983,"Mean monthly temperature (Celsius) for the watershed for December 1983, from 4-km PRISM data.",mm/month,Climate Water Balance
CAT_TAV_JAN1982,"Mean monthly temperature (Celsius) for the watershed for January 1982, from 4-km PRISM data.",mm/month,Climate Water Balance
CAT_TAV_FEB1982,"Mean monthly temperature (Celsius) for the watershed for Febuary 1982, from 4-km PRISM data.",mm/month,Climate Water Balance
CAT_TAV_MAR1982,"Mean monthly temperature (Celsius) for the watershed for March 1982, from 4-km PRISM data.",mm/month,Climate Water Balance
CAT_TAV_APR1982,"Mean monthly temperature (Celsius) for the watershed for April 1982, from 4-km PRISM data.",mm/month,Climate Water Balance
CAT_TAV_MAY1982,"Mean monthly temperature (Celsius) for the watershed for May 1982, from 4-km PRISM data.",mm/month,Climate Water Balance
CAT_TAV_JUN1982,"Mean monthly temperature (Celsius) for the watershed for June 1982, from 4-km PRISM data.",mm/month,Climate Water Balance
CAT_TAV_JUL1982,"Mean monthly temperature (Celsius) for the watershed for July 1982, from 4-km PRISM data.",mm/month,Climate Water Balance
CAT_TAV_AUG1982,"Mean monthly temperature (Celsius) for the watershed for August 1982, from 4-km PRISM data.",mm/month,Climate Water Balance
CAT_TAV_SEP1982,"Mean monthly temperature (Celsius) for the watershed for September 1982, from 4-km PRISM data.",mm/month,Climate Water Balance
CAT_TAV_OCT1982,"Mean monthly temperature (Celsius) for the watershed for October 1982, from 4-km PRISM data.",mm/month,Climate Water Balance
CAT_TAV_NOV1982,"Mean monthly temperature (Celsius) for the watershed for November 1982, from 4-km PRISM data.",mm/month,Climate Water Balance
CAT_TAV_DEC1982,"Mean monthly temperature (Celsius) for the watershed for December 1982, from 4-km PRISM data.",mm/month,Climate Water Balance
CAT_TAV_JAN1981,"Mean monthly temperature (Celsius) for the watershed for January 1981, from 4-km PRISM data.",mm/month,Climate Water Balance
CAT_TAV_FEB1981,"Mean monthly temperature (Celsius) for the watershed for Febuary 1981, from 4-km PRISM data.",mm/month,Climate Water Balance
CAT_TAV_MAR1981,"Mean monthly temperature (Celsius) for the watershed for March 1981, from 4-km PRISM data.",mm/month,Climate Water Balance
CAT_TAV_APR1981,"Mean monthly temperature (Celsius) for the watershed for April 1981, from 4-km PRISM data.",mm/month,Climate Water Balance
CAT_TAV_MAY1981,"Mean monthly temperature (Celsius) for the watershed for May 1981, from 4-km PRISM data.",mm/month,Climate Water Balance
CAT_TAV_JUN1981,"Mean monthly temperature (Celsius) for the watershed for June 1981, from 4-km PRISM data.",mm/month,Climate Water Balance
CAT_TAV_JUL1981,"Mean monthly temperature (Celsius) for the watershed for July 1981, from 4-km PRISM data.",mm/month,Climate Water Balance
CAT_TAV_AUG1981,"Mean monthly temperature (Celsius) for the watershed for August 1981, from 4-km PRISM data.",mm/month,Climate Water Balance
CAT_TAV_SEP1981,"Mean monthly temperature (Celsius) for the watershed for September 1981, from 4-km PRISM data.",mm/month,Climate Water Balance
CAT_TAV_OCT1981,"Mean monthly temperature (Celsius) for the watershed for October 1981, from 4-km PRISM data.",mm/month,Climate Water Balance
CAT_TAV_NOV1981,"Mean monthly temperature (Celsius) for the watershed for November 1981, from 4-km PRISM data.",mm/month,Climate Water Balance
CAT_TAV_DEC1981,"Mean monthly temperature (Celsius) for the watershed for December 1981, from 4-km PRISM data.",mm/month,Climate Water Balance
CAT_TAV_JAN1980,"Mean monthly temperature (Celsius) for the watershed for January 1980, from 4-km PRISM data.",mm/month,Climate Water Balance
CAT_TAV_FEB1980,"Mean monthly temperature (Celsius) for the watershed for Febuary 1980, from 4-km PRISM data.",mm/month,Climate Water Balance
CAT_TAV_MAR1980,"Mean monthly temperature (Celsius) for the watershed for March 1980, from 4-km PRISM data.",mm/month,Climate Water Balance
CAT_TAV_APR1980,"Mean monthly temperature (Celsius) for the watershed for April 1980, from 4-km PRISM data.",mm/month,Climate Water Balance
CAT_TAV_MAY1980,"Mean monthly temperature (Celsius) for the watershed for May 1980, from 4-km PRISM data.",mm/month,Climate Water Balance
CAT_TAV_JUN1980,"Mean monthly temperature (Celsius) for the watershed for June 1980, from 4-km PRISM data.",mm/month,Climate Water Balance
CAT_TAV_JUL1980,"Mean monthly temperature (Celsius) for the watershed for July 1980, from 4-km PRISM data.",mm/month,Climate Water Balance
CAT_TAV_AUG1980,"Mean monthly temperature (Celsius) for the watershed for August 1980, from 4-km PRISM data.",mm/month,Climate Water Balance
CAT_TAV_SEP1980,"Mean monthly temperature (Celsius) for the watershed for September 1980, from 4-km PRISM data.",mm/month,Climate Water Balance
CAT_TAV_OCT1980,"Mean monthly temperature (Celsius) for the watershed for October 1980, from 4-km PRISM data.",mm/month,Climate Water Balance
CAT_TAV_NOV1980,"Mean monthly temperature (Celsius) for the watershed for November 1980, from 4-km PRISM data.",mm/month,Climate Water Balance
CAT_TAV_DEC1980,"Mean monthly temperature (Celsius) for the watershed for December 1980, from 4-km PRISM data.",mm/month,Climate Water Balance
CAT_TAV_JAN1979,"Mean monthly temperature (Celsius) for the watershed for January 1979, from 4-km PRISM data.",mm/month,Climate Water Balance
CAT_TAV_FEB1979,"Mean monthly temperature (Celsius) for the watershed for Febuary 1979, from 4-km PRISM data.",mm/month,Climate Water Balance
CAT_TAV_MAR1979,"Mean monthly temperature (Celsius) for the watershed for March 1979, from 4-km PRISM data.",mm/month,Climate Water Balance
CAT_TAV_APR1979,"Mean monthly temperature (Celsius) for the watershed for April 1979, from 4-km PRISM data.",mm/month,Climate Water Balance
CAT_TAV_MAY1979,"Mean monthly temperature (Celsius) for the watershed for May 1979, from 4-km PRISM data.",mm/month,Climate Water Balance
CAT_TAV_JUN1979,"Mean monthly temperature (Celsius) for the watershed for June 1979, from 4-km PRISM data.",mm/month,Climate Water Balance
CAT_TAV_JUL1979,"Mean monthly temperature (Celsius) for the watershed for July 1979, from 4-km PRISM data.",mm/month,Climate Water Balance
CAT_TAV_AUG1979,"Mean monthly temperature (Celsius) for the watershed for August 1979, from 4-km PRISM data.",mm/month,Climate Water Balance
CAT_TAV_SEP1979,"Mean monthly temperature (Celsius) for the watershed for September 1979, from 4-km PRISM data.",mm/month,Climate Water Balance
CAT_TAV_OCT1979,"Mean monthly temperature (Celsius) for the watershed for October 1979, from 4-km PRISM data.",mm/month,Climate Water Balance
CAT_TAV_NOV1979,"Mean monthly temperature (Celsius) for the watershed for November 1979, from 4-km PRISM data.",mm/month,Climate Water Balance
CAT_TAV_DEC1979,"Mean monthly temperature (Celsius) for the watershed for December 1979, from 4-km PRISM data.",mm/month,Climate Water Balance
CAT_TAV_JAN1978,"Mean monthly temperature (Celsius) for the watershed for January 1978, from 4-km PRISM data.",mm/month,Climate Water Balance
CAT_TAV_FEB1978,"Mean monthly temperature (Celsius) for the watershed for Febuary 1978, from 4-km PRISM data.",mm/month,Climate Water Balance
CAT_TAV_MAR1978,"Mean monthly temperature (Celsius) for the watershed for March 1978, from 4-km PRISM data.",mm/month,Climate Water Balance
CAT_TAV_APR1978,"Mean monthly temperature (Celsius) for the watershed for April 1978, from 4-km PRISM data.",mm/month,Climate Water Balance
CAT_TAV_MAY1978,"Mean monthly temperature (Celsius) for the watershed for May 1978, from 4-km PRISM data.",mm/month,Climate Water Balance
CAT_TAV_JUN1978,"Mean monthly temperature (Celsius) for the watershed for June 1978, from 4-km PRISM data.",mm/month,Climate Water Balance
CAT_TAV_JUL1978,"Mean monthly temperature (Celsius) for the watershed for July 1978, from 4-km PRISM data.",mm/month,Climate Water Balance
CAT_TAV_AUG1978,"Mean monthly temperature (Celsius) for the watershed for August 1978, from 4-km PRISM data.",mm/month,Climate Water Balance
CAT_TAV_SEP1978,"Mean monthly temperature (Celsius) for the watershed for September 1978, from 4-km PRISM data.",mm/month,Climate Water Balance
CAT_TAV_OCT1978,"Mean monthly temperature (Celsius) for the watershed for October 1978, from 4-km PRISM data.",mm/month,Climate Water Balance
CAT_TAV_NOV1978,"Mean monthly temperature (Celsius) for the watershed for November 1978, from 4-km PRISM data.",mm/month,Climate Water Balance
CAT_TAV_DEC1978,"Mean monthly temperature (Celsius) for the watershed for December 1978, from 4-km PRISM data.",mm/month,Climate Water Balance
CAT_TAV_JAN1977,"Mean monthly temperature (Celsius) for the watershed for January 1977, from 4-km PRISM data.",mm/month,Climate Water Balance
CAT_TAV_FEB1977,"Mean monthly temperature (Celsius) for the watershed for Febuary 1977, from 4-km PRISM data.",mm/month,Climate Water Balance
CAT_TAV_MAR1977,"Mean monthly temperature (Celsius) for the watershed for March 1977, from 4-km PRISM data.",mm/month,Climate Water Balance
CAT_TAV_APR1977,"Mean monthly temperature (Celsius) for the watershed for April 1977, from 4-km PRISM data.",mm/month,Climate Water Balance
CAT_TAV_MAY1977,"Mean monthly temperature (Celsius) for the watershed for May 1977, from 4-km PRISM data.",mm/month,Climate Water Balance
CAT_TAV_JUN1977,"Mean monthly temperature (Celsius) for the watershed for June 1977, from 4-km PRISM data.",mm/month,Climate Water Balance
CAT_TAV_JUL1977,"Mean monthly temperature (Celsius) for the watershed for July 1977, from 4-km PRISM data.",mm/month,Climate Water Balance
CAT_TAV_AUG1977,"Mean monthly temperature (Celsius) for the watershed for August 1977, from 4-km PRISM data.",mm/month,Climate Water Balance
CAT_TAV_SEP1977,"Mean monthly temperature (Celsius) for the watershed for September 1977, from 4-km PRISM data.",mm/month,Climate Water Balance
CAT_TAV_OCT1977,"Mean monthly temperature (Celsius) for the watershed for October 1977, from 4-km PRISM data.",mm/month,Climate Water Balance
CAT_TAV_NOV1977,"Mean monthly temperature (Celsius) for the watershed for November 1977, from 4-km PRISM data.",mm/month,Climate Water Balance
CAT_TAV_DEC1977,"Mean monthly temperature (Celsius) for the watershed for December 1977, from 4-km PRISM data.",mm/month,Climate Water Balance
CAT_TAV_JAN1976,"Mean monthly temperature (Celsius) for the watershed for January 1976, from 4-km PRISM data.",mm/month,Climate Water Balance
CAT_TAV_FEB1976,"Mean monthly temperature (Celsius) for the watershed for Febuary 1976, from 4-km PRISM data.",mm/month,Climate Water Balance
CAT_TAV_MAR1976,"Mean monthly temperature (Celsius) for the watershed for March 1976, from 4-km PRISM data.",mm/month,Climate Water Balance
CAT_TAV_APR1976,"Mean monthly temperature (Celsius) for the watershed for April 1976, from 4-km PRISM data.",mm/month,Climate Water Balance
CAT_TAV_MAY1976,"Mean monthly temperature (Celsius) for the watershed for May 1976, from 4-km PRISM data.",mm/month,Climate Water Balance
CAT_TAV_JUN1976,"Mean monthly temperature (Celsius) for the watershed for June 1976, from 4-km PRISM data.",mm/month,Climate Water Balance
CAT_TAV_JUL1976,"Mean monthly temperature (Celsius) for the watershed for July 1976, from 4-km PRISM data.",mm/month,Climate Water Balance
CAT_TAV_AUG1976,"Mean monthly temperature (Celsius) for the watershed for August 1976, from 4-km PRISM data.",mm/month,Climate Water Balance
CAT_TAV_SEP1976,"Mean monthly temperature (Celsius) for the watershed for September 1976, from 4-km PRISM data.",mm/month,Climate Water Balance
CAT_TAV_OCT1976,"Mean monthly temperature (Celsius) for the watershed for October 1976, from 4-km PRISM data.",mm/month,Climate Water Balance
CAT_TAV_NOV1976,"Mean monthly temperature (Celsius) for the watershed for November 1976, from 4-km PRISM data.",mm/month,Climate Water Balance
CAT_TAV_DEC1976,"Mean monthly temperature (Celsius) for the watershed for December 1976, from 4-km PRISM data.",mm/month,Climate Water Balance
CAT_TAV_JAN1975,"Mean monthly temperature (Celsius) for the watershed for January 1975, from 4-km PRISM data.",mm/month,Climate Water Balance
CAT_TAV_FEB1975,"Mean monthly temperature (Celsius) for the watershed for Febuary 1975, from 4-km PRISM data.",mm/month,Climate Water Balance
CAT_TAV_MAR1975,"Mean monthly temperature (Celsius) for the watershed for March 1975, from 4-km PRISM data.",mm/month,Climate Water Balance
CAT_TAV_APR1975,"Mean monthly temperature (Celsius) for the watershed for April 1975, from 4-km PRISM data.",mm/month,Climate Water Balance
CAT_TAV_MAY1975,"Mean monthly temperature (Celsius) for the watershed for May 1975, from 4-km PRISM data.",mm/month,Climate Water Balance
CAT_TAV_JUN1975,"Mean monthly temperature (Celsius) for the watershed for June 1975, from 4-km PRISM data.",mm/month,Climate Water Balance
CAT_TAV_JUL1975,"Mean monthly temperature (Celsius) for the watershed for July 1975, from 4-km PRISM data.",mm/month,Climate Water Balance
CAT_TAV_AUG1975,"Mean monthly temperature (Celsius) for the watershed for August 1975, from 4-km PRISM data.",mm/month,Climate Water Balance
CAT_TAV_SEP1975,"Mean monthly temperature (Celsius) for the watershed for September 1975, from 4-km PRISM data.",mm/month,Climate Water Balance
CAT_TAV_OCT1975,"Mean monthly temperature (Celsius) for the watershed for October 1975, from 4-km PRISM data.",mm/month,Climate Water Balance
CAT_TAV_NOV1975,"Mean monthly temperature (Celsius) for the watershed for November 1975, from 4-km PRISM data.",mm/month,Climate Water Balance
CAT_TAV_DEC1975,"Mean monthly temperature (Celsius) for the watershed for December 1975, from 4-km PRISM data.",mm/month,Climate Water Balance
CAT_TAV_JAN2013,"Mean monthly temperature (Celsius) for the watershed for January 2013, from 4-km PRISM data.",mm/month,Climate Water Balance
CAT_TAV_FEB2013,"Mean monthly temperature (Celsius) for the watershed for Febuary 2013, from 4-km PRISM data.",mm/month,Climate Water Balance
CAT_TAV_MAR2013,"Mean monthly temperature (Celsius) for the watershed for March 2013, from 4-km PRISM data.",mm/month,Climate Water Balance
CAT_TAV_APR2013,"Mean monthly temperature (Celsius) for the watershed for April 2013, from 4-km PRISM data.",mm/month,Climate Water Balance
CAT_TAV_MAY2013,"Mean monthly temperature (Celsius) for the watershed for May 2013, from 4-km PRISM data.",mm/month,Climate Water Balance
CAT_TAV_JUN2013,"Mean monthly temperature (Celsius) for the watershed for June 2013, from 4-km PRISM data.",mm/month,Climate Water Balance
CAT_TAV_JUL2013,"Mean monthly temperature (Celsius) for the watershed for July 2013, from 4-km PRISM data.",mm/month,Climate Water Balance
CAT_TAV_AUG2013,"Mean monthly temperature (Celsius) for the watershed for August 2013, from 4-km PRISM data.",mm/month,Climate Water Balance
CAT_TAV_SEP2013,"Mean monthly temperature (Celsius) for the watershed for September 2013, from 4-km PRISM data.",mm/month,Climate Water Balance
CAT_TAV_OCT2013,"Mean monthly temperature (Celsius) for the watershed for October 2013, from 4-km PRISM data.",mm/month,Climate Water Balance
CAT_TAV_NOV2013,"Mean monthly temperature (Celsius) for the watershed for November 2013, from 4-km PRISM data.",mm/month,Climate Water Balance
CAT_TAV_DEC2013,"Mean monthly temperature (Celsius) for the watershed for December 2013, from 4-km PRISM data.",mm/month,Climate Water Balance
CAT_TAV_JAN2012,"Mean monthly temperature (Celsius) for the watershed for January 2012, from 4-km PRISM data.",mm/month,Climate Water Balance
CAT_TAV_FEB2012,"Mean monthly temperature (Celsius) for the watershed for Febuary 2012, from 4-km PRISM data.",mm/month,Climate Water Balance
CAT_TAV_MAR2012,"Mean monthly temperature (Celsius) for the watershed for March 2012, from 4-km PRISM data.",mm/month,Climate Water Balance
CAT_TAV_APR2012,"Mean monthly temperature (Celsius) for the watershed for April 2012, from 4-km PRISM data.",mm/month,Climate Water Balance
CAT_TAV_MAY2012,"Mean monthly temperature (Celsius) for the watershed for May 2012, from 4-km PRISM data.",mm/month,Climate Water Balance
CAT_TAV_JUN2012,"Mean monthly temperature (Celsius) for the watershed for June 2012, from 4-km PRISM data.",mm/month,Climate Water Balance
CAT_TAV_JUL2012,"Mean monthly temperature (Celsius) for the watershed for July 2012, from 4-km PRISM data.",mm/month,Climate Water Balance
CAT_TAV_AUG2012,"Mean monthly temperature (Celsius) for the watershed for August 2012, from 4-km PRISM data.",mm/month,Climate Water Balance
CAT_TAV_SEP2012,"Mean monthly temperature (Celsius) for the watershed for September 2012, from 4-km PRISM data.",mm/month,Climate Water Balance
CAT_TAV_OCT2012,"Mean monthly temperature (Celsius) for the watershed for October 2012, from 4-km PRISM data.",mm/month,Climate Water Balance
CAT_TAV_NOV2012,"Mean monthly temperature (Celsius) for the watershed for November 2012, from 4-km PRISM data.",mm/month,Climate Water Balance
CAT_TAV_DEC2012,"Mean monthly temperature (Celsius) for the watershed for December 2012, from 4-km PRISM data.",mm/month,Climate Water Balance
CAT_TAV_JAN2011,"Mean monthly temperature (Celsius) for the watershed for January 2011, from 4-km PRISM data.",mm/month,Climate Water Balance
CAT_TAV_FEB2011,"Mean monthly temperature (Celsius) for the watershed for Febuary 2011, from 4-km PRISM data.",mm/month,Climate Water Balance
CAT_TAV_MAR2011,"Mean monthly temperature (Celsius) for the watershed for March 2011, from 4-km PRISM data.",mm/month,Climate Water Balance
CAT_TAV_APR2011,"Mean monthly temperature (Celsius) for the watershed for April 2011, from 4-km PRISM data.",mm/month,Climate Water Balance
CAT_TAV_MAY2011,"Mean monthly temperature (Celsius) for the watershed for May 2011, from 4-km PRISM data.",mm/month,Climate Water Balance
CAT_TAV_JUN2011,"Mean monthly temperature (Celsius) for the watershed for June 2011, from 4-km PRISM data.",mm/month,Climate Water Balance
CAT_TAV_JUL2011,"Mean monthly temperature (Celsius) for the watershed for July 2011, from 4-km PRISM data.",mm/month,Climate Water Balance
CAT_TAV_AUG2011,"Mean monthly temperature (Celsius) for the watershed for August 2011, from 4-km PRISM data.",mm/month,Climate Water Balance
CAT_TAV_SEP2011,"Mean monthly temperature (Celsius) for the watershed for September 2011, from 4-km PRISM data.",mm/month,Climate Water Balance
CAT_TAV_OCT2011,"Mean monthly temperature (Celsius) for the watershed for October 2011, from 4-km PRISM data.",mm/month,Climate Water Balance
CAT_TAV_NOV2011,"Mean monthly temperature (Celsius) for the watershed for November 2011, from 4-km PRISM data.",mm/month,Climate Water Balance
CAT_TAV_DEC2011,"Mean monthly temperature (Celsius) for the watershed for December 2011, from 4-km PRISM data.",mm/month,Climate Water Balance
CAT_TAV_JAN2010,"Mean monthly temperature (Celsius) for the watershed for January 2010, from 4-km PRISM data.",mm/month,Climate Water Balance
CAT_TAV_FEB2010,"Mean monthly temperature (Celsius) for the watershed for Febuary 2010, from 4-km PRISM data.",mm/month,Climate Water Balance
CAT_TAV_MAR2010,"Mean monthly temperature (Celsius) for the watershed for March 2010, from 4-km PRISM data.",mm/month,Climate Water Balance
CAT_TAV_APR2010,"Mean monthly temperature (Celsius) for the watershed for April 2010, from 4-km PRISM data.",mm/month,Climate Water Balance
CAT_TAV_MAY2010,"Mean monthly temperature (Celsius) for the watershed for May 2010, from 4-km PRISM data.",mm/month,Climate Water Balance
CAT_TAV_JUN2010,"Mean monthly temperature (Celsius) for the watershed for June 2010, from 4-km PRISM data.",mm/month,Climate Water Balance
CAT_TAV_JUL2010,"Mean monthly temperature (Celsius) for the watershed for July 2010, from 4-km PRISM data.",mm/month,Climate Water Balance
CAT_TAV_AUG2010,"Mean monthly temperature (Celsius) for the watershed for August 2010, from 4-km PRISM data.",mm/month,Climate Water Balance
CAT_TAV_SEP2010,"Mean monthly temperature (Celsius) for the watershed for September 2010, from 4-km PRISM data.",mm/month,Climate Water Balance
CAT_TAV_OCT2010,"Mean monthly temperature (Celsius) for the watershed for October 2010, from 4-km PRISM data.",mm/month,Climate Water Balance
CAT_TAV_NOV2010,"Mean monthly temperature (Celsius) for the watershed for November 2010, from 4-km PRISM data.",mm/month,Climate Water Balance
CAT_TAV_DEC2010,"Mean monthly temperature (Celsius) for the watershed for December 2010, from 4-km PRISM data.",mm/month,Climate Water Balance
CAT_TAV_JAN2009,"Mean monthly temperature (Celsius) for the watershed for January 2009, from 4-km PRISM data.",mm/month,Climate Water Balance
CAT_TAV_FEB2009,"Mean monthly temperature (Celsius) for the watershed for Febuary 2009, from 4-km PRISM data.",mm/month,Climate Water Balance
CAT_TAV_MAR2009,"Mean monthly temperature (Celsius) for the watershed for March 2009, from 4-km PRISM data.",mm/month,Climate Water Balance
CAT_TAV_APR2009,"Mean monthly temperature (Celsius) for the watershed for April 2009, from 4-km PRISM data.",mm/month,Climate Water Balance
CAT_TAV_MAY2009,"Mean monthly temperature (Celsius) for the watershed for May 2009, from 4-km PRISM data.",mm/month,Climate Water Balance
CAT_TAV_JUN2009,"Mean monthly temperature (Celsius) for the watershed for June 2009, from 4-km PRISM data.",mm/month,Climate Water Balance
CAT_TAV_JUL2009,"Mean monthly temperature (Celsius) for the watershed for July 2009, from 4-km PRISM data.",mm/month,Climate Water Balance
CAT_TAV_AUG2009,"Mean monthly temperature (Celsius) for the watershed for August 2009, from 4-km PRISM data.",mm/month,Climate Water Balance
CAT_TAV_SEP2009,"Mean monthly temperature (Celsius) for the watershed for September 2009, from 4-km PRISM data.",mm/month,Climate Water Balance
CAT_TAV_OCT2009,"Mean monthly temperature (Celsius) for the watershed for October 2009, from 4-km PRISM data.",mm/month,Climate Water Balance
CAT_TAV_NOV2009,"Mean monthly temperature (Celsius) for the watershed for November 2009, from 4-km PRISM data.",mm/month,Climate Water Balance
CAT_TAV_DEC2009,"Mean monthly temperature (Celsius) for the watershed for December 2009, from 4-km PRISM data.",mm/month,Climate Water Balance
CAT_TAV_JAN2008,"Mean monthly temperature (Celsius) for the watershed for January 2008, from 4-km PRISM data.",mm/month,Climate Water Balance
CAT_TAV_FEB2008,"Mean monthly temperature (Celsius) for the watershed for Febuary 2008, from 4-km PRISM data.",mm/month,Climate Water Balance
CAT_TAV_MAR2008,"Mean monthly temperature (Celsius) for the watershed for March 2008, from 4-km PRISM data.",mm/month,Climate Water Balance
CAT_TAV_APR2008,"Mean monthly temperature (Celsius) for the watershed for April 2008, from 4-km PRISM data.",mm/month,Climate Water Balance
CAT_TAV_MAY2008,"Mean monthly temperature (Celsius) for the watershed for May 2008, from 4-km PRISM data.",mm/month,Climate Water Balance
CAT_TAV_JUN2008,"Mean monthly temperature (Celsius) for the watershed for June 2008, from 4-km PRISM data.",mm/month,Climate Water Balance
CAT_TAV_JUL2008,"Mean monthly temperature (Celsius) for the watershed for July 2008, from 4-km PRISM data.",mm/month,Climate Water Balance
CAT_TAV_AUG2008,"Mean monthly temperature (Celsius) for the watershed for August 2008, from 4-km PRISM data.",mm/month,Climate Water Balance
CAT_TAV_SEP2008,"Mean monthly temperature (Celsius) for the watershed for September 2008, from 4-km PRISM data.",mm/month,Climate Water Balance
CAT_TAV_OCT2008,"Mean monthly temperature (Celsius) for the watershed for October 2008, from 4-km PRISM data.",mm/month,Climate Water Balance
CAT_TAV_NOV2008,"Mean monthly temperature (Celsius) for the watershed for November 2008, from 4-km PRISM data.",mm/month,Climate Water Balance
CAT_TAV_DEC2008,"Mean monthly temperature (Celsius) for the watershed for December 2008, from 4-km PRISM data.",mm/month,Climate Water Balance
CAT_TAV_JAN2007,"Mean monthly temperature (Celsius) for the watershed for January 2007, from 4-km PRISM data.",mm/month,Climate Water Balance
CAT_TAV_FEB2007,"Mean monthly temperature (Celsius) for the watershed for Febuary 2007, from 4-km PRISM data.",mm/month,Climate Water Balance
CAT_TAV_MAR2007,"Mean monthly temperature (Celsius) for the watershed for March 2007, from 4-km PRISM data.",mm/month,Climate Water Balance
CAT_TAV_APR2007,"Mean monthly temperature (Celsius) for the watershed for April 2007, from 4-km PRISM data.",mm/month,Climate Water Balance
CAT_TAV_MAY2007,"Mean monthly temperature (Celsius) for the watershed for May 2007, from 4-km PRISM data.",mm/month,Climate Water Balance
CAT_TAV_JUN2007,"Mean monthly temperature (Celsius) for the watershed for June 2007, from 4-km PRISM data.",mm/month,Climate Water Balance
CAT_TAV_JUL2007,"Mean monthly temperature (Celsius) for the watershed for July 2007, from 4-km PRISM data.",mm/month,Climate Water Balance
CAT_TAV_AUG2007,"Mean monthly temperature (Celsius) for the watershed for August 2007, from 4-km PRISM data.",mm/month,Climate Water Balance
CAT_TAV_SEP2007,"Mean monthly temperature (Celsius) for the watershed for September 2007, from 4-km PRISM data.",mm/month,Climate Water Balance
CAT_TAV_OCT2007,"Mean monthly temperature (Celsius) for the watershed for October 2007, from 4-km PRISM data.",mm/month,Climate Water Balance
CAT_TAV_NOV2007,"Mean monthly temperature (Celsius) for the watershed for November 2007, from 4-km PRISM data.",mm/month,Climate Water Balance
CAT_TAV_DEC2007,"Mean monthly temperature (Celsius) for the watershed for December 2007, from 4-km PRISM data.",mm/month,Climate Water Balance
CAT_TAV_JAN2006,"Mean monthly temperature (Celsius) for the watershed for January 2006, from 4-km PRISM data.",mm/month,Climate Water Balance
CAT_TAV_FEB2006,"Mean monthly temperature (Celsius) for the watershed for Febuary 2006, from 4-km PRISM data.",mm/month,Climate Water Balance
CAT_TAV_MAR2006,"Mean monthly temperature (Celsius) for the watershed for March 2006, from 4-km PRISM data.",mm/month,Climate Water Balance
CAT_TAV_APR2006,"Mean monthly temperature (Celsius) for the watershed for April 2006, from 4-km PRISM data.",mm/month,Climate Water Balance
CAT_TAV_MAY2006,"Mean monthly temperature (Celsius) for the watershed for May 2006, from 4-km PRISM data.",mm/month,Climate Water Balance
CAT_TAV_JUN2006,"Mean monthly temperature (Celsius) for the watershed for June 2006, from 4-km PRISM data.",mm/month,Climate Water Balance
CAT_TAV_JUL2006,"Mean monthly temperature (Celsius) for the watershed for July 2006, from 4-km PRISM data.",mm/month,Climate Water Balance
CAT_TAV_AUG2006,"Mean monthly temperature (Celsius) for the watershed for August 2006, from 4-km PRISM data.",mm/month,Climate Water Balance
CAT_TAV_SEP2006,"Mean monthly temperature (Celsius) for the watershed for September 2006, from 4-km PRISM data.",mm/month,Climate Water Balance
CAT_TAV_OCT2006,"Mean monthly temperature (Celsius) for the watershed for October 2006, from 4-km PRISM data.",mm/month,Climate Water Balance
CAT_TAV_NOV2006,"Mean monthly temperature (Celsius) for the watershed for November 2006, from 4-km PRISM data.",mm/month,Climate Water Balance
CAT_TAV_DEC2006,"Mean monthly temperature (Celsius) for the watershed for December 2006, from 4-km PRISM data.",mm/month,Climate Water Balance
CAT_TAV_JAN2005,"Mean monthly temperature (Celsius) for the watershed for January 2005, from 4-km PRISM data.",mm/month,Climate Water Balance
CAT_TAV_FEB2005,"Mean monthly temperature (Celsius) for the watershed for Febuary 2005, from 4-km PRISM data.",mm/month,Climate Water Balance
CAT_TAV_MAR2005,"Mean monthly temperature (Celsius) for the watershed for March 2005, from 4-km PRISM data.",mm/month,Climate Water Balance
CAT_TAV_APR2005,"Mean monthly temperature (Celsius) for the watershed for April 2005, from 4-km PRISM data.",mm/month,Climate Water Balance
CAT_TAV_MAY2005,"Mean monthly temperature (Celsius) for the watershed for May 2005, from 4-km PRISM data.",mm/month,Climate Water Balance
CAT_TAV_JUN2005,"Mean monthly temperature (Celsius) for the watershed for June 2005, from 4-km PRISM data.",mm/month,Climate Water Balance
CAT_TAV_JUL2005,"Mean monthly temperature (Celsius) for the watershed for July 2005, from 4-km PRISM data.",mm/month,Climate Water Balance
CAT_TAV_AUG2005,"Mean monthly temperature (Celsius) for the watershed for August 2005, from 4-km PRISM data.",mm/month,Climate Water Balance
CAT_TAV_SEP2005,"Mean monthly temperature (Celsius) for the watershed for September 2005, from 4-km PRISM data.",mm/month,Climate Water Balance
CAT_TAV_OCT2005,"Mean monthly temperature (Celsius) for the watershed for October 2005, from 4-km PRISM data.",mm/month,Climate Water Balance
CAT_TAV_NOV2005,"Mean monthly temperature (Celsius) for the watershed for November 2005, from 4-km PRISM data.",mm/month,Climate Water Balance
CAT_TAV_DEC2005,"Mean monthly temperature (Celsius) for the watershed for December 2005, from 4-km PRISM data.",mm/month,Climate Water Balance
CAT_TAV_JAN2004,"Mean monthly temperature (Celsius) for the watershed for January 2004, from 4-km PRISM data.",mm/month,Climate Water Balance
CAT_TAV_FEB2004,"Mean monthly temperature (Celsius) for the watershed for Febuary 2004, from 4-km PRISM data.",mm/month,Climate Water Balance
CAT_TAV_MAR2004,"Mean monthly temperature (Celsius) for the watershed for March 2004, from 4-km PRISM data.",mm/month,Climate Water Balance
CAT_TAV_APR2004,"Mean monthly temperature (Celsius) for the watershed for April 2004, from 4-km PRISM data.",mm/month,Climate Water Balance
CAT_TAV_MAY2004,"Mean monthly temperature (Celsius) for the watershed for May 2004, from 4-km PRISM data.",mm/month,Climate Water Balance
CAT_TAV_JUN2004,"Mean monthly temperature (Celsius) for the watershed for June 2004, from 4-km PRISM data.",mm/month,Climate Water Balance
CAT_TAV_JUL2004,"Mean monthly temperature (Celsius) for the watershed for July 2004, from 4-km PRISM data.",mm/month,Climate Water Balance
CAT_TAV_AUG2004,"Mean monthly temperature (Celsius) for the watershed for August 2004, from 4-km PRISM data.",mm/month,Climate Water Balance
CAT_TAV_SEP2004,"Mean monthly temperature (Celsius) for the watershed for September 2004, from 4-km PRISM data.",mm/month,Climate Water Balance
CAT_TAV_OCT2004,"Mean monthly temperature (Celsius) for the watershed for October 2004, from 4-km PRISM data.",mm/month,Climate Water Balance
CAT_TAV_NOV2004,"Mean monthly temperature (Celsius) for the watershed for November 2004, from 4-km PRISM data.",mm/month,Climate Water Balance
CAT_TAV_DEC2004,"Mean monthly temperature (Celsius) for the watershed for December 2004, from 4-km PRISM data.",mm/month,Climate Water Balance
CAT_TAV_JAN2003,"Mean monthly temperature (Celsius) for the watershed for January 2003, from 4-km PRISM data.",mm/month,Climate Water Balance
CAT_TAV_FEB2003,"Mean monthly temperature (Celsius) for the watershed for Febuary 2003, from 4-km PRISM data.",mm/month,Climate Water Balance
CAT_TAV_MAR2003,"Mean monthly temperature (Celsius) for the watershed for March 2003, from 4-km PRISM data.",mm/month,Climate Water Balance
CAT_TAV_APR2003,"Mean monthly temperature (Celsius) for the watershed for April 2003, from 4-km PRISM data.",mm/month,Climate Water Balance
CAT_TAV_MAY2003,"Mean monthly temperature (Celsius) for the watershed for May 2003, from 4-km PRISM data.",mm/month,Climate Water Balance
CAT_TAV_JUN2003,"Mean monthly temperature (Celsius) for the watershed for June 2003, from 4-km PRISM data.",mm/month,Climate Water Balance
CAT_TAV_JUL2003,"Mean monthly temperature (Celsius) for the watershed for July 2003, from 4-km PRISM data.",mm/month,Climate Water Balance
CAT_TAV_AUG2003,"Mean monthly temperature (Celsius) for the watershed for August 2003, from 4-km PRISM data.",mm/month,Climate Water Balance
CAT_TAV_SEP2003,"Mean monthly temperature (Celsius) for the watershed for September 2003, from 4-km PRISM data.",mm/month,Climate Water Balance
CAT_TAV_OCT2003,"Mean monthly temperature (Celsius) for the watershed for October 2003, from 4-km PRISM data.",mm/month,Climate Water Balance
CAT_TAV_NOV2003,"Mean monthly temperature (Celsius) for the watershed for November 2003, from 4-km PRISM data.",mm/month,Climate Water Balance
CAT_TAV_DEC2003,"Mean monthly temperature (Celsius) for the watershed for December 2003, from 4-km PRISM data.",mm/month,Climate Water Balance
CAT_TAV_JAN2002,"Mean monthly temperature (Celsius) for the watershed for January 2002, from 4-km PRISM data.",mm/month,Climate Water Balance
CAT_TAV_FEB2002,"Mean monthly temperature (Celsius) for the watershed for Febuary 2002, from 4-km PRISM data.",mm/month,Climate Water Balance
CAT_TAV_MAR2002,"Mean monthly temperature (Celsius) for the watershed for March 2002, from 4-km PRISM data.",mm/month,Climate Water Balance
CAT_TAV_APR2002,"Mean monthly temperature (Celsius) for the watershed for April 2002, from 4-km PRISM data.",mm/month,Climate Water Balance
CAT_TAV_MAY2002,"Mean monthly temperature (Celsius) for the watershed for May 2002, from 4-km PRISM data.",mm/month,Climate Water Balance
CAT_TAV_JUN2002,"Mean monthly temperature (Celsius) for the watershed for June 2002, from 4-km PRISM data.",mm/month,Climate Water Balance
CAT_TAV_JUL2002,"Mean monthly temperature (Celsius) for the watershed for July 2002, from 4-km PRISM data.",mm/month,Climate Water Balance
CAT_TAV_AUG2002,"Mean monthly temperature (Celsius) for the watershed for August 2002, from 4-km PRISM data.",mm/month,Climate Water Balance
CAT_TAV_SEP2002,"Mean monthly temperature (Celsius) for the watershed for September 2002, from 4-km PRISM data.",mm/month,Climate Water Balance
CAT_TAV_OCT2002,"Mean monthly temperature (Celsius) for the watershed for October 2002, from 4-km PRISM data.",mm/month,Climate Water Balance
CAT_TAV_NOV2002,"Mean monthly temperature (Celsius) for the watershed for November 2002, from 4-km PRISM data.",mm/month,Climate Water Balance
CAT_TAV_DEC2002,"Mean monthly temperature (Celsius) for the watershed for December 2002, from 4-km PRISM data.",mm/month,Climate Water Balance
CAT_TAV_JAN2001,"Mean monthly temperature (Celsius) for the watershed for January 2001, from 4-km PRISM data.",mm/month,Climate Water Balance
CAT_TAV_FEB2001,"Mean monthly temperature (Celsius) for the watershed for Febuary 2001, from 4-km PRISM data.",mm/month,Climate Water Balance
CAT_TAV_MAR2001,"Mean monthly temperature (Celsius) for the watershed for March 2001, from 4-km PRISM data.",mm/month,Climate Water Balance
CAT_TAV_APR2001,"Mean monthly temperature (Celsius) for the watershed for April 2001, from 4-km PRISM data.",mm/month,Climate Water Balance
CAT_TAV_MAY2001,"Mean monthly temperature (Celsius) for the watershed for May 2001, from 4-km PRISM data.",mm/month,Climate Water Balance
CAT_TAV_JUN2001,"Mean monthly temperature (Celsius) for the watershed for June 2001, from 4-km PRISM data.",mm/month,Climate Water Balance
CAT_TAV_JUL2001,"Mean monthly temperature (Celsius) for the watershed for July 2001, from 4-km PRISM data.",mm/month,Climate Water Balance
CAT_TAV_AUG2001,"Mean monthly temperature (Celsius) for the watershed for August 2001, from 4-km PRISM data.",mm/month,Climate Water Balance
CAT_TAV_SEP2001,"Mean monthly temperature (Celsius) for the watershed for September 2001, from 4-km PRISM data.",mm/month,Climate Water Balance
CAT_TAV_OCT2001,"Mean monthly temperature (Celsius) for the watershed for October 2001, from 4-km PRISM data.",mm/month,Climate Water Balance
CAT_TAV_NOV2001,"Mean monthly temperature (Celsius) for the watershed for November 2001, from 4-km PRISM data.",mm/month,Climate Water Balance
CAT_TAV_DEC2001,"Mean monthly temperature (Celsius) for the watershed for December 2001, from 4-km PRISM data.",mm/month,Climate Water Balance
CAT_TAV_JAN2000,"Mean monthly temperature (Celsius) for the watershed for January 2000, from 4-km PRISM data.",mm/month,Climate Water Balance
CAT_TAV_FEB2000,"Mean monthly temperature (Celsius) for the watershed for Febuary 2000, from 4-km PRISM data.",mm/month,Climate Water Balance
CAT_TAV_MAR2000,"Mean monthly temperature (Celsius) for the watershed for March 2000, from 4-km PRISM data.",mm/month,Climate Water Balance
CAT_TAV_APR2000,"Mean monthly temperature (Celsius) for the watershed for April 2000, from 4-km PRISM data.",mm/month,Climate Water Balance
CAT_TAV_MAY2000,"Mean monthly temperature (Celsius) for the watershed for May 2000, from 4-km PRISM data.",mm/month,Climate Water Balance
CAT_TAV_JUN2000,"Mean monthly temperature (Celsius) for the watershed for June 2000, from 4-km PRISM data.",mm/month,Climate Water Balance
CAT_TAV_JUL2000,"Mean monthly temperature (Celsius) for the watershed for July 2000, from 4-km PRISM data.",mm/month,Climate Water Balance
CAT_TAV_AUG2000,"Mean monthly temperature (Celsius) for the watershed for August 2000, from 4-km PRISM data.",mm/month,Climate Water Balance
CAT_TAV_SEP2000,"Mean monthly temperature (Celsius) for the watershed for September 2000, from 4-km PRISM data.",mm/month,Climate Water Balance
CAT_TAV_OCT2000,"Mean monthly temperature (Celsius) for the watershed for October 2000, from 4-km PRISM data.",mm/month,Climate Water Balance
CAT_TAV_NOV2000,"Mean monthly temperature (Celsius) for the watershed for November 2000, from 4-km PRISM data.",mm/month,Climate Water Balance
CAT_TAV_DEC2000,"Mean monthly temperature (Celsius) for the watershed for December 2000, from 4-km PRISM data.",mm/month,Climate Water Balance
CAT_TAV_JAN1999,"Mean monthly temperature (Celsius) for the watershed for January 1999, from 4-km PRISM data.",mm/month,Climate Water Balance
CAT_TAV_FEB1999,"Mean monthly temperature (Celsius) for the watershed for Febuary 1999, from 4-km PRISM data.",mm/month,Climate Water Balance
CAT_TAV_MAR1999,"Mean monthly temperature (Celsius) for the watershed for March 1999, from 4-km PRISM data.",mm/month,Climate Water Balance
CAT_TAV_APR1999,"Mean monthly temperature (Celsius) for the watershed for April 1999, from 4-km PRISM data.",mm/month,Climate Water Balance
CAT_TAV_MAY1999,"Mean monthly temperature (Celsius) for the watershed for May 1999, from 4-km PRISM data.",mm/month,Climate Water Balance
CAT_TAV_JUN1999,"Mean monthly temperature (Celsius) for the watershed for June 1999, from 4-km PRISM data.",mm/month,Climate Water Balance
CAT_TAV_JUL1999,"Mean monthly temperature (Celsius) for the watershed for July 1999, from 4-km PRISM data.",mm/month,Climate Water Balance
CAT_TAV_AUG1999,"Mean monthly temperature (Celsius) for the watershed for August 1999, from 4-km PRISM data.",mm/month,Climate Water Balance
CAT_TAV_SEP1999,"Mean monthly temperature (Celsius) for the watershed for September 1999, from 4-km PRISM data.",mm/month,Climate Water Balance
CAT_TAV_OCT1999,"Mean monthly temperature (Celsius) for the watershed for October 1999, from 4-km PRISM data.",mm/month,Climate Water Balance
CAT_TAV_NOV1999,"Mean monthly temperature (Celsius) for the watershed for November 1999, from 4-km PRISM data.",mm/month,Climate Water Balance
CAT_TAV_DEC1999,"Mean monthly temperature (Celsius) for the watershed for December 1999, from 4-km PRISM data.",mm/month,Climate Water Balance
CAT_TAV_JAN1998,"Mean monthly temperature (Celsius) for the watershed for January 1998, from 4-km PRISM data.",mm/month,Climate Water Balance
CAT_TAV_FEB1998,"Mean monthly temperature (Celsius) for the watershed for Febuary 1998, from 4-km PRISM data.",mm/month,Climate Water Balance
CAT_TAV_MAR1998,"Mean monthly temperature (Celsius) for the watershed for March 1998, from 4-km PRISM data.",mm/month,Climate Water Balance
CAT_TAV_APR1998,"Mean monthly temperature (Celsius) for the watershed for April 1998, from 4-km PRISM data.",mm/month,Climate Water Balance
CAT_TAV_MAY1998,"Mean monthly temperature (Celsius) for the watershed for May 1998, from 4-km PRISM data.",mm/month,Climate Water Balance
CAT_TAV_JUN1998,"Mean monthly temperature (Celsius) for the watershed for June 1998, from 4-km PRISM data.",mm/month,Climate Water Balance
CAT_TAV_JUL1998,"Mean monthly temperature (Celsius) for the watershed for July 1998, from 4-km PRISM data.",mm/month,Climate Water Balance
CAT_TAV_AUG1998,"Mean monthly temperature (Celsius) for the watershed for August 1998, from 4-km PRISM data.",mm/month,Climate Water Balance
CAT_TAV_SEP1998,"Mean monthly temperature (Celsius) for the watershed for September 1998, from 4-km PRISM data.",mm/month,Climate Water Balance
CAT_TAV_OCT1998,"Mean monthly temperature (Celsius) for the watershed for October 1998, from 4-km PRISM data.",mm/month,Climate Water Balance
CAT_TAV_NOV1998,"Mean monthly temperature (Celsius) for the watershed for November 1998, from 4-km PRISM data.",mm/month,Climate Water Balance
CAT_TAV_DEC1998,"Mean monthly temperature (Celsius) for the watershed for December 1998, from 4-km PRISM data.",mm/month,Climate Water Balance
CAT_TAV_JAN1997,"Mean monthly temperature (Celsius) for the watershed for January 1997, from 4-km PRISM data.",mm/month,Climate Water Balance
CAT_TAV_FEB1997,"Mean monthly temperature (Celsius) for the watershed for Febuary 1997, from 4-km PRISM data.",mm/month,Climate Water Balance
CAT_TAV_MAR1997,"Mean monthly temperature (Celsius) for the watershed for March 1997, from 4-km PRISM data.",mm/month,Climate Water Balance
CAT_TAV_APR1997,"Mean monthly temperature (Celsius) for the watershed for April 1997, from 4-km PRISM data.",mm/month,Climate Water Balance
CAT_TAV_MAY1997,"Mean monthly temperature (Celsius) for the watershed for May 1997, from 4-km PRISM data.",mm/month,Climate Water Balance
CAT_TAV_JUN1997,"Mean monthly temperature (Celsius) for the watershed for June 1997, from 4-km PRISM data.",mm/month,Climate Water Balance
CAT_TAV_JUL1997,"Mean monthly temperature (Celsius) for the watershed for July 1997, from 4-km PRISM data.",mm/month,Climate Water Balance
CAT_TAV_AUG1997,"Mean monthly temperature (Celsius) for the watershed for August 1997, from 4-km PRISM data.",mm/month,Climate Water Balance
CAT_TAV_SEP1997,"Mean monthly temperature (Celsius) for the watershed for September 1997, from 4-km PRISM data.",mm/month,Climate Water Balance
CAT_TAV_OCT1997,"Mean monthly temperature (Celsius) for the watershed for October 1997, from 4-km PRISM data.",mm/month,Climate Water Balance
CAT_TAV_NOV1997,"Mean monthly temperature (Celsius) for the watershed for November 1997, from 4-km PRISM data.",mm/month,Climate Water Balance
CAT_TAV_DEC1997,"Mean monthly temperature (Celsius) for the watershed for December 1997, from 4-km PRISM data.",mm/month,Climate Water Balance
CAT_TAV_JAN1996,"Mean monthly temperature (Celsius) for the watershed for January 1996, from 4-km PRISM data.",mm/month,Climate Water Balance
CAT_TAV_FEB1996,"Mean monthly temperature (Celsius) for the watershed for Febuary 1996, from 4-km PRISM data.",mm/month,Climate Water Balance
CAT_TAV_MAR1996,"Mean monthly temperature (Celsius) for the watershed for March 1996, from 4-km PRISM data.",mm/month,Climate Water Balance
CAT_TAV_APR1996,"Mean monthly temperature (Celsius) for the watershed for April 1996, from 4-km PRISM data.",mm/month,Climate Water Balance
CAT_TAV_MAY1996,"Mean monthly temperature (Celsius) for the watershed for May 1996, from 4-km PRISM data.",mm/month,Climate Water Balance
CAT_TAV_JUN1996,"Mean monthly temperature (Celsius) for the watershed for June 1996, from 4-km PRISM data.",mm/month,Climate Water Balance
CAT_TAV_JUL1996,"Mean monthly temperature (Celsius) for the watershed for July 1996, from 4-km PRISM data.",mm/month,Climate Water Balance
CAT_TAV_AUG1996,"Mean monthly temperature (Celsius) for the watershed for August 1996, from 4-km PRISM data.",mm/month,Climate Water Balance
CAT_TAV_SEP1996,"Mean monthly temperature (Celsius) for the watershed for September 1996, from 4-km PRISM data.",mm/month,Climate Water Balance
CAT_TAV_OCT1996,"Mean monthly temperature (Celsius) for the watershed for October 1996, from 4-km PRISM data.",mm/month,Climate Water Balance
CAT_TAV_NOV1996,"Mean monthly temperature (Celsius) for the watershed for November 1996, from 4-km PRISM data.",mm/month,Climate Water Balance
CAT_TAV_DEC1996,"Mean monthly temperature (Celsius) for the watershed for December 1996, from 4-km PRISM data.",mm/month,Climate Water Balance
CAT_TAV_JAN2014,"Mean monthly temperature (Celsius) for the watershed for January 2014, from 4-km PRISM data.",mm/month,Climate Water Balance
CAT_TAV_FEB2014,"Mean monthly temperature (Celsius) for the watershed for Febuary 2014, from 4-km PRISM data.",mm/month,Climate Water Balance
CAT_TAV_MAR2014,"Mean monthly temperature (Celsius) for the watershed for March 2014, from 4-km PRISM data.",mm/month,Climate Water Balance
CAT_TAV_APR2014,"Mean monthly temperature (Celsius) for the watershed for April 2014, from 4-km PRISM data.",mm/month,Climate Water Balance
CAT_TAV_MAY2014,"Mean monthly temperature (Celsius) for the watershed for May 2014, from 4-km PRISM data.",mm/month,Climate Water Balance
CAT_TAV_JUN2014,"Mean monthly temperature (Celsius) for the watershed for June 2014, from 4-km PRISM data.",mm/month,Climate Water Balance
CAT_TAV_JUL2014,"Mean monthly temperature (Celsius) for the watershed for July 2014, from 4-km PRISM data.",mm/month,Climate Water Balance
CAT_TAV_AUG2014,"Mean monthly temperature (Celsius) for the watershed for August 2014, from 4-km PRISM data.",mm/month,Climate Water Balance
CAT_TAV_SEP2014,"Mean monthly temperature (Celsius) for the watershed for September 2014, from 4-km PRISM data.",mm/month,Climate Water Balance
CAT_TAV_OCT2014,"Mean monthly temperature (Celsius) for the watershed for October 2014, from 4-km PRISM data.",mm/month,Climate Water Balance
CAT_TAV_NOV2014,"Mean monthly temperature (Celsius) for the watershed for November 2014, from 4-km PRISM data.",mm/month,Climate Water Balance
CAT_TAV_DEC2014,"Mean monthly temperature (Celsius) for the watershed for December 2014, from 4-km PRISM data.",mm/month,Climate Water Balance
CAT_TAV_JAN2015,"Mean monthly temperature (Celsius) for the watershed for January 2015, from 4-km PRISM data.",mm/month,Climate Water Balance
CAT_TAV_FEB2015,"Mean monthly temperature (Celsius) for the watershed for Febuary 2015, from 4-km PRISM data.",mm/month,Climate Water Balance
CAT_TAV_MAR2015,"Mean monthly temperature (Celsius) for the watershed for March 2015, from 4-km PRISM data.",mm/month,Climate Water Balance
CAT_TAV_APR2015,"Mean monthly temperature (Celsius) for the watershed for April 2015, from 4-km PRISM data.",mm/month,Climate Water Balance
CAT_TAV_MAY2015,"Mean monthly temperature (Celsius) for the watershed for May 2015, from 4-km PRISM data.",mm/month,Climate Water Balance
CAT_TAV_JUN2015,"Mean monthly temperature (Celsius) for the watershed for June 2015, from 4-km PRISM data.",mm/month,Climate Water Balance
CAT_TAV_JUL2015,"Mean monthly temperature (Celsius) for the watershed for July 2015, from 4-km PRISM data.",mm/month,Climate Water Balance
CAT_TAV_AUG2015,"Mean monthly temperature (Celsius) for the watershed for August 2015, from 4-km PRISM data.",mm/month,Climate Water Balance
CAT_TAV_SEP2015,"Mean monthly temperature (Celsius) for the watershed for September 2015, from 4-km PRISM data.",mm/month,Climate Water Balance
CAT_TAV_OCT2015,"Mean monthly temperature (Celsius) for the watershed for October 2015, from 4-km PRISM data.",mm/month,Climate Water Balance
CAT_TAV_NOV2015,"Mean monthly temperature (Celsius) for the watershed for November 2015, from 4-km PRISM data.",mm/month,Climate Water Balance
CAT_TAV_DEC2015,"Mean monthly temperature (Celsius) for the watershed for December 2015, from 4-km PRISM data.",mm/month,Climate Water Balance
CAT_WB5100_JAN,50 year (1951 - 2000) Catchment mean of average monthly runoff from the McCabe and Wolock's Runoff Model for January,millimeters,Climate and Water Balance
CAT_WB5100_FEB,50 year (1951 - 2000) Catchment mean of average monthly runoff from the McCabe and Wolock's Runoff Model for February,millimeters,Climate and Water Balance
CAT_WB5100_MAR,50 year (1951 - 2000) Catchment mean of average monthly runoff from the McCabe and Wolock's Runoff Model for March,millimeters,Climate and Water Balance
CAT_WB5100_APR,50 year (1951 - 2000) Catchment mean of average monthly runoff from the McCabe and Wolock's Runoff Model for April,millimeters,Climate and Water Balance
CAT_WB5100_MAY,50 year (1951 - 2000) Catchment mean of average monthly runoff from the McCabe and Wolock's Runoff Model for May,millimeters,Climate and Water Balance
CAT_WB5100_JUN,50 year (1951 - 2000) Catchment mean of average monthly runoff from the McCabe and Wolock's Runoff Model for June,millimeters,Climate and Water Balance
CAT_WB5100_JUL,50 year (1951 - 2000) Catchment mean of average monthly runoff from the McCabe and Wolock's Runoff Model for July,millimeters,Climate and Water Balance
CAT_WB5100_AUG,50 year (1951 - 2000) Catchment mean of average monthly runoff from the McCabe and Wolock's Runoff Model for August,millimeters,Climate and Water Balance
CAT_WB5100_SEP,50 year (1951 - 2000) Catchment mean of average monthly runoff from the McCabe and Wolock's Runoff Model for September,millimeters,Climate and Water Balance
CAT_WB5100_OCT,50 year (1951 - 2000) Catchment mean of average monthly runoff from the McCabe and Wolock's Runoff Model for October,millimeters,Climate and Water Balance
CAT_WB5100_NOV,50 year (1951 - 2000) Catchment mean of average monthly runoff from the McCabe and Wolock's Runoff Model for November,millimeters,Climate and Water Balance
CAT_WB5100_DEC,50 year (1951 - 2000) Catchment mean of average monthly runoff from the McCabe and Wolock's Runoff Model for December,millimeters,Climate and Water Balance
CAT_WDANN,NHDPlusV2 catchment value for the 30 year annual average (1961-1990) number of days of measurable precipitation. -9999 denotes NODATA or source data does not cover catchment.,days,Climate
CAT_SALINAVE,Mean salinity per NHDPlus version 2 catchment,milliohms per centimeter (mohms/cm).,Soils
CAT_RF7100,Mean annual average for the Rainfall and Runoff factor (\R factor\ of Universal Soil Loss Equation) for the period 1971-2000 in hundreds of foot-tonforce-inch/acre-hour per year for the period 1971-2000 per NHDPlus version 2 catchment,hundreds of foot-ton-inches per acre per year,Hydrologic
CAT_PPT7100_ANN,"Mean annual precip (mm) for the watershed, from 800m PRISM data.  30 years period of record 1971-2000. ",mm/year,Climate
CAT_MIRAD_2002,unknown,unknown,Hydrologic Modifications
CAT_MIRAD_2007,unknown,unknown,Hydrologic Modifications
CAT_MIRAD_2012,unknown,unknown,Hydrologic Modifications
CAT_CDL11_1,"2011 estimated percent area of flowline reach catchment that contains the land-use and land-cover type: Corn.  -9999 denotes NODATA, source coverage does not extend into catchment or is a flow line with no catchment.",percent,Land Cover
CAT_CDL11_2,"2011 estimated percent area of flowline reach catchment that contains the land-use and land-cover type: Cotton.  -9999 denotes NODATA, source coverage does not extend into catchment or is a flow line with no catchment.",percent,Land Cover
CAT_CDL11_3,"2011 estimated percent area of flowline reach catchment that contains the land-use and land-cover type: Rice,   -9999 denotes NODATA, source coverage does not extend into catchment or is a flow line with no catchment.",percent,Land Cover
CAT_CDL11_4,"2011 estimated percent area of flowline reach catchment that contains the land-use and land-cover type: Sorghum,   -9999 denotes NODATA, source coverage does not extend into catchment or is a flow line with no catchment.",percent,Land Cover
CAT_CDL11_5,"2011 estimated percent area of flowline reach catchment that contains the land-use and land-cover type: Soybeans,   -9999 denotes NODATA, source coverage does not extend into catchment or is a flow line with no catchment.",percent,Land Cover
CAT_CDL11_6,"2011 estimated percent area of flowline reach catchment that contains the land-use and land-cover type: Sunflower,   -9999 denotes NODATA, source coverage does not extend into catchment or is a flow line with no catchment.",percent,Land Cover
CAT_CDL11_10,"2011 estimated percent area of flowline reach catchment that contains the land-use and land-cover type: Peanuts,   -9999 denotes NODATA, source coverage does not extend into catchment or is a flow line with no catchment.",percent,Land Cover
CAT_CDL11_11,"2011 estimated percent area of flowline reach catchment that contains the land-use and land-cover type: Tobacco,   -9999 denotes NODATA, source coverage does not extend into catchment or is a flow line with no catchment.",percent,Land Cover
CAT_CDL11_12,"2011 estimated percent area of flowline reach catchment that contains the land-use and land-cover type: Sweet corn,   -9999 denotes NODATA, source coverage does not extend into catchment or is a flow line with no catchment.",percent,Land Cover
CAT_CDL11_13,"2011 estimated percent area of flowline reach catchment that contains the land-use and land-cover type: Pop or ornamental corn,   -9999 denotes NODATA, source coverage does not extend into catchment or is a flow line with no catchment.",percent,Land Cover
CAT_CDL11_14,"2011 estimated percent area of flowline reach catchment that contains the land-use and land-cover type: Mint,   -9999 denotes NODATA, source coverage does not extend into catchment or is a flow line with no catchment.",percent,Land Cover
CAT_CDL11_21,"2011 estimated percent area of flowline reach catchment that contains the land-use and land-cover type: Barley,   -9999 denotes NODATA, source coverage does not extend into catchment or is a flow line with no catchment.",percent,Land Cover
CAT_CDL11_22,"2011 estimated percent area of flowline reach catchment that contains the land-use and land-cover type: Durum wheat,   -9999 denotes NODATA, source coverage does not extend into catchment or is a flow line with no catchment.",percent,Land Cover
CAT_CDL11_23,"2011 estimated percent area of flowline reach catchment that contains the land-use and land-cover type: Spring wheat,   -9999 denotes NODATA, source coverage does not extend into catchment or is a flow line with no catchment.",percent,Land Cover
CAT_CDL11_24,"2011 estimated percent area of flowline reach catchment that contains the land-use and land-cover type: Winter wheat,   -9999 denotes NODATA, source coverage does not extend into catchment or is a flow line with no catchment.",percent,Land Cover
CAT_CDL11_25,"2011 estimated percent area of flowline reach catchment that contains the land-use and land-cover type: Other small grains,   -9999 denotes NODATA, source coverage does not extend into catchment or is a flow line with no catchment.",percent,Land Cover
CAT_CDL11_26,"2011 estimated percent area of flowline reach catchment that contains the land-use and land-cover type: Double crop winter wheat/soybeans,   -9999 denotes NODATA, source coverage does not extend into catchment or is a flow line with no catchment.",percent,Land Cover
CAT_CDL11_27,"2011 estimated percent area of flowline reach catchment that contains the land-use and land-cover type: Rye,   -9999 denotes NODATA, source coverage does not extend into catchment or is a flow line with no catchment.",percent,Land Cover
CAT_CDL11_28,"2011 estimated percent area of flowline reach catchment that contains the land-use and land-cover type: Oats,   -9999 denotes NODATA, source coverage does not extend into catchment or is a flow line with no catchment.",percent,Land Cover
CAT_CDL11_29,"2011 estimated percent area of flowline reach catchment that contains the land-use and land-cover type: Millet,   -9999 denotes NODATA, source coverage does not extend into catchment or is a flow line with no catchment.",percent,Land Cover
CAT_CDL11_30,"2011 estimated percent area of flowline reach catchment that contains the land-use and land-cover type: Speltz,   -9999 denotes NODATA, source coverage does not extend into catchment or is a flow line with no catchment.",percent,Land Cover
CAT_CDL11_31,"2011 estimated percent area of flowline reach catchment that contains the land-use and land-cover type: Canola,   -9999 denotes NODATA, source coverage does not extend into catchment or is a flow line with no catchment.",percent,Land Cover
CAT_CDL11_32,"2011 estimated percent area of flowline reach catchment that contains the land-use and land-cover type: Flaxseed,   -9999 denotes NODATA, source coverage does not extend into catchment or is a flow line with no catchment.",percent,Land Cover
CAT_CDL11_33,"2011 estimated percent area of flowline reach catchment that contains the land-use and land-cover type: Safflower,   -9999 denotes NODATA, source coverage does not extend into catchment or is a flow line with no catchment.",percent,Land Cover
CAT_CDL11_34,"2011 estimated percent area of flowline reach catchment that contains the land-use and land-cover type: Rape seed,   -9999 denotes NODATA, source coverage does not extend into catchment or is a flow line with no catchment.",percent,Land Cover
CAT_CDL11_35,"2011 estimated percent area of flowline reach catchment that contains the land-use and land-cover type: Mustard,   -9999 denotes NODATA, source coverage does not extend into catchment or is a flow line with no catchment.",percent,Land Cover
CAT_CDL11_36,"2011 estimated percent area of flowline reach catchment that contains the land-use and land-cover type: Alfalfa,   -9999 denotes NODATA, source coverage does not extend into catchment or is a flow line with no catchment.",percent,Land Cover
CAT_CDL11_37,"2011 estimated percent area of flowline reach catchment that contains the land-use and land-cover type: Other hay/non alfalfa,   -9999 denotes NODATA, source coverage does not extend into catchment or is a flow line with no catchment.",percent,Land Cover
CAT_CDL11_38,"2011 estimated percent area of flowline reach catchment that contains the land-use and land-cover type: Camelina,   -9999 denotes NODATA, source coverage does not extend into catchment or is a flow line with no catchment.",percent,Land Cover
CAT_CDL11_39,"2011 estimated percent area of flowline reach catchment that contains the land-use and land-cover type: Buckwheat,   -9999 denotes NODATA, source coverage does not extend into catchment or is a flow line with no catchment.",percent,Land Cover
CAT_CDL11_41,"2011 estimated percent area of flowline reach catchment that contains the land-use and land-cover type: Sugarbeets,   -9999 denotes NODATA, source coverage does not extend into catchment or is a flow line with no catchment.",percent,Land Cover
CAT_CDL11_42,"2011 estimated percent area of flowline reach catchment that contains the land-use and land-cover type: Dry beans,   -9999 denotes NODATA, source coverage does not extend into catchment or is a flow line with no catchment.",percent,Land Cover
CAT_CDL11_43,"2011 estimated percent area of flowline reach catchment that contains the land-use and land-cover type: Potatoes,   -9999 denotes NODATA, source coverage does not extend into catchment or is a flow line with no catchment.",percent,Land Cover
CAT_CDL11_44,2011 estimated percent area of flowline reach catchment that contains the land-use and land-cover type: Other crops. -9999 denotes NODATA.,percent,Land Cover
CAT_CDL11_45,"2011 estimated percent area of flowline reach catchment that contains the land-use and land-cover type: Sugarcane,   -9999 denotes NODATA, source coverage does not extend into catchment or is a flow line with no catchment.",percent,Land Cover
CAT_CDL11_46,"2011 estimated percent area of flowline reach catchment that contains the land-use and land-cover type: Sweet potatoes,   -9999 denotes NODATA, source coverage does not extend into catchment or is a flow line with no catchment.",percent,Land Cover
CAT_CDL11_47,"2011 estimated percent area of flowline reach catchment that contains the land-use and land-cover type: Miscellaneous vegetables and fruits,   -9999 denotes NODATA, source coverage does not extend into catchment or is a flow line with no catchment.",percent,Land Cover
CAT_CDL11_48,"2011 estimated percent area of flowline reach catchment that contains the land-use and land-cover type: Watermelons,   -9999 denotes NODATA, source coverage does not extend into catchment or is a flow line with no catchment.",percent,Land Cover
CAT_CDL11_49,"2011 estimated percent area of flowline reach catchment that contains the land-use and land-cover type: Onions,   -9999 denotes NODATA, source coverage does not extend into catchment or is a flow line with no catchment.",percent,Land Cover
CAT_CDL11_50,"2011 estimated percent area of flowline reach catchment that contains the land-use and land-cover type: Cucumbers,   -9999 denotes NODATA, source coverage does not extend into catchment or is a flow line with no catchment.",percent,Land Cover
CAT_CDL11_51,"2011 estimated percent area of flowline reach catchment that contains the land-use and land-cover type: Chick peas,   -9999 denotes NODATA, source coverage does not extend into catchment or is a flow line with no catchment.",percent,Land Cover
CAT_CDL11_52,"2011 estimated percent area of flowline reach catchment that contains the land-use and land-cover type: Lentils,   -9999 denotes NODATA, source coverage does not extend into catchment or is a flow line with no catchment.",percent,Land Cover
CAT_CDL11_53,"2011 estimated percent area of flowline reach catchment that contains the land-use and land-cover type: Peas,   -9999 denotes NODATA, source coverage does not extend into catchment or is a flow line with no catchment.",percent,Land Cover
CAT_CDL11_54,"2011 estimated percent area of flowline reach catchment that contains the land-use and land-cover type: Tomatoes,   -9999 denotes NODATA, source coverage does not extend into catchment or is a flow line with no catchment.",percent,Land Cover
CAT_CDL11_55,"2011 estimated percent area of flowline reach catchment that contains the land-use and land-cover type: Caneberries,   -9999 denotes NODATA, source coverage does not extend into catchment or is a flow line with no catchment.",percent,Land Cover
CAT_CDL11_56,"2011 estimated percent area of flowline reach catchment that contains the land-use and land-cover type: Hops,   -9999 denotes NODATA, source coverage does not extend into catchment or is a flow line with no catchment.",percent,Land Cover
CAT_CDL11_57,"2011 estimated percent area of flowline reach catchment that contains the land-use and land-cover type: Herbs,   -9999 denotes NODATA, source coverage does not extend into catchment or is a flow line with no catchment.",percent,Land Cover
CAT_CDL11_58,"2011 estimated percent area of flowline reach catchment that contains the land-use and land-cover type: Clover/wild flowers,   -9999 denotes NODATA, source coverage does not extend into catchment or is a flow line with no catchment.",percent,Land Cover
CAT_CDL11_59,"2011 estimated percent area of flowline reach catchment that contains the land-use and land-cover type: Sod/grass seed,   -9999 denotes NODATA, source coverage does not extend into catchment or is a flow line with no catchment.",percent,Land Cover
CAT_CDL11_60,"2011 estimated percent area of flowline reach catchment that contains the land-use and land-cover type: Switchgrass,   -9999 denotes NODATA, source coverage does not extend into catchment or is a flow line with no catchment.",percent,Land Cover
CAT_CDL11_61,"2011 estimated percent area of flowline reach catchment that contains the land-use and land-cover type: Fallow/idle cropland,   -9999 denotes NODATA, source coverage does not extend into catchment or is a flow line with no catchment.",percent,Land Cover
CAT_CDL11_66,"2011 estimated percent area of flowline reach catchment that contains the land-use and land-cover type: Cherries,   -9999 denotes NODATA, source coverage does not extend into catchment or is a flow line with no catchment.",percent,Land Cover
CAT_CDL11_67,"2011 estimated percent area of flowline reach catchment that contains the land-use and land-cover type: Peaches,   -9999 denotes NODATA, source coverage does not extend into catchment or is a flow line with no catchment.",percent,Land Cover
CAT_CDL11_68,"2011 estimated percent area of flowline reach catchment that contains the land-use and land-cover type: Apples,   -9999 denotes NODATA, source coverage does not extend into catchment or is a flow line with no catchment.",percent,Land Cover
CAT_CDL11_69,"2011 estimated percent area of flowline reach catchment that contains the land-use and land-cover type: Grapes,   -9999 denotes NODATA, source coverage does not extend into catchment or is a flow line with no catchment.",percent,Land Cover
CAT_CDL11_70,"2011 estimated percent area of flowline reach catchment that contains the land-use and land-cover type: Christmas trees,   -9999 denotes NODATA, source coverage does not extend into catchment or is a flow line with no catchment.",percent,Land Cover
CAT_CDL11_71,"2011 estimated percent area of flowline reach catchment that contains the land-use and land-cover type: Other tree crops,   -9999 denotes NODATA, source coverage does not extend into catchment or is a flow line with no catchment.",percent,Land Cover
CAT_CDL11_72,"2011 estimated percent area of flowline reach catchment that contains the land-use and land-cover type: Citrus,   -9999 denotes NODATA, source coverage does not extend into catchment or is a flow line with no catchment.",percent,Land Cover
CAT_CDL11_74,"2011 estimated percent area of flowline reach catchment that contains the land-use and land-cover type: Pecans,   -9999 denotes NODATA, source coverage does not extend into catchment or is a flow line with no catchment.",percent,Land Cover
CAT_CDL11_75,"2011 estimated percent area of flowline reach catchment that contains the land-use and land-cover type: Almonds,   -9999 denotes NODATA, source coverage does not extend into catchment or is a flow line with no catchment.",percent,Land Cover
CAT_CDL11_76,"2011 estimated percent area of flowline reach catchment that contains the land-use and land-cover type: Walnuts,   -9999 denotes NODATA, source coverage does not extend into catchment or is a flow line with no catchment.",percent,Land Cover
CAT_CDL11_77,"2011 estimated percent area of flowline reach catchment that contains the land-use and land-cover type: Pears,   -9999 denotes NODATA, source coverage does not extend into catchment or is a flow line with no catchment.",percent,Land Cover
CAT_CDL11_92,"2011 estimated percent area of flowline reach catchment that contains the land-use and land-cover type: Aquaculture,   -9999 denotes NODATA, source coverage does not extend into catchment or is a flow line with no catchment.",percent,Land Cover
CAT_CDL11_111,"2011 estimated percent area of flowline reach catchment that contains the land-use and land-cover type: Open water,   -9999 denotes NODATA, source coverage does not extend into catchment or is a flow line with no catchment.",percent,Land Cover
CAT_CDL11_112,"2011 estimated percent area of flowline reach catchment that contains the land-use and land-cover type: Perennial ice/snow,   -9999 denotes NODATA, source coverage does not extend into catchment or is a flow line with no catchment.",percent,Land Cover
CAT_CDL11_121,"2011 estimated percent area of flowline reach catchment that contains the land-use and land-cover type: Developed/open space,   -9999 denotes NODATA, source coverage does not extend into catchment or is a flow line with no catchment.",percent,Land Cover
CAT_CDL11_122,"2011 estimated percent area of flowline reach catchment that contains the land-use and land-cover type: Developed/low intensity,   -9999 denotes NODATA, source coverage does not extend into catchment or is a flow line with no catchment.",percent,Land Cover
CAT_CDL11_123,"2011 estimated percent area of flowline reach catchment that contains the land-use and land-cover type: Developed/medium intensity,   -9999 denotes NODATA, source coverage does not extend into catchment or is a flow line with no catchment.",percent,Land Cover
CAT_CDL11_124,"2011 estimated percent area of flowline reach catchment that contains the land-use and land-cover type: Developed/high intensity,   -9999 denotes NODATA, source coverage does not extend into catchment or is a flow line with no catchment.",percent,Land Cover
CAT_CDL11_131,"2011 estimated percent area of flowline reach catchment that contains the land-use and land-cover type: Barren,   -9999 denotes NODATA, source coverage does not extend into catchment or is a flow line with no catchment.",percent,Land Cover
CAT_CDL11_141,"2011 estimated percent area of flowline reach catchment that contains the land-use and land-cover type: Deciduous forest,   -9999 denotes NODATA, source coverage does not extend into catchment or is a flow line with no catchment.",percent,Land Cover
CAT_CDL11_142,"2011 estimated percent area of flowline reach catchment that contains the land-use and land-cover type: Evergreen forest,   -9999 denotes NODATA, source coverage does not extend into catchment or is a flow line with no catchment.",percent,Land Cover
CAT_CDL11_143,"2011 estimated percent area of flowline reach catchment that contains the land-use and land-cover type: Mixed forest,   -9999 denotes NODATA, source coverage does not extend into catchment or is a flow line with no catchment.",percent,Land Cover
CAT_CDL11_152,"2011 estimated percent area of flowline reach catchment that contains the land-use and land-cover type: Shrubland,   -9999 denotes NODATA, source coverage does not extend into catchment or is a flow line with no catchment.",percent,Land Cover
CAT_CDL11_176,"2011 estimated percent area of flowline reach catchment that contains the land-use and land-cover type: Grassland/pasture,   -9999 denotes NODATA, source coverage does not extend into catchment or is a flow line with no catchment.",percent,Land Cover
CAT_CDL11_190,"2011 estimated percent area of flowline reach catchment that contains the land-use and land-cover type: Woody wetlands,   -9999 denotes NODATA, source coverage does not extend into catchment or is a flow line with no catchment.",percent,Land Cover
CAT_CDL11_195,"2011 estimated percent area of flowline reach catchment that contains the land-use and land-cover type: Herbaceous wetlands,   -9999 denotes NODATA, source coverage does not extend into catchment or is a flow line with no catchment.",percent,Land Cover
CAT_CDL11_204,"2011 estimated percent area of flowline reach catchment that contains the land-use and land-cover type: Pistachios,   -9999 denotes NODATA, source coverage does not extend into catchment or is a flow line with no catchment.",percent,Land Cover
CAT_CDL11_205,"2011 estimated percent area of flowline reach catchment that contains the land-use and land-cover type: Triticale,   -9999 denotes NODATA, source coverage does not extend into catchment or is a flow line with no catchment.",percent,Land Cover
CAT_CDL11_206,"2011 estimated percent area of flowline reach catchment that contains the land-use and land-cover type: Carrots,   -9999 denotes NODATA, source coverage does not extend into catchment or is a flow line with no catchment.",percent,Land Cover
CAT_CDL11_207,"2011 estimated percent area of flowline reach catchment that contains the land-use and land-cover type: Asparagus,   -9999 denotes NODATA, source coverage does not extend into catchment or is a flow line with no catchment.",percent,Land Cover
CAT_CDL11_208,"2011 estimated percent area of flowline reach catchment that contains the land-use and land-cover type: Garlic,   -9999 denotes NODATA, source coverage does not extend into catchment or is a flow line with no catchment.",percent,Land Cover
CAT_CDL11_209,"2011 estimated percent area of flowline reach catchment that contains the land-use and land-cover type: Cantaloupes,   -9999 denotes NODATA, source coverage does not extend into catchment or is a flow line with no catchment.",percent,Land Cover
CAT_CDL11_210,"2011 estimated percent area of flowline reach catchment that contains the land-use and land-cover type: Prunes,   -9999 denotes NODATA, source coverage does not extend into catchment or is a flow line with no catchment.",percent,Land Cover
CAT_CDL11_211,"2011 estimated percent area of flowline reach catchment that contains the land-use and land-cover type: Olives,   -9999 denotes NODATA, source coverage does not extend into catchment or is a flow line with no catchment.",percent,Land Cover
CAT_CDL11_212,"2011 estimated percent area of flowline reach catchment that contains the land-use and land-cover type: Oranges,   -9999 denotes NODATA, source coverage does not extend into catchment or is a flow line with no catchment.",percent,Land Cover
CAT_CDL11_213,"2011 estimated percent area of flowline reach catchment that contains the land-use and land-cover type: Honeydew melons,   -9999 denotes NODATA, source coverage does not extend into catchment or is a flow line with no catchment.",percent,Land Cover
CAT_CDL11_214,"2011 estimated percent area of flowline reach catchment that contains the land-use and land-cover type: Broccoli,   -9999 denotes NODATA, source coverage does not extend into catchment or is a flow line with no catchment.",percent,Land Cover
CAT_CDL11_216,"2011 estimated percent area of flowline reach catchment that contains the land-use and land-cover type: Peppers,   -9999 denotes NODATA, source coverage does not extend into catchment or is a flow line with no catchment.",percent,Land Cover
CAT_CDL11_217,"2011 estimated percent area of flowline reach catchment that contains the land-use and land-cover type: Pomegranates,   -9999 denotes NODATA, source coverage does not extend into catchment or is a flow line with no catchment.",percent,Land Cover
CAT_CDL11_218,"2011 estimated percent area of flowline reach catchment that contains the land-use and land-cover type: Nectarines,   -9999 denotes NODATA, source coverage does not extend into catchment or is a flow line with no catchment.",percent,Land Cover
CAT_CDL11_219,"2011 estimated percent area of flowline reach catchment that contains the land-use and land-cover type: Greens,   -9999 denotes NODATA, source coverage does not extend into catchment or is a flow line with no catchment.",percent,Land Cover
CAT_CDL11_220,"2011 estimated percent area of flowline reach catchment that contains the land-use and land-cover type: Plums,   -9999 denotes NODATA, source coverage does not extend into catchment or is a flow line with no catchment.",percent,Land Cover
CAT_CDL11_221,"2011 estimated percent area of flowline reach catchment that contains the land-use and land-cover type: Strawberries,   -9999 denotes NODATA, source coverage does not extend into catchment or is a flow line with no catchment.",percent,Land Cover
CAT_CDL11_222,"2011 estimated percent area of flowline reach catchment that contains the land-use and land-cover type: Squash,   -9999 denotes NODATA, source coverage does not extend into catchment or is a flow line with no catchment.",percent,Land Cover
CAT_CDL11_223,"2011 estimated percent area of flowline reach catchment that contains the land-use and land-cover type: Apricots,   -9999 denotes NODATA, source coverage does not extend into catchment or is a flow line with no catchment.",percent,Land Cover
CAT_CDL11_224,"2011 estimated percent area of flowline reach catchment that contains the land-use and land-cover type: Vetch,   -9999 denotes NODATA, source coverage does not extend into catchment or is a flow line with no catchment.",percent,Land Cover
CAT_CDL11_225,"2011 estimated percent area of flowline reach catchment that contains the land-use and land-cover type: Double crop winter wheat/corn. -9999 denotes NODATA, source coverage does not extend into catchment or is a flow line with no catchment.",percent,Land Cover
CAT_CDL11_226,"2011 estimated percent area of flowline reach catchment that contains the land-use and land-cover type: Double crop oats/corn. -9999 denotes NODATA, source coverage does not extend into catchment or is a flow line with no catchment.",percent,Land Cover
CAT_CDL11_227,"2011 estimated percent area of flowline reach catchment that contains the land-use and land-cover type: Lettuce. -9999 denotes NODATA, source coverage does not extend into catchment or is a flow line with no catchment.",percent,Land Cover
CAT_CDL11_229,"2011 estimated percent area of flowline reach catchment that contains the land-use and land-cover type: Pumpkins. -9999 denotes NODATA, source coverage does not extend into catchment or is a flow line with no catchment.",percent,Land Cover
CAT_CDL11_230,2011 estimated percent area of flowline reach catchment that contains the land-use and land-cover type: Double crop lettuce/durum wheat. -9999 denotes NODATA.,percent,Land Cover
CAT_CDL11_231,"2011 estimated percent area of flowline reach catchment that contains the land-use and land-cover type: Double crop lettuce/cantaloupe. -9999 denotes NODATA, source coverage does not extend into catchment or is a flow line with no catchment.",percent,Land Cover
CAT_CDL11_232,"2011 estimated percent area of flowline reach catchment that contains the land-use and land-cover type: Double crop lettuce/cotton. -9999 denotes NODATA, source coverage does not extend into catchment or is a flow line with no catchment.",percent,Land Cover
CAT_CDL11_233,2011 estimated percent area of flowline reach catchment that contains the land-use and land-cover type: Double crop lettuce/barley. -9999 denotes NODATA.,percent,Land Cover
CAT_CDL11_234,"2011 estimated percent area of flowline reach catchment that contains the land-use and land-cover type: Double crop durum wheat/sorghum. -9999 denotes NODATA, source coverage does not extend into catchment or is a flow line with no catchment.",percent,Land Cover
CAT_CDL11_235,"2011 estimated percent area of flowline reach catchment that contains the land-use and land-cover type: Double crop barley/sorghum. -9999 denotes NODATA, source coverage does not extend into catchment or is a flow line with no catchment.",percent,Land Cover
CAT_CDL11_236,2011 estimated percent area of flowline reach catchment that contains the land-use and land-cover type: Double crop winter wheat/sorghum. -9999 denotes NODATA.,percent,Land Cover
CAT_CDL11_237,"2011 estimated percent area of flowline reach catchment that contains the land-use and land-cover type: Double crop barley/corn. -9999 denotes NODATA, source coverage does not extend into catchment or is a flow line with no catchment.",percent,Land Cover
CAT_CDL11_238,"2011 estimated percent area of flowline reach catchment that contains the land-use and land-cover type: Double crop winter wheat/cotton. -9999 denotes NODATA, source coverage does not extend into catchment or is a flow line with no catchment.",percent,Land Cover
CAT_CDL11_239,"2011 estimated percent area of flowline reach catchment that contains the land-use and land-cover type: Double crop soybeans/cotton. -9999 denotes NODATA, source coverage does not extend into catchment or is a flow line with no catchment.",percent,Land Cover
CAT_CDL11_240,2011 estimated percent area of flowline reach catchment that contains the land-use and land-cover type: Double crop soybeans/oats. -9999 denotes NODATA.,percent,Land Cover
CAT_CDL11_241,"2011 estimated percent area of flowline reach catchment that contains the land-use and land-cover type: Double crop corn/soybeans. -9999 denotes NODATA, source coverage does not extend into catchment or is a flow line with no catchment.",percent,Land Cover
CAT_CDL11_242,"2011 estimated percent area of flowline reach catchment that contains the land-use and land-cover type: Blueberries. -9999 denotes NODATA, source coverage does not extend into catchment or is a flow line with no catchment.",percent,Land Cover
CAT_CDL11_243,"2011 estimated percent area of flowline reach catchment that contains the land-use and land-cover type: Cabbage. -9999 denotes NODATA, source coverage does not extend into catchment or is a flow line with no catchment.",percent,Land Cover
CAT_CDL11_244,"2011 estimated percent area of flowline reach catchment that contains the land-use and land-cover type: Cauliflower. -9999 denotes NODATA, source coverage does not extend into catchment or is a flow line with no catchment.",percent,Land Cover
CAT_CDL11_245,2011 estimated percent area of flowline reach catchment that contains the land-use and land-cover type: Celery. -9999 denotes NODATA.,percent,Land Cover
CAT_CDL11_246,"2011 estimated percent area of flowline reach catchment that contains the land-use and land-cover type: Radishes. -9999 denotes NODATA, source coverage does not extend into catchment or is a flow line with no catchment.",percent,Land Cover
CAT_CDL11_247,"2011 estimated percent area of flowline reach catchment that contains the land-use and land-cover type: Turnips. -9999 denotes NODATA, source coverage does not extend into catchment or is a flow line with no catchment.",percent,Land Cover
CAT_CDL11_248,"2011 estimated percent area of flowline reach catchment that contains the land-use and land-cover type: Eggplants. -9999 denotes NODATA, source coverage does not extend into catchment or is a flow line with no catchment.",percent,Land Cover
CAT_CDL11_249,"2011 estimated percent area of flowline reach catchment that contains the land-use and land-cover type: Gourds. -9999 denotes NODATA, source coverage does not extend into catchment or is a flow line with no catchment.",percent,Land Cover
CAT_CDL11_250,"2011 estimated percent area of flowline reach catchment that contains the land-use and land-cover type: Cranberries. -9999 denotes NODATA, source coverage does not extend into catchment or is a flow line with no catchment.",percent,Land Cover
CAT_CDL11_254,"2011 estimated percent area of flowline reach catchment that contains the land-use and land-cover type: Double crop barley/soybeans, source coverage does not extend into catchment or is a flow line with no catchment.",percent,Land Cover
CAT_CDL12_1,"2012 estimated percent area of flowline reach catchment that contains the land-use and land-cover type: Corn.  -9999 denotes NODATA, source coverage does not extend into catchment or is a flow line with no catchment.",percent,Land Cover
CAT_CDL12_2,"2012 estimated percent area of flowline reach catchment that contains the land-use and land-cover type: Cotton.  -9999 denotes NODATA, source coverage does not extend into catchment or is a flow line with no catchment.",percent,Land Cover
CAT_CDL12_3,"2012 estimated percent area of flowline reach catchment that contains the land-use and land-cover type: Rice,   -9999 denotes NODATA, source coverage does not extend into catchment or is a flow line with no catchment.",percent,Land Cover
CAT_CDL12_4,"2012 estimated percent area of flowline reach catchment that contains the land-use and land-cover type: Sorghum,   -9999 denotes NODATA, source coverage does not extend into catchment or is a flow line with no catchment.",percent,Land Cover
CAT_CDL12_5,"2012 estimated percent area of flowline reach catchment that contains the land-use and land-cover type: Soybeans,   -9999 denotes NODATA, source coverage does not extend into catchment or is a flow line with no catchment.",percent,Land Cover
CAT_CDL12_6,"2012 estimated percent area of flowline reach catchment that contains the land-use and land-cover type: Sunflower,   -9999 denotes NODATA, source coverage does not extend into catchment or is a flow line with no catchment.",percent,Land Cover
CAT_CDL12_10,"2012 estimated percent area of flowline reach catchment that contains the land-use and land-cover type: Peanuts,   -9999 denotes NODATA, source coverage does not extend into catchment or is a flow line with no catchment.",percent,Land Cover
CAT_CDL12_11,"2012 estimated percent area of flowline reach catchment that contains the land-use and land-cover type: Tobacco,   -9999 denotes NODATA, source coverage does not extend into catchment or is a flow line with no catchment.",percent,Land Cover
CAT_CDL12_12,"2012 estimated percent area of flowline reach catchment that contains the land-use and land-cover type: Sweet corn,   -9999 denotes NODATA, source coverage does not extend into catchment or is a flow line with no catchment.",percent,Land Cover
CAT_CDL12_13,"2012 estimated percent area of flowline reach catchment that contains the land-use and land-cover type: Pop or ornamental corn,   -9999 denotes NODATA, source coverage does not extend into catchment or is a flow line with no catchment.",percent,Land Cover
CAT_CDL12_14,"2012 estimated percent area of flowline reach catchment that contains the land-use and land-cover type: Mint,   -9999 denotes NODATA, source coverage does not extend into catchment or is a flow line with no catchment.",percent,Land Cover
CAT_CDL12_21,"2012 estimated percent area of flowline reach catchment that contains the land-use and land-cover type: Barley,   -9999 denotes NODATA, source coverage does not extend into catchment or is a flow line with no catchment.",percent,Land Cover
CAT_CDL12_22,"2012 estimated percent area of flowline reach catchment that contains the land-use and land-cover type: Durum wheat,   -9999 denotes NODATA, source coverage does not extend into catchment or is a flow line with no catchment.",percent,Land Cover
CAT_CDL12_23,"2012 estimated percent area of flowline reach catchment that contains the land-use and land-cover type: Spring wheat,   -9999 denotes NODATA, source coverage does not extend into catchment or is a flow line with no catchment.",percent,Land Cover
CAT_CDL12_24,"2012 estimated percent area of flowline reach catchment that contains the land-use and land-cover type: Winter wheat,   -9999 denotes NODATA, source coverage does not extend into catchment or is a flow line with no catchment.",percent,Land Cover
CAT_CDL12_25,"2012 estimated percent area of flowline reach catchment that contains the land-use and land-cover type: Other small grains,   -9999 denotes NODATA, source coverage does not extend into catchment or is a flow line with no catchment.",percent,Land Cover
CAT_CDL12_26,"2012 estimated percent area of flowline reach catchment that contains the land-use and land-cover type: Double crop winter wheat/soybeans,   -9999 denotes NODATA, source coverage does not extend into catchment or is a flow line with no catchment.",percent,Land Cover
CAT_CDL12_27,"2012 estimated percent area of flowline reach catchment that contains the land-use and land-cover type: Rye,   -9999 denotes NODATA, source coverage does not extend into catchment or is a flow line with no catchment.",percent,Land Cover
CAT_CDL12_28,"2012 estimated percent area of flowline reach catchment that contains the land-use and land-cover type: Oats,   -9999 denotes NODATA, source coverage does not extend into catchment or is a flow line with no catchment.",percent,Land Cover
CAT_CDL12_29,"2012 estimated percent area of flowline reach catchment that contains the land-use and land-cover type: Millet,   -9999 denotes NODATA, source coverage does not extend into catchment or is a flow line with no catchment.",percent,Land Cover
CAT_CDL12_30,"2012 estimated percent area of flowline reach catchment that contains the land-use and land-cover type: Speltz,   -9999 denotes NODATA, source coverage does not extend into catchment or is a flow line with no catchment.",percent,Land Cover
CAT_CDL12_31,"2012 estimated percent area of flowline reach catchment that contains the land-use and land-cover type: Canola,   -9999 denotes NODATA, source coverage does not extend into catchment or is a flow line with no catchment.",percent,Land Cover
CAT_CDL12_32,"2012 estimated percent area of flowline reach catchment that contains the land-use and land-cover type: Flaxseed,   -9999 denotes NODATA, source coverage does not extend into catchment or is a flow line with no catchment.",percent,Land Cover
CAT_CDL12_33,"2012 estimated percent area of flowline reach catchment that contains the land-use and land-cover type: Safflower,   -9999 denotes NODATA, source coverage does not extend into catchment or is a flow line with no catchment.",percent,Land Cover
CAT_CDL12_34,"2012 estimated percent area of flowline reach catchment that contains the land-use and land-cover type: Rape seed,   -9999 denotes NODATA, source coverage does not extend into catchment or is a flow line with no catchment.",percent,Land Cover
CAT_CDL12_35,"2012 estimated percent area of flowline reach catchment that contains the land-use and land-cover type: Mustard,   -9999 denotes NODATA, source coverage does not extend into catchment or is a flow line with no catchment.",percent,Land Cover
CAT_CDL12_36,"2012 estimated percent area of flowline reach catchment that contains the land-use and land-cover type: Alfalfa,   -9999 denotes NODATA, source coverage does not extend into catchment or is a flow line with no catchment.",percent,Land Cover
CAT_CDL12_37,"2012 estimated percent area of flowline reach catchment that contains the land-use and land-cover type: Other hay/non alfalfa,   -9999 denotes NODATA, source coverage does not extend into catchment or is a flow line with no catchment.",percent,Land Cover
CAT_CDL12_38,"2012 estimated percent area of flowline reach catchment that contains the land-use and land-cover type: Camelina,   -9999 denotes NODATA, source coverage does not extend into catchment or is a flow line with no catchment.",percent,Land Cover
CAT_CDL12_39,"2012 estimated percent area of flowline reach catchment that contains the land-use and land-cover type: Buckwheat,   -9999 denotes NODATA, source coverage does not extend into catchment or is a flow line with no catchment.",percent,Land Cover
CAT_CDL12_41,"2012 estimated percent area of flowline reach catchment that contains the land-use and land-cover type: Sugarbeets,   -9999 denotes NODATA, source coverage does not extend into catchment or is a flow line with no catchment.",percent,Land Cover
CAT_CDL12_42,"2012 estimated percent area of flowline reach catchment that contains the land-use and land-cover type: Dry beans,   -9999 denotes NODATA, source coverage does not extend into catchment or is a flow line with no catchment.",percent,Land Cover
CAT_CDL12_43,"2012 estimated percent area of flowline reach catchment that contains the land-use and land-cover type: Potatoes,   -9999 denotes NODATA, source coverage does not extend into catchment or is a flow line with no catchment.",percent,Land Cover
CAT_CDL12_44,2012 estimated percent area of flowline reach catchment that contains the land-use and land-cover type: Other crops. -9999 denotes NODATA.,percent,Land Cover
CAT_CDL12_45,"2012 estimated percent area of flowline reach catchment that contains the land-use and land-cover type: Sugarcane,   -9999 denotes NODATA, source coverage does not extend into catchment or is a flow line with no catchment.",percent,Land Cover
CAT_CDL12_46,"2012 estimated percent area of flowline reach catchment that contains the land-use and land-cover type: Sweet potatoes,   -9999 denotes NODATA, source coverage does not extend into catchment or is a flow line with no catchment.",percent,Land Cover
CAT_CDL12_47,"2012 estimated percent area of flowline reach catchment that contains the land-use and land-cover type: Miscellaneous vegetables and fruits,   -9999 denotes NODATA, source coverage does not extend into catchment or is a flow line with no catchment.",percent,Land Cover
CAT_CDL12_48,"2012 estimated percent area of flowline reach catchment that contains the land-use and land-cover type: Watermelons,   -9999 denotes NODATA, source coverage does not extend into catchment or is a flow line with no catchment.",percent,Land Cover
CAT_CDL12_49,"2012 estimated percent area of flowline reach catchment that contains the land-use and land-cover type: Onions,   -9999 denotes NODATA, source coverage does not extend into catchment or is a flow line with no catchment.",percent,Land Cover
CAT_CDL12_50,"2012 estimated percent area of flowline reach catchment that contains the land-use and land-cover type: Cucumbers,   -9999 denotes NODATA, source coverage does not extend into catchment or is a flow line with no catchment.",percent,Land Cover
CAT_CDL12_51,"2012 estimated percent area of flowline reach catchment that contains the land-use and land-cover type: Chick peas,   -9999 denotes NODATA, source coverage does not extend into catchment or is a flow line with no catchment.",percent,Land Cover
CAT_CDL12_52,"2012 estimated percent area of flowline reach catchment that contains the land-use and land-cover type: Lentils,   -9999 denotes NODATA, source coverage does not extend into catchment or is a flow line with no catchment.",percent,Land Cover
CAT_CDL12_53,"2012 estimated percent area of flowline reach catchment that contains the land-use and land-cover type: Peas,   -9999 denotes NODATA, source coverage does not extend into catchment or is a flow line with no catchment.",percent,Land Cover
CAT_CDL12_54,"2012 estimated percent area of flowline reach catchment that contains the land-use and land-cover type: Tomatoes,   -9999 denotes NODATA, source coverage does not extend into catchment or is a flow line with no catchment.",percent,Land Cover
CAT_CDL12_55,"2012 estimated percent area of flowline reach catchment that contains the land-use and land-cover type: Caneberries,   -9999 denotes NODATA, source coverage does not extend into catchment or is a flow line with no catchment.",percent,Land Cover
CAT_CDL12_56,"2012 estimated percent area of flowline reach catchment that contains the land-use and land-cover type: Hops,   -9999 denotes NODATA, source coverage does not extend into catchment or is a flow line with no catchment.",percent,Land Cover
CAT_CDL12_57,"2012 estimated percent area of flowline reach catchment that contains the land-use and land-cover type: Herbs,   -9999 denotes NODATA, source coverage does not extend into catchment or is a flow line with no catchment.",percent,Land Cover
CAT_CDL12_58,"2012 estimated percent area of flowline reach catchment that contains the land-use and land-cover type: Clover/wild flowers,   -9999 denotes NODATA, source coverage does not extend into catchment or is a flow line with no catchment.",percent,Land Cover
CAT_CDL12_59,"2012 estimated percent area of flowline reach catchment that contains the land-use and land-cover type: Sod/grass seed,   -9999 denotes NODATA, source coverage does not extend into catchment or is a flow line with no catchment.",percent,Land Cover
CAT_CDL12_60,"2012 estimated percent area of flowline reach catchment that contains the land-use and land-cover type: Switchgrass,   -9999 denotes NODATA, source coverage does not extend into catchment or is a flow line with no catchment.",percent,Land Cover
CAT_CDL12_61,"2012 estimated percent area of flowline reach catchment that contains the land-use and land-cover type: Fallow/idle cropland,   -9999 denotes NODATA, source coverage does not extend into catchment or is a flow line with no catchment.",percent,Land Cover
CAT_CDL12_66,"2012 estimated percent area of flowline reach catchment that contains the land-use and land-cover type: Cherries,   -9999 denotes NODATA, source coverage does not extend into catchment or is a flow line with no catchment.",percent,Land Cover
CAT_CDL12_67,"2012 estimated percent area of flowline reach catchment that contains the land-use and land-cover type: Peaches,   -9999 denotes NODATA, source coverage does not extend into catchment or is a flow line with no catchment.",percent,Land Cover
CAT_CDL12_68,"2012 estimated percent area of flowline reach catchment that contains the land-use and land-cover type: Apples,   -9999 denotes NODATA, source coverage does not extend into catchment or is a flow line with no catchment.",percent,Land Cover
CAT_CDL12_69,"2012 estimated percent area of flowline reach catchment that contains the land-use and land-cover type: Grapes,   -9999 denotes NODATA, source coverage does not extend into catchment or is a flow line with no catchment.",percent,Land Cover
CAT_CDL12_70,"2012 estimated percent area of flowline reach catchment that contains the land-use and land-cover type: Christmas trees,   -9999 denotes NODATA, source coverage does not extend into catchment or is a flow line with no catchment.",percent,Land Cover
CAT_CDL12_71,"2012 estimated percent area of flowline reach catchment that contains the land-use and land-cover type: Other tree crops,   -9999 denotes NODATA, source coverage does not extend into catchment or is a flow line with no catchment.",percent,Land Cover
CAT_CDL12_72,"2012 estimated percent area of flowline reach catchment that contains the land-use and land-cover type: Citrus,   -9999 denotes NODATA, source coverage does not extend into catchment or is a flow line with no catchment.",percent,Land Cover
CAT_CDL12_74,"2012 estimated percent area of flowline reach catchment that contains the land-use and land-cover type: Pecans,   -9999 denotes NODATA, source coverage does not extend into catchment or is a flow line with no catchment.",percent,Land Cover
CAT_CDL12_75,"2012 estimated percent area of flowline reach catchment that contains the land-use and land-cover type: Almonds,   -9999 denotes NODATA, source coverage does not extend into catchment or is a flow line with no catchment.",percent,Land Cover
CAT_CDL12_76,"2012 estimated percent area of flowline reach catchment that contains the land-use and land-cover type: Walnuts,   -9999 denotes NODATA, source coverage does not extend into catchment or is a flow line with no catchment.",percent,Land Cover
CAT_CDL12_77,"2012 estimated percent area of flowline reach catchment that contains the land-use and land-cover type: Pears,   -9999 denotes NODATA, source coverage does not extend into catchment or is a flow line with no catchment.",percent,Land Cover
CAT_CDL12_92,"2012 estimated percent area of flowline reach catchment that contains the land-use and land-cover type: Aquaculture,   -9999 denotes NODATA, source coverage does not extend into catchment or is a flow line with no catchment.",percent,Land Cover
CAT_CDL12_111,"2012 estimated percent area of flowline reach catchment that contains the land-use and land-cover type: Open water,   -9999 denotes NODATA, source coverage does not extend into catchment or is a flow line with no catchment.",percent,Land Cover
CAT_CDL12_112,"2012 estimated percent area of flowline reach catchment that contains the land-use and land-cover type: Perennial ice/snow,   -9999 denotes NODATA, source coverage does not extend into catchment or is a flow line with no catchment.",percent,Land Cover
CAT_CDL12_121,"2012 estimated percent area of flowline reach catchment that contains the land-use and land-cover type: Developed/open space,   -9999 denotes NODATA, source coverage does not extend into catchment or is a flow line with no catchment.",percent,Land Cover
CAT_CDL12_122,"2012 estimated percent area of flowline reach catchment that contains the land-use and land-cover type: Developed/low intensity,   -9999 denotes NODATA, source coverage does not extend into catchment or is a flow line with no catchment.",percent,Land Cover
CAT_CDL12_123,"2012 estimated percent area of flowline reach catchment that contains the land-use and land-cover type: Developed/medium intensity,   -9999 denotes NODATA, source coverage does not extend into catchment or is a flow line with no catchment.",percent,Land Cover
CAT_CDL12_124,"2012 estimated percent area of flowline reach catchment that contains the land-use and land-cover type: Developed/high intensity,   -9999 denotes NODATA, source coverage does not extend into catchment or is a flow line with no catchment.",percent,Land Cover
CAT_CDL12_131,"2012 estimated percent area of flowline reach catchment that contains the land-use and land-cover type: Barren,   -9999 denotes NODATA, source coverage does not extend into catchment or is a flow line with no catchment.",percent,Land Cover
CAT_CDL12_141,"2012 estimated percent area of flowline reach catchment that contains the land-use and land-cover type: Deciduous forest,   -9999 denotes NODATA, source coverage does not extend into catchment or is a flow line with no catchment.",percent,Land Cover
CAT_CDL12_142,"2012 estimated percent area of flowline reach catchment that contains the land-use and land-cover type: Evergreen forest,   -9999 denotes NODATA, source coverage does not extend into catchment or is a flow line with no catchment.",percent,Land Cover
CAT_CDL12_143,"2012 estimated percent area of flowline reach catchment that contains the land-use and land-cover type: Mixed forest,   -9999 denotes NODATA, source coverage does not extend into catchment or is a flow line with no catchment.",percent,Land Cover
CAT_CDL12_152,"2012 estimated percent area of flowline reach catchment that contains the land-use and land-cover type: Shrubland,   -9999 denotes NODATA, source coverage does not extend into catchment or is a flow line with no catchment.",percent,Land Cover
CAT_CDL12_176,"2012 estimated percent area of flowline reach catchment that contains the land-use and land-cover type: Grassland/pasture,   -9999 denotes NODATA, source coverage does not extend into catchment or is a flow line with no catchment.",percent,Land Cover
CAT_CDL12_190,"2012 estimated percent area of flowline reach catchment that contains the land-use and land-cover type: Woody wetlands,   -9999 denotes NODATA, source coverage does not extend into catchment or is a flow line with no catchment.",percent,Land Cover
CAT_CDL12_195,"2012 estimated percent area of flowline reach catchment that contains the land-use and land-cover type: Herbaceous wetlands,   -9999 denotes NODATA, source coverage does not extend into catchment or is a flow line with no catchment.",percent,Land Cover
CAT_CDL12_204,"2012 estimated percent area of flowline reach catchment that contains the land-use and land-cover type: Pistachios,   -9999 denotes NODATA, source coverage does not extend into catchment or is a flow line with no catchment.",percent,Land Cover
CAT_CDL12_205,"2012 estimated percent area of flowline reach catchment that contains the land-use and land-cover type: Triticale,   -9999 denotes NODATA, source coverage does not extend into catchment or is a flow line with no catchment.",percent,Land Cover
CAT_CDL12_206,"2012 estimated percent area of flowline reach catchment that contains the land-use and land-cover type: Carrots,   -9999 denotes NODATA, source coverage does not extend into catchment or is a flow line with no catchment.",percent,Land Cover
CAT_CDL12_207,"2012 estimated percent area of flowline reach catchment that contains the land-use and land-cover type: Asparagus,   -9999 denotes NODATA, source coverage does not extend into catchment or is a flow line with no catchment.",percent,Land Cover
CAT_CDL12_208,"2012 estimated percent area of flowline reach catchment that contains the land-use and land-cover type: Garlic,   -9999 denotes NODATA, source coverage does not extend into catchment or is a flow line with no catchment.",percent,Land Cover
CAT_CDL12_209,"2012 estimated percent area of flowline reach catchment that contains the land-use and land-cover type: Cantaloupes,   -9999 denotes NODATA, source coverage does not extend into catchment or is a flow line with no catchment.",percent,Land Cover
CAT_CDL12_210,"2012 estimated percent area of flowline reach catchment that contains the land-use and land-cover type: Prunes,   -9999 denotes NODATA, source coverage does not extend into catchment or is a flow line with no catchment.",percent,Land Cover
CAT_CDL12_211,"2012 estimated percent area of flowline reach catchment that contains the land-use and land-cover type: Olives,   -9999 denotes NODATA, source coverage does not extend into catchment or is a flow line with no catchment.",percent,Land Cover
CAT_CDL12_212,"2012 estimated percent area of flowline reach catchment that contains the land-use and land-cover type: Oranges,   -9999 denotes NODATA, source coverage does not extend into catchment or is a flow line with no catchment.",percent,Land Cover
CAT_CDL12_213,"2012 estimated percent area of flowline reach catchment that contains the land-use and land-cover type: Honeydew melons,   -9999 denotes NODATA, source coverage does not extend into catchment or is a flow line with no catchment.",percent,Land Cover
CAT_CDL12_214,"2012 estimated percent area of flowline reach catchment that contains the land-use and land-cover type: Broccoli,   -9999 denotes NODATA, source coverage does not extend into catchment or is a flow line with no catchment.",percent,Land Cover
CAT_CDL12_216,"2012 estimated percent area of flowline reach catchment that contains the land-use and land-cover type: Peppers,   -9999 denotes NODATA, source coverage does not extend into catchment or is a flow line with no catchment.",percent,Land Cover
CAT_CDL12_217,"2012 estimated percent area of flowline reach catchment that contains the land-use and land-cover type: Pomegranates,   -9999 denotes NODATA, source coverage does not extend into catchment or is a flow line with no catchment.",percent,Land Cover
CAT_CDL12_218,"2012 estimated percent area of flowline reach catchment that contains the land-use and land-cover type: Nectarines,   -9999 denotes NODATA, source coverage does not extend into catchment or is a flow line with no catchment.",percent,Land Cover
CAT_CDL12_219,"2012 estimated percent area of flowline reach catchment that contains the land-use and land-cover type: Greens,   -9999 denotes NODATA, source coverage does not extend into catchment or is a flow line with no catchment.",percent,Land Cover
CAT_CDL12_220,"2012 estimated percent area of flowline reach catchment that contains the land-use and land-cover type: Plums,   -9999 denotes NODATA, source coverage does not extend into catchment or is a flow line with no catchment.",percent,Land Cover
CAT_CDL12_221,"2012 estimated percent area of flowline reach catchment that contains the land-use and land-cover type: Strawberries,   -9999 denotes NODATA, source coverage does not extend into catchment or is a flow line with no catchment.",percent,Land Cover
CAT_CDL12_222,"2012 estimated percent area of flowline reach catchment that contains the land-use and land-cover type: Squash,   -9999 denotes NODATA, source coverage does not extend into catchment or is a flow line with no catchment.",percent,Land Cover
CAT_CDL12_223,"2012 estimated percent area of flowline reach catchment that contains the land-use and land-cover type: Apricots,   -9999 denotes NODATA, source coverage does not extend into catchment or is a flow line with no catchment.",percent,Land Cover
CAT_CDL12_224,"2012 estimated percent area of flowline reach catchment that contains the land-use and land-cover type: Vetch,   -9999 denotes NODATA, source coverage does not extend into catchment or is a flow line with no catchment.",percent,Land Cover
CAT_CDL12_225,"2012 estimated percent area of flowline reach catchment that contains the land-use and land-cover type: Double crop winter wheat/corn. -9999 denotes NODATA, source coverage does not extend into catchment or is a flow line with no catchment.",percent,Land Cover
CAT_CDL12_226,"2012 estimated percent area of flowline reach catchment that contains the land-use and land-cover type: Double crop oats/corn. -9999 denotes NODATA, source coverage does not extend into catchment or is a flow line with no catchment.",percent,Land Cover
CAT_CDL12_227,"2012 estimated percent area of flowline reach catchment that contains the land-use and land-cover type: Lettuce. -9999 denotes NODATA, source coverage does not extend into catchment or is a flow line with no catchment.",percent,Land Cover
CAT_CDL12_229,"2012 estimated percent area of flowline reach catchment that contains the land-use and land-cover type: Pumpkins. -9999 denotes NODATA, source coverage does not extend into catchment or is a flow line with no catchment.",percent,Land Cover
CAT_CDL12_230,2012 estimated percent area of flowline reach catchment that contains the land-use and land-cover type: Double crop lettuce/durum wheat. -9999 denotes NODATA.,percent,Land Cover
CAT_CDL12_231,"2012 estimated percent area of flowline reach catchment that contains the land-use and land-cover type: Double crop lettuce/cantaloupe. -9999 denotes NODATA, source coverage does not extend into catchment or is a flow line with no catchment.",percent,Land Cover
CAT_CDL12_232,"2012 estimated percent area of flowline reach catchment that contains the land-use and land-cover type: Double crop lettuce/cotton. -9999 denotes NODATA, source coverage does not extend into catchment or is a flow line with no catchment.",percent,Land Cover
CAT_CDL12_233,2012 estimated percent area of flowline reach catchment that contains the land-use and land-cover type: Double crop lettuce/barley. -9999 denotes NODATA.,percent,Land Cover
CAT_CDL12_234,"2012 estimated percent area of flowline reach catchment that contains the land-use and land-cover type: Double crop durum wheat/sorghum. -9999 denotes NODATA, source coverage does not extend into catchment or is a flow line with no catchment.",percent,Land Cover
CAT_CDL12_235,"2012 estimated percent area of flowline reach catchment that contains the land-use and land-cover type: Double crop barley/sorghum. -9999 denotes NODATA, source coverage does not extend into catchment or is a flow line with no catchment.",percent,Land Cover
CAT_CDL12_236,2012 estimated percent area of flowline reach catchment that contains the land-use and land-cover type: Double crop winter wheat/sorghum. -9999 denotes NODATA.,percent,Land Cover
CAT_CDL12_237,"2012 estimated percent area of flowline reach catchment that contains the land-use and land-cover type: Double crop barley/corn. -9999 denotes NODATA, source coverage does not extend into catchment or is a flow line with no catchment.",percent,Land Cover
CAT_CDL12_238,"2012 estimated percent area of flowline reach catchment that contains the land-use and land-cover type: Double crop winter wheat/cotton. -9999 denotes NODATA, source coverage does not extend into catchment or is a flow line with no catchment.",percent,Land Cover
CAT_CDL12_239,"2012 estimated percent area of flowline reach catchment that contains the land-use and land-cover type: Double crop soybeans/cotton. -9999 denotes NODATA, source coverage does not extend into catchment or is a flow line with no catchment.",percent,Land Cover
CAT_CDL12_240,2012 estimated percent area of flowline reach catchment that contains the land-use and land-cover type: Double crop soybeans/oats. -9999 denotes NODATA.,percent,Land Cover
CAT_CDL12_241,"2012 estimated percent area of flowline reach catchment that contains the land-use and land-cover type: Double crop corn/soybeans. -9999 denotes NODATA, source coverage does not extend into catchment or is a flow line with no catchment.",percent,Land Cover
CAT_CDL12_242,"2012 estimated percent area of flowline reach catchment that contains the land-use and land-cover type: Blueberries. -9999 denotes NODATA, source coverage does not extend into catchment or is a flow line with no catchment.",percent,Land Cover
CAT_CDL12_243,"2012 estimated percent area of flowline reach catchment that contains the land-use and land-cover type: Cabbage. -9999 denotes NODATA, source coverage does not extend into catchment or is a flow line with no catchment.",percent,Land Cover
CAT_CDL12_244,"2012 estimated percent area of flowline reach catchment that contains the land-use and land-cover type: Cauliflower. -9999 denotes NODATA, source coverage does not extend into catchment or is a flow line with no catchment.",percent,Land Cover
CAT_CDL12_245,2012 estimated percent area of flowline reach catchment that contains the land-use and land-cover type: Celery. -9999 denotes NODATA.,percent,Land Cover
CAT_CDL12_246,"2012 estimated percent area of flowline reach catchment that contains the land-use and land-cover type: Radishes. -9999 denotes NODATA, source coverage does not extend into catchment or is a flow line with no catchment.",percent,Land Cover
CAT_CDL12_247,"2012 estimated percent area of flowline reach catchment that contains the land-use and land-cover type: Turnips. -9999 denotes NODATA, source coverage does not extend into catchment or is a flow line with no catchment.",percent,Land Cover
CAT_CDL12_248,"2012 estimated percent area of flowline reach catchment that contains the land-use and land-cover type: Eggplants. -9999 denotes NODATA, source coverage does not extend into catchment or is a flow line with no catchment.",percent,Land Cover
CAT_CDL12_249,"2012 estimated percent area of flowline reach catchment that contains the land-use and land-cover type: Gourds. -9999 denotes NODATA, source coverage does not extend into catchment or is a flow line with no catchment.",percent,Land Cover
CAT_CDL12_250,"2012 estimated percent area of flowline reach catchment that contains the land-use and land-cover type: Cranberries. -9999 denotes NODATA, source coverage does not extend into catchment or is a flow line with no catchment.",percent,Land Cover
CAT_CDL12_254,"2012 estimated percent area of flowline reach catchment that contains the land-use and land-cover type: Double crop barley/soybeans, source coverage does not extend into catchment or is a flow line with no catchment.",percent,Land Cover
CAT_CDL13_1,2013 estimated percent area of flowline reach catchment that contains the land-use and land-cover type: Corn.,percent,Land Cover
CAT_CDL13_2,2013 estimated percent area of flowline reach catchment that contains the land-use and land-cover type: Cotton.,percent,Land Cover
CAT_CDL13_3,2013 estimated percent area of flowline reach catchment that contains the land-use and land-cover type: Rice.,percent,Land Cover
CAT_CDL13_4,2013 estimated percent area of flowline reach catchment that contains the land-use and land-cover type: Sorghum.,percent,Land Cover
CAT_CDL13_5,2013 estimated percent area of flowline reach catchment that contains the land-use and land-cover type: Soybeans.,percent,Land Cover
CAT_CDL13_6,2013 estimated percent area of flowline reach catchment that contains the land-use and land-cover type: Sunflower.,percent,Land Cover
CAT_CDL13_10,2013 estimated percent area of flowline reach catchment that contains the land-use and land-cover type: Peanuts.,percent,Land Cover
CAT_CDL13_11,2013 estimated percent area of flowline reach catchment that contains the land-use and land-cover type: Tobacco.,percent,Land Cover
CAT_CDL13_12,2013 estimated percent area of flowline reach catchment that contains the land-use and land-cover type: Sweet corn.,percent,Land Cover
CAT_CDL13_13,2013 estimated percent area of flowline reach catchment that contains the land-use and land-cover type: Pop or ornamental corn.,percent,Land Cover
CAT_CDL13_14,2013 estimated percent area of flowline reach catchment that contains the land-use and land-cover type: Mint.,percent,Land Cover
CAT_CDL13_21,2013 estimated percent area of flowline reach catchment that contains the land-use and land-cover type: Barley.,percent,Land Cover
CAT_CDL13_22,2013 estimated percent area of flowline reach catchment that contains the land-use and land-cover type: Durum wheat.,percent,Land Cover
CAT_CDL13_23,2013 estimated percent area of flowline reach catchment that contains the land-use and land-cover type: Spring wheat.,percent,Land Cover
CAT_CDL13_24,2013 estimated percent area of flowline reach catchment that contains the land-use and land-cover type: Winter wheat.,percent,Land Cover
CAT_CDL13_25,2013 estimated percent area of flowline reach catchment that contains the land-use and land-cover type: Other small grains.,percent,Land Cover
CAT_CDL13_26,2013 estimated percent area of flowline reach catchment that contains the land-use and land-cover type: Double crop winter wheat/soybeans.,percent,Land Cover
CAT_CDL13_27,2013 estimated percent area of flowline reach catchment that contains the land-use and land-cover type: Rye.,percent,Land Cover
CAT_CDL13_28,2013 estimated percent area of flowline reach catchment that contains the land-use and land-cover type: Oats.,percent,Land Cover
CAT_CDL13_29,2013 estimated percent area of flowline reach catchment that contains the land-use and land-cover type: Millet.,percent,Land Cover
CAT_CDL13_30,2013 estimated percent area of flowline reach catchment that contains the land-use and land-cover type: Speltz.,percent,Land Cover
CAT_CDL13_31,2013 estimated percent area of flowline reach catchment that contains the land-use and land-cover type: Canola.,percent,Land Cover
CAT_CDL13_32,2013 estimated percent area of flowline reach catchment that contains the land-use and land-cover type: Flaxseed.,percent,Land Cover
CAT_CDL13_33,2013 estimated percent area of flowline reach catchment that contains the land-use and land-cover type: Safflower.,percent,Land Cover
CAT_CDL13_34,2013 estimated percent area of flowline reach catchment that contains the land-use and land-cover type: Rape seed.,percent,Land Cover
CAT_CDL13_35,2013 estimated percent area of flowline reach catchment that contains the land-use and land-cover type: Mustard.,percent,Land Cover
CAT_CDL13_36,2013 estimated percent area of flowline reach catchment that contains the land-use and land-cover type: Alfalfa.,percent,Land Cover
CAT_CDL13_37,2013 estimated percent area of flowline reach catchment that contains the land-use and land-cover type: Other hay/non alfalfa.,percent,Land Cover
CAT_CDL13_38,2013 estimated percent area of flowline reach catchment that contains the land-use and land-cover type: Camelina.,percent,Land Cover
CAT_CDL13_39,2013 estimated percent area of flowline reach catchment that contains the land-use and land-cover type: Buckwheat.,percent,Land Cover
CAT_CDL13_41,2013 estimated percent area of flowline reach catchment that contains the land-use and land-cover type: Sugarbeets.,percent,Land Cover
CAT_CDL13_42,2013 estimated percent area of flowline reach catchment that contains the land-use and land-cover type: Dry beans.,percent,Land Cover
CAT_CDL13_43,2013 estimated percent area of flowline reach catchment that contains the land-use and land-cover type: Potatoes.,percent,Land Cover
CAT_CDL13_44,2013 estimated percent area of flowline reach catchment that contains the land-use and land-cover type: Other crops.,percent,Land Cover
CAT_CDL13_45,2013 estimated percent area of flowline reach catchment that contains the land-use and land-cover type: Sugarcane.,percent,Land Cover
CAT_CDL13_46,2013 estimated percent area of flowline reach catchment that contains the land-use and land-cover type: Sweet potatoes.,percent,Land Cover
CAT_CDL13_47,2013 estimated percent area of flowline reach catchment that contains the land-use and land-cover type: Miscellaneous vegetables and fruits.,percent,Land Cover
CAT_CDL13_48,2013 estimated percent area of flowline reach catchment that contains the land-use and land-cover type: Watermelons.,percent,Land Cover
CAT_CDL13_49,2013 estimated percent area of flowline reach catchment that contains the land-use and land-cover type: Onions.,percent,Land Cover
CAT_CDL13_50,2013 estimated percent area of flowline reach catchment that contains the land-use and land-cover type: Cucumbers.,percent,Land Cover
CAT_CDL13_51,"2013 estimated percent area of flowline reach catchment that contains the land-use and land-cover type: Chick peas,   -9999 denotes NODATA, source coverage does not extend into catchment or is a flow line with no catchment.",percent,Land Cover
CAT_CDL13_52,2013 estimated percent area of flowline reach catchment that contains the land-use and land-cover type: Lentils.,percent,Land Cover
CAT_CDL13_53,2013 estimated percent area of flowline reach catchment that contains the land-use and land-cover type: Peas.,percent,Land Cover
CAT_CDL13_54,2013 estimated percent area of flowline reach catchment that contains the land-use and land-cover type: Tomatoes.,percent,Land Cover
CAT_CDL13_55,2013 estimated percent area of flowline reach catchment that contains the land-use and land-cover type: Caneberries.,percent,Land Cover
CAT_CDL13_56,2013 estimated percent area of flowline reach catchment that contains the land-use and land-cover type: Hops.,percent,Land Cover
CAT_CDL13_57,2013 estimated percent area of flowline reach catchment that contains the land-use and land-cover type: Herbs.,percent,Land Cover
CAT_CDL13_58,2013 estimated percent area of flowline reach catchment that contains the land-use and land-cover type: Clover/wild flowers.,percent,Land Cover
CAT_CDL13_59,2013 estimated percent area of flowline reach catchment that contains the land-use and land-cover type: Sod/grass seed.,percent,Land Cover
CAT_CDL13_60,2013 estimated percent area of flowline reach catchment that contains the land-use and land-cover type: Switchgrass.,percent,Land Cover
CAT_CDL13_61,2013 estimated percent area of flowline reach catchment that contains the land-use and land-cover type: Fallow/idle cropland.,percent,Land Cover
CAT_CDL13_66,2013 estimated percent area of flowline reach catchment that contains the land-use and land-cover type: Cherries.,percent,Land Cover
CAT_CDL13_67,2013 estimated percent area of flowline reach catchment that contains the land-use and land-cover type: Peaches.,percent,Land Cover
CAT_CDL13_68,2013 estimated percent area of flowline reach catchment that contains the land-use and land-cover type: Apples.,percent,Land Cover
CAT_CDL13_69,2013 estimated percent area of flowline reach catchment that contains the land-use and land-cover type: Grapes.,percent,Land Cover
CAT_CDL13_70,2013 estimated percent area of flowline reach catchment that contains the land-use and land-cover type: Christmas trees.,percent,Land Cover
CAT_CDL13_71,2013 estimated percent area of flowline reach catchment that contains the land-use and land-cover type: Other tree crops.,percent,Land Cover
CAT_CDL13_72,2013 estimated percent area of flowline reach catchment that contains the land-use and land-cover type: Citrus.,percent,Land Cover
CAT_CDL13_74,2013 estimated percent area of flowline reach catchment that contains the land-use and land-cover type: Pecans.,percent,Land Cover
CAT_CDL13_75,2013 estimated percent area of flowline reach catchment that contains the land-use and land-cover type: Almonds.,percent,Land Cover
CAT_CDL13_76,2013 estimated percent area of flowline reach catchment that contains the land-use and land-cover type: Walnuts.,percent,Land Cover
CAT_CDL13_77,2013 estimated percent area of flowline reach catchment that contains the land-use and land-cover type: Pears.,percent,Land Cover
CAT_CDL13_92,2013 estimated percent area of flowline reach catchment that contains the land-use and land-cover type: Aquaculture.,percent,Land Cover
CAT_CDL13_111,2013 estimated percent area of flowline reach catchment that contains the land-use and land-cover type: Open water.,percent,Land Cover
CAT_CDL13_112,2013 estimated percent area of flowline reach catchment that contains the land-use and land-cover type: Perennial ice/snow.,percent,Land Cover
CAT_CDL13_121,2013 estimated percent area of flowline reach catchment that contains the land-use and land-cover type: Developed/open space.,percent,Land Cover
CAT_CDL13_122,2013 estimated percent area of flowline reach catchment that contains the land-use and land-cover type: Developed/low intensity.,percent,Land Cover
CAT_CDL13_123,2013 estimated percent area of flowline reach catchment that contains the land-use and land-cover type: Developed/medium intensity.,percent,Land Cover
CAT_CDL13_124,2013 estimated percent area of flowline reach catchment that contains the land-use and land-cover type: Developed/high intensity.,percent,Land Cover
CAT_CDL13_131,2013 estimated percent area of flowline reach catchment that contains the land-use and land-cover type: Barren.,percent,Land Cover
CAT_CDL13_141,2013 estimated percent area of flowline reach catchment that contains the land-use and land-cover type: Deciduous forest.,percent,Land Cover
CAT_CDL13_142,2013 estimated percent area of flowline reach catchment that contains the land-use and land-cover type: Evergreen forest.,percent,Land Cover
CAT_CDL13_143,2013 estimated percent area of flowline reach catchment that contains the land-use and land-cover type: Mixed forest.,percent,Land Cover
CAT_CDL13_152,2013 estimated percent area of flowline reach catchment that contains the land-use and land-cover type: Shrubland.,percent,Land Cover
CAT_CDL13_176,2013 estimated percent area of flowline reach catchment that contains the land-use and land-cover type: Grassland/pasture.,percent,Land Cover
CAT_CDL13_190,2013 estimated percent area of flowline reach catchment that contains the land-use and land-cover type: Woody wetlands.,percent,Land Cover
CAT_CDL13_195,2013 estimated percent area of flowline reach catchment that contains the land-use and land-cover type: Herbaceous wetlands.,percent,Land Cover
CAT_CDL13_204,2013 estimated percent area of flowline reach catchment that contains the land-use and land-cover type: Pistachios.,percent,Land Cover
CAT_CDL13_205,2013 estimated percent area of flowline reach catchment that contains the land-use and land-cover type: Triticale.,percent,Land Cover
CAT_CDL13_206,2013 estimated percent area of flowline reach catchment that contains the land-use and land-cover type: Carrots.,percent,Land Cover
CAT_CDL13_207,2013 estimated percent area of flowline reach catchment that contains the land-use and land-cover type: Asparagus.,percent,Land Cover
CAT_CDL13_208,2013 estimated percent area of flowline reach catchment that contains the land-use and land-cover type: Garlic.,percent,Land Cover
CAT_CDL13_209,2013 estimated percent area of flowline reach catchment that contains the land-use and land-cover type: Cantaloupes.,percent,Land Cover
CAT_CDL13_210,2013 estimated percent area of flowline reach catchment that contains the land-use and land-cover type: Prunes.,percent,Land Cover
CAT_CDL13_211,2013 estimated percent area of flowline reach catchment that contains the land-use and land-cover type: Olives.,percent,Land Cover
CAT_CDL13_212,2013 estimated percent area of flowline reach catchment that contains the land-use and land-cover type: Oranges.,percent,Land Cover
CAT_CDL13_213,2013 estimated percent area of flowline reach catchment that contains the land-use and land-cover type: Honeydew melons.,percent,Land Cover
CAT_CDL13_214,2013 estimated percent area of flowline reach catchment that contains the land-use and land-cover type: Broccoli.,percent,Land Cover
CAT_CDL13_216,2013 estimated percent area of flowline reach catchment that contains the land-use and land-cover type: Peppers.,percent,Land Cover
CAT_CDL13_217,2013 estimated percent area of flowline reach catchment that contains the land-use and land-cover type: Pomegranates.,percent,Land Cover
CAT_CDL13_218,2013 estimated percent area of flowline reach catchment that contains the land-use and land-cover type: Nectarines.,percent,Land Cover
CAT_CDL13_219,2013 estimated percent area of flowline reach catchment that contains the land-use and land-cover type: Greens.,percent,Land Cover
CAT_CDL13_220,2013 estimated percent area of flowline reach catchment that contains the land-use and land-cover type: Plums.,percent,Land Cover
CAT_CDL13_221,2013 estimated percent area of flowline reach catchment that contains the land-use and land-cover type: Strawberries.,percent,Land Cover
CAT_CDL13_222,2013 estimated percent area of flowline reach catchment that contains the land-use and land-cover type: Squash.,percent,Land Cover
CAT_CDL13_223,2013 estimated percent area of flowline reach catchment that contains the land-use and land-cover type: Apricots.,percent,Land Cover
CAT_CDL13_224,2013 estimated percent area of flowline reach catchment that contains the land-use and land-cover type: Vetch.,percent,Land Cover
CAT_CDL13_225,2013 estimated percent area of flowline reach catchment that contains the land-use and land-cover type: Double crop winter wheat/corn.,percent,Land Cover
CAT_CDL13_226,2013 estimated percent area of flowline reach catchment that contains the land-use and land-cover type: Double crop oats/corn.,percent,Land Cover
CAT_CDL13_227,2013 estimated percent area of flowline reach catchment that contains the land-use and land-cover type: Lettuce.,percent,Land Cover
CAT_CDL13_229,2013 estimated percent area of flowline reach catchment that contains the land-use and land-cover type: Pumpkins.,percent,Land Cover
CAT_CDL13_230,2013 estimated percent area of flowline reach catchment that contains the land-use and land-cover type: Double crop lettuce/durum wheat.,percent,Land Cover
CAT_CDL13_231,2013 estimated percent area of flowline reach catchment that contains the land-use and land-cover type: Double crop lettuce/cantaloupe.,percent,Land Cover
CAT_CDL13_232,2013 estimated percent area of flowline reach catchment that contains the land-use and land-cover type: Double crop lettuce/cotton.,percent,Land Cover
CAT_CDL13_233,2013 estimated percent area of flowline reach catchment that contains the land-use and land-cover type: Double crop lettuce/barley.,percent,Land Cover
CAT_CDL13_234,2013 estimated percent area of flowline reach catchment that contains the land-use and land-cover type: Double crop durum wheat/sorghum.,percent,Land Cover
CAT_CDL13_235,2013 estimated percent area of flowline reach catchment that contains the land-use and land-cover type: Double crop barley/sorghum.,percent,Land Cover
CAT_CDL13_236,2013 estimated percent area of flowline reach catchment that contains the land-use and land-cover type: Double crop winter wheat/sorghum.,percent,Land Cover
CAT_CDL13_237,2013 estimated percent area of flowline reach catchment that contains the land-use and land-cover type: Double crop barley/corn.,percent,Land Cover
CAT_CDL13_238,2013 estimated percent area of flowline reach catchment that contains the land-use and land-cover type: Double crop winter wheat/cotton.,percent,Land Cover
CAT_CDL13_239,2013 estimated percent area of flowline reach catchment that contains the land-use and land-cover type: Double crop soybeans/cotton.,percent,Land Cover
CAT_CDL13_240,2013 estimated percent area of flowline reach catchment that contains the land-use and land-cover type: Double crop soybeans/oats.,percent,Land Cover
CAT_CDL13_241,2013 estimated percent area of flowline reach catchment that contains the land-use and land-cover type: Double crop corn/soybeans.,percent,Land Cover
CAT_CDL13_242,2013 estimated percent area of flowline reach catchment that contains the land-use and land-cover type: Blueberries.,percent,Land Cover
CAT_CDL13_243,2013 estimated percent area of flowline reach catchment that contains the land-use and land-cover type: Cabbage.,percent,Land Cover
CAT_CDL13_244,2013 estimated percent area of flowline reach catchment that contains the land-use and land-cover type: Cauliflower.,percent,Land Cover
CAT_CDL13_245,2013 estimated percent area of flowline reach catchment that contains the land-use and land-cover type: Celery.,percent,Land Cover
CAT_CDL13_246,2013 estimated percent area of flowline reach catchment that contains the land-use and land-cover type: Radishes.,percent,Land Cover
CAT_CDL13_247,2013 estimated percent area of flowline reach catchment that contains the land-use and land-cover type: Turnips.,percent,Land Cover
CAT_CDL13_248,2013 estimated percent area of flowline reach catchment that contains the land-use and land-cover type: Eggplants.,percent,Land Cover
CAT_CDL13_249,2013 estimated percent area of flowline reach catchment that contains the land-use and land-cover type: Gourds.,percent,Land Cover
CAT_CDL13_250,2013 estimated percent area of flowline reach catchment that contains the land-use and land-cover type: Cranberries.,percent,Land Cover
CAT_CDL13_254,2013 estimated percent area of flowline reach catchment that contains the land-use and land-cover type: Double crop barley/soybeans.,percent,Land Cover
CAT_AET,"mean-annual evapotranspiration, estimated by Senay and others (2013)",millimeters per year,Climate
CAT_CDL14_1,2014 estimated percent area of flowline reach catchment that contains the land-use and land-cover type: Corn.  -9999 denotes NODATA.,percent,Land Cover
CAT_CDL14_2,2014 estimated percent area of flowline reach catchment that contains the land-use and land-cover type: Cotton.  -9999 denotes NODATA.,percent,Land Cover
CAT_CDL14_3,2014 estimated percent area of flowline reach catchment that contains the land-use and land-cover type: Rice.  -9999 denotes NODATA.,percent,Land Cover
CAT_CDL14_4,2014 estimated percent area of flowline reach catchment that contains the land-use and land-cover type: Sorghum.  -9999 denotes NODATA.,percent,Land Cover
CAT_CDL14_5,2014 estimated percent area of flowline reach catchment that contains the land-use and land-cover type: Soybeans.  -9999 denotes NODATA.,percent,Land Cover
CAT_CDL14_6,2014 estimated percent area of flowline reach catchment that contains the land-use and land-cover type: Sunflower.  -9999 denotes NODATA.,percent,Land Cover
CAT_CDL14_10,2014 estimated percent area of flowline reach catchment that contains the land-use and land-cover type: Peanuts.  -9999 denotes NODATA.,percent,Land Cover
CAT_CDL14_11,2014 estimated percent area of flowline reach catchment that contains the land-use and land-cover type: Tobacco.  -9999 denotes NODATA.,percent,Land Cover
CAT_CDL14_12,2014 estimated percent area of flowline reach catchment that contains the land-use and land-cover type: Sweet corn.  -9999 denotes NODATA.,percent,Land Cover
CAT_CDL14_13,2014 estimated percent area of flowline reach catchment that contains the land-use and land-cover type: Pop or ornamental corn.  -9999 denotes NODATA.,percent,Land Cover
CAT_CDL14_14,2014 estimated percent area of flowline reach catchment that contains the land-use and land-cover type: Mint.  -9999 denotes NODATA.,percent,Land Cover
CAT_CDL14_21,2014 estimated percent area of flowline reach catchment that contains the land-use and land-cover type: Barley.  -9999 denotes NODATA.,percent,Land Cover
CAT_CDL14_22,2014 estimated percent area of flowline reach catchment that contains the land-use and land-cover type: Durum wheat.  -9999 denotes NODATA.,percent,Land Cover
CAT_CDL14_23,2014 estimated percent area of flowline reach catchment that contains the land-use and land-cover type: Spring wheat.  -9999 denotes NODATA.,percent,Land Cover
CAT_CDL14_24,2014 estimated percent area of flowline reach catchment that contains the land-use and land-cover type: Winter wheat.  -9999 denotes NODATA.,percent,Land Cover
CAT_CDL14_25,2014 estimated percent area of flowline reach catchment that contains the land-use and land-cover type: Other small grains.  -9999 denotes NODATA.,percent,Land Cover
CAT_CDL14_26,2014 estimated percent area of flowline reach catchment that contains the land-use and land-cover type: Double crop winter wheat/soybeans.  -9999 denotes NODATA.,percent,Land Cover
CAT_CDL14_27,2014 estimated percent area of flowline reach catchment that contains the land-use and land-cover type: Rye.  -9999 denotes NODATA.,percent,Land Cover
CAT_CDL14_28,2014 estimated percent area of flowline reach catchment that contains the land-use and land-cover type: Oats.  -9999 denotes NODATA.,percent,Land Cover
CAT_CDL14_29,2014 estimated percent area of flowline reach catchment that contains the land-use and land-cover type: Millet.  -9999 denotes NODATA.,percent,Land Cover
CAT_CDL14_30,2014 estimated percent area of flowline reach catchment that contains the land-use and land-cover type: Speltz.  -9999 denotes NODATA.,percent,Land Cover
CAT_CDL14_31,2014 estimated percent area of flowline reach catchment that contains the land-use and land-cover type: Canola.  -9999 denotes NODATA.,percent,Land Cover
CAT_CDL14_32,2014 estimated percent area of flowline reach catchment that contains the land-use and land-cover type: Flaxseed.  -9999 denotes NODATA.,percent,Land Cover
CAT_CDL14_33,2014 estimated percent area of flowline reach catchment that contains the land-use and land-cover type: Safflower.  -9999 denotes NODATA.,percent,Land Cover
CAT_CDL14_34,2014 estimated percent area of flowline reach catchment that contains the land-use and land-cover type: Rape seed.  -9999 denotes NODATA.,percent,Land Cover
CAT_CDL14_35,2014 estimated percent area of flowline reach catchment that contains the land-use and land-cover type: Mustard.  -9999 denotes NODATA.,percent,Land Cover
CAT_CDL14_36,2014 estimated percent area of flowline reach catchment that contains the land-use and land-cover type: Alfalfa.  -9999 denotes NODATA.,percent,Land Cover
CAT_CDL14_37,2014 estimated percent area of flowline reach catchment that contains the land-use and land-cover type: Other hay/non alfalfa.  -9999 denotes NODATA.,percent,Land Cover
CAT_CDL14_38,2014 estimated percent area of flowline reach catchment that contains the land-use and land-cover type: Camelina.  -9999 denotes NODATA.,percent,Land Cover
CAT_CDL14_39,2014 estimated percent area of flowline reach catchment that contains the land-use and land-cover type: Buckwheat.  -9999 denotes NODATA.,percent,Land Cover
CAT_CDL14_41,2014 estimated percent area of flowline reach catchment that contains the land-use and land-cover type: Sugarbeets.  -9999 denotes NODATA.,percent,Land Cover
CAT_CDL14_42,2014 estimated percent area of flowline reach catchment that contains the land-use and land-cover type: Dry beans.  -9999 denotes NODATA.,percent,Land Cover
CAT_CDL14_43,2014 estimated percent area of flowline reach catchment that contains the land-use and land-cover type: Potatoes.  -9999 denotes NODATA.,percent,Land Cover
CAT_CDL14_44,2014 estimated percent area of flowline reach catchment that contains the land-use and land-cover type: Other crops. -9999 denotes NODATA.,percent,Land Cover
CAT_CDL14_45,2014 estimated percent area of flowline reach catchment that contains the land-use and land-cover type: Sugarcane.  -9999 denotes NODATA.,percent,Land Cover
CAT_CDL14_46,2014 estimated percent area of flowline reach catchment that contains the land-use and land-cover type: Sweet potatoes.  -9999 denotes NODATA.,percent,Land Cover
CAT_CDL14_47,2014 estimated percent area of flowline reach catchment that contains the land-use and land-cover type: Miscellaneous vegetables and fruits.  -9999 denotes NODATA.,percent,Land Cover
CAT_CDL14_48,2014 estimated percent area of flowline reach catchment that contains the land-use and land-cover type: Watermelons.  -9999 denotes NODATA.,percent,Land Cover
CAT_CDL14_49,2014 estimated percent area of flowline reach catchment that contains the land-use and land-cover type: Onions.  -9999 denotes NODATA.,percent,Land Cover
CAT_CDL14_50,2014 estimated percent area of flowline reach catchment that contains the land-use and land-cover type: Cucumbers.  -9999 denotes NODATA.,percent,Land Cover
CAT_CDL14_51,2014 estimated percent area of flowline reach catchment that contains the land-use and land-cover type: Chick peas.  -9999 denotes NODATA.,percent,Land Cover
CAT_CDL14_52,2014 estimated percent area of flowline reach catchment that contains the land-use and land-cover type: Lentils.  -9999 denotes NODATA.,percent,Land Cover
CAT_CDL14_53,2014 estimated percent area of flowline reach catchment that contains the land-use and land-cover type: Peas.  -9999 denotes NODATA.,percent,Land Cover
CAT_CDL14_54,2014 estimated percent area of flowline reach catchment that contains the land-use and land-cover type: Tomatoes.  -9999 denotes NODATA.,percent,Land Cover
CAT_CDL14_55,2014 estimated percent area of flowline reach catchment that contains the land-use and land-cover type: Caneberries.  -9999 denotes NODATA.,percent,Land Cover
CAT_CDL14_56,2014 estimated percent area of flowline reach catchment that contains the land-use and land-cover type: Hops.  -9999 denotes NODATA.,percent,Land Cover
CAT_CDL14_57,2014 estimated percent area of flowline reach catchment that contains the land-use and land-cover type: Herbs.  -9999 denotes NODATA.,percent,Land Cover
CAT_CDL14_58,2014 estimated percent area of flowline reach catchment that contains the land-use and land-cover type: Clover/wild flowers.  -9999 denotes NODATA.,percent,Land Cover
CAT_CDL14_59,2014 estimated percent area of flowline reach catchment that contains the land-use and land-cover type: Sod/grass seed.  -9999 denotes NODATA.,percent,Land Cover
CAT_CDL14_60,2014 estimated percent area of flowline reach catchment that contains the land-use and land-cover type: Switchgrass.  -9999 denotes NODATA.,percent,Land Cover
CAT_CDL14_61,2014 estimated percent area of flowline reach catchment that contains the land-use and land-cover type: Fallow/idle cropland.  -9999 denotes NODATA.,percent,Land Cover
CAT_CDL14_66,2014 estimated percent area of flowline reach catchment that contains the land-use and land-cover type: Cherries.  -9999 denotes NODATA.,percent,Land Cover
CAT_CDL14_67,2014 estimated percent area of flowline reach catchment that contains the land-use and land-cover type: Peaches.  -9999 denotes NODATA.,percent,Land Cover
CAT_CDL14_68,2014 estimated percent area of flowline reach catchment that contains the land-use and land-cover type: Apples.  -9999 denotes NODATA.,percent,Land Cover
CAT_CDL14_69,2014 estimated percent area of flowline reach catchment that contains the land-use and land-cover type: Grapes.  -9999 denotes NODATA.,percent,Land Cover
CAT_CDL14_70,2014 estimated percent area of flowline reach catchment that contains the land-use and land-cover type: Christmas trees.  -9999 denotes NODATA.,percent,Land Cover
CAT_CDL14_71,2014 estimated percent area of flowline reach catchment that contains the land-use and land-cover type: Other tree crops.  -9999 denotes NODATA.,percent,Land Cover
CAT_CDL14_72,2014 estimated percent area of flowline reach catchment that contains the land-use and land-cover type: Citrus.  -9999 denotes NODATA.,percent,Land Cover
CAT_CDL14_74,2014 estimated percent area of flowline reach catchment that contains the land-use and land-cover type: Pecans.  -9999 denotes NODATA.,percent,Land Cover
CAT_CDL14_75,2014 estimated percent area of flowline reach catchment that contains the land-use and land-cover type: Almonds.  -9999 denotes NODATA.,percent,Land Cover
CAT_CDL14_76,2014 estimated percent area of flowline reach catchment that contains the land-use and land-cover type: Walnuts.  -9999 denotes NODATA.,percent,Land Cover
CAT_CDL14_77,2014 estimated percent area of flowline reach catchment that contains the land-use and land-cover type: Pears.  -9999 denotes NODATA.,percent,Land Cover
CAT_CDL14_92,2014 estimated percent area of flowline reach catchment that contains the land-use and land-cover type: Aquaculture.  -9999 denotes NODATA.,percent,Land Cover
CAT_CDL14_111,2014 estimated percent area of flowline reach catchment that contains the land-use and land-cover type: Open water.  -9999 denotes NODATA.,percent,Land Cover
CAT_CDL14_112,2014 estimated percent area of flowline reach catchment that contains the land-use and land-cover type: Perennial ice/snow.  -9999 denotes NODATA.,percent,Land Cover
CAT_CDL14_121,2014 estimated percent area of flowline reach catchment that contains the land-use and land-cover type: Developed/open space.  -9999 denotes NODATA.,percent,Land Cover
CAT_CDL14_122,2014 estimated percent area of flowline reach catchment that contains the land-use and land-cover type: Developed/low intensity.  -9999 denotes NODATA.,percent,Land Cover
CAT_CDL14_123,2014 estimated percent area of flowline reach catchment that contains the land-use and land-cover type: Developed/medium intensity.  -9999 denotes NODATA.,percent,Land Cover
CAT_CDL14_124,2014 estimated percent area of flowline reach catchment that contains the land-use and land-cover type: Developed/high intensity.  -9999 denotes NODATA.,percent,Land Cover
CAT_CDL14_131,2014 estimated percent area of flowline reach catchment that contains the land-use and land-cover type: Barren.  -9999 denotes NODATA.,percent,Land Cover
CAT_CDL14_141,2014 estimated percent area of flowline reach catchment that contains the land-use and land-cover type: Deciduous forest.  -9999 denotes NODATA.,percent,Land Cover
CAT_CDL14_142,2014 estimated percent area of flowline reach catchment that contains the land-use and land-cover type: Evergreen forest.  -9999 denotes NODATA.,percent,Land Cover
CAT_CDL14_143,2014 estimated percent area of flowline reach catchment that contains the land-use and land-cover type: Mixed forest.  -9999 denotes NODATA.,percent,Land Cover
CAT_CDL14_152,2014 estimated percent area of flowline reach catchment that contains the land-use and land-cover type: Shrubland.  -9999 denotes NODATA.,percent,Land Cover
CAT_CDL14_176,2014 estimated percent area of flowline reach catchment that contains the land-use and land-cover type: Grassland/pasture.  -9999 denotes NODATA.,percent,Land Cover
CAT_CDL14_190,2014 estimated percent area of flowline reach catchment that contains the land-use and land-cover type: Woody wetlands.  -9999 denotes NODATA.,percent,Land Cover
CAT_CDL14_195,2014 estimated percent area of flowline reach catchment that contains the land-use and land-cover type: Herbaceous wetlands.  -9999 denotes NODATA.,percent,Land Cover
CAT_CDL14_204,2014 estimated percent area of flowline reach catchment that contains the land-use and land-cover type: Pistachios.  -9999 denotes NODATA.,percent,Land Cover
CAT_CDL14_205,2014 estimated percent area of flowline reach catchment that contains the land-use and land-cover type: Triticale.  -9999 denotes NODATA.,percent,Land Cover
CAT_CDL14_206,2014 estimated percent area of flowline reach catchment that contains the land-use and land-cover type: Carrots.  -9999 denotes NODATA.,percent,Land Cover
CAT_CDL14_207,2014 estimated percent area of flowline reach catchment that contains the land-use and land-cover type: Asparagus.  -9999 denotes NODATA.,percent,Land Cover
CAT_CDL14_208,2014 estimated percent area of flowline reach catchment that contains the land-use and land-cover type: Garlic.  -9999 denotes NODATA.,percent,Land Cover
CAT_CDL14_209,2014 estimated percent area of flowline reach catchment that contains the land-use and land-cover type: Cantaloupes.  -9999 denotes NODATA.,percent,Land Cover
CAT_CDL14_210,2014 estimated percent area of flowline reach catchment that contains the land-use and land-cover type: Prunes.  -9999 denotes NODATA.,percent,Land Cover
CAT_CDL14_211,2014 estimated percent area of flowline reach catchment that contains the land-use and land-cover type: Olives.  -9999 denotes NODATA.,percent,Land Cover
CAT_CDL14_212,2014 estimated percent area of flowline reach catchment that contains the land-use and land-cover type: Oranges.  -9999 denotes NODATA.,percent,Land Cover
CAT_CDL14_213,2014 estimated percent area of flowline reach catchment that contains the land-use and land-cover type: Honeydew melons.  -9999 denotes NODATA.,percent,Land Cover
CAT_CDL14_214,2014 estimated percent area of flowline reach catchment that contains the land-use and land-cover type: Broccoli.  -9999 denotes NODATA.,percent,Land Cover
CAT_CDL14_216,2014 estimated percent area of flowline reach catchment that contains the land-use and land-cover type: Peppers.  -9999 denotes NODATA.,percent,Land Cover
CAT_CDL14_217,2014 estimated percent area of flowline reach catchment that contains the land-use and land-cover type: Pomegranates.  -9999 denotes NODATA.,percent,Land Cover
CAT_CDL14_218,2014 estimated percent area of flowline reach catchment that contains the land-use and land-cover type: Nectarines.  -9999 denotes NODATA.,percent,Land Cover
CAT_CDL14_219,2014 estimated percent area of flowline reach catchment that contains the land-use and land-cover type: Greens.  -9999 denotes NODATA.,percent,Land Cover
CAT_CDL14_220,2014 estimated percent area of flowline reach catchment that contains the land-use and land-cover type: Plums.  -9999 denotes NODATA.,percent,Land Cover
CAT_CDL14_221,2014 estimated percent area of flowline reach catchment that contains the land-use and land-cover type: Strawberries.  -9999 denotes NODATA.,percent,Land Cover
CAT_CDL14_222,2014 estimated percent area of flowline reach catchment that contains the land-use and land-cover type: Squash.  -9999 denotes NODATA.,percent,Land Cover
CAT_CDL14_223,2014 estimated percent area of flowline reach catchment that contains the land-use and land-cover type: Apricots.  -9999 denotes NODATA.,percent,Land Cover
CAT_CDL14_224,2014 estimated percent area of flowline reach catchment that contains the land-use and land-cover type: Vetch.  -9999 denotes NODATA.,percent,Land Cover
CAT_CDL14_225,2014 estimated percent area of flowline reach catchment that contains the land-use and land-cover type: Double crop winter wheat/corn. -9999 denotes NODATA.,percent,Land Cover
CAT_CDL14_226,2014 estimated percent area of flowline reach catchment that contains the land-use and land-cover type: Double crop oats/corn. -9999 denotes NODATA.,percent,Land Cover
CAT_CDL14_227,2014 estimated percent area of flowline reach catchment that contains the land-use and land-cover type: Lettuce. -9999 denotes NODATA.,percent,Land Cover
CAT_CDL14_229,2014 estimated percent area of flowline reach catchment that contains the land-use and land-cover type: Pumpkins. -9999 denotes NODATA.,percent,Land Cover
CAT_CDL14_230,2014 estimated percent area of flowline reach catchment that contains the land-use and land-cover type: Double crop lettuce/durum wheat. -9999 denotes NODATA.,percent,Land Cover
CAT_CDL14_231,2014 estimated percent area of flowline reach catchment that contains the land-use and land-cover type: Double crop lettuce/cantaloupe. -9999 denotes NODATA.,percent,Land Cover
CAT_CDL14_232,2014 estimated percent area of flowline reach catchment that contains the land-use and land-cover type: Double crop lettuce/cotton. -9999 denotes NODATA.,percent,Land Cover
CAT_CDL14_233,2014 estimated percent area of flowline reach catchment that contains the land-use and land-cover type: Double crop lettuce/barley. -9999 denotes NODATA.,percent,Land Cover
CAT_CDL14_234,2014 estimated percent area of flowline reach catchment that contains the land-use and land-cover type: Double crop durum wheat/sorghum. -9999 denotes NODATA.,percent,Land Cover
CAT_CDL14_235,2014 estimated percent area of flowline reach catchment that contains the land-use and land-cover type: Double crop barley/sorghum. -9999 denotes NODATA.,percent,Land Cover
CAT_CDL14_236,2014 estimated percent area of flowline reach catchment that contains the land-use and land-cover type: Double crop winter wheat/sorghum. -9999 denotes NODATA.,percent,Land Cover
CAT_CDL14_237,2014 estimated percent area of flowline reach catchment that contains the land-use and land-cover type: Double crop barley/corn. -9999 denotes NODATA.,percent,Land Cover
CAT_CDL14_238,2014 estimated percent area of flowline reach catchment that contains the land-use and land-cover type: Double crop winter wheat/cotton. -9999 denotes NODATA.,percent,Land Cover
CAT_CDL14_239,2014 estimated percent area of flowline reach catchment that contains the land-use and land-cover type: Double crop soybeans/cotton. -9999 denotes NODATA.,percent,Land Cover
CAT_CDL14_240,2014 estimated percent area of flowline reach catchment that contains the land-use and land-cover type: Double crop soybeans/oats. -9999 denotes NODATA.,percent,Land Cover
CAT_CDL14_241,2014 estimated percent area of flowline reach catchment that contains the land-use and land-cover type: Double crop corn/soybeans. -9999 denotes NODATA.,percent,Land Cover
CAT_CDL14_242,2014 estimated percent area of flowline reach catchment that contains the land-use and land-cover type: Blueberries. -9999 denotes NODATA.,percent,Land Cover
CAT_CDL14_243,2014 estimated percent area of flowline reach catchment that contains the land-use and land-cover type: Cabbage. -9999 denotes NODATA.,percent,Land Cover
CAT_CDL14_244,2014 estimated percent area of flowline reach catchment that contains the land-use and land-cover type: Cauliflower. -9999 denotes NODATA.,percent,Land Cover
CAT_CDL14_245,2014 estimated percent area of flowline reach catchment that contains the land-use and land-cover type: Celery. -9999 denotes NODATA.,percent,Land Cover
CAT_CDL14_246,2014 estimated percent area of flowline reach catchment that contains the land-use and land-cover type: Radishes. -9999 denotes NODATA.,percent,Land Cover
CAT_CDL14_247,2014 estimated percent area of flowline reach catchment that contains the land-use and land-cover type: Turnips. -9999 denotes NODATA.,percent,Land Cover
CAT_CDL14_248,2014 estimated percent area of flowline reach catchment that contains the land-use and land-cover type: Eggplants. -9999 denotes NODATA.,percent,Land Cover
CAT_CDL14_249,2014 estimated percent area of flowline reach catchment that contains the land-use and land-cover type: Gourds. -9999 denotes NODATA.,percent,Land Cover
CAT_CDL14_250,2014 estimated percent area of flowline reach catchment that contains the land-use and land-cover type: Cranberries. -9999 denotes NODATA.,percent,Land Cover
CAT_CDL14_254,2014 estimated percent area of flowline reach catchment that contains the land-use and land-cover type: Double crop barley/soybeans.,percent,Land Cover
CAT_WBM_AET,Average value of actual evapotranspiration (AET) from the water balance model for 2000-2014 .,mm/yr,Climate and Water Balance
CAT_WBM_PET,Average value of potential evapotranspiration (PET) from the water balance model for 2000-2014.,mm/yr,Climate and Water Balance
CAT_WBM_PPT,Average value of Precipitation (PPT) from the water balance model for 2000-2014.,mm/yr,Climate and Water Balance
CAT_WBM_RUN,Average value of runoff (RUN) from the water balance model for 2000-2014.,mm/yr,Climate and Water Balance
CAT_WBM_SNW,Average value of snowfall (SNW) from the water balance model for 2000-2014.,mm/yr,Climate and Water Balance
CAT_WBM_STO,Average value of soil moisture storage (STO) from the water balance model for 2000-2014.,millimeters,Climate and Water Balance
CAT_WBM_TAV,Average value of temperature (TAV) from the water balance model for 2000-2014.,Celsius degrees,Climate and Water Balance
CAT_ECOL3_1,level 3 ecoregion: Coast Range.,percent,Regions
CAT_ECOL3_2,level 3 ecoregion: Strait of Georgia/Puget Lowland.,percent,Regions
CAT_ECOL3_3,level 3 ecoregion: Willamette Valley.,percent,Regions
CAT_ECOL3_4,level 3 ecoregion: Cascades.,percent,Regions
CAT_ECOL3_5,level 3 ecoregion: Sierra Nevada.,percent,Regions
CAT_ECOL3_6,"level 3 ecoregion: California Coastal Sage, Chaparral, and Oak Woodlands.",percent,Regions
CAT_ECOL3_7,level 3 ecoregion: Central California Valley.,percent,Regions
CAT_ECOL3_8,level 3 ecoregion: Sourn and Baja California Pine-Oak Mountains.,percent,Regions
CAT_ECOL3_9,level 3 ecoregion: Eastern Cascades Slopes and Foothills.,percent,Regions
CAT_ECOL3_10,level 3 ecoregion: Columbia Plateau.,percent,Regions
CAT_ECOL3_11,level 3 ecoregion: Blue Mountains.,percent,Regions
CAT_ECOL3_12,level 3 ecoregion: Snake River Plain.,percent,Regions
CAT_ECOL3_13,level 3 ecoregion: Central Basin and Range.,percent,Regions
CAT_ECOL3_14,level 3 ecoregion: Mojave Basin and Range.,percent,Regions
CAT_ECOL3_15,level 3 ecoregion: Columbia Mountains/Norrn Rockies.,percent,Regions
CAT_ECOL3_16,level 3 ecoregion: Idaho Batholith.,percent,Regions
CAT_ECOL3_17,level 3 ecoregion: Middle Rockies.,percent,Regions
CAT_ECOL3_18,level 3 ecoregion: Wyoming Basin.,percent,Regions
CAT_ECOL3_19,level 3 ecoregion: Wasatch and Uinta Mountains.,percent,Regions
CAT_ECOL3_20,level 3 ecoregion: Colorado Plateaus.,percent,Regions
CAT_ECOL3_21,level 3 ecoregion: Sourn Rockies.,percent,Regions
CAT_ECOL3_22,level 3 ecoregion: Arizona/New Mexico Plateau.,percent,Regions
CAT_ECOL3_23,level 3 ecoregion: Arizona/New Mexico Mountains.,percent,Regions
CAT_ECOL3_24,level 3 ecoregion: Chihuahuan Desert.,percent,Regions
CAT_ECOL3_25,level 3 ecoregion: High Plains.,percent,Regions
CAT_ECOL3_26,level 3 ecoregion: Southwestern Tablelands.,percent,Regions
CAT_ECOL3_27,level 3 ecoregion: Central Great Plains.,percent,Regions
CAT_ECOL3_28,level 3 ecoregion: Flint Hills.,percent,Regions
CAT_ECOL3_29,level 3 ecoregion: Cross Timbers.,percent,Regions
CAT_ECOL3_30,level 3 ecoregion: Edwards Plateau.,percent,Regions
CAT_ECOL3_31,level 3 ecoregion: Sourn Texas Plains/Interior Plains and Hills with Xerophytic Shrub and Oak Forest.,percent,Regions
CAT_ECOL3_32,level 3 ecoregion: Texas Blackland Prairies.,percent,Regions
CAT_ECOL3_33,level 3 ecoregion: East Central Texas Plains.,percent,Regions
CAT_ECOL3_34,level 3 ecoregion: Western Gulf Coastal Plain.,percent,Regions
CAT_ECOL3_35,level 3 ecoregion: South Central Plains.,percent,Regions
CAT_ECOL3_36,level 3 ecoregion: Ouachita Mountains.,percent,Regions
CAT_ECOL3_37,level 3 ecoregion: Arkansas Valley.,percent,Regions
CAT_ECOL3_38,level 3 ecoregion: Boston Mountains.,percent,Regions
CAT_ECOL3_39,level 3 ecoregion: Ozark Highlands.,percent,Regions
CAT_ECOL3_40,level 3 ecoregion: Central Irregular Plains.,percent,Regions
CAT_ECOL3_41,level 3 ecoregion: Canadian Rockies.,percent,Regions
CAT_ECOL3_42,level 3 ecoregion: Northwestern Glaciated Plains.,percent,Regions
CAT_ECOL3_43,level 3 ecoregion: Northwestern Great Plains.,percent,Regions
CAT_ECOL3_44,level 3 ecoregion: Nebraska Sand Hills.,percent,Regions
CAT_ECOL3_45,level 3 ecoregion: Piedmont.,percent,Regions
CAT_ECOL3_46,level 3 ecoregion: Aspen Parkland/Norrn Glaciated Plains.,percent,Regions
CAT_ECOL3_47,level 3 ecoregion: Western Corn Belt Plains.,percent,Regions
CAT_ECOL3_48,level 3 ecoregion: Lake Manitoba and Lake Agassiz Plain.,percent,Regions
CAT_ECOL3_49,level 3 ecoregion: Norrn Minnesota Wetlands.,percent,Regions
CAT_ECOL3_50,level 3 ecoregion: Norrn Lakes and Forests .,percent,Regions
CAT_ECOL3_51,level 3 ecoregion: North Central Hardwood Forests.,percent,Regions
CAT_ECOL3_52,level 3 ecoregion: Driftless Area.,percent,Regions
CAT_ECOL3_53,level 3 ecoregion: Souastern Wisconsin Till Plains.,percent,Regions
CAT_ECOL3_54,level 3 ecoregion: Central Corn Belt Plains.,percent,Regions
CAT_ECOL3_55,level 3 ecoregion: Eastern Corn Belt Plains.,percent,Regions
CAT_ECOL3_56,level 3 ecoregion: Sourn Michigan/Norrn Indiana Drift Plains.,percent,Regions
CAT_ECOL3_57,level 3 ecoregion: Huron/Erie Lake Plains.,percent,Regions
CAT_ECOL3_58,level 3 ecoregion: Norrn Appalachian and Atlantic Maritime Highlands.,percent,Regions
CAT_ECOL3_59,level 3 ecoregion: Norastern Coastal Zone.,percent,Regions
CAT_ECOL3_60,level 3 ecoregion: Norrn Allegheny Plateau.,percent,Regions
CAT_ECOL3_61,level 3 ecoregion: Erie Drift Plain.,percent,Regions
CAT_ECOL3_62,level 3 ecoregion: North Central Appalachians.,percent,Regions
CAT_ECOL3_63,level 3 ecoregion: Middle Atlantic Coastal Plain.,percent,Regions
CAT_ECOL3_64,level 3 ecoregion: Norrn Piedmont.,percent,Regions
CAT_ECOL3_65,level 3 ecoregion: Souastern Plains.,percent,Regions
CAT_ECOL3_66,level 3 ecoregion: Blue Ridge.,percent,Regions
CAT_ECOL3_67,level 3 ecoregion: Ridge and Valley.,percent,Regions
CAT_ECOL3_68,level 3 ecoregion: Southwestern Appalachians.,percent,Regions
CAT_ECOL3_69,level 3 ecoregion: Central Appalachians.,percent,Regions
CAT_ECOL3_70,level 3 ecoregion: Western Allegheny Plateau.,percent,Regions
CAT_ECOL3_71,level 3 ecoregion: Interior Plateau.,percent,Regions
CAT_ECOL3_72,level 3 ecoregion: Interior River Valleys and Hills.,percent,Regions
CAT_ECOL3_73,level 3 ecoregion: Mississippi Alluvial Plain.,percent,Regions
CAT_ECOL3_74,level 3 ecoregion: Mississippi Valley Loess Plains.,percent,Regions
CAT_ECOL3_75,level 3 ecoregion: Sourn Coastal Plain.,percent,Regions
CAT_ECOL3_76,level 3 ecoregion: Sourn Florida Coastal Plain.,percent,Regions
CAT_ECOL3_77,level 3 ecoregion: North Cascades.,percent,Regions
CAT_ECOL3_78,level 3 ecoregion: Klamath Mountains.,percent,Regions
CAT_ECOL3_79,level 3 ecoregion: Madrean Archipelago.,percent,Regions
CAT_ECOL3_80,level 3 ecoregion: Norrn Basin and Range.,percent,Regions
CAT_ECOL3_81,level 3 ecoregion: Sonoran Desert.,percent,Regions
CAT_ECOL3_82,level 3 ecoregion: Acadian Plains and Hills.,percent,Regions
CAT_ECOL3_83,level 3 ecoregion: Eastern Great Lakes Lowlands.,percent,Regions
CAT_ECOL3_84,level 3 ecoregion: Atlantic Coastal Pine Barrens.,percent,Regions
CAT_ECOL3_85,"level 3 ecoregion: California Coastal Sage, Chaparral, and Oak Woodlands.",percent,Regions
CAT_NLCD11_11_RIP50,"Estimated percent of catchment in 50 meter riparian zone that contains the land-use and land-cover type Open Water: All areas of open water, generally with less than 25 percent cover of vegetation or soil.",percent,Land Cover
CAT_NLCD11_12_RIP50,"Estimated percent of catchment in 50 meter riparian zone that contains the land-use and land-cover type Perennial Ice/Snow: All areas characterized by a perennial cover of ice and/or snow, generally greater than 25 percent of total cover.",percent,Land Cover
CAT_NLCD11_21_RIP50,"Estimated percent of catchment in 50 meter riparian zone that contains the land-use and land-cover type Developed, Open Space: Includes areas with a mixture of some constructed materials, but mostly vegetation in the form of lawn grasses. Impervious surfaces account for less than 20 percent of total cover. These areas most commonly include large-lot single-family housing units, parks, golf courses, and vegetation planted in developed settings for recreation, erosion control, or aesthetic purposes.",percent,Land Cover
CAT_NLCD11_22_RIP50,"Estimated percent of catchment in 50 meter riparian zone that contains the land-use and land-cover type Developed, Low Intensity: Includes areas with a mixture of constructed materials and vegetation. Impervious surfaces account for 20-49 percent of total cover. These areas most commonly include single-family housing units.",percent,Land Cover
CAT_NLCD11_23_RIP50,"Estimated percent of catchment in 50 meter riparian zone that contains the land-use and land-cover type Developed, Medium Intensity: Includes areas with a mixture of constructed materials and vegetation. Impervious surfaces account for 50-79 percent of the total cover. These areas most commonly include single-family housing units.",percent,Land Cover
CAT_NLCD11_24_RIP50,"Estimated percent of catchment in 50 meter riparian zone that contains the land-use and land-cover type Developed, High Intensity: Includes highly developed areas where people reside or work in high numbers. Examples include apartment complexes, row houses, and commercial/industrial. Impervious surfaces account for 80-100 percent of the total cover.",percent,Land Cover
CAT_NLCD11_31_RIP50,"Estimated percent of catchment in 50 meter riparian zone that contains the land-use and land-cover type Barren Land (Rock/Sand/Clay): Barren areas of bedrock, desert pavement, scarps, talus, slides, volcanic material, glacial debris, sand dunes, strip mines, gravel pits, and other accumulations of earthen material. Generally, vegetation accounts for less than 15 percent of total cover.",percent,Land Cover
CAT_NLCD11_41_RIP50,"Estimated percent of catchment in 50 meter riparian zone that contains the land-use and land-cover type Deciduous Forest: Areas dominated by trees generally greater than 5 meters tall, and greater than 20 percent of total vegetation cover. More than 75 percent of the tree species shed foliage simultaneously in response to seasonal change.",percent,Land Cover
CAT_NLCD11_42_RIP50,"Estimated percent of catchment in 50 meter riparian zone that contains the land-use and land-cover type Evergreen Forest: Areas dominated by trees generally greater than 5 meters tall, and greater than 20 percent of total vegetation cover. More than 75 percent of the trees maintain their leaves all year. Canopy is never without green foliage.",percent,Land Cover
CAT_NLCD11_43_RIP50,"Estimated percent of catchment in 50 meter riparian zone that contains the land-use and land-cover type Mixed Forest: Areas dominated by trees generally greater than 5 meters tall, and greater than 20 percent of total vegetation cover. Neither deciduous nor evergreen species are greater than 75 percent of total tree cover.",percent,Land Cover
CAT_NLCD11_52_RIP50,"Estimated percent of catchment in 50 meter riparian zone that contains the land-use and land-cover type Shrub/Scrub: Areas dominated by shrubs less than 5 meters tall. Shrub canopy is typically greater than 20 percent of total vegetation. This class includes true shrubs, young trees in an early successional stage or trees stunted from environmental conditions.",percent,Land Cover
CAT_NLCD11_71_RIP50,"Estimated percent of catchment in 50 meter riparian zone that contains the land-use and land-cover type Grassland/Herbaceous: Areas dominated by graminoid or herbaceous vegetation, generally greater than 80 percent of total vegetation. These areas are not subject to intensive management such as tilling, but can be utilized for grazing.",percent,Land Cover
CAT_NLCD11_81_RIP50,"Estimated percent of catchment in 50 meter riparian zone that contains the land-use and land-cover type Pasture/Hay: Areas of grasses, legumes, or grass-legume mixtures planted for livestock grazing or the production of seed or hay crops, typically on a perennial cycle. Pasture/hay vegetation accounts for greater than 20 percent of total vegetation.",percent,Land Cover
CAT_NLCD11_82_RIP50,"Estimated percent of catchment in 50 meter riparian zone that contains the land-use and land-cover type Cultivated Crops: Areas used for the production of annual crops, such as corn, soybeans, vegetables, tobacco, and cotton, and also perennial woody crops such as orchards and vineyards. Crop vegetation accounts for greater than 20 percent of total vegetation. This class also includes all land being actively tilled.",percent,Land Cover
CAT_NLCD11_90_RIP50,Estimated percent of catchment in 50 meter riparian zone that contains the land-use and land-cover type Woody Wetlands: Areas where forest or shrubland vegetation accounts for greater than 20 percent of vegetative cover and the soil or substrate is periodically saturated with or covered with water.,percent,Land Cover
CAT_NLCD11_95_RIP50,Estimated percent of catchment in 50 meter riparian zone that contains the land-use and land-cover type Emergent Herbaceous Wetlands: Areas where perennial herbaceous vegetation accounts for greater than 80 percent of vegetative cover and the soil or substrate is periodically saturated with or covered with water.,percent,Land Cover
CAT_HLR_1,subhumid plains with permeable soils and bedrock. -9999 denotes source coverage does not cover catchment or flowline does not have a catchment.,percent,Regions
CAT_HLR_2,humid plains with permeable soils and bedrock. -9999 denotes source coverage does not cover catchment or flowline does not have a catchment.,percent,Regions
CAT_HLR_3,subhumid plains with impermeable soils and permeable bedrock. -9999 denotes source coverage does not cover catchment or flowline does not have a catchment.,percent,Regions
CAT_HLR_4,humid plains with permeable soils and bedrock. -9999 denotes source coverage does not cover catchment or flowline does not have a catchment.,percent,Regions
CAT_HLR_5,arid plains with permeable soils and bedrock. -9999 denotes source coverage does not cover catchment or flowline does not have a catchment.,percent,Regions
CAT_HLR_6,subhumid plains with impermeable soils and bedrock. -9999 denotes source coverage does not cover catchment or flowline does not have a catchment.,percent,Regions
CAT_HLR_7,humid plains with permeable soils and impermeable bedrock. -9999 denotes source coverage does not cover catchment or flowline does not have a catchment.,percent,Regions
CAT_HLR_8,semiarid plains with impermeable soils and bedrock. -9999 denotes source coverage does not cover catchment or flowline does not have a catchment.,percent,Regions
CAT_HLR_9,humid plateaus with impermeable soils and permeable bedrock. -9999 denotes source coverage does not cover catchment or flowline does not have a catchment.,percent,Regions
CAT_HLR_10,arid plateaus with impermeable soils and permeable bedrock. -9999 denotes source coverage does not cover catchment or flowline does not have a catchment.,percent,Regions
CAT_HLR_11,humid plateaus with impermeable soils and bedrock. -9999 denotes source coverage does not cover catchment or flowline does not have a catchment.,percent,Regions
CAT_HLR_12,semiarid plateaus with permeable soils and impermeable bedrock. -9999 denotes source coverage does not cover catchment or flowline does not have a catchment.,percent,Regions
CAT_HLR_13,semiarid plateaus with impermeable soils and bedrock. -9999 denotes source coverage does not cover catchment or flowline does not have a catchment.,percent,Regions
CAT_HLR_14,arid playas with permeable soils and bedrock. -9999 denotes source coverage does not cover catchment or flowline does not have a catchment.,percent,Regions
CAT_HLR_15,semiarid mountains with impermeable soils and permeable bedrock. -9999 denotes source coverage does not cover catchment or flowline does not have a catchment.,percent,Regions
CAT_HLR_16,humid mountains with permeable soils and impermeable bedrock. -9999 denotes source coverage does not cover catchment or flowline does not have a catchment.,percent,Regions
CAT_HLR_17,semiarid mountains with impermeable soils and bedrock. -9999 denotes source coverage does not cover catchment or flowline does not have a catchment.,percent,Regions
CAT_HLR_18,semiarid mountains with permeable soils and impermeable bedrock. -9999 denotes source coverage does not cover catchment or flowline does not have a catchment.,percent,Regions
CAT_HLR_19,very humid mountains with permeable soils and impermeable bedrock. -9999 denotes source coverage does not cover catchment or flowline does not have a catchment.,percent,Regions
CAT_HLR_20,humid mountains with permeable soils and impermeable bedrock. -9999 denotes source coverage does not cover catchment or flowline does not have a catchment.,percent,Regions
CAT_BEDPERM_1,Percent of NHDPlus version 2 flowline catchment whose bedrock permeability class is not a prinicpal aquifer,percent,Geology
CAT_BEDPERM_2,Percent of NHDPlus version 2 flowline catchment whose bedrock permeability class is sandstone,percent,Geology
CAT_BEDPERM_3,Percent of NHDPlus version 2 flowline catchment whose bedrock permeability class is semiconsolidated sand,percent,Geology
CAT_BEDPERM_4,Percent of NHDPlus version 2 flowline catchment whose bedrock permeability class is basalt and other volcanic rocks,percent,Geology
CAT_BEDPERM_5,Percent of NHDPlus version 2 flowline catchment whose bedrock permeability class is sandstone and carbonate rocks,percent,Geology
CAT_BEDPERM_6,Percent of NHDPlus version 2 flowline catchment whose bedrock permeability class is Unconsolidated sand and gravel,percent,Geology
CAT_BEDPERM_7,Percent of NHDPlus version 2 flowline catchment whose bedrock permeability class is Carbonate rock,percent,Geology
CAT_RUN7100,Estimated 30-year (1971-2000) average annual runoff in millimeters per year,millimeters per year,Hydrologic
CAT_BASIN_AREA,NHDPlusV2 flowline catchment area in square kilometers. -9999 denotes a flowline which has no catchment.,square kilometers,Topographic
CAT_BASIN_SLOPE,NHDPlusV2 flowline catchment's average slope in percent. -9999 denotes a flowline which has no catchment.,percent rise,Topographic
CAT_ELEV_MEAN,NHDPlusV2 flowline catchment's mean elevation in meters. -9999 denotes a flowline which has no catchment.,meters,Topographic
CAT_ELEV_MIN,NHDPlusV2 flowline catchment's minimum elevation in meters. -9999 denotes a flowline which has no catchment.,meters,Topographic
CAT_ELEV_MAX,NHDPlusV2 flowline catchment's maximum elevation in meters. -9999 denotes a flowline which has no catchment.,meters,Topographic
CAT_STREAM_SLOPE,NHDPlus version 2 flowline's average slope in percent. -9999 denotes a flow line with no change in elevation or unable to determine or flowline has no catchment.,percent rise,Topographic
CAT_STREAM_LENGTH,"NHDPlus version 2 flowline's length in kilometers taken directly from NHDPlusv2's NHDflowline shapefile's item, LENGTHKM. -9999 denotes a catchment has no flowline.",kilometers,Topographic
CAT_STRM_DENS,stream density of catchment reach,km -1,Topographic
CAT_sinuosity,unknown,unknown,Topographic
CAT_RDX,number of road and stream intersections,number of road and stream crossings,Topographic
CAT_STREAMRIVER,flowlines coded as Streams or Rivers,percent,Topographic
CAT_ARTIFICIAL,flowlines coded as Artificial paths,percent,Topographic
CAT_CANALDITCH,flowlines coded as canals or ditches,percent,Topographic
CAT_CONNECTOR,flowlines coded as connectors,percent,Topographic
CAT_PIPELINE,"Percentage of all flowline reach lengths per NHDPlusV2 catchment that is a pipe line. Pipelines are specifically man-made structures of steel, concrete, or polymers that direct surface water flows from one area to another.",percentage,Topographic
CAT_S1100,2013 TIGER Roads - Primary Road,km/sqkm,Topographic
CAT_S1200,2013 TIGER Roads - Secondary Road,km/sqkm,Topographic
CAT_S1400,"2013 TIGER Roads - Local Neighborhood Road, Rural Road, City Street",km/sqkm,Topographic
CAT_S1500,2013 TIGER Roads - Vehicular Trail (4WD),km/sqkm,Topographic
CAT_S1630,2013 TIGER Roads - Ramp,km/sqkm,Topographic
CAT_S1640,2013 TIGER Roads - Service Drive usually along a limited access highway,km/sqkm,Topographic
CAT_S1710,2013 TIGER Roads - Walkway/Pedestrian Trail,km/sqkm,Topographic
CAT_S1720,2013 TIGER Roads - Stairway,km/sqkm,Topographic
CAT_S1730,2013 TIGER Roads - Alley,km/sqkm,Topographic
CAT_S1740,"2013 TIGER Roads - Private Road for service vehicles (logging, oil fields, ranches, etc.)",km/sqkm,Topographic
CAT_S1750,2013 TIGER Roads - Internal U.S. Census Bureau use,km/sqkm,Topographic
CAT_S1780,2013 TIGER Roads - Parking Lot Road,km/sqkm,Topographic
CAT_S1820,2013 TIGER Roads - Bike Path or Trail,km/sqkm,Topographic
CAT_S1830,2013 TIGER Roads - Bridle Path,km/sqkm,Topographic
CAT_TOTAL_ROAD_DENS,Density of all road types per NHDPlusV2 catchment. Density is defined as the length of road divided by the catchment area.,kilometer of roads per square kilometer,Topographic
CAT_PLAYA,Percent playas.,percent,Land Cover
CAT_ICEMASS,Percent ice mass.,percent,Land Cover
CAT_LAKEPOND,Percent lakes or ponds.,percent,Land Cover
CAT_RESERVOIR,Percent reservoirs.,percent,Land Cover
CAT_SWAMPMARSH,Percent of NHDPlusV2 catchment that contains swamps or marshes. -9999 denotes flowline reach has no catchment.,percentage,Land Cover
CAT_ESTUARY,Percent estuaries.,percent,Land Cover
CAT_PEST219,"Estimate of agricultural pesticide application (219 types), kg/sq km, from Census of Ag 1997, based on county-wide sales and percent agricultural land cover in watershed",kg/sqkm,Chemical
CAT_NPDES_MAJ_DENS,Density of major NPDES sites,sites per 100 square kilometers,Hydrologic Modifications
CAT_NPDES_MAJ,Number of major NPDES sites,count,Hydrologic Modifications
CAT_FRESHWATER_WD,freshwater withdrawals from 1995-2000 county-level estimates,megaliters per square kilometer,Water Use
CAT_SOLLER_11,"surficial materials: Alluvial sediments, thin, less than 100 feet thick; Holocene to Pliocene geologic age.",percent,Geology
CAT_SOLLER_12,"surficial materials: Alluvial sediments, thick, greater than 100 feet. Holocene to Pliocene geologic age.",percent,Geology
CAT_SOLLER_101,surficial materials:Biological sediments less than 100 feet thick. Holocene to middle Pleistocene geologic age.,percent,Geology
CAT_SOLLER_211,"surficial materials: Coastal zone sediments, mostly fine-grained less than 100 feet thick. Holocene to Pliocene geologic age.",percent,Geology
CAT_SOLLER_221,"surficial materials: Coastal zone sediments, mostly medium-grained. Holocene to Pliocene geologic age.",percent,Geology
CAT_SOLLER_311,"surficial materials: Eolian sediments, mostly loess, thin, less than 100 feet. Holocene to Pleistocene geologic age.",percent,Geology
CAT_SOLLER_312,"surficial materials: Eolian sediments, mostly loess, thick, greater than 100 feet thick. Holocene to Pleistocene geologic age.",percent,Geology
CAT_SOLLER_321,"surficial materials: Eolian sediments, mostly dune sand, thin, less than 100 feet thick. Holocene to Pleistocene geologic age.",percent,Geology
CAT_SOLLER_322,"surficial materials: Eolian sediments, mostly dune sand, thick, greater than 100 feet thick. Holocene to Pleistocene geologic age.",percent,Geology
CAT_SOLLER_331,surficial materials: Eolian sediments on southern High Plains less than 100 feet thick. Holocene to Pleistocene geologic age.,percent,Geology
CAT_SOLLER_410,"surficial materials: Glacial till sediments, mostly clayey, discontinuous or patchy in distribution. late Wisconsinan to pre-Illinoian geologic age.",percent,Geology
CAT_SOLLER_411,"surficial materials: Glacial till sediments, mostly clayey, thin, less than 100 feet thick. late Wisconsinan to pre-Illinoian geologic age.",percent,Geology
CAT_SOLLER_412,"surficial materials: Glacial till sediments, mostly clayey, thick, greater than 100 feet thick. late Wisconsinan to pre-Illinoian geologic age.",percent,Geology
CAT_SOLLER_420,"surficial materials: Glacial till sediments, mostly silty, discontinuous or patchy in distribution. late Wisconsinan to pre-Illinoian geologic age.",percent,Geology
CAT_SOLLER_421,"surficial materials: Glacial till sediments, mostly silty, thin, less than 100 feet thick. late Wisconsinan to pre-Illinoian geologic age.",percent,Geology
CAT_SOLLER_422,"surficial materials: Glacial till sediments, mostly silty, thick, greater than 100 feet thick. late Wisconsinan to pre-Illinoian geologic age.",percent,Geology
CAT_SOLLER_430,"surficial materials: Glacial till sediments, mostly sandy, discontinuous or patchy in distribution. late Wisconsinan to pre-Illinoian geologic age.",percent,Geology
CAT_SOLLER_431,"surficial materials: Glacial till sediments, mostly sandy, thin, less than 100 feet thick. late Wisconsinan to pre-Illinoian geologic age.",percent,Geology
CAT_SOLLER_450,"surficial materials: Glaciofluvial ice-contact sediments, mostly sand and gravel, discontinuous or patchy in distribution. late Wisconsinan to Illinoian geologic age.",percent,Geology
CAT_SOLLER_451,"surficial materials: Glaciofluvial ice-contact sediments, mostly sand and gravel, thin, less than 100 feet thick. late Wisconsinan to Illinoian geologic age.",percent,Geology
CAT_SOLLER_452,"surficial materials: Glaciofluvial ice-contact sediments, mostly sand and gravel, thick, greater than 100 feet. late Wisconsinan to Illinoian geologic age.",percent,Geology
CAT_SOLLER_511,"surficial materials: Lacustrine sediments, less than 100 feet thick. Holocene to Pliocene.",percent,Geology
CAT_SOLLER_521,"surficial materials: Playa sediments, less than 100 feet thick. Holocene to Pliocene geologic age.",percent,Geology
CAT_SOLLER_610,"surficial materials: Colluvial sediments, discontinuous or patchy in distribution. Holocene to Tertiary geologic age.",percent,Geology
CAT_SOLLER_611,"surficial materials: Colluvial sediments, thin, less than 100 feet thick. Holocene to Tertiary geologic age.",percent,Geology
CAT_SOLLER_620,"surficial materials: Colluvial and alluvial sediments, discontinuous or patchy in distribution. Holocene to Tertiary geologic age.",percent,Geology
CAT_SOLLER_630,"surficial materials: Colluvial sediments and loess, discontinuous or patchy in distribution. Holocene to Tertiary geologic age.",percent,Geology
CAT_SOLLER_640,"surficial materials: Colluvial sediments and residual material, discontinuous or patchy in distribution. Holocene to Tertiary geologic age.",percent,Geology
CAT_SOLLER_701,"surficial materials: Organic-rich muck and peat, thin, less than 100 feet thick. Holocene to late Pleistocene geologic age.",percent,Geology
CAT_SOLLER_702,"surficial materials: Organic-rich muck and peat, thick, greater than 100 feet thick. Holocene to late Pleistocene geologic age.",percent,Geology
CAT_SOLLER_810,"surficial materials: Proglacial sediments, mostly fine grained, discontinuous and patchy in distribution. late Wisconsinan to pre-Illinoian geologic age.",percent,Geology
CAT_SOLLER_811,"surficial materials: Proglacial sediments, mostly fine grained, thin, less than 100 feet thick. late Wisconsinan to pre-Illinoian geologic age.",percent,Geology
CAT_SOLLER_812,"surficial materials: Proglacial sediments, mostly fine grained, thick, greater than 100 feet thick. late Wisconsinan to pre-Illinoian geologic age.",percent,Geology
CAT_SOLLER_820,"surficial materials: Proglacial sediments, mostly coarse-grained, discontinuous or patchy in distribution. late Wisconsinan to pre-Illinoian geologic age.",percent,Geology
CAT_SOLLER_821,"surficial materials: Proglacial sediments, mostly coarse-grained, thin, less than 100 feet thick. late Wisconsinan to pre-Illinoian geologic age.",percent,Geology
CAT_SOLLER_822,"surficial materials: Proglacial sediments, mostly coarse-grained, thick, greater than 100 feet thick. late Wisconsinan to pre-Illinoian geologic age.",percent,Geology
CAT_SOLLER_910,"surficial materials: Residual materials developed in igneous and metamorphic rocks, discontinuous or patchy in distribution. Holocene to Tertiary geologic age.",percent,Geology
CAT_SOLLER_920,"surficial materials: Residual materials developed in sedimentary rocks, discontinuous or patchy in distribution. Holocene to Tertiary geologic age.",percent,Geology
CAT_SOLLER_921,"surficial materials: Residual materials developed in sedimentary rocks, thin, less than 100 feet thick. Holocene to Tertiary geologic age.",percent,Geology
CAT_SOLLER_930,"surficial materials: Residual materials developed in fine-grained sedimentary rocks, discontinuous or patchy in distribution. Holocene to Tertiary geologic age.",percent,Geology
CAT_SOLLER_940,"surficial materials: Residual materials developed in carbonate rocks, discontinuous or patchy in distribution. Holocene to Tertiary geologic age.",percent,Geology
CAT_SOLLER_941,"surficial materials: Residual materials developed in carbonate rocks, thin, less than 100 feet. Holocene to Tertiary geologic age.",percent,Geology
CAT_SOLLER_950,"surficial materials: Residual materials developed in alluvial sediments, discontinuous or patchy in distribution. Holocene to Tertiary geologic age.",percent,Geology
CAT_SOLLER_960,"surficial materials: Residual materials developed in bedrock, with alluvial sediments, discontinuous or patchy in distribution. Holocene to Tertiary geologic age.",percent,Geology
CAT_SOLLER_961,"surficial materials: Residual materials developed in bedrock, with alluvial sediments, thin, less than 100 feet thick. Holocene to Tertiary geologic age.",percent,Geology
CAT_SOLLER_970,"surficial materials: Residual materials developed in bedrock, discontinuous or patchy in distribution. Holocene to Tertiary geologic age.",percent,Geology
CAT_SOLLER_971,"surficial materials: Residual materials developed in bedrock, thin, less than 100 feet thick. Holocene to Tertiary geologic age.",percent,Geology
CAT_SOLLER_980,"surficial materials: Volcanic rocks, basaltic and andesitic less than 100 feet thick. v geologic age.",percent,Geology
CAT_SOLLER_985,"surficial materials: Volcanic rocks, rhyolitic less than 100 feet thick. Holocene to Pliocene geologic age.",percent,Geology
CAT_SOLLER_999,surficial materials: Water.,percent,Geology
CAT_PHYSIO_0,Estimated percent of catchment that is designated as nothing. Mostly the waterways around Long Island Sound and Massachusetts Bay.,percent,Regions
CAT_PHYSIO_1,Physiographic province Superior Uplands covers.,percent,Regions
CAT_PHYSIO_3,Physiographic province Coastal Plain covers.,percent,Regions
CAT_PHYSIO_4,Physiographic province Piedmont covers.,percent,Regions
CAT_PHYSIO_5,Physiographic province Blue Ridge covers.,percent,Regions
CAT_PHYSIO_6,Physiographic province Valley and Ridge covers.,percent,Regions
CAT_PHYSIO_7,Physiographic province St. Lawrence Valley covers.,percent,Regions
CAT_PHYSIO_8,Physiographic province Appalachian Plateaus covers.,percent,Regions
CAT_PHYSIO_9,Physiographic province New England covers.,percent,Regions
CAT_PHYSIO_10,Physiographic province Adirondack covers.,percent,Regions
CAT_PHYSIO_11,Physiographic province Interior Low Plateaus covers.,percent,Regions
CAT_PHYSIO_12,Physiographic province Central Lowland covers.,percent,Regions
CAT_PHYSIO_13,Physiographic province Great Plains covers.,percent,Regions
CAT_PHYSIO_14,Physiographic province Ozark Plateaus covers.,percent,Regions
CAT_PHYSIO_15,Physiographic province Ouachita covers.,percent,Regions
CAT_PHYSIO_16,Physiographic province Southern Rocky Mountains covers.,percent,Regions
CAT_PHYSIO_17,Physiographic province Wyoming Basin covers.,percent,Regions
CAT_PHYSIO_18,Physiographic province Middle Rocky Mountains covers.,percent,Regions
CAT_PHYSIO_19,Physiographic province Northern Rocky Mountains covers.,percent,Regions
CAT_PHYSIO_20,Physiographic province Columbia Plateau covers.,percent,Regions
CAT_PHYSIO_21,Physiographic province Colorado Plateaus covers.,percent,Regions
CAT_PHYSIO_22,Physiographic province CBasin And Range covers.,percent,Regions
CAT_PHYSIO_23,Physiographic province Cascade-Sierra Mountains covers.,percent,Regions
CAT_PHYSIO_24,Physiographic province Pacific Border covers.,percent,Regions
CAT_PHYSIO_25,Physiographic province Lower Californian covers.,percent,Regions
CAT_PHYSIO_AREA,Percent area of catchment that each physiographic province covers.,percent,Regions
CAT_DEP_CA_2010,National Atmospheric Deposition Program (NADP) National Trends Network average of annual precipitation-weighted mean atmospheric deposition of Calcium,kilograms per hectare,Chemical
CAT_DEP_NO3_2010,National Atmospheric Deposition Program (NADP) National Trends Network average of annual precipitation-weighted mean atmospheric deposition of Nitrate,kilograms per hectare,Chemical
CAT_DEP_SO4_2010,National Atmospheric Deposition Program (NADP) National Trends Network average of annual precipitation-weighted mean atmospheric deposition of Sulfate,kilograms per hectare,Chemical
CAT_DEP_N_2010,National Atmospheric Deposition Program (NADP) National Trends Network average of annual precipitation-weighted mean atmospheric deposition of Inorganic Nitrogen,kilograms per hectare,Chemical
CAT_DEP_MG_2010,National Atmospheric Deposition Program (NADP) National Trends Network average of annual precipitation-weighted mean atmospheric deposition of Magnesium,kilograms per hectare,Chemical
CAT_DEP_NH4_2010,National Atmospheric Deposition Program (NADP) National Trends Network average of annual precipitation-weighted mean atmospheric deposition of Ammoniu,kilograms per hectare,Chemical
CAT_DEP_CL_2010,National Atmospheric Deposition Program (NADP) National Trends Network average of annual precipitation-weighted mean atmospheric deposition of Chloride,kilograms per hectare,Chemical
CAT_DEP_CA_2007,National Atmospheric Deposition Program (NADP) National Trends Network average of annual precipitation-weighted mean atmospheric deposition of Calcium,kilograms per hectare,Chemical
CAT_DEP_NO3_2007,National Atmospheric Deposition Program (NADP) National Trends Network average of annual precipitation-weighted mean atmospheric deposition of Nitrate,kilograms per hectare,Chemical
CAT_DEP_SO4_2007,National Atmospheric Deposition Program (NADP) National Trends Network average of annual precipitation-weighted mean atmospheric deposition of Sulfate,kilograms per hectare,Chemical
CAT_DEP_N_2007,National Atmospheric Deposition Program (NADP) National Trends Network average of annual precipitation-weighted mean atmospheric deposition of Inorganic Nitrogen,kilograms per hectare,Chemical
CAT_DEP_MG_2007,National Atmospheric Deposition Program (NADP) National Trends Network average of annual precipitation-weighted mean atmospheric deposition of Magnesium,kilograms per hectare,Chemical
CAT_DEP_NH4_2007,National Atmospheric Deposition Program (NADP) National Trends Network average of annual precipitation-weighted mean atmospheric deposition of Ammoniu,kilograms per hectare,Chemical
CAT_DEP_CL_2007,National Atmospheric Deposition Program (NADP) National Trends Network average of annual precipitation-weighted mean atmospheric deposition of Chloride,kilograms per hectare,Chemical
CAT_DEP_CA_2013,National Atmospheric Deposition Program (NADP) National Trends Network average of annual precipitation-weighted mean atmospheric deposition of Calcium,kilograms per hectare,Chemical
CAT_DEP_NO3_2013,National Atmospheric Deposition Program (NADP) National Trends Network average of annual precipitation-weighted mean atmospheric deposition of Nitrate,kilograms per hectare,Chemical
CAT_DEP_SO4_2013,National Atmospheric Deposition Program (NADP) National Trends Network average of annual precipitation-weighted mean atmospheric deposition of Sulfate,kilograms per hectare,Chemical
CAT_DEP_N_2013,National Atmospheric Deposition Program (NADP) National Trends Network average of annual precipitation-weighted mean atmospheric deposition of Inorganic Nitrogen,kilograms per hectare,Chemical
CAT_DEP_MG_2013,National Atmospheric Deposition Program (NADP) National Trends Network average of annual precipitation-weighted mean atmospheric deposition of Magnesium,kilograms per hectare,Chemical
CAT_DEP_NH4_2013,National Atmospheric Deposition Program (NADP) National Trends Network average of annual precipitation-weighted mean atmospheric deposition of Ammoniu,kilograms per hectare,Chemical
CAT_DEP_CL_2013,National Atmospheric Deposition Program (NADP) National Trends Network average of annual precipitation-weighted mean atmospheric deposition of Chloride,kilograms per hectare,Chemical
CAT_DEP_CA_2009,National Atmospheric Deposition Program (NADP) National Trends Network average of annual precipitation-weighted mean atmospheric deposition of Calcium,kilograms per hectare,Chemical
CAT_DEP_NO3_2009,National Atmospheric Deposition Program (NADP) National Trends Network average of annual precipitation-weighted mean atmospheric deposition of Nitrate,kilograms per hectare,Chemical
CAT_DEP_SO4_2009,National Atmospheric Deposition Program (NADP) National Trends Network average of annual precipitation-weighted mean atmospheric deposition of Sulfate,kilograms per hectare,Chemical
CAT_DEP_N_2009,National Atmospheric Deposition Program (NADP) National Trends Network average of annual precipitation-weighted mean atmospheric deposition of Inorganic Nitrogen,kilograms per hectare,Chemical
CAT_DEP_MG_2009,National Atmospheric Deposition Program (NADP) National Trends Network average of annual precipitation-weighted mean atmospheric deposition of Magnesium,kilograms per hectare,Chemical
CAT_DEP_NH4_2009,National Atmospheric Deposition Program (NADP) National Trends Network average of annual precipitation-weighted mean atmospheric deposition of Ammoniu,kilograms per hectare,Chemical
CAT_DEP_CL_2009,National Atmospheric Deposition Program (NADP) National Trends Network average of annual precipitation-weighted mean atmospheric deposition of Chloride,kilograms per hectare,Chemical
CAT_DEP_CA_2011,National Atmospheric Deposition Program (NADP) National Trends Network average of annual precipitation-weighted mean atmospheric deposition of Calcium,kilograms per hectare,Chemical
CAT_DEP_NO3_2011,National Atmospheric Deposition Program (NADP) National Trends Network average of annual precipitation-weighted mean atmospheric deposition of Nitrate,kilograms per hectare,Chemical
CAT_DEP_SO4_2011,National Atmospheric Deposition Program (NADP) National Trends Network average of annual precipitation-weighted mean atmospheric deposition of Sulfate,kilograms per hectare,Chemical
CAT_DEP_N_2011,National Atmospheric Deposition Program (NADP) National Trends Network average of annual precipitation-weighted mean atmospheric deposition of Inorganic Nitrogen,kilograms per hectare,Chemical
CAT_DEP_MG_2011,National Atmospheric Deposition Program (NADP) National Trends Network average of annual precipitation-weighted mean atmospheric deposition of Magnesium,kilograms per hectare,Chemical
CAT_DEP_NH4_2011,National Atmospheric Deposition Program (NADP) National Trends Network average of annual precipitation-weighted mean atmospheric deposition of Ammoniu,kilograms per hectare,Chemical
CAT_DEP_CL_2011,National Atmospheric Deposition Program (NADP) National Trends Network average of annual precipitation-weighted mean atmospheric deposition of Chloride,kilograms per hectare,Chemical
CAT_DEP_CA_2012,National Atmospheric Deposition Program (NADP) National Trends Network average of annual precipitation-weighted mean atmospheric deposition of Calcium,kilograms per hectare,Chemical
CAT_DEP_NO3_2012,National Atmospheric Deposition Program (NADP) National Trends Network average of annual precipitation-weighted mean atmospheric deposition of Nitrate,kilograms per hectare,Chemical
CAT_DEP_SO4_2012,National Atmospheric Deposition Program (NADP) National Trends Network average of annual precipitation-weighted mean atmospheric deposition of Sulfate,kilograms per hectare,Chemical
CAT_DEP_N_2012,National Atmospheric Deposition Program (NADP) National Trends Network average of annual precipitation-weighted mean atmospheric deposition of Inorganic Nitrogen,kilograms per hectare,Chemical
CAT_DEP_MG_2012,National Atmospheric Deposition Program (NADP) National Trends Network average of annual precipitation-weighted mean atmospheric deposition of Magnesium,kilograms per hectare,Chemical
CAT_DEP_NH4_2012,National Atmospheric Deposition Program (NADP) National Trends Network average of annual precipitation-weighted mean atmospheric deposition of Ammoniu,kilograms per hectare,Chemical
CAT_DEP_CL_2012,National Atmospheric Deposition Program (NADP) National Trends Network average of annual precipitation-weighted mean atmospheric deposition of Chloride,kilograms per hectare,Chemical
CAT_DEP_CA_1988,National Atmospheric Deposition Program (NADP) National Trends Network average of annual precipitation-weighted mean atmospheric deposition of Calcium,kilograms per hectare,Chemical
CAT_DEP_NO3_1988,National Atmospheric Deposition Program (NADP) National Trends Network average of annual precipitation-weighted mean atmospheric deposition of Nitrate,kilograms per hectare,Chemical
CAT_DEP_SO4_1988,National Atmospheric Deposition Program (NADP) National Trends Network average of annual precipitation-weighted mean atmospheric deposition of Sulfate,kilograms per hectare,Chemical
CAT_DEP_N_1988,National Atmospheric Deposition Program (NADP) National Trends Network average of annual precipitation-weighted mean atmospheric deposition of Inorganic Nitrogen,kilograms per hectare,Chemical
CAT_DEP_MG_1988,National Atmospheric Deposition Program (NADP) National Trends Network average of annual precipitation-weighted mean atmospheric deposition of Magnesium,kilograms per hectare,Chemical
CAT_DEP_NH4_1988,National Atmospheric Deposition Program (NADP) National Trends Network average of annual precipitation-weighted mean atmospheric deposition of Ammoniu,kilograms per hectare,Chemical
CAT_DEP_CL_1988,National Atmospheric Deposition Program (NADP) National Trends Network average of annual precipitation-weighted mean atmospheric deposition of Chloride,kilograms per hectare,Chemical
CAT_DEP_CA_1997,National Atmospheric Deposition Program (NADP) National Trends Network average of annual precipitation-weighted mean atmospheric deposition of Calcium,kilograms per hectare,Chemical
CAT_DEP_NO3_1997,National Atmospheric Deposition Program (NADP) National Trends Network average of annual precipitation-weighted mean atmospheric deposition of Nitrate,kilograms per hectare,Chemical
CAT_DEP_SO4_1997,National Atmospheric Deposition Program (NADP) National Trends Network average of annual precipitation-weighted mean atmospheric deposition of Sulfate,kilograms per hectare,Chemical
CAT_DEP_N_1997,National Atmospheric Deposition Program (NADP) National Trends Network average of annual precipitation-weighted mean atmospheric deposition of Inorganic Nitrogen,kilograms per hectare,Chemical
CAT_DEP_MG_1997,National Atmospheric Deposition Program (NADP) National Trends Network average of annual precipitation-weighted mean atmospheric deposition of Magnesium,kilograms per hectare,Chemical
CAT_DEP_NH4_1997,National Atmospheric Deposition Program (NADP) National Trends Network average of annual precipitation-weighted mean atmospheric deposition of Ammoniu,kilograms per hectare,Chemical
CAT_DEP_CL_1997,National Atmospheric Deposition Program (NADP) National Trends Network average of annual precipitation-weighted mean atmospheric deposition of Chloride,kilograms per hectare,Chemical
CAT_DEP_CA_2000,National Atmospheric Deposition Program (NADP) National Trends Network average of annual precipitation-weighted mean atmospheric deposition of Calcium,kilograms per hectare,Chemical
CAT_DEP_NO3_2000,National Atmospheric Deposition Program (NADP) National Trends Network average of annual precipitation-weighted mean atmospheric deposition of Nitrate,kilograms per hectare,Chemical
CAT_DEP_SO4_2000,National Atmospheric Deposition Program (NADP) National Trends Network average of annual precipitation-weighted mean atmospheric deposition of Sulfate,kilograms per hectare,Chemical
CAT_DEP_N_2000,National Atmospheric Deposition Program (NADP) National Trends Network average of annual precipitation-weighted mean atmospheric deposition of Inorganic Nitrogen,kilograms per hectare,Chemical
CAT_DEP_MG_2000,National Atmospheric Deposition Program (NADP) National Trends Network average of annual precipitation-weighted mean atmospheric deposition of Magnesium,kilograms per hectare,Chemical
CAT_DEP_NH4_2000,National Atmospheric Deposition Program (NADP) National Trends Network average of annual precipitation-weighted mean atmospheric deposition of Ammoniu,kilograms per hectare,Chemical
CAT_DEP_CL_2000,National Atmospheric Deposition Program (NADP) National Trends Network average of annual precipitation-weighted mean atmospheric deposition of Chloride,kilograms per hectare,Chemical
CAT_DEP_CA_2008,National Atmospheric Deposition Program (NADP) National Trends Network average of annual precipitation-weighted mean atmospheric deposition of Calcium,kilograms per hectare,Chemical
CAT_DEP_NO3_2008,National Atmospheric Deposition Program (NADP) National Trends Network average of annual precipitation-weighted mean atmospheric deposition of Nitrate,kilograms per hectare,Chemical
CAT_DEP_SO4_2008,National Atmospheric Deposition Program (NADP) National Trends Network average of annual precipitation-weighted mean atmospheric deposition of Sulfate,kilograms per hectare,Chemical
CAT_DEP_N_2008,National Atmospheric Deposition Program (NADP) National Trends Network average of annual precipitation-weighted mean atmospheric deposition of Inorganic Nitrogen,kilograms per hectare,Chemical
CAT_DEP_MG_2008,National Atmospheric Deposition Program (NADP) National Trends Network average of annual precipitation-weighted mean atmospheric deposition of Magnesium,kilograms per hectare,Chemical
CAT_DEP_NH4_2008,National Atmospheric Deposition Program (NADP) National Trends Network average of annual precipitation-weighted mean atmospheric deposition of Ammoniu,kilograms per hectare,Chemical
CAT_DEP_CL_2008,National Atmospheric Deposition Program (NADP) National Trends Network average of annual precipitation-weighted mean atmospheric deposition of Chloride,kilograms per hectare,Chemical
CAT_DEP_CA_2005,National Atmospheric Deposition Program (NADP) National Trends Network average of annual precipitation-weighted mean atmospheric deposition of Calcium,kilograms per hectare,Chemical
CAT_DEP_NO3_2005,National Atmospheric Deposition Program (NADP) National Trends Network average of annual precipitation-weighted mean atmospheric deposition of Nitrate,kilograms per hectare,Chemical
CAT_DEP_SO4_2005,National Atmospheric Deposition Program (NADP) National Trends Network average of annual precipitation-weighted mean atmospheric deposition of Sulfate,kilograms per hectare,Chemical
CAT_DEP_N_2005,National Atmospheric Deposition Program (NADP) National Trends Network average of annual precipitation-weighted mean atmospheric deposition of Inorganic Nitrogen,kilograms per hectare,Chemical
CAT_DEP_MG_2005,National Atmospheric Deposition Program (NADP) National Trends Network average of annual precipitation-weighted mean atmospheric deposition of Magnesium,kilograms per hectare,Chemical
CAT_DEP_NH4_2005,National Atmospheric Deposition Program (NADP) National Trends Network average of annual precipitation-weighted mean atmospheric deposition of Ammoniu,kilograms per hectare,Chemical
CAT_DEP_CL_2005,National Atmospheric Deposition Program (NADP) National Trends Network average of annual precipitation-weighted mean atmospheric deposition of Chloride,kilograms per hectare,Chemical
CAT_DEP_CA_2006,National Atmospheric Deposition Program (NADP) National Trends Network average of annual precipitation-weighted mean atmospheric deposition of Calcium,kilograms per hectare,Chemical
CAT_DEP_NO3_2006,National Atmospheric Deposition Program (NADP) National Trends Network average of annual precipitation-weighted mean atmospheric deposition of Nitrate,kilograms per hectare,Chemical
CAT_DEP_SO4_2006,National Atmospheric Deposition Program (NADP) National Trends Network average of annual precipitation-weighted mean atmospheric deposition of Sulfate,kilograms per hectare,Chemical
CAT_DEP_N_2006,National Atmospheric Deposition Program (NADP) National Trends Network average of annual precipitation-weighted mean atmospheric deposition of Inorganic Nitrogen,kilograms per hectare,Chemical
CAT_DEP_MG_2006,National Atmospheric Deposition Program (NADP) National Trends Network average of annual precipitation-weighted mean atmospheric deposition of Magnesium,kilograms per hectare,Chemical
CAT_DEP_NH4_2006,National Atmospheric Deposition Program (NADP) National Trends Network average of annual precipitation-weighted mean atmospheric deposition of Ammoniu,kilograms per hectare,Chemical
CAT_DEP_CL_2006,National Atmospheric Deposition Program (NADP) National Trends Network average of annual precipitation-weighted mean atmospheric deposition of Chloride,kilograms per hectare,Chemical
CAT_DEP_CA_2001,National Atmospheric Deposition Program (NADP) National Trends Network average of annual precipitation-weighted mean atmospheric deposition of Calcium,kilograms per hectare,Chemical
CAT_DEP_NO3_2001,National Atmospheric Deposition Program (NADP) National Trends Network average of annual precipitation-weighted mean atmospheric deposition of Nitrate,kilograms per hectare,Chemical
CAT_DEP_SO4_2001,National Atmospheric Deposition Program (NADP) National Trends Network average of annual precipitation-weighted mean atmospheric deposition of Sulfate,kilograms per hectare,Chemical
CAT_DEP_N_2001,National Atmospheric Deposition Program (NADP) National Trends Network average of annual precipitation-weighted mean atmospheric deposition of Inorganic Nitrogen,kilograms per hectare,Chemical
CAT_DEP_MG_2001,National Atmospheric Deposition Program (NADP) National Trends Network average of annual precipitation-weighted mean atmospheric deposition of Magnesium,kilograms per hectare,Chemical
CAT_DEP_NH4_2001,National Atmospheric Deposition Program (NADP) National Trends Network average of annual precipitation-weighted mean atmospheric deposition of Ammoniu,kilograms per hectare,Chemical
CAT_DEP_CL_2001,National Atmospheric Deposition Program (NADP) National Trends Network average of annual precipitation-weighted mean atmospheric deposition of Chloride,kilograms per hectare,Chemical
CAT_DEP_CA_2004,National Atmospheric Deposition Program (NADP) National Trends Network average of annual precipitation-weighted mean atmospheric deposition of Calcium,kilograms per hectare,Chemical
CAT_DEP_NO3_2004,National Atmospheric Deposition Program (NADP) National Trends Network average of annual precipitation-weighted mean atmospheric deposition of Nitrate,kilograms per hectare,Chemical
CAT_DEP_SO4_2004,National Atmospheric Deposition Program (NADP) National Trends Network average of annual precipitation-weighted mean atmospheric deposition of Sulfate,kilograms per hectare,Chemical
CAT_DEP_N_2004,National Atmospheric Deposition Program (NADP) National Trends Network average of annual precipitation-weighted mean atmospheric deposition of Inorganic Nitrogen,kilograms per hectare,Chemical
CAT_DEP_MG_2004,National Atmospheric Deposition Program (NADP) National Trends Network average of annual precipitation-weighted mean atmospheric deposition of Magnesium,kilograms per hectare,Chemical
CAT_DEP_NH4_2004,National Atmospheric Deposition Program (NADP) National Trends Network average of annual precipitation-weighted mean atmospheric deposition of Ammoniu,kilograms per hectare,Chemical
CAT_DEP_CL_2004,National Atmospheric Deposition Program (NADP) National Trends Network average of annual precipitation-weighted mean atmospheric deposition of Chloride,kilograms per hectare,Chemical
CAT_DEP_CA_2002,National Atmospheric Deposition Program (NADP) National Trends Network average of annual precipitation-weighted mean atmospheric deposition of Calcium,kilograms per hectare,Chemical
CAT_DEP_NO3_2002,National Atmospheric Deposition Program (NADP) National Trends Network average of annual precipitation-weighted mean atmospheric deposition of Nitrate,kilograms per hectare,Chemical
CAT_DEP_SO4_2002,National Atmospheric Deposition Program (NADP) National Trends Network average of annual precipitation-weighted mean atmospheric deposition of Sulfate,kilograms per hectare,Chemical
CAT_DEP_N_2002,National Atmospheric Deposition Program (NADP) National Trends Network average of annual precipitation-weighted mean atmospheric deposition of Inorganic Nitrogen,kilograms per hectare,Chemical
CAT_DEP_MG_2002,National Atmospheric Deposition Program (NADP) National Trends Network average of annual precipitation-weighted mean atmospheric deposition of Magnesium,kilograms per hectare,Chemical
CAT_DEP_NH4_2002,National Atmospheric Deposition Program (NADP) National Trends Network average of annual precipitation-weighted mean atmospheric deposition of Ammoniu,kilograms per hectare,Chemical
CAT_DEP_CL_2002,National Atmospheric Deposition Program (NADP) National Trends Network average of annual precipitation-weighted mean atmospheric deposition of Chloride,kilograms per hectare,Chemical
CAT_DEP_CA_1987,National Atmospheric Deposition Program (NADP) National Trends Network average of annual precipitation-weighted mean atmospheric deposition of Calcium,kilograms per hectare,Chemical
CAT_DEP_NO3_1987,National Atmospheric Deposition Program (NADP) National Trends Network average of annual precipitation-weighted mean atmospheric deposition of Nitrate,kilograms per hectare,Chemical
CAT_DEP_SO4_1987,National Atmospheric Deposition Program (NADP) National Trends Network average of annual precipitation-weighted mean atmospheric deposition of Sulfate,kilograms per hectare,Chemical
CAT_DEP_N_1987,National Atmospheric Deposition Program (NADP) National Trends Network average of annual precipitation-weighted mean atmospheric deposition of Inorganic Nitrogen,kilograms per hectare,Chemical
CAT_DEP_MG_1987,National Atmospheric Deposition Program (NADP) National Trends Network average of annual precipitation-weighted mean atmospheric deposition of Magnesium,kilograms per hectare,Chemical
CAT_DEP_NH4_1987,National Atmospheric Deposition Program (NADP) National Trends Network average of annual precipitation-weighted mean atmospheric deposition of Ammoniu,kilograms per hectare,Chemical
CAT_DEP_CL_1987,National Atmospheric Deposition Program (NADP) National Trends Network average of annual precipitation-weighted mean atmospheric deposition of Chloride,kilograms per hectare,Chemical
CAT_DEP_CA_2003,National Atmospheric Deposition Program (NADP) National Trends Network average of annual precipitation-weighted mean atmospheric deposition of Calcium,kilograms per hectare,Chemical
CAT_DEP_NO3_2003,National Atmospheric Deposition Program (NADP) National Trends Network average of annual precipitation-weighted mean atmospheric deposition of Nitrate,kilograms per hectare,Chemical
CAT_DEP_SO4_2003,National Atmospheric Deposition Program (NADP) National Trends Network average of annual precipitation-weighted mean atmospheric deposition of Sulfate,kilograms per hectare,Chemical
CAT_DEP_N_2003,National Atmospheric Deposition Program (NADP) National Trends Network average of annual precipitation-weighted mean atmospheric deposition of Inorganic Nitrogen,kilograms per hectare,Chemical
CAT_DEP_MG_2003,National Atmospheric Deposition Program (NADP) National Trends Network average of annual precipitation-weighted mean atmospheric deposition of Magnesium,kilograms per hectare,Chemical
CAT_DEP_NH4_2003,National Atmospheric Deposition Program (NADP) National Trends Network average of annual precipitation-weighted mean atmospheric deposition of Ammoniu,kilograms per hectare,Chemical
CAT_DEP_CL_2003,National Atmospheric Deposition Program (NADP) National Trends Network average of annual precipitation-weighted mean atmospheric deposition of Chloride,kilograms per hectare,Chemical
CAT_DEP_CA_1986,National Atmospheric Deposition Program (NADP) National Trends Network average of annual precipitation-weighted mean atmospheric deposition of Calcium,kilograms per hectare,Chemical
CAT_DEP_NO3_1986,National Atmospheric Deposition Program (NADP) National Trends Network average of annual precipitation-weighted mean atmospheric deposition of Nitrate,kilograms per hectare,Chemical
CAT_DEP_SO4_1986,National Atmospheric Deposition Program (NADP) National Trends Network average of annual precipitation-weighted mean atmospheric deposition of Sulfate,kilograms per hectare,Chemical
CAT_DEP_N_1986,National Atmospheric Deposition Program (NADP) National Trends Network average of annual precipitation-weighted mean atmospheric deposition of Inorganic Nitrogen,kilograms per hectare,Chemical
CAT_DEP_MG_1986,National Atmospheric Deposition Program (NADP) National Trends Network average of annual precipitation-weighted mean atmospheric deposition of Magnesium,kilograms per hectare,Chemical
CAT_DEP_NH4_1986,National Atmospheric Deposition Program (NADP) National Trends Network average of annual precipitation-weighted mean atmospheric deposition of Ammoniu,kilograms per hectare,Chemical
CAT_DEP_CL_1986,National Atmospheric Deposition Program (NADP) National Trends Network average of annual precipitation-weighted mean atmospheric deposition of Chloride,kilograms per hectare,Chemical
CAT_DEP_CA_1992,National Atmospheric Deposition Program (NADP) National Trends Network average of annual precipitation-weighted mean atmospheric deposition of Calcium,kilograms per hectare,Chemical
CAT_DEP_NO3_1992,National Atmospheric Deposition Program (NADP) National Trends Network average of annual precipitation-weighted mean atmospheric deposition of Nitrate,kilograms per hectare,Chemical
CAT_DEP_SO4_1992,National Atmospheric Deposition Program (NADP) National Trends Network average of annual precipitation-weighted mean atmospheric deposition of Sulfate,kilograms per hectare,Chemical
CAT_DEP_N_1992,National Atmospheric Deposition Program (NADP) National Trends Network average of annual precipitation-weighted mean atmospheric deposition of Inorganic Nitrogen,kilograms per hectare,Chemical
CAT_DEP_MG_1992,National Atmospheric Deposition Program (NADP) National Trends Network average of annual precipitation-weighted mean atmospheric deposition of Magnesium,kilograms per hectare,Chemical
CAT_DEP_NH4_1992,National Atmospheric Deposition Program (NADP) National Trends Network average of annual precipitation-weighted mean atmospheric deposition of Ammoniu,kilograms per hectare,Chemical
CAT_DEP_CL_1992,National Atmospheric Deposition Program (NADP) National Trends Network average of annual precipitation-weighted mean atmospheric deposition of Chloride,kilograms per hectare,Chemical
CAT_DEP_CA_1996,National Atmospheric Deposition Program (NADP) National Trends Network average of annual precipitation-weighted mean atmospheric deposition of Calcium,kilograms per hectare,Chemical
CAT_DEP_NO3_1996,National Atmospheric Deposition Program (NADP) National Trends Network average of annual precipitation-weighted mean atmospheric deposition of Nitrate,kilograms per hectare,Chemical
CAT_DEP_SO4_1996,National Atmospheric Deposition Program (NADP) National Trends Network average of annual precipitation-weighted mean atmospheric deposition of Sulfate,kilograms per hectare,Chemical
CAT_DEP_N_1996,National Atmospheric Deposition Program (NADP) National Trends Network average of annual precipitation-weighted mean atmospheric deposition of Inorganic Nitrogen,kilograms per hectare,Chemical
CAT_DEP_MG_1996,National Atmospheric Deposition Program (NADP) National Trends Network average of annual precipitation-weighted mean atmospheric deposition of Magnesium,kilograms per hectare,Chemical
CAT_DEP_NH4_1996,National Atmospheric Deposition Program (NADP) National Trends Network average of annual precipitation-weighted mean atmospheric deposition of Ammoniu,kilograms per hectare,Chemical
CAT_DEP_CL_1996,National Atmospheric Deposition Program (NADP) National Trends Network average of annual precipitation-weighted mean atmospheric deposition of Chloride,kilograms per hectare,Chemical
CAT_DEP_CA_1989,National Atmospheric Deposition Program (NADP) National Trends Network average of annual precipitation-weighted mean atmospheric deposition of Calcium,kilograms per hectare,Chemical
CAT_DEP_NO3_1989,National Atmospheric Deposition Program (NADP) National Trends Network average of annual precipitation-weighted mean atmospheric deposition of Nitrate,kilograms per hectare,Chemical
CAT_DEP_SO4_1989,National Atmospheric Deposition Program (NADP) National Trends Network average of annual precipitation-weighted mean atmospheric deposition of Sulfate,kilograms per hectare,Chemical
CAT_DEP_N_1989,National Atmospheric Deposition Program (NADP) National Trends Network average of annual precipitation-weighted mean atmospheric deposition of Inorganic Nitrogen,kilograms per hectare,Chemical
CAT_DEP_MG_1989,National Atmospheric Deposition Program (NADP) National Trends Network average of annual precipitation-weighted mean atmospheric deposition of Magnesium,kilograms per hectare,Chemical
CAT_DEP_NH4_1989,National Atmospheric Deposition Program (NADP) National Trends Network average of annual precipitation-weighted mean atmospheric deposition of Ammoniu,kilograms per hectare,Chemical
CAT_DEP_CL_1989,National Atmospheric Deposition Program (NADP) National Trends Network average of annual precipitation-weighted mean atmospheric deposition of Chloride,kilograms per hectare,Chemical
CAT_DEP_CA_1991,National Atmospheric Deposition Program (NADP) National Trends Network average of annual precipitation-weighted mean atmospheric deposition of Calcium,kilograms per hectare,Chemical
CAT_DEP_NO3_1991,National Atmospheric Deposition Program (NADP) National Trends Network average of annual precipitation-weighted mean atmospheric deposition of Nitrate,kilograms per hectare,Chemical
CAT_DEP_SO4_1991,National Atmospheric Deposition Program (NADP) National Trends Network average of annual precipitation-weighted mean atmospheric deposition of Sulfate,kilograms per hectare,Chemical
CAT_DEP_N_1991,National Atmospheric Deposition Program (NADP) National Trends Network average of annual precipitation-weighted mean atmospheric deposition of Inorganic Nitrogen,kilograms per hectare,Chemical
CAT_DEP_MG_1991,National Atmospheric Deposition Program (NADP) National Trends Network average of annual precipitation-weighted mean atmospheric deposition of Magnesium,kilograms per hectare,Chemical
CAT_DEP_NH4_1991,National Atmospheric Deposition Program (NADP) National Trends Network average of annual precipitation-weighted mean atmospheric deposition of Ammoniu,kilograms per hectare,Chemical
CAT_DEP_CL_1991,National Atmospheric Deposition Program (NADP) National Trends Network average of annual precipitation-weighted mean atmospheric deposition of Chloride,kilograms per hectare,Chemical
CAT_DEP_CA_1994,National Atmospheric Deposition Program (NADP) National Trends Network average of annual precipitation-weighted mean atmospheric deposition of Calcium,kilograms per hectare,Chemical
CAT_DEP_NO3_1994,National Atmospheric Deposition Program (NADP) National Trends Network average of annual precipitation-weighted mean atmospheric deposition of Nitrate,kilograms per hectare,Chemical
CAT_DEP_SO4_1994,National Atmospheric Deposition Program (NADP) National Trends Network average of annual precipitation-weighted mean atmospheric deposition of Sulfate,kilograms per hectare,Chemical
CAT_DEP_N_1994,National Atmospheric Deposition Program (NADP) National Trends Network average of annual precipitation-weighted mean atmospheric deposition of Inorganic Nitrogen,kilograms per hectare,Chemical
CAT_DEP_MG_1994,National Atmospheric Deposition Program (NADP) National Trends Network average of annual precipitation-weighted mean atmospheric deposition of Magnesium,kilograms per hectare,Chemical
CAT_DEP_NH4_1994,National Atmospheric Deposition Program (NADP) National Trends Network average of annual precipitation-weighted mean atmospheric deposition of Ammoniu,kilograms per hectare,Chemical
CAT_DEP_CL_1994,National Atmospheric Deposition Program (NADP) National Trends Network average of annual precipitation-weighted mean atmospheric deposition of Chloride,kilograms per hectare,Chemical
CAT_DEP_CA_1995,National Atmospheric Deposition Program (NADP) National Trends Network average of annual precipitation-weighted mean atmospheric deposition of Calcium,kilograms per hectare,Chemical
CAT_DEP_NO3_1995,National Atmospheric Deposition Program (NADP) National Trends Network average of annual precipitation-weighted mean atmospheric deposition of Nitrate,kilograms per hectare,Chemical
CAT_DEP_SO4_1995,National Atmospheric Deposition Program (NADP) National Trends Network average of annual precipitation-weighted mean atmospheric deposition of Sulfate,kilograms per hectare,Chemical
CAT_DEP_N_1995,National Atmospheric Deposition Program (NADP) National Trends Network average of annual precipitation-weighted mean atmospheric deposition of Inorganic Nitrogen,kilograms per hectare,Chemical
CAT_DEP_MG_1995,National Atmospheric Deposition Program (NADP) National Trends Network average of annual precipitation-weighted mean atmospheric deposition of Magnesium,kilograms per hectare,Chemical
CAT_DEP_NH4_1995,National Atmospheric Deposition Program (NADP) National Trends Network average of annual precipitation-weighted mean atmospheric deposition of Ammoniu,kilograms per hectare,Chemical
CAT_DEP_CL_1995,National Atmospheric Deposition Program (NADP) National Trends Network average of annual precipitation-weighted mean atmospheric deposition of Chloride,kilograms per hectare,Chemical
CAT_DEP_CA_1998,National Atmospheric Deposition Program (NADP) National Trends Network average of annual precipitation-weighted mean atmospheric deposition of Calcium,kilograms per hectare,Chemical
CAT_DEP_NO3_1998,National Atmospheric Deposition Program (NADP) National Trends Network average of annual precipitation-weighted mean atmospheric deposition of Nitrate,kilograms per hectare,Chemical
CAT_DEP_SO4_1998,National Atmospheric Deposition Program (NADP) National Trends Network average of annual precipitation-weighted mean atmospheric deposition of Sulfate,kilograms per hectare,Chemical
CAT_DEP_N_1998,National Atmospheric Deposition Program (NADP) National Trends Network average of annual precipitation-weighted mean atmospheric deposition of Inorganic Nitrogen,kilograms per hectare,Chemical
CAT_DEP_MG_1998,National Atmospheric Deposition Program (NADP) National Trends Network average of annual precipitation-weighted mean atmospheric deposition of Magnesium,kilograms per hectare,Chemical
CAT_DEP_NH4_1998,National Atmospheric Deposition Program (NADP) National Trends Network average of annual precipitation-weighted mean atmospheric deposition of Ammoniu,kilograms per hectare,Chemical
CAT_DEP_CL_1998,National Atmospheric Deposition Program (NADP) National Trends Network average of annual precipitation-weighted mean atmospheric deposition of Chloride,kilograms per hectare,Chemical
CAT_DEP_CA_2014,National Atmospheric Deposition Program (NADP) National Trends Network average of annual precipitation-weighted mean atmospheric deposition of Calcium,kilograms per hectare,Chemical
CAT_DEP_NO3_2014,National Atmospheric Deposition Program (NADP) National Trends Network average of annual precipitation-weighted mean atmospheric deposition of Nitrate,kilograms per hectare,Chemical
CAT_DEP_SO4_2014,National Atmospheric Deposition Program (NADP) National Trends Network average of annual precipitation-weighted mean atmospheric deposition of Sulfate,kilograms per hectare,Chemical
CAT_DEP_N_2014,National Atmospheric Deposition Program (NADP) National Trends Network average of annual precipitation-weighted mean atmospheric deposition of Inorganic Nitrogen,kilograms per hectare,Chemical
CAT_DEP_MG_2014,National Atmospheric Deposition Program (NADP) National Trends Network average of annual precipitation-weighted mean atmospheric deposition of Magnesium,kilograms per hectare,Chemical
CAT_DEP_NH4_2014,National Atmospheric Deposition Program (NADP) National Trends Network average of annual precipitation-weighted mean atmospheric deposition of Ammoniu,kilograms per hectare,Chemical
CAT_DEP_CL_2014,National Atmospheric Deposition Program (NADP) National Trends Network average of annual precipitation-weighted mean atmospheric deposition of Chloride,kilograms per hectare,Chemical
CAT_DEP_CA_1993,National Atmospheric Deposition Program (NADP) National Trends Network average of annual precipitation-weighted mean atmospheric deposition of Calcium,kilograms per hectare,Chemical
CAT_DEP_NO3_1993,National Atmospheric Deposition Program (NADP) National Trends Network average of annual precipitation-weighted mean atmospheric deposition of Nitrate,kilograms per hectare,Chemical
CAT_DEP_SO4_1993,National Atmospheric Deposition Program (NADP) National Trends Network average of annual precipitation-weighted mean atmospheric deposition of Sulfate,kilograms per hectare,Chemical
CAT_DEP_N_1993,National Atmospheric Deposition Program (NADP) National Trends Network average of annual precipitation-weighted mean atmospheric deposition of Inorganic Nitrogen,kilograms per hectare,Chemical
CAT_DEP_MG_1993,National Atmospheric Deposition Program (NADP) National Trends Network average of annual precipitation-weighted mean atmospheric deposition of Magnesium,kilograms per hectare,Chemical
CAT_DEP_NH4_1993,National Atmospheric Deposition Program (NADP) National Trends Network average of annual precipitation-weighted mean atmospheric deposition of Ammoniu,kilograms per hectare,Chemical
CAT_DEP_CL_1993,National Atmospheric Deposition Program (NADP) National Trends Network average of annual precipitation-weighted mean atmospheric deposition of Chloride,kilograms per hectare,Chemical
CAT_DEP_CA_1999,National Atmospheric Deposition Program (NADP) National Trends Network average of annual precipitation-weighted mean atmospheric deposition of Calcium,kilograms per hectare,Chemical
CAT_DEP_NO3_1999,National Atmospheric Deposition Program (NADP) National Trends Network average of annual precipitation-weighted mean atmospheric deposition of Nitrate,kilograms per hectare,Chemical
CAT_DEP_SO4_1999,National Atmospheric Deposition Program (NADP) National Trends Network average of annual precipitation-weighted mean atmospheric deposition of Sulfate,kilograms per hectare,Chemical
CAT_DEP_N_1999,National Atmospheric Deposition Program (NADP) National Trends Network average of annual precipitation-weighted mean atmospheric deposition of Inorganic Nitrogen,kilograms per hectare,Chemical
CAT_DEP_MG_1999,National Atmospheric Deposition Program (NADP) National Trends Network average of annual precipitation-weighted mean atmospheric deposition of Magnesium,kilograms per hectare,Chemical
CAT_DEP_NH4_1999,National Atmospheric Deposition Program (NADP) National Trends Network average of annual precipitation-weighted mean atmospheric deposition of Ammoniu,kilograms per hectare,Chemical
CAT_DEP_CL_1999,National Atmospheric Deposition Program (NADP) National Trends Network average of annual precipitation-weighted mean atmospheric deposition of Chloride,kilograms per hectare,Chemical
CAT_DEP_CA_1990,National Atmospheric Deposition Program (NADP) National Trends Network average of annual precipitation-weighted mean atmospheric deposition of Calcium,kilograms per hectare,Chemical
CAT_DEP_NO3_1990,National Atmospheric Deposition Program (NADP) National Trends Network average of annual precipitation-weighted mean atmospheric deposition of Nitrate,kilograms per hectare,Chemical
CAT_DEP_SO4_1990,National Atmospheric Deposition Program (NADP) National Trends Network average of annual precipitation-weighted mean atmospheric deposition of Sulfate,kilograms per hectare,Chemical
CAT_DEP_N_1990,National Atmospheric Deposition Program (NADP) National Trends Network average of annual precipitation-weighted mean atmospheric deposition of Inorganic Nitrogen,kilograms per hectare,Chemical
CAT_DEP_MG_1990,National Atmospheric Deposition Program (NADP) National Trends Network average of annual precipitation-weighted mean atmospheric deposition of Magnesium,kilograms per hectare,Chemical
CAT_DEP_NH4_1990,National Atmospheric Deposition Program (NADP) National Trends Network average of annual precipitation-weighted mean atmospheric deposition of Ammoniu,kilograms per hectare,Chemical
CAT_DEP_CL_1990,National Atmospheric Deposition Program (NADP) National Trends Network average of annual precipitation-weighted mean atmospheric deposition of Chloride,kilograms per hectare,Chemical
CAT_DEP_CA_1985,National Atmospheric Deposition Program (NADP) National Trends Network average of annual precipitation-weighted mean atmospheric deposition of Calcium,kilograms per hectare,Chemical
CAT_DEP_NO3_1985,National Atmospheric Deposition Program (NADP) National Trends Network average of annual precipitation-weighted mean atmospheric deposition of Nitrate,kilograms per hectare,Chemical
CAT_DEP_SO4_1985,National Atmospheric Deposition Program (NADP) National Trends Network average of annual precipitation-weighted mean atmospheric deposition of Sulfate,kilograms per hectare,Chemical
CAT_DEP_N_1985,National Atmospheric Deposition Program (NADP) National Trends Network average of annual precipitation-weighted mean atmospheric deposition of Inorganic Nitrogen,kilograms per hectare,Chemical
CAT_DEP_MG_1985,National Atmospheric Deposition Program (NADP) National Trends Network average of annual precipitation-weighted mean atmospheric deposition of Magnesium,kilograms per hectare,Chemical
CAT_DEP_NH4_1985,National Atmospheric Deposition Program (NADP) National Trends Network average of annual precipitation-weighted mean atmospheric deposition of Ammoniu,kilograms per hectare,Chemical
CAT_DEP_CL_1985,National Atmospheric Deposition Program (NADP) National Trends Network average of annual precipitation-weighted mean atmospheric deposition of Chloride,kilograms per hectare,Chemical
CAT_CRP_2012_AREA,2012 Conservation Reserve Program land allocated to NWALT crops and pasture/hay (NWALT_43 and NWALT_44) in square meters,square meters,Land Cover
CAT_CRP_2012_PCT,Percent that 2012 Conservation Reserve Program land allocated to NWALT crops and pasture/hay (NWALT_43 and NWALT_44) covers .,percent,Land Cover
CAT_WILDFIRE_2006,percent of wild fires per catchments for 2006,percent,Land Cover
CAT_WILDFIRE_2001,percent of wild fires per catchments for 2001,percent,Land Cover
CAT_WILDFIRE_2002,percent of wild fires per catchments for 2002,percent,Land Cover
CAT_WILDFIRE_2010,percent of wild fires per catchments for 2010,percent,Land Cover
CAT_WILDFIRE_2000,percent of wild fires per catchments for 2000,percent,Land Cover
CAT_WILDFIRE_2004,percent of wild fires per catchments for 2004,percent,Land Cover
CAT_WILDFIRE_2008,percent of wild fires per catchments for 2008,percent,Land Cover
CAT_WILDFIRE_2005,percent of wild fires per catchments for 2005,percent,Land Cover
CAT_WILDFIRE_2007,percent of wild fires per catchments for 2007,percent,Land Cover
CAT_WILDFIRE_2012,percent of wild fires per catchments for 2012,percent,Land Cover
CAT_WILDFIRE_2003,percent of wild fires per catchments for 2003,percent,Land Cover
CAT_WILDFIRE_2009,percent of wild fires per catchments for 2009,percent,Land Cover
CAT_WILDFIRE_2011,percent of wild fires per catchments for 2011,percent,Land Cover
CAT_AET2015_ANN,unknown,unknown,Climate and Water Balance
CAT_AET2014_ANN,unknown,unknown,Climate and Water Balance
CAT_PET2015_ANN,unknown,unknown,Climate and Water Balance
CAT_PET2014_ANN,unknown,unknown,Climate and Water Balance
CAT_ROCKTYPE_100,"Estimated percent of catchment that is underlain by the Principal Aquifer rock type, Unconsolidated sand and gravel aquifers.",percent,Geology
CAT_ROCKTYPE_200,"Estimated percent of catchment that is underlain by the Principal Aquifer rock type, Semiconsolidated sand aquifers.",percent,Geology
CAT_ROCKTYPE_300,"Estimated percent of catchment that is underlain by the Principal Aquifer rock type, Sandstone aquifers.",percent,Geology
CAT_ROCKTYPE_400,"Estimated percent of catchment that is underlain by the Principal Aquifer rock type, Carbonate-rock aquifers.",percent,Geology
CAT_ROCKTYPE_500,"Estimated percent of catchment that is underlain by the Principal Aquifer rock type, Sandstone and carbonate-rock aquifers.",percent,Geology
CAT_ROCKTYPE_600,"Estimated percent of catchment that is underlain by the Principal Aquifer rock type, Igneous and metamorphic-rock aquifers.",percent,Geology
CAT_ROCKTYPE_999,"Estimated percent of catchment that is underlain by the Principal Aquifer rock type, Other rocks.",percent,Geology
CAT_AQ101,"Estimated percent of catchment that is underlain by the Principal Aquifer, Basin and Range basin-fill aquifers.",percent,Geology
CAT_AQ102,"Estimated percent of catchment that is underlain by the Principal Aquifer, Rio Grande aquifer system.",percent,Geology
CAT_AQ103,"Estimated percent of catchment that is underlain by the Principal Aquifer, California Coastal Basin aquifers.",percent,Geology
CAT_AQ104,"Estimated percent of catchment that is underlain by the Principal Aquifer, Pacific Northwest basin-fill aquifers.",percent,Geology
CAT_AQ105,"Estimated percent of catchment that is underlain by the Principal Aquifer, Northern Rocky Mountains Intermontane Basins aquifer system.",percent,Geology
CAT_AQ106,"Estimated percent of catchment that is underlain by the Principal Aquifer, Central Valley aquifer system.",percent,Geology
CAT_AQ107,"Estimated percent of catchment that is underlain by the Principal Aquifer, High Plains aquifer.",percent,Geology
CAT_AQ108,"Estimated percent of catchment that is underlain by the Principal Aquifer, Pecos River Basin alluvial aquifer.",percent,Geology
CAT_AQ109,"Estimated percent of catchment that is underlain by the Principal Aquifer, Mississippi River Valley alluvial aquifer.",percent,Geology
CAT_AQ110,"Estimated percent of catchment that is underlain by the Principal Aquifer, Seymour aquifer.",percent,Geology
CAT_AQ111,"Estimated percent of catchment that is underlain by the Principal Aquifer, Surficial aquifer system.",percent,Geology
CAT_AQ112,"Estimated percent of catchment that is underlain by the Principal Aquifer, Puget Sound aquifer system.",percent,Geology
CAT_AQ114,Estimated percent of catchment that is underlain by the Principal Aquiferarid playas with permeable soils and bedrock.,percent,Geology
CAT_AQ115,"Estimated percent of catchment that is underlain by the Principal Aquifer, Willamette Lowland basin-fill aquifers.",percent,Geology
CAT_AQ116,"Estimated percent of catchment that is underlain by the Principal Aquifer, Columbia Plateau basin-fill aquifers.",percent,Geology
CAT_AQ117,"Estimated percent of catchment that is underlain by the Principal Aquifer, Snake River Plain basin-fill aquifers.",percent,Geology
CAT_AQ201,"Estimated percent of catchment that is underlain by the Principal Aquifer, Coastal lowlands aquifer system.",percent,Geology
CAT_AQ202,"Estimated percent of catchment that is underlain by the Principal Aquifer, Texas coastal uplands aquifer system.",percent,Geology
CAT_AQ203,"Estimated percent of catchment that is underlain by the Principal Aquifer, Mississippi embayment aquifer system.",percent,Geology
CAT_AQ204,"Estimated percent of catchment that is underlain by the Principal Aquifer, Southeastern Coastal Plain aquifer system.",percent,Geology
CAT_AQ205,"Estimated percent of catchment that is underlain by the Principal Aquifer, Northern Atlantic Coastal Plain aquifer system.",percent,Geology
CAT_AQ301,"Estimated percent of catchment that is underlain by the Principal Aquifer, Colorado Plateaus aquifers.",percent,Geology
CAT_AQ302,"Estimated percent of catchment that is underlain by the Principal Aquifer, Denver Basin aquifer system.",percent,Geology
CAT_AQ304,"Estimated percent of catchment that is underlain by the Principal Aquifer, Lower Cretaceous aquifers.",percent,Geology
CAT_AQ305,"Estimated percent of catchment that is underlain by the Principal Aquifer, Rush Springs aquifer.",percent,Geology
CAT_AQ306,"Estimated percent of catchment that is underlain by the Principal Aquifer, Central Oklahoma aquifer.",percent,Geology
CAT_AQ307,"Estimated percent of catchment that is underlain by the Principal Aquifer, Ada-Vamoosa aquifer.",percent,Geology
CAT_AQ308,"Estimated percent of catchment that is underlain by the Principal Aquifer, Early Mesozoic basin aquifers.",percent,Geology
CAT_AQ309,"Estimated percent of catchment that is underlain by the Principal Aquifer, New York sandstone aquifers",percent,Geology
CAT_AQ310,"Estimated percent of catchment that is underlain by the Principal Aquifer, Pennsylvanian aquifers.",percent,Geology
CAT_AQ311,"Estimated percent of catchment that is underlain by the Principal Aquifer, Marshall aquifer.",percent,Geology
CAT_AQ312,"Estimated percent of catchment that is underlain by the Principal Aquifer, Cambrian-Ordovician aquifer system.",percent,Geology
CAT_AQ313,"Estimated percent of catchment that is underlain by the Principal Aquifer, Jacobsville aquifer.",percent,Geology
CAT_AQ314,"Estimated percent of catchment that is underlain by the Principal Aquifer, Lower Tertiary aquifers.",percent,Geology
CAT_AQ315,"Estimated percent of catchment that is underlain by the Principal Aquifer, Upper Cretaceous aquifers.",percent,Geology
CAT_AQ316,"Estimated percent of catchment that is underlain by the Principal Aquifer, Upper Tertiary aquifers.",percent,Geology
CAT_AQ401,"Estimated percent of catchment that is underlain by the Principal Aquifer, Basin and Range carbonate-rock aquifers.",percent,Geology
CAT_AQ402,"Estimated percent of catchment that is underlain by the Principal Aquifer, Roswell Basin aquifer system.",percent,Geology
CAT_AQ405,"Estimated percent of catchment that is underlain by the Principal Aquifer, Ozark Plateaus aquifer system.",percent,Geology
CAT_AQ406,"Estimated percent of catchment that is underlain by the Principal Aquifer, Blaine aquifer.",percent,Geology
CAT_AQ407,"Estimated percent of catchment that is underlain by the Principal Aquifer, Arbuckle-Simpson aquifer.",percent,Geology
CAT_AQ410,"Estimated percent of catchment that is underlain by the Principal Aquifer, Silurian-Devonian aquifers.",percent,Geology
CAT_AQ411,"Estimated percent of catchment that is underlain by the Principal Aquifer, Ordovician aquifers.",percent,Geology
CAT_AQ412,"Estimated percent of catchment that is underlain by the Principal Aquifer, Upper carbonate aquifer.",percent,Geology
CAT_AQ413,"Estimated percent of catchment that is underlain by the Principal Aquifer, Floridan aquifer system.",percent,Geology
CAT_AQ414,"Estimated percent of catchment that is underlain by the Principal Aquifer, Biscayne aquifer.",percent,Geology
CAT_AQ416,"Estimated percent of catchment that is underlain by the Principal Aquifer, New York and New England carbonate-rock aquifers.",percent,Geology
CAT_AQ417,"Estimated percent of catchment that is underlain by the Principal Aquifer, Piedmont and Blue Ridge carbonate-rock aquifers.",percent,Geology
CAT_AQ418,"Estimated percent of catchment that is underlain by the Principal Aquifer, Castle Hayne aquifer.",percent,Geology
CAT_AQ419,"Estimated percent of catchment that is underlain by the Principal Aquifer, Puerto Rico North Coast Limestone aquifer system.",percent,Geology
CAT_AQ420,"Estimated percent of catchment that is underlain by the Principal Aquifer, Kingshill aquifer.",percent,Geology
CAT_AQ501,"Estimated percent of catchment that is underlain by the Principal Aquifer, Edwards-Trinity aquifer system.",percent,Geology
CAT_AQ502,"Estimated percent of catchment that is underlain by the Principal Aquifer, Valley and Ridge aquifers.",percent,Geology
CAT_AQ503,"Estimated percent of catchment that is underlain by the Principal Aquifer, Mississippian aquifers.",percent,Geology
CAT_AQ504,"Estimated percent of catchment that is underlain by the Principal Aquifer, Paleozoic aquifers.",percent,Geology
CAT_AQ505,"Estimated percent of catchment that is underlain by the Principal Aquifer, Valley and Ridge carbonate-rock aquifers.",percent,Geology
CAT_AQ601,"Estimated percent of catchment that is underlain by the Principal Aquifer, Southern Nevada volcanic-rock aquifers.",percent,Geology
CAT_AQ606,"Estimated percent of catchment that is underlain by the Principal Aquifer, Snake River Plain basaltic-rock aquifers.",percent,Geology
CAT_AQ607,"Estimated percent of catchment that is underlain by the Principal Aquifer, Columbia Plateau basaltic-rock aquifers.",percent,Geology
CAT_AQ608,"Estimated percent of catchment that is underlain by the Principal Aquifer, Hawaiian Volcanic-rock aquifers.",percent,Geology
CAT_AQ609,"Estimated percent of catchment that is underlain by the Principal Aquifer, Hawaiian Sedimentary deposit aquifers.",percent,Geology
CAT_AQ610,"Estimated percent of catchment that is underlain by the Principal Aquifer, Pacific Northwest basaltic-rock aquifers.",percent,Geology
CAT_AQ611,"Estimated percent of catchment that is underlain by the Principal Aquifer, Piedmont and Blue Ridge crystalline-rock aquifers.",percent,Geology
CAT_AQ999,unknown,unknown,Geology
CAT_TIMBER2012,Estimated percent of annual information on forestry activity for 2012,percent,Land Cover
CAT_TIMBER2005,Estimated percent of annual information on forestry activity for 2005,percent,Land Cover
CAT_TIMBER2003,Estimated percent of annual information on forestry activity for 2003,percent,Land Cover
CAT_TIMBER2002,Estimated percent of annual information on forestry activity for 2002,percent,Land Cover
CAT_TIMBER2008,Estimated percent of annual information on forestry activity for 2008,percent,Land Cover
CAT_TIMBER2004,Estimated percent of annual information on forestry activity for 2004,percent,Land Cover
CAT_TIMBER2010,Estimated percent of annual information on forestry activity for 2010,percent,Land Cover
CAT_TIMBER2007,Estimated percent of annual information on forestry activity for 2007,percent,Land Cover
CAT_TIMBER2011,Estimated percent of annual information on forestry activity for 2011,percent,Land Cover
CAT_TIMBER1999,unknown,unknown,Land Cover
CAT_TIMBER2006,Estimated percent of annual information on forestry activity for 2006,percent,Land Cover
CAT_TIMBER2001,Estimated percent of annual information on forestry activity for 2001,percent,Land Cover
CAT_TIMBER2009,Estimated percent of annual information on forestry activity for 2009,percent,Land Cover
CAT_TIMBER2000,Estimated percent of annual information on forestry activity for 2000,percent,Land Cover
CAT_pH,Average pH of reach catchment.,pH (unitless),Soils
CAT_SOILS_GMU_A_P,mean Phosphorus (P) concentration in the A horizon in milligrams per kilograms per Geologic Mapping Unit,milligrams/kilogram,Soils
CAT_SOILS_GMU_C_P,mean Phosphorus (P) concentration in the c horizon in milligrams per kilograms per Geologic Mapping Unit,milligrams/kilogram,Soils
CAT_SOILS_A_P,mean Phosphorus (P) concentration in the C horizon in milligrams per kilograms,milligrams/kilogram,Soils
CAT_SOILS_C_P,mean Phosphorus (P) concentration in the A horizon in milligrams per kilograms,milligrams/kilogram,Soils
CAT_AWD_OXN_T_11,"Estimated annual average rate, in kg/ha, of Bias+Precipitation Adjusted Wet Deposition of Oxidized N (kg-N/ha)), 2011",kg-N/ha,Chemical
CAT_AWD_REDN_T_11,"Estimated annual average rate, in kg/ha, of Bias+Precipitation Adjusted Wet Deposition of Reduced N (kg-N/ha), 2011",kg-N/ha,Chemical
CAT_AWD_S_T_11,"Estimated annual average rate, in kg/ha, of Precipitation Adjusted Wet Deposition of Total Sulfur (kg-S/ha), 2011",kg-N/ha,Chemical
CAT_AWD_SS_S_11,"Estimated annual average rate, in kg/ha, of Precipitation Adjusted Wet Deposition of Sea Salt Sulfur (kg-S/ha), 2011",kg-N/ha,Chemical
CAT_AWDEP_CL_11,"Estimated annual average rate, in kg/ha, of Precipitation Adjusted Wet Deposition of chloride (kg-Cl/ha), 2011",kg-N/ha,Chemical
CAT_AWDEP_NA_11,"Estimated annual average rate, in kg/ha, of Precipitation Adjusted Wet Deposition of sodium (kg-Na/ha), 2011",kg-N/ha,Chemical
CAT_DD_OXN_T_11,"Estimated annual average rate, in kg/ha, of Dry Deposition of Total Oxidized N (kg-N/ha), 2011",kg-N/ha,Chemical
CAT_DD_REDN_T_11,"Estimated annual average rate, in kg/ha, of Dry Deposition of Total Reduced N (kg-N/ha), 2011",kg-N/ha,Chemical
CAT_DD_S_T_11,"Estimated annual average rate, in kg/ha, of Dry Deposition of Total Sulfur (kg-S/ha), 2011",kg-N/ha,Chemical
CAT_DD_SS_S_11,"Estimated annual average rate, in kg/ha, of Dry Deposition of Sea Salt Sulfur (kg-S/ha), 2011",kg-N/ha,Chemical
CAT_DDEP_CL_11,"Estimated annual average rate, in kg/ha, of Dry Deposition of Chloride (kg-Cl/ha), 2011",kg-N/ha,Chemical
CAT_DDEP_NA_11,"Estimated annual average rate, in kg/ha, of Dry Deposition of Sodium (kg-Na/ha), 2011",kg-N/ha,Chemical
CAT_TD_OXN_T_11,"Estimated annual average rate, in kg/ha, of Total Deposition of Total Oxidized N (kg-N/ha), 2011",kg-N/ha,Chemical
CAT_TD_REDN_T_11,"Estimated annual average rate, in kg/ha, of Total Deposition of Total Reduced N (kg-N/ha), 2011",kg-N/ha,Chemical
CAT_TD_S_T_11,"Estimated annual average rate, in kg/ha, of Total Deposition of Total Sulfur (kg-S/ha), 2011",kg-N/ha,Chemical
CAT_TD_SS_S_11,"Estimated annual average rate, in kg/ha, of Total Deposition of Sea Salt Sulfur (kg-S/ha), 2011",kg-N/ha,Chemical
CAT_TDEP_CL_11,"Estimated annual average rate, in kg/ha, of Total Deposition of Chloride (kg-Cl/ha), 2011",kg-N/ha,Chemical
CAT_TDEP_NA_11,"Estimated annual average rate, in kg/ha, of Total Deposition of Sodium (kg-Na/ha), 2011",kg-N/ha,Chemical
CAT_TD_N_11,"Estimated annual average rate, in kg/ha, of Total Deposition of Nitrogen (Oxidized + Reduced) (kg-N/ha), 2011",kg-N/ha,Chemical
CAT_AWD_OXN_T_06,"Estimated annual average rate, in kg/ha, of Bias+Precipitation Adjusted Wet Deposition of Oxidized N (kg-N/ha)), 2006",kg-N/ha,Chemical
CAT_AWD_REDN_T_06,"Estimated annual average rate, in kg/ha, of Bias+Precipitation Adjusted Wet Deposition of Reduced N (kg-N/ha), 2006",kg-N/ha,Chemical
CAT_AWD_S_T_06,"Estimated annual average rate, in kg/ha, of Precipitation Adjusted Wet Deposition of Total Sulfur (kg-S/ha), 2006",kg-N/ha,Chemical
CAT_AWD_SS_S_06,"Estimated annual average rate, in kg/ha, of Precipitation Adjusted Wet Deposition of Sea Salt Sulfur (kg-S/ha), 2006",kg-N/ha,Chemical
CAT_AWDEP_CL_06,"Estimated annual average rate, in kg/ha, of Precipitation Adjusted Wet Deposition of chloride (kg-Cl/ha), 2006",kg-N/ha,Chemical
CAT_AWDEP_NA_06,"Estimated annual average rate, in kg/ha, of Precipitation Adjusted Wet Deposition of sodium (kg-Na/ha), 2006",kg-N/ha,Chemical
CAT_DD_OXN_T_06,"Estimated annual average rate, in kg/ha, of Dry Deposition of Total Oxidized N (kg-N/ha), 2006",kg-N/ha,Chemical
CAT_DD_REDN_T_06,"Estimated annual average rate, in kg/ha, of Dry Deposition of Total Reduced N (kg-N/ha), 2006",kg-N/ha,Chemical
CAT_DD_S_T_06,"Estimated annual average rate, in kg/ha, of Dry Deposition of Total Sulfur (kg-S/ha), 2006",kg-N/ha,Chemical
CAT_DD_SS_S_06,"Estimated annual average rate, in kg/ha, of Dry Deposition of Sea Salt Sulfur (kg-S/ha), 2006",kg-N/ha,Chemical
CAT_DDEP_CL_06,"Estimated annual average rate, in kg/ha, of Dry Deposition of Chloride (kg-Cl/ha), 2006",kg-N/ha,Chemical
CAT_DDEP_NA_06,"Estimated annual average rate, in kg/ha, of Dry Deposition of Sodium (kg-Na/ha), 2006",kg-N/ha,Chemical
CAT_TD_OXN_T_06,"Estimated annual average rate, in kg/ha, of Total Deposition of Total Oxidized N (kg-N/ha), 2006",kg-N/ha,Chemical
CAT_TD_REDN_T_06,"Estimated annual average rate, in kg/ha, of Total Deposition of Total Reduced N (kg-N/ha), 2006",kg-N/ha,Chemical
CAT_TD_S_T_06,"Estimated annual average rate, in kg/ha, of Total Deposition of Total Sulfur (kg-S/ha), 2006",kg-N/ha,Chemical
CAT_TD_SS_S_06,"Estimated annual average rate, in kg/ha, of Total Deposition of Sea Salt Sulfur (kg-S/ha), 2006",kg-N/ha,Chemical
CAT_TDEP_CL_06,"Estimated annual average rate, in kg/ha, of Total Deposition of Chloride (kg-Cl/ha), 2006",kg-N/ha,Chemical
CAT_TDEP_NA_06,"Estimated annual average rate, in kg/ha, of Total Deposition of Sodium (kg-Na/ha), 2006",kg-N/ha,Chemical
CAT_TD_N_06,"Estimated annual average rate, in kg/ha, of Total Deposition of Nitrogen (Oxidized + Reduced) (kg-N/ha), 2006",kg-N/ha,Chemical
CAT_AWD_OXN_T_03,"Estimated annual average rate, in kg/ha, of Bias+Precipitation Adjusted Wet Deposition of Oxidized N (kg-N/ha)), 2003",kg-N/ha,Chemical
CAT_AWD_REDN_T_03,"Estimated annual average rate, in kg/ha, of Bias+Precipitation Adjusted Wet Deposition of Reduced N (kg-N/ha), 2003",kg-N/ha,Chemical
CAT_AWD_S_T_03,"Estimated annual average rate, in kg/ha, of Precipitation Adjusted Wet Deposition of Total Sulfur (kg-S/ha), 2003",kg-N/ha,Chemical
CAT_AWD_SS_S_03,"Estimated annual average rate, in kg/ha, of Precipitation Adjusted Wet Deposition of Sea Salt Sulfur (kg-S/ha), 2003",kg-N/ha,Chemical
CAT_AWDEP_CL_03,"Estimated annual average rate, in kg/ha, of Precipitation Adjusted Wet Deposition of chloride (kg-Cl/ha), 2003",kg-N/ha,Chemical
CAT_AWDEP_NA_03,"Estimated annual average rate, in kg/ha, of Precipitation Adjusted Wet Deposition of sodium (kg-Na/ha), 2003",kg-N/ha,Chemical
CAT_DD_OXN_T_03,"Estimated annual average rate, in kg/ha, of Dry Deposition of Total Oxidized N (kg-N/ha), 2003",kg-N/ha,Chemical
CAT_DD_REDN_T_03,"Estimated annual average rate, in kg/ha, of Dry Deposition of Total Reduced N (kg-N/ha), 2003",kg-N/ha,Chemical
CAT_DD_S_T_03,"Estimated annual average rate, in kg/ha, of Dry Deposition of Total Sulfur (kg-S/ha), 2003",kg-N/ha,Chemical
CAT_DD_SS_S_03,"Estimated annual average rate, in kg/ha, of Dry Deposition of Sea Salt Sulfur (kg-S/ha), 2003",kg-N/ha,Chemical
CAT_DDEP_CL_03,"Estimated annual average rate, in kg/ha, of Dry Deposition of Chloride (kg-Cl/ha), 2003",kg-N/ha,Chemical
CAT_DDEP_NA_03,"Estimated annual average rate, in kg/ha, of Dry Deposition of Sodium (kg-Na/ha), 2003",kg-N/ha,Chemical
CAT_TD_OXN_T_03,"Estimated annual average rate, in kg/ha, of Total Deposition of Total Oxidized N (kg-N/ha), 2003",kg-N/ha,Chemical
CAT_TD_REDN_T_03,"Estimated annual average rate, in kg/ha, of Total Deposition of Total Reduced N (kg-N/ha), 2003",kg-N/ha,Chemical
CAT_TD_S_T_03,"Estimated annual average rate, in kg/ha, of Total Deposition of Total Sulfur (kg-S/ha), 2003",kg-N/ha,Chemical
CAT_TD_SS_S_03,"Estimated annual average rate, in kg/ha, of Total Deposition of Sea Salt Sulfur (kg-S/ha), 2003",kg-N/ha,Chemical
CAT_TDEP_CL_03,"Estimated annual average rate, in kg/ha, of Total Deposition of Chloride (kg-Cl/ha), 2003",kg-N/ha,Chemical
CAT_TDEP_NA_03,"Estimated annual average rate, in kg/ha, of Total Deposition of Sodium (kg-Na/ha), 2003",kg-N/ha,Chemical
CAT_TD_N_03,"Estimated annual average rate, in kg/ha, of Total Deposition of Nitrogen (Oxidized + Reduced) (kg-N/ha), 2003",kg-N/ha,Chemical
CAT_AWD_OXN_T_05,"Estimated annual average rate, in kg/ha, of Bias+Precipitation Adjusted Wet Deposition of Oxidized N (kg-N/ha)), 2005",kg-N/ha,Chemical
CAT_AWD_REDN_T_05,"Estimated annual average rate, in kg/ha, of Bias+Precipitation Adjusted Wet Deposition of Reduced N (kg-N/ha), 2005",kg-N/ha,Chemical
CAT_AWD_S_T_05,"Estimated annual average rate, in kg/ha, of Precipitation Adjusted Wet Deposition of Total Sulfur (kg-S/ha), 2005",kg-N/ha,Chemical
CAT_AWD_SS_S_05,"Estimated annual average rate, in kg/ha, of Precipitation Adjusted Wet Deposition of Sea Salt Sulfur (kg-S/ha), 2005",kg-N/ha,Chemical
CAT_AWDEP_CL_05,"Estimated annual average rate, in kg/ha, of Precipitation Adjusted Wet Deposition of chloride (kg-Cl/ha), 2005",kg-N/ha,Chemical
CAT_AWDEP_NA_05,"Estimated annual average rate, in kg/ha, of Precipitation Adjusted Wet Deposition of sodium (kg-Na/ha), 2005",kg-N/ha,Chemical
CAT_DD_OXN_T_05,"Estimated annual average rate, in kg/ha, of Dry Deposition of Total Oxidized N (kg-N/ha), 2005",kg-N/ha,Chemical
CAT_DD_REDN_T_05,"Estimated annual average rate, in kg/ha, of Dry Deposition of Total Reduced N (kg-N/ha), 2005",kg-N/ha,Chemical
CAT_DD_S_T_05,"Estimated annual average rate, in kg/ha, of Dry Deposition of Total Sulfur (kg-S/ha), 2005",kg-N/ha,Chemical
CAT_DD_SS_S_05,"Estimated annual average rate, in kg/ha, of Dry Deposition of Sea Salt Sulfur (kg-S/ha), 2005",kg-N/ha,Chemical
CAT_DDEP_CL_05,"Estimated annual average rate, in kg/ha, of Dry Deposition of Chloride (kg-Cl/ha), 2005",kg-N/ha,Chemical
CAT_DDEP_NA_05,"Estimated annual average rate, in kg/ha, of Dry Deposition of Sodium (kg-Na/ha), 2005",kg-N/ha,Chemical
CAT_TD_OXN_T_05,"Estimated annual average rate, in kg/ha, of Total Deposition of Total Oxidized N (kg-N/ha), 2005",kg-N/ha,Chemical
CAT_TD_REDN_T_05,"Estimated annual average rate, in kg/ha, of Total Deposition of Total Reduced N (kg-N/ha), 2005",kg-N/ha,Chemical
CAT_TD_S_T_05,"Estimated annual average rate, in kg/ha, of Total Deposition of Total Sulfur (kg-S/ha), 2005",kg-N/ha,Chemical
CAT_TD_SS_S_05,"Estimated annual average rate, in kg/ha, of Total Deposition of Sea Salt Sulfur (kg-S/ha), 2005",kg-N/ha,Chemical
CAT_TDEP_CL_05,"Estimated annual average rate, in kg/ha, of Total Deposition of Chloride (kg-Cl/ha), 2005",kg-N/ha,Chemical
CAT_TDEP_NA_05,"Estimated annual average rate, in kg/ha, of Total Deposition of Sodium (kg-Na/ha), 2005",kg-N/ha,Chemical
CAT_TD_N_05,"Estimated annual average rate, in kg/ha, of Total Deposition of Nitrogen (Oxidized + Reduced) (kg-N/ha), 2005",kg-N/ha,Chemical
CAT_AWD_OXN_T_07,"Estimated annual average rate, in kg/ha, of Bias+Precipitation Adjusted Wet Deposition of Oxidized N (kg-N/ha)), 2007",kg-N/ha,Chemical
CAT_AWD_REDN_T_07,"Estimated annual average rate, in kg/ha, of Bias+Precipitation Adjusted Wet Deposition of Reduced N (kg-N/ha), 2007",kg-N/ha,Chemical
CAT_AWD_S_T_07,"Estimated annual average rate, in kg/ha, of Precipitation Adjusted Wet Deposition of Total Sulfur (kg-S/ha), 2007",kg-N/ha,Chemical
CAT_AWD_SS_S_07,"Estimated annual average rate, in kg/ha, of Precipitation Adjusted Wet Deposition of Sea Salt Sulfur (kg-S/ha), 2007",kg-N/ha,Chemical
CAT_AWDEP_CL_07,"Estimated annual average rate, in kg/ha, of Precipitation Adjusted Wet Deposition of chloride (kg-Cl/ha), 2007",kg-N/ha,Chemical
CAT_AWDEP_NA_07,"Estimated annual average rate, in kg/ha, of Precipitation Adjusted Wet Deposition of sodium (kg-Na/ha), 2007",kg-N/ha,Chemical
CAT_DD_OXN_T_07,"Estimated annual average rate, in kg/ha, of Dry Deposition of Total Oxidized N (kg-N/ha), 2007",kg-N/ha,Chemical
CAT_DD_REDN_T_07,"Estimated annual average rate, in kg/ha, of Dry Deposition of Total Reduced N (kg-N/ha), 2007",kg-N/ha,Chemical
CAT_DD_S_T_07,"Estimated annual average rate, in kg/ha, of Dry Deposition of Total Sulfur (kg-S/ha), 2007",kg-N/ha,Chemical
CAT_DD_SS_S_07,"Estimated annual average rate, in kg/ha, of Dry Deposition of Sea Salt Sulfur (kg-S/ha), 2007",kg-N/ha,Chemical
CAT_DDEP_CL_07,"Estimated annual average rate, in kg/ha, of Dry Deposition of Chloride (kg-Cl/ha), 2007",kg-N/ha,Chemical
CAT_DDEP_NA_07,"Estimated annual average rate, in kg/ha, of Dry Deposition of Sodium (kg-Na/ha), 2007",kg-N/ha,Chemical
CAT_TD_OXN_T_07,"Estimated annual average rate, in kg/ha, of Total Deposition of Total Oxidized N (kg-N/ha), 2007",kg-N/ha,Chemical
CAT_TD_REDN_T_07,"Estimated annual average rate, in kg/ha, of Total Deposition of Total Reduced N (kg-N/ha), 2007",kg-N/ha,Chemical
CAT_TD_S_T_07,"Estimated annual average rate, in kg/ha, of Total Deposition of Total Sulfur (kg-S/ha), 2007",kg-N/ha,Chemical
CAT_TD_SS_S_07,"Estimated annual average rate, in kg/ha, of Total Deposition of Sea Salt Sulfur (kg-S/ha), 2007",kg-N/ha,Chemical
CAT_TDEP_CL_07,"Estimated annual average rate, in kg/ha, of Total Deposition of Chloride (kg-Cl/ha), 2007",kg-N/ha,Chemical
CAT_TDEP_NA_07,"Estimated annual average rate, in kg/ha, of Total Deposition of Sodium (kg-Na/ha), 2007",kg-N/ha,Chemical
CAT_TD_N_07,"Estimated annual average rate, in kg/ha, of Total Deposition of Nitrogen (Oxidized + Reduced) (kg-N/ha), 2007",kg-N/ha,Chemical
CAT_AWD_OXN_T_08,"Estimated annual average rate, in kg/ha, of Bias+Precipitation Adjusted Wet Deposition of Oxidized N (kg-N/ha)), 2008",kg-N/ha,Chemical
CAT_AWD_REDN_T_08,"Estimated annual average rate, in kg/ha, of Bias+Precipitation Adjusted Wet Deposition of Reduced N (kg-N/ha), 2008",kg-N/ha,Chemical
CAT_AWD_S_T_08,"Estimated annual average rate, in kg/ha, of Precipitation Adjusted Wet Deposition of Total Sulfur (kg-S/ha), 2008",kg-N/ha,Chemical
CAT_AWD_SS_S_08,"Estimated annual average rate, in kg/ha, of Precipitation Adjusted Wet Deposition of Sea Salt Sulfur (kg-S/ha), 2008",kg-N/ha,Chemical
CAT_AWDEP_CL_08,"Estimated annual average rate, in kg/ha, of Precipitation Adjusted Wet Deposition of chloride (kg-Cl/ha), 2008",kg-N/ha,Chemical
CAT_AWDEP_NA_08,"Estimated annual average rate, in kg/ha, of Precipitation Adjusted Wet Deposition of sodium (kg-Na/ha), 2008",kg-N/ha,Chemical
CAT_DD_OXN_T_08,"Estimated annual average rate, in kg/ha, of Dry Deposition of Total Oxidized N (kg-N/ha), 2008",kg-N/ha,Chemical
CAT_DD_REDN_T_08,"Estimated annual average rate, in kg/ha, of Dry Deposition of Total Reduced N (kg-N/ha), 2008",kg-N/ha,Chemical
CAT_DD_S_T_08,"Estimated annual average rate, in kg/ha, of Dry Deposition of Total Sulfur (kg-S/ha), 2008",kg-N/ha,Chemical
CAT_DD_SS_S_08,"Estimated annual average rate, in kg/ha, of Dry Deposition of Sea Salt Sulfur (kg-S/ha), 2008",kg-N/ha,Chemical
CAT_DDEP_CL_08,"Estimated annual average rate, in kg/ha, of Dry Deposition of Chloride (kg-Cl/ha), 2008",kg-N/ha,Chemical
CAT_DDEP_NA_08,"Estimated annual average rate, in kg/ha, of Dry Deposition of Sodium (kg-Na/ha), 2008",kg-N/ha,Chemical
CAT_TD_OXN_T_08,"Estimated annual average rate, in kg/ha, of Total Deposition of Total Oxidized N (kg-N/ha), 2008",kg-N/ha,Chemical
CAT_TD_REDN_T_08,"Estimated annual average rate, in kg/ha, of Total Deposition of Total Reduced N (kg-N/ha), 2008",kg-N/ha,Chemical
CAT_TD_S_T_08,"Estimated annual average rate, in kg/ha, of Total Deposition of Total Sulfur (kg-S/ha), 2008",kg-N/ha,Chemical
CAT_TD_SS_S_08,"Estimated annual average rate, in kg/ha, of Total Deposition of Sea Salt Sulfur (kg-S/ha), 2008",kg-N/ha,Chemical
CAT_TDEP_CL_08,"Estimated annual average rate, in kg/ha, of Total Deposition of Chloride (kg-Cl/ha), 2008",kg-N/ha,Chemical
CAT_TDEP_NA_08,"Estimated annual average rate, in kg/ha, of Total Deposition of Sodium (kg-Na/ha), 2008",kg-N/ha,Chemical
CAT_TD_N_08,"Estimated annual average rate, in kg/ha, of Total Deposition of Nitrogen (Oxidized + Reduced) (kg-N/ha), 2008",kg-N/ha,Chemical
CAT_AWD_OXN_T_10,"Estimated annual average rate, in kg/ha, of Bias+Precipitation Adjusted Wet Deposition of Oxidized N (kg-N/ha)), 2010",kg-N/ha,Chemical
CAT_AWD_REDN_T_10,"Estimated annual average rate, in kg/ha, of Bias+Precipitation Adjusted Wet Deposition of Reduced N (kg-N/ha), 2010",kg-N/ha,Chemical
CAT_AWD_S_T_10,"Estimated annual average rate, in kg/ha, of Precipitation Adjusted Wet Deposition of Total Sulfur (kg-S/ha), 2010",kg-N/ha,Chemical
CAT_AWD_SS_S_10,"Estimated annual average rate, in kg/ha, of Precipitation Adjusted Wet Deposition of Sea Salt Sulfur (kg-S/ha), 2010",kg-N/ha,Chemical
CAT_AWDEP_CL_10,"Estimated annual average rate, in kg/ha, of Precipitation Adjusted Wet Deposition of chloride (kg-Cl/ha), 2010",kg-N/ha,Chemical
CAT_AWDEP_NA_10,"Estimated annual average rate, in kg/ha, of Precipitation Adjusted Wet Deposition of sodium (kg-Na/ha), 2010",kg-N/ha,Chemical
CAT_DD_OXN_T_10,"Estimated annual average rate, in kg/ha, of Dry Deposition of Total Oxidized N (kg-N/ha), 2010",kg-N/ha,Chemical
CAT_DD_REDN_T_10,"Estimated annual average rate, in kg/ha, of Dry Deposition of Total Reduced N (kg-N/ha), 2010",kg-N/ha,Chemical
CAT_DD_S_T_10,"Estimated annual average rate, in kg/ha, of Dry Deposition of Total Sulfur (kg-S/ha), 2010",kg-N/ha,Chemical
CAT_DD_SS_S_10,"Estimated annual average rate, in kg/ha, of Dry Deposition of Sea Salt Sulfur (kg-S/ha), 2010",kg-N/ha,Chemical
CAT_DDEP_CL_10,"Estimated annual average rate, in kg/ha, of Dry Deposition of Chloride (kg-Cl/ha), 2010",kg-N/ha,Chemical
CAT_DDEP_NA_10,"Estimated annual average rate, in kg/ha, of Dry Deposition of Sodium (kg-Na/ha), 2010",kg-N/ha,Chemical
CAT_TD_OXN_T_10,"Estimated annual average rate, in kg/ha, of Total Deposition of Total Oxidized N (kg-N/ha), 2010",kg-N/ha,Chemical
CAT_TD_REDN_T_10,"Estimated annual average rate, in kg/ha, of Total Deposition of Total Reduced N (kg-N/ha), 2010",kg-N/ha,Chemical
CAT_TD_S_T_10,"Estimated annual average rate, in kg/ha, of Total Deposition of Total Sulfur (kg-S/ha), 2010",kg-N/ha,Chemical
CAT_TD_SS_S_10,"Estimated annual average rate, in kg/ha, of Total Deposition of Sea Salt Sulfur (kg-S/ha), 2010",kg-N/ha,Chemical
CAT_TDEP_CL_10,"Estimated annual average rate, in kg/ha, of Total Deposition of Chloride (kg-Cl/ha), 2010",kg-N/ha,Chemical
CAT_TDEP_NA_10,"Estimated annual average rate, in kg/ha, of Total Deposition of Sodium (kg-Na/ha), 2010",kg-N/ha,Chemical
CAT_TD_N_10,"Estimated annual average rate, in kg/ha, of Total Deposition of Nitrogen (Oxidized + Reduced) (kg-N/ha), 2010",kg-N/ha,Chemical
CAT_AWD_OXN_T_02,"Estimated annual average rate, in kg/ha, of Bias+Precipitation Adjusted Wet Deposition of Oxidized N (kg-N/ha)), 2002",kg-N/ha,Chemical
CAT_AWD_REDN_T_02,"Estimated annual average rate, in kg/ha, of Bias+Precipitation Adjusted Wet Deposition of Reduced N (kg-N/ha), 2002",kg-N/ha,Chemical
CAT_AWD_S_T_02,"Estimated annual average rate, in kg/ha, of Precipitation Adjusted Wet Deposition of Total Sulfur (kg-S/ha), 2002",kg-N/ha,Chemical
CAT_AWD_SS_S_02,"Estimated annual average rate, in kg/ha, of Precipitation Adjusted Wet Deposition of Sea Salt Sulfur (kg-S/ha), 2002",kg-N/ha,Chemical
CAT_AWDEP_CL_02,"Estimated annual average rate, in kg/ha, of Precipitation Adjusted Wet Deposition of chloride (kg-Cl/ha), 2002",kg-N/ha,Chemical
CAT_AWDEP_NA_02,"Estimated annual average rate, in kg/ha, of Precipitation Adjusted Wet Deposition of sodium (kg-Na/ha), 2002",kg-N/ha,Chemical
CAT_DD_OXN_T_02,"Estimated annual average rate, in kg/ha, of Dry Deposition of Total Oxidized N (kg-N/ha), 2002",kg-N/ha,Chemical
CAT_DD_REDN_T_02,"Estimated annual average rate, in kg/ha, of Dry Deposition of Total Reduced N (kg-N/ha), 2002",kg-N/ha,Chemical
CAT_DD_S_T_02,"Estimated annual average rate, in kg/ha, of Dry Deposition of Total Sulfur (kg-S/ha), 2002",kg-N/ha,Chemical
CAT_DD_SS_S_02,"Estimated annual average rate, in kg/ha, of Dry Deposition of Sea Salt Sulfur (kg-S/ha), 2002",kg-N/ha,Chemical
CAT_DDEP_CL_02,"Estimated annual average rate, in kg/ha, of Dry Deposition of Chloride (kg-Cl/ha), 2002",kg-N/ha,Chemical
CAT_DDEP_NA_02,"Estimated annual average rate, in kg/ha, of Dry Deposition of Sodium (kg-Na/ha), 2002",kg-N/ha,Chemical
CAT_TD_OXN_T_02,"Estimated annual average rate, in kg/ha, of Total Deposition of Total Oxidized N (kg-N/ha), 2002",kg-N/ha,Chemical
CAT_TD_REDN_T_02,"Estimated annual average rate, in kg/ha, of Total Deposition of Total Reduced N (kg-N/ha), 2002",kg-N/ha,Chemical
CAT_TD_S_T_02,"Estimated annual average rate, in kg/ha, of Total Deposition of Total Sulfur (kg-S/ha), 2002",kg-N/ha,Chemical
CAT_TD_SS_S_02,"Estimated annual average rate, in kg/ha, of Total Deposition of Sea Salt Sulfur (kg-S/ha), 2002",kg-N/ha,Chemical
CAT_TDEP_CL_02,"Estimated annual average rate, in kg/ha, of Total Deposition of Chloride (kg-Cl/ha), 2002",kg-N/ha,Chemical
CAT_TDEP_NA_02,"Estimated annual average rate, in kg/ha, of Total Deposition of Sodium (kg-Na/ha), 2002",kg-N/ha,Chemical
CAT_TD_N_02,"Estimated annual average rate, in kg/ha, of Total Deposition of Nitrogen (Oxidized + Reduced) (kg-N/ha), 2002",kg-N/ha,Chemical
CAT_AWD_OXN_T_04,"Estimated annual average rate, in kg/ha, of Bias+Precipitation Adjusted Wet Deposition of Oxidized N (kg-N/ha)), 2004",kg-N/ha,Chemical
CAT_AWD_REDN_T_04,"Estimated annual average rate, in kg/ha, of Bias+Precipitation Adjusted Wet Deposition of Reduced N (kg-N/ha), 2004",kg-N/ha,Chemical
CAT_AWD_S_T_04,"Estimated annual average rate, in kg/ha, of Precipitation Adjusted Wet Deposition of Total Sulfur (kg-S/ha), 2004",kg-N/ha,Chemical
CAT_AWD_SS_S_04,"Estimated annual average rate, in kg/ha, of Precipitation Adjusted Wet Deposition of Sea Salt Sulfur (kg-S/ha), 2004",kg-N/ha,Chemical
CAT_AWDEP_CL_04,"Estimated annual average rate, in kg/ha, of Precipitation Adjusted Wet Deposition of chloride (kg-Cl/ha), 2004",kg-N/ha,Chemical
CAT_AWDEP_NA_04,"Estimated annual average rate, in kg/ha, of Precipitation Adjusted Wet Deposition of sodium (kg-Na/ha), 2004",kg-N/ha,Chemical
CAT_DD_OXN_T_04,"Estimated annual average rate, in kg/ha, of Dry Deposition of Total Oxidized N (kg-N/ha), 2004",kg-N/ha,Chemical
CAT_DD_REDN_T_04,"Estimated annual average rate, in kg/ha, of Dry Deposition of Total Reduced N (kg-N/ha), 2004",kg-N/ha,Chemical
CAT_DD_S_T_04,"Estimated annual average rate, in kg/ha, of Dry Deposition of Total Sulfur (kg-S/ha), 2004",kg-N/ha,Chemical
CAT_DD_SS_S_04,"Estimated annual average rate, in kg/ha, of Dry Deposition of Sea Salt Sulfur (kg-S/ha), 2004",kg-N/ha,Chemical
CAT_DDEP_CL_04,"Estimated annual average rate, in kg/ha, of Dry Deposition of Chloride (kg-Cl/ha), 2004",kg-N/ha,Chemical
CAT_DDEP_NA_04,"Estimated annual average rate, in kg/ha, of Dry Deposition of Sodium (kg-Na/ha), 2004",kg-N/ha,Chemical
CAT_TD_OXN_T_04,"Estimated annual average rate, in kg/ha, of Total Deposition of Total Oxidized N (kg-N/ha), 2004",kg-N/ha,Chemical
CAT_TD_REDN_T_04,"Estimated annual average rate, in kg/ha, of Total Deposition of Total Reduced N (kg-N/ha), 2004",kg-N/ha,Chemical
CAT_TD_S_T_04,"Estimated annual average rate, in kg/ha, of Total Deposition of Total Sulfur (kg-S/ha), 2004",kg-N/ha,Chemical
CAT_TD_SS_S_04,"Estimated annual average rate, in kg/ha, of Total Deposition of Sea Salt Sulfur (kg-S/ha), 2004",kg-N/ha,Chemical
CAT_TDEP_CL_04,"Estimated annual average rate, in kg/ha, of Total Deposition of Chloride (kg-Cl/ha), 2004",kg-N/ha,Chemical
CAT_TDEP_NA_04,"Estimated annual average rate, in kg/ha, of Total Deposition of Sodium (kg-Na/ha), 2004",kg-N/ha,Chemical
CAT_TD_N_04,"Estimated annual average rate, in kg/ha, of Total Deposition of Nitrogen (Oxidized + Reduced) (kg-N/ha), 2004",kg-N/ha,Chemical
CAT_AWD_OXN_T_09,"Estimated annual average rate, in kg/ha, of Bias+Precipitation Adjusted Wet Deposition of Oxidized N (kg-N/ha)), 2009",kg-N/ha,Chemical
CAT_AWD_REDN_T_09,"Estimated annual average rate, in kg/ha, of Bias+Precipitation Adjusted Wet Deposition of Reduced N (kg-N/ha), 2009",kg-N/ha,Chemical
CAT_AWD_S_T_09,"Estimated annual average rate, in kg/ha, of Precipitation Adjusted Wet Deposition of Total Sulfur (kg-S/ha), 2009",kg-N/ha,Chemical
CAT_AWD_SS_S_09,"Estimated annual average rate, in kg/ha, of Precipitation Adjusted Wet Deposition of Sea Salt Sulfur (kg-S/ha), 2009",kg-N/ha,Chemical
CAT_AWDEP_CL_09,"Estimated annual average rate, in kg/ha, of Precipitation Adjusted Wet Deposition of chloride (kg-Cl/ha), 2009",kg-N/ha,Chemical
CAT_AWDEP_NA_09,"Estimated annual average rate, in kg/ha, of Precipitation Adjusted Wet Deposition of sodium (kg-Na/ha), 2009",kg-N/ha,Chemical
CAT_DD_OXN_T_09,"Estimated annual average rate, in kg/ha, of Dry Deposition of Total Oxidized N (kg-N/ha), 2009",kg-N/ha,Chemical
CAT_DD_REDN_T_09,"Estimated annual average rate, in kg/ha, of Dry Deposition of Total Reduced N (kg-N/ha), 2009",kg-N/ha,Chemical
CAT_DD_S_T_09,"Estimated annual average rate, in kg/ha, of Dry Deposition of Total Sulfur (kg-S/ha), 2009",kg-N/ha,Chemical
CAT_DD_SS_S_09,"Estimated annual average rate, in kg/ha, of Dry Deposition of Sea Salt Sulfur (kg-S/ha), 2009",kg-N/ha,Chemical
CAT_DDEP_CL_09,"Estimated annual average rate, in kg/ha, of Dry Deposition of Chloride (kg-Cl/ha), 2009",kg-N/ha,Chemical
CAT_DDEP_NA_09,"Estimated annual average rate, in kg/ha, of Dry Deposition of Sodium (kg-Na/ha), 2009",kg-N/ha,Chemical
CAT_TD_OXN_T_09,"Estimated annual average rate, in kg/ha, of Total Deposition of Total Oxidized N (kg-N/ha), 2009",kg-N/ha,Chemical
CAT_TD_REDN_T_09,"Estimated annual average rate, in kg/ha, of Total Deposition of Total Reduced N (kg-N/ha), 2009",kg-N/ha,Chemical
CAT_TD_S_T_09,"Estimated annual average rate, in kg/ha, of Total Deposition of Total Sulfur (kg-S/ha), 2009",kg-N/ha,Chemical
CAT_TD_SS_S_09,"Estimated annual average rate, in kg/ha, of Total Deposition of Sea Salt Sulfur (kg-S/ha), 2009",kg-N/ha,Chemical
CAT_TDEP_CL_09,"Estimated annual average rate, in kg/ha, of Total Deposition of Chloride (kg-Cl/ha), 2009",kg-N/ha,Chemical
CAT_TDEP_NA_09,"Estimated annual average rate, in kg/ha, of Total Deposition of Sodium (kg-Na/ha), 2009",kg-N/ha,Chemical
CAT_TD_N_09,"Estimated annual average rate, in kg/ha, of Total Deposition of Nitrogen (Oxidized + Reduced) (kg-N/ha), 2009",kg-N/ha,Chemical
CAT_AWD_OXN_T_12,"Estimated annual average rate, in kg/ha, of Bias+Precipitation Adjusted Wet Deposition of Oxidized N (kg-N/ha)), 2012",kg-N/ha,Chemical
CAT_AWD_REDN_T_12,"Estimated annual average rate, in kg/ha, of Bias+Precipitation Adjusted Wet Deposition of Reduced N (kg-N/ha), 2012",kg-N/ha,Chemical
CAT_AWD_S_T_12,"Estimated annual average rate, in kg/ha, of Precipitation Adjusted Wet Deposition of Total Sulfur (kg-S/ha), 2012",kg-N/ha,Chemical
CAT_AWD_SS_S_12,"Estimated annual average rate, in kg/ha, of Precipitation Adjusted Wet Deposition of Sea Salt Sulfur (kg-S/ha), 2012",kg-N/ha,Chemical
CAT_AWDEP_CL_12,"Estimated annual average rate, in kg/ha, of Precipitation Adjusted Wet Deposition of chloride (kg-Cl/ha), 2012",kg-N/ha,Chemical
CAT_AWDEP_NA_12,"Estimated annual average rate, in kg/ha, of Precipitation Adjusted Wet Deposition of sodium (kg-Na/ha), 2012",kg-N/ha,Chemical
CAT_DD_OXN_T_12,"Estimated annual average rate, in kg/ha, of Dry Deposition of Total Oxidized N (kg-N/ha), 2012",kg-N/ha,Chemical
CAT_DD_REDN_T_12,"Estimated annual average rate, in kg/ha, of Dry Deposition of Total Reduced N (kg-N/ha), 2012",kg-N/ha,Chemical
CAT_DD_S_T_12,"Estimated annual average rate, in kg/ha, of Dry Deposition of Total Sulfur (kg-S/ha), 2012",kg-N/ha,Chemical
CAT_DD_SS_S_12,"Estimated annual average rate, in kg/ha, of Dry Deposition of Sea Salt Sulfur (kg-S/ha), 2012",kg-N/ha,Chemical
CAT_DDEP_CL_12,"Estimated annual average rate, in kg/ha, of Dry Deposition of Chloride (kg-Cl/ha), 2012",kg-N/ha,Chemical
CAT_DDEP_NA_12,"Estimated annual average rate, in kg/ha, of Dry Deposition of Sodium (kg-Na/ha), 2012",kg-N/ha,Chemical
CAT_TD_OXN_T_12,"Estimated annual average rate, in kg/ha, of Total Deposition of Total Oxidized N (kg-N/ha), 2012",kg-N/ha,Chemical
CAT_TD_REDN_T_12,"Estimated annual average rate, in kg/ha, of Total Deposition of Total Reduced N (kg-N/ha), 2012",kg-N/ha,Chemical
CAT_TD_S_T_12,"Estimated annual average rate, in kg/ha, of Total Deposition of Total Sulfur (kg-S/ha), 2012",kg-N/ha,Chemical
CAT_TD_SS_S_12,"Estimated annual average rate, in kg/ha, of Total Deposition of Sea Salt Sulfur (kg-S/ha), 2012",kg-N/ha,Chemical
CAT_TDEP_CL_12,"Estimated annual average rate, in kg/ha, of Total Deposition of Chloride (kg-Cl/ha), 2012",kg-N/ha,Chemical
CAT_TDEP_NA_12,"Estimated annual average rate, in kg/ha, of Total Deposition of Sodium (kg-Na/ha), 2012",kg-N/ha,Chemical
CAT_TD_N_12,"Estimated annual average rate, in kg/ha, of Total Deposition of Nitrogen (Oxidized + Reduced) (kg-N/ha), 2012",kg-N/ha,Chemical
CAT_KGBI,"Toxicity Weighted Use for benthic invertebrates in kilograms per square kilomter on agricultural land, 2013",kg/sqkm,Chemical
CAT_KGCLADO,"Toxicity Weighted Use for cladocerans in kilograms per square kilomter on agricultural land, 2013",kg/sqkm,Chemical
CAT_KGFISH,"Toxicity Weighted Use for fish in kilograms per square kilomter on agricultural land, 2013",kg/sqkm,Chemical
CAT_NDAMS1930,"Number of dams built on or before 1930 ,",count,Hydrologic Modifications
CAT_NID_STORAGE1930,"The maximum dam storage (in acre-feet) defined as the total storage space in all reservoirs in a flowline catchment below the maximum attainable water surface elevation, including any surcharge storage, of dams built on or before 1930. Value is based on dams built on or before 1930",acre-feet,Hydrologic Modifications
CAT_NORM_STORAGE1930,"The normal dam storage (in acre-feet) defined as the total storage space in all reservoirs in a flowline catchment that is below the normal retention level, including dead and inactive storage and excluding any flood control or surcharge storage. Value is based on dams built on or before 1930",acre-feet,Hydrologic Modifications
CAT_MAJOR1930,"Number of major dams built on or before 1930 in each NHDPlusV2 catchment. Major dams defined as being >= 50 feet in height (15m) or having storage >= 5,000 acre feet",count,Hydrologic Modifications
CAT_NDAMS1940,unknown,unknown,Hydrologic Modifications
CAT_NID_STORAGE1940,"The maximum dam storage (in acre-feet) defined as the total storage space in all reservoirs in a flowline catchment below the maximum attainable water surface elevation, including any surcharge storage, of dams built on or before 1940. Value is based on dams built on or before 1940",acre-feet,Hydrologic Modifications
CAT_NORM_STORAGE1940,"The normal dam storage (in acre-feet) defined as the total storage space in all reservoirs in a flowline catchment that is below the normal retention level, including dead and inactive storage and excluding any flood control or surcharge storage. Value is based on dams built on or before 1940",acre-feet,Hydrologic Modifications
CAT_MAJOR1940,"Number of major dams built on or before 1940 in each NHDPlusV2 catchment. Major dams defined as being >= 50 feet in height (15m) or having storage >= 5,000 acre feet",count,Hydrologic Modifications
CAT_NDAMS1960,"Number of dams built on or before 1960 ,",count,Hydrologic Modifications
CAT_NID_STORAGE1960,"The maximum dam storage (in acre-feet) defined as the total storage space in all reservoirs in a flowline catchment below the maximum attainable water surface elevation, including any surcharge storage, of dams built on or before 1960. Value is based on dams built on or before 1960",acre-feet,Hydrologic Modifications
CAT_NORM_STORAGE1960,"The normal dam storage (in acre-feet) defined as the total storage space in all reservoirs in a flowline catchment that is below the normal retention level, including dead and inactive storage and excluding any flood control or surcharge storage. Value is based on dams built on or before 1960",acre-feet,Hydrologic Modifications
CAT_MAJOR1960,"Number of major dams built on or before 1960 in each NHDPlusV2 catchment. Major dams defined as being >= 50 feet in height (15m) or having storage >= 5,000 acre feet",count,Hydrologic Modifications
CAT_NDAMS1970,"Number of dams built on or before 1970 ,",count,Hydrologic Modifications
CAT_NID_STORAGE1970,"The maximum dam storage (in acre-feet) defined as the total storage space in all reservoirs in a flowline catchment below the maximum attainable water surface elevation, including any surcharge storage, of dams built on or before 1970. Value is based on dams built on or before 1970",acre-feet,Hydrologic Modifications
CAT_NORM_STORAGE1970,"The normal dam storage (in acre-feet) defined as the total storage space in all reservoirs in a flowline catchment that is below the normal retention level, including dead and inactive storage and excluding any flood control or surcharge storage. Value is based on dams built on or before 1970",acre-feet,Hydrologic Modifications
CAT_MAJOR1970,"Number of major dams built on or before 1970 in each NHDPlusV2 catchment. Major dams defined as being >= 50 feet in height (15m) or having storage >= 5,000 acre feet",count,Hydrologic Modifications
CAT_NDAMS1990,"Number of dams built on or before 1990 ,",count,Hydrologic Modifications
CAT_NID_STORAGE1990,"The maximum dam storage (in acre-feet) defined as the total storage space in all reservoirs in a flowline catchment below the maximum attainable water surface elevation, including any surcharge storage, of dams built on or before 1990. Value is based on dams built on or before 1990",acre-feet,Hydrologic Modifications
CAT_NORM_STORAGE1990,"The normal dam storage (in acre-feet) defined as the total storage space in all reservoirs in a flowline catchment that is below the normal retention level, including dead and inactive storage and excluding any flood control or surcharge storage. Value is based on dams built on or before 1990",acre-feet,Hydrologic Modifications
CAT_MAJOR1990,"Number of major dams built on or before 1990 in each NHDPlusV2 catchment. Major dams defined as being >= 50 feet in height (15m) or having storage >= 5,000 acre feet",count,Hydrologic Modifications
CAT_NDAMS2010,"Number of dams built on or before 2010 ,",count,Hydrologic Modifications
CAT_NID_STORAGE2010,"The maximum dam storage (in acre-feet) defined as the total storage space in all reservoirs in a flowline catchment below the maximum attainable water surface elevation, including any surcharge storage, of dams built on or before 2010. Value is based on dams built on or before 2010",acre-feet,Hydrologic Modifications
CAT_NORM_STORAGE2010,"The normal dam storage (in acre-feet) defined as the total storage space in all reservoirs in a flowline catchment that is below the normal retention level, including dead and inactive storage and excluding any flood control or surcharge storage. Value is based on dams built on or before 2010",acre-feet,Hydrologic Modifications
CAT_MAJOR2010,"Number of major dams built on or before 2010 in each NHDPlusV2 catchment. Major dams defined as being >= 50 feet in height (15m) or having storage >= 5,000 acre feet",count,Hydrologic Modifications
CAT_NDAMS2013,"Number of dams built on or before YYYY ,",count,Hydrologic Modifications
CAT_NID_STORAGE2013,"The maximum dam storage (in acre-feet) defined as the total storage space in all reservoirs in a flowline catchment below the maximum attainable water surface elevation, including any surcharge storage, of dams built on or before YYYY. Value is based on dams built on or before YYYY",acre-feet,Hydrologic Modifications
CAT_NORM_STORAGE2013,"The normal dam storage (in acre-feet) defined as the total storage space in all reservoirs in a flowline catchment that is below the normal retention level, including dead and inactive storage and excluding any flood control or surcharge storage. Value is based on dams built on or before YYYY",acre-feet,Hydrologic Modifications
CAT_MAJOR2013,"Number of major dams built on or before YYYY in each NHDPlusV2 catchment. Major dams defined as being >= 50 feet in height (15m) or having storage >= 5,000 acre feet",count,Hydrologic Modifications
CAT_NDAMS2000,"Number of dams built on or before 2000 ,",count,Hydrologic Modifications
CAT_NID_STORAGE2000,"The maximum dam storage (in acre-feet) defined as the total storage space in all reservoirs in a flowline catchment below the maximum attainable water surface elevation, including any surcharge storage, of dams built on or before 2000. Value is based on dams built on or before 2000",acre-feet,Hydrologic Modifications
CAT_NORM_STORAGE2000,"The normal dam storage (in acre-feet) defined as the total storage space in all reservoirs in a flowline catchment that is below the normal retention level, including dead and inactive storage and excluding any flood control or surcharge storage. Value is based on dams built on or before 2000",acre-feet,Hydrologic Modifications
CAT_MAJOR2000,"Number of major dams built on or before 2000 in each NHDPlusV2 catchment. Major dams defined as being >= 50 feet in height (15m) or having storage >= 5,000 acre feet",count,Hydrologic Modifications
CAT_NDAMS1980,"Number of dams built on or before 1980 ,",count,Hydrologic Modifications
CAT_NID_STORAGE1980,"The maximum dam storage (in acre-feet) defined as the total storage space in all reservoirs in a flowline catchment below the maximum attainable water surface elevation, including any surcharge storage, of dams built on or before 1980. Value is based on dams built on or before 1980",acre-feet,Hydrologic Modifications
CAT_NORM_STORAGE1980,"The normal dam storage (in acre-feet) defined as the total storage space in all reservoirs in a flowline catchment that is below the normal retention level, including dead and inactive storage and excluding any flood control or surcharge storage. Value is based on dams built on or before 1980",acre-feet,Hydrologic Modifications
CAT_MAJOR1980,"Number of major dams built on or before 1980 in each NHDPlusV2 catchment. Major dams defined as being >= 50 feet in height (15m) or having storage >= 5,000 acre feet",count,Hydrologic Modifications
CAT_NDAMS1950,"Number of dams built on or before 1950 ,",count,Hydrologic Modifications
CAT_NID_STORAGE1950,"The maximum dam storage (in acre-feet) defined as the total storage space in all reservoirs in a flowline catchment below the maximum attainable water surface elevation, including any surcharge storage, of dams built on or before 1950. Value is based on dams built on or before 1950",acre-feet,Hydrologic Modifications
CAT_NORM_STORAGE1950,"The normal dam storage (in acre-feet) defined as the total storage space in all reservoirs in a flowline catchment that is below the normal retention level, including dead and inactive storage and excluding any flood control or surcharge storage. Value is based on dams built on or before 1950",acre-feet,Hydrologic Modifications
CAT_MAJOR1950,"Number of major dams built on or before 1950 in each NHDPlusV2 catchment. Major dams defined as being >= 50 feet in height (15m) or having storage >= 5,000 acre feet",count,Hydrologic Modifications
CAT_NWALT02_11,"2002 land-use and land-cover type Water: Streams, rivers, lakes, ponds, bays, and estuaries.",percent,Land Cover
CAT_NWALT02_12,"2002 land-use and land-cover type Wetlands: Core wetlands class that does not change between years and is based on agreement of wetlands from three sources/periods: The NLCD 1992, NLCD 2001, and NLCD 2011.",percent,Land Cover
CAT_NWALT02_21,"2002 land-use and land-cover type Major Transportation: Major roads, rail, and airports, along with their associated facilities. Major roads are those equivalent to Department of Transportation function classes 13. At the spatial resolution of this dataset, road pixels usually incorporate some adjacent development, and in urban areas, they typically include commercial uses. Minor roads are considered an integral part of other land uses; for example, res- idential neighborhood roads are a part of the Residential classes.",percent,Land Cover
CAT_NWALT02_22,"2002 land-use and land-cover type Commercial/Services: Commercial and services. Includes retail stores, shopping centers, office buildings, commercial zones, professional services and organizations, universities, schools, hospitals, churches, prisons, police and fire stations, and so on. May include areas of extensive commercial use where identifiable, such as nurseries or vehicle yards.",percent,Land Cover
CAT_NWALT02_23,"2002 land-use and land-cover type Industrial/Military: Industrial and military. Includes heavy and light industry, seaports/ harbors, manufacturing, mills/factories, utilities, waste/recycling/ landfills, energy production, warehousing/distribution, water- management features, major communication facilities, and military bases.",percent,Land Cover
CAT_NWALT02_24,"2002 land-use and land-cover type Recreation : Recreational areas, golf courses, cemeteries, and parks. Includes spectator recreation venues where identifiable: Sports arenas, racetracks, amusement parks, zoos, and so on.",percent,Land Cover
CAT_NWALT02_25,"2002 land-use and land-cover type Residential, High Density: Recreational areas, golf courses, cemeteries, and parks. Includes spectator recreation venues where identifiable: Sports arenas, racetracks, amusement parks, zoos, and so on.",percent,Land Cover
CAT_NWALT02_26,"2002 land-use and land-cover type Residential, Low-Medium Density: Primarily residential development, with hden 16500 units/km2.",percent,Land Cover
CAT_NWALT02_27,"2002 land-use and land-cover type Developed, Other: Low-density developed areas (hden <16) and not classifiable in any other class. Primarily low-density residential, rural roads, or vacant land.",percent,Land Cover
CAT_NWALT02_31,"2002 land-use and land-cover type Urban Interface High: Land not in a Developed or Production land use, but in an urban area (hden >500 or in or near an urban core area). Probable medium- high anthropogenic influence.",percent,Land Cover
CAT_NWALT02_32,"2002 land-use and land-cover type Urban Interface Low Medium: Land not in a Developed or Production land use, but in a near-urban (suburban, ex-urban) area (hden 16500 units/km2). Probable low- medium anthropogenic influence.",percent,Land Cover
CAT_NWALT02_33,"2002 land-use and land-cover type Anthropogenic Other: Miscellaneous non-residential urban uses not captured by the NLCD as Developed and likely to have a persistent presence throughout every year of this dataset (see text). Primarily barren or low-vegetation areas associated with industrial, transportation, or recreation uses (for example, landfills or beaches). Probable low-medium anthropogenic influence related to non-residential activities.",percent,Land Cover
CAT_NWALT02_41,"2002 land-use and land-cover type Mining/Extraction: Barren areas due to probable surface mining/mineral extraction. Includes mining, quarries, sand and gravel operations, and energy operations.",percent,Land Cover
CAT_NWALT02_43,"2002 land-use and land-cover type Crops: Areas used for the production of crops, such as corn, soybeans, wheat, vegetables, or cotton, as well as perennial woody crops such as orchards and vineyards. Includes cultivated crops, row crops, small grains, and fallow fields. Identical definition to NLCD 2011 class 82.",percent,Land Cover
CAT_NWALT02_44,"2002 land-use and land-cover type Pasture/Hay : Areas of grasses, legumes, or grass-legume mixtures planted for live- stock grazing or the production of seed or hay crops, typically on a perennial cycle. Identical definition to NLCD 2011 class 81.",percent,Land Cover
CAT_NWALT02_45,"2002 land-use and land-cover type Grazing Potential: Areas of good grazing potential beyond what is indicated by the NLCD. Information suggests the land could and has been used at least on a seasonal or occasional basis for animal grazing, including woodland pasture. Based on physical parameters and agreement from other land cover datasets: Pixel is within 1 km of water body or within 500 m of a streamline; slope <30 percent; was in a pasture/hay class inboththe NLCDe 1992 and the Crop Data Layer 2009; hden <124; is not on a military base, protected national park, or similar unlikely grazing area; and would other- wise be in class 50.",percent,Land Cover
CAT_NWALT02_50,"2002 land-use and land-cover type Low Use: No obvious indication of anthropogenic influence, and not in active GAP status 1 conservation (class 60). May have a lower protection status (GAP class 23).",percent,Land Cover
CAT_NWALT02_60,"2002 land-use and land-cover type Very Low Use, Conservation: Areas in GAP status 1 in Protected Areas Database Conservation Biology Institute Edition V2 (for example, National Wild- life Refuges, National Parks, Wilderness Areas, and National Preserves). Does not include lands in the USDA Conservation Reserve Program. Very low human usage.",percent,Land Cover
CAT_NWALT12_11,"2012 land-use and land-cover type Water: Streams, rivers, lakes, ponds, bays, and estuaries.",percent,Land Cover
CAT_NWALT12_12,"2012 land-use and land-cover type Wetlands: Core wetlands class that does not change between years and is based on agreement of wetlands from three sources/periods: The NLCD 1992, NLCD 2001, and NLCD 2011.",percent,Land Cover
CAT_NWALT12_21,"2012 land-use and land-cover type Major Transportation: Major roads, rail, and airports, along with their associated facilities. Major roads are those equivalent to Department of Transportation function classes 13. At the spatial resolution of this dataset, road pixels usually incorporate some adjacent development, and in urban areas, they typically include commercial uses. Minor roads are considered an integral part of other land uses; for example, res- idential neighborhood roads are a part of the Residential classes.",percent,Land Cover
CAT_NWALT12_22,"2012 land-use and land-cover type Commercial/Services: Commercial and services. Includes retail stores, shopping centers, office buildings, commercial zones, professional services and organizations, universities, schools, hospitals, churches, prisons, police and fire stations, and so on. May include areas of extensive commercial use where identifiable, such as nurseries or vehicle yards.",percent,Land Cover
CAT_NWALT12_23,"2012 land-use and land-cover type Industrial/Military: Industrial and military. Includes heavy and light industry, seaports/ harbors, manufacturing, mills/factories, utilities, waste/recycling/ landfills, energy production, warehousing/distribution, water- management features, major communication facilities, and military bases.",percent,Land Cover
CAT_NWALT12_24,"2012 land-use and land-cover type Recreation : Recreational areas, golf courses, cemeteries, and parks. Includes spectator recreation venues where identifiable: Sports arenas, racetracks, amusement parks, zoos, and so on.",percent,Land Cover
CAT_NWALT12_25,"2012 land-use and land-cover type Residential, High Density: Recreational areas, golf courses, cemeteries, and parks. Includes spectator recreation venues where identifiable: Sports arenas, racetracks, amusement parks, zoos, and so on.",percent,Land Cover
CAT_NWALT12_26,"2012 land-use and land-cover type Residential, Low-Medium Density: Primarily residential development, with hden 16500 units/km2.",percent,Land Cover
CAT_NWALT12_27,"2012 land-use and land-cover type Developed, Other: Low-density developed areas (hden <16) and not classifiable in any other class. Primarily low-density residential, rural roads, or vacant land.",percent,Land Cover
CAT_NWALT12_31,"2012 land-use and land-cover type Urban Interface High: Land not in a Developed or Production land use, but in an urban area (hden >500 or in or near an urban core area). Probable medium- high anthropogenic influence.",percent,Land Cover
CAT_NWALT12_32,"2012 land-use and land-cover type Urban Interface Low Medium: Land not in a Developed or Production land use, but in a near-urban (suburban, ex-urban) area (hden 16500 units/km2). Probable low- medium anthropogenic influence.",percent,Land Cover
CAT_NWALT12_33,"2012 land-use and land-cover type Anthropogenic Other: Miscellaneous non-residential urban uses not captured by the NLCD as Developed and likely to have a persistent presence throughout every year of this dataset (see text). Primarily barren or low-vegetation areas associated with industrial, transportation, or recreation uses (for example, landfills or beaches). Probable low-medium anthropogenic influence related to non-residential activities.",percent,Land Cover
CAT_NWALT12_41,"2012 land-use and land-cover type Mining/Extraction: Barren areas due to probable surface mining/mineral extraction. Includes mining, quarries, sand and gravel operations, and energy operations.",percent,Land Cover
CAT_NWALT12_43,"2012 land-use and land-cover type Crops: Areas used for the production of crops, such as corn, soybeans, wheat, vegetables, or cotton, as well as perennial woody crops such as orchards and vineyards. Includes cultivated crops, row crops, small grains, and fallow fields. Identical definition to NLCD 2011 class 82.",percent,Land Cover
CAT_NWALT12_44,"2012 land-use and land-cover type Pasture/Hay : Areas of grasses, legumes, or grass-legume mixtures planted for live- stock grazing or the production of seed or hay crops, typically on a perennial cycle. Identical definition to NLCD 2011 class 81.",percent,Land Cover
CAT_NWALT12_45,"2012 land-use and land-cover type Grazing Potential: Areas of good grazing potential beyond what is indicated by the NLCD. Information suggests the land could and has been used at least on a seasonal or occasional basis for animal grazing, including woodland pasture. Based on physical parameters and agreement from other land cover datasets: Pixel is within 1 km of water body or within 500 m of a streamline; slope <30 percent; was in a pasture/hay class in both the NLCDe 1992 and the Crop Data Layer 2009; hden <124; is not on a military base, protected national park, or similar unlikely grazing area; and would other- wise be in class 50.",percent,Land Cover
CAT_NWALT12_50,"2012 land-use and land-cover type Low Use: No obvious indication of anthropogenic influence, and not in active GAP status 1 conservation (class 60). May have a lower protection status (GAP class 23).",percent,Land Cover
CAT_NWALT12_60,"2012 land-use and land-cover type Very Low Use, Conservation: Areas in GAP status 1 in Protected Areas Database Conservation Biology Institute Edition V2 (for example, National Wild- life Refuges, National Parks, Wilderness Areas, and National Preserves). Does not include lands in the USDA Conservation Reserve Program. Very low human usage.",percent,Land Cover
CAT_NWALT74_11,"1974 land-use and land-cover type Water: Streams, rivers, lakes, ponds, bays, and estuaries.",percent,Land Cover
CAT_NWALT74_12,1974 land-use and land-cover type Wetlands,percent,Land Cover
CAT_NWALT74_21,1974 land-use and land-cover type Major Transportation,percent,Land Cover
CAT_NWALT74_22,1974 land-use and land-cover type Commercial/Services,percent,Land Cover
CAT_NWALT74_23,1974 land-use and land-cover type Industrial/Military,percent,Land Cover
CAT_NWALT74_24,1974 land-use and land-cover type Recreation,percent,Land Cover
CAT_NWALT74_25,"1974 land-use and land-cover type Residential, High Density",percent,Land Cover
CAT_NWALT74_26,"1974 land-use and land-cover type Residential, Low-Medium Density",percent,Land Cover
CAT_NWALT74_27,"1974 land-use and land-cover type Developed, Other",percent,Land Cover
CAT_NWALT74_31,1974 land-use and land-cover type Urban Interface High,percent,Land Cover
CAT_NWALT74_32,1974 land-use and land-cover type Urban Interface Low Medium,percent,Land Cover
CAT_NWALT74_33,1974 land-use and land-cover type Anthropogenic Other,percent,Land Cover
CAT_NWALT74_41,1974 land-use and land-cover type Mining/Extraction,percent,Land Cover
CAT_NWALT74_43,1974 land-use and land-cover type Crops,percent,Land Cover
CAT_NWALT74_44,1974 land-use and land-cover type Pasture/Hay,percent,Land Cover
CAT_NWALT74_45,"1974 land-use and land-cover type Grazing Potential: Areas of good grazing potential beyond what is indicated by the NLCD. Information suggests the land could and has been used at least on a seasonal or occasional basis for animal grazing, including woodland pasture. Based on physical parameters and agreement from other land cover datasets: Pixel is within 1 km of water body or within 500 m of a streamline; slope <30 percent; was in a pasture/hay class in both the NLCDe 1992 and the Crop Data Layer 2009; hden <124; is not on a military base, protected national park, or similar unlikely grazing area; and would other- wise be in class 50.",percent,Land Cover
CAT_NWALT74_50,1974 land-use and land-cover type Low Use,percent,Land Cover
CAT_NWALT74_60,"1974 land-use and land-cover type Very Low Use, Conservation",percent,Land Cover
CAT_NWALT82_11,"1982 land-use and land-cover type Water: Streams, rivers, lakes, ponds, bays, and estuaries.",percent,Land Cover
CAT_NWALT82_12,"1982 land-use and land-cover type Wetlands: Core wetlands class that does not change between years and is based on agreement of wetlands from three sources/periods: The NLCD 1992, NLCD 2001, and NLCD 2011.",percent,Land Cover
CAT_NWALT82_21,"1982 land-use and land-cover type Major Transportation: Major roads, rail, and airports, along with their associated facilities. Major roads are those equivalent to Department of Transportation function classes 13. At the spatial resolution of this dataset, road pixels usually incorporate some adjacent development, and in urban areas, they typically include commercial uses. Minor roads are considered an integral part of other land uses; for example, res- idential neighborhood roads are a part of the Residential classes.",percent,Land Cover
CAT_NWALT82_22,"1982 land-use and land-cover type Commercial/Services: Commercial and services. Includes retail stores, shopping centers, office buildings, commercial zones, professional services and organizations, universities, schools, hospitals, churches, prisons, police and fire stations, and so on. May include areas of extensive commercial use where identifiable, such as nurseries or vehicle yards.",percent,Land Cover
CAT_NWALT82_23,"1982 land-use and land-cover type Industrial/Military: Industrial and military. Includes heavy and light industry, seaports/ harbors, manufacturing, mills/factories, utilities, waste/recycling/ landfills, energy production, warehousing/distribution, water- management features, major communication facilities, and military bases.",percent,Land Cover
CAT_NWALT82_24,"1982 land-use and land-cover type Recreation: Recreational areas, golf courses, cemeteries, and parks. Includes spectator recreation venues where identifiable: Sports arenas, racetracks, amusement parks, zoos, and so on.",percent,Land Cover
CAT_NWALT82_25,"1982 land-use and land-cover type Residential, High Density: Recreational areas, golf courses, cemeteries, and parks. Includes spectator recreation venues where identifiable: Sports arenas, racetracks, amusement parks, zoos, and so on.",percent,Land Cover
CAT_NWALT82_26,"1982 land-use and land-cover type Residential, Low-Medium Density: Primarily residential development, with hden 16500 units/km2.",percent,Land Cover
CAT_NWALT82_27,"1982 land-use and land-cover type Developed, Other: Low-density developed areas (hden <16) and not classifiable in any other class. Primarily low-density residential, rural roads, or vacant land.",percent,Land Cover
CAT_NWALT82_31,"1982 land-use and land-cover type Urban Interface High: Land not in a Developed or Production land use, but in an urban area (hden >500 or in or near an urban core area). Probable medium- high anthropogenic influence.",percent,Land Cover
CAT_NWALT82_32,"1982 land-use and land-cover type Urban Interface Low Medium: Land not in a Developed or Production land use, but in a near-urban (suburban, ex-urban) area (hden 16500 units/km2). Probable low- medium anthropogenic influence.",percent,Land Cover
CAT_NWALT82_33,"1982 land-use and land-cover type Anthropogenic Other: Miscellaneous non-residential urban uses not captured by the NLCD as Developed and likely to have a persistent presence throughout every year of this dataset (see text). Primarily barren or low-vegetation areas associated with industrial, transportation, or recreation uses (for example, landfills or beaches). Probable low-medium anthropogenic influence related to non-residential activities.",percent,Land Cover
CAT_NWALT82_41,"1982 land-use and land-cover type Mining/Extraction: Barren areas due to probable surface mining/mineral extraction. Includes mining, quarries, sand and gravel operations, and energy operations.",percent,Land Cover
CAT_NWALT82_43,"1982 land-use and land-cover type Crops: Areas used for the production of crops, such as corn, soybeans, wheat, vegetables, or cotton, as well as perennial woody crops such as orchards and vineyards. Includes cultivated crops, row crops, small grains, and fallow fields. Identical definition to NLCD 2011 class 82.",percent,Land Cover
CAT_NWALT82_44,"1982 land-use and land-cover type Pasture/Hay: Areas of grasses, legumes, or grass-legume mixtures planted for live- stock grazing or the production of seed or hay crops, typically on a perennial cycle. Identical definition to NLCD 2011 class 81.",percent,Land Cover
CAT_NWALT82_45,"1982 land-use and land-cover type Grazing Potential: Areas of good grazing potential beyond what is indicated by the NLCD. Information suggests the land could and has been used at least on a seasonal or occasional basis for animal grazing, including woodland pasture. Based on physical parameters and agreement from other land cover datasets: Pixel is within 1 km of water body or within 500 m of a streamline; slope <30 percent; was in a pasture/hay class in both the NLCDe 1992 and the Crop Data Layer 2009; hden <124; is not on a military base, protected national park, or similar unlikely grazing area; and would other- wise be in class 50.",percent,Land Cover
CAT_NWALT82_50,"1982 land-use and land-cover type Low Use: No obvious indication of anthropogenic influence, and not in active GAP status 1 conservation (class 60). May have a lower protection status (GAP class 23).",percent,Land Cover
CAT_NWALT82_60,"1982 land-use and land-cover type Very Low Use, Conservation: Areas in GAP status 1 in Protected Areas Database Conservation Biology Institute Edition V2 (for example, National Wild- life Refuges, National Parks, Wilderness Areas, and National Preserves). Does not include lands in the USDA Conservation Reserve Program. Very low human usage.",percent,Land Cover
CAT_NWALT92_11,"1992 land-use and land-cover type Water: Streams, rivers, lakes, ponds, bays, and estuaries.",percent,Land Cover
CAT_NWALT92_12,"1992 land-use and land-cover type Wetlands: Core wetlands class that does not change between years and is based on agreement of wetlands from three sources/periods: The NLCD 1992, NLCD 2001, and NLCD 2011.",percent,Land Cover
CAT_NWALT92_21,"1992 land-use and land-cover type Major Transportation: Major roads, rail, and airports, along with their associated facilities. Major roads are those equivalent to Department of Transportation function classes 13. At the spatial resolution of this dataset, road pixels usually incorporate some adjacent development, and in urban areas, they typically include commercial uses. Minor roads are considered an integral part of other land uses; for example, res- idential neighborhood roads are a part of the Residential classes.",percent,Land Cover
CAT_NWALT92_22,"1992 land-use and land-cover type Commercial/Services: Commercial and services. Includes retail stores, shopping centers, office buildings, commercial zones, professional services and organizations, universities, schools, hospitals, churches, prisons, police and fire stations, and so on. May include areas of extensive commercial use where identifiable, such as nurseries or vehicle yards.",percent,Land Cover
CAT_NWALT92_23,"1992 land-use and land-cover type Industrial/Military: Industrial and military. Includes heavy and light industry, seaports/ harbors, manufacturing, mills/factories, utilities, waste/recycling/ landfills, energy production, warehousing/distribution, water- management features, major communication facilities, and military bases.",percent,Land Cover
CAT_NWALT92_24,"1992 land-use and land-cover type Recreation: Recreational areas, golf courses, cemeteries, and parks. Includes spectator recreation venues where identifiable: Sports arenas, racetracks, amusement parks, zoos, and so on.",percent,Land Cover
CAT_NWALT92_25,"1992 land-use and land-cover type Residential, High Density: Recreational areas, golf courses, cemeteries, and parks. Includes spectator recreation venues where identifiable: Sports arenas, racetracks, amusement parks, zoos, and so on.",percent,Land Cover
CAT_NWALT92_26,"1992 land-use and land-cover type Residential, Low-Medium Density: Primarily residential development, with hden 16500 units/km2.",percent,Land Cover
CAT_NWALT92_27,"1992 land-use and land-cover type Developed, Other: Low-density developed areas (hden <16) and not classifiable in any other class. Primarily low-density residential, rural roads, or vacant land.",percent,Land Cover
CAT_NWALT92_31,"1992 land-use and land-cover type Urban Interface High: Land not in a Developed or Production land use, but in an urban area (hden >500 or in or near an urban core area). Probable medium- high anthropogenic influence.",percent,Land Cover
CAT_NWALT92_32,"1992 land-use and land-cover type Urban Interface Low Medium: Land not in a Developed or Production land use, but in a near-urban (suburban, ex-urban) area (hden 16500 units/km2). Probable low- medium anthropogenic influence.",percent,Land Cover
CAT_NWALT92_33,"1992 land-use and land-cover type Anthropogenic Other: Miscellaneous non-residential urban uses not captured by the NLCD as Developed and likely to have a persistent presence throughout every year of this dataset (see text). Primarily barren or low-vegetation areas associated with industrial, transportation, or recreation uses (for example, landfills or beaches). Probable low-medium anthropogenic influence related to non-residential activities.",percent,Land Cover
CAT_NWALT92_41,"1992 land-use and land-cover type Mining/Extraction: Barren areas due to probable surface mining/mineral extraction. Includes mining, quarries, sand and gravel operations, and energy operations.",percent,Land Cover
CAT_NWALT92_43,"1992 land-use and land-cover type Crops: Areas used for the production of crops, such as corn, soybeans, wheat, vegetables, or  cotton, as well as perennial woody crops such as orchards and vineyards. Includes cultivated crops, row crops, small grains, and fallow fields. Identical definition to NLCD 2011 class 82.",percent,Land Cover
CAT_NWALT92_44,"1992 land-use and land-cover type Pasture/Hay: Areas of grasses, legumes, or grass-legume mixtures planted for live- stock grazing or the production of seed or hay crops, typically on a perennial cycle. Identical definition to NLCD 2011 class 81.",percent,Land Cover
CAT_NWALT92_45,"1992 land-use and land-cover type Grazing Potential: Areas of good grazing potential beyond what is indicated by the NLCD. Information suggests the land could and has been used at least on a seasonal or occasional basis for animal grazing, including woodland pasture. Based on physical parameters and agreement from other land cover datasets:  Pixel is within 1 km of water body or within 500 m of a streamline; slope <30 percent; was in a pasture/hay class in both the NLCDe 1992 and the Crop Data Layer 2009; hden <124; is not on a military base, protected national park, or similar unlikely grazing area; and would other- wise be in class 50.",percent,Land Cover
CAT_NWALT92_50,"1992 land-use and land-cover type Low Use: No obvious indication of anthropogenic influence, and not in active GAP status 1 conservation (class 60). May have a lower protection status (GAP class 23).",percent,Land Cover
CAT_NWALT92_60,"1992 land-use and land-cover type Very Low Use, Conservation: Areas in GAP status 1 in Protected Areas Database Conservation Biology Institute Edition V2 (for example, National Wild- life Refuges, National Parks, Wilderness Areas, and National Preserves). Does not include lands in the USDA Conservation Reserve Program. Very low human usage.",percent,Land Cover
CAT_SOHL60_1,"1960 land-use and land-cover type Water Areas of open water, generally with less than 25% vegetation/land cover, where 60 is the last 2 digits of the year represented. -9999 denotes NODATA or coverage does not cover catchment.",percent,Land Cover
CAT_SOHL60_2,"1960 land-use and land-cover type Developed Areas characterized by a high percentage (20% or greater) of constructed material (concrete, asphalt, buildings, etc.), where 60 is the last 2 digits of the year represented. -9999 denotes NODATA or coverage does not cover catchment.",percent,Land Cover
CAT_SOHL60_3,unknown,unknown,Land Cover
CAT_SOHL60_4,unknown,unknown,Land Cover
CAT_SOHL60_5,unknown,unknown,Land Cover
CAT_SOHL60_6,1960 land-use and land-cover type Mining Areas of extractive mining activities with surface expressions. -9999 denotes NODATA or coverage does not cover catchment.,percent,Land Cover
CAT_SOHL60_7,"1960 land-use and land-cover type Barren Areas characterized by bare rock, gravel, sand, silt, clay, or other earthen material, with little or no green vegetation present regardless of its inherent ability to support life. Vegetation, if present, is more widely spaced and scrubby than that in the green vegetated categories; lichen cover may be extensive. -9999 denotes NODATA or coverage does not cover catchment.",percent,Land Cover
CAT_SOHL60_8,1960 land-use and land-cover type DDeciduous Forest Areas dominated by trees where 75% or more of the tree species shed foliage simultaneously in response to seasonal change. -9999 denotes NODATA or coverage does not cover catchment.,percent,Land Cover
CAT_SOHL60_9,1960 land-use and land-cover type Evergreen Forest Areas dominated by trees where 75% or more of the tree species maintain their leaves all year. Canopy is never without green foliage. -9999 denotes NODATA or coverage does not cover catchment.,percent,Land Cover
CAT_SOHL60_10,1960 land-use and land-cover type Mixed Forest Areas dominated by trees where neither deciduous nor evergreen species represent more than 75% of the cover present. -9999 denotes NODATA or coverage does not cover catchment.,percent,Land Cover
CAT_SOHL60_11,"1960 land-use and land-cover type Grassland Areas dominated by grasses and forbs. In rare cases, herbaceous cover is less than 25%, but exceeds the combined cover of the woody species present. These areas are not subject to intensive management, but they are often utilized for grazing. -9999 denotes NODATA or coverage does not cover catchment.",percent,Land Cover
CAT_SOHL60_12,1960 land-use and land-cover type Shrubland Areas dominated by shrubs; shrub canopy accounts for 25 to 100% of the cover. Shrub cover is generally greater than 25% when tree cover is less than 25%. Shrub cover may be less than 25% in cases when the cover of other life forms (e.g. herbaceous or tree) is less than 25% and shrubs cover exceeds the cover of the other life forms. -9999 denotes NODATA or coverage does not cover catchment.,percent,Land Cover
CAT_SOHL60_13,"1960 land-use and land-cover type Cultivated Cropland Areas dominated by vegetation that has been planted or is intensively managed for the production of food, feed, or fiber; or is maintained in developed settings for specific purposes. Includes cultivated crops, row crops, small grains, and fallow fields. -9999 denotes NODATA or coverage does not cover catchment.",percent,Land Cover
CAT_SOHL60_14,"1960 land-use and land-cover type Hay/Pasture Areas of grasses, legumes, or grass-legume mixtures planted for livestock grazing or the production of seed or hay crops. -9999 denotes NODATA or coverage does not cover catchment.",percent,Land Cover
CAT_SOHL60_15,1960 land-use and land-cover type Herbaceous Wetland Areas where perennial herbaceous vegetation accounts for 75% to 100% of the cover and the soil or substrate is periodically saturated with or covered with water. -9999 denotes NODATA or coverage does not cover catchment.,percent,Land Cover
CAT_SOHL60_16,1960 land-use and land-cover type Woody Wetland Areas where forest or shrubland vegetation accounts for 25% to 100% of the cover and the soil or substrate is periodically saturated with or covered with water. -9999 denotes NODATA or coverage does not cover catchment.,percent,Land Cover
CAT_SOHL60_17,"1960 land-use and land-cover type Ice/Snow Areas characterized by a perennial cover of ice and/or snow, generally greater than 25% of total cover. -9999 denotes NODATA or coverage does not cover catchment.",percent,Land Cover
CAT_SOHL70_1,"1970 land-use and land-cover type Water Areas of open water, generally with less than 25% vegetation/land cover, where 70 is the last 2 digits of the year represented. -9999 denotes NODATA or coverage does not cover catchment.",percent,Land Cover
CAT_SOHL70_2,"1970 land-use and land-cover type Developed Areas characterized by a high percentage (20% or greater) of constructed material (concrete, asphalt, buildings, etc.), where 70 is the last 2 digits of the year represented. -9999 denotes NODATA or coverage does not cover catchment.",percent,Land Cover
CAT_SOHL70_3,unknown,unknown,Land Cover
CAT_SOHL70_4,unknown,unknown,Land Cover
CAT_SOHL70_5,unknown,unknown,Land Cover
CAT_SOHL70_6,1970 land-use and land-cover type Mining Areas of extractive mining activities with surface expressions. -9999 denotes NODATA or coverage does not cover catchment.,percent,Land Cover
CAT_SOHL70_7,"1970 land-use and land-cover type Barren Areas characterized by bare rock, gravel, sand, silt, clay, or other earthen material, with little or no green vegetation present regardless of its inherent ability to support life. Vegetation, if present, is more widely spaced and scrubby than that in the green vegetated categories; lichen cover may be extensive. -9999 denotes NODATA or coverage does not cover catchment.",percent,Land Cover
CAT_SOHL70_8,1970 land-use and land-cover type DDeciduous Forest Areas dominated by trees where 75% or more of the tree species shed foliage simultaneously in response to seasonal change. -9999 denotes NODATA or coverage does not cover catchment.,percent,Land Cover
CAT_SOHL70_9,1970 land-use and land-cover type Evergreen Forest Areas dominated by trees where 75% or more of the tree species maintain their leaves all year. Canopy is never without green foliage. -9999 denotes NODATA or coverage does not cover catchment.,percent,Land Cover
CAT_SOHL70_10,1970 land-use and land-cover type Mixed Forest Areas dominated by trees where neither deciduous nor evergreen species represent more than 75% of the cover present. -9999 denotes NODATA or coverage does not cover catchment.,percent,Land Cover
CAT_SOHL70_11,"1970 land-use and land-cover type Grassland Areas dominated by grasses and forbs. In rare cases, herbaceous cover is less than 25%, but exceeds the combined cover of the woody species present. These areas are not subject to intensive management, but they are often utilized for grazing. -9999 denotes NODATA or coverage does not cover catchment.",percent,Land Cover
CAT_SOHL70_12,1970 land-use and land-cover type Shrubland Areas dominated by shrubs; shrub canopy accounts for 25 to 100% of the cover. Shrub cover is generally greater than 25% when tree cover is less than 25%. Shrub cover may be less than 25% in cases when the cover of other life forms (e.g. herbaceous or tree) is less than 25% and shrubs cover exceeds the cover of the other life forms. -9999 denotes NODATA or coverage does not cover catchment.,percent,Land Cover
CAT_SOHL70_13,"1970 land-use and land-cover type Cultivated Cropland Areas dominated by vegetation that has been planted or is intensively managed for the production of food, feed, or fiber; or is maintained in developed settings for specific purposes. Includes cultivated crops, row crops, small grains, and fallow fields. -9999 denotes NODATA or coverage does not cover catchment.",percent,Land Cover
CAT_SOHL70_14,"1970 land-use and land-cover type Hay/Pasture Areas of grasses, legumes, or grass-legume mixtures planted for livestock grazing or the production of seed or hay crops. -9999 denotes NODATA or coverage does not cover catchment.",percent,Land Cover
CAT_SOHL70_15,1970 land-use and land-cover type Herbaceous Wetland Areas where perennial herbaceous vegetation accounts for 75% to 100% of the cover and the soil or substrate is periodically saturated with or covered with water. -9999 denotes NODATA or coverage does not cover catchment.,percent,Land Cover
CAT_SOHL70_16,1970 land-use and land-cover type Woody Wetland Areas where forest or shrubland vegetation accounts for 25% to 100% of the cover and the soil or substrate is periodically saturated with or covered with water. -9999 denotes NODATA or coverage does not cover catchment.,percent,Land Cover
CAT_SOHL70_17,"1970 land-use and land-cover type Ice/Snow Areas characterized by a perennial cover of ice and/or snow, generally greater than 25% of total cover. -9999 denotes NODATA or coverage does not cover catchment.",percent,Land Cover
CAT_SOHL80_1,"1980 land-use and land-cover type Water Areas of open water, generally with less than 25% vegetation/land cover, where 80 is the last 2 digits of the year represented. -9999 denotes NODATA or coverage does not cover catchment.",percent,Land Cover
CAT_SOHL80_2,"1980 land-use and land-cover type Developed Areas characterized by a high percentage (20% or greater) of constructed material (concrete, asphalt, buildings, etc.), where 80 is the last 2 digits of the year represented. -9999 denotes NODATA or coverage does not cover catchment.",percent,Land Cover
CAT_SOHL80_3,unknown,unknown,Land Cover
CAT_SOHL80_4,unknown,unknown,Land Cover
CAT_SOHL80_5,unknown,unknown,Land Cover
CAT_SOHL80_6,1980 land-use and land-cover type Mining Areas of extractive mining activities with surface expressions. -9999 denotes NODATA or coverage does not cover catchment.,percent,Land Cover
CAT_SOHL80_7,"1980 land-use and land-cover type Barren Areas characterized by bare rock, gravel, sand, silt, clay, or other earthen material, with little or no green vegetation present regardless of its inherent ability to support life. Vegetation, if present, is more widely spaced and scrubby than that in the green vegetated categories; lichen cover may be extensive. -9999 denotes NODATA or coverage does not cover catchment.",percent,Land Cover
CAT_SOHL80_8,1980 land-use and land-cover type DDeciduous Forest Areas dominated by trees where 75% or more of the tree species shed foliage simultaneously in response to seasonal change. -9999 denotes NODATA or coverage does not cover catchment.,percent,Land Cover
CAT_SOHL80_9,1980 land-use and land-cover type Evergreen Forest Areas dominated by trees where 75% or more of the tree species maintain their leaves all year. Canopy is never without green foliage. -9999 denotes NODATA or coverage does not cover catchment.,percent,Land Cover
CAT_SOHL80_10,1980 land-use and land-cover type Mixed Forest Areas dominated by trees where neither deciduous nor evergreen species represent more than 75% of the cover present. -9999 denotes NODATA or coverage does not cover catchment.,percent,Land Cover
CAT_SOHL80_11,"1980 land-use and land-cover type Grassland Areas dominated by grasses and forbs. In rare cases, herbaceous cover is less than 25%, but exceeds the combined cover of the woody species present. These areas are not subject to intensive management, but they are often utilized for grazing. -9999 denotes NODATA or coverage does not cover catchment.",percent,Land Cover
CAT_SOHL80_12,1980 land-use and land-cover type Shrubland Areas dominated by shrubs; shrub canopy accounts for 25 to 100% of the cover. Shrub cover is generally greater than 25% when tree cover is less than 25%. Shrub cover may be less than 25% in cases when the cover of other life forms (e.g. herbaceous or tree) is less than 25% and shrubs cover exceeds the cover of the other life forms. -9999 denotes NODATA or coverage does not cover catchment.,percent,Land Cover
CAT_SOHL80_13,"1980 land-use and land-cover type Cultivated Cropland Areas dominated by vegetation that has been planted or is intensively managed for the production of food, feed, or fiber; or is maintained in developed settings for specific purposes. Includes cultivated crops, row crops, small grains, and fallow fields. -9999 denotes NODATA or coverage does not cover catchment.",percent,Land Cover
CAT_SOHL80_14,"1980 land-use and land-cover type Hay/Pasture Areas of grasses, legumes, or grass-legume mixtures planted for livestock grazing or the production of seed or hay crops. -9999 denotes NODATA or coverage does not cover catchment.",percent,Land Cover
CAT_SOHL80_15,1980 land-use and land-cover type Herbaceous Wetland Areas where perennial herbaceous vegetation accounts for 75% to 100% of the cover and the soil or substrate is periodically saturated with or covered with water. -9999 denotes NODATA or coverage does not cover catchment.,percent,Land Cover
CAT_SOHL80_16,1980 land-use and land-cover type Woody Wetland Areas where forest or shrubland vegetation accounts for 25% to 100% of the cover and the soil or substrate is periodically saturated with or covered with water. -9999 denotes NODATA or coverage does not cover catchment.,percent,Land Cover
CAT_SOHL80_17,"1980 land-use and land-cover type Ice/Snow Areas characterized by a perennial cover of ice and/or snow, generally greater than 25% of total cover. -9999 denotes NODATA or coverage does not cover catchment.",percent,Land Cover
CAT_SOHL90_1,"1990 land-use and land-cover type Water Areas of open water, generally with less than 25% vegetation/land cover, where 90 is the last 2 digits of the year represented. -9999 denotes NODATA or coverage does not cover catchment.",percent,Land Cover
CAT_SOHL90_2,"1990 land-use and land-cover type Developed Areas characterized by a high percentage (20% or greater) of constructed material (concrete, asphalt, buildings, etc.), where 90 is the last 2 digits of the year represented. -9999 denotes NODATA or coverage does not cover catchment.",percent,Land Cover
CAT_SOHL90_3,unknown,unknown,Land Cover
CAT_SOHL90_4,unknown,unknown,Land Cover
CAT_SOHL90_5,unknown,unknown,Land Cover
CAT_SOHL90_6,1990 land-use and land-cover type Mining Areas of extractive mining activities with surface expressions. -9999 denotes NODATA or coverage does not cover catchment.,percent,Land Cover
CAT_SOHL90_7,"1990 land-use and land-cover type Barren Areas characterized by bare rock, gravel, sand, silt, clay, or other earthen material, with little or no green vegetation present regardless of its inherent ability to support life. Vegetation, if present, is more widely spaced and scrubby than that in the green vegetated categories; lichen cover may be extensive. -9999 denotes NODATA or coverage does not cover catchment.",percent,Land Cover
CAT_SOHL90_8,1990 land-use and land-cover type DDeciduous Forest Areas dominated by trees where 75% or more of the tree species shed foliage simultaneously in response to seasonal change. -9999 denotes NODATA or coverage does not cover catchment.,percent,Land Cover
CAT_SOHL90_9,1990 land-use and land-cover type Evergreen Forest Areas dominated by trees where 75% or more of the tree species maintain their leaves all year. Canopy is never without green foliage. -9999 denotes NODATA or coverage does not cover catchment.,percent,Land Cover
CAT_SOHL90_10,1990 land-use and land-cover type Mixed Forest Areas dominated by trees where neither deciduous nor evergreen species represent more than 75% of the cover present. -9999 denotes NODATA or coverage does not cover catchment.,percent,Land Cover
CAT_SOHL90_11,"1990 land-use and land-cover type Grassland Areas dominated by grasses and forbs. In rare cases, herbaceous cover is less than 25%, but exceeds the combined cover of the woody species present. These areas are not subject to intensive management, but they are often utilized for grazing. -9999 denotes NODATA or coverage does not cover catchment.",percent,Land Cover
CAT_SOHL90_12,1990 land-use and land-cover type Shrubland Areas dominated by shrubs; shrub canopy accounts for 25 to 100% of the cover. Shrub cover is generally greater than 25% when tree cover is less than 25%. Shrub cover may be less than 25% in cases when the cover of other life forms (e.g. herbaceous or tree) is less than 25% and shrubs cover exceeds the cover of the other life forms. -9999 denotes NODATA or coverage does not cover catchment.,percent,Land Cover
CAT_SOHL90_13,"1990 land-use and land-cover type Cultivated Cropland Areas dominated by vegetation that has been planted or is intensively managed for the production of food, feed, or fiber; or is maintained in developed settings for specific purposes. Includes cultivated crops, row crops, small grains, and fallow fields. -9999 denotes NODATA or coverage does not cover catchment.",percent,Land Cover
CAT_SOHL90_14,"1990 land-use and land-cover type Hay/Pasture Areas of grasses, legumes, or grass-legume mixtures planted for livestock grazing or the production of seed or hay crops. -9999 denotes NODATA or coverage does not cover catchment.",percent,Land Cover
CAT_SOHL90_15,1990 land-use and land-cover type Herbaceous Wetland Areas where perennial herbaceous vegetation accounts for 75% to 100% of the cover and the soil or substrate is periodically saturated with or covered with water. -9999 denotes NODATA or coverage does not cover catchment.,percent,Land Cover
CAT_SOHL90_16,1990 land-use and land-cover type Woody Wetland Areas where forest or shrubland vegetation accounts for 25% to 100% of the cover and the soil or substrate is periodically saturated with or covered with water. -9999 denotes NODATA or coverage does not cover catchment.,percent,Land Cover
CAT_SOHL90_17,"1990 land-use and land-cover type Ice/Snow Areas characterized by a perennial cover of ice and/or snow, generally greater than 25% of total cover. -9999 denotes NODATA or coverage does not cover catchment.",percent,Land Cover
CAT_SOHL50_1,"1950 land-use and land-cover type Water Areas of open water, generally with less than 25% vegetation/land cover, where 50 is the last 2 digits of the year represented. -9999 denotes NODATA or coverage does not cover catchment.",percent,Land Cover
CAT_SOHL50_2,"1950 land-use and land-cover type Developed Areas characterized by a high percentage (20% or greater) of constructed material (concrete, asphalt, buildings, etc.), where 50 is the last 2 digits of the year represented. -9999 denotes NODATA or coverage does not cover catchment.",percent,Land Cover
CAT_SOHL50_3,unknown,unknown,Land Cover
CAT_SOHL50_4,unknown,unknown,Land Cover
CAT_SOHL50_5,unknown,unknown,Land Cover
CAT_SOHL50_6,1950 land-use and land-cover type Mining Areas of extractive mining activities with surface expressions. -9999 denotes NODATA or coverage does not cover catchment.,percent,Land Cover
CAT_SOHL50_7,"1950 land-use and land-cover type Barren Areas characterized by bare rock, gravel, sand, silt, clay, or other earthen material, with little or no green vegetation present regardless of its inherent ability to support life. Vegetation, if present, is more widely spaced and scrubby than that in the green vegetated categories; lichen cover may be extensive. -9999 denotes NODATA or coverage does not cover catchment.",percent,Land Cover
CAT_SOHL50_8,1950 land-use and land-cover type DDeciduous Forest Areas dominated by trees where 75% or more of the tree species shed foliage simultaneously in response to seasonal change. -9999 denotes NODATA or coverage does not cover catchment.,percent,Land Cover
CAT_SOHL50_9,1950 land-use and land-cover type Evergreen Forest Areas dominated by trees where 75% or more of the tree species maintain their leaves all year. Canopy is never without green foliage. -9999 denotes NODATA or coverage does not cover catchment.,percent,Land Cover
CAT_SOHL50_10,1950 land-use and land-cover type Mixed Forest Areas dominated by trees where neither deciduous nor evergreen species represent more than 75% of the cover present. -9999 denotes NODATA or coverage does not cover catchment.,percent,Land Cover
CAT_SOHL50_11,"1950 land-use and land-cover type Grassland Areas dominated by grasses and forbs. In rare cases, herbaceous cover is less than 25%, but exceeds the combined cover of the woody species present. These areas are not subject to intensive management, but they are often utilized for grazing. -9999 denotes NODATA or coverage does not cover catchment.",percent,Land Cover
CAT_SOHL50_12,1950 land-use and land-cover type Shrubland Areas dominated by shrubs; shrub canopy accounts for 25 to 100% of the cover. Shrub cover is generally greater than 25% when tree cover is less than 25%. Shrub cover may be less than 25% in cases when the cover of other life forms (e.g. herbaceous or tree) is less than 25% and shrubs cover exceeds the cover of the other life forms. -9999 denotes NODATA or coverage does not cover catchment.,percent,Land Cover
CAT_SOHL50_13,"1950 land-use and land-cover type Cultivated Cropland Areas dominated by vegetation that has been planted or is intensively managed for the production of food, feed, or fiber; or is maintained in developed settings for specific purposes. Includes cultivated crops, row crops, small grains, and fallow fields. -9999 denotes NODATA or coverage does not cover catchment.",percent,Land Cover
CAT_SOHL50_14,"1950 land-use and land-cover type Hay/Pasture Areas of grasses, legumes, or grass-legume mixtures planted for livestock grazing or the production of seed or hay crops. -9999 denotes NODATA or coverage does not cover catchment.",percent,Land Cover
CAT_SOHL50_15,1950 land-use and land-cover type Herbaceous Wetland Areas where perennial herbaceous vegetation accounts for 75% to 100% of the cover and the soil or substrate is periodically saturated with or covered with water. -9999 denotes NODATA or coverage does not cover catchment.,percent,Land Cover
CAT_SOHL50_16,1950 land-use and land-cover type Woody Wetland Areas where forest or shrubland vegetation accounts for 25% to 100% of the cover and the soil or substrate is periodically saturated with or covered with water. -9999 denotes NODATA or coverage does not cover catchment.,percent,Land Cover
CAT_SOHL50_17,"1950 land-use and land-cover type Ice/Snow Areas characterized by a perennial cover of ice and/or snow, generally greater than 25% of total cover. -9999 denotes NODATA or coverage does not cover catchment.",percent,Land Cover
CAT_SOHL40_1,"1940 land-use and land-cover type Water Areas of open water, generally with less than 25% vegetation/land cover, where 40 is the last 2 digits of the year represented. -9999 denotes NODATA or coverage does not cover catchment.",percent,Land Cover
CAT_SOHL40_2,"1940 land-use and land-cover type Developed Areas characterized by a high percentage (20% or greater) of constructed material (concrete, asphalt, buildings, etc.), where 40 is the last 2 digits of the year represented. -9999 denotes NODATA or coverage does not cover catchment.",percent,Land Cover
CAT_SOHL40_3,unknown,unknown,Land Cover
CAT_SOHL40_4,unknown,unknown,Land Cover
CAT_SOHL40_5,unknown,unknown,Land Cover
CAT_SOHL40_6,1940 land-use and land-cover type Mining Areas of extractive mining activities with surface expressions. -9999 denotes NODATA or coverage does not cover catchment.,percent,Land Cover
CAT_SOHL40_7,"1940 land-use and land-cover type Barren Areas characterized by bare rock, gravel, sand, silt, clay, or other earthen material, with little or no green vegetation present regardless of its inherent ability to support life. Vegetation, if present, is more widely spaced and scrubby than that in the green vegetated categories; lichen cover may be extensive. -9999 denotes NODATA or coverage does not cover catchment.",percent,Land Cover
CAT_SOHL40_8,1940 land-use and land-cover type DDeciduous Forest Areas dominated by trees where 75% or more of the tree species shed foliage simultaneously in response to seasonal change. -9999 denotes NODATA or coverage does not cover catchment.,percent,Land Cover
CAT_SOHL40_9,1940 land-use and land-cover type Evergreen Forest Areas dominated by trees where 75% or more of the tree species maintain their leaves all year. Canopy is never without green foliage. -9999 denotes NODATA or coverage does not cover catchment.,percent,Land Cover
CAT_SOHL40_10,1940 land-use and land-cover type Mixed Forest Areas dominated by trees where neither deciduous nor evergreen species represent more than 75% of the cover present. -9999 denotes NODATA or coverage does not cover catchment.,percent,Land Cover
CAT_SOHL40_11,"1940 land-use and land-cover type Grassland Areas dominated by grasses and forbs. In rare cases, herbaceous cover is less than 25%, but exceeds the combined cover of the woody species present. These areas are not subject to intensive management, but they are often utilized for grazing. -9999 denotes NODATA or coverage does not cover catchment.",percent,Land Cover
CAT_SOHL40_12,1940 land-use and land-cover type Shrubland Areas dominated by shrubs; shrub canopy accounts for 25 to 100% of the cover. Shrub cover is generally greater than 25% when tree cover is less than 25%. Shrub cover may be less than 25% in cases when the cover of other life forms (e.g. herbaceous or tree) is less than 25% and shrubs cover exceeds the cover of the other life forms. -9999 denotes NODATA or coverage does not cover catchment.,percent,Land Cover
CAT_SOHL40_13,"1940 land-use and land-cover type Cultivated Cropland Areas dominated by vegetation that has been planted or is intensively managed for the production of food, feed, or fiber; or is maintained in developed settings for specific purposes. Includes cultivated crops, row crops, small grains, and fallow fields. -9999 denotes NODATA or coverage does not cover catchment.",percent,Land Cover
CAT_SOHL40_14,"1940 land-use and land-cover type Hay/Pasture Areas of grasses, legumes, or grass-legume mixtures planted for livestock grazing or the production of seed or hay crops. -9999 denotes NODATA or coverage does not cover catchment.",percent,Land Cover
CAT_SOHL40_15,1940 land-use and land-cover type Herbaceous Wetland Areas where perennial herbaceous vegetation accounts for 75% to 100% of the cover and the soil or substrate is periodically saturated with or covered with water. -9999 denotes NODATA or coverage does not cover catchment.,percent,Land Cover
CAT_SOHL40_16,1940 land-use and land-cover type Woody Wetland Areas where forest or shrubland vegetation accounts for 25% to 100% of the cover and the soil or substrate is periodically saturated with or covered with water. -9999 denotes NODATA or coverage does not cover catchment.,percent,Land Cover
CAT_SOHL40_17,"1940 land-use and land-cover type Ice/Snow Areas characterized by a perennial cover of ice and/or snow, generally greater than 25% of total cover. -9999 denotes NODATA or coverage does not cover catchment.",percent,Land Cover
CAT_TILES_Early90s,Estimated percent area of subsurface drainage for the year 1992 per NHDPlus version 2 catchment.Percent of agland with tiles per catchment.,percent,Hydrologic Modifications
CAT_FarmP2012,unknown,unknown,Chemical
CAT_RCFN2012,Amount of nitrogen from fertilizer in kilograms applied on row crop,kilograms,Chemical
CAT_TP2012,Total Phosphorus from manure values,killograms,Chemical
CAT_RCFP2012,Amount of phosphorous from fertilizer in kilograms applied on row crop,kilograms,Chemical
CAT_FarmN2012,unknown,unknown,Chemical
CAT_TN2012,Total Nitrogen from manure values,kilograms,Chemical
CAT_RCTN2012,Amount of nitrogen from manure in kilograms applied on row crop,kilograms,Chemical
CAT_RCTP2012,Amount of phosphorus from manure in kilograms applied on row crop,kilograms,Chemical
CAT_HDENS00,"historic housing densities for 2000,",percent,Population
CAT_HDENS60,historic housing densities for 1960.,percent,Population
CAT_HDENS10,historic housing densities for 2010.,percent,Population
CAT_HDENS80,historic housing densities for 1980.,percent,Population
CAT_HDENS70,historic housing densities for 1970.,percent,Population
CAT_HDENS90,historic housing densities for 1990.,percent,Population
CAT_HDENS40,historic housing densities for 1940.,percent,Population
CAT_HDENS50,historic housing densities for 1950.,percent,Population
CAT_EVI_AMJ_2012,Enhanced Vegetation Index for Spring 2012,"0-1, 0 being low vegetation, 1 being high vegetation",Regions
CAT_EVI_JAS_2012,Enhanced Vegetation Index for Summer 2012,"0-1, 0 being low vegetation, 1 being high vegetation",Regions
CAT_EVI_JFM_2012,Enhanced Vegetation Index for Winter 2012,"0-1, 0 being low vegetation, 1 being high vegetation",Regions
CAT_EVI_OND_2011,Enhanced Vegetation Index for Autumn 2012,"0-1, 0 being low vegetation, 1 being high vegetation",Regions
CAT_SOHL95_1,1995 percent Water from modeled Sohl Land-Use/Land-Coverdata,percent,Land Cover
CAT_SOHL95_2,1995 percent Developed from modeled Sohl Land-Use/Land-Coverdata,percent,Land Cover
CAT_SOHL95_3,1995 percent Intentionally left blank from modeled Sohl Land-Use/Land-Coverdata,percent,Land Cover
CAT_SOHL95_4,1995 percent Intentionally left blank from modeled Sohl Land-Use/Land-Coverdata,percent,Land Cover
CAT_SOHL95_5,1995 percent Intentionally left blank from modeled Sohl Land-Use/Land-Coverdata,percent,Land Cover
CAT_SOHL95_6,1995 percent Mining from modeled Sohl Land-Use/Land-Coverdata,percent,Land Cover
CAT_SOHL95_7,1995 percent Barren from modeled Sohl Land-Use/Land-Coverdata,percent,Land Cover
CAT_SOHL95_8,1995 percent Deciduous Forest from modeled Sohl Land-Use/Land-Coverdata,percent,Land Cover
CAT_SOHL95_9,1995 percent Evergreen Forest from modeled Sohl Land-Use/Land-Coverdata,percent,Land Cover
CAT_SOHL95_10,1995 percent Mixed Forest from modeled Sohl Land-Use/Land-Coverdata,percent,Land Cover
CAT_SOHL95_11,1995 percent Grassland from modeled Sohl Land-Use/Land-Coverdata,percent,Land Cover
CAT_SOHL95_12,1995 percent Shrubland from modeled Sohl Land-Use/Land-Coverdata,percent,Land Cover
CAT_SOHL95_13,1995 percent Cultivated Cropland from modeled Sohl Land-Use/Land-Coverdata,percent,Land Cover
CAT_SOHL95_14,1995 percent Hay/Pasture land from modeled Sohl Land-Use/Land-Coverdata,percent,Land Cover
CAT_SOHL95_15,1995 percent Herbaceous Wetland from modeled Sohl Land-Use/Land-Coverdata,percent,Land Cover
CAT_SOHL95_16,1995 percent Woody Wetland from modeled Sohl Land-Use/Land-Coverdata,percent,Land Cover
CAT_SOHL95_17,1995 percent Perennial Ice/Snow from modeled Sohl Land-Use/Land-Coverdata,percent,Land Cover
CAT_SOHL93_1,1993 percent Water from modeled Sohl Land-Use/Land-Coverdata,percent,Land Cover
CAT_SOHL93_2,1993 percent Developed from modeled Sohl Land-Use/Land-Coverdata,percent,Land Cover
CAT_SOHL93_3,1993 percent Intentionally left blank from modeled Sohl Land-Use/Land-Coverdata,percent,Land Cover
CAT_SOHL93_4,1993 percent Intentionally left blank from modeled Sohl Land-Use/Land-Coverdata,percent,Land Cover
CAT_SOHL93_5,1993 percent Intentionally left blank from modeled Sohl Land-Use/Land-Coverdata,percent,Land Cover
CAT_SOHL93_6,1993 percent Mining from modeled Sohl Land-Use/Land-Coverdata,percent,Land Cover
CAT_SOHL93_7,1993 percent Barren from modeled Sohl Land-Use/Land-Coverdata,percent,Land Cover
CAT_SOHL93_8,1993 percent Deciduous Forest from modeled Sohl Land-Use/Land-Coverdata,percent,Land Cover
CAT_SOHL93_9,1993 percent Evergreen Forest from modeled Sohl Land-Use/Land-Coverdata,percent,Land Cover
CAT_SOHL93_10,1993 percent Mixed Forest from modeled Sohl Land-Use/Land-Coverdata,percent,Land Cover
CAT_SOHL93_11,1993 percent Grassland from modeled Sohl Land-Use/Land-Coverdata,percent,Land Cover
CAT_SOHL93_12,1993 percent Shrubland from modeled Sohl Land-Use/Land-Coverdata,percent,Land Cover
CAT_SOHL93_13,1993 percent Cultivated Cropland from modeled Sohl Land-Use/Land-Coverdata,percent,Land Cover
CAT_SOHL93_14,1993 percent Hay/Pasture land from modeled Sohl Land-Use/Land-Coverdata,percent,Land Cover
CAT_SOHL93_15,1993 percent Herbaceous Wetland from modeled Sohl Land-Use/Land-Coverdata,percent,Land Cover
CAT_SOHL93_16,1993 percent Woody Wetland from modeled Sohl Land-Use/Land-Coverdata,percent,Land Cover
CAT_SOHL93_17,1993 percent Perennial Ice/Snow from modeled Sohl Land-Use/Land-Coverdata,percent,Land Cover
CAT_SOHL94_1,1994 percent Water from modeled Sohl Land-Use/Land-Coverdata,percent,Land Cover
CAT_SOHL94_2,1994 percent Developed from modeled Sohl Land-Use/Land-Coverdata,percent,Land Cover
CAT_SOHL94_3,1994 percent Intentionally left blank from modeled Sohl Land-Use/Land-Coverdata,percent,Land Cover
CAT_SOHL94_4,1994 percent Intentionally left blank from modeled Sohl Land-Use/Land-Coverdata,percent,Land Cover
CAT_SOHL94_5,1994 percent Intentionally left blank from modeled Sohl Land-Use/Land-Coverdata,percent,Land Cover
CAT_SOHL94_6,1994 percent Mining from modeled Sohl Land-Use/Land-Coverdata,percent,Land Cover
CAT_SOHL94_7,1994 percent Barren from modeled Sohl Land-Use/Land-Coverdata,percent,Land Cover
CAT_SOHL94_8,1994 percent Deciduous Forest from modeled Sohl Land-Use/Land-Coverdata,percent,Land Cover
CAT_SOHL94_9,1994 percent Evergreen Forest from modeled Sohl Land-Use/Land-Coverdata,percent,Land Cover
CAT_SOHL94_10,1994 percent Mixed Forest from modeled Sohl Land-Use/Land-Coverdata,percent,Land Cover
CAT_SOHL94_11,1994 percent Grassland from modeled Sohl Land-Use/Land-Coverdata,percent,Land Cover
CAT_SOHL94_12,1994 percent Shrubland from modeled Sohl Land-Use/Land-Coverdata,percent,Land Cover
CAT_SOHL94_13,1994 percent Cultivated Cropland from modeled Sohl Land-Use/Land-Coverdata,percent,Land Cover
CAT_SOHL94_14,1994 percent Hay/Pasture land from modeled Sohl Land-Use/Land-Coverdata,percent,Land Cover
CAT_SOHL94_15,1994 percent Herbaceous Wetland from modeled Sohl Land-Use/Land-Coverdata,percent,Land Cover
CAT_SOHL94_16,1994 percent Woody Wetland from modeled Sohl Land-Use/Land-Coverdata,percent,Land Cover
CAT_SOHL94_17,1994 percent Perennial Ice/Snow from modeled Sohl Land-Use/Land-Coverdata,percent,Land Cover
CAT_SOHL92_1,1992 percent Water from modeled Sohl Land-Use/Land-Coverdata,percent,Land Cover
CAT_SOHL92_2,1992 percent Developed from modeled Sohl Land-Use/Land-Coverdata,percent,Land Cover
CAT_SOHL92_3,1992 percent Intentionally left blank from modeled Sohl Land-Use/Land-Coverdata,percent,Land Cover
CAT_SOHL92_4,1992 percent Intentionally left blank from modeled Sohl Land-Use/Land-Coverdata,percent,Land Cover
CAT_SOHL92_5,1992 percent Intentionally left blank from modeled Sohl Land-Use/Land-Coverdata,percent,Land Cover
CAT_SOHL92_6,1992 percent Mining from modeled Sohl Land-Use/Land-Coverdata,percent,Land Cover
CAT_SOHL92_7,1992 percent Barren from modeled Sohl Land-Use/Land-Coverdata,percent,Land Cover
CAT_SOHL92_8,1992 percent Deciduous Forest from modeled Sohl Land-Use/Land-Coverdata,percent,Land Cover
CAT_SOHL92_9,1992 percent Evergreen Forest from modeled Sohl Land-Use/Land-Coverdata,percent,Land Cover
CAT_SOHL92_10,1992 percent Mixed Forest from modeled Sohl Land-Use/Land-Coverdata,percent,Land Cover
CAT_SOHL92_11,1992 percent Grassland from modeled Sohl Land-Use/Land-Coverdata,percent,Land Cover
CAT_SOHL92_12,1992 percent Shrubland from modeled Sohl Land-Use/Land-Coverdata,percent,Land Cover
CAT_SOHL92_13,1992 percent Cultivated Cropland from modeled Sohl Land-Use/Land-Coverdata,percent,Land Cover
CAT_SOHL92_14,1992 percent Hay/Pasture land from modeled Sohl Land-Use/Land-Coverdata,percent,Land Cover
CAT_SOHL92_15,1992 percent Herbaceous Wetland from modeled Sohl Land-Use/Land-Coverdata,percent,Land Cover
CAT_SOHL92_16,1992 percent Woody Wetland from modeled Sohl Land-Use/Land-Coverdata,percent,Land Cover
CAT_SOHL92_17,1992 percent Perennial Ice/Snow from modeled Sohl Land-Use/Land-Coverdata,percent,Land Cover
CAT_SOHL00_1,2000 percent Water from modeled Sohl Land-Use/Land-Coverdata,percent,Land Cover
CAT_SOHL00_2,2000 percent Developed from modeled Sohl Land-Use/Land-Coverdata,percent,Land Cover
CAT_SOHL00_3,2000 percent Intentionally left blank from modeled Sohl Land-Use/Land-Coverdata,percent,Land Cover
CAT_SOHL00_4,2000 percent Intentionally left blank from modeled Sohl Land-Use/Land-Coverdata,percent,Land Cover
CAT_SOHL00_5,2000 percent Intentionally left blank from modeled Sohl Land-Use/Land-Coverdata,percent,Land Cover
CAT_SOHL00_6,2000 percent Mining from modeled Sohl Land-Use/Land-Coverdata,percent,Land Cover
CAT_SOHL00_7,2000 percent Barren from modeled Sohl Land-Use/Land-Coverdata,percent,Land Cover
CAT_SOHL00_8,2000 percent Deciduous Forest from modeled Sohl Land-Use/Land-Coverdata,percent,Land Cover
CAT_SOHL00_9,2000 percent Evergreen Forest from modeled Sohl Land-Use/Land-Coverdata,percent,Land Cover
CAT_SOHL00_10,2000 percent Mixed Forest from modeled Sohl Land-Use/Land-Coverdata,percent,Land Cover
CAT_SOHL00_11,2000 percent Grassland from modeled Sohl Land-Use/Land-Coverdata,percent,Land Cover
CAT_SOHL00_12,2000 percent Shrubland from modeled Sohl Land-Use/Land-Coverdata,percent,Land Cover
CAT_SOHL00_13,2000 percent Cultivated Cropland from modeled Sohl Land-Use/Land-Coverdata,percent,Land Cover
CAT_SOHL00_14,2000 percent Hay/Pasture land from modeled Sohl Land-Use/Land-Coverdata,percent,Land Cover
CAT_SOHL00_15,2000 percent Herbaceous Wetland from modeled Sohl Land-Use/Land-Coverdata,percent,Land Cover
CAT_SOHL00_16,2000 percent Woody Wetland from modeled Sohl Land-Use/Land-Coverdata,percent,Land Cover
CAT_SOHL00_17,2000 percent Perennial Ice/Snow from modeled Sohl Land-Use/Land-Coverdata,percent,Land Cover
CAT_SOHL01_1,2001 percent Water from modeled Sohl Land-Use/Land-Coverdata,percent,Land Cover
CAT_SOHL01_2,2001 percent Developed from modeled Sohl Land-Use/Land-Coverdata,percent,Land Cover
CAT_SOHL01_3,2001 percent Intentionally left blank from modeled Sohl Land-Use/Land-Coverdata,percent,Land Cover
CAT_SOHL01_4,2001 percent Intentionally left blank from modeled Sohl Land-Use/Land-Coverdata,percent,Land Cover
CAT_SOHL01_5,2001 percent Intentionally left blank from modeled Sohl Land-Use/Land-Coverdata,percent,Land Cover
CAT_SOHL01_6,2001 percent Mining from modeled Sohl Land-Use/Land-Coverdata,percent,Land Cover
CAT_SOHL01_7,2001 percent Barren from modeled Sohl Land-Use/Land-Coverdata,percent,Land Cover
CAT_SOHL01_8,2001 percent Deciduous Forest from modeled Sohl Land-Use/Land-Coverdata,percent,Land Cover
CAT_SOHL01_9,2001 percent Evergreen Forest from modeled Sohl Land-Use/Land-Coverdata,percent,Land Cover
CAT_SOHL01_10,2001 percent Mixed Forest from modeled Sohl Land-Use/Land-Coverdata,percent,Land Cover
CAT_SOHL01_11,2001 percent Grassland from modeled Sohl Land-Use/Land-Coverdata,percent,Land Cover
CAT_SOHL01_12,2001 percent Shrubland from modeled Sohl Land-Use/Land-Coverdata,percent,Land Cover
CAT_SOHL01_13,2001 percent Cultivated Cropland from modeled Sohl Land-Use/Land-Coverdata,percent,Land Cover
CAT_SOHL01_14,2001 percent Hay/Pasture land from modeled Sohl Land-Use/Land-Coverdata,percent,Land Cover
CAT_SOHL01_15,2001 percent Herbaceous Wetland from modeled Sohl Land-Use/Land-Coverdata,percent,Land Cover
CAT_SOHL01_16,2001 percent Woody Wetland from modeled Sohl Land-Use/Land-Coverdata,percent,Land Cover
CAT_SOHL01_17,2001 percent Perennial Ice/Snow from modeled Sohl Land-Use/Land-Coverdata,percent,Land Cover
CAT_SOHL02_1,2002 percent Water from modeled Sohl Land-Use/Land-Coverdata,percent,Land Cover
CAT_SOHL02_2,2002 percent Developed from modeled Sohl Land-Use/Land-Coverdata,percent,Land Cover
CAT_SOHL02_3,2002 percent Intentionally left blank from modeled Sohl Land-Use/Land-Coverdata,percent,Land Cover
CAT_SOHL02_4,2002 percent Intentionally left blank from modeled Sohl Land-Use/Land-Coverdata,percent,Land Cover
CAT_SOHL02_5,2002 percent Intentionally left blank from modeled Sohl Land-Use/Land-Coverdata,percent,Land Cover
CAT_SOHL02_6,2002 percent Mining from modeled Sohl Land-Use/Land-Coverdata,percent,Land Cover
CAT_SOHL02_7,2002 percent Barren from modeled Sohl Land-Use/Land-Coverdata,percent,Land Cover
CAT_SOHL02_8,2002 percent Deciduous Forest from modeled Sohl Land-Use/Land-Coverdata,percent,Land Cover
CAT_SOHL02_9,2002 percent Evergreen Forest from modeled Sohl Land-Use/Land-Coverdata,percent,Land Cover
CAT_SOHL02_10,2002 percent Mixed Forest from modeled Sohl Land-Use/Land-Coverdata,percent,Land Cover
CAT_SOHL02_11,2002 percent Grassland from modeled Sohl Land-Use/Land-Coverdata,percent,Land Cover
CAT_SOHL02_12,2002 percent Shrubland from modeled Sohl Land-Use/Land-Coverdata,percent,Land Cover
CAT_SOHL02_13,2002 percent Cultivated Cropland from modeled Sohl Land-Use/Land-Coverdata,percent,Land Cover
CAT_SOHL02_14,2002 percent Hay/Pasture land from modeled Sohl Land-Use/Land-Coverdata,percent,Land Cover
CAT_SOHL02_15,2002 percent Herbaceous Wetland from modeled Sohl Land-Use/Land-Coverdata,percent,Land Cover
CAT_SOHL02_16,2002 percent Woody Wetland from modeled Sohl Land-Use/Land-Coverdata,percent,Land Cover
CAT_SOHL02_17,2002 percent Perennial Ice/Snow from modeled Sohl Land-Use/Land-Coverdata,percent,Land Cover
CAT_SOHL05_1,2005 percent Water from modeled Sohl Land-Use/Land-Coverdata,percent,Land Cover
CAT_SOHL05_2,2005 percent Developed from modeled Sohl Land-Use/Land-Coverdata,percent,Land Cover
CAT_SOHL05_3,2005 percent Intentionally left blank from modeled Sohl Land-Use/Land-Coverdata,percent,Land Cover
CAT_SOHL05_4,2005 percent Intentionally left blank from modeled Sohl Land-Use/Land-Coverdata,percent,Land Cover
CAT_SOHL05_5,2005 percent Intentionally left blank from modeled Sohl Land-Use/Land-Coverdata,percent,Land Cover
CAT_SOHL05_6,2005 percent Mining from modeled Sohl Land-Use/Land-Coverdata,percent,Land Cover
CAT_SOHL05_7,2005 percent Barren from modeled Sohl Land-Use/Land-Coverdata,percent,Land Cover
CAT_SOHL05_8,2005 percent Deciduous Forest from modeled Sohl Land-Use/Land-Coverdata,percent,Land Cover
CAT_SOHL05_9,2005 percent Evergreen Forest from modeled Sohl Land-Use/Land-Coverdata,percent,Land Cover
CAT_SOHL05_10,2005 percent Mixed Forest from modeled Sohl Land-Use/Land-Coverdata,percent,Land Cover
CAT_SOHL05_11,2005 percent Grassland from modeled Sohl Land-Use/Land-Coverdata,percent,Land Cover
CAT_SOHL05_12,2005 percent Shrubland from modeled Sohl Land-Use/Land-Coverdata,percent,Land Cover
CAT_SOHL05_13,2005 percent Cultivated Cropland from modeled Sohl Land-Use/Land-Coverdata,percent,Land Cover
CAT_SOHL05_14,2005 percent Hay/Pasture land from modeled Sohl Land-Use/Land-Coverdata,percent,Land Cover
CAT_SOHL05_15,2005 percent Herbaceous Wetland from modeled Sohl Land-Use/Land-Coverdata,percent,Land Cover
CAT_SOHL05_16,2005 percent Woody Wetland from modeled Sohl Land-Use/Land-Coverdata,percent,Land Cover
CAT_SOHL05_17,2005 percent Perennial Ice/Snow from modeled Sohl Land-Use/Land-Coverdata,percent,Land Cover
CAT_SOHL04_1,2004 percent Water from modeled Sohl Land-Use/Land-Coverdata,percent,Land Cover
CAT_SOHL04_2,2004 percent Developed from modeled Sohl Land-Use/Land-Coverdata,percent,Land Cover
CAT_SOHL04_3,2004 percent Intentionally left blank from modeled Sohl Land-Use/Land-Coverdata,percent,Land Cover
CAT_SOHL04_4,2004 percent Intentionally left blank from modeled Sohl Land-Use/Land-Coverdata,percent,Land Cover
CAT_SOHL04_5,2004 percent Intentionally left blank from modeled Sohl Land-Use/Land-Coverdata,percent,Land Cover
CAT_SOHL04_6,2004 percent Mining from modeled Sohl Land-Use/Land-Coverdata,percent,Land Cover
CAT_SOHL04_7,2004 percent Barren from modeled Sohl Land-Use/Land-Coverdata,percent,Land Cover
CAT_SOHL04_8,2004 percent Deciduous Forest from modeled Sohl Land-Use/Land-Coverdata,percent,Land Cover
CAT_SOHL04_9,2004 percent Evergreen Forest from modeled Sohl Land-Use/Land-Coverdata,percent,Land Cover
CAT_SOHL04_10,2004 percent Mixed Forest from modeled Sohl Land-Use/Land-Coverdata,percent,Land Cover
CAT_SOHL04_11,2004 percent Grassland from modeled Sohl Land-Use/Land-Coverdata,percent,Land Cover
CAT_SOHL04_12,2004 percent Shrubland from modeled Sohl Land-Use/Land-Coverdata,percent,Land Cover
CAT_SOHL04_13,2004 percent Cultivated Cropland from modeled Sohl Land-Use/Land-Coverdata,percent,Land Cover
CAT_SOHL04_14,2004 percent Hay/Pasture land from modeled Sohl Land-Use/Land-Coverdata,percent,Land Cover
CAT_SOHL04_15,2004 percent Herbaceous Wetland from modeled Sohl Land-Use/Land-Coverdata,percent,Land Cover
CAT_SOHL04_16,2004 percent Woody Wetland from modeled Sohl Land-Use/Land-Coverdata,percent,Land Cover
CAT_SOHL04_17,2004 percent Perennial Ice/Snow from modeled Sohl Land-Use/Land-Coverdata,percent,Land Cover
CAT_SOHL99_1,1999 percent Water from modeled Sohl Land-Use/Land-Coverdata,percent,Land Cover
CAT_SOHL99_2,1999 percent Developed from modeled Sohl Land-Use/Land-Coverdata,percent,Land Cover
CAT_SOHL99_3,1999 percent Intentionally left blank from modeled Sohl Land-Use/Land-Coverdata,percent,Land Cover
CAT_SOHL99_4,1999 percent Intentionally left blank from modeled Sohl Land-Use/Land-Coverdata,percent,Land Cover
CAT_SOHL99_5,1999 percent Intentionally left blank from modeled Sohl Land-Use/Land-Coverdata,percent,Land Cover
CAT_SOHL99_6,1999 percent Mining from modeled Sohl Land-Use/Land-Coverdata,percent,Land Cover
CAT_SOHL99_7,1999 percent Barren from modeled Sohl Land-Use/Land-Coverdata,percent,Land Cover
CAT_SOHL99_8,1999 percent Deciduous Forest from modeled Sohl Land-Use/Land-Coverdata,percent,Land Cover
CAT_SOHL99_9,1999 percent Evergreen Forest from modeled Sohl Land-Use/Land-Coverdata,percent,Land Cover
CAT_SOHL99_10,1999 percent Mixed Forest from modeled Sohl Land-Use/Land-Coverdata,percent,Land Cover
CAT_SOHL99_11,1999 percent Grassland from modeled Sohl Land-Use/Land-Coverdata,percent,Land Cover
CAT_SOHL99_12,1999 percent Shrubland from modeled Sohl Land-Use/Land-Coverdata,percent,Land Cover
CAT_SOHL99_13,1999 percent Cultivated Cropland from modeled Sohl Land-Use/Land-Coverdata,percent,Land Cover
CAT_SOHL99_14,1999 percent Hay/Pasture land from modeled Sohl Land-Use/Land-Coverdata,percent,Land Cover
CAT_SOHL99_15,1999 percent Herbaceous Wetland from modeled Sohl Land-Use/Land-Coverdata,percent,Land Cover
CAT_SOHL99_16,1999 percent Woody Wetland from modeled Sohl Land-Use/Land-Coverdata,percent,Land Cover
CAT_SOHL99_17,1999 percent Perennial Ice/Snow from modeled Sohl Land-Use/Land-Coverdata,percent,Land Cover
CAT_SOHL96_1,1996 percent Water from modeled Sohl Land-Use/Land-Coverdata,percent,Land Cover
CAT_SOHL96_2,1996 percent Developed from modeled Sohl Land-Use/Land-Coverdata,percent,Land Cover
CAT_SOHL96_3,1996 percent Intentionally left blank from modeled Sohl Land-Use/Land-Coverdata,percent,Land Cover
CAT_SOHL96_4,1996 percent Intentionally left blank from modeled Sohl Land-Use/Land-Coverdata,percent,Land Cover
CAT_SOHL96_5,1996 percent Intentionally left blank from modeled Sohl Land-Use/Land-Coverdata,percent,Land Cover
CAT_SOHL96_6,1996 percent Mining from modeled Sohl Land-Use/Land-Coverdata,percent,Land Cover
CAT_SOHL96_7,1996 percent Barren from modeled Sohl Land-Use/Land-Coverdata,percent,Land Cover
CAT_SOHL96_8,1996 percent Deciduous Forest from modeled Sohl Land-Use/Land-Coverdata,percent,Land Cover
CAT_SOHL96_9,1996 percent Evergreen Forest from modeled Sohl Land-Use/Land-Coverdata,percent,Land Cover
CAT_SOHL96_10,1996 percent Mixed Forest from modeled Sohl Land-Use/Land-Coverdata,percent,Land Cover
CAT_SOHL96_11,1996 percent Grassland from modeled Sohl Land-Use/Land-Coverdata,percent,Land Cover
CAT_SOHL96_12,1996 percent Shrubland from modeled Sohl Land-Use/Land-Coverdata,percent,Land Cover
CAT_SOHL96_13,1996 percent Cultivated Cropland from modeled Sohl Land-Use/Land-Coverdata,percent,Land Cover
CAT_SOHL96_14,1996 percent Hay/Pasture land from modeled Sohl Land-Use/Land-Coverdata,percent,Land Cover
CAT_SOHL96_15,1996 percent Herbaceous Wetland from modeled Sohl Land-Use/Land-Coverdata,percent,Land Cover
CAT_SOHL96_16,1996 percent Woody Wetland from modeled Sohl Land-Use/Land-Coverdata,percent,Land Cover
CAT_SOHL96_17,1996 percent Perennial Ice/Snow from modeled Sohl Land-Use/Land-Coverdata,percent,Land Cover
CAT_SOHL97_1,1997 percent Water from modeled Sohl Land-Use/Land-Coverdata,percent,Land Cover
CAT_SOHL97_2,1997 percent Developed from modeled Sohl Land-Use/Land-Coverdata,percent,Land Cover
CAT_SOHL97_3,1997 percent Intentionally left blank from modeled Sohl Land-Use/Land-Coverdata,percent,Land Cover
CAT_SOHL97_4,1997 percent Intentionally left blank from modeled Sohl Land-Use/Land-Coverdata,percent,Land Cover
CAT_SOHL97_5,1997 percent Intentionally left blank from modeled Sohl Land-Use/Land-Coverdata,percent,Land Cover
CAT_SOHL97_6,1997 percent Mining from modeled Sohl Land-Use/Land-Coverdata,percent,Land Cover
CAT_SOHL97_7,1997 percent Barren from modeled Sohl Land-Use/Land-Coverdata,percent,Land Cover
CAT_SOHL97_8,1997 percent Deciduous Forest from modeled Sohl Land-Use/Land-Coverdata,percent,Land Cover
CAT_SOHL97_9,1997 percent Evergreen Forest from modeled Sohl Land-Use/Land-Coverdata,percent,Land Cover
CAT_SOHL97_10,1997 percent Mixed Forest from modeled Sohl Land-Use/Land-Coverdata,percent,Land Cover
CAT_SOHL97_11,1997 percent Grassland from modeled Sohl Land-Use/Land-Coverdata,percent,Land Cover
CAT_SOHL97_12,1997 percent Shrubland from modeled Sohl Land-Use/Land-Coverdata,percent,Land Cover
CAT_SOHL97_13,1997 percent Cultivated Cropland from modeled Sohl Land-Use/Land-Coverdata,percent,Land Cover
CAT_SOHL97_14,1997 percent Hay/Pasture land from modeled Sohl Land-Use/Land-Coverdata,percent,Land Cover
CAT_SOHL97_15,1997 percent Herbaceous Wetland from modeled Sohl Land-Use/Land-Coverdata,percent,Land Cover
CAT_SOHL97_16,1997 percent Woody Wetland from modeled Sohl Land-Use/Land-Coverdata,percent,Land Cover
CAT_SOHL97_17,1997 percent Perennial Ice/Snow from modeled Sohl Land-Use/Land-Coverdata,percent,Land Cover
CAT_SOHL98_1,1998 percent Water from modeled Sohl Land-Use/Land-Coverdata,percent,Land Cover
CAT_SOHL98_2,1998 percent Developed from modeled Sohl Land-Use/Land-Coverdata,percent,Land Cover
CAT_SOHL98_3,1998 percent Intentionally left blank from modeled Sohl Land-Use/Land-Coverdata,percent,Land Cover
CAT_SOHL98_4,1998 percent Intentionally left blank from modeled Sohl Land-Use/Land-Coverdata,percent,Land Cover
CAT_SOHL98_5,1998 percent Intentionally left blank from modeled Sohl Land-Use/Land-Coverdata,percent,Land Cover
CAT_SOHL98_6,1998 percent Mining from modeled Sohl Land-Use/Land-Coverdata,percent,Land Cover
CAT_SOHL98_7,1998 percent Barren from modeled Sohl Land-Use/Land-Coverdata,percent,Land Cover
CAT_SOHL98_8,1998 percent Deciduous Forest from modeled Sohl Land-Use/Land-Coverdata,percent,Land Cover
CAT_SOHL98_9,1998 percent Evergreen Forest from modeled Sohl Land-Use/Land-Coverdata,percent,Land Cover
CAT_SOHL98_10,1998 percent Mixed Forest from modeled Sohl Land-Use/Land-Coverdata,percent,Land Cover
CAT_SOHL98_11,1998 percent Grassland from modeled Sohl Land-Use/Land-Coverdata,percent,Land Cover
CAT_SOHL98_12,1998 percent Shrubland from modeled Sohl Land-Use/Land-Coverdata,percent,Land Cover
CAT_SOHL98_13,1998 percent Cultivated Cropland from modeled Sohl Land-Use/Land-Coverdata,percent,Land Cover
CAT_SOHL98_14,1998 percent Hay/Pasture land from modeled Sohl Land-Use/Land-Coverdata,percent,Land Cover
CAT_SOHL98_15,1998 percent Herbaceous Wetland from modeled Sohl Land-Use/Land-Coverdata,percent,Land Cover
CAT_SOHL98_16,1998 percent Woody Wetland from modeled Sohl Land-Use/Land-Coverdata,percent,Land Cover
CAT_SOHL98_17,1998 percent Perennial Ice/Snow from modeled Sohl Land-Use/Land-Coverdata,percent,Land Cover
CAT_SOHL03_1,2003 percent Water from modeled Sohl Land-Use/Land-Coverdata,percent,Land Cover
CAT_SOHL03_2,2003 percent Developed from modeled Sohl Land-Use/Land-Coverdata,percent,Land Cover
CAT_SOHL03_3,2003 percent Intentionally left blank from modeled Sohl Land-Use/Land-Coverdata,percent,Land Cover
CAT_SOHL03_4,2003 percent Intentionally left blank from modeled Sohl Land-Use/Land-Coverdata,percent,Land Cover
CAT_SOHL03_5,2003 percent Intentionally left blank from modeled Sohl Land-Use/Land-Coverdata,percent,Land Cover
CAT_SOHL03_6,2003 percent Mining from modeled Sohl Land-Use/Land-Coverdata,percent,Land Cover
CAT_SOHL03_7,2003 percent Barren from modeled Sohl Land-Use/Land-Coverdata,percent,Land Cover
CAT_SOHL03_8,2003 percent Deciduous Forest from modeled Sohl Land-Use/Land-Coverdata,percent,Land Cover
CAT_SOHL03_9,2003 percent Evergreen Forest from modeled Sohl Land-Use/Land-Coverdata,percent,Land Cover
CAT_SOHL03_10,2003 percent Mixed Forest from modeled Sohl Land-Use/Land-Coverdata,percent,Land Cover
CAT_SOHL03_11,2003 percent Grassland from modeled Sohl Land-Use/Land-Coverdata,percent,Land Cover
CAT_SOHL03_12,2003 percent Shrubland from modeled Sohl Land-Use/Land-Coverdata,percent,Land Cover
CAT_SOHL03_13,2003 percent Cultivated Cropland from modeled Sohl Land-Use/Land-Coverdata,percent,Land Cover
CAT_SOHL03_14,2003 percent Hay/Pasture land from modeled Sohl Land-Use/Land-Coverdata,percent,Land Cover
CAT_SOHL03_15,2003 percent Herbaceous Wetland from modeled Sohl Land-Use/Land-Coverdata,percent,Land Cover
CAT_SOHL03_16,2003 percent Woody Wetland from modeled Sohl Land-Use/Land-Coverdata,percent,Land Cover
CAT_SOHL03_17,2003 percent Perennial Ice/Snow from modeled Sohl Land-Use/Land-Coverdata,percent,Land Cover
CAT_PFARM12,"Mean catchment proportion (fraction) of CRP acres to total farmland acres (ACRES county CRP, 2012 / Acres Ag Census reported farm land 2012).",fraction,Best Management Practices
CAT_nodata,unknown,unknown,Best Management Practices
CAT_PMAP,Mean bed sediment phosphorus value in parts per million (ppm) per NHDV2 catchment,ppm,Soils
CAT_PPT_JAN_2017,Mean monthly precipitation (millimeters) from 800-meter PRISM data per NHDPlus version 2 catchment for January 2017. -9999 denotes NODATA.,millimeters,Climate
CAT_PPT_FEB_2017,Mean monthly precipitation (millimeters) from 800-meter PRISM data per NHDPlus version 2 catchment for February 2017. -9999 denotes NODATA.,millimeters,Climate
CAT_PPT_MAR_2017,Mean monthly precipitation (millimeters) from 800-meter PRISM data per NHDPlus version 2 catchment for March 2017. -9999 denotes NODATA.,millimeters,Climate
CAT_PPT_APR_2017,Mean monthly precipitation (millimeters) from 800-meter PRISM data per NHDPlus version 2 catchment for April 2017. -9999 denotes NODATA.,millimeters,Climate
CAT_PPT_MAY_2017,Mean monthly precipitation (millimeters) from 800-meter PRISM data per NHDPlus version 2 catchment for May 2017. -9999 denotes NODATA.,millimeters,Climate
CAT_PPT_JUN_2017,Mean monthly precipitation (millimeters) from 800-meter PRISM data per NHDPlus version 2 catchment for June 2017. -9999 denotes NODATA.,millimeters,Climate
CAT_PPT_JUL_2017,Mean monthly precipitation (millimeters) from 800-meter PRISM data per NHDPlus version 2 catchment for July 2017. -9999 denotes NODATA.,millimeters,Climate
CAT_PPT_AUG_2017,Mean monthly precipitation (millimeters) from 800-meter PRISM data per NHDPlus version 2 catchment for August 2017. -9999 denotes NODATA.,millimeters,Climate
CAT_PPT_SEP_2017,Mean monthly precipitation (millimeters) from 800-meter PRISM data per NHDPlus version 2 catchment for September 2017. -9999 denotes NODATA.,millimeters,Climate
CAT_PPT_OCT_2017,Mean monthly precipitation (millimeters) from 800-meter PRISM data per NHDPlus version 2 catchment for October 2017. -9999 denotes NODATA.,millimeters,Climate
CAT_PPT_NOV_2017,Mean monthly precipitation (millimeters) from 800-meter PRISM data per NHDPlus version 2 catchment for November 2017. -9999 denotes NODATA.,millimeters,Climate
CAT_PPT_DEC_2017,Mean monthly precipitation (millimeters) from 800-meter PRISM data per NHDPlus version 2 catchment for December 2017. -9999 denotes NODATA.,millimeters,Climate
CAT_PPT_JAN_2016,Mean monthly precipitation (millimeters) from 800-meter PRISM data per NHDPlus version 2 catchment for January 2016. -9999 denotes NODATA.,millimeters,Climate
CAT_PPT_FEB_2016,Mean monthly precipitation (millimeters) from 800-meter PRISM data per NHDPlus version 2 catchment for February 2016. -9999 denotes NODATA.,millimeters,Climate
CAT_PPT_MAR_2016,Mean monthly precipitation (millimeters) from 800-meter PRISM data per NHDPlus version 2 catchment for March 2016. -9999 denotes NODATA.,millimeters,Climate
CAT_PPT_APR_2016,Mean monthly precipitation (millimeters) from 800-meter PRISM data per NHDPlus version 2 catchment for April 2016. -9999 denotes NODATA.,millimeters,Climate
CAT_PPT_MAY_2016,Mean monthly precipitation (millimeters) from 800-meter PRISM data per NHDPlus version 2 catchment for May 2016. -9999 denotes NODATA.,millimeters,Climate
CAT_PPT_JUN_2016,Mean monthly precipitation (millimeters) from 800-meter PRISM data per NHDPlus version 2 catchment for June 2016. -9999 denotes NODATA.,millimeters,Climate
CAT_PPT_JUL_2016,Mean monthly precipitation (millimeters) from 800-meter PRISM data per NHDPlus version 2 catchment for July 2016. -9999 denotes NODATA.,millimeters,Climate
CAT_PPT_AUG_2016,Mean monthly precipitation (millimeters) from 800-meter PRISM data per NHDPlus version 2 catchment for August 2016. -9999 denotes NODATA.,millimeters,Climate
CAT_PPT_SEP_2016,Mean monthly precipitation (millimeters) from 800-meter PRISM data per NHDPlus version 2 catchment for September 2016. -9999 denotes NODATA.,millimeters,Climate
CAT_PPT_OCT_2016,Mean monthly precipitation (millimeters) from 800-meter PRISM data per NHDPlus version 2 catchment for October 2016. -9999 denotes NODATA.,millimeters,Climate
CAT_PPT_NOV_2016,Mean monthly precipitation (millimeters) from 800-meter PRISM data per NHDPlus version 2 catchment for November 2016. -9999 denotes NODATA.,millimeters,Climate
CAT_PPT_DEC_2016,Mean monthly precipitation (millimeters) from 800-meter PRISM data per NHDPlus version 2 catchment for December 2016. -9999 denotes NODATA.,millimeters,Climate
CAT_TAV_JAN_2016,Mean monthly temperature (degrees Celsius) from 800 meter resolution PRISM data per NHDPlus version 2.1 catchment for January 2016. -9999 denotes NODATA.,degrees Celsius,Climate
CAT_TAV_FEB_2016,Mean monthly temperature (degrees Celsius) from 800 meter resolution PRISM data per NHDPlus version 2.1 catchment for February 2016. -9999 denotes NODATA.,degrees Celsius,Climate
CAT_TAV_MAR_2016,Mean monthly temperature (degrees Celsius) from 800 meter resolution PRISM data per NHDPlus version 2.1 catchment for March 2016. -9999 denotes NODATA.,degrees Celsius,Climate
CAT_TAV_APR_2016,Mean monthly temperature (degrees Celsius) from 800 meter resolution PRISM data per NHDPlus version 2.1 catchment for April 2016. -9999 denotes NODATA.,degrees Celsius,Climate
CAT_TAV_MAY_2016,Mean monthly temperature (degrees Celsius) from 800 meter resolution PRISM data per NHDPlus version 2.1 catchment for May 2016. -9999 denotes NODATA.,degrees Celsius,Climate
CAT_TAV_JUN_2016,Mean monthly temperature (degrees Celsius) from 800 meter resolution PRISM data per NHDPlus version 2.1 catchment for June 2016. -9999 denotes NODATA.,degrees Celsius,Climate
CAT_TAV_JUL_2016,Mean monthly temperature (degrees Celsius) from 800 meter resolution PRISM data per NHDPlus version 2.1 catchment for July 2016. -9999 denotes NODATA.,degrees Celsius,Climate
CAT_TAV_AUG_2016,Mean monthly temperature (degrees Celsius) from 800 meter resolution PRISM data per NHDPlus version 2.1 catchment for August 2016. -9999 denotes NODATA.,degrees Celsius,Climate
CAT_TAV_SEP_2016,Mean monthly temperature (degrees Celsius) from 800 meter resolution PRISM data per NHDPlus version 2.1 catchment for September 2016. -9999 denotes NODATA.,degrees Celsius,Climate
CAT_TAV_OCT_2016,Mean monthly temperature (degrees Celsius) from 800 meter resolution PRISM data per NHDPlus version 2.1 catchment for October 2016. -9999 denotes NODATA.,degrees Celsius,Climate
CAT_TAV_NOV_2016,Mean monthly temperature (degrees Celsius) from 800 meter resolution PRISM data per NHDPlus version 2.1 catchment for November 2016. -9999 denotes NODATA.,degrees Celsius,Climate
CAT_TAV_DEC_2016,Mean monthly temperature (degrees Celsius) from 800 meter resolution PRISM data per NHDPlus version 2.1 catchment for December 2016. -9999 denotes NODATA.,degrees Celsius,Climate
CAT_TAV_JAN_2017,Mean monthly temperature (degrees Celsius) from 800 meter resolution PRISM data per NHDPlus version 2.1 catchment for January 2017. -9999 denotes NODATA.,degrees Celsius,Climate
CAT_TAV_FEB_2017,Mean monthly temperature (degrees Celsius) from 800 meter resolution PRISM data per NHDPlus version 2.1 catchment for February 2017. -9999 denotes NODATA.,degrees Celsius,Climate
CAT_TAV_MAR_2017,Mean monthly temperature (degrees Celsius) from 800 meter resolution PRISM data per NHDPlus version 2.1 catchment for March 2017. -9999 denotes NODATA.,degrees Celsius,Climate
CAT_TAV_APR_2017,Mean monthly temperature (degrees Celsius) from 800 meter resolution PRISM data per NHDPlus version 2.1 catchment for April 2017. -9999 denotes NODATA.,degrees Celsius,Climate
CAT_TAV_MAY_2017,Mean monthly temperature (degrees Celsius) from 800 meter resolution PRISM data per NHDPlus version 2.1 catchment for May 2017. -9999 denotes NODATA.,degrees Celsius,Climate
CAT_TAV_JUN_2017,Mean monthly temperature (degrees Celsius) from 800 meter resolution PRISM data per NHDPlus version 2.1 catchment for June 2017. -9999 denotes NODATA.,degrees Celsius,Climate
CAT_TAV_JUL_2017,Mean monthly temperature (degrees Celsius) from 800 meter resolution PRISM data per NHDPlus version 2.1 catchment for July 2017. -9999 denotes NODATA.,degrees Celsius,Climate
CAT_TAV_AUG_2017,Mean monthly temperature (degrees Celsius) from 800 meter resolution PRISM data per NHDPlus version 2.1 catchment for August 2017. -9999 denotes NODATA.,degrees Celsius,Climate
CAT_TAV_SEP_2017,Mean monthly temperature (degrees Celsius) from 800 meter resolution PRISM data per NHDPlus version 2.1 catchment for September 2017. -9999 denotes NODATA.,degrees Celsius,Climate
CAT_TAV_OCT_2017,Mean monthly temperature (degrees Celsius) from 800 meter resolution PRISM data per NHDPlus version 2.1 catchment for October 2017. -9999 denotes NODATA.,degrees Celsius,Climate
CAT_TAV_NOV_2017,Mean monthly temperature (degrees Celsius) from 800 meter resolution PRISM data per NHDPlus version 2.1 catchment for November 2017. -9999 denotes NODATA.,degrees Celsius,Climate
CAT_TAV_DEC_2017,Mean monthly temperature (degrees Celsius) from 800 meter resolution PRISM data per NHDPlus version 2.1 catchment for December 2017. -9999 denotes NODATA.,degrees Celsius,Climate
CAT_TPLOAD_2012,"Average kilograms per reach catchment loss of the sum of P in runoff, P loss from water erosion, P loss from wind erosion, and P in percolate. (Note: Total P does not include soluble P from tile drainage.)",kilograms,Best Management Practices
CAT_TPLOSS_2012,"Accumulated average kilograms per reach catchment loss of P in runoff, P loss from water erosion, P loss from wind erosion, and P in percolate. (Note: Total P does not include soluble P from tile drainage.), based on divergence routing.",kilograms,Best Management Practices
CAT_SedLOAD_2012,Average tons of sediment loss per reach catchment.,tons,Best Management Practices
CAT_SedLOSS_2012,Average tons of sediment loss per hectare per reach catchment.,tons per hectare,Best Management Practices
CAT_TNLOAD_2012,"Average kilograms per reach catchment loss of the sum of soluble N in runoff, N loss from water erosion, N loss from wind erosion, N in tile drainage, N in percolate, N in subsurface flow, and N in quick return flow.",kilograms,Best Management Practices
CAT_TNLOSS_2012,"Average rate of kilograms per hectare per reach catchment loss of the sum of soluble N in runoff, N loss from water erosion, N loss from wind erosion, N in tile drainage, N in percolate, N in subsurface flow, and N in quick return flow",kilograms per hectare,Best Management Practices
CAT_WD_NHx_Fert_2012,The fraction of the total wet deposition due to emissions from fertilizer for each NHDPlusV2 flowline catchment.,percent,Chemical
CAT_WD_NHx_Animal_2012,The fraction of the total wet deposition due to emissions from animal manure for each NHDPlusV2 flowline catchment.,Producer defined,Chemical
CAT_DD_NHx_Fert_2012,The fraction of the total dry deposition due to emissions from fertilizer for each NHDPlusV2 flowline catchment.,percent,Chemical
CAT_DD_NHx_Animal_2012,The fraction of the total dry deposition due to emissions from animal manure for each NHDPlusV2 flowline catchment.,percent,Chemical
CAT_CPRAC16,Estimated percent of each NHDPlusV2.1 flowline catchment whose land is planted to a cover crop (excluding CRP land ) in 2012.,percent,Best Management Practices
CAT_CPRAC7,Estimated percent of each NHDPlusV2.1 flowline catchment on which conservation tillage practices were used in 2012.,percent,Best Management Practices
CAT_CPRAC1,Estimated percent of each NHDPlusV2.1 flowline catchment on which land was artificially drained by ditches in 2012.,percent,Best Management Practices
CAT_CPRAC4,Estimated percent of each NHDPlusV2.1 flowline catchment on which land was drained by tiles in 2012.,percent,Best Management Practices
CAT_CPRAC10,Estimated percent of each NHDPlusV2.1 flowline catchment on which conventional tillage practices were used in 2012.,percent,Best Management Practices
CAT_CPRAC13,Estimated percent of each NHDPlusV2.1 flowline catchment on which no-till practices were used in 2012.,percent,Best Management Practices
CAT_CPRAC19,Estimated percent of each NHDPlusV2.1 flowline catchment whose land is under a conservation easement 2012.,percent,Best Management Practices
CAT_NLCD16_11,"2019 version of 2016 land-use and land-cover type Open Water: All areas of open water, generally with less than 25 percent cover of vegetation or soil. -9999 denotes NODATA.",percent,Land Cover
CAT_NLCD16_12,"2019 version of 2016 land-use and land-cover type Perennial Ice/Snow: All areas characterized by a perennial cover of ice and/or snow, generally greater than 25 percent of total cover. -9999 denotes NODATA.",percent,Land Cover
CAT_NLCD16_21,"2019 version of 2016 land-use and land-cover type Developed, Open Space: Includes areas with a mixture of some constructed materials, but mostly vegetation in the form of lawn grasses. Impervious surfaces account for less than 20 percent of total cover. These areas most commonly include large-lot single-family housing units, parks, golf courses, and vegetation planted in developed settings for recreation, erosion control, or aesthetic purposes. -9999 denotes NODATA.",percent,Land Cover
CAT_NLCD16_22,"2019 version of 2016 land-use and land-cover type Developed, Low Intensity: Includes areas with a mixture of constructed materials and vegetation. Impervious surfaces account for 20-49 percent of total cover. These areas most commonly include single-family housing units. -9999 denotes NODATA.",percent,Land Cover
CAT_NLCD16_23,"2019 version of 2016 land-use and land-cover type Developed, Medium Intensity: Includes areas with a mixture of constructed materials and vegetation. Impervious surfaces account for 50-79 percent of the total cover. These areas most commonly include single-family housing units. -9999 denotes NODATA.",percent,Land Cover
CAT_NLCD16_24,"2019 version of 2016 land-use and land-cover type Developed, High Intensity: Includes highly developed areas where people reside or work in high numbers. Examples include apartment complexes, row houses, and commercial/industrial. Impervious surfaces account for 80-100 percent of the total cover. -9999 denotes NODATA.",percent,Land Cover
CAT_NLCD16_31,"2019 version of 2016 land-use and land-cover type Barren Land (Rock/Sand/Clay): Barren areas of bedrock, desert pavement, scarps, talus, slides, volcanic material, glacial debris, sand dunes, strip mines, gravel pits, and other accumulations of earthen material. Generally, vegetation accounts for less than 15 percent of total cover. -9999 denotes NODATA.",percent,Land Cover
CAT_NLCD16_41,"2019 version of 2016 land-use and land-cover type Deciduous Forest: Areas dominated by trees generally greater than 5 meters tall, and greater than 20 percent of total vegetation cover. More than 75 percent of the tree species shed foliage simultaneously in response to seasonal change. -9999 denotes NODATA.",percent,Land Cover
CAT_NLCD16_42,"2019 version of 2016 land-use and land-cover type Evergreen Forest: Areas dominated by trees generally greater than 5 meters tall, and greater than 20 percent of total vegetation cover. More than 75 percent of the trees maintain their leaves all year. Canopy is never without green foliage. -9999 denotes NODATA.",percent,Land Cover
CAT_NLCD16_43,"2019 version of 2016 land-use and land-cover type Mixed Forest: Areas dominated by trees generally greater than 5 meters tall, and greater than 20 percent of total vegetation cover. Neither deciduous nor evergreen species are greater than 75 percent of total tree cover. -9999 denotes NODATA.",percent,Land Cover
CAT_NLCD16_52,"2019 version of 2016 land-use and land-cover type Shrub/Scrub: Areas dominated by shrubs less than 5 meters tall. Shrub canopy is typically greater than 20 percent of total vegetation. This class includes true shrubs, young trees in an early successional stage or trees stunted from environmental conditions. -9999 denotes NODATA.",percent,Land Cover
CAT_NLCD16_71,"2019 version of 2016 land-use and land-cover type Grassland/Herbaceous: Areas dominated by graminoid or herbaceous vegetation, generally greater than 80 percent of total vegetation. These areas are not subject to intensive management such as tilling, but can be utilized for grazing. -9999 denotes NODATA.",percent,Land Cover
CAT_NLCD16_81,"2019 version of 2016 land-use and land-cover type Pasture/Hay: Areas of grasses, legumes, or grass-legume mixtures planted for livestock grazing or the production of seed or hay crops, typically on a perennial cycle. Pasture/hay vegetation accounts for greater than 20 percent of total vegetation. -9999 denotes NODATA.",percent,Land Cover
CAT_NLCD16_82,"2019 version of 2016 land-use and land-cover type Cultivated Crops: Areas used for the production of annual crops, such as corn, soybeans, vegetables, tobacco, and cotton, and also perennial woody crops such as orchards and vineyards. Crop vegetation accounts for greater than 20 percent of total vegetation. This class also includes all land being actively tilled. -9999 denotes NODATA.",percent,Land Cover
CAT_NLCD16_90,2019 version of 2016 land-use and land-cover type Woody Wetlands: Areas where forest or shrubland vegetation accounts for greater than 20 percent of vegetative cover and the soil or substrate is periodically saturated with or covered with water. -9999 denotes NODATA.,percent,Land Cover
CAT_NLCD16_95,2019 version of 2016 land-use and land-cover type Emergent Herbaceous Wetlands: Areas where perennial herbaceous vegetation accounts for greater than 80 percent of vegetative cover and the soil or substrate is periodically saturated with or covered with water. -9999 denotes NODATA.,percent,Land Cover
CAT_NLCD01_11,"2019 version of 2001 land-use and land-cover type Open Water: All areas of open water, generally with less than 25 percent cover of vegetation or soil. -9999 denotes NODATA.",percent,Land Cover
CAT_NLCD01_12,"2019 version of 2001 land-use and land-cover type Perennial Ice/Snow: All areas characterized by a perennial cover of ice and/or snow, generally greater than 25 percent of total cover. -9999 denotes NODATA.",percent,Land Cover
CAT_NLCD01_21,"2019 version of 2001 land-use and land-cover type Developed, Open Space: Includes areas with a mixture of some constructed materials, but mostly vegetation in the form of lawn grasses. Impervious surfaces account for less than 20 percent of total cover. These areas most commonly include large-lot single-family housing units, parks, golf courses, and vegetation planted in developed settings for recreation, erosion control, or aesthetic purposes. -9999 denotes NODATA.",percent,Land Cover
CAT_NLCD01_22,"2019 version of 2001 land-use and land-cover type Developed, Low Intensity: Includes areas with a mixture of constructed materials and vegetation. Impervious surfaces account for 20-49 percent of total cover. These areas most commonly include single-family housing units. -9999 denotes NODATA.",percent,Land Cover
CAT_NLCD01_23,"2019 version of 2001 land-use and land-cover type Developed, Medium Intensity: Includes areas with a mixture of constructed materials and vegetation. Impervious surfaces account for 50-79 percent of the total cover. These areas most commonly include single-family housing units. -9999 denotes NODATA.",percent,Land Cover
CAT_NLCD01_24,"2019 version of 2001 land-use and land-cover type Developed, High Intensity: Includes highly developed areas where people reside or work in high numbers. Examples include apartment complexes, row houses, and commercial/industrial. Impervious surfaces account for 80-100 percent of the total cover. -9999 denotes NODATA.",percent,Land Cover
CAT_NLCD01_31,"2019 version of 2001 land-use and land-cover type Barren Land (Rock/Sand/Clay): Barren areas of bedrock, desert pavement, scarps, talus, slides, volcanic material, glacial debris, sand dunes, strip mines, gravel pits, and other accumulations of earthen material. Generally, vegetation accounts for less than 15 percent of total cover. -9999 denotes NODATA.",percent,Land Cover
CAT_NLCD01_41,"2019 version of 2001 land-use and land-cover type Deciduous Forest: Areas dominated by trees generally greater than 5 meters tall, and greater than 20 percent of total vegetation cover. More than 75 percent of the tree species shed foliage simultaneously in response to seasonal change. -9999 denotes NODATA.",percent,Land Cover
CAT_NLCD01_42,"2019 version of 2001 land-use and land-cover type Evergreen Forest: Areas dominated by trees generally greater than 5 meters tall, and greater than 20 percent of total vegetation cover. More than 75 percent of the trees maintain their leaves all year. Canopy is never without green foliage. -9999 denotes NODATA.",percent,Land Cover
CAT_NLCD01_43,"2019 version of 2001 land-use and land-cover type Mixed Forest: Areas dominated by trees generally greater than 5 meters tall, and greater than 20 percent of total vegetation cover. Neither deciduous nor evergreen species are greater than 75 percent of total tree cover. -9999 denotes NODATA.",percent,Land Cover
CAT_NLCD01_52,"2019 version of 2001 land-use and land-cover type Shrub/Scrub: Areas dominated by shrubs less than 5 meters tall. Shrub canopy is typically greater than 20 percent of total vegetation. This class includes true shrubs, young trees in an early successional stage or trees stunted from environmental conditions. -9999 denotes NODATA.",percent,Land Cover
CAT_NLCD01_71,"2019 version of 2001 land-use and land-cover type Grassland/Herbaceous: Areas dominated by graminoid or herbaceous vegetation, generally greater than 80 percent of total vegetation. These areas are not subject to intensive management such as tilling, but can be utilized for grazing. -9999 denotes NODATA.",percent,Land Cover
CAT_NLCD01_81,"2019 version of 2001 land-use and land-cover type Pasture/Hay: Areas of grasses, legumes, or grass-legume mixtures planted for livestock grazing or the production of seed or hay crops, typically on a perennial cycle. Pasture/hay vegetation accounts for greater than 20 percent of total vegetation. -9999 denotes NODATA.",percent,Land Cover
CAT_NLCD01_82,"2019 version of 2001 land-use and land-cover type Cultivated Crops: Areas used for the production of annual crops, such as corn, soybeans, vegetables, tobacco, and cotton, and also perennial woody crops such as orchards and vineyards. Crop vegetation accounts for greater than 20 percent of total vegetation. This class also includes all land being actively tilled. -9999 denotes NODATA.",percent,Land Cover
CAT_NLCD01_90,2019 version of 2001 land-use and land-cover type Woody Wetlands: Areas where forest or shrubland vegetation accounts for greater than 20 percent of vegetative cover and the soil or substrate is periodically saturated with or covered with water. -9999 denotes NODATA.,percent,Land Cover
CAT_NLCD01_95,2019 version of 2001 land-use and land-cover type Emergent Herbaceous Wetlands: Areas where perennial herbaceous vegetation accounts for greater than 80 percent of vegetative cover and the soil or substrate is periodically saturated with or covered with water. -9999 denotes NODATA.,percent,Land Cover
CAT_NLCD11_11,"2019 version of 2011 land-use and land-cover type Open Water: All areas of open water, generally with less than 25 percent cover of vegetation or soil. -9999 denotes NODATA.",percent,Land Cover
CAT_NLCD11_12,"2019 version of 2011 land-use and land-cover type Perennial Ice/Snow: All areas characterized by a perennial cover of ice and/or snow, generally greater than 25 percent of total cover. -9999 denotes NODATA.",percent,Land Cover
CAT_NLCD11_21,"2019 version of 2011 land-use and land-cover type Developed, Open Space: Includes areas with a mixture of some constructed materials, but mostly vegetation in the form of lawn grasses. Impervious surfaces account for less than 20 percent of total cover. These areas most commonly include large-lot single-family housing units, parks, golf courses, and vegetation planted in developed settings for recreation, erosion control, or aesthetic purposes. -9999 denotes NODATA.",percent,Land Cover
CAT_NLCD11_22,"2019 version of 2011 land-use and land-cover type Developed, Low Intensity: Includes areas with a mixture of constructed materials and vegetation. Impervious surfaces account for 20-49 percent of total cover. These areas most commonly include single-family housing units. -9999 denotes NODATA.",percent,Land Cover
CAT_NLCD11_23,"2019 version of 2011 land-use and land-cover type Developed, Medium Intensity: Includes areas with a mixture of constructed materials and vegetation. Impervious surfaces account for 50-79 percent of the total cover. These areas most commonly include single-family housing units. -9999 denotes NODATA.",percent,Land Cover
CAT_NLCD11_24,"2019 version of 2011 land-use and land-cover type Developed, High Intensity: Includes highly developed areas where people reside or work in high numbers. Examples include apartment complexes, row houses, and commercial/industrial. Impervious surfaces account for 80-100 percent of the total cover. -9999 denotes NODATA.",percent,Land Cover
CAT_NLCD11_31,"2019 version of 2011 land-use and land-cover type Barren Land (Rock/Sand/Clay): Barren areas of bedrock, desert pavement, scarps, talus, slides, volcanic material, glacial debris, sand dunes, strip mines, gravel pits, and other accumulations of earthen material. Generally, vegetation accounts for less than 15 percent of total cover. -9999 denotes NODATA.",percent,Land Cover
CAT_NLCD11_41,"2019 version of 2011 land-use and land-cover type Deciduous Forest: Areas dominated by trees generally greater than 5 meters tall, and greater than 20 percent of total vegetation cover. More than 75 percent of the tree species shed foliage simultaneously in response to seasonal change. -9999 denotes NODATA.",percent,Land Cover
CAT_NLCD11_42,"2019 version of 2011 land-use and land-cover type Evergreen Forest: Areas dominated by trees generally greater than 5 meters tall, and greater than 20 percent of total vegetation cover. More than 75 percent of the trees maintain their leaves all year. Canopy is never without green foliage. -9999 denotes NODATA.",percent,Land Cover
CAT_NLCD11_43,"2019 version of 2011 land-use and land-cover type Mixed Forest: Areas dominated by trees generally greater than 5 meters tall, and greater than 20 percent of total vegetation cover. Neither deciduous nor evergreen species are greater than 75 percent of total tree cover. -9999 denotes NODATA.",percent,Land Cover
CAT_NLCD11_52,"2019 version of 2011 land-use and land-cover type Shrub/Scrub: Areas dominated by shrubs less than 5 meters tall. Shrub canopy is typically greater than 20 percent of total vegetation. This class includes true shrubs, young trees in an early successional stage or trees stunted from environmental conditions. -9999 denotes NODATA.",percent,Land Cover
CAT_NLCD11_71,"2019 version of 2011 land-use and land-cover type Grassland/Herbaceous: Areas dominated by graminoid or herbaceous vegetation, generally greater than 80 percent of total vegetation. These areas are not subject to intensive management such as tilling, but can be utilized for grazing. -9999 denotes NODATA.",percent,Land Cover
CAT_NLCD11_81,"2019 version of 2011 land-use and land-cover type Pasture/Hay: Areas of grasses, legumes, or grass-legume mixtures planted for livestock grazing or the production of seed or hay crops, typically on a perennial cycle. Pasture/hay vegetation accounts for greater than 20 percent of total vegetation. -9999 denotes NODATA.",percent,Land Cover
CAT_NLCD11_82,"2019 version of 2011 land-use and land-cover type Cultivated Crops: Areas used for the production of annual crops, such as corn, soybeans, vegetables, tobacco, and cotton, and also perennial woody crops such as orchards and vineyards. Crop vegetation accounts for greater than 20 percent of total vegetation. This class also includes all land being actively tilled. -9999 denotes NODATA.",percent,Land Cover
CAT_NLCD11_90,2019 version of 2011 land-use and land-cover type Woody Wetlands: Areas where forest or shrubland vegetation accounts for greater than 20 percent of vegetative cover and the soil or substrate is periodically saturated with or covered with water. -9999 denotes NODATA.,percent,Land Cover
CAT_NLCD11_95,2019 version of 2011 land-use and land-cover type Emergent Herbaceous Wetlands: Areas where perennial herbaceous vegetation accounts for greater than 80 percent of vegetative cover and the soil or substrate is periodically saturated with or covered with water. -9999 denotes NODATA.,percent,Land Cover
CAT_NLCD13_11,unknown,unknown,Land Cover
CAT_NLCD13_12,unknown,unknown,Land Cover
CAT_NLCD13_21,unknown,unknown,Land Cover
CAT_NLCD13_22,unknown,unknown,Land Cover
CAT_NLCD13_23,unknown,unknown,Land Cover
CAT_NLCD13_24,unknown,unknown,Land Cover
CAT_NLCD13_31,unknown,unknown,Land Cover
CAT_NLCD13_41,unknown,unknown,Land Cover
CAT_NLCD13_42,unknown,unknown,Land Cover
CAT_NLCD13_43,unknown,unknown,Land Cover
CAT_NLCD13_52,unknown,unknown,Land Cover
CAT_NLCD13_71,unknown,unknown,Land Cover
CAT_NLCD13_81,unknown,unknown,Land Cover
CAT_NLCD13_82,unknown,unknown,Land Cover
CAT_NLCD13_90,unknown,unknown,Land Cover
CAT_NLCD13_95,unknown,unknown,Land Cover
CAT_NLCD19_11,"2019 version of 2019 land-use and land-cover type Open Water: All areas of open water, generally with less than 25 percent cover of vegetation or soil. -9999 denotes NODATA.",percent,Land Cover
CAT_NLCD19_12,"2019 version of 2019 land-use and land-cover type Perennial Ice/Snow: All areas characterized by a perennial cover of ice and/or snow, generally greater than 25 percent of total cover. -9999 denotes NODATA.",percent,Land Cover
CAT_NLCD19_21,"2019 version of 2019 land-use and land-cover type Developed, Open Space: Includes areas with a mixture of some constructed materials, but mostly vegetation in the form of lawn grasses. Impervious surfaces account for less than 20 percent of total cover. These areas most commonly include large-lot single-family housing units, parks, golf courses, and vegetation planted in developed settings for recreation, erosion control, or aesthetic purposes. -9999 denotes NODATA.",percent,Land Cover
CAT_NLCD19_22,"2019 version of 2019 land-use and land-cover type Developed, Low Intensity: Includes areas with a mixture of constructed materials and vegetation. Impervious surfaces account for 20-49 percent of total cover. These areas most commonly include single-family housing units. -9999 denotes NODATA.",percent,Land Cover
CAT_NLCD19_23,"2019 version of 2019 land-use and land-cover type Developed, Medium Intensity: Includes areas with a mixture of constructed materials and vegetation. Impervious surfaces account for 50-79 percent of the total cover. These areas most commonly include single-family housing units. -9999 denotes NODATA.",percent,Land Cover
CAT_NLCD19_24,"2019 version of 2019 land-use and land-cover type Developed, High Intensity: Includes highly developed areas where people reside or work in high numbers. Examples include apartment complexes, row houses, and commercial/industrial. Impervious surfaces account for 80-100 percent of the total cover. -9999 denotes NODATA.",percent,Land Cover
CAT_NLCD19_31,"2019 version of 2019 land-use and land-cover type Barren Land (Rock/Sand/Clay): Barren areas of bedrock, desert pavement, scarps, talus, slides, volcanic material, glacial debris, sand dunes, strip mines, gravel pits, and other accumulations of earthen material. Generally, vegetation accounts for less than 15 percent of total cover. -9999 denotes NODATA.",percent,Land Cover
CAT_NLCD19_41,"2019 version of 2019 land-use and land-cover type Deciduous Forest: Areas dominated by trees generally greater than 5 meters tall, and greater than 20 percent of total vegetation cover. More than 75 percent of the tree species shed foliage simultaneously in response to seasonal change. -9999 denotes NODATA.",percent,Land Cover
CAT_NLCD19_42,"2019 version of 2019 land-use and land-cover type Evergreen Forest: Areas dominated by trees generally greater than 5 meters tall, and greater than 20 percent of total vegetation cover. More than 75 percent of the trees maintain their leaves all year. Canopy is never without green foliage. -9999 denotes NODATA.",percent,Land Cover
CAT_NLCD19_43,"2019 version of 2019 land-use and land-cover type Mixed Forest: Areas dominated by trees generally greater than 5 meters tall, and greater than 20 percent of total vegetation cover. Neither deciduous nor evergreen species are greater than 75 percent of total tree cover. -9999 denotes NODATA.",percent,Land Cover
CAT_NLCD19_52,"2019 version of 2019 land-use and land-cover type Shrub/Scrub: Areas dominated by shrubs less than 5 meters tall. Shrub canopy is typically greater than 20 percent of total vegetation. This class includes true shrubs, young trees in an early successional stage or trees stunted from environmental conditions. -9999 denotes NODATA.",percent,Land Cover
CAT_NLCD19_71,"2019 version of 2019 land-use and land-cover type Grassland/Herbaceous: Areas dominated by graminoid or herbaceous vegetation, generally greater than 80 percent of total vegetation. These areas are not subject to intensive management such as tilling, but can be utilized for grazing. -9999 denotes NODATA.",percent,Land Cover
CAT_NLCD19_81,"2019 version of 2019 land-use and land-cover type Pasture/Hay: Areas of grasses, legumes, or grass-legume mixtures planted for livestock grazing or the production of seed or hay crops, typically on a perennial cycle. Pasture/hay vegetation accounts for greater than 20 percent of total vegetation. -9999 denotes NODATA.",percent,Land Cover
CAT_NLCD19_82,"2019 version of 2019 land-use and land-cover type Cultivated Crops: Areas used for the production of annual crops, such as corn, soybeans, vegetables, tobacco, and cotton, and also perennial woody crops such as orchards and vineyards. Crop vegetation accounts for greater than 20 percent of total vegetation. This class also includes all land being actively tilled. -9999 denotes NODATA.",percent,Land Cover
CAT_NLCD19_90,2019 version of 2019 land-use and land-cover type Woody Wetlands: Areas where forest or shrubland vegetation accounts for greater than 20 percent of vegetative cover and the soil or substrate is periodically saturated with or covered with water. -9999 denotes NODATA.,percent,Land Cover
CAT_NLCD19_95,2019 version of 2019 land-use and land-cover type Emergent Herbaceous Wetlands: Areas where perennial herbaceous vegetation accounts for greater than 80 percent of vegetative cover and the soil or substrate is periodically saturated with or covered with water. -9999 denotes NODATA.,percent,Land Cover
CAT_NLCD08_11,"2019 version of 2008 land-use and land-cover type Open Water: All areas of open water, generally with less than 25 percent cover of vegetation or soil. -9999 denotes NODATA.",percent,Land Cover
CAT_NLCD08_12,"2019 version of 2008 land-use and land-cover type Perennial Ice/Snow: All areas characterized by a perennial cover of ice and/or snow, generally greater than 25 percent of total cover. -9999 denotes NODATA.",percent,Land Cover
CAT_NLCD08_21,"2019 version of 2008 land-use and land-cover type Developed, Open Space: Includes areas with a mixture of some constructed materials, but mostly vegetation in the form of lawn grasses. Impervious surfaces account for less than 20 percent of total cover. These areas most commonly include large-lot single-family housing units, parks, golf courses, and vegetation planted in developed settings for recreation, erosion control, or aesthetic purposes. -9999 denotes NODATA.",percent,Land Cover
CAT_NLCD08_22,"2019 version of 2008 land-use and land-cover type Developed, Low Intensity: Includes areas with a mixture of constructed materials and vegetation. Impervious surfaces account for 20-49 percent of total cover. These areas most commonly include single-family housing units. -9999 denotes NODATA.",percent,Land Cover
CAT_NLCD08_23,"2019 version of 2008 land-use and land-cover type Developed, Medium Intensity: Includes areas with a mixture of constructed materials and vegetation. Impervious surfaces account for 50-79 percent of the total cover. These areas most commonly include single-family housing units. -9999 denotes NODATA.",percent,Land Cover
CAT_NLCD08_24,"2019 version of 2008 land-use and land-cover type Developed, High Intensity: Includes highly developed areas where people reside or work in high numbers. Examples include apartment complexes, row houses, and commercial/industrial. Impervious surfaces account for 80-100 percent of the total cover. -9999 denotes NODATA.",percent,Land Cover
CAT_NLCD08_31,"2019 version of 2008 land-use and land-cover type Barren Land (Rock/Sand/Clay): Barren areas of bedrock, desert pavement, scarps, talus, slides, volcanic material, glacial debris, sand dunes, strip mines, gravel pits, and other accumulations of earthen material. Generally, vegetation accounts for less than 15 percent of total cover. -9999 denotes NODATA.",percent,Land Cover
CAT_NLCD08_41,"2019 version of 2008 land-use and land-cover type Deciduous Forest: Areas dominated by trees generally greater than 5 meters tall, and greater than 20 percent of total vegetation cover. More than 75 percent of the tree species shed foliage simultaneously in response to seasonal change. -9999 denotes NODATA.",percent,Land Cover
CAT_NLCD08_42,"2019 version of 2008 land-use and land-cover type Evergreen Forest: Areas dominated by trees generally greater than 5 meters tall, and greater than 20 percent of total vegetation cover. More than 75 percent of the trees maintain their leaves all year. Canopy is never without green foliage. -9999 denotes NODATA.",percent,Land Cover
CAT_NLCD08_43,"2019 version of 2008 land-use and land-cover type Mixed Forest: Areas dominated by trees generally greater than 5 meters tall, and greater than 20 percent of total vegetation cover. Neither deciduous nor evergreen species are greater than 75 percent of total tree cover. -9999 denotes NODATA.",percent,Land Cover
CAT_NLCD08_52,"2019 version of 2008 land-use and land-cover type Shrub/Scrub: Areas dominated by shrubs less than 5 meters tall. Shrub canopy is typically greater than 20 percent of total vegetation. This class includes true shrubs, young trees in an early successional stage or trees stunted from environmental conditions. -9999 denotes NODATA.",percent,Land Cover
CAT_NLCD08_71,"2019 version of 2008 land-use and land-cover type Grassland/Herbaceous: Areas dominated by graminoid or herbaceous vegetation, generally greater than 80 percent of total vegetation. These areas are not subject to intensive management such as tilling, but can be utilized for grazing. -9999 denotes NODATA.",percent,Land Cover
CAT_NLCD08_81,"2019 version of 2008 land-use and land-cover type Pasture/Hay: Areas of grasses, legumes, or grass-legume mixtures planted for livestock grazing or the production of seed or hay crops, typically on a perennial cycle. Pasture/hay vegetation accounts for greater than 20 percent of total vegetation. -9999 denotes NODATA.",percent,Land Cover
CAT_NLCD08_82,"2019 version of 2008 land-use and land-cover type Cultivated Crops: Areas used for the production of annual crops, such as corn, soybeans, vegetables, tobacco, and cotton, and also perennial woody crops such as orchards and vineyards. Crop vegetation accounts for greater than 20 percent of total vegetation. This class also includes all land being actively tilled. -9999 denotes NODATA.",percent,Land Cover
CAT_NLCD08_90,2019 version of 2008 land-use and land-cover type Woody Wetlands: Areas where forest or shrubland vegetation accounts for greater than 20 percent of vegetative cover and the soil or substrate is periodically saturated with or covered with water. -9999 denotes NODATA.,percent,Land Cover
CAT_NLCD08_95,2019 version of 2008 land-use and land-cover type Emergent Herbaceous Wetlands: Areas where perennial herbaceous vegetation accounts for greater than 80 percent of vegetative cover and the soil or substrate is periodically saturated with or covered with water. -9999 denotes NODATA.,percent,Land Cover
CAT_NLCD04_11,"2019 version of 2004 land-use and land-cover type Open Water: All areas of open water, generally with less than 25 percent cover of vegetation or soil. -9999 denotes NODATA.",percent,Land Cover
CAT_NLCD04_12,"2019 version of 2004 land-use and land-cover type Perennial Ice/Snow: All areas characterized by a perennial cover of ice and/or snow, generally greater than 25 percent of total cover. -9999 denotes NODATA.",percent,Land Cover
CAT_NLCD04_21,"2019 version of 2004 land-use and land-cover type Developed, Open Space: Includes areas with a mixture of some constructed materials, but mostly vegetation in the form of lawn grasses. Impervious surfaces account for less than 20 percent of total cover. These areas most commonly include large-lot single-family housing units, parks, golf courses, and vegetation planted in developed settings for recreation, erosion control, or aesthetic purposes. -9999 denotes NODATA.",percent,Land Cover
CAT_NLCD04_22,"2019 version of 2004 land-use and land-cover type Developed, Low Intensity: Includes areas with a mixture of constructed materials and vegetation. Impervious surfaces account for 20-49 percent of total cover. These areas most commonly include single-family housing units. -9999 denotes NODATA.",percent,Land Cover
CAT_NLCD04_23,"2019 version of 2004 land-use and land-cover type Developed, Medium Intensity: Includes areas with a mixture of constructed materials and vegetation. Impervious surfaces account for 50-79 percent of the total cover. These areas most commonly include single-family housing units. -9999 denotes NODATA.",percent,Land Cover
CAT_NLCD04_24,"2019 version of 2004 land-use and land-cover type Developed, High Intensity: Includes highly developed areas where people reside or work in high numbers. Examples include apartment complexes, row houses, and commercial/industrial. Impervious surfaces account for 80-100 percent of the total cover. -9999 denotes NODATA.",percent,Land Cover
CAT_NLCD04_31,"2019 version of 2004 land-use and land-cover type Barren Land (Rock/Sand/Clay): Barren areas of bedrock, desert pavement, scarps, talus, slides, volcanic material, glacial debris, sand dunes, strip mines, gravel pits, and other accumulations of earthen material. Generally, vegetation accounts for less than 15 percent of total cover. -9999 denotes NODATA.",percent,Land Cover
CAT_NLCD04_41,"2019 version of 2004 land-use and land-cover type Deciduous Forest: Areas dominated by trees generally greater than 5 meters tall, and greater than 20 percent of total vegetation cover. More than 75 percent of the tree species shed foliage simultaneously in response to seasonal change. -9999 denotes NODATA.",percent,Land Cover
CAT_NLCD04_42,"2019 version of 2004 land-use and land-cover type Evergreen Forest: Areas dominated by trees generally greater than 5 meters tall, and greater than 20 percent of total vegetation cover. More than 75 percent of the trees maintain their leaves all year. Canopy is never without green foliage. -9999 denotes NODATA.",percent,Land Cover
CAT_NLCD04_43,"2019 version of 2004 land-use and land-cover type Mixed Forest: Areas dominated by trees generally greater than 5 meters tall, and greater than 20 percent of total vegetation cover. Neither deciduous nor evergreen species are greater than 75 percent of total tree cover. -9999 denotes NODATA.",percent,Land Cover
CAT_NLCD04_52,"2019 version of 2004 land-use and land-cover type Shrub/Scrub: Areas dominated by shrubs less than 5 meters tall. Shrub canopy is typically greater than 20 percent of total vegetation. This class includes true shrubs, young trees in an early successional stage or trees stunted from environmental conditions. -9999 denotes NODATA.",percent,Land Cover
CAT_NLCD04_71,"2019 version of 2004 land-use and land-cover type Grassland/Herbaceous: Areas dominated by graminoid or herbaceous vegetation, generally greater than 80 percent of total vegetation. These areas are not subject to intensive management such as tilling, but can be utilized for grazing. -9999 denotes NODATA.",percent,Land Cover
CAT_NLCD04_81,"2019 version of 2004 land-use and land-cover type Pasture/Hay: Areas of grasses, legumes, or grass-legume mixtures planted for livestock grazing or the production of seed or hay crops, typically on a perennial cycle. Pasture/hay vegetation accounts for greater than 20 percent of total vegetation. -9999 denotes NODATA.",percent,Land Cover
CAT_NLCD04_82,"2019 version of 2004 land-use and land-cover type Cultivated Crops: Areas used for the production of annual crops, such as corn, soybeans, vegetables, tobacco, and cotton, and also perennial woody crops such as orchards and vineyards. Crop vegetation accounts for greater than 20 percent of total vegetation. This class also includes all land being actively tilled. -9999 denotes NODATA.",percent,Land Cover
CAT_NLCD04_90,2019 version of 2004 land-use and land-cover type Woody Wetlands: Areas where forest or shrubland vegetation accounts for greater than 20 percent of vegetative cover and the soil or substrate is periodically saturated with or covered with water. -9999 denotes NODATA.,percent,Land Cover
CAT_NLCD04_95,2019 version of 2004 land-use and land-cover type Emergent Herbaceous Wetlands: Areas where perennial herbaceous vegetation accounts for greater than 80 percent of vegetative cover and the soil or substrate is periodically saturated with or covered with water. -9999 denotes NODATA.,percent,Land Cover
CAT_NLCD06_11,"2019 version of 2006 land-use and land-cover type Open Water: All areas of open water, generally with less than 25 percent cover of vegetation or soil. -9999 denotes NODATA.",percent,Land Cover
CAT_NLCD06_12,"2019 version of 2006 land-use and land-cover type Perennial Ice/Snow: All areas characterized by a perennial cover of ice and/or snow, generally greater than 25 percent of total cover. -9999 denotes NODATA.",percent,Land Cover
CAT_NLCD06_21,"2019 version of 2006 land-use and land-cover type Developed, Open Space: Includes areas with a mixture of some constructed materials, but mostly vegetation in the form of lawn grasses. Impervious surfaces account for less than 20 percent of total cover. These areas most commonly include large-lot single-family housing units, parks, golf courses, and vegetation planted in developed settings for recreation, erosion control, or aesthetic purposes. -9999 denotes NODATA.",percent,Land Cover
CAT_NLCD06_22,"2019 version of 2006 land-use and land-cover type Developed, Low Intensity: Includes areas with a mixture of constructed materials and vegetation. Impervious surfaces account for 20-49 percent of total cover. These areas most commonly include single-family housing units. -9999 denotes NODATA.",percent,Land Cover
CAT_NLCD06_23,"2019 version of 2006 land-use and land-cover type Developed, Medium Intensity: Includes areas with a mixture of constructed materials and vegetation. Impervious surfaces account for 50-79 percent of the total cover. These areas most commonly include single-family housing units. -9999 denotes NODATA.",percent,Land Cover
CAT_NLCD06_24,"2019 version of 2006 land-use and land-cover type Developed, High Intensity: Includes highly developed areas where people reside or work in high numbers. Examples include apartment complexes, row houses, and commercial/industrial. Impervious surfaces account for 80-100 percent of the total cover. -9999 denotes NODATA.",percent,Land Cover
CAT_NLCD06_31,"2019 version of 2006 land-use and land-cover type Barren Land (Rock/Sand/Clay): Barren areas of bedrock, desert pavement, scarps, talus, slides, volcanic material, glacial debris, sand dunes, strip mines, gravel pits, and other accumulations of earthen material. Generally, vegetation accounts for less than 15 percent of total cover. -9999 denotes NODATA.",percent,Land Cover
CAT_NLCD06_41,"2019 version of 2006 land-use and land-cover type Deciduous Forest: Areas dominated by trees generally greater than 5 meters tall, and greater than 20 percent of total vegetation cover. More than 75 percent of the tree species shed foliage simultaneously in response to seasonal change. -9999 denotes NODATA.",percent,Land Cover
CAT_NLCD06_42,"2019 version of 2006 land-use and land-cover type Evergreen Forest: Areas dominated by trees generally greater than 5 meters tall, and greater than 20 percent of total vegetation cover. More than 75 percent of the trees maintain their leaves all year. Canopy is never without green foliage. -9999 denotes NODATA.",percent,Land Cover
CAT_NLCD06_43,"2019 version of 2006 land-use and land-cover type Mixed Forest: Areas dominated by trees generally greater than 5 meters tall, and greater than 20 percent of total vegetation cover. Neither deciduous nor evergreen species are greater than 75 percent of total tree cover. -9999 denotes NODATA.",percent,Land Cover
CAT_NLCD06_52,"2019 version of 2006 land-use and land-cover type Shrub/Scrub: Areas dominated by shrubs less than 5 meters tall. Shrub canopy is typically greater than 20 percent of total vegetation. This class includes true shrubs, young trees in an early successional stage or trees stunted from environmental conditions. -9999 denotes NODATA.",percent,Land Cover
CAT_NLCD06_71,"2019 version of 2006 land-use and land-cover type Grassland/Herbaceous: Areas dominated by graminoid or herbaceous vegetation, generally greater than 80 percent of total vegetation. These areas are not subject to intensive management such as tilling, but can be utilized for grazing. -9999 denotes NODATA.",percent,Land Cover
CAT_NLCD06_81,"2019 version of 2006 land-use and land-cover type Pasture/Hay: Areas of grasses, legumes, or grass-legume mixtures planted for livestock grazing or the production of seed or hay crops, typically on a perennial cycle. Pasture/hay vegetation accounts for greater than 20 percent of total vegetation. -9999 denotes NODATA.",percent,Land Cover
CAT_NLCD06_82,"2019 version of 2006 land-use and land-cover type Cultivated Crops: Areas used for the production of annual crops, such as corn, soybeans, vegetables, tobacco, and cotton, and also perennial woody crops such as orchards and vineyards. Crop vegetation accounts for greater than 20 percent of total vegetation. This class also includes all land being actively tilled. -9999 denotes NODATA.",percent,Land Cover
CAT_NLCD06_90,2019 version of 2006 land-use and land-cover type Woody Wetlands: Areas where forest or shrubland vegetation accounts for greater than 20 percent of vegetative cover and the soil or substrate is periodically saturated with or covered with water. -9999 denotes NODATA.,percent,Land Cover
CAT_NLCD06_95,2019 version of 2006 land-use and land-cover type Emergent Herbaceous Wetlands: Areas where perennial herbaceous vegetation accounts for greater than 80 percent of vegetative cover and the soil or substrate is periodically saturated with or covered with water. -9999 denotes NODATA.,percent,Land Cover
CAT_Dry,30 year (1981-2010) annual average duration of consecutive dry days where a dry event is defined as a period when the number of consecutive days with precipitation equals 0 millimeters,days per event,Climate
CAT_Wet,30 year (1981-2010) annual average duration of consecutive wet days where a wet event is defined as a period when the number of consecutive days with precipitation equals or exceeds 1 millimeter,days per event,Climate
CAT_DryEvent,30 year (1981-2010) annual average number of occurrences of dry events where a dry event is defined as a period when the number of consecutive days where precipitation equals 0 millimeters,occurrences,Climate
CAT_WetEvent,30 year (1981-2010) annual average number of occurrences of wet events. A wet event is defined as a period when the number of consecutive days where precipitation equals or exceeds 1 millimeter,occurrences,Climate
CAT_Intensity,30 year (1981-2010) annual average of daily intensity of precipitation for a rain event where a rain event is defined as a period where there are consecutive days with precipitation equals to or exceeding 1 millimeter and daily precipitation intensity is defined as the amount of precipitation over the duration of a rain event divided by the number of days in a rain event,millimeters per day,Climate
CAT_DryMax,30 year (1981 - 2010) average of annual maximum duration of consecutive dry days per event,days,Climate
CAT_WetMax,30 year (1981 - 2010) average of annual maximum duration of consecutive wet days per event,days,Climate
CAT_PPT7100_SEP,30 year (1971 - 2000) catchment mean of September precipitation (mm) from 800m PRISM data,millimeters,Climate
CAT_PPT7100_MAR,30 year (1971 - 2000) catchment mean of March precipitation (mm) from 800m PRISM data,millimeters,Climate
CAT_PPT7100_FEB,30 year (1971 - 2000) catchment mean of February precipitation (mm) from 800m PRISM data,millimeters,Climate
CAT_PPT7100_MAY,30 year (1971 - 2000) catchment mean of May precipitation (mm) from 800m PRISM data,millimeters,Climate
CAT_PPT7100_DEC,30 year (1971 - 2000) catchment mean of December precipitation (mm) from 800m PRISM data,millimeters,Climate
CAT_PPT7100_OCT,30 year (1971 - 2000) catchment mean of October precipitation (mm) from 800m PRISM data,millimeters,Climate
CAT_PPT7100_APR,30 year (1971 - 2000) catchment mean of April precipitation (mm) from 800m PRISM data,millimeters,Climate
CAT_PPT7100_AUG,30 year (1971 - 2000) catchment mean of August precipitation (mm) from 800m PRISM data,millimeters,Climate
CAT_PPT7100_NOV,30 year (1971 - 2000) catchment mean of November precipitation (mm) from 800m PRISM data,millimeters,Climate
CAT_PPT7100_JAN,30 year (1971 - 2000) catchment mean of January precipitation (mm) from 800m PRISM data,millimeters,Climate
CAT_PPT7100_JUL,30 year (1971 - 2000) catchment mean of July precipitation (mm) from 800m PRISM data,millimeters,Climate
CAT_PPT7100_JUN,30 year (1971 - 2000) catchment mean of June precipitation (mm) from 800m PRISM data,millimeters,Climate
