Row,uid_a,uid_b,decision,decided_by,note,name_a,name_b,proposed,sep_m,on_channel,shared_days,r,median_diff,channels_a,channels_b,agree_a,agree_b,seam
1,USGS:393812105453801,USGS:393812105453803,,,,LC-1203-L LEAV CK LFT BK INF 1203M DS FR INJ WCX T,LEAVENWORTH CR DIEL SAMPLING SITE LV1 JUNE2012,sequential,0.93,spec_cond,0.0,,,water_temp+spec_cond+ph,water_temp+spec_cond+diss_oxy+ph,True,True,2012-06-22..2012-08-27
2,USGS:393810105453901,USGS:393812105453803,,,,LC-1137-S T2 LEAVENWORTH CK 1137M DS FR INJ,LEAVENWORTH CR DIEL SAMPLING SITE LV1 JUNE2012,sequential,67.44,spec_cond,0.0,,,water_temp+spec_cond+ph,water_temp+spec_cond+diss_oxy+ph,True,True,2012-06-22..2012-08-27
3,USGS:03039040,USGS:03039041,,,,"Allegheny River at Lock & Dam 5 near Freeport, PA","Allegheny River bl Lock & Dam 5 near Freeport, PA",sequential,131.85,spec_cond,0.0,,,gage_height+water_temp+spec_cond,gage_height+water_temp+spec_cond+diss_oxy,True,True,2017-12-19..2018-05-30
4,USGS:404320073072601,USGS:404327073072701,,,,"Great South Bay 10 near Connetquot River, NY",GREAT SOUTH BAY 1 of 3 NEAR GREAT RIVER NY,sequential,219.01,diss_oxy,0.0,,,water_temp+diss_oxy,diss_oxy,,,2015-09-19..2016-08-08
5,USGS:03072655,USGS:03072656,,,,"Monongahela River near Masontown, PA","Monongahela River (lower pool) near Masontown, PA",sequential,227.35,gage_height,0.0,,,discharge+gage_height,gage_height,True,True,2010-09-23..2015-09-29
6,USGS:401347074003501,USGS:401352074002701,,,,Deal lake at Railroad Bridge at Asbury Park NJ,Deal Lake 150 ft east of Main St at Interlaken NJ,sequential,255.95,spec_cond,0.0,,,water_temp+spec_cond+turbidity_fnu+diss_oxy+ph,water_temp+spec_cond+turbidity_fnu+diss_oxy+ph,True,True,2022-10-03..2023-09-12
7,USGS:06893619,USGS:06893620,,,,"Rock Creek at E Wilson Road in Independence, MO","Rock Creek at Kentucky Road in Independence, MO",sequential,327.21,discharge,0.0,,,discharge+gage_height+water_temp+spec_cond+turbidity_fnu+diss_oxy,discharge+gage_height+water_temp+spec_cond+turbidity_fnu+diss_oxy+ph,True,True,2024-07-03..2024-10-29
8,USGS:03400798,USGS:03400800,,,,"MARTINS FORK LK AT MARTINS FK DAM NR SMITH, KY","MARTINS FORK NEAR SMITH, KY",sequential,343.22,gage_height,0.0,,,gage_height+water_temp,discharge+gage_height+water_temp+spec_cond+diss_oxy+ph,True,True,2016-03-18..2017-07-15
9,USGS:03311500,USGS:03311505,,,,"GREEN RIVER AT LOCK 6 AT BROWNSVILLE, KY","GREEN RIVER AT WATER PLANT AT BROWNSVILLE, KY",sequential,438.84,water_temp,0.0,,,water_temp,water_temp,True,True,2014-11-29..2023-08-17
10,USGS:401349074000601,USGS:401352074002701,,,,Deal lake DS of Park Ave at Asbury Park NJ,Deal Lake 150 ft east of Main St at Interlaken NJ,sequential,512.92,spec_cond,0.0,,,water_temp+spec_cond+turbidity_fnu+diss_oxy+ph,water_temp+spec_cond+turbidity_fnu+diss_oxy+ph,True,True,2023-04-04..2023-09-12
11,USGS:06470590,USGS:06470595,,,,"LAKE LAMOURE SOUTH OF LAMOURE, ND","COTTONWOOD CREEK BELOW LAKE LAMOURE, ND",sequential,539.72,gage_height,0.0,,,gage_height,gage_height,False,True,2009-05-18..2009-06-03
12,USGS:05531044,USGS:05531045,,,,"SALT CREEK NEAR ELK GROVE VILLAGE, IL","SALT CREEK AT ELK GROVE VILLAGE, IL",sequential,543.94,discharge,0.0,,,discharge+gage_height,discharge+gage_height,False,True,2015-10-31..2015-11-02
13,USGS:01362350,USGS:01362352,,,,STONY CLOVE CREEK AT CHICHESTER NY,STONY CLOVE CR ABV WARNER CR AT CHICHESTER NY,sequential,636.13,turbidity_fnu,0.0,,,turbidity_fnu,turbidity_fnu,True,True,2021-03-17..2021-07-06
14,USGS:05357205,USGS:05357206,,,,"ALLEQUASH CREEK NEAR SAYNER, WI","ALLEQUASH CREEK SITE NO. 3 NR BOULDER JUNCTION, WI",sequential,684.51,discharge,0.0,,,discharge+gage_height+water_temp+spec_cond+turbidity_fnu+diss_oxy+ph,discharge+gage_height+water_temp,True,True,2023-04-15..2021-07-22
15,USGS:391043084343500,USGS:391059084345500,,,,M Branch Shepherd Creek at RM 0.15 near Mt Airy OH,W Branch Shepherd Creek at RM 0.40 near Mt Airy OH,sequential,690.14,discharge,0.0,,,discharge,discharge,True,True,2009-04-28..2009-12-02
16,USGS:393812105453803,USGS:393827105451601,,,,LEAVENWORTH CR DIEL SAMPLING SITE LV1 JUNE2012,LC-2023-S T3 LEAVENWORTH CK 2023M DS FR INJ,sequential,699.11,spec_cond,0.0,,,water_temp+spec_cond+diss_oxy+ph,water_temp+spec_cond+diss_oxy+ph,True,True,2012-06-22..2012-08-27
17,USGS:03146402,USGS:03146405,,,,N. Fk. Licking River at E. Main St. at Newark OH,"North Fork Licking River at Ohio Street, Newark OH",sequential,715.25,discharge,0.0,,,discharge,discharge+gage_height,True,True,2010-09-28..2010-11-30
18,USGS:401330074001201,USGS:401352074002701,,,,Sunset Lake east of Heck St at Asbury Park NJ,Deal Lake 150 ft east of Main St at Interlaken NJ,sequential,789.42,spec_cond,0.0,,,water_temp+spec_cond+turbidity_fnu+diss_oxy+ph,water_temp+spec_cond+turbidity_fnu+diss_oxy+ph,True,True,2023-04-04..2023-09-12
19,USGS:401350073595201,USGS:401352074002701,,,,Deal Lake at Flume House at Asbury Park NJ,Deal Lake 150 ft east of Main St at Interlaken NJ,sequential,832.02,spec_cond,0.0,,,water_temp+spec_cond+turbidity_fnu+diss_oxy+ph,water_temp+spec_cond+turbidity_fnu+diss_oxy+ph,True,True,2023-04-04..2023-09-12
20,USGS:01407639,USGS:401347074003501,,,,Harvey Brook US Corlies Av at Allenhurst NJ,Deal lake at Railroad Bridge at Asbury Park NJ,sequential,905.65,spec_cond,0.0,,,water_temp+spec_cond+turbidity_fnu+diss_oxy+ph,water_temp+spec_cond+turbidity_fnu+diss_oxy+ph,True,True,2022-10-03..2023-09-12
21,USGS:05532600,USGS:414757087490401,,,,"DES PLAINES RIVER AT LYONS, IL","SUMMIT CONDUIT AT SUMMIT, IL",sequential,944.14,gage_height,0.0,,,gage_height,discharge+gage_height,True,True,2013-02-27..2013-10-20
22,USGS:01407639,USGS:401349074000601,,,,Harvey Brook US Corlies Av at Allenhurst NJ,Deal lake DS of Park Ave at Asbury Park NJ,sequential,978.63,spec_cond,0.0,,,water_temp+spec_cond+turbidity_fnu+diss_oxy+ph,water_temp+spec_cond+turbidity_fnu+diss_oxy+ph,True,True,2023-04-04..2023-09-12
23,USGS:391435106230801,USGS:391504106225200,,,,SIWATCH MINE DRAINAGE TUNNEL BLW TURQ LAKE NR LEAD,DINERO MINE DRAINAGE TUNNEL BLW TURQUOISE LK NR LE,sequential,979.57,discharge,0.0,,,discharge,discharge,True,True,2009-06-27..2009-06-30
24,USGS:01407639,USGS:401350073595201,,,,Harvey Brook US Corlies Av at Allenhurst NJ,Deal Lake at Flume House at Asbury Park NJ,sequential,1168.99,spec_cond,0.0,,,water_temp+spec_cond+turbidity_fnu+diss_oxy+ph,water_temp+spec_cond+turbidity_fnu+diss_oxy+ph,True,True,2023-04-04..2023-09-12
25,USGS:01359133,USGS:01359135,,,,PATROON CR AT NORTHERN BLVD AT ALBANY NY,PATROON CREEK AT ALBANY NY,sequential,1244.08,discharge,0.0,,,discharge,discharge,True,True,2009-03-29..2018-12-20
26,USGS:404153073030701,USGS:404226073034201,,,,GREAT SOUTH BAY 3 of 3 NEAR SAYVILLE NY,"Great South Bay 6 near Browns River, NY",sequential,1310.61,diss_oxy,0.0,,,diss_oxy,water_temp+diss_oxy,,,2015-09-19..2016-07-26
27,USGS:0205491522,USGS:0205492550,,,,"ROANOKE RIVER AT BRIDGE STREET BR AT ROANOKE, VA","ROANOKE RIVER AT MEMORIAL AVE BR AT ROANOKE, VA",sequential,1383.77,spec_cond,0.0,,,water_temp+spec_cond+turbidity_fnu+ph,water_temp+spec_cond+turbidity_fnu+ph,True,True,2008-09-30..2008-10-03
28,USGS:01407639,USGS:401330074001201,,,,Harvey Brook US Corlies Av at Allenhurst NJ,Sunset Lake east of Heck St at Asbury Park NJ,sequential,1476.29,spec_cond,0.0,,,water_temp+spec_cond+turbidity_fnu+diss_oxy+ph,water_temp+spec_cond+turbidity_fnu+diss_oxy+ph,True,True,2023-04-04..2023-09-12
29,USGS:404149073051301,USGS:404211073061701,,,,GREAT SOUTH BAY 2 of 3 NEAR WEST SAYVILLE NY,"Great South Bay 13 near Connetquot River, NY",sequential,1639.44,diss_oxy,0.0,,,diss_oxy,water_temp+diss_oxy,,,2015-09-19..2016-07-26
30,USGS:05536356,USGS:05536357,,,,"GRAND CALUMET RIVER AT COLUMBIA AV AT HAMMOND, IN","GRAND CALUMET RIVER AT HOHMAN AV AT HAMMOND, IN",sequential,1644.18,discharge,0.0,,,nitrate+discharge+gage_height+water_temp+spec_cond+turbidity_fnu+diss_oxy+ph+fchl+orthophosphate,discharge,True,True,2020-11-15..2020-11-20
31,USGS:05536085,USGS:05536105,,,,"NB CHICAGO RIVER AT N PULASKI ROAD AT CHICAGO, IL","NB CHICAGO RIVER AT ALBANY AVENUE AT CHICAGO, IL",sequential,1852.71,discharge,0.0,,,discharge+gage_height,discharge+gage_height,True,True,2018-04-17..2018-04-20
32,USGS:461656096430500,USGS:461744096440200,,,,"ANTELOPE CREEK TRIBUTARY NEAR DWIGHT, ND","ANTELOPE CR TRIB NR DWIGHT, ND ALTERNATE SITE",sequential,1932.95,gage_height,0.0,,,gage_height,gage_height,True,True,2009-04-03..2011-03-21
33,USGS:430338089295701,USGS:430402089282000,,,,"DETENTION POND OUTLET AT MEMORIAL HS @ MADISON, WI","SOUTH KENOSHA DRIVE STORM SEWER AT MADISON, WI",sequential,2313.81,discharge,0.0,,,discharge,discharge,False,False,2013-04-13..2023-08-17
34,USGS:03284530,USGS:03284533,,,,"EAST HICKMAN CR AT DELONG RD NR EAST HICKMAN, KY","EAST HICKMAN CR AT TATES CR RD NR EAST HICKMAN, KY",sequential,2408.26,discharge,0.0,,,discharge,discharge+gage_height+water_temp+spec_cond+diss_oxy+ph,True,True,2012-06-10..2014-02-04
35,USGS:300034090055300,USGS:300138090064700,,,,"City Park West Lagoon at New Orleans, LA","New Canal Lighthouse at New Orleans, LA",sequential,2447.11,spec_cond,0.0,,,gage_height+water_temp+spec_cond+diss_oxy,nitrate+water_temp+spec_cond+turbidity_fnu+diss_oxy+ph+fchl+fpc,True,True,2015-07-29..2020-12-01
36,USGS:03123499,USGS:03292550,,,,"BRADLEY CREEK AT LOUISVILLE, KY","S FK BEARGRASS CREEK AT E OAK ST AT LOUISVILLE, KY",sequential,2626.18,spec_cond,0.0,,,nitrate+water_temp+spec_cond+turbidity_fnu+diss_oxy+ph,discharge+gage_height+water_temp+spec_cond+diss_oxy+ph,True,True,2019-10-31..2025-07-09
37,USGS:393827105451601,USGS:393947105442501,,,,LC-2023-S T3 LEAVENWORTH CK 2023M DS FR INJ,LEAVENWORTH CR DIEL SAMPLING SITE LV2 JUNE2012,sequential,2766.48,spec_cond,0.0,,,water_temp+spec_cond+diss_oxy+ph,water_temp+spec_cond+diss_oxy+ph,True,True,2012-06-22..2012-08-27
38,USGS:404149073051301,USGS:404213073070801,,,,GREAT SOUTH BAY 2 of 3 NEAR WEST SAYVILLE NY,"Great South Bay 14 near Connetquot River, NY",sequential,2779.03,diss_oxy,0.0,,,diss_oxy,water_temp+diss_oxy,,,2015-09-19..2016-07-26
39,USGS:404149073051301,USGS:404253073065101,,,,GREAT SOUTH BAY 2 of 3 NEAR WEST SAYVILLE NY,"Great South Bay 11 near Connetquot River, NY",sequential,3027.74,diss_oxy,0.0,,,diss_oxy,water_temp+diss_oxy,,,2015-09-19..2016-08-08
40,USGS:300602090375100,USGS:300740090382500,,,,CRMS5373-H01-RT,"Maurepas Swamp nr Hope Canal, N of Garyville, La",sequential,3145.55,spec_cond,0.0,,,gage_height+water_temp+spec_cond,gage_height+water_temp+spec_cond+diss_oxy+ph,True,True,2024-12-05..2025-06-06
41,USGS:393812105453801,USGS:393947105442501,,,,LC-1203-L LEAV CK LFT BK INF 1203M DS FR INJ WCX T,LEAVENWORTH CR DIEL SAMPLING SITE LV2 JUNE2012,sequential,3415.62,spec_cond,0.0,,,water_temp+spec_cond+ph,water_temp+spec_cond+diss_oxy+ph,True,True,2012-06-22..2012-08-27
42,USGS:393810105453901,USGS:393947105442501,,,,LC-1137-S T2 LEAVENWORTH CK 1137M DS FR INJ,LEAVENWORTH CR DIEL SAMPLING SITE LV2 JUNE2012,sequential,3478.39,spec_cond,0.0,,,water_temp+spec_cond+ph,water_temp+spec_cond+diss_oxy+ph,True,True,2012-06-22..2012-08-27
43,USGS:03288190,USGS:03288200,,,,"TRIB TO CANE RUN CR AT NEWTOWN PK NR LEXINGTON, KY","CANE RUN AT BEREA ROAD NEAR DONERAIL, KY",sequential,4100.49,discharge,0.0,,,discharge,discharge,True,True,2012-06-16..2012-09-30
44,USGS:03288180,USGS:03288200,,,,"CANE RUN CREEK AT CITATION BLVD NR LEXINGTON, KY","CANE RUN AT BEREA ROAD NEAR DONERAIL, KY",sequential,5445.35,discharge,0.0,,,discharge+gage_height+water_temp+spec_cond+diss_oxy+ph,discharge,True,True,2012-06-16..2026-02-21
45,USGS:01362354,USGS:0136235585,,,,WARNER CR BLW SILVER HOLLOW NOTCH NR EDGEWOOD NY,WARNER CREEK IN SILVER HOLLOW NEAR PHOENICIA NY,sequential,6300.88,turbidity_fnu,0.0,,,turbidity_fnu,turbidity_fnu,True,True,2018-11-15..2018-12-19
46,USGS:01362354,USGS:01362357,,,,WARNER CR BLW SILVER HOLLOW NOTCH NR EDGEWOOD NY,WARNER CREEK NEAR CHICHESTER NY,sequential,6999.05,turbidity_fnu,0.0,,,turbidity_fnu,discharge+gage_height+turbidity_fnu,True,True,2018-11-15..2020-08-15
47,USGS:01362354,USGS:01362358,,,,WARNER CR BLW SILVER HOLLOW NOTCH NR EDGEWOOD NY,WARNER CREEK AT CHICHESTER NY,sequential,7285.82,turbidity_fnu,0.0,,,turbidity_fnu,turbidity_fnu,True,True,2018-11-15..2024-06-20
48,USGS:01362192,USGS:0136219503,,,,PANTHER MTN TRIB TO ESOPUS CR NR OLIVEREA NY,ESOPUS CREEK BELOW LOST CLOVE RD AT BIG INDIAN NY,sequential,7562.37,discharge,0.0,,,discharge,discharge+gage_height+water_temp+turbidity_fnu,True,True,2009-06-28..2016-10-12
49,USGS:01362465,USGS:01362487,,,,BEAVER KILL TRIBUTARY ABOVE LAKE HILL NY,BEAVER KILL AT MOUNT TREMPER NY,sequential,8711.41,discharge,0.0,,,discharge,discharge+gage_height+turbidity_fnu,True,True,2010-09-28..2010-09-30
50,USGS:04057811,USGS:04057812,,,,"GREENWOOD RESERVOIR NEAR GREENWOOD, MI","GREENWOOD AFTERBAY NEAR GREENWOOD, MI",complementary,0.0,gage_height,6665.0,0.4682,10.351,gage_height,gage_height,True,True,
51,USGS:04073468,USGS:434928088553601,,,,"GREEN LAKE INLET AT CT HIGHWAY A NR GREEN LAKE, WI","GREEN LAKE AT COUNTY TRUNK HWY A NR GREEN LAKE, WI",complementary,0.0,,,,,discharge,gage_height,True,True,
52,USGS:04087440,USGS:05536121,,,,"LAKE MICHIGAN AT CHICAGO LOCK AT CHICAGO, IL","CHICAGO RIVER AT CHICAGO LOCK AT CHICAGO, IL",complementary,0.0,gage_height,6403.0,0.033,0.7955,gage_height,gage_height,,,
53,USGS:05551000,USGS:05551001,,,,"FOX RIVER AT SOUTH ELGIN, IL","FOX RIVER AT SOUTH ELGIN, IL (TAILWATER)",complementary,0.0,gage_height,5959.0,0.9844,1.8288,discharge+gage_height,gage_height,True,True,
54,USGS:05551580,USGS:05551581,,,,"FOX RIVER AT YORKVILLE, IL","FOX RIVER TAILWATER AT YORKVILLE, IL",complementary,0.0,gage_height,4760.0,0.9076,1.6796,discharge+gage_height+spec_cond,gage_height,True,True,
55,USGS:05551580,USGS:05551582,,,,"FOX RIVER AT YORKVILLE, IL","FOX RIVER BYPASS AT YORKVILLE, IL",complementary,0.0,gage_height,4901.0,0.9379,1.2014,discharge+gage_height+spec_cond,gage_height,True,True,
56,USGS:05551581,USGS:05551582,,,,"FOX RIVER TAILWATER AT YORKVILLE, IL","FOX RIVER BYPASS AT YORKVILLE, IL",complementary,0.0,gage_height,4957.0,0.9018,-0.4785,gage_height,gage_height,True,True,
57,USGS:07311782,USGS:07311783,,,,"S Wichita Rv at Low Flow Dam nr Guthrie, TX","S Wichita Rv bl Low Flow Dam nr Guthrie, TX",complementary,0.0,,,,,water_temp+spec_cond,discharge,True,True,
58,USGS:03063000,USGS:394337079544201,,,,"Monongahela R L&D8 (Lower Pool) @ Point Marion, PA","Monongahela R at Lock & Dam 8, at Point Marion, PA",complementary,5.75,,,,,gage_height,water_temp+spec_cond+ph,True,True,
59,IWQIS:WQS0096,USGS:05485605,,,,Fourmile Creek at Ankeny (96FCA),"Fourmile Creek near Ankeny, IA DS1",complementary,8.24,,,,,water_temp+turbidity_unknown,discharge,True,True,
60,IWQIS:WQS0003,USGS:05454220,,,,Clear Creek at Oxford (3CCO),"Clear Creek near Oxford, IA",complementary,11.67,,,,,nitrate+water_temp+spec_cond+turbidity_unknown+diss_oxy+ph+fchl,discharge,True,True,
61,USGS:05568703,USGS:401934089541701,,,,"MASON TAZEWELL DRAINAGE D NR NURSERY NR TOPEKA, IL",22N7W-29.1d1 (DP-1),complementary,12.67,,,,,gage_height,nitrate,True,True,
62,IWQIS:WQS0023,USGS:05422000,,,,Wapsipinicon River at De Witt (23WRDW),"Wapsipinicon River near De Witt, IA",complementary,14.4,,,,,nitrate+water_temp+spec_cond+turbidity_unknown+diss_oxy+ph+fchl,discharge,False,False,
63,IWQIS:WQS0006,USGS:05455700,,,,Iowa River at Lone Tree (6IALT),"Iowa River near Lone Tree, IA",complementary,14.5,,,,,nitrate+water_temp+spec_cond+turbidity_unknown+diss_oxy+ph+fchl,discharge,True,True,
64,USGS:05568703,USGS:401934089541702,,,,"MASON TAZEWELL DRAINAGE D NR NURSERY NR TOPEKA, IL",22N7W-29.1d2 (SH-1),complementary,15.73,,,,,gage_height,nitrate,True,True,
65,IWQIS:WQS0009,USGS:05411900,,,,Otter Creek at Elgin (9OCE),"Otter Creek at Elgin, IA",complementary,18.58,,,,,nitrate+water_temp+spec_cond+turbidity_unknown+diss_oxy+ph+fchl,discharge,True,True,
66,USGS:05429485,USGS:05429500,,,,"LAKE WAUBESA AT MC FARLAND, WI","YAHARA RIVER AT MC FARLAND, WI",complementary,22.52,,,,,gage_height,discharge,True,True,
67,IWQIS:WQS0064,USGS:05388250,,,,Upper Iowa River at Dorchester (64UIRD),"Upper Iowa River near Dorchester, IA",complementary,23.81,,,,,nitrate+water_temp+spec_cond+turbidity_unknown+diss_oxy+ph+fchl,discharge+gage_height,True,True,
68,IWQIS:WQS0040,USGS:06609500,,,,Boyer River at Logan (40),"Boyer River at Logan, IA",complementary,25.01,,,,,nitrate+water_temp+turbidity_unknown,discharge,True,True,
69,USGS:02485600,USGS:02485601,,,,"ROSS BARNETT RESERVOIR NR JACKSON, MS","PEARL RIVER AT ROSS BARNETT RESERVOIR, MS",complementary,25.99,gage_height,5302.0,0.0582,13.2603,gage_height,gage_height,True,True,
70,IWQIS:WQS0044,USGS:06809900,,,,East Nishnabotna River at Riverton (44ENRR),"East Nishnabotna River at Riverton, IA",complementary,33.51,,,,,nitrate+water_temp+spec_cond+turbidity_unknown+diss_oxy+ph+fchl,discharge,True,True,
71,IWQIS:WQS0005,USGS:05455500,,,,English River at Kalona (5ENGK),"English River at Kalona, IA",complementary,38.59,,,,,nitrate+water_temp+spec_cond+turbidity_unknown+diss_oxy+ph+orthophosphate,discharge,True,True,
72,USGS:01460378,USGS:01460380,,,,D&R Ca feeder US of gate at Washington Crossing NJ,Del and Rar Ca feeder at Washington Crossing NJ,complementary,38.94,,,,,discharge,water_temp,True,True,
73,USGS:07385700,USGS:07385702,,,,"Bayou Teche at Keystone L&D nr St. Martinville, LA",Bayou Teche below Keystone L&D nr St. Martinville,complementary,40.82,gage_height,6368.0,0.9205,1.9233,discharge+gage_height,gage_height,True,True,
74,IWQIS:WQS0002,USGS:05454300,,,,Clear Creek at Coralville (2CCC),"Clear Creek near Coralville, IA",complementary,44.36,,,,,nitrate+water_temp+spec_cond+turbidity_unknown+diss_oxy+ph+fchl,discharge,True,True,
75,IWQIS:WQS0039,USGS:05480820,,,,Boone River at Goldfield (39BRG),"Boone River near Goldfield, IA",complementary,46.12,,,,,nitrate+water_temp+turbidity_unknown,discharge+gage_height,True,True,
76,IWQIS:WQS0042,USGS:06607200,,,,Maple River at Mapleton (42MRM),"Maple River at Mapleton, IA",complementary,46.43,,,,,nitrate+water_temp+turbidity_unknown,discharge,True,True,
77,IWQIS:WQS0063,USGS:05389000,,,,Yellow River at Ion (63YRI),"Yellow River near Ion, IA",complementary,47.88,,,,,nitrate+water_temp+spec_cond+turbidity_unknown+diss_oxy+ph,discharge,True,True,
78,IWQIS:WQS9904,USGS:05455500,,,,WQS9904,"English River at Kalona, IA",complementary,49.63,,,,,nitrate+water_temp+diss_oxy+ph,discharge,True,True,
79,IWQIS:WQS0036,USGS:06898000,,,,Thompson River at Davis City (36TRDC),"Thompson River at Davis City, IA",complementary,51.92,,,,,nitrate+water_temp+turbidity_unknown,discharge+gage_height,True,True,
80,USGS:04170490,USGS:04170500,,,,"KENT LAKE NEAR NEW HUDSON, MI","HURON RIVER NEAR NEW HUDSON, MI",complementary,54.98,,,,,gage_height,discharge,False,True,
81,IWQIS:WQS0111,USGS:05389400,,,,Bloody Run Creek at Marquette (111BRCM),"Bloody Run Creek near Marquette, IA",complementary,55.75,,,,,nitrate+water_temp+spec_cond+turbidity_unknown+diss_oxy+ph+fchl,discharge,True,True,
82,IWQIS:WQS0093,USGS:05481950,,,,Beaver Creek at Johnston (93BCJ),"Beaver Creek near Grimes, IA",complementary,57.67,,,,,water_temp+turbidity_unknown,discharge,True,False,
83,IWQIS:WQS0067,USGS:06483500,,,,Rock River at Rock Valley (67RRRV),"Rock River near Rock Valley, IA",complementary,61.8,,,,,nitrate+water_temp+spec_cond+turbidity_unknown,discharge,True,True,
84,USGS:06610685,USGS:410704095524301,,,,"Offutt Ditch (Bellevue Drain) nr Offutt AFB, Nebr.","Base Lake at Offutt AFB nr Bellevue, Nebr.",complementary,62.15,gage_height,73.0,-0.3204,0.1158,gage_height,gage_height,True,False,
85,IWQIS:WQS0061,USGS:06608500,,,,Soldier River at Pisgah (61SRP),"Soldier River at Pisgah, IA",complementary,62.55,,,,,nitrate+water_temp+spec_cond+turbidity_unknown,discharge,False,False,
86,IWQIS:WQS0126,USGS:05420680,,,,Wapsipinicon River at Tripoli (WQS 126WRT),"Wapsipinicon River near Tripoli, IA",complementary,66.78,,,,,nitrate,discharge,True,True,
87,IWQIS:WQS0007,USGS:05465000,,,,Cedar River at Conesville (7CRC),"Cedar River near Conesville, IA",complementary,68.14,,,,,nitrate+water_temp+spec_cond+turbidity_unknown+diss_oxy+ph+fchl,discharge,True,True,
88,USGS:04037400,USGS:04037500,,,,"CISCO LAKE NEAR WATERSMEET, MI","CISCO BRANCH ONTONAGON R AT CISCO LAKE OUTLET, MI",complementary,70.68,,,,,gage_height,discharge,True,True,
89,MPCA:33091003,USGS:05327000,,,,"High Island Creek nr Henderson, CSAH6","HIGH ISLAND CREEK NEAR HENDERSON, MN",complementary,72.05,,,,,nitrate,discharge,True,True,
90,USGS:055451345,USGS:423525088260400,,,,"WHITE RIVER AT CENTER STREET AT LAKE GENEVA, WI","GENEVA LAKE AT LAKE GENEVA, WI",complementary,74.73,,,,,discharge,gage_height,True,True,
91,IWQIS:WQS0100,USGS:05484800,,,,Walnut Creek at Des Moines (100WCDM),"Walnut Creek at Des Moines, IA",complementary,76.93,,,,,water_temp+turbidity_unknown,discharge,True,True,
92,MPCA:15031001,USGS:05268700,,,,"Little Rock Creek nr Rice, CSAH12","LITTLE ROCK CREEK AT RICE, MN",complementary,78.01,gage_height,186.0,0.9426,0.0057,nitrate+discharge+gage_height+water_temp+spec_cond+diss_oxy+ph,gage_height+water_temp,True,True,
93,IWQIS:WQS9903,USGS:05465000,,,,WQS9903,"Cedar River near Conesville, IA",complementary,80.52,,,,,nitrate+water_temp+spec_cond+turbidity_unknown+diss_oxy+ph,discharge,True,True,
94,IWQIS:WQS0043,USGS:06600500,,,,Floyd River at James (43FRJ),"Floyd River at James, IA",complementary,85.22,,,,,nitrate+water_temp+spec_cond+turbidity_unknown,discharge+gage_height,True,True,
95,IWQIS:WQS0041,USGS:06607500,,,,Little Sioux River at Turin (41LSRT),"Little Sioux River near Turin, IA",complementary,86.8,,,,,nitrate,discharge,False,False,
96,USGS:05549500,USGS:05549501,,,,"FOX RIVER NEAR MCHENRY, IL","FOX RIVER (TAILWATER) NEAR MCHENRY, IL",complementary,93.18,gage_height,4693.0,-0.0316,0.4303,gage_height+water_temp+spec_cond+turbidity_fnu+diss_oxy+ph+fchl+fpc,gage_height,False,True,
97,IWQIS:WQS0120,USGS:06809210,,,,East Nishnabotna at Atlantic (WQS 120 ENRA),"East Nishnabotna River near Atlantic, IA",complementary,94.57,,,,,nitrate+water_temp,discharge,True,True,
98,USGS:03071590,USGS:03071600,,,,"CHEAT LAKE NEAR STEWARTSTOWN, WV","CHEAT RIVER AT LAKE LYNN, PA",complementary,96.32,,,,,water_temp+spec_cond+diss_oxy+ph,gage_height,False,False,
99,IWQIS:WQS0079,USGS:06810000,,,,Nishnabotna River at Hamburg (79NRH),"Nishnabotna River above Hamburg, IA",complementary,98.47,,,,,water_temp+turbidity_unknown,discharge+gage_height,True,True,
100,USGS:01362336,USGS:01362345,,,,STONY CLOVE CR AT JANSSEN RD AT LANESVILLE NY,HOLLOW TREE BROOK AT ST HWY 214 AT LANESVILLE NY,weak_evidence,107.4,turbidity_fnu,1471.0,0.3531,-6.7738,discharge+gage_height+turbidity_fnu,turbidity_fnu,True,True,
101,USGS:422302071083801,USGS:422303071084301,,,,"FRESH POND IN GATE HOUSE AT CAMBRIDGE, MA","FRESH POND BUOY, NEAR INTAKE AT CAMBRIDGE, MA",weak_evidence,117.8,water_temp,797.0,0.996,0.0969,water_temp+spec_cond,water_temp+fpc,True,True,
102,USGS:01073389,USGS:430509071092201,,,,"Pawtuckaway Lake near Nottingham, NH","BURNHAMS MARSHES NEAR NOTTINGHAM, NH",weak_evidence,155.13,gage_height,199.0,0.5395,-0.3593,gage_height+water_temp+spec_cond+turbidity_fnu+diss_oxy+ph,gage_height,True,True,
103,USGS:03027400,USGS:03027500,,,,"Weir 1 at East Branch Clarion River Dam, PA","EB Clarion River at EB Clarion River Dam, PA",weak_evidence,164.57,gage_height,2552.0,0.1041,7.7206,gage_height,discharge+gage_height+water_temp+spec_cond+turbidity_fnu+diss_oxy+ph,True,True,
104,USGS:01362356,USGS:01362357,,,,WARNER CREEK AT SILVER HOLLOW RD NR CHICHESTER NY,WARNER CREEK NEAR CHICHESTER NY,weak_evidence,184.55,turbidity_fnu,976.0,0.967,-0.9333,turbidity_fnu,discharge+gage_height+turbidity_fnu,True,True,
105,USGS:03039035,USGS:03039036,,,,"Allegheny River at Lock & Dam 6 at Clinton, PA","Allegheny River below Lock & Dam 6 at Clinton, PA",weak_evidence,186.66,gage_height,3950.0,0.9834,-0.1606,gage_height+water_temp+diss_oxy,gage_height+water_temp+diss_oxy,False,True,
106,USGS:03049680,USGS:03049681,,,,"Allegheny R at Lock & Dam 2 at Aspinwall, PA","Allegheny R at L&D 2 (lower pool) at Aspinwall, PA",weak_evidence,208.65,gage_height,3344.0,0.8932,-1.8227,gage_height,gage_height,False,True,
107,USGS:07353520,USGS:07353522,,,,"Nantachie Lake near Aloha, LA",Nantachie Creek near Aloha LA,weak_evidence,253.17,gage_height,1108.0,-0.3417,-6.2393,gage_height,gage_height,False,True,
108,USGS:03336998,USGS:03337000,,,,"BONEYARD CREEK BELOW 6TH STREET AT CHAMPAIGN, IL","BONEYARD CREEK AT URBANA, IL",weak_evidence,281.91,gage_height,6614.0,0.927,0.3261,gage_height,discharge+gage_height,True,True,
109,USGS:0136230002,USGS:0136230005,,,,WOODLAND CREEK ABOVE MOUTH AT PHOENICIA NY,WOODLAND CREEK AT MOUTH AT PHOENICIA NY,weak_evidence,303.52,turbidity_fnu,405.0,0.8164,-3.4958,discharge+gage_height+water_temp+turbidity_fnu,water_temp+turbidity_fnu,True,True,
110,USGS:04183030,USGS:04183032,,,,"BLACK CREEK AT DARLING RD NEAR HARLAN, IN","BLACK CREEK AT BRUSH COLLEGE RD NEAR HARLAN, IN",weak_evidence,315.46,gage_height,658.0,0.948,0.0668,gage_height+water_temp+turbidity_fnu,discharge+gage_height+water_temp+turbidity_fnu,True,True,
111,USGS:06903880,USGS:06903900,,,,"Rathbun Lake near Rathbun, IA","Chariton River near Rathbun, IA",weak_evidence,341.63,gage_height,6727.0,0.7223,274.8788,gage_height,discharge+gage_height,False,False,
112,USGS:07378746,USGS:07378748,,,,"Bayou Manchac at Alligator B. near Kleinpeter, LA","Bluff Swamp near Kleinpeter, LA",weak_evidence,357.72,gage_height,5950.0,0.0281,-0.0137,gage_height,gage_height,False,True,
113,USGS:07263886,USGS:07263887,,,,"Buckingham Flats HW/TW near Bayou Meto, AR","Canon Brake(nr Bayou Meto)TW nr Bayou Meto, AR",weak_evidence,392.19,gage_height,1099.0,0.7811,0.1189,gage_height,gage_height,True,False,
114,USGS:0136235580,USGS:0136235585,,,,WARNER CREEK IN SILVER HOLLOW NEAR CHICHESTER NY,WARNER CREEK IN SILVER HOLLOW NEAR PHOENICIA NY,weak_evidence,407.12,turbidity_fnu,2542.0,0.7868,-0.6397,turbidity_fnu,turbidity_fnu,True,True,
115,USGS:03027200,USGS:03027400,,,,"Weir 6 at East Branch Clarion River Dam, PA","Weir 1 at East Branch Clarion River Dam, PA",weak_evidence,409.99,gage_height,1567.0,0.4044,-8.4643,gage_height,gage_height,True,True,
116,USGS:0136235575,USGS:0136235580,,,,WARNER CREEK NR CARL MOUNTAIN NR CHICHESTER NY,WARNER CREEK IN SILVER HOLLOW NEAR CHICHESTER NY,weak_evidence,468.72,turbidity_fnu,2694.0,0.9512,-0.9469,turbidity_fnu,turbidity_fnu,True,True,
117,USGS:07381000,USGS:07381002,,,,"Bayou Lafourche at Thibodaux, LA","Bayou Lafourche below weir at Thibodaux, LA",weak_evidence,472.62,gage_height,1933.0,0.6934,0.4359,discharge+gage_height,gage_height,True,True,
118,USGS:01362330,USGS:01362332,,,,STONY CLOVE CREEK NEAR LANESVILLE NY,STONY CLOVE CREEK AT WRIGHT RD NEAR LANESVILLE NY,weak_evidence,472.65,turbidity_fnu,2781.0,0.7048,-0.5448,turbidity_fnu,turbidity_fnu,True,True,
119,USGS:01104415,USGS:424317071263001,,,,"CAMBRIDGE RES., UNNAMED TRIB 2, NR LEXINGTON, MA",Upper Hobbs Brook Reservoir Buoy 1,weak_evidence,531.63,water_temp,408.0,0.9559,-5.275,discharge+gage_height+water_temp+spec_cond,water_temp+fpc,True,True,
120,USGS:01104410,USGS:424317071263001,,,,"CAMBRIDGE RES., UNNAMED TRIB 1, NR LEXINGTON, MA",Upper Hobbs Brook Reservoir Buoy 1,weak_evidence,543.68,water_temp,320.0,0.9702,-5.5255,discharge+gage_height+water_temp+spec_cond,water_temp+fpc,True,True,
121,USGS:03027200,USGS:03027500,,,,"Weir 6 at East Branch Clarion River Dam, PA","EB Clarion River at EB Clarion River Dam, PA",weak_evidence,552.64,gage_height,1563.0,0.2888,-0.8579,gage_height,discharge+gage_height+water_temp+spec_cond+turbidity_fnu+diss_oxy+ph,True,True,
122,USGS:07027000,USGS:07027005,,,,"REELFOOT LAKE NR TIPTONVILLE, TN",RUNNING REELFOOT BAYOU BELOW REELFOOT SPILLWAY,weak_evidence,561.53,gage_height,3050.0,0.8423,3.3467,gage_height,gage_height,True,False,
123,USGS:073745245,USGS:295124089542100,,,,"Caernarvon Canal Sector Gate at Caernarvon, La","Caernarvon Outfall Channel at Caernarvon, LA",weak_evidence,596.07,gage_height,790.0,0.8768,-0.0348,gage_height,discharge+gage_height+water_temp+spec_cond,False,False,
124,USGS:01455045,USGS:01455047,,,,Lopatcong Creek at Uniontown NJ,"Lopatcong Creek tributary at Uniontown, NJ",weak_evidence,635.67,water_temp,329.0,0.9952,-0.4,water_temp,water_temp,True,True,
125,USGS:0136235585,USGS:01362356,,,,WARNER CREEK IN SILVER HOLLOW NEAR PHOENICIA NY,WARNER CREEK AT SILVER HOLLOW RD NR CHICHESTER NY,weak_evidence,642.64,turbidity_fnu,2392.0,0.9325,0.4698,turbidity_fnu,turbidity_fnu,True,True,
126,USGS:03012545,USGS:03012550,,,,"Allegheny River below Kinzua Dam at Big Bend, PA","Allegheny River at Kinzua Dam, PA",weak_evidence,659.82,water_temp,451.0,0.9976,-0.0583,water_temp+diss_oxy,discharge+gage_height+water_temp+spec_cond+diss_oxy,True,True,
127,USGS:01362232,USGS:420706074212201,,,,BROADSTREET HOLLOW BROOK AT HWY28 AT ALLABEN NY,BROADSTREET HOL BR NR BROADST HOL RD AT ALLABEN NY,weak_evidence,682.72,water_temp,117.0,0.9518,0.2406,discharge+gage_height+water_temp+turbidity_fnu,water_temp,True,True,
128,USGS:01455097,USGS:01455098,,,,Lopatcong Ck DS of Chestnut St at Phillipsburg NJ,"Lopatcong Creek trib2 at Alpha, NJ",weak_evidence,721.71,water_temp,246.0,0.9805,1.75,water_temp,water_temp,True,True,
129,USGS:01362357,USGS:01362358,,,,WARNER CREEK NEAR CHICHESTER NY,WARNER CREEK AT CHICHESTER NY,weak_evidence,758.42,turbidity_fnu,43.0,0.999,-0.124,discharge+gage_height+turbidity_fnu,turbidity_fnu,True,True,
130,USGS:0136235585,USGS:01362357,,,,WARNER CREEK IN SILVER HOLLOW NEAR PHOENICIA NY,WARNER CREEK NEAR CHICHESTER NY,weak_evidence,773.83,turbidity_fnu,1002.0,0.6709,-0.2234,turbidity_fnu,discharge+gage_height+turbidity_fnu,True,True,
131,USGS:01362365,USGS:01362368,,,,OX CLOVE AT CHICHESTER NY,OX CLOVE NEAR MOUTH AT CHICHESTER NY,weak_evidence,801.21,turbidity_fnu,3118.0,0.8201,-3.7354,turbidity_fnu,discharge+gage_height+turbidity_fnu,True,True,
132,USGS:01362322,USGS:01362330,,,,MYRTLE BROOK AT STATE HWY 214 AT EDGEWOOD NY,STONY CLOVE CREEK NEAR LANESVILLE NY,weak_evidence,805.7,turbidity_fnu,2205.0,0.8727,-0.2252,discharge+gage_height+turbidity_fnu,turbidity_fnu,True,True,
133,USGS:01362359,USGS:01362370,,,,"STONY CLOVE CR AT SILVER HOLLOW RD, CHICHESTER NY",STONY CLOVE CREEK BLW OX CLOVE AT CHICHESTER NY,weak_evidence,829.03,turbidity_fnu,3037.0,0.9656,-0.7477,turbidity_fnu,discharge+gage_height+turbidity_fnu,True,True,
134,USGS:01362359,USGS:01362368,,,,"STONY CLOVE CR AT SILVER HOLLOW RD, CHICHESTER NY",OX CLOVE NEAR MOUTH AT CHICHESTER NY,weak_evidence,832.34,turbidity_fnu,2979.0,0.7483,-2.849,turbidity_fnu,discharge+gage_height+turbidity_fnu,True,True,
135,USGS:0136235575,USGS:0136235585,,,,WARNER CREEK NR CARL MOUNTAIN NR CHICHESTER NY,WARNER CREEK IN SILVER HOLLOW NEAR PHOENICIA NY,weak_evidence,874.89,turbidity_fnu,2168.0,0.8217,-1.3328,turbidity_fnu,turbidity_fnu,True,True,
136,USGS:03336998,USGS:03337100,,,,"BONEYARD CREEK BELOW 6TH STREET AT CHAMPAIGN, IL","BONEYARD CREEK AT LINCOLN AVE AT URBANA, IL",weak_evidence,885.0,gage_height,6569.0,0.9728,1.1918,gage_height,discharge+gage_height,True,True,
137,USGS:05401065,USGS:05401067,,,,"LONG LAKE NEAR PLAINFIELD, WI","PLAINFIELD LAKE NEAR PLAINFIELD, WI",weak_evidence,899.92,gage_height,1162.0,-0.0266,0.0762,gage_height,gage_height,False,False,
138,USGS:404200073034301,USGS:404213073041801,,,,"Great South Bay 8 near Browns River, NY","Great South Bay 7 near Browns River, NY",weak_evidence,909.54,water_temp,160.0,0.9989,-0.1307,water_temp+diss_oxy,water_temp+diss_oxy,,,
139,USGS:0136223095,USGS:01362232,,,,BROADST HOLLOW BR AT BROADST HLW RD AT ALLABEN NY,BROADSTREET HOLLOW BROOK AT HWY28 AT ALLABEN NY,weak_evidence,923.73,turbidity_fnu,432.0,0.9343,-0.5076,turbidity_fnu,discharge+gage_height+water_temp+turbidity_fnu,True,True,
140,USGS:01362356,USGS:01362358,,,,WARNER CREEK AT SILVER HOLLOW RD NR CHICHESTER NY,WARNER CREEK AT CHICHESTER NY,weak_evidence,941.92,turbidity_fnu,475.0,0.9891,-0.788,turbidity_fnu,turbidity_fnu,True,True,
141,USGS:05428000,USGS:05428500,,,,"LAKE MENDOTA AT MADISON, WI","YAHARA RIVER AT EAST MAIN STREET AT MADISON, WI",weak_evidence,974.59,gage_height,996.0,0.8638,1.2771,gage_height,discharge+gage_height,False,True,
142,USGS:0136235580,USGS:01362356,,,,WARNER CREEK IN SILVER HOLLOW NEAR CHICHESTER NY,WARNER CREEK AT SILVER HOLLOW RD NR CHICHESTER NY,weak_evidence,1048.82,turbidity_fnu,2973.0,0.8712,-0.0506,turbidity_fnu,turbidity_fnu,True,True,
143,USGS:01362349,USGS:01362350,,,,STONY CLOVE CR ABOVE MOGGRE RD NEAR CHICHESTER NY,STONY CLOVE CREEK AT CHICHESTER NY,weak_evidence,1058.04,turbidity_fnu,1094.0,0.881,-2.4042,turbidity_fnu,turbidity_fnu,True,True,
144,USGS:05590520,USGS:394803088215001,,,,"KASKASKIA RIVER BELOW FICKLIN, IL","KASKASKIA RIVER INFLOW AT FICKLIN, IL",weak_evidence,1072.25,gage_height,4965.0,0.4616,-1.4051,discharge+gage_height,gage_height,True,True,
145,USGS:01362336,USGS:01362347,,,,STONY CLOVE CR AT JANSSEN RD AT LANESVILLE NY,STONY CLOVE CREEK AT LANESVILLE NY,weak_evidence,1114.3,turbidity_fnu,2051.0,0.7084,-0.8661,discharge+gage_height+turbidity_fnu,turbidity_fnu,True,True,
146,USGS:01362345,USGS:01362347,,,,HOLLOW TREE BROOK AT ST HWY 214 AT LANESVILLE NY,STONY CLOVE CREEK AT LANESVILLE NY,weak_evidence,1117.49,turbidity_fnu,2120.0,0.7451,8.4436,turbidity_fnu,turbidity_fnu,True,True,
147,USGS:01362365,USGS:01362370,,,,OX CLOVE AT CHICHESTER NY,STONY CLOVE CREEK BLW OX CLOVE AT CHICHESTER NY,weak_evidence,1125.2,turbidity_fnu,3182.0,0.7606,-1.3335,turbidity_fnu,discharge+gage_height+turbidity_fnu,True,True,
148,USGS:404133073041801,USGS:404200073034301,,,,"Great South Bay 9 near Browns River, NY","Great South Bay 8 near Browns River, NY",weak_evidence,1170.21,water_temp,139.0,0.9983,0.0292,water_temp+diss_oxy,water_temp+diss_oxy,,,
149,USGS:0136235580,USGS:01362357,,,,WARNER CREEK IN SILVER HOLLOW NEAR CHICHESTER NY,WARNER CREEK NEAR CHICHESTER NY,weak_evidence,1171.18,turbidity_fnu,1026.0,0.9208,-2.2495,turbidity_fnu,discharge+gage_height+turbidity_fnu,True,True,
150,USGS:01362347,USGS:01362349,,,,STONY CLOVE CREEK AT LANESVILLE NY,STONY CLOVE CR ABOVE MOGGRE RD NEAR CHICHESTER NY,weak_evidence,1188.28,turbidity_fnu,2500.0,0.8498,0.22,turbidity_fnu,turbidity_fnu,True,True,
151,USGS:404211073061701,USGS:404213073070801,,,,"Great South Bay 13 near Connetquot River, NY","Great South Bay 14 near Connetquot River, NY",weak_evidence,1188.7,water_temp,193.0,0.9995,0.024,water_temp+diss_oxy,water_temp+diss_oxy,,,
152,USGS:01456050,USGS:01456060,,,,Musconetcong R at Hackettstown NJ,Bowers Brook at Hackettstown NJ,weak_evidence,1213.01,water_temp,152.0,0.9551,4.75,water_temp,water_temp,True,True,
153,USGS:05536356,USGS:413722087304901,,,,"GRAND CALUMET RIVER AT COLUMBIA AV AT HAMMOND, IN","GRAND CALUMET RIVER AT SOHL AV AT HAMMOND, IN",weak_evidence,1231.3,water_temp,199.0,0.9955,-0.2469,nitrate+discharge+gage_height+water_temp+spec_cond+turbidity_fnu+diss_oxy+ph+fchl+orthophosphate,water_temp+diss_oxy,True,True,
154,USGS:01362322,USGS:01362332,,,,MYRTLE BROOK AT STATE HWY 214 AT EDGEWOOD NY,STONY CLOVE CREEK AT WRIGHT RD NEAR LANESVILLE NY,weak_evidence,1232.37,turbidity_fnu,2975.0,0.8593,-0.2823,discharge+gage_height+turbidity_fnu,turbidity_fnu,True,True,
155,USGS:404133073041801,USGS:404213073041801,,,,"Great South Bay 9 near Browns River, NY","Great South Bay 7 near Browns River, NY",weak_evidence,1244.44,water_temp,188.0,0.9965,-0.0677,water_temp+diss_oxy,water_temp+diss_oxy,,,
156,USGS:404213073041801,USGS:404254073041701,,,,"Great South Bay 7 near Browns River, NY","Great South Bay 5 near Browns River, NY",weak_evidence,1275.75,water_temp,191.0,0.9972,-0.0719,water_temp+diss_oxy,water_temp+diss_oxy,,,
157,USGS:404213073070801,USGS:404253073065101,,,,"Great South Bay 14 near Connetquot River, NY","Great South Bay 11 near Connetquot River, NY",weak_evidence,1305.82,water_temp,175.0,0.9979,-0.2688,water_temp+diss_oxy,water_temp+diss_oxy,,,
158,USGS:05576000,USGS:05576022,,,,"SOUTH FORK SANGAMON RIVER NEAR ROCHESTER, IL","SOUTH FORK SANGAMON RIVER BELOW ROCHESTER, IL",weak_evidence,1307.58,gage_height,6547.0,0.998,0.1829,discharge+gage_height+water_temp,gage_height,True,True,
159,USGS:413626087211101,USGS:413628087201401,,,,"GRAND CALUMET RIVER AT BUCHANAN ST AT GARY, IN","GRAND CALUMET RIVER AT BROADWAY ST AT GARY, IN",weak_evidence,1311.38,water_temp,196.0,0.9965,-0.0052,water_temp+diss_oxy,water_temp+diss_oxy,True,True,
160,USGS:01466940,USGS:01466950,,,,NB Rancocas C DS of Greenwood Br at New Lisbon NJ,NB Rancocas C near Pemberton NJ,weak_evidence,1324.22,water_temp,104.0,0.9993,0.0,water_temp,water_temp,True,True,
161,USGS:01362359,USGS:01362365,,,,"STONY CLOVE CR AT SILVER HOLLOW RD, CHICHESTER NY",OX CLOVE AT CHICHESTER NY,weak_evidence,1341.0,turbidity_fnu,2845.0,0.7352,0.4463,turbidity_fnu,turbidity_fnu,True,True,
162,USGS:06479452,USGS:06479500,,,,"BIG SIOUX RIVER AT LAKE KAMPESKA NR WATERTOWN, SD","BIG SIOUX RIVER AT WATERTOWN, SD",weak_evidence,1360.82,gage_height,269.0,0.181,4.0813,gage_height,discharge+gage_height,False,True,
163,USGS:0136235585,USGS:01362358,,,,WARNER CREEK IN SILVER HOLLOW NEAR PHOENICIA NY,WARNER CREEK AT CHICHESTER NY,weak_evidence,1407.92,turbidity_fnu,560.0,0.9897,0.1453,turbidity_fnu,turbidity_fnu,True,True,
164,USGS:01362332,USGS:01362336,,,,STONY CLOVE CREEK AT WRIGHT RD NEAR LANESVILLE NY,STONY CLOVE CR AT JANSSEN RD AT LANESVILLE NY,weak_evidence,1453.77,turbidity_fnu,2008.0,0.646,-0.608,turbidity_fnu,discharge+gage_height+turbidity_fnu,True,True,
165,USGS:01362295,USGS:01362297,,,,PANTHER KILL AT PANTHER KILL ROAD NR PHOENICIA NY,PANTHER KILL AT WOODLAND VALLEY RD NR PHOENICIA NY,weak_evidence,1471.77,turbidity_fnu,88.0,0.7365,-4.6435,turbidity_fnu,discharge+gage_height+turbidity_fnu,True,True,
166,USGS:01362342,USGS:01362345,,,,HOLLOW TREE BROOK AT LANESVILLE NY,HOLLOW TREE BROOK AT ST HWY 214 AT LANESVILLE NY,weak_evidence,1491.76,turbidity_fnu,1458.0,0.2987,-11.8287,discharge+gage_height+turbidity_fnu,turbidity_fnu,True,True,
167,USGS:0136235575,USGS:01362356,,,,WARNER CREEK NR CARL MOUNTAIN NR CHICHESTER NY,WARNER CREEK AT SILVER HOLLOW RD NR CHICHESTER NY,weak_evidence,1517.28,turbidity_fnu,2639.0,0.8177,-1.3896,turbidity_fnu,turbidity_fnu,True,True,
168,USGS:404211073061701,USGS:404253073065101,,,,"Great South Bay 13 near Connetquot River, NY","Great South Bay 11 near Connetquot River, NY",weak_evidence,1527.59,water_temp,175.0,0.9973,-0.2312,water_temp+diss_oxy,water_temp+diss_oxy,,,
169,USGS:01362332,USGS:01362345,,,,STONY CLOVE CREEK AT WRIGHT RD NEAR LANESVILLE NY,HOLLOW TREE BROOK AT ST HWY 214 AT LANESVILLE NY,weak_evidence,1537.82,turbidity_fnu,1934.0,0.4153,-11.4384,turbidity_fnu,turbidity_fnu,True,True,
170,USGS:072632995,USGS:072632996,,,,Lake Maumelle at Natural Steps,"Lk Maumelle Raw Water Intake nr Natural Steps,AR",weak_evidence,1544.42,water_temp,2321.0,0.9977,0.1344,water_temp+diss_oxy,gage_height+water_temp+spec_cond+turbidity_fnu+diss_oxy+ph,True,True,
171,USGS:413626087211101,USGS:413632087221900,,,,"GRAND CALUMET RIVER AT BUCHANAN ST AT GARY, IN","GRAND CALUMET RIVER AT BRIDGE ST AT GARY, IN",weak_evidence,1550.95,water_temp,196.0,0.9969,0.1448,water_temp+diss_oxy,water_temp+diss_oxy,True,True,
172,USGS:0136235575,USGS:01362357,,,,WARNER CREEK NR CARL MOUNTAIN NR CHICHESTER NY,WARNER CREEK NEAR CHICHESTER NY,weak_evidence,1638.72,turbidity_fnu,922.0,0.8812,-3.0986,turbidity_fnu,discharge+gage_height+turbidity_fnu,True,True,
173,USGS:05536356,USGS:413651087285001,,,,"GRAND CALUMET RIVER AT COLUMBIA AV AT HAMMOND, IN","GRAND CALUMET R AT INDPLS BLVD AT EAST CHICAGO, IN",weak_evidence,1665.94,water_temp,201.0,0.9653,-1.1344,nitrate+discharge+gage_height+water_temp+spec_cond+turbidity_fnu+diss_oxy+ph+fchl+orthophosphate,water_temp+diss_oxy,True,True,
174,USGS:404146073074301,USGS:404240073074301,,,,"Great South Bay 15 near Connetquot River, NY","Great South Bay 12 near Connetquot River, NY",weak_evidence,1679.99,water_temp,158.0,0.9991,-0.0714,water_temp+diss_oxy,water_temp+diss_oxy,,,
175,USGS:01362349,USGS:01362352,,,,STONY CLOVE CR ABOVE MOGGRE RD NEAR CHICHESTER NY,STONY CLOVE CR ABV WARNER CR AT CHICHESTER NY,weak_evidence,1685.55,turbidity_fnu,1493.0,0.8646,-0.7521,turbidity_fnu,turbidity_fnu,True,True,
176,USGS:01475530,USGS:014755456,,,,"Cobbs Cr at U.S. Hghwy No. 1 at Philadelphia, PA","Naylor Creek at Upper Darby, PA",weak_evidence,1721.49,gage_height,3431.0,0.1128,0.1876,discharge+gage_height+water_temp+spec_cond+diss_oxy+ph,gage_height,True,False,
177,USGS:0136235580,USGS:01362358,,,,WARNER CREEK IN SILVER HOLLOW NEAR CHICHESTER NY,WARNER CREEK AT CHICHESTER NY,weak_evidence,1744.99,turbidity_fnu,553.0,0.9905,0.6656,turbidity_fnu,turbidity_fnu,True,True,
178,USGS:01362312,USGS:01362322,,,,STONY CLOVE CREEK AT EDGEWOOD NY,MYRTLE BROOK AT STATE HWY 214 AT EDGEWOOD NY,weak_evidence,1770.57,turbidity_fnu,2413.0,0.6327,-0.6341,turbidity_fnu,discharge+gage_height+turbidity_fnu,True,True,
179,USGS:04092677,USGS:413632087221900,,,,"GRAND CALUMET RIVER AT INDUSTRIAL HWY AT GARY, IN","GRAND CALUMET RIVER AT BRIDGE ST AT GARY, IN",weak_evidence,1817.32,water_temp,189.0,0.9922,-0.6527,discharge+gage_height+water_temp+diss_oxy,water_temp+diss_oxy,True,True,
180,USGS:01466850,USGS:01466900,,,,Greenwood Br at Greenwood Brdg Rd nr New Lisbon NJ,Greenwood Branch at New Lisbon NJ,weak_evidence,1837.13,water_temp,163.0,0.9892,-0.3406,water_temp,discharge+gage_height+water_temp+spec_cond,True,True,
181,USGS:01465963,USGS:01465965,,,,Ong Run at Trenton Rd near Browns Mills NJ,Ong Run at Browns Mills NJ,weak_evidence,1856.13,water_temp,383.0,0.9918,1.9,water_temp,water_temp,True,True,
182,USGS:404200073034301,USGS:404254073041701,,,,"Great South Bay 8 near Browns River, NY","Great South Bay 5 near Browns River, NY",weak_evidence,1857.03,water_temp,142.0,0.9969,-0.1917,water_temp+diss_oxy,water_temp+diss_oxy,,,
183,USGS:05054000,USGS:465240096465000,,,,"RED RIVER OF THE NORTH AT FARGO, ND","RED RIVER FLOOD GAGE 4 AT FARGO, ND",weak_evidence,1857.32,gage_height,161.0,0.9876,-262.2783,discharge+gage_height+water_temp+spec_cond+turbidity_fnu+diss_oxy+ph,gage_height,True,True,
184,USGS:01362330,USGS:01362336,,,,STONY CLOVE CREEK NEAR LANESVILLE NY,STONY CLOVE CR AT JANSSEN RD AT LANESVILLE NY,weak_evidence,1917.3,turbidity_fnu,1247.0,0.7706,-1.3167,turbidity_fnu,discharge+gage_height+turbidity_fnu,True,True,
185,USGS:05532500,USGS:05532600,,,,"DES PLAINES RIVER AT RIVERSIDE, IL","DES PLAINES RIVER AT LYONS, IL",weak_evidence,1941.07,gage_height,4195.0,0.8876,-2.6257,discharge+gage_height,gage_height,True,True,
186,USGS:01362330,USGS:01362345,,,,STONY CLOVE CREEK NEAR LANESVILLE NY,HOLLOW TREE BROOK AT ST HWY 214 AT LANESVILLE NY,weak_evidence,2004.52,turbidity_fnu,1263.0,0.3979,-15.051,turbidity_fnu,turbidity_fnu,True,True,
187,USGS:01362332,USGS:01362342,,,,STONY CLOVE CREEK AT WRIGHT RD NEAR LANESVILLE NY,HOLLOW TREE BROOK AT LANESVILLE NY,weak_evidence,2021.67,turbidity_fnu,2322.0,0.7446,0.9985,turbidity_fnu,discharge+gage_height+turbidity_fnu,True,True,
188,USGS:01456887,USGS:01457005,,,,Musconetcong River US of Trib 4 nr Asbury NJ,Musconetcong River trib 6 nr Bloomsbury NJ,weak_evidence,2066.55,water_temp,550.0,0.9038,2.8,water_temp,water_temp,True,True,
189,USGS:05060000,USGS:465234097045600,,,,"MAPLE RIVER NEAR MAPLETON, ND","MAPLE RIVER AT STATE ROUTE 10 NR MAPLETON, ND",weak_evidence,2134.33,gage_height,19.0,0.9887,-269.6352,discharge+gage_height,gage_height,True,True,
190,USGS:01362370,USGS:01362398,,,,STONY CLOVE CREEK BLW OX CLOVE AT CHICHESTER NY,STONY CLOVE CR ABOVE ST HWY 214 AT PHOENICIA NY,weak_evidence,2160.58,turbidity_fnu,318.0,0.9687,0.8932,discharge+gage_height+turbidity_fnu,turbidity_fnu,True,True,
191,USGS:0136235575,USGS:01362358,,,,WARNER CREEK NR CARL MOUNTAIN NR CHICHESTER NY,WARNER CREEK AT CHICHESTER NY,weak_evidence,2179.38,turbidity_fnu,446.0,0.9935,-1.2128,turbidity_fnu,turbidity_fnu,True,True,
192,USGS:01362347,USGS:01362350,,,,STONY CLOVE CREEK AT LANESVILLE NY,STONY CLOVE CREEK AT CHICHESTER NY,weak_evidence,2246.18,turbidity_fnu,1268.0,0.8109,-1.7322,turbidity_fnu,turbidity_fnu,True,True,
193,USGS:01362345,USGS:01362349,,,,HOLLOW TREE BROOK AT ST HWY 214 AT LANESVILLE NY,STONY CLOVE CR ABOVE MOGGRE RD NEAR CHICHESTER NY,weak_evidence,2262.75,turbidity_fnu,1824.0,0.6848,8.0185,turbidity_fnu,turbidity_fnu,True,True,
194,USGS:01362336,USGS:01362349,,,,STONY CLOVE CR AT JANSSEN RD AT LANESVILLE NY,STONY CLOVE CR ABOVE MOGGRE RD NEAR CHICHESTER NY,weak_evidence,2278.29,turbidity_fnu,2162.0,0.7588,-0.2603,discharge+gage_height+turbidity_fnu,turbidity_fnu,True,True,
195,USGS:01362332,USGS:01362347,,,,STONY CLOVE CREEK AT WRIGHT RD NEAR LANESVILLE NY,STONY CLOVE CREEK AT LANESVILLE NY,weak_evidence,2339.8,turbidity_fnu,2649.0,0.7971,-1.7773,turbidity_fnu,turbidity_fnu,True,True,
196,USGS:01362359,USGS:01362398,,,,"STONY CLOVE CR AT SILVER HOLLOW RD, CHICHESTER NY",STONY CLOVE CR ABOVE ST HWY 214 AT PHOENICIA NY,weak_evidence,2341.07,turbidity_fnu,258.0,0.9727,-0.2397,turbidity_fnu,turbidity_fnu,True,True,
197,USGS:01455250,USGS:01455265,,,,Pohatcong Creek trib 10 at Kennedy Mills NJ,Pohatcong Creek near Kennedy Mills NJ,weak_evidence,2401.81,water_temp,216.0,0.9987,0.0,water_temp,water_temp,True,True,
198,USGS:01362330,USGS:01362342,,,,STONY CLOVE CREEK NEAR LANESVILLE NY,HOLLOW TREE BROOK AT LANESVILLE NY,weak_evidence,2416.91,turbidity_fnu,1959.0,0.6613,0.6219,turbidity_fnu,discharge+gage_height+turbidity_fnu,True,True,
199,USGS:01362368,USGS:01362398,,,,OX CLOVE NEAR MOUTH AT CHICHESTER NY,STONY CLOVE CR ABOVE ST HWY 214 AT PHOENICIA NY,weak_evidence,2483.77,turbidity_fnu,310.0,0.8663,3.0589,discharge+gage_height+turbidity_fnu,turbidity_fnu,True,True,
200,USGS:404133073041801,USGS:404254073041701,,,,"Great South Bay 9 near Browns River, NY","Great South Bay 5 near Browns River, NY",weak_evidence,2520.09,water_temp,175.0,0.9952,-0.1542,water_temp+diss_oxy,water_temp+diss_oxy,,,
201,USGS:01362342,USGS:01362347,,,,HOLLOW TREE BROOK AT LANESVILLE NY,STONY CLOVE CREEK AT LANESVILLE NY,weak_evidence,2541.31,turbidity_fnu,2287.0,0.6853,-3.0798,discharge+gage_height+turbidity_fnu,turbidity_fnu,True,True,
202,USGS:01465995,USGS:01466000,,,,"MB Mt Misery Bk at Glass Works Rd, Byrne St For NJ",Middle Br Mount Misery Bk in Byrne State Forest NJ,weak_evidence,2550.25,water_temp,356.0,0.9987,0.2,water_temp,water_temp,True,True,
203,USGS:01362312,USGS:01362330,,,,STONY CLOVE CREEK AT EDGEWOOD NY,STONY CLOVE CREEK NEAR LANESVILLE NY,weak_evidence,2576.02,turbidity_fnu,1999.0,0.7796,-0.9562,turbidity_fnu,turbidity_fnu,True,True,
204,USGS:01466081,USGS:01466088,,,,NB Mt Misery Bk at Glassworks Rd at Byrne St Fr NJ,NB Mount Misery Brook at Mount Misery NJ,weak_evidence,2593.28,water_temp,348.0,0.9895,1.5,water_temp,water_temp,True,True,
205,USGS:01467004,USGS:01467005,,,,North Branch Rancocas Creek at Smithville NJ,NB Rancocas C at Iron Works Park at Mount Holly NJ,weak_evidence,2696.86,water_temp,332.0,0.9959,-0.113,water_temp,gage_height+water_temp+spec_cond,True,True,
206,USGS:01362330,USGS:01362347,,,,STONY CLOVE CREEK NEAR LANESVILLE NY,STONY CLOVE CREEK AT LANESVILLE NY,weak_evidence,2744.07,turbidity_fnu,1957.0,0.7406,-2.7531,turbidity_fnu,turbidity_fnu,True,True,
207,USGS:01362322,USGS:01362345,,,,MYRTLE BROOK AT STATE HWY 214 AT EDGEWOOD NY,HOLLOW TREE BROOK AT ST HWY 214 AT LANESVILLE NY,weak_evidence,2760.11,turbidity_fnu,2271.0,0.3727,-10.4781,discharge+gage_height+turbidity_fnu,turbidity_fnu,True,True,
208,USGS:413628087201401,USGS:413632087221900,,,,"GRAND CALUMET RIVER AT BROADWAY ST AT GARY, IN","GRAND CALUMET RIVER AT BRIDGE ST AT GARY, IN",weak_evidence,2852.29,water_temp,202.0,0.9876,0.1307,water_temp+diss_oxy,water_temp+diss_oxy,True,True,
209,USGS:01362347,USGS:01362352,,,,STONY CLOVE CREEK AT LANESVILLE NY,STONY CLOVE CR ABV WARNER CR AT CHICHESTER NY,weak_evidence,2872.74,turbidity_fnu,1550.0,0.934,-0.5575,turbidity_fnu,turbidity_fnu,True,True,
210,USGS:01455030,USGS:01455045,,,,Lopatcong Creek at Allens Mills NJ,Lopatcong Creek at Uniontown NJ,weak_evidence,2882.03,water_temp,329.0,0.9965,-0.3,water_temp,water_temp,True,True,
211,USGS:413651087285001,USGS:413722087304901,,,,"GRAND CALUMET R AT INDPLS BLVD AT EAST CHICAGO, IN","GRAND CALUMET RIVER AT SOHL AV AT HAMMOND, IN",weak_evidence,2894.51,water_temp,199.0,0.9766,0.927,water_temp+diss_oxy,water_temp+diss_oxy,True,True,
212,USGS:465240096465000,USGS:465414096462600,,,,"RED RIVER FLOOD GAGE 4 AT FARGO, ND","RED RIVER FLOOD GAGE 5 AT FARGO, ND",weak_evidence,2935.14,gage_height,158.0,0.9969,0.5227,gage_height,gage_height,True,True,
213,USGS:01362312,USGS:01362332,,,,STONY CLOVE CREEK AT EDGEWOOD NY,STONY CLOVE CREEK AT WRIGHT RD NEAR LANESVILLE NY,weak_evidence,2991.88,turbidity_fnu,2399.0,0.7444,-0.9431,turbidity_fnu,turbidity_fnu,True,True,
214,USGS:01455030,USGS:01455047,,,,Lopatcong Creek at Allens Mills NJ,"Lopatcong Creek tributary at Uniontown, NJ",weak_evidence,3127.34,water_temp,388.0,0.9923,-0.8,water_temp,water_temp,True,True,
215,USGS:05530990,USGS:05531015,,,,"SALT CREEK AT ROLLING MEADOWS, IL","SALT CREEK AT HIGGINS RD NR ELK GROVE VILLAGE, IL",weak_evidence,3272.5,gage_height,6029.0,0.7004,-0.9571,discharge+gage_height,gage_height,True,True,
216,USGS:01362365,USGS:01362398,,,,OX CLOVE AT CHICHESTER NY,STONY CLOVE CR ABOVE ST HWY 214 AT PHOENICIA NY,weak_evidence,3284.92,turbidity_fnu,312.0,0.9002,0.1806,turbidity_fnu,turbidity_fnu,True,True,
217,USGS:01362345,USGS:01362350,,,,HOLLOW TREE BROOK AT ST HWY 214 AT LANESVILLE NY,STONY CLOVE CREEK AT CHICHESTER NY,weak_evidence,3310.93,turbidity_fnu,397.0,0.7062,5.124,turbidity_fnu,turbidity_fnu,True,True,
218,USGS:01362336,USGS:01362350,,,,STONY CLOVE CR AT JANSSEN RD AT LANESVILLE NY,STONY CLOVE CREEK AT CHICHESTER NY,weak_evidence,3331.25,turbidity_fnu,958.0,0.8641,-3.5984,discharge+gage_height+turbidity_fnu,turbidity_fnu,True,True,
219,USGS:04092677,USGS:413626087211101,,,,"GRAND CALUMET RIVER AT INDUSTRIAL HWY AT GARY, IN","GRAND CALUMET RIVER AT BUCHANAN ST AT GARY, IN",weak_evidence,3353.17,water_temp,183.0,0.9855,-0.7521,discharge+gage_height+water_temp+diss_oxy,water_temp+diss_oxy,True,True,
220,USGS:01362332,USGS:01362349,,,,STONY CLOVE CREEK AT WRIGHT RD NEAR LANESVILLE NY,STONY CLOVE CR ABOVE MOGGRE RD NEAR CHICHESTER NY,weak_evidence,3512.6,turbidity_fnu,2437.0,0.7434,-1.2635,turbidity_fnu,turbidity_fnu,True,True,
221,USGS:01362322,USGS:01362347,,,,MYRTLE BROOK AT STATE HWY 214 AT EDGEWOOD NY,STONY CLOVE CREEK AT LANESVILLE NY,weak_evidence,3548.67,turbidity_fnu,2957.0,0.7556,-2.2321,discharge+gage_height+turbidity_fnu,turbidity_fnu,True,True,
222,USGS:01362342,USGS:01362349,,,,HOLLOW TREE BROOK AT LANESVILLE NY,STONY CLOVE CR ABOVE MOGGRE RD NEAR CHICHESTER NY,weak_evidence,3559.61,turbidity_fnu,2155.0,0.5978,-2.626,discharge+gage_height+turbidity_fnu,turbidity_fnu,True,True,
223,USGS:05437641,USGS:05437645,,,,ROCK RIVER AT AUBURN ST AT ROCKFORD,"ROCK RIVER ABOVE DAM AT ROCKFORD, IL",weak_evidence,3588.51,gage_height,3896.0,0.4921,0.1859,gage_height,gage_height,True,True,
224,USGS:05401063,USGS:05401065,,,,"LAKE HURON NEAR PLAINFIELD, WI","LONG LAKE NEAR PLAINFIELD, WI",weak_evidence,3699.33,gage_height,2726.0,0.9749,24.7955,gage_height,gage_height,False,False,
225,USGS:01104683,USGS:01104705,,,,"MUDDY RIVER AT BROOKLINE, MA","CHARLES RIVER AT FIRST ST AT CAMBRIDGE, MA",weak_evidence,3862.16,gage_height,6452.0,0.1739,-30.3825,gage_height,gage_height,True,True,
226,USGS:01362330,USGS:01362349,,,,STONY CLOVE CREEK NEAR LANESVILLE NY,STONY CLOVE CR ABOVE MOGGRE RD NEAR CHICHESTER NY,weak_evidence,3896.37,turbidity_fnu,1791.0,0.6789,-2.3344,turbidity_fnu,turbidity_fnu,True,True,
227,USGS:01362345,USGS:01362352,,,,HOLLOW TREE BROOK AT ST HWY 214 AT LANESVILLE NY,STONY CLOVE CR ABV WARNER CR AT CHICHESTER NY,weak_evidence,3919.68,turbidity_fnu,1676.0,0.7749,8.3944,turbidity_fnu,turbidity_fnu,True,True,
228,USGS:01362336,USGS:01362352,,,,STONY CLOVE CR AT JANSSEN RD AT LANESVILLE NY,STONY CLOVE CR ABV WARNER CR AT CHICHESTER NY,weak_evidence,3945.11,turbidity_fnu,1345.0,0.4907,-0.8993,discharge+gage_height+turbidity_fnu,turbidity_fnu,True,True,
229,USGS:07364200,USGS:07364203,,,,"Bayou Bartholomew near Jones, LA","Bayou Bartholomew NW of Jones, LA",weak_evidence,4037.92,gage_height,6491.0,0.9988,0.5029,discharge+gage_height,gage_height,True,True,
230,USGS:01362312,USGS:01362342,,,,STONY CLOVE CREEK AT EDGEWOOD NY,HOLLOW TREE BROOK AT LANESVILLE NY,weak_evidence,4306.63,turbidity_fnu,2164.0,0.6355,-0.1089,turbidity_fnu,discharge+gage_height+turbidity_fnu,True,True,
231,USGS:01362312,USGS:01362336,,,,STONY CLOVE CREEK AT EDGEWOOD NY,STONY CLOVE CR AT JANSSEN RD AT LANESVILLE NY,weak_evidence,4419.83,turbidity_fnu,1523.0,0.5108,-2.4384,turbidity_fnu,discharge+gage_height+turbidity_fnu,True,True,
232,USGS:05401063,USGS:05401067,,,,"LAKE HURON NEAR PLAINFIELD, WI","PLAINFIELD LAKE NEAR PLAINFIELD, WI",weak_evidence,4465.99,gage_height,1175.0,-0.0193,24.89,gage_height,gage_height,False,False,
233,USGS:01465987,USGS:01465991,,,,SB Mount Misery Brook near Woodmansie NJ,South Branch Mt Misery Bk in Byrne State Forest NJ,weak_evidence,4466.76,water_temp,447.0,0.9757,0.4,water_temp,water_temp,True,True,
234,USGS:01362312,USGS:01362345,,,,STONY CLOVE CREEK AT EDGEWOOD NY,HOLLOW TREE BROOK AT ST HWY 214 AT LANESVILLE NY,weak_evidence,4491.47,turbidity_fnu,1520.0,0.1055,-11.8145,turbidity_fnu,turbidity_fnu,True,True,
235,USGS:01362342,USGS:01362350,,,,HOLLOW TREE BROOK AT LANESVILLE NY,STONY CLOVE CREEK AT CHICHESTER NY,weak_evidence,4544.21,turbidity_fnu,1318.0,0.6872,-4.4984,discharge+gage_height+turbidity_fnu,turbidity_fnu,True,True,
236,USGS:07164480,USGS:07164500,,,,"Arkansas Rv at SH 344 nr Tulsa, OK","Arkansas River at Tulsa, OK",weak_evidence,4548.48,gage_height,761.0,0.7645,1.7142,gage_height,discharge+gage_height+water_temp+diss_oxy,False,True,
237,USGS:01362332,USGS:01362350,,,,STONY CLOVE CREEK AT WRIGHT RD NEAR LANESVILLE NY,STONY CLOVE CREEK AT CHICHESTER NY,weak_evidence,4561.04,turbidity_fnu,2046.0,0.6384,-2.4649,turbidity_fnu,turbidity_fnu,True,True,
238,USGS:04092677,USGS:413628087201401,,,,"GRAND CALUMET RIVER AT INDUSTRIAL HWY AT GARY, IN","GRAND CALUMET RIVER AT BROADWAY ST AT GARY, IN",weak_evidence,4662.52,water_temp,189.0,0.9722,-0.7833,discharge+gage_height+water_temp+diss_oxy,water_temp+diss_oxy,True,True,
239,USGS:01362322,USGS:01362349,,,,MYRTLE BROOK AT STATE HWY 214 AT EDGEWOOD NY,STONY CLOVE CR ABOVE MOGGRE RD NEAR CHICHESTER NY,weak_evidence,4701.79,turbidity_fnu,2760.0,0.7816,-1.7391,discharge+gage_height+turbidity_fnu,turbidity_fnu,True,True,
240,USGS:05054000,USGS:465414096462600,,,,"RED RIVER OF THE NORTH AT FARGO, ND","RED RIVER FLOOD GAGE 5 AT FARGO, ND",weak_evidence,4790.42,gage_height,169.0,0.9903,-261.787,discharge+gage_height+water_temp+spec_cond+turbidity_fnu+diss_oxy+ph,gage_height,True,True,
241,USGS:01362330,USGS:01362350,,,,STONY CLOVE CREEK NEAR LANESVILLE NY,STONY CLOVE CREEK AT CHICHESTER NY,weak_evidence,4932.77,turbidity_fnu,2136.0,0.7858,-3.9101,turbidity_fnu,turbidity_fnu,True,True,
242,USGS:01362342,USGS:01362352,,,,HOLLOW TREE BROOK AT LANESVILLE NY,STONY CLOVE CR ABV WARNER CR AT CHICHESTER NY,weak_evidence,5100.9,turbidity_fnu,1024.0,0.6134,-3.6697,discharge+gage_height+turbidity_fnu,turbidity_fnu,True,True,
243,USGS:01362332,USGS:01362352,,,,STONY CLOVE CREEK AT WRIGHT RD NEAR LANESVILLE NY,STONY CLOVE CR ABV WARNER CR AT CHICHESTER NY,weak_evidence,5194.9,turbidity_fnu,1381.0,0.9156,-2.4427,turbidity_fnu,turbidity_fnu,True,True,
244,USGS:01362312,USGS:01362347,,,,STONY CLOVE CREEK AT EDGEWOOD NY,STONY CLOVE CREEK AT LANESVILLE NY,weak_evidence,5319.08,turbidity_fnu,2262.0,0.6207,-3.1576,turbidity_fnu,turbidity_fnu,True,True,
245,USGS:01362354,USGS:0136235575,,,,WARNER CR BLW SILVER HOLLOW NOTCH NR EDGEWOOD NY,WARNER CREEK NR CARL MOUNTAIN NR CHICHESTER NY,weak_evidence,5457.72,turbidity_fnu,430.0,0.6672,-0.1685,turbidity_fnu,turbidity_fnu,True,True,
246,USGS:01362330,USGS:01362352,,,,STONY CLOVE CREEK NEAR LANESVILLE NY,STONY CLOVE CR ABV WARNER CR AT CHICHESTER NY,weak_evidence,5568.67,turbidity_fnu,772.0,0.8708,-3.6497,turbidity_fnu,turbidity_fnu,True,True,
247,USGS:01362322,USGS:01362350,,,,MYRTLE BROOK AT STATE HWY 214 AT EDGEWOOD NY,STONY CLOVE CREEK AT CHICHESTER NY,weak_evidence,5736.38,turbidity_fnu,1511.0,0.6463,-4.0582,discharge+gage_height+turbidity_fnu,turbidity_fnu,True,True,
248,USGS:04087000,USGS:040870115,,,,"MILWAUKEE RIVER AT MILWAUKEE, WI","MILWAUKEE RIVER D/S E CHERRY ST AT MILWAUKEE, WI",weak_evidence,5851.25,gage_height,725.0,-0.1126,-0.9612,discharge+gage_height+water_temp,gage_height+water_temp+turbidity_ntu,True,True,
249,USGS:01362354,USGS:0136235580,,,,WARNER CR BLW SILVER HOLLOW NOTCH NR EDGEWOOD NY,WARNER CREEK IN SILVER HOLLOW NEAR CHICHESTER NY,weak_evidence,5902.51,turbidity_fnu,383.0,0.5845,-6.0552,turbidity_fnu,turbidity_fnu,True,True,
250,USGS:01362322,USGS:01362352,,,,MYRTLE BROOK AT STATE HWY 214 AT EDGEWOOD NY,STONY CLOVE CR ABV WARNER CR AT CHICHESTER NY,weak_evidence,6372.42,turbidity_fnu,1652.0,0.8902,-2.2479,discharge+gage_height+turbidity_fnu,turbidity_fnu,True,True,
251,USGS:06329610,USGS:06329620,,,,"YELLOWSTONE RIVER NO. 2 NEAR CARTWRIGHT, ND","YELLOWSTONE RIVER NO. 3 NEAR BUFORD, ND",weak_evidence,6466.34,gage_height,32.0,0.9829,15.8295,gage_height,gage_height,True,True,
252,USGS:01362312,USGS:01362349,,,,STONY CLOVE CREEK AT EDGEWOOD NY,STONY CLOVE CR ABOVE MOGGRE RD NEAR CHICHESTER NY,weak_evidence,6470.48,turbidity_fnu,1975.0,0.4877,-3.081,turbidity_fnu,turbidity_fnu,True,True,
253,USGS:07347950,USGS:07348000,,,,"Twelvemile Bayou nr Mooringsport, LA","Twelvemile Bayou near Dixie, LA",weak_evidence,6772.3,gage_height,1139.0,0.9987,41.4558,gage_height,discharge+gage_height,True,True,
254,USGS:073745245,USGS:07374525,,,,"Caernarvon Canal Sector Gate at Caernarvon, La","Mississippi River at Belle Chasse, LA",weak_evidence,6848.25,gage_height,958.0,0.2648,-2.3961,gage_height,discharge+gage_height+turbidity_fnu,False,True,
255,USGS:01362354,USGS:01362356,,,,WARNER CR BLW SILVER HOLLOW NOTCH NR EDGEWOOD NY,WARNER CREEK AT SILVER HOLLOW RD NR CHICHESTER NY,weak_evidence,6919.57,turbidity_fnu,430.0,0.6669,-5.738,turbidity_fnu,turbidity_fnu,True,True,
256,USGS:06800500,USGS:411351096164101,,,,"Elkhorn River at Waterloo, Nebr.","Elkhorn River at Center St Bridge near Venice, NE",weak_evidence,7013.51,water_temp,47.0,0.9931,-0.4,nitrate+discharge+gage_height+water_temp+spec_cond+turbidity_fnu+diss_oxy,water_temp,True,True,
257,USGS:01362312,USGS:01362350,,,,STONY CLOVE CREEK AT EDGEWOOD NY,STONY CLOVE CREEK AT CHICHESTER NY,weak_evidence,7500.62,turbidity_fnu,1333.0,0.705,-5.1093,turbidity_fnu,turbidity_fnu,True,True,
258,USGS:01362312,USGS:01362352,,,,STONY CLOVE CREEK AT EDGEWOOD NY,STONY CLOVE CR ABV WARNER CR AT CHICHESTER NY,weak_evidence,8136.74,turbidity_fnu,988.0,0.7542,-2.9089,turbidity_fnu,turbidity_fnu,True,True,
259,USGS:06470475,USGS:06470500,,,,"JAMES RIVER AT CNTY RD 34 NR GRAND RAPIDS, ND","JAMES RIVER AT LAMOURE, ND",weak_evidence,10582.29,gage_height,334.0,0.9618,-0.0898,gage_height,discharge+gage_height+water_temp,True,True,
260,USGS:06471500,USGS:06471510,,,,"ELM RIVER AT WESTPORT, SD","ELM RIVER NEAR ORDWAY, SD",weak_evidence,12324.3,gage_height,1010.0,0.9515,0.1554,discharge+gage_height,gage_height,True,True,
261,USGS:073745257,USGS:07380238,,,,Crooked B. NW of L. Cuatro Caballo near Delacroix,"Naomi Diversion Canal near Naomi, LA",weak_evidence,25703.66,gage_height,852.0,0.3303,1.0752,gage_height+water_temp+spec_cond,discharge+gage_height,False,False,
262,USGS:01646500,USGS:01646502,,,,"POTOMAC RIVER NEAR WASH, DC LITTLE FALLS PUMP STA","POTOMAC RIVER, ADJUSTED, NEAR WASH, DC",dual_registration,0.0,discharge,6510.0,1.0,-15.0079,nitrate+discharge+gage_height+water_temp+spec_cond+turbidity_fnu+diss_oxy+ph,discharge,True,True,
263,MPCA:39101001,USGS:05353800,,,,"Straight River nr Faribault, MN","STRAIGHT RIVER NEAR FARIBAULT, MN",dual_registration,24.5,discharge,6697.0,0.9306,0.0821,nitrate+discharge+gage_height,discharge,True,True,
264,MPCA:39004002,USGS:05355200,,,,"Cannon River at Welch, MN","CANNON RIVER AT WELCH, MN",dual_registration,30.32,discharge,6799.0,0.9511,0.2265,nitrate+discharge+gage_height,discharge,True,True,
265,USGS:300127090045800,USGS:300128090045800,,,,"Bayou Saint John inside gate at New Orleans, LA","Bayou Saint John outside gate at New Orleans, LA",dual_registration,30.83,spec_cond,1271.0,0.8457,41.7708,gage_height+water_temp+spec_cond+diss_oxy,gage_height+water_temp+spec_cond+diss_oxy,True,True,
266,USGS:02076295,USGS:02076296,,,,"WHITE OAK CREEK ABOVE NEAR CHATHAM, VA","WHITE OAK CREEK BELOW NEAR CHATHAM, VA",dual_registration,42.92,spec_cond,145.0,0.9967,0.0729,water_temp+spec_cond+turbidity_fnu+diss_oxy+ph,gage_height+water_temp+spec_cond+turbidity_fnu+diss_oxy+ph,True,True,
267,USGS:07099969,USGS:07099970,,,,"ARKANSAS R. AT ST CHARLES MESA DIVER. AT PUEBLO,CO","ARKANSAS RIVER AT MOFFAT STREET AT PUEBLO, CO",dual_registration,45.89,spec_cond,5254.0,0.9942,30.2708,water_temp+spec_cond,discharge+gage_height+spec_cond,True,True,
268,USGS:424129077495501,USGS:424131077495801,,,,"NY-SW4 ALFRED FARMS EDGE OF FIELD, SONYEA NY","NY-SW3 ALFRED FARMS EDGE OF FIELD, SONYEA NY",dual_registration,70.32,discharge,1670.0,0.8445,0.0,discharge,discharge,True,True,
269,USGS:421650071120401,USGS:421652071120601,,,,"MA-HWY-I95S-HMA-STATION 00567 NEEDHAM, MA","MA-HWY-I95S-OGFC-STATION 00568 NEEDHAM, MA",dual_registration,94.78,discharge,1779.0,0.9277,0.0,discharge+water_temp+spec_cond,discharge+water_temp+spec_cond,True,True,
270,USGS:02074556,USGS:02074557,,,,"SANDY CREEK ABOVE NEAR MOUNT HERMAN, VA","SANDY CREEK BELOW NEAR MOUNT HERMAN, VA",dual_registration,97.06,spec_cond,147.0,0.9959,1.1875,gage_height+water_temp+spec_cond+turbidity_fnu+diss_oxy+ph,gage_height+water_temp+spec_cond+turbidity_fnu+diss_oxy+ph,True,True,
271,USGS:450615091444001,USGS:450618091444001,,,,"DISCOVERY FARMS-RED CEDAR WATERWAY 1 NR COLFAX, WI","DISCOVERY FARMS-RED CEDAR WATERWAY 2 NR COLFAX, WI",dual_registration,101.98,discharge,719.0,0.9674,0.0,discharge,discharge,True,True,
272,USGS:391040084343800,USGS:391043084343500,,,,M Branch Shepherd Creek at RM 0.04 near Mt Airy OH,M Branch Shepherd Creek at RM 0.15 near Mt Airy OH,dual_registration,109.46,discharge,301.0,0.9847,0.0,discharge,discharge,True,True,
273,USGS:424242090230701,USGS:424245090231000,,,,"U.W. PLATTEVILLE FARMS SITE 07 NR PLATTEVILLE, WI","U.W. PLATTEVILLE FARMS SITE 08 NR PLATTEVILLE, WI",dual_registration,109.81,discharge,363.0,0.9958,0.0,discharge,discharge,True,True,
274,MPCA:40006001,USGS:05378500,,,,"Mississippi River at Winona, MN","MISSISSIPPI RIVER AT WINONA, MN",dual_registration,123.36,discharge,5584.0,1.0,0.0,nitrate+discharge+gage_height,discharge+gage_height,True,True,
275,USGS:0207635082,USGS:0207635085,,,,"CHERRYSTONE CK ABOVE NR CO RD 1444 NR CHATHAM, VA","CHERRYSTONE CK BELOW NR CO RD 1444 NR CHATHAM, VA",dual_registration,130.35,spec_cond,145.0,0.9997,-0.1354,water_temp+spec_cond+turbidity_fnu+diss_oxy+ph,gage_height+water_temp+spec_cond+turbidity_fnu+diss_oxy+ph,True,True,
276,USGS:411607084241200,USGS:411610084240800,,,,Inflow to wetland nr Winn Rd nr Defiance OH,Wetland outflow near Winn Rd near Defiance OH,dual_registration,131.28,discharge,1033.0,0.9339,0.0,discharge,discharge,True,True,
277,USGS:06714360,USGS:394839104570300,,,,"SAND CRK ABV BURLINGTON DITCH NR COMMERCE CITY, CO","SAND CREEK AT MOUTH NR COMMERCE CITY,CO",dual_registration,133.41,discharge,4599.0,0.9961,-0.0113,discharge,discharge,False,True,
278,USGS:450654091441501,USGS:450659091441401,,,,"DISCOVERY FARMS-RED CEDAR WATERWAY 3 NR COLFAX, WI","DISCOVERY FARMS-RED CEDAR WATERWAY 4 NR COLFAX, WI",dual_registration,134.32,discharge,712.0,0.9697,0.0,discharge,discharge,False,False,
279,USGS:411228084541701,USGS:411229084541101,,,,"OVERLAND FLOW WEST OF BULL RAPIDS RD NR HARLAN, IN","OVERLAND FLOW EAST OF BULL RAPIDS RD NR HARLAN, IN",dual_registration,143.6,discharge,3340.0,0.906,0.0,discharge,discharge,True,True,
280,USGS:442114088085701,USGS:442119088085501,,,,"GLRI WATERWAY NUMBER 5 NR WRIGHTSTOWN, WI","GLRI WATERWAY NUMBER 4 NR WRIGHTSTOWN, WI",dual_registration,154.39,discharge,4122.0,0.9299,0.0,discharge,discharge,True,True,
281,USGS:03520967,USGS:03520968,,,,"INDIAN CR ALONG N & W RAILROAD NR CEDAR BLUFF, VA","INDIAN CREEK ABOVE RT 631 NEAR CEDAR BLUFF, VA",dual_registration,157.54,spec_cond,97.0,0.9969,0.8958,water_temp+spec_cond+turbidity_fnu+ph,water_temp+spec_cond+turbidity_fnu+ph,True,True,
282,USGS:03520980,USGS:03520981,,,,"INDIAN CREEK TRIB ALONG RT 631 NR CEDAR BLUFF, VA","INDIAN CREEK TRIBUTARY AB MOUTH NR CEDAR BLUFF, VA",dual_registration,173.94,spec_cond,101.0,0.9212,17.1875,water_temp+spec_cond+turbidity_fnu,water_temp+spec_cond+turbidity_fnu,True,True,
283,USGS:424421077495301,USGS:424428077495401,,,,"NY-SW1 MERRIMAC FARMS EDGE OF FIELD, E GROVELAND","NY-SW2 MERRIMAC FARMS EDGE OF FIELD, E GROVELAND",dual_registration,189.62,discharge,2391.0,1.0,0.0,discharge,discharge,True,True,
284,USGS:424314090240601,USGS:424317090241401,,,,"U.W. PLATTEVILLE FARMS SITE 02 NR PLATTEVILLE, WI","U.W. PLATTEVILLE FARMS SITE 2B NEAR PLATTEVILLE,WI",dual_registration,213.31,discharge,571.0,0.8697,0.0,discharge,discharge,False,False,
285,USGS:0135749950,USGS:01357500,,,,MOHAWK RIVER DIVERSION TO POWER PLANT AT COHOES NY,MOHAWK RIVER AT COHOES NY,dual_registration,217.37,spec_cond,596.0,0.9986,4.849,water_temp+spec_cond+turbidity_fnu+diss_oxy+ph+fdom+fchl+fpc,discharge+gage_height+water_temp+spec_cond+turbidity_fnu,True,True,
286,USGS:434244090470801,USGS:434246090465801,,,,"DISCOVERY FARMS-JERSEY WATERWAY 2 NEAR CASHTON, WI","DISCOVERY FARMS-JERSEY WATERWAY 3 NEAR CASHTON, WI",dual_registration,224.11,discharge,2513.0,0.965,0.0,discharge,discharge,True,True,
287,USGS:07099970,USGS:07099971,,,,"ARKANSAS RIVER AT MOFFAT STREET AT PUEBLO, CO","ARKANSAS RIVER BELOW MOFFAT STREET AT PUEBLO, CO",dual_registration,235.19,spec_cond,925.0,0.9056,43.485,discharge+gage_height+spec_cond,water_temp+spec_cond,True,True,
288,MPCA:29001001,USGS:05317000,,,,"Cottonwood River nr New Ulm, MN68","COTTONWOOD RIVER NEAR NEW ULM, MN",dual_registration,249.64,discharge,744.0,0.9997,0.0012,nitrate+discharge+gage_height,discharge+gage_height,True,True,
289,USGS:01105608,USGS:011056081,,,,"WHITMANS POND FISH LADDER AT EAST WEYMOUTH, MA",WHITMANS POND COMBINED BY-PASS & FISH LADDER FLOW,distinct,0.0,discharge,639.0,0.1134,-0.1872,discharge,discharge,True,True,
290,USGS:0414826503,USGS:0414826504,,,,"TRIB TILE TO KIMBALL DRAIN NEAR SWARTZ CREEK, MI","TRIB TO KIMBALL DRAIN NEAR SWARTZ CREEK, MI",distinct,0.0,discharge,2290.0,0.44,0.0,discharge,discharge,True,True,
291,USGS:413611087201001,USGS:413611087201002,,,,"CITY HALL NORTH FLUME AT GARY, IN","CITY HALL SOUTH FLUME AT GARY, IN",distinct,0.0,discharge,173.0,0.2997,-0.0,discharge+gage_height+spec_cond,discharge+gage_height+spec_cond,True,True,
292,USGS:01306495,USGS:01306500,,,,CONNETQUOT RIVER DISTRIBUTARY NEAR OAKDALE NY,CONNETQUOT RIVER NEAR OAKDALE NY,distinct,0.04,discharge,2807.0,0.6586,-0.6754,discharge+gage_height+water_temp+spec_cond+turbidity_fnu+diss_oxy+ph,discharge,True,True,
293,USGS:411229084541101,USGS:411229084541102,,,,"OVERLAND FLOW EAST OF BULL RAPIDS RD NR HARLAN, IN","DRAIN TILE EAST OF BULL RAPIDS RD NR HARLAN, IN",distinct,4.62,discharge,3972.0,0.5375,-0.0003,discharge,discharge,True,True,
294,USGS:441520088045001,USGS:441520088045002,,,,"GLRI EAST RIVER WATERWAY 3 NEAR GREENLEAF, WI","GLRI EAST RIVER TILE 1 NEAR GREENLEAF, WI",distinct,7.61,discharge,3469.0,0.4367,-0.0001,discharge,discharge,True,True,
295,USGS:01306495,USGS:01306499,,,,CONNETQUOT RIVER DISTRIBUTARY NEAR OAKDALE NY,CONNETQUOT RIVER NEAR NORTH GREAT RIVER NY,distinct,9.75,discharge,2805.0,0.4417,-0.2048,discharge+gage_height+water_temp+spec_cond+turbidity_fnu+diss_oxy+ph,discharge,True,True,
296,USGS:01306499,USGS:01306500,,,,CONNETQUOT RIVER NEAR NORTH GREAT RIVER NY,CONNETQUOT RIVER NEAR OAKDALE NY,distinct,9.78,discharge,2829.0,0.9423,-0.4531,discharge,discharge,True,True,
297,USGS:424129077495501,USGS:424129077495502,,,,"NY-SW4 ALFRED FARMS EDGE OF FIELD, SONYEA NY","NY-TL2 ALFRED TILE EDGE OF FIELD, SONYEA",distinct,11.73,discharge,2209.0,1.0,-0.0,discharge,discharge,True,True,
298,USGS:411228084541701,USGS:411228084541702,,,,"OVERLAND FLOW WEST OF BULL RAPIDS RD NR HARLAN, IN","DRAIN TILE WEST OF BULL RAPIDS RD NR HARLAN, IN",distinct,13.13,discharge,2727.0,0.6202,0.0,discharge,discharge,True,True,
299,USGS:424131077495801,USGS:424131077495802,,,,"NY-SW3 ALFRED FARMS EDGE OF FIELD, SONYEA NY","NY-TL1 ALFRED TILE EDGE OF FIELD, SONYEA NY",distinct,13.58,discharge,1670.0,0.286,-0.0001,discharge,discharge,True,True,
300,USGS:413611087200901,USGS:413611087201001,,,,"CITY HALL SOUTHEAST FLUME AT GARY, IN","CITY HALL NORTH FLUME AT GARY, IN",distinct,22.98,discharge,174.0,0.6401,0.0004,discharge+gage_height+spec_cond,discharge+gage_height+spec_cond,True,True,
301,USGS:413611087200901,USGS:413611087201002,,,,"CITY HALL SOUTHEAST FLUME AT GARY, IN","CITY HALL SOUTH FLUME AT GARY, IN",distinct,22.98,discharge,195.0,0.4633,0.0003,discharge+gage_height+spec_cond,discharge+gage_height+spec_cond,True,True,
302,USGS:413611087201001,USGS:413611087201101,,,,"CITY HALL NORTH FLUME AT GARY, IN","CITY HALL WEST FLUME AT GARY, IN",distinct,22.98,discharge,189.0,0.5008,0.0,discharge+gage_height+spec_cond,discharge+gage_height+spec_cond,True,True,
303,USGS:413611087201002,USGS:413611087201101,,,,"CITY HALL SOUTH FLUME AT GARY, IN","CITY HALL WEST FLUME AT GARY, IN",distinct,22.98,discharge,228.0,0.6018,0.0,discharge+gage_height+spec_cond,discharge+gage_height+spec_cond,True,True,
304,USGS:01467688,USGS:01467689,,,,WB Schuylkill River ab Pine Knot Disch at Duncott,"Pine Knot Disch 500 m bl Tunnel at Duncott, PA",distinct,23.28,discharge,1114.0,0.6897,-0.3128,discharge+water_temp,discharge+water_temp,True,True,
305,USGS:071948135,USGS:071948150,,,,"North Research Br at the WREC at Fayetteville, AR","Wetland BR at the WREC at Fayetteville, AR",distinct,24.79,discharge,854.0,0.8177,-0.0003,discharge,discharge,True,True,
306,USGS:01309950,USGS:01310000,,,,BELLMORE CREEK NEAR BELLMORE NY,BELLMORE CREEK AT BELLMORE NY,distinct,26.36,discharge,5338.0,0.9537,-0.0161,discharge,discharge,True,True,
307,USGS:413611087200901,USGS:413612087200901,,,,"CITY HALL SOUTHEAST FLUME AT GARY, IN","CITY HALL NORTHEAST FLUME AT GARY, IN",distinct,31.09,discharge,211.0,0.7979,-0.0,discharge+gage_height+spec_cond,discharge+gage_height+spec_cond,True,True,
308,USGS:413611087201001,USGS:413612087200901,,,,"CITY HALL NORTH FLUME AT GARY, IN","CITY HALL NORTHEAST FLUME AT GARY, IN",distinct,38.66,discharge,173.0,0.7478,-0.0004,discharge+gage_height+spec_cond,discharge+gage_height+spec_cond,True,True,
309,USGS:413611087201002,USGS:413612087200901,,,,"CITY HALL SOUTH FLUME AT GARY, IN","CITY HALL NORTHEAST FLUME AT GARY, IN",distinct,38.66,discharge,213.0,0.5334,-0.0002,discharge+gage_height+spec_cond,discharge+gage_height+spec_cond,True,True,
310,USGS:413611087200901,USGS:413611087201101,,,,"CITY HALL SOUTHEAST FLUME AT GARY, IN","CITY HALL WEST FLUME AT GARY, IN",distinct,45.96,discharge,211.0,0.5712,0.0002,discharge+gage_height+spec_cond,discharge+gage_height+spec_cond,True,True,
311,USGS:413611087201101,USGS:413612087200901,,,,"CITY HALL WEST FLUME AT GARY, IN","CITY HALL NORTHEAST FLUME AT GARY, IN",distinct,55.49,discharge,237.0,0.6869,-0.0002,discharge+gage_height+spec_cond,discharge+gage_height+spec_cond,True,True,
312,USGS:06659500,USGS:06659502,,,,"LARAMIE R AND PIONEER CANAL NR WOODS LANDING, WY","LARAMIE R BL PIONEER CANAL, NR WOODS LANDING, WY",distinct,55.75,discharge,1537.0,0.9689,1.4753,discharge,discharge,False,True,
313,USGS:424129077495501,USGS:424131077495802,,,,"NY-SW4 ALFRED FARMS EDGE OF FIELD, SONYEA NY","NY-TL1 ALFRED TILE EDGE OF FIELD, SONYEA NY",distinct,61.46,discharge,2209.0,1.0,-0.0001,discharge,discharge,True,True,
314,USGS:464115097254700,USGS:464115097255000,,,,"DISCOVERY FARMS WATERWAY SITE 2 NEAR EMBDEN, ND","DISCOVERY FARMS WATERWAY SITE 1 NEAR EMBDEN, ND",distinct,63.98,discharge,2649.0,0.4986,0.0,discharge,discharge,False,False,
315,USGS:393810105453901,USGS:393812105453801,,,,LC-1137-S T2 LEAVENWORTH CK 1137M DS FR INJ,LC-1203-L LEAV CK LFT BK INF 1203M DS FR INJ WCX T,distinct,68.36,spec_cond,4.0,,-220.7921,water_temp+spec_cond+ph,water_temp+spec_cond+ph,True,True,
316,USGS:06286490,USGS:06287000,,,,Big Horn Canal near St. Xavier MT,Bighorn R bl Yellowtail Afterbay Dam nr St. Xavier,distinct,70.84,discharge,3296.0,0.1648,-78.5509,discharge,discharge+water_temp,True,True,
317,USGS:424129077495502,USGS:424131077495802,,,,"NY-TL2 ALFRED TILE EDGE OF FIELD, SONYEA","NY-TL1 ALFRED TILE EDGE OF FIELD, SONYEA NY",distinct,71.01,discharge,2209.0,1.0,-0.0,discharge,discharge,True,True,
318,USGS:07250550,USGS:07250551,,,,"AR River at James W. Trimble L&D nr Van Buren, AR","ARK RIVER HYDROPLANT AT TRIMBLE L&D NR VAN BUREN,",distinct,74.81,discharge,3600.0,-0.1851,127.4258,discharge,discharge,True,False,
319,USGS:424129077495502,USGS:424131077495801,,,,"NY-TL2 ALFRED TILE EDGE OF FIELD, SONYEA","NY-SW3 ALFRED FARMS EDGE OF FIELD, SONYEA NY",distinct,80.73,discharge,1670.0,0.2637,0.0,discharge,discharge,True,True,
320,USGS:401350073594801,USGS:401350073595201,,,,Atlantic Oc in Deal Lk surge chmbr at Asbury Pk NJ,Deal Lake at Flume House at Asbury Park NJ,distinct,82.54,spec_cond,21.0,0.7181,4712.6042,water_temp+spec_cond+diss_oxy+ph,water_temp+spec_cond+turbidity_fnu+diss_oxy+ph,True,True,
321,USGS:0414826544,USGS:0414826545,,,,"TRIB TO LUM DRAIN ADJ SHARP RD NR SWARTZ CREEK, MI","TRIB TILE TO LUM DRAIN NEAR SWARTZ CREEK, MI",distinct,95.8,discharge,1992.0,0.6183,-0.0003,discharge,discharge,True,True,
322,USGS:382628104493700,USGS:382629104493000,,,,"TURKEY CR WEST SEEP BL TELLER RES NR STONE CITY,CO","TURKEY C EAST SEEP BL TELLER RES NR STONE CITY, CO",distinct,100.99,discharge,6021.0,0.4772,0.0,discharge,discharge,True,True,
323,USGS:01100870,USGS:01100871,,,,"MERRIMACK RIVER AT NEWBURYPORT, MA","MERRIMACK RIVER AT BRIDGE MARINA AT SALISBURY, MA",distinct,104.46,,,,,gage_height,water_temp+diss_oxy,True,True,
324,USGS:06659501,USGS:06659502,,,,"PIONEER CANAL NEAR WOODS, WY","LARAMIE R BL PIONEER CANAL, NR WOODS LANDING, WY",distinct,107.84,discharge,1537.0,0.6363,-1.1553,discharge,discharge,True,True,
325,IWQIS:WQS0088,USGS:05458900,,,,West Fork Cedar River at Finchford (88 WFCF),"West Fork Cedar River at Finchford, IA",distinct,108.18,,,,,nitrate+water_temp+spec_cond+turbidity_unknown+diss_oxy+ph,discharge,True,True,
326,USGS:422204083023901,USGS:422207083023601,,,,COMBINED SEWER ACCESS SITE B AT RECOVERY PARK,COMBINED SEWER ACCESS SITE E AT RECOVERY PARK,distinct,110.84,spec_cond,290.0,0.3511,167.3229,water_temp+spec_cond,water_temp+spec_cond,False,False,
327,USGS:411605084240800,USGS:411607084241200,,,,Unnamed trib abv wetland nr Winn Rd nr Defiance OH,Inflow to wetland nr Winn Rd nr Defiance OH,distinct,111.35,discharge,1052.0,0.6356,0.0,discharge,discharge,True,True,
328,USGS:07105932,USGS:384047104510301,,,,LITTLE FOUNTAIN CR BELOW RIPLEY DITCH NR FT CARSON,"RIPLEY DITCH FROM L. FOUNTAIN CR AT FT. CARSON, CO",distinct,114.62,discharge,782.0,0.2462,0.0113,discharge,discharge,True,True,
329,IWQIS:WQS0121,USGS:06809500,,,,East Nishnabotna River at Red Oak (121ENRRO),"East Nishnabotna River at Red Oak, IA",distinct,116.8,,,,,nitrate,discharge+gage_height,True,True,
330,IWQIS:WQS0123,USGS:05387440,,,,Upper Iowa River at Bluffton (WQS123 UIRB),"Upper Iowa River at Bluffton, IA",distinct,125.04,,,,,nitrate,discharge,True,True,
331,USGS:03086000,USGS:03086001,,,,"Ohio River at Sewickley, PA","Ohio River (lower pool) at Sewickley, PA",distinct,127.48,,,,,discharge,gage_height,False,True,
332,USGS:431208089314901,USGS:431212089314801,,,,"DANE CO. MRBI TILE NO. 1 NR SPRINGFIELD CORNERS,WI","DANE CO MRBI WATERWAY 2 NR SPRINGFIELD CORNERS, WI",distinct,129.15,discharge,365.0,0.5363,0.0001,discharge,discharge,True,True,
333,IWQIS:WQS0118,USGS:05418500,,,,Maquoketa River at Maquoketa (118MRM),"Maquoketa River near Maquoketa, IA",distinct,129.55,,,,,nitrate+water_temp+spec_cond+turbidity_unknown+diss_oxy+ph,discharge+gage_height,True,True,
334,IWQIS:WQS0033,USGS:05490500,,,,Des Moines River at Keosauqua (33DMRK),"Des Moines River at Keosauqua, IA",distinct,130.8,,,,,nitrate+water_temp+turbidity_unknown,discharge+gage_height,True,True,
335,IWQIS:WQP0010,USGS:05451500,,,,Iowa River at Marshalltown (WQP10 IRM),"Iowa River at Marshalltown, IA",distinct,134.17,,,,,nitrate+water_temp+turbidity_unknown,discharge,True,True,
336,IWQIS:WQP0013,USGS:05481650,,,,Des Moines River at Des Moines (Saylorville 2 Downstream),"Des Moines River near Saylorville, IA",distinct,135.57,,,,,nitrate,discharge,True,True,
337,IWQIS:WQS0010,USGS:05474000,,,,Skunk River at Augusta (10SRA),"Skunk River at Augusta, IA",distinct,139.06,,,,,nitrate+water_temp+spec_cond+turbidity_unknown+diss_oxy+ph+fchl,discharge,True,True,
338,USGS:411228084541701,USGS:411229084541102,,,,"OVERLAND FLOW WEST OF BULL RAPIDS RD NR HARLAN, IN","DRAIN TILE EAST OF BULL RAPIDS RD NR HARLAN, IN",distinct,139.14,discharge,3342.0,0.4654,-0.0004,discharge,discharge,True,True,
339,USGS:391059084345500,USGS:391101084344900,,,,W Branch Shepherd Creek at RM 0.40 near Mt Airy OH,"Unnamed Drainage at Westonridge Rd, Mt Airy OH",distinct,144.83,discharge,485.0,0.6793,0.0006,discharge,discharge,True,True,
340,USGS:391100084344300,USGS:391101084344900,,,,"Unnamed Drainage at Horizonvue Dr, Mt Airy OH","Unnamed Drainage at Westonridge Rd, Mt Airy OH",distinct,146.0,discharge,1217.0,0.6734,0.0,discharge,discharge,True,True,
341,USGS:411228084541702,USGS:411229084541102,,,,"DRAIN TILE WEST OF BULL RAPIDS RD NR HARLAN, IN","DRAIN TILE EAST OF BULL RAPIDS RD NR HARLAN, IN",distinct,150.69,discharge,2954.0,0.7434,-0.0004,discharge,discharge,True,True,
342,USGS:411228084541702,USGS:411229084541101,,,,"DRAIN TILE WEST OF BULL RAPIDS RD NR HARLAN, IN","OVERLAND FLOW EAST OF BULL RAPIDS RD NR HARLAN, IN",distinct,155.09,discharge,2952.0,0.6557,0.0,discharge,discharge,True,True,
343,USGS:411605084240800,USGS:411610084240800,,,,Unnamed trib abv wetland nr Winn Rd nr Defiance OH,Wetland outflow near Winn Rd near Defiance OH,distinct,155.48,discharge,1042.0,0.5708,0.0,discharge,discharge,True,True,
344,USGS:424302090225601,USGS:424302090230301,,,,"U.W. PLATTEVILLE FARMS SITE 03 NR PLATTEVILLE, WI","U.W. PLATTEVILLE FARMS SITE 06 NR PLATTEVILLE, WI",distinct,158.32,discharge,359.0,0.549,0.0,discharge,discharge,True,True,
345,USGS:06659500,USGS:06659501,,,,"LARAMIE R AND PIONEER CANAL NR WOODS LANDING, WY","PIONEER CANAL NEAR WOODS, WY",distinct,159.18,discharge,1537.0,0.8072,3.2791,discharge,discharge,False,True,
346,USGS:472727101175000,USGS:472731101175500,,,,"DISCOVERY FARMS WATERWAY SITE 2 NEAR UNDERWOOD, ND","DISCOVERY FARMS WATERWAY SITE 1 NEAR UNDERWOOD, ND",distinct,161.8,discharge,2675.0,0.4229,0.0,discharge,discharge,True,True,
347,IWQIS:WQS0083,USGS:05462000,,,,Shell Rock River at Shell Rock (83 SRRSR),"Shell Rock River at Shell Rock, IA",distinct,162.11,,,,,nitrate+water_temp+turbidity_unknown,discharge,True,True,
348,IWQIS:WQS0084,USGS:05458500,,,,Cedar River at Janesville (84CRJ),"Cedar River at Janesville, IA",distinct,167.15,,,,,nitrate+water_temp+spec_cond+turbidity_unknown+diss_oxy+ph,discharge,True,True,
349,IWQIS:WQS0085,USGS:05462000,,,,WQS0085,"Shell Rock River at Shell Rock, IA",distinct,172.16,,,,,nitrate+water_temp+turbidity_unknown,discharge,True,True,
350,USGS:01648010,USGS:01648011,,,,"Rock Creek at Joyce Rd Washington, DC",Luzon Branch above Rock Creek at Washington DC,distinct,180.53,discharge,1193.0,0.7088,0.8521,nitrate+discharge+gage_height+water_temp+spec_cond+turbidity_fnu+diss_oxy+ph,discharge+water_temp,True,True,
351,USGS:391059084342600,USGS:391104084343000,,,,M Branch Shepherd Creek at RM 0.50 near Mt Airy OH,"Unnamed Drainage at Ponderosa Dr, Mt Airy OH",distinct,182.41,discharge,1003.0,0.4049,0.0003,discharge,discharge,True,True,
352,USGS:06893557,USGS:390202094362700,,,,"Brush Creek at Ward Parkway in Kansas City, MO","BRUSH CREEK AT STATE LINE RD, KANSAS CITY, MO",distinct,195.2,,,,,discharge,water_temp+spec_cond+turbidity_fnu+diss_oxy+ph,True,True,
353,USGS:391035084344300,USGS:391040084343800,,,,East Branch Shepherd Creek near Mt Airy OH,M Branch Shepherd Creek at RM 0.04 near Mt Airy OH,distinct,195.87,discharge,1003.0,0.9653,-0.0011,discharge,discharge,True,True,
354,IWQIS:WQS9999,USGS:05454500,,,,Cedar River at Iowa City (test),"Iowa River at Iowa City, IA",distinct,197.69,,,,,nitrate+water_temp+spec_cond+turbidity_unknown+diss_oxy+ph+fchl,discharge+gage_height,True,True,
355,USGS:430428089325701,USGS:430435089325901,,,,"WEST OLD SAUK ROAD STORM SEWER AT MADISON, WI","BEAR CLAW WAY STORM SEWER AT MADISON, WI",distinct,221.8,discharge,133.0,0.4319,0.0,discharge,discharge,False,False,
356,USGS:0136223095,USGS:420706074212201,,,,BROADST HOLLOW BR AT BROADST HLW RD AT ALLABEN NY,BROADSTREET HOL BR NR BROADST HOL RD AT ALLABEN NY,distinct,241.7,,,,,turbidity_fnu,water_temp,True,True,
357,USGS:384047104510301,USGS:384048104504901,,,,"RIPLEY DITCH FROM L. FOUNTAIN CR AT FT. CARSON, CO","WOMACK DITCH FROM L. FOUNTAIN CR NR FT. CARSON, CO",distinct,243.49,discharge,6174.0,0.3452,-0.0011,discharge,discharge,True,True,
358,USGS:07263450,USGS:07263451,,,,"Arkansas River at Murray Dam near Little Rock, AR","Hydroplant @ Murray Dam @ Little Rock, AR",distinct,245.72,discharge,3606.0,-0.0475,438.9111,discharge,discharge,True,True,
359,USGS:07105945,USGS:384220104503701,,,,"ROCK CREEK ABOVE FORT CARSON RESERVATION, CO","GALE DITCH FROM ROCK CR NR FORT CARSON, CO",distinct,250.9,discharge,3199.0,0.023,0.0085,discharge,discharge,True,True,
360,USGS:01576516,USGS:015765185,,,,"Big Spring Run ab Trib near Willow Street, PA",Unnamed Trib to Big Spring Run nr Willow Street PA,distinct,258.82,discharge,288.0,0.8093,0.0083,discharge+gage_height+water_temp+turbidity_fnu,discharge+gage_height+water_temp+turbidity_fnu,True,True,
361,USGS:0205450393,USGS:0205450495,,,,"ROANOKE RIVER ALONG ROUTE 626 AT LAFAYETTE, VA","ROANOKE RIVER ABOVE ROUTE 11 AT LAFAYETTE, VA",distinct,269.27,spec_cond,2660.0,0.9918,-9.5417,water_temp+spec_cond+turbidity_fnu+diss_oxy+ph,water_temp+spec_cond+turbidity_fnu+diss_oxy+ph,True,True,
362,USGS:01309990,USGS:01310000,,,,BELLMORE CREEK TRIBUTARY AT BELLMORE NY,BELLMORE CREEK AT BELLMORE NY,distinct,272.23,discharge,5338.0,0.9471,-0.1155,discharge,discharge,False,True,
363,USGS:01467689,USGS:01467691,,,,"Pine Knot Disch 500 m bl Tunnel at Duncott, PA",Oak Hill Disch 200 m bl Borehole at Duncott,distinct,273.72,discharge,267.0,0.7654,0.478,discharge+water_temp,discharge,True,True,
364,USGS:391059084345500,USGS:391100084344300,,,,W Branch Shepherd Creek at RM 0.40 near Mt Airy OH,"Unnamed Drainage at Horizonvue Dr, Mt Airy OH",distinct,275.17,discharge,485.0,0.5117,0.0006,discharge,discharge,True,True,
365,USGS:07099969,USGS:07099971,,,,"ARKANSAS R. AT ST CHARLES MESA DIVER. AT PUEBLO,CO","ARKANSAS RIVER BELOW MOFFAT STREET AT PUEBLO, CO",distinct,280.63,spec_cond,1855.0,0.9256,81.0938,water_temp+spec_cond,water_temp+spec_cond,True,True,
366,USGS:424253090232100,USGS:424302090231900,,,,"U.W. PLATTEVILLE FARMS SITE 11 NR PLATTEVILLE, WI","U.W. PLATTEVILLE FARMS SITE 10 NR PLATTEVILLE, WI",distinct,283.02,discharge,344.0,0.8288,0.0,discharge,discharge,True,True,
367,USGS:01365500,USGS:01365505,,,,CHESTNUT CREEK AT GRAHAMSVILLE NY,NEVERSINK RES DIVERSION CHANNEL AT GRAHAMSVILLE NY,distinct,284.0,discharge,2892.0,-0.0555,-0.2039,discharge,discharge,True,True,
368,USGS:01467688,USGS:01467691,,,,WB Schuylkill River ab Pine Knot Disch at Duncott,Oak Hill Disch 200 m bl Borehole at Duncott,distinct,286.24,discharge,247.0,0.9368,0.0365,discharge+water_temp,discharge,True,True,
369,USGS:01309950,USGS:01309990,,,,BELLMORE CREEK NEAR BELLMORE NY,BELLMORE CREEK TRIBUTARY AT BELLMORE NY,distinct,289.29,discharge,5339.0,0.8071,0.0903,discharge,discharge,True,False,
370,USGS:0347927162,USGS:0347927164,,,,"BUCKEYE CR ABOVE BUCKEYE LAKE NEAR CANNON GAP, NC","BUCKEYE CR BELOW BUCKEYE LAKE NEAR CANNON GAP, NC",distinct,292.66,discharge,2739.0,0.9895,0.0017,discharge+gage_height,discharge+gage_height,True,True,
371,USGS:424247090234500,USGS:424256090234001,,,,"U.W. PLATTEVILLE FARMS SITE 9 NEAR PLATTEVILLE, WI","U.W. PLATTEVILLE FARMS SITE 04 NR PLATTEVILLE, WI",distinct,301.41,discharge,13.0,,0.0,discharge,discharge,True,True,
372,USGS:06161300,USGS:06161500,,,,Huff Lake Pumping Canal nr Val Marie Sask,Huff Lake Gravity Canal nr Val Marie Sask,distinct,305.31,discharge,4494.0,0.7866,0.0,discharge,discharge,False,False,
373,USGS:391035084344300,USGS:391043084343500,,,,East Branch Shepherd Creek near Mt Airy OH,M Branch Shepherd Creek at RM 0.15 near Mt Airy OH,distinct,305.33,discharge,301.0,0.9504,-0.0017,discharge,discharge,True,True,
374,USGS:423909090172100,USGS:423912090170800,,,,"DISCOVERY FARMS WATERWAY SITE NO 2 NEAR BELMONT,WI","DISCOVERY FARMS WATERWAY SITE NO 1 NEAR BELMONT,WI",distinct,308.69,discharge,1003.0,0.9407,0.0,discharge,discharge,True,True,
375,USGS:071948140,USGS:071948150,,,,"South Research Br at the WREC at Fayetteville, AR","Wetland BR at the WREC at Fayetteville, AR",distinct,311.08,discharge,835.0,0.8396,-0.0006,discharge,discharge,True,True,
376,USGS:071948135,USGS:071948140,,,,"North Research Br at the WREC at Fayetteville, AR","South Research Br at the WREC at Fayetteville, AR",distinct,312.07,discharge,835.0,0.9358,0.0003,discharge,discharge,True,True,
377,IWQIS:WQS0097,USGS:05485640,,,,Fourmile Creek at Des Moines (97FCDM),"Fourmile Creek at Des Moines, IA",distinct,316.74,,,,,water_temp+turbidity_unknown,discharge,True,True,
378,IWQIS:WQS0119,USGS:05421740,,,,Wapsipinicon River at Anamosa (WQS 119WRA),"Wapsipinicon River near Anamosa, IA",distinct,321.74,,,,,nitrate,discharge,True,True,
379,USGS:01362368,USGS:01362370,,,,OX CLOVE NEAR MOUTH AT CHICHESTER NY,STONY CLOVE CREEK BLW OX CLOVE AT CHICHESTER NY,distinct,326.5,discharge,3498.0,0.9346,-1.394,discharge+gage_height+turbidity_fnu,discharge+gage_height+turbidity_fnu,True,True,
380,USGS:401349074000601,USGS:401350073595201,,,,Deal lake DS of Park Ave at Asbury Park NJ,Deal Lake at Flume House at Asbury Park NJ,distinct,327.17,spec_cond,36.0,0.8731,-239.4784,water_temp+spec_cond+turbidity_fnu+diss_oxy+ph,water_temp+spec_cond+turbidity_fnu+diss_oxy+ph,True,True,
381,USGS:07105932,USGS:384048104504901,,,,LITTLE FOUNTAIN CR BELOW RIPLEY DITCH NR FT CARSON,"WOMACK DITCH FROM L. FOUNTAIN CR NR FT. CARSON, CO",distinct,327.58,discharge,783.0,0.0771,0.0156,discharge,discharge,True,True,
382,USGS:410536096194801,USGS:410546096194301,,,,"Mid-East Chute of Platte R nr Camp Ashland, Nebr.","Mid-US-East Chute Platte R nr Camp Ashland, Nebr.",distinct,332.13,spec_cond,531.0,0.9802,1.3408,water_temp+spec_cond+turbidity_fnu+diss_oxy+ph,water_temp+spec_cond+turbidity_fnu+diss_oxy,True,True,
383,USGS:01389005,USGS:01389010,,,,Passaic River below Pompton Riv at Two Bridges NJ,Passaic River at I-80 at Singac NJ,distinct,335.58,,,,,nitrate+gage_height+water_temp+spec_cond+turbidity_fnu+diss_oxy+ph+fchl,discharge,True,True,
384,USGS:06720280,USGS:06720285,,,,"PEORIA INTERCEPT BL 56TH AV, AT ROCKY MTN ARS, CO","HAVANA INTERCEPT BL 56TH AV, AT ROCKY MTN ARS, CO",distinct,342.89,discharge,1095.0,0.9306,-0.0017,discharge,discharge,False,False,
385,USGS:391100084344300,USGS:391104084343000,,,,"Unnamed Drainage at Horizonvue Dr, Mt Airy OH","Unnamed Drainage at Ponderosa Dr, Mt Airy OH",distinct,344.26,discharge,1218.0,0.6198,-0.0003,discharge,discharge,True,True,
386,USGS:01104410,USGS:01104415,,,,"CAMBRIDGE RES., UNNAMED TRIB 1, NR LEXINGTON, MA","CAMBRIDGE RES., UNNAMED TRIB 2, NR LEXINGTON, MA",distinct,346.26,discharge,1117.0,0.8208,0.0017,discharge+gage_height+water_temp+spec_cond,discharge+gage_height+water_temp+spec_cond,True,True,
387,USGS:01446775,USGS:01446776,,,,"Bushkill Creek ab Rt 33 bridge at Tatamy, PA","Bushkill Creek bl SR2017 bridge at Tatamy, PA",distinct,350.31,discharge,6789.0,0.97,1.2629,discharge,discharge,True,True,
388,USGS:05046475,USGS:05046502,,,,"OTTER TAIL RIVER DIVERSION AT BRECKENRIDGE, MN","OTTER TAIL RIVER AT 11TH ST IN BRECKENRIDGE, MN",distinct,351.97,discharge,35.0,0.6641,-28.4018,discharge+gage_height,discharge+gage_height,True,True,
389,USGS:0535739503,USGS:0535739504,,,,"LITTLE TURTLE RIVER AT GARNET STREET AT MERCER, WI","MERCER LAKE STORM SEWER @ BOAT LANDING @ MERCER,WI",distinct,352.74,discharge,526.0,0.0824,0.1165,discharge,discharge,False,True,
390,USGS:01105606,USGS:01105608,,,,"WHITMANS POND, WHITMANS POND DAM AT E. WEYMOUTH,MA","WHITMANS POND FISH LADDER AT EAST WEYMOUTH, MA",distinct,352.94,discharge,6177.0,0.5423,0.0838,discharge+gage_height,discharge,True,True,
391,USGS:01105606,USGS:011056081,,,,"WHITMANS POND, WHITMANS POND DAM AT E. WEYMOUTH,MA",WHITMANS POND COMBINED BY-PASS & FISH LADDER FLOW,distinct,352.94,discharge,639.0,0.9999,0.0,discharge+gage_height,discharge,True,True,
392,USGS:02162285,USGS:02162287,,,,"TABLE ROCK RESERVOIR NR CLEVELAND, SC","TABLE ROCK RESERVOIR TAILRACE NR CLEVELAND, SC",distinct,358.32,,,,,gage_height,discharge,False,True,
393,USGS:401336074002901,USGS:401347074003501,,,,Sunset Lake outlet at Bond St at Asbury Park NJ,Deal lake at Railroad Bridge at Asbury Park NJ,distinct,372.8,spec_cond,1.0,,-4371.5756,water_temp+spec_cond+turbidity_fnu+diss_oxy+ph,water_temp+spec_cond+turbidity_fnu+diss_oxy+ph,True,True,
394,USGS:04057811,USGS:04057814,,,,"GREENWOOD RESERVOIR NEAR GREENWOOD, MI","GREENWOOD RELEASE NEAR GREENWOOD, MI",distinct,375.01,,,,,gage_height,discharge,True,False,
395,USGS:04057812,USGS:04057814,,,,"GREENWOOD AFTERBAY NEAR GREENWOOD, MI","GREENWOOD RELEASE NEAR GREENWOOD, MI",distinct,375.01,,,,,gage_height,discharge,True,False,
396,USGS:435441087463900,USGS:435444087462300,,,,"DISCOVERY FARMS WATERWAY NUMBER 1 NR CLEVELAND, WI","DISCOVERY FARMS WATERWAY NUMBER 2 NR CLEVELAND, WI",distinct,382.13,discharge,1371.0,0.9044,0.0,discharge,discharge,True,True,
397,USGS:05414850,USGS:424247090234500,,,,"GALENA R.-U.W. PLATTEVILLE FARMS-NR PLATTEVILLE,WI","U.W. PLATTEVILLE FARMS SITE 9 NEAR PLATTEVILLE, WI",distinct,384.89,discharge,226.0,0.0515,0.2201,discharge,discharge,True,True,
398,USGS:01104455,USGS:01104460,,,,"STONY BROOK, UNNAMED TRIBUTARY 1, NEAR WALTHAM, MA","STONY BROOK AT RT 20 AT WALTHAM, MA",distinct,404.4,discharge,4594.0,0.5243,-0.7718,discharge+gage_height+water_temp+spec_cond+turbidity_fnu,discharge+gage_height+water_temp+spec_cond,True,True,
399,USGS:06297500,USGS:06298000,,,,"HIGHLINE DITCH NEAR DAYTON, WY","TONGUE RIVER NEAR DAYTON, WY",distinct,405.85,discharge,2527.0,0.0366,-3.2819,discharge,discharge,True,True,
400,USGS:464114097260900,USGS:464115097255000,,,,"DISCOVERY FARMS WATERWAY SITE 3 NEAR EMBDEN, ND","DISCOVERY FARMS WATERWAY SITE 1 NEAR EMBDEN, ND",distinct,406.35,discharge,2688.0,0.4705,0.0,discharge,discharge,True,False,
401,USGS:06040800,USGS:06041000,,,,Madison River ab powerplant nr McAllister MT,Madison River bl Ennis Lake nr McAllister MT,distinct,407.39,discharge,6810.0,0.8197,-33.6687,discharge,discharge+water_temp,True,True,
402,USGS:401349074000601,USGS:401350073594801,,,,Deal lake DS of Park Ave at Asbury Park NJ,Atlantic Oc in Deal Lk surge chmbr at Asbury Pk NJ,distinct,408.28,spec_cond,22.0,0.6853,-7214.9615,water_temp+spec_cond+turbidity_fnu+diss_oxy+ph,water_temp+spec_cond+diss_oxy+ph,True,True,
403,USGS:05536357,USGS:413722087304901,,,,"GRAND CALUMET RIVER AT HOHMAN AV AT HAMMOND, IN","GRAND CALUMET RIVER AT SOHL AV AT HAMMOND, IN",distinct,413.97,,,,,discharge,water_temp+diss_oxy,True,True,
404,USGS:0205696042,USGS:0205696095,,,,"BLACKWATER RIVER ABOVE MAPLE BRANCH NR REDWOOD, VA","BLACKWATER RIVER BELOW MAPLE BRANCH NR REDWOOD, VA",distinct,416.06,spec_cond,2558.0,0.9219,0.8438,water_temp+spec_cond+turbidity_fnu+diss_oxy+ph,gage_height+water_temp+spec_cond+turbidity_fnu+diss_oxy+ph,True,True,
405,USGS:391059084342600,USGS:391100084344300,,,,M Branch Shepherd Creek at RM 0.50 near Mt Airy OH,"Unnamed Drainage at Horizonvue Dr, Mt Airy OH",distinct,417.21,discharge,1003.0,0.4742,0.0006,discharge,discharge,True,True,
406,USGS:01104453,USGS:01104455,,,,STONY BROOK UNNAMED TRIB 2 NR WESTON STATION,"STONY BROOK, UNNAMED TRIBUTARY 1, NEAR WALTHAM, MA",distinct,426.43,discharge,728.0,0.2207,0.069,discharge+gage_height+water_temp+spec_cond,discharge+gage_height+water_temp+spec_cond+turbidity_fnu,True,True,
407,USGS:424253090232100,USGS:424256090234001,,,,"U.W. PLATTEVILLE FARMS SITE 11 NR PLATTEVILLE, WI","U.W. PLATTEVILLE FARMS SITE 04 NR PLATTEVILLE, WI",distinct,439.72,discharge,13.0,,0.0,discharge,discharge,True,True,
408,USGS:401330074001201,USGS:401336074002901,,,,Sunset Lake east of Heck St at Asbury Park NJ,Sunset Lake outlet at Bond St at Asbury Park NJ,distinct,439.94,spec_cond,32.0,0.8865,-3.2656,water_temp+spec_cond+turbidity_fnu+diss_oxy+ph,water_temp+spec_cond+turbidity_fnu+diss_oxy+ph,True,True,
409,USGS:424245090231000,USGS:424259090231301,,,,"U.W. PLATTEVILLE FARMS SITE 08 NR PLATTEVILLE, WI","U.W. PLATTEVILLE FARMS SITE 05 NR PLATTEVILLE, WI",distinct,441.13,discharge,511.0,0.6788,0.0,discharge,discharge,True,False,
410,USGS:400341105302901,USGS:400352105304301,,,,"LEFT HAND CREEK BLW CAPTAIN JACK MILL NR WARD, CO","LEFT HAND CREEK ABV CAPTAIN JACK MILL NR WARD, CO",distinct,463.12,spec_cond,153.0,0.8196,66.4167,water_temp+spec_cond,water_temp+spec_cond,True,True,
411,USGS:01104453,USGS:01104460,,,,STONY BROOK UNNAMED TRIB 2 NR WESTON STATION,"STONY BROOK AT RT 20 AT WALTHAM, MA",distinct,466.91,discharge,1919.0,0.7999,-0.6873,discharge+gage_height+water_temp+spec_cond,discharge+gage_height+water_temp+spec_cond,True,True,
412,USGS:464114097260900,USGS:464115097254700,,,,"DISCOVERY FARMS WATERWAY SITE 3 NEAR EMBDEN, ND","DISCOVERY FARMS WATERWAY SITE 2 NEAR EMBDEN, ND",distinct,470.17,discharge,2650.0,0.9198,0.0,discharge,discharge,True,False,
413,USGS:391101084344900,USGS:391104084343000,,,,"Unnamed Drainage at Westonridge Rd, Mt Airy OH","Unnamed Drainage at Ponderosa Dr, Mt Airy OH",distinct,472.91,discharge,1217.0,0.5966,-0.0003,discharge,discharge,True,True,
414,USGS:04035995,USGS:04036000,,,,"LAKE GOGEBIC NEAR BERGLAND, MI","WEST BRANCH ONTONAGON RIVER NEAR BERGLAND, MI",distinct,485.75,,,,,gage_height,discharge,True,True,
415,USGS:424256090234001,USGS:424302090231900,,,,"U.W. PLATTEVILLE FARMS SITE 04 NR PLATTEVILLE, WI","U.W. PLATTEVILLE FARMS SITE 10 NR PLATTEVILLE, WI",distinct,510.19,discharge,13.0,,0.0,discharge,discharge,True,True,
416,USGS:413612087200901,USGS:413628087201401,,,,"CITY HALL NORTHEAST FLUME AT GARY, IN","GRAND CALUMET RIVER AT BROADWAY ST AT GARY, IN",distinct,515.15,,,,,discharge+gage_height+spec_cond,water_temp+diss_oxy,True,True,
417,USGS:401336074002901,USGS:401352074002701,,,,Sunset Lake outlet at Bond St at Asbury Park NJ,Deal Lake 150 ft east of Main St at Interlaken NJ,distinct,518.13,spec_cond,15.0,0.433,-4394.7292,water_temp+spec_cond+turbidity_fnu+diss_oxy+ph,water_temp+spec_cond+turbidity_fnu+diss_oxy+ph,True,True,
418,USGS:01365505,USGS:01365550,,,,NEVERSINK RES DIVERSION CHANNEL AT GRAHAMSVILLE NY,CHESTNUT CREEK AT MOUTH AT GRAHAMSVILLE NY,distinct,527.79,discharge,2889.0,0.9185,-0.9299,discharge,discharge+water_temp,True,True,
419,USGS:01653521,USGS:01653522,,,,"PISCATAWAY CREEK AT JOINT BASE ANDREWS, MD","PISCATAWAY CREEK TRIB AT JOINT BASE ANDREWS, MD",distinct,528.29,spec_cond,100.0,0.4841,-1.0625,discharge+gage_height+water_temp+spec_cond+turbidity_fnu,gage_height+water_temp+spec_cond+turbidity_fnu,True,True,
420,USGS:07144790,USGS:07144795,,,,"CHENEY RE NR CHENEY, KS","NF NINNESCAH R AT CHENEY DAM, KS",distinct,529.79,,,,,nitrate+water_temp+spec_cond+turbidity_fnu+diss_oxy+ph+fdom,discharge+gage_height,False,True,
421,USGS:01195490,USGS:01195510,,,,"QUINNIPIAC RIVER AT SOUTHINGTON, CT","QUINNIPIAC RIVER DS W CENTER ST AT SOUTHINGTON, CT",distinct,530.8,,,,,discharge+gage_height,water_temp+spec_cond+diss_oxy+ph,True,True,
422,USGS:015765185,USGS:015765195,,,,Unnamed Trib to Big Spring Run nr Willow Street PA,"Big Spring Run near Mylin Corners, PA",distinct,531.65,discharge,969.0,0.9459,-0.0327,discharge+gage_height+water_temp+turbidity_fnu,discharge+gage_height+water_temp+spec_cond+turbidity_fnu,True,True,
423,USGS:03228400,USGS:03228500,,,,Hoover Reservoir at Central College OH,Big Walnut Creek at Central College OH,distinct,537.34,,,,,water_temp,discharge,False,True,
424,USGS:413611087201101,USGS:413628087201401,,,,"CITY HALL WEST FLUME AT GARY, IN","GRAND CALUMET RIVER AT BROADWAY ST AT GARY, IN",distinct,537.39,,,,,discharge+gage_height+spec_cond,water_temp+diss_oxy,True,True,
425,USGS:413611087201001,USGS:413628087201401,,,,"CITY HALL NORTH FLUME AT GARY, IN","GRAND CALUMET RIVER AT BROADWAY ST AT GARY, IN",distinct,540.95,,,,,discharge+gage_height+spec_cond,water_temp+diss_oxy,True,True,
426,USGS:413611087201002,USGS:413628087201401,,,,"CITY HALL SOUTH FLUME AT GARY, IN","GRAND CALUMET RIVER AT BROADWAY ST AT GARY, IN",distinct,540.95,,,,,discharge+gage_height+spec_cond,water_temp+diss_oxy,True,True,
427,USGS:424242090230701,USGS:424259090231301,,,,"U.W. PLATTEVILLE FARMS SITE 07 NR PLATTEVILLE, WI","U.W. PLATTEVILLE FARMS SITE 05 NR PLATTEVILLE, WI",distinct,544.89,discharge,235.0,0.4862,0.0,discharge,discharge,True,False,
428,USGS:413611087200901,USGS:413628087201401,,,,"CITY HALL SOUTHEAST FLUME AT GARY, IN","GRAND CALUMET RIVER AT BROADWAY ST AT GARY, IN",distinct,545.46,,,,,discharge+gage_height+spec_cond,water_temp+diss_oxy,True,True,
429,USGS:391043084343500,USGS:391059084342600,,,,M Branch Shepherd Creek at RM 0.15 near Mt Airy OH,M Branch Shepherd Creek at RM 0.50 near Mt Airy OH,distinct,550.0,discharge,301.0,0.9447,0.0023,discharge,discharge,True,True,
430,USGS:472709101175100,USGS:472727101175000,,,,"DISCOVERY FARMS WATERWAY SITE 3 NEAR UNDERWOOD, ND","DISCOVERY FARMS WATERWAY SITE 2 NEAR UNDERWOOD, ND",distinct,552.86,discharge,2403.0,0.9153,0.0,discharge,discharge,True,True,
431,USGS:01576516,USGS:015765195,,,,"Big Spring Run ab Trib near Willow Street, PA","Big Spring Run near Mylin Corners, PA",distinct,557.97,discharge,15.0,0.7788,-0.0113,discharge+gage_height+water_temp+turbidity_fnu,discharge+gage_height+water_temp+spec_cond+turbidity_fnu,True,True,
432,USGS:391059084342600,USGS:391101084344900,,,,M Branch Shepherd Creek at RM 0.50 near Mt Airy OH,"Unnamed Drainage at Westonridge Rd, Mt Airy OH",distinct,562.15,discharge,1003.0,0.5462,0.0006,discharge,discharge,True,True,
433,USGS:300009090051600,USGS:300026090050800,,,,"City Park East Lagoon at New Orleans, LA","Bayou Saint John Midlake at New Orleans, LA",distinct,566.11,spec_cond,1010.0,0.7968,-683.3333,gage_height+water_temp+spec_cond+diss_oxy,gage_height+water_temp+spec_cond+diss_oxy,False,False,
434,USGS:391043084343500,USGS:391100084344300,,,,M Branch Shepherd Creek at RM 0.15 near Mt Airy OH,"Unnamed Drainage at Horizonvue Dr, Mt Airy OH",distinct,570.97,discharge,517.0,0.6776,0.0025,discharge,discharge,True,True,
435,USGS:424247090234500,USGS:424253090232100,,,,"U.W. PLATTEVILLE FARMS SITE 9 NEAR PLATTEVILLE, WI","U.W. PLATTEVILLE FARMS SITE 11 NR PLATTEVILLE, WI",distinct,573.92,discharge,343.0,0.5714,0.0,discharge,discharge,True,True,
436,USGS:05059300,USGS:05059310,,,,"SHEYENNE R AB SHEYENNE R DIVERSION NR HORACE, ND","SHEYENNE RIVER DIVERSION NR HORACE, ND",distinct,590.71,discharge,619.0,0.956,12.5597,discharge+gage_height+water_temp+spec_cond,discharge,True,True,
437,USGS:03171597,USGS:0317159760,,,,"LITTLE STONY CREEK AB ARCHER TRAIL NR PEMBROKE, VA","LITTLE STONY CREEK BL ARCHER TRAIL NR PEMBROKE, VA",distinct,596.91,spec_cond,2644.0,0.9618,-0.9271,water_temp+spec_cond+turbidity_fnu+diss_oxy+ph,gage_height+water_temp+spec_cond+turbidity_fnu+diss_oxy+ph,True,True,
438,USGS:01457000,USGS:01457005,,,,Musconetcong River near Bloomsbury NJ,Musconetcong River trib 6 nr Bloomsbury NJ,distinct,597.6,,,,,discharge,water_temp,True,True,
439,USGS:03337000,USGS:03337100,,,,"BONEYARD CREEK AT URBANA, IL","BONEYARD CREEK AT LINCOLN AVE AT URBANA, IL",distinct,603.2,discharge,6802.0,0.9875,-0.0297,discharge+gage_height,discharge+gage_height,True,True,
440,USGS:391059084345500,USGS:391104084343000,,,,W Branch Shepherd Creek at RM 0.40 near Mt Airy OH,"Unnamed Drainage at Ponderosa Dr, Mt Airy OH",distinct,614.4,discharge,485.0,0.3104,0.0003,discharge,discharge,True,True,
441,USGS:07099971,USGS:07099973,,,,"ARKANSAS RIVER BELOW MOFFAT STREET AT PUEBLO, CO",ARKANSAS RIVER TRIBUTARY ABOVE HWY 227 AT PUEBLO,distinct,614.53,,,,,water_temp+spec_cond,discharge,True,True,
442,USGS:0535739504,USGS:460930090035900,,,,"MERCER LAKE STORM SEWER @ BOAT LANDING @ MERCER,WI","MERCER LAKE AT MERCER, WI",distinct,616.66,,,,,discharge,gage_height,True,True,
443,USGS:434250090461401,USGS:434311090461401,,,,"DISCOVERY FARMS-JERSEY WATERWAY 5 NEAR CASHTON, WI","DISCOVERY FARMS-JERSEY WATERWAY 4 NEAR CASHTON, WI",distinct,622.97,discharge,2512.0,0.9329,0.0,discharge,discharge,True,True,
444,USGS:401330074001201,USGS:401349074000601,,,,Sunset Lake east of Heck St at Asbury Park NJ,Deal lake DS of Park Ave at Asbury Park NJ,distinct,623.99,spec_cond,53.0,0.7468,-3352.1979,water_temp+spec_cond+turbidity_fnu+diss_oxy+ph,water_temp+spec_cond+turbidity_fnu+diss_oxy+ph,True,True,
445,USGS:01123360,USGS:01123365,,,,"QUINEBAUG R BL E BRIMFIELD DAM AT FISKDALE, MA","QUINEBAUG RIVER AT HOLLAND RD AT FISKDALE, MA",distinct,635.41,,,,,discharge,water_temp+spec_cond+diss_oxy,True,True,
446,USGS:391040084343800,USGS:391100084344300,,,,M Branch Shepherd Creek at RM 0.04 near Mt Airy OH,"Unnamed Drainage at Horizonvue Dr, Mt Airy OH",distinct,636.23,discharge,1003.0,0.4853,0.002,discharge,discharge,True,True,
447,USGS:07099215,USGS:383637104531301,,,,"TURKEY CREEK NEAR FOUNTAIN, CO","STROBEL DITCH FROM TURKEY CR AT FT. CARSON, CO",distinct,642.16,discharge,1419.0,0.1406,0.0,discharge,discharge,True,True,
448,USGS:06148500,USGS:06148700,,,,"Cypress Lake west inflw canal nr West Plains, Sask",Cypress Lake west inflw cnl drain nr Oxarat Sask,distinct,648.89,discharge,5097.0,0.0031,0.0,discharge,discharge,False,False,
449,USGS:04182867,USGS:04182900,,,,"MAUMEE RIVER AT TECUMSEH STREET AT FORT WAYNE, IN","MAUMEE RIVER AT FORT WAYNE, IN",distinct,652.74,,,,,nitrate+water_temp+spec_cond+turbidity_fnu+diss_oxy+ph,discharge,True,True,
450,USGS:391040084343800,USGS:391059084342600,,,,M Branch Shepherd Creek at RM 0.04 near Mt Airy OH,M Branch Shepherd Creek at RM 0.50 near Mt Airy OH,distinct,656.73,discharge,1003.0,0.9621,0.0014,discharge,discharge,True,True,
451,USGS:391043084343500,USGS:391101084344900,,,,M Branch Shepherd Creek at RM 0.15 near Mt Airy OH,"Unnamed Drainage at Westonridge Rd, Mt Airy OH",distinct,661.06,discharge,515.0,0.6464,0.0025,discharge,discharge,True,True,
452,USGS:05414850,USGS:424256090234001,,,,"GALENA R.-U.W. PLATTEVILLE FARMS-NR PLATTEVILLE,WI","U.W. PLATTEVILLE FARMS SITE 04 NR PLATTEVILLE, WI",distinct,666.54,discharge,13.0,,0.1135,discharge,discharge,True,True,
453,USGS:391043084343500,USGS:391104084343000,,,,M Branch Shepherd Creek at RM 0.15 near Mt Airy OH,"Unnamed Drainage at Ponderosa Dr, Mt Airy OH",distinct,671.78,discharge,516.0,0.7656,0.0024,discharge,discharge,True,True,
454,USGS:472709101175100,USGS:472731101175500,,,,"DISCOVERY FARMS WATERWAY SITE 3 NEAR UNDERWOOD, ND","DISCOVERY FARMS WATERWAY SITE 1 NEAR UNDERWOOD, ND",distinct,680.47,discharge,2404.0,0.3687,0.0,discharge,discharge,True,True,
455,USGS:401336074002901,USGS:401349074000601,,,,Sunset Lake outlet at Bond St at Asbury Park NJ,Deal lake DS of Park Ave at Asbury Park NJ,distinct,687.04,spec_cond,32.0,0.7007,-2414.9311,water_temp+spec_cond+turbidity_fnu+diss_oxy+ph,water_temp+spec_cond+turbidity_fnu+diss_oxy+ph,True,True,
456,USGS:391059084342600,USGS:391059084345500,,,,M Branch Shepherd Creek at RM 0.50 near Mt Airy OH,W Branch Shepherd Creek at RM 0.40 near Mt Airy OH,distinct,689.46,discharge,485.0,0.946,0.0,discharge,discharge,True,True,
457,USGS:0201144558,USGS:0201144806,,,,"WARWICK RUN ABOVE LICK DRAFT NEAR MILL GAP, VA","WARWICK RUN BELOW LICK DRAFT NEAR MILL GAP, VA",distinct,689.92,spec_cond,878.0,0.9118,16.7813,water_temp+spec_cond+turbidity_fnu+diss_oxy+ph,gage_height+water_temp+spec_cond+turbidity_fnu+diss_oxy+ph,True,True,
458,USGS:401347074003501,USGS:401349074000601,,,,Deal lake at Railroad Bridge at Asbury Park NJ,Deal lake DS of Park Ave at Asbury Park NJ,distinct,695.58,spec_cond,22.0,0.9099,-1669.5312,water_temp+spec_cond+turbidity_fnu+diss_oxy+ph,water_temp+spec_cond+turbidity_fnu+diss_oxy+ph,True,True,
459,USGS:01105584,USGS:01105585,,,,"TOWN BROOK AT DIVERSION TUNNEL AT QUINCY, MA","TOWN BROOK AT QUINCY, MA",distinct,696.92,,,,,gage_height,discharge,False,False,
460,USGS:393812105453801,USGS:393827105451601,,,,LC-1203-L LEAV CK LFT BK INF 1203M DS FR INJ WCX T,LC-2023-S T3 LEAVENWORTH CK 2023M DS FR INJ,distinct,698.51,spec_cond,4.0,,176.4596,water_temp+spec_cond+ph,water_temp+spec_cond+diss_oxy+ph,True,True,
461,USGS:06711770,USGS:06711780,,,,"DRY GULCH AT DENVER, CO","LAKEWOOD GULCH AT DENVER, CO",distinct,702.03,discharge,2472.0,-0.0006,-0.1388,discharge,discharge,True,True,
462,USGS:391040084343800,USGS:391101084344900,,,,M Branch Shepherd Creek at RM 0.04 near Mt Airy OH,"Unnamed Drainage at Westonridge Rd, Mt Airy OH",distinct,708.65,discharge,1003.0,0.5383,0.0023,discharge,discharge,True,True,
463,USGS:391040084343800,USGS:391059084345500,,,,M Branch Shepherd Creek at RM 0.04 near Mt Airy OH,W Branch Shepherd Creek at RM 0.40 near Mt Airy OH,distinct,716.42,discharge,485.0,0.9682,0.0017,discharge,discharge,True,True,
464,USGS:01407639,USGS:401352074002701,,,,Harvey Brook US Corlies Av at Allenhurst NJ,Deal Lake 150 ft east of Main St at Interlaken NJ,distinct,719.85,spec_cond,15.0,0.919,-2559.375,water_temp+spec_cond+turbidity_fnu+diss_oxy+ph,water_temp+spec_cond+turbidity_fnu+diss_oxy+ph,True,True,
465,USGS:03431500,USGS:034315005,,,,"CUMBERLAND RIVER AT NASHVILLE, TN","CUMBERLAND RIVER AT WOODLAND ST AT NASHVILLE, TN",distinct,726.99,discharge,273.0,1.0,0.0,discharge,discharge,True,True,
466,USGS:393810105453901,USGS:393827105451601,,,,LC-1137-S T2 LEAVENWORTH CK 1137M DS FR INJ,LC-2023-S T3 LEAVENWORTH CK 2023M DS FR INJ,distinct,749.98,spec_cond,4.0,,-40.5224,water_temp+spec_cond+ph,water_temp+spec_cond+diss_oxy+ph,True,True,
467,USGS:424247090234500,USGS:424302090231900,,,,"U.W. PLATTEVILLE FARMS SITE 9 NEAR PLATTEVILLE, WI","U.W. PLATTEVILLE FARMS SITE 10 NR PLATTEVILLE, WI",distinct,750.11,discharge,354.0,0.7267,0.0,discharge,discharge,True,True,
468,USGS:0205494935,USGS:02055000,,,,"ROANOKE RIV AT JEFFERSON ST BRIDGE AT ROANOKE, VA","ROANOKE RIVER AT ROANOKE, VA",distinct,759.22,,,,,water_temp+spec_cond+turbidity_fnu+ph,discharge,True,True,
469,USGS:401330074001201,USGS:401347074003501,,,,Sunset Lake east of Heck St at Asbury Park NJ,Deal lake at Railroad Bridge at Asbury Park NJ,distinct,760.24,spec_cond,22.0,0.2137,-3637.4948,water_temp+spec_cond+turbidity_fnu+diss_oxy+ph,water_temp+spec_cond+turbidity_fnu+diss_oxy+ph,True,True,
470,USGS:01636845,USGS:01636846,,,,"LITTLE CATOCTIN CREEK NEAR ROSEMONT, MD","LITTLE CATOCTIN CREEK AT ROSEMONT, MD",distinct,767.35,discharge,1370.0,0.9903,-0.0113,discharge+gage_height+water_temp+spec_cond+turbidity_fnu+ph,discharge+gage_height+water_temp+spec_cond+turbidity_fnu+ph,True,True,
471,USGS:391040084343800,USGS:391104084343000,,,,M Branch Shepherd Creek at RM 0.04 near Mt Airy OH,"Unnamed Drainage at Ponderosa Dr, Mt Airy OH",distinct,771.01,discharge,1003.0,0.4531,0.0017,discharge,discharge,True,True,
472,USGS:01365500,USGS:01365550,,,,CHESTNUT CREEK AT GRAHAMSVILLE NY,CHESTNUT CREEK AT MOUTH AT GRAHAMSVILLE NY,distinct,776.2,discharge,2889.0,0.3427,-0.9005,discharge,discharge+water_temp,True,True,
473,USGS:040870876,USGS:04087088,,,,"UNDERWOOD CR ON BIKE PATH/Rt 100, WAUWATOSA, WI.","UNDERWOOD CREEK AT WAUWATOSA, WI",distinct,776.44,discharge,457.0,0.5264,-0.0453,discharge,discharge+gage_height,True,True,
474,USGS:391035084344300,USGS:391100084344300,,,,East Branch Shepherd Creek near Mt Airy OH,"Unnamed Drainage at Horizonvue Dr, Mt Airy OH",distinct,778.4,discharge,1003.0,0.512,0.0006,discharge,discharge,True,True,
475,USGS:0110057380,USGS:01100574,,,,"HARTWELL BROOK AT BEDFORD, MA","ELM BROOK AT BEDFORD, MA",distinct,781.47,discharge,391.0,0.9342,-0.1611,discharge,discharge,True,True,
476,USGS:401330074001201,USGS:401350073595201,,,,Sunset Lake east of Heck St at Asbury Park NJ,Deal Lake at Flume House at Asbury Park NJ,distinct,792.99,spec_cond,36.0,0.5229,-4895.6302,water_temp+spec_cond+turbidity_fnu+diss_oxy+ph,water_temp+spec_cond+turbidity_fnu+diss_oxy+ph,True,True,
477,USGS:0535739503,USGS:460930090035900,,,,"LITTLE TURTLE RIVER AT GARNET STREET AT MERCER, WI","MERCER LAKE AT MERCER, WI",distinct,796.56,,,,,discharge,gage_height,False,True,
478,USGS:391035084344300,USGS:391059084345500,,,,East Branch Shepherd Creek near Mt Airy OH,W Branch Shepherd Creek at RM 0.40 near Mt Airy OH,distinct,799.8,discharge,485.0,0.967,0.0,discharge,discharge,True,True,
479,USGS:06190540,USGS:06191000,,,,"Boiling River at Mammoth,YNP","Gardner River near Mammoth, YNP",distinct,812.67,discharge,6140.0,0.5374,-2.6279,discharge+gage_height+water_temp,discharge+gage_height,True,True,
480,USGS:01583570,USGS:01583580,,,,"POND BRANCH AT OREGON RIDGE, MD","BAISMAN RUN AT BROADMOOR, MD",distinct,812.76,discharge,6795.0,0.0577,-0.0317,discharge,discharge,True,True,
481,USGS:391035084344300,USGS:391101084344900,,,,East Branch Shepherd Creek near Mt Airy OH,"Unnamed Drainage at Westonridge Rd, Mt Airy OH",distinct,824.06,discharge,1003.0,0.5252,0.0006,discharge,discharge,True,True,
482,IWQIS:WQP0004,IWQIS:WQP0015,,,,Blind Inlet at Walcott (4BISC),In-Field Research Project at Walcott (WQP 15),distinct,827.1,,,,,nitrate,water_temp+turbidity_unknown,True,True,
483,USGS:401330074001201,USGS:401350073594801,,,,Sunset Lake east of Heck St at Asbury Park NJ,Atlantic Oc in Deal Lk surge chmbr at Asbury Pk NJ,distinct,837.24,spec_cond,22.0,-0.182,-13901.3977,water_temp+spec_cond+turbidity_fnu+diss_oxy+ph,water_temp+spec_cond+diss_oxy+ph,True,True,
484,USGS:0205373035,USGS:0205373075,,,,"BOTTOM CREEK ABOVE TRIBUTARY NR BENT MOUNTAIN, VA","BOTTOM CREEK ALONG ROUTE 612 NR BENT MOUNTAIN, VA",distinct,839.22,spec_cond,2564.0,0.8894,-3.7188,water_temp+spec_cond+turbidity_fnu+diss_oxy+ph,gage_height+water_temp+spec_cond+turbidity_fnu+diss_oxy+ph,True,True,
485,USGS:0162246747,USGS:0162246784,,,,"BUCKHORN CREEK ABV TRIBUTARY NR LONE FOUNTAIN, VA","BUCKHORN CREEK ABOVE RT 250 NR LONE FOUNTAIN, VA",distinct,841.15,spec_cond,1102.0,0.9387,0.0,water_temp+spec_cond+turbidity_fnu+diss_oxy+ph,gage_height+water_temp+spec_cond+turbidity_fnu+diss_oxy+ph,True,True,
486,USGS:03271500,USGS:03271510,,,,Great Miami River at Miamisburg OH,Great Miami River near Linden Ave at Miamisburg OH,distinct,843.13,,,,,discharge,water_temp+spec_cond+diss_oxy+ph,True,True,
487,USGS:07099970,USGS:07099973,,,,"ARKANSAS RIVER AT MOFFAT STREET AT PUEBLO, CO",ARKANSAS RIVER TRIBUTARY ABOVE HWY 227 AT PUEBLO,distinct,843.39,discharge,6778.0,0.4103,4.816,discharge+gage_height+spec_cond,discharge,True,True,
488,USGS:03353451,USGS:03353460,,,,"EAGLE CREEK BELOW RESERVOIR AT INDIANAPOLIS, IN","EAGLE CREEK AT CLERMONT, IN",distinct,848.63,discharge,3186.0,0.2223,-0.0428,discharge,discharge,True,True,
489,USGS:391035084344300,USGS:391059084342600,,,,East Branch Shepherd Creek near Mt Airy OH,M Branch Shepherd Creek at RM 0.50 near Mt Airy OH,distinct,849.5,discharge,1003.0,0.9366,0.0,discharge,discharge,True,True,
490,USGS:03115917,USGS:410121081330300,,,,Tuscarawas River above Barberton OH,Long Lake Feeder O&E Canal OH,distinct,850.69,discharge,3321.0,0.0005,0.4587,discharge,discharge,True,True,
491,USGS:06423070,USGS:06423075,,,,"BOXELDER CR TRIB 2 AT COUNTRY RD AT BOX ELDER, SD","BOXELDER CREEK TRIB 7 ABV POND 2 AT BOX ELDER, SD",distinct,851.5,discharge,849.0,0.8416,0.0006,discharge+gage_height,discharge,False,True,
492,USGS:01651000,USGS:01651003,,,,"NORTHWEST BR ANACOSTIA RIVER NR HYATTSVILLE, MD","NORTHWEST BRANCH ANACOSTIA RIVER AT BRENTWOOD, MD",distinct,864.54,discharge,174.0,0.9932,-0.047,discharge+gage_height+water_temp+spec_cond+turbidity_fnu,discharge+gage_height+water_temp+spec_cond+turbidity_fnu,True,True,
493,USGS:02054500,USGS:0205450393,,,,"ROANOKE RIVER AT LAFAYETTE, VA","ROANOKE RIVER ALONG ROUTE 626 AT LAFAYETTE, VA",distinct,867.58,,,,,discharge,water_temp+spec_cond+turbidity_fnu+diss_oxy+ph,False,True,
494,USGS:431250077322101,USGS:431314077315901,,,,IRONDEQUOIT BAY AT BIRDS AND WORMS NY,IRONDEQUOIT BAY AT POINT PLEASANT NY,distinct,883.46,,,,,orthophosphate,water_temp+spec_cond+turbidity_fnu+diss_oxy+ph+fdom+fchl+fpc,True,True,
495,USGS:04026160,USGS:465130091060701,,,,"SISKIWIT RIVER AT CORNUCOPIA, WI","LAKE SUPERIOR AT SISKIWIT HARBOR AT CORNUCOPIA, WI",distinct,887.41,spec_cond,320.0,0.3651,34.4271,discharge+gage_height+water_temp+spec_cond+turbidity_fnu,water_temp+spec_cond+turbidity_fnu,True,True,
496,USGS:01585225,USGS:01585230,,,,"MOORES RUN TRIB. NEAR TODD AVE AT BALTIMORE, MD","MOORES RUN AT RADECKE AVE AT BALTIMORE, MD",distinct,887.63,discharge,5397.0,0.9555,-0.0263,discharge+water_temp,discharge+water_temp,True,True,
497,USGS:07099969,USGS:07099973,,,,"ARKANSAS R. AT ST CHARLES MESA DIVER. AT PUEBLO,CO",ARKANSAS RIVER TRIBUTARY ABOVE HWY 227 AT PUEBLO,distinct,889.23,,,,,water_temp+spec_cond,discharge,True,True,
498,USGS:413913083314200,USGS:413922083310500,,,,Maumee River at Maritime Plaza at Toledo OH,Maumee River at Riverside Dr at Toledo OH,distinct,894.56,spec_cond,179.0,0.9164,12.0521,water_temp+spec_cond,water_temp+spec_cond,True,True,
499,USGS:01644388,USGS:01644390,,,,"TENMILE CREEK NEAR CLARKSBURG, MD","TENMILE CREEK NEAR BOYDS, MD",distinct,901.58,discharge,4820.0,0.9862,-0.0195,discharge,discharge,True,False,
500,USGS:01365080,USGS:01365100,,,,PEPACTON RES DIV OUTLET NR GRAHAMSVILLE NY,CANNONSVILLE RES DIV CHANNEL NR GRAHAMSVILLE NY,distinct,902.92,,,,,gage_height,discharge+water_temp,True,False,
501,USGS:05536340,USGS:05536343,,,,"MIDLOTHIAN CREEK AT OAK FOREST, IL","NATALIE CREEK AT MIDLOTHIAN, IL",distinct,904.33,discharge,3381.0,0.7759,0.1368,discharge+gage_height,discharge+gage_height,True,True,
502,USGS:401350073594801,USGS:401352074002701,,,,Atlantic Oc in Deal Lk surge chmbr at Asbury Pk NJ,Deal Lake 150 ft east of Main St at Interlaken NJ,distinct,914.51,spec_cond,15.0,-0.4679,2495.3774,water_temp+spec_cond+diss_oxy+ph,water_temp+spec_cond+turbidity_fnu+diss_oxy+ph,True,True,
503,USGS:02481960,USGS:02481961,,,,"WOLF CREEK AT INDUSTRIAL DRIVE NR PEARL RIVER, MS","WOLF CREEK NEAR PEARL RIVER, MS",distinct,922.26,spec_cond,4.0,,-200.8229,discharge+gage_height+water_temp+spec_cond+diss_oxy+ph,water_temp+spec_cond+diss_oxy+ph,True,True,
504,USGS:03312900,USGS:03313000,,,,"BARREN RIVER LAKE NEAR FINNEY, KY","BARREN RIVER NEAR FINNEY, KY",distinct,924.1,,,,,gage_height,water_temp,False,True,
505,USGS:01118500,USGS:01118502,,,,"PAWCATUCK RIVER AT WESTERLY, RI","PAWCATUCK RIVER SOUTH OF ROUTE 1 AT PAWCATUCK, CT",distinct,937.85,spec_cond,163.0,0.7935,-5.9167,discharge+gage_height+water_temp+spec_cond+turbidity_fnu+diss_oxy+ph+fchl,water_temp+spec_cond+turbidity_fnu+diss_oxy+ph+fchl,True,True,
506,IWQIS:WQS0098,USGS:05484900,,,,Raccoon River at Des Moines (98RRDMWW),"Raccoon River at Fleur Drive at Des Moines, IA",distinct,942.59,,,,,water_temp+turbidity_unknown,discharge,True,True,
507,USGS:05414850,USGS:424253090232100,,,,"GALENA R.-U.W. PLATTEVILLE FARMS-NR PLATTEVILLE,WI","U.W. PLATTEVILLE FARMS SITE 11 NR PLATTEVILLE, WI",distinct,943.03,discharge,227.0,0.0111,0.2213,discharge,discharge,True,True,
508,USGS:054279465,USGS:05427948,,,,"S FORK PHEASANT BRANCH @ DEMING WAY @ MIDDLETON,WI","PHEASANT BRANCH AT MIDDLETON, WI",distinct,952.79,discharge,5468.0,0.0136,-0.1061,discharge,discharge+gage_height+water_temp,True,True,
509,USGS:391035084344300,USGS:391104084343000,,,,East Branch Shepherd Creek near Mt Airy OH,"Unnamed Drainage at Ponderosa Dr, Mt Airy OH",distinct,954.28,discharge,1003.0,0.3943,0.0003,discharge,discharge,True,True,
510,USGS:401336074002901,USGS:401350073595201,,,,Sunset Lake outlet at Bond St at Asbury Park NJ,Deal Lake at Flume House at Asbury Park NJ,distinct,979.45,spec_cond,15.0,0.5116,-3405.2072,water_temp+spec_cond+turbidity_fnu+diss_oxy+ph,water_temp+spec_cond+turbidity_fnu+diss_oxy+ph,True,True,
511,USGS:01119382,USGS:01119384,,,,"WILLIMANTIC RIVER AT MERROW RD. NEAR MERROW, CT","WILLIMANTIC RIVER NEAR MANSFIELD DEPOT, CT",distinct,1004.6,discharge,41.0,0.9912,-0.1614,discharge,discharge,True,True,
512,USGS:05568703,USGS:401913089534501,,,,"MASON TAZEWELL DRAINAGE D NR NURSERY NR TOPEKA, IL",22N7W-28.5a (IL Tree Nursery),distinct,1008.82,,,,,gage_height,nitrate+water_temp+spec_cond+turbidity_fnu+diss_oxy+ph,True,True,
513,USGS:431533076582101,USGS:431601076584701,,,,SODUS BAY AT SAND POINT NY,LAKE ONTARIO AT SODUS BAY NY,distinct,1016.2,,,,,water_temp+spec_cond+turbidity_fnu+diss_oxy+ph+fdom+fchl+fpc,orthophosphate,True,True,
514,USGS:401347074003501,USGS:401350073595201,,,,Deal lake at Railroad Bridge at Asbury Park NJ,Deal Lake at Flume House at Asbury Park NJ,distinct,1022.72,spec_cond,21.0,0.477,-2982.6042,water_temp+spec_cond+turbidity_fnu+diss_oxy+ph,water_temp+spec_cond+turbidity_fnu+diss_oxy+ph,True,True,
515,USGS:401336074002901,USGS:401350073594801,,,,Sunset Lake outlet at Bond St at Asbury Park NJ,Atlantic Oc in Deal Lk surge chmbr at Asbury Pk NJ,distinct,1048.95,spec_cond,16.0,0.2001,-8534.1745,water_temp+spec_cond+turbidity_fnu+diss_oxy+ph,water_temp+spec_cond+diss_oxy+ph,True,True,
516,USGS:04174490,USGS:04174500,,,,"ALLEN CREEK AT MOUTH AT ANN ARBOR, MI","HURON RIVER AT ANN ARBOR, MI",distinct,1057.11,discharge,5069.0,0.117,-12.7247,discharge,discharge+gage_height+water_temp+spec_cond+turbidity_fnu+diss_oxy+ph,False,True,
517,USGS:0205373228,USGS:0205373422,,,,"BOTTOM CREEK ABOVE CONFLUENCE NR BENT MOUNTAIN, VA","BOTTOM CREEK BL POOR MTN RD NEAR BENT MOUNTAIN, VA",distinct,1087.54,spec_cond,2578.0,0.9767,-4.201,water_temp+spec_cond+turbidity_fnu+diss_oxy+ph,gage_height+water_temp+spec_cond+turbidity_fnu+diss_oxy+ph,True,True,
518,USGS:401347074003501,USGS:401350073594801,,,,Deal lake at Railroad Bridge at Asbury Park NJ,Atlantic Oc in Deal Lk surge chmbr at Asbury Pk NJ,distinct,1103.42,spec_cond,22.0,0.6052,-8511.2636,water_temp+spec_cond+turbidity_fnu+diss_oxy+ph,water_temp+spec_cond+diss_oxy+ph,True,True,
519,USGS:03284520,USGS:03284525,,,,"EAST HICKMAN CR AT ANDOVER VILLAGE NR CADENTOWN,KY","E HICKMAN CR TRIB AT CHILESBURG RD NR LEXINGTON,KY",distinct,1107.32,discharge,1624.0,0.9032,0.0082,discharge,discharge,True,False,
520,USGS:03288100,USGS:03288110,,,,"NORTH ELKHORN CREEK AT GEORGETOWN, KY","ROYAL SPRINGS AT GEORGETOWN, KY",distinct,1124.97,discharge,6797.0,0.604,2.3786,discharge,discharge,True,True,
521,USGS:05414850,USGS:424302090231900,,,,"GALENA R.-U.W. PLATTEVILLE FARMS-NR PLATTEVILLE,WI","U.W. PLATTEVILLE FARMS SITE 10 NR PLATTEVILLE, WI",distinct,1134.88,discharge,227.0,0.0362,0.2212,discharge,discharge,True,True,
522,USGS:02054500,USGS:0205450495,,,,"ROANOKE RIVER AT LAFAYETTE, VA","ROANOKE RIVER ABOVE ROUTE 11 AT LAFAYETTE, VA",distinct,1136.64,,,,,discharge,water_temp+spec_cond+turbidity_fnu+diss_oxy+ph,False,True,
523,USGS:435414087471400,USGS:435441087463900,,,,"DISCOVERY FARMS WATERWAY NUMBER 3 NR CLEVELAND, WI","DISCOVERY FARMS WATERWAY NUMBER 1 NR CLEVELAND, WI",distinct,1146.22,discharge,1370.0,0.8888,0.0,discharge,discharge,True,True,
524,USGS:05059460,USGS:05059465,,,,"SHEYENNE RIVER ON 32ND AVE E AT WEST FARGO, ND","SHEYENNE RIVER DIV ON SHEYENNE ST AT W FARGO, ND",distinct,1150.34,discharge,183.0,0.9517,3.1998,discharge+gage_height,discharge+gage_height,True,True,
525,USGS:01123600,USGS:01123620,,,,"QUINEBAUG R BL WESTVILLE DAM NR SOUTHBRIDGE, MA","QUINEBAUG RIVER AT MILL ST AT SOUTHBRIDGE, MA",distinct,1180.66,,,,,discharge,water_temp+spec_cond+diss_oxy,True,True,
526,USGS:06803495,USGS:06803500,,,,"Salt Creek at Innovation Campus at Lincoln, Nebr.","Salt Creek at 27th Street at Lincoln, Nebr.",distinct,1184.34,discharge,6802.0,0.9978,-0.9061,discharge+gage_height,discharge+gage_height,True,True,
527,USGS:413658083344200,USGS:413704083335100,,,,Maumee River nr Walbridge Park nr Holland OH,Maumee River at Rossford Marina at Rossford OH,distinct,1186.57,spec_cond,141.0,0.9556,-3.6771,water_temp+spec_cond,water_temp+spec_cond,False,True,
528,USGS:06434505,USGS:06436000,,,,"INLET CANAL ABOVE BELLE FOURCHE RESERVOIR, SD","BELLE FOURCHE RIVER NEAR FRUITDALE, SD",distinct,1191.17,discharge,6758.0,0.8477,3.3555,discharge+gage_height,discharge+gage_height,False,True,
529,USGS:07010022,USGS:07010030,,,,"River Des Peres near University City, MO","River Des Peres Tributary at Pagedale, MO",distinct,1194.15,discharge,6801.0,0.9506,0.0365,discharge,discharge,True,True,
530,USGS:03432504,USGS:034325065,,,,"ROBINSON BRANCH ABOVE BOSTON, TN","ROBINSON BRANCH AT BOSTON THETA ROAD, TN",distinct,1202.9,discharge,1355.0,0.8714,-0.0208,discharge+gage_height+turbidity_fnu,discharge+gage_height+turbidity_fnu,True,True,
531,USGS:01648000,USGS:01648011,,,,"ROCK CREEK AT SHERRILL DRIVE WASHINGTON, DC",Luzon Branch above Rock Creek at Washington DC,distinct,1216.97,discharge,1193.0,0.7112,0.7858,discharge,discharge+water_temp,True,True,
532,USGS:04127917,USGS:04127918,,,,"PINE RIVER NEAR RUDYARD, MI","PINE RIVER AT MACKINAC TRAIL NEAR RUDYARD, MI",distinct,1229.84,discharge,1612.0,1.0,0.0,discharge,discharge,True,True,
533,USGS:01407639,USGS:401336074002901,,,,Harvey Brook US Corlies Av at Allenhurst NJ,Sunset Lake outlet at Bond St at Asbury Park NJ,distinct,1235.48,spec_cond,15.0,0.577,1869.8125,water_temp+spec_cond+turbidity_fnu+diss_oxy+ph,water_temp+spec_cond+turbidity_fnu+diss_oxy+ph,True,True,
534,USGS:01407639,USGS:401350073594801,,,,Harvey Brook US Corlies Av at Allenhurst NJ,Atlantic Oc in Deal Lk surge chmbr at Asbury Pk NJ,distinct,1237.0,spec_cond,15.0,-0.3485,-4753.5714,water_temp+spec_cond+turbidity_fnu+diss_oxy+ph,water_temp+spec_cond+diss_oxy+ph,True,True,
535,USGS:410606073245700,USGS:410643073243700,,,,"NORWALK R AT MARITIME AQUARIUM NR S NORWALK, CT","NORWALK RIVER AT FERRY POINT NEAR NORWALK, CT",distinct,1242.37,spec_cond,514.0,0.7239,717.1875,water_temp+spec_cond+turbidity_fnu+diss_oxy+ph,water_temp+spec_cond+diss_oxy,True,True,
536,USGS:06423075,USGS:06423080,,,,"BOXELDER CREEK TRIB 7 ABV POND 2 AT BOX ELDER, SD","BOXELDER CR TRIB 3 AT COUNTRY RD AT BOX ELDER, SD",distinct,1266.64,discharge,834.0,0.8338,0.0,discharge,discharge+gage_height,True,True,
537,USGS:07010030,USGS:07010035,,,,"River Des Peres Tributary at Pagedale, MO","Engelholm Creek near Wellston, MO",distinct,1276.69,discharge,6801.0,0.958,-0.0042,discharge,discharge,True,True,
538,USGS:04201515,USGS:04201526,,,,Abram Creek at Brook Park OH,Abram Creek at Kolthoff Drive at Brook Park OH,distinct,1296.93,,,,,gage_height,discharge,True,True,
539,USGS:0134277121,USGS:0134277123,,,,HONNEDAGA LAKE TRIBUTARY NO. 5 AT FOREST LODGE NY,HONNEDAGA LAKE TRIBUTARY NO. 6 AT FOREST LODGE NY,distinct,1325.32,discharge,1428.0,0.8202,0.0028,discharge+water_temp,discharge+water_temp,True,True,
540,USGS:01362200,USGS:01362230,,,,ESOPUS CREEK AT ALLABEN NY,DIVERSION FROM SCHOHARIE RESERVOIR NY,distinct,1371.23,discharge,6610.0,-0.2395,-1.5669,discharge+gage_height+water_temp+turbidity_fnu,discharge+water_temp,True,True,
541,USGS:01648000,USGS:01648010,,,,"ROCK CREEK AT SHERRILL DRIVE WASHINGTON, DC","Rock Creek at Joyce Rd Washington, DC",distinct,1393.54,discharge,4917.0,0.9963,-0.0934,discharge,nitrate+discharge+gage_height+water_temp+spec_cond+turbidity_fnu+diss_oxy+ph,True,True,
542,USGS:07377780,USGS:07377782,,,,"White Bayou at State Hwy 64 near Zachary, LA","White Bayou SE of Zachary, LA",distinct,1408.17,,,,,gage_height,discharge,True,True,
543,USGS:06887000,USGS:391423096351600,,,,"BIG BLUE R NR MANHATTAN, KS","BIG BLUE R BL RIVER POND NR MANHATTAN, KS",distinct,1433.4,spec_cond,33.0,0.3265,-3.9271,nitrate+discharge+gage_height+water_temp+spec_cond+turbidity_fnu+diss_oxy+ph,water_temp+spec_cond+turbidity_fnu+diss_oxy+ph,True,True,
544,USGS:071948140,USGS:07194816,,,,"South Research Br at the WREC at Fayetteville, AR","Research Br Outlet at the WREC at Fayetteville, AR",distinct,1440.68,discharge,835.0,0.857,0.0,discharge,discharge,True,True,
545,USGS:06149000,USGS:06149100,,,,Cypress Lake west outflw canl nr West Plains Sask,Vidora Ditch near Consul Sask,distinct,1451.97,discharge,4537.0,0.8553,0.0011,discharge,discharge,False,False,
546,USGS:071948150,USGS:07194816,,,,"Wetland BR at the WREC at Fayetteville, AR","Research Br Outlet at the WREC at Fayetteville, AR",distinct,1454.02,discharge,854.0,0.8173,0.0003,discharge,discharge,True,True,
547,USGS:413611087201101,USGS:413626087211101,,,,"CITY HALL WEST FLUME AT GARY, IN","GRAND CALUMET RIVER AT BUCHANAN ST AT GARY, IN",distinct,1459.9,,,,,discharge+gage_height+spec_cond,water_temp+diss_oxy,True,True,
548,USGS:01456887,USGS:01457000,,,,Musconetcong River US of Trib 4 nr Asbury NJ,Musconetcong River near Bloomsbury NJ,distinct,1469.96,,,,,water_temp,discharge,True,True,
549,USGS:071948135,USGS:07194816,,,,"North Research Br at the WREC at Fayetteville, AR","Research Br Outlet at the WREC at Fayetteville, AR",distinct,1478.53,discharge,854.0,0.8339,0.0,discharge,discharge,True,True,
550,USGS:06423070,USGS:06423080,,,,"BOXELDER CR TRIB 2 AT COUNTRY RD AT BOX ELDER, SD","BOXELDER CR TRIB 3 AT COUNTRY RD AT BOX ELDER, SD",distinct,1480.97,discharge,979.0,0.8011,0.0,discharge+gage_height,discharge+gage_height,False,True,
551,USGS:413611087201001,USGS:413626087211101,,,,"CITY HALL NORTH FLUME AT GARY, IN","GRAND CALUMET RIVER AT BUCHANAN ST AT GARY, IN",distinct,1481.67,,,,,discharge+gage_height+spec_cond,water_temp+diss_oxy,True,True,
552,USGS:413611087201002,USGS:413626087211101,,,,"CITY HALL SOUTH FLUME AT GARY, IN","GRAND CALUMET RIVER AT BUCHANAN ST AT GARY, IN",distinct,1481.67,,,,,discharge+gage_height+spec_cond,water_temp+diss_oxy,True,True,
553,USGS:435414087471400,USGS:435444087462300,,,,"DISCOVERY FARMS WATERWAY NUMBER 3 NR CLEVELAND, WI","DISCOVERY FARMS WATERWAY NUMBER 2 NR CLEVELAND, WI",distinct,1491.53,discharge,1370.0,0.9051,0.0,discharge,discharge,True,True,
554,USGS:413612087200901,USGS:413626087211101,,,,"CITY HALL NORTHEAST FLUME AT GARY, IN","GRAND CALUMET RIVER AT BUCHANAN ST AT GARY, IN",distinct,1494.05,,,,,discharge+gage_height+spec_cond,water_temp+diss_oxy,True,True,
555,USGS:07106500,USGS:07106510,,,,"FOUNTAIN CREEK AT PUEBLO, CO.","FOUNTAIN CREEK AT 8TH STREET AT PUEBLO, CO",distinct,1495.44,discharge,514.0,0.2662,-0.0101,discharge+gage_height+water_temp+spec_cond+turbidity_fnu,discharge,True,True,
556,USGS:413611087200901,USGS:413626087211101,,,,"CITY HALL SOUTHEAST FLUME AT GARY, IN","GRAND CALUMET RIVER AT BUCHANAN ST AT GARY, IN",distinct,1503.48,,,,,discharge+gage_height+spec_cond,water_temp+diss_oxy,True,True,
557,USGS:04118997,USGS:04119000,,,,"GRAND RIVER AT 6TH ST AT GRAND RAPIDS, MI","GRAND RIVER AT GRAND RAPIDS, MI",distinct,1543.25,,,,,water_temp+spec_cond+turbidity_fnu+diss_oxy,discharge,True,True,
558,USGS:01362336,USGS:01362342,,,,STONY CLOVE CR AT JANSSEN RD AT LANESVILLE NY,HOLLOW TREE BROOK AT LANESVILLE NY,distinct,1549.73,discharge,2558.0,0.9481,0.3518,discharge+gage_height+turbidity_fnu,discharge+gage_height+turbidity_fnu,True,True,
559,USGS:04057800,USGS:04057801,,,,"MIDDLE BRANCH ESCANABA RIVER AT HUMBOLDT, MI","M BR ESCANABA R AT US HWY 41 NR HUMBOLDT, MI",distinct,1572.05,,,,,discharge+gage_height,water_temp+spec_cond+diss_oxy+ph,True,True,
560,USGS:07083000,USGS:07083200,,,,"HALFMOON CREEK NEAR MALTA, CO","HALFMOON CR BL HALFMOON DIVERSION NR LEADVILLE, CO",distinct,1594.29,discharge,2695.0,0.7373,0.3915,discharge+gage_height+water_temp,discharge,True,True,
561,USGS:0202848919,USGS:0202848938,,,,"SPRUCE CREEK ABOVE ROUTE 151 NEAR NELLYSFORD, VA","SPRUCE CREEK AT ROUTE 627 NEAR NELLYSFORD, VA",distinct,1595.08,spec_cond,1134.0,0.9343,1.3542,water_temp+spec_cond+turbidity_fnu+diss_oxy+ph,gage_height+water_temp+spec_cond+turbidity_fnu+diss_oxy+ph,True,True,
562,USGS:06423090,USGS:440639103014701,,,,"BOXELDER CR TRIB4 AT LIBERTY BLVD AT BOX ELDER, SD","BOXELDER CR TRIB5 AT HWY 1416 NR BOX ELDER, SD",distinct,1623.77,discharge,904.0,0.8705,0.0,discharge+gage_height,discharge+gage_height,True,True,
563,USGS:06148700,USGS:06149000,,,,Cypress Lake west inflw cnl drain nr Oxarat Sask,Cypress Lake west outflw canl nr West Plains Sask,distinct,1668.29,discharge,5085.0,-0.0256,0.0,discharge,discharge,False,False,
564,USGS:03259757,USGS:03259813,,,,W Fk Mill Creek at West Fork Road at Cincinnati OH,W Fk Mill Creek at Hille Park at Cincinnati OH,distinct,1695.33,discharge,609.0,0.6056,-0.0248,discharge+gage_height+water_temp+spec_cond+turbidity_fnu+diss_oxy+ph,discharge+gage_height+water_temp+spec_cond+turbidity_fnu+diss_oxy+ph,True,True,
565,USGS:01622459,USGS:01622464,,,,"MIDDLE RIVER AT ROUTE 721 NEAR CHURCHVILLE, VA","MIDDLE RIVER ABOVE ROUTE 250 NEAR CHURCHVILLE, VA",distinct,1709.43,spec_cond,1150.0,0.9833,-3.1927,water_temp+spec_cond+turbidity_fnu+diss_oxy+ph,gage_height+water_temp+spec_cond+turbidity_fnu+diss_oxy+ph,True,True,
566,USGS:05408476,USGS:434425090462401,,,,"WEST FORK KICKAPOO RIVER @ OGDEN AVE AT CASHTON,WI","DISCOVERY FARMS-JERSEY WATERWAY 6 AT CASHTON, WI",distinct,1738.47,discharge,1485.0,0.5395,0.0,discharge,discharge,True,True,
567,USGS:01359135,USGS:01359139,,,,PATROON CREEK AT ALBANY NY,HUDSON RIVER AT ALBANY NY,distinct,1751.86,,,,,discharge,water_temp,True,True,
568,USGS:05059715,USGS:464114097260900,,,,"MAPLE RIVER ABOVE MAPLE RIVER DAM NR SHELDON, ND","DISCOVERY FARMS WATERWAY SITE 3 NEAR EMBDEN, ND",distinct,1753.44,discharge,424.0,0.2475,22.6235,discharge+gage_height,discharge,True,True,
569,USGS:01653522,USGS:01653560,,,,"PISCATAWAY CREEK TRIB AT JOINT BASE ANDREWS, MD","PISCATAWAY CREEK AT WOODYARD, MD",distinct,1773.16,spec_cond,244.0,0.1811,-11.6354,gage_height+water_temp+spec_cond+turbidity_fnu,gage_height+water_temp+spec_cond+turbidity_fnu,True,True,
570,USGS:05406457,USGS:05406469,,,,"BLACK EARTH CREEK NR BREWERY RD AT CROSS PLAINS,WI","BREWERY CREEK-UPSTREAM SITE-AT CROSS PLAINS, WI",distinct,1800.43,discharge,4353.0,0.7375,0.3153,discharge+gage_height+water_temp+spec_cond+turbidity_fnu+diss_oxy,discharge+gage_height+water_temp+spec_cond+turbidity_fnu+diss_oxy,False,True,
571,USGS:06227596,USGS:06227600,,,,"JOHNSTOWN DITCH AT HEADWORKS, NEAR KINNEAR, WY","WIND RIVER NEAR KINNEAR, WY",distinct,1823.17,discharge,330.0,0.1656,-12.3759,discharge,discharge+water_temp,True,True,
572,USGS:03292474,USGS:0329247450,,,,"GOOSE CREEK AT OLD WESTPORT RD NR ST MATTHEWS, KY","GOOSE CREEK AT HWY 22 AT SPRING VALLEY, KY",distinct,1888.12,discharge,615.0,0.9934,-0.0376,discharge+gage_height+water_temp+spec_cond+diss_oxy+ph,discharge+gage_height+water_temp+spec_cond+diss_oxy+ph,True,True,
573,USGS:0329247450,USGS:03292475,,,,"GOOSE CREEK AT HWY 22 AT SPRING VALLEY, KY","GOOSE CREEK AT US HWY 42 NEAR GLENVIEW ACRES, KY",distinct,1936.36,discharge,364.0,0.9715,-0.0162,discharge+gage_height+water_temp+spec_cond+diss_oxy+ph,discharge+gage_height+water_temp+spec_cond+diss_oxy+ph,True,True,
574,USGS:034324715,USGS:03432472,,,,UNNAMED TRIB TO SYCAMORE CR (FLUME) NR SYCAMORE,"SYCAMORE CREEK AT BURWOOD, TN",distinct,1965.15,discharge,826.0,0.7058,-0.0086,discharge+gage_height+turbidity_fnu,discharge+gage_height+turbidity_fnu,True,True,
575,USGS:01424998,USGS:01425000,,,,CANNONSVILLE RES RELEASE CHANNEL NR STILESVILLE NY,WEST BRANCH DELAWARE RIVER AT STILESVILLE NY,distinct,1987.77,discharge,272.0,0.8157,-0.1982,discharge+gage_height,discharge+water_temp,True,True,
576,USGS:413745083314900,USGS:413849083315000,,,,Maumee River at Fassett St at Toledo OH,Maumee River at Boers-Boyer Way at Toledo OH,distinct,1989.62,spec_cond,161.0,0.4168,-3.1562,water_temp+spec_cond,water_temp+spec_cond,True,True,
577,USGS:295906090054200,USGS:300009090051600,,,,"City Park South Lagoon at New Orleans, LA","City Park East Lagoon at New Orleans, LA",distinct,2062.98,spec_cond,1120.0,0.7377,104.9871,gage_height+water_temp+spec_cond+diss_oxy,gage_height+water_temp+spec_cond+diss_oxy,False,False,
578,USGS:07358250,USGS:07358253,,,,"Whittington Cr at Whitt. Pk at Hot Springs, AR","Whittington Cr at Tunnel Ent at Hot Springs, AR",distinct,2128.52,discharge,5934.0,0.8004,-0.0555,discharge,discharge,False,False,
579,USGS:01653521,USGS:01653560,,,,"PISCATAWAY CREEK AT JOINT BASE ANDREWS, MD","PISCATAWAY CREEK AT WOODYARD, MD",distinct,2141.29,spec_cond,100.0,0.8283,-44.2188,discharge+gage_height+water_temp+spec_cond+turbidity_fnu,gage_height+water_temp+spec_cond+turbidity_fnu,True,True,
580,USGS:05059715,USGS:464115097255000,,,,"MAPLE RIVER ABOVE MAPLE RIVER DAM NR SHELDON, ND","DISCOVERY FARMS WATERWAY SITE 1 NEAR EMBDEN, ND",distinct,2158.89,discharge,380.0,-0.0436,21.1952,discharge+gage_height,discharge,True,False,
581,USGS:01589312,USGS:01589315,,,,"DEAD RUN NEAR CATONSVILLE, MD","DEAD RUN AT WOODLAWN, MD",distinct,2198.26,discharge,6463.0,0.9083,-0.0195,discharge,discharge,True,True,
582,USGS:05059715,USGS:464115097254700,,,,"MAPLE RIVER ABOVE MAPLE RIVER DAM NR SHELDON, ND","DISCOVERY FARMS WATERWAY SITE 2 NEAR EMBDEN, ND",distinct,2222.3,discharge,355.0,0.2624,20.436,discharge+gage_height,discharge,True,False,
583,USGS:01408900,USGS:01409000,,,,Cedar Creek at Western Blvd near Lanoka Harbor NJ,Cedar Creek at Lanoka Harbor NJ,distinct,2235.32,discharge,1582.0,1.0,-0.1727,discharge,discharge,True,True,
584,USGS:07241504,USGS:07241506,,,,"Crutcho Creek at SE 50th st. at Boone Township, OK","Crutcho Creek at SE 29th st. at Boone Township, OK",distinct,2242.35,discharge,555.0,0.988,-0.0235,discharge,discharge,True,True,
585,USGS:06148700,USGS:06149100,,,,Cypress Lake west inflw cnl drain nr Oxarat Sask,Vidora Ditch near Consul Sask,distinct,2246.96,discharge,4537.0,-0.0149,0.0,discharge,discharge,False,False,
586,USGS:06148500,USGS:06149000,,,,"Cypress Lake west inflw canal nr West Plains, Sask",Cypress Lake west outflw canl nr West Plains Sask,distinct,2250.55,discharge,5113.0,0.1142,0.0,discharge,discharge,False,False,
587,USGS:01103038,USGS:01103040,,,,"MALDEN RIVER AT MALDEN, MA","MYSTIC RIVER RT 16 AT MEDFORD, MA",distinct,2302.98,discharge,66.0,-0.1568,-1.5192,discharge,discharge,True,True,
588,USGS:07010094,USGS:07010097,,,,"Grammond Creek near Wilbur Park, MO","River Des Peres at St. Louis, MO",distinct,2327.89,discharge,6799.0,-0.0172,-0.2486,discharge,discharge,True,True,
589,USGS:01100475,USGS:01100500,,,,"MERRIMACK R AT ABE BASHARA BOAT HOUSE LAWRENCE, MA","MERRIMACK RIVER AT LAWRENCE, MA",distinct,2329.85,,,,,water_temp+spec_cond+diss_oxy,gage_height,True,True,
590,USGS:01306440,USGS:01306460,,,,CONNETQUOT BROOK AT CENTRAL ISLIP NY,CONNETQUOT BK NR CENTRAL ISLIP NY,distinct,2336.99,discharge,2099.0,0.9185,-0.5864,discharge,discharge,True,True,
591,USGS:07381350,USGS:07381355,,,,"Company Canal at Hwy 1 at Lockport, LA","Company Canal at Salt Barrier near Lockport, LA",distinct,2342.71,spec_cond,6360.0,0.7283,9.8152,gage_height+water_temp+spec_cond,gage_height+water_temp+spec_cond,True,False,
592,USGS:06893557,USGS:06893562,,,,"Brush Creek at Ward Parkway in Kansas City, MO","Brush Creek at Rockhill Road in Kansas City, MO",distinct,2389.08,discharge,516.0,0.5197,-0.0342,discharge,discharge+gage_height,True,True,
593,USGS:042085017,USGS:412624081450700,,,,East Br Big Creek at Brookpark Rd nr Parma OH,East Branch Big Creek at Brooklyn OH,distinct,2409.99,discharge,1229.0,0.9711,-0.0716,discharge,discharge,True,True,
594,USGS:07010022,USGS:07010035,,,,"River Des Peres near University City, MO","Engelholm Creek near Wellston, MO",distinct,2442.01,discharge,6803.0,0.9228,0.0303,discharge,discharge,True,True,
595,USGS:05427927,USGS:05427930,,,,"DORN (SPRING) CREEK @ CT HIGHWAY Q NR WAUNAKEE, WI","DORN (SPRING) CREEK AT CT HIGHWAY M NR WAUNAKEE,WI",distinct,2450.51,discharge,5145.0,0.0107,-0.0682,discharge,discharge+water_temp,True,True,
596,USGS:0205551460,USGS:0205551614,,,,"LICK RUN ABOVE PATTON AVENUE AT ROANOKE, VA","TINKER CREEK ABOVE GLADE CREEK AT ROANOKE, VA",distinct,2476.4,discharge,1808.0,0.8498,-1.4416,discharge+gage_height+water_temp+spec_cond+turbidity_fnu+diss_oxy+ph,discharge+gage_height+water_temp+spec_cond+turbidity_fnu+diss_oxy+ph,True,True,
597,USGS:05532500,USGS:414757087490401,,,,"DES PLAINES RIVER AT RIVERSIDE, IL","SUMMIT CONDUIT AT SUMMIT, IL",distinct,2522.45,discharge,816.0,0.2991,11.2769,discharge+gage_height,discharge+gage_height,True,True,
598,USGS:06148500,USGS:06149100,,,,"Cypress Lake west inflw canal nr West Plains, Sask",Vidora Ditch near Consul Sask,distinct,2533.84,discharge,4537.0,0.0234,0.0,discharge,discharge,False,False,
599,USGS:06893562,USGS:390202094362700,,,,"Brush Creek at Rockhill Road in Kansas City, MO","BRUSH CREEK AT STATE LINE RD, KANSAS CITY, MO",distinct,2537.66,,,,,discharge+gage_height,water_temp+spec_cond+turbidity_fnu+diss_oxy+ph,True,True,
600,USGS:04237496,USGS:04237500,,,,SENECA RIVER NEAR BALDWINSVILLE NY,SENECA RIVER AT BALDWINSVILLE NY,distinct,2581.36,discharge,2459.0,1.0,0.0,discharge,discharge,True,True,
601,USGS:01589330,USGS:01589340,,,,"DEAD RUN AT FRANKLINTOWN, MD","ROGNEL HGTS STORM SEWER OUTFALL AT BALTIMORE, MD",distinct,2597.67,discharge,1003.0,0.8694,0.0566,discharge,discharge,True,True,
602,USGS:295906090054200,USGS:300026090050800,,,,"City Park South Lagoon at New Orleans, LA","Bayou Saint John Midlake at New Orleans, LA",distinct,2628.67,spec_cond,1197.0,0.5492,-1010.0,gage_height+water_temp+spec_cond+diss_oxy,gage_height+water_temp+spec_cond+diss_oxy,False,False,
603,USGS:01362322,USGS:01362336,,,,MYRTLE BROOK AT STATE HWY 214 AT EDGEWOOD NY,STONY CLOVE CR AT JANSSEN RD AT LANESVILLE NY,distinct,2680.76,discharge,2555.0,0.9578,-0.3675,discharge+gage_height+turbidity_fnu,discharge+gage_height+turbidity_fnu,True,True,
604,USGS:01103025,USGS:422302071083801,,,,"ALEWIFE BROOK NEAR ARLINGTON, MA","FRESH POND IN GATE HOUSE AT CAMBRIDGE, MA",distinct,2701.05,,,,,discharge,water_temp+spec_cond,True,True,
605,USGS:01359133,USGS:01359139,,,,PATROON CR AT NORTHERN BLVD AT ALBANY NY,HUDSON RIVER AT ALBANY NY,distinct,2707.32,,,,,discharge,water_temp,True,True,
606,USGS:01103025,USGS:422303071084301,,,,"ALEWIFE BROOK NEAR ARLINGTON, MA","FRESH POND BUOY, NEAR INTAKE AT CAMBRIDGE, MA",distinct,2708.34,,,,,discharge,water_temp+fpc,True,True,
607,USGS:04208502,USGS:412624081450700,,,,Big Creek at Cleveland OH,East Branch Big Creek at Brooklyn OH,distinct,2775.07,discharge,4336.0,0.9632,0.235,discharge,discharge,True,True,
608,USGS:07160290,USGS:07160300,,,,"North Boggy Creek at Garriott Rd at Enid, OK","Boggy Creek at 30th St at Enid, OK",distinct,2800.61,,,,,gage_height,discharge,False,True,
609,USGS:01362322,USGS:01362342,,,,MYRTLE BROOK AT STATE HWY 214 AT EDGEWOOD NY,HOLLOW TREE BROOK AT LANESVILLE NY,distinct,2884.21,discharge,3558.0,0.9326,-0.0166,discharge+gage_height+turbidity_fnu,discharge+gage_height+turbidity_fnu,True,True,
610,USGS:03288180,USGS:03288190,,,,"CANE RUN CREEK AT CITATION BLVD NR LEXINGTON, KY","TRIB TO CANE RUN CR AT NEWTOWN PK NR LEXINGTON, KY",distinct,2943.3,discharge,176.0,0.5426,0.0656,discharge+gage_height+water_temp+spec_cond+diss_oxy+ph,discharge,True,True,
611,USGS:06711570,USGS:06711575,,,,"HARVARD GULCH AT COLORADO BLVD. AT DENVER, CO","HARVARD GULCH AT HARVARD PARK AT DENVER, CO",distinct,2948.12,discharge,2701.0,0.9019,-0.0439,discharge,discharge,True,False,
612,USGS:413922083310500,USGS:414032083293600,,,,Maumee River at Riverside Dr at Toledo OH,Maumee River at Summit St at Toledo OH,distinct,2985.07,spec_cond,178.0,0.9556,-20.1198,water_temp+spec_cond,water_temp+spec_cond,True,True,
613,USGS:413611087201101,USGS:413632087221900,,,,"CITY HALL WEST FLUME AT GARY, IN","GRAND CALUMET RIVER AT BRIDGE ST AT GARY, IN",distinct,2994.71,,,,,discharge+gage_height+spec_cond,water_temp+diss_oxy,True,True,
614,USGS:413611087201001,USGS:413632087221900,,,,"CITY HALL NORTH FLUME AT GARY, IN","GRAND CALUMET RIVER AT BRIDGE ST AT GARY, IN",distinct,3017.13,,,,,discharge+gage_height+spec_cond,water_temp+diss_oxy,True,True,
615,USGS:413611087201002,USGS:413632087221900,,,,"CITY HALL SOUTH FLUME AT GARY, IN","GRAND CALUMET RIVER AT BRIDGE ST AT GARY, IN",distinct,3017.13,,,,,discharge+gage_height+spec_cond,water_temp+diss_oxy,True,True,
616,USGS:413612087200901,USGS:413632087221900,,,,"CITY HALL NORTHEAST FLUME AT GARY, IN","GRAND CALUMET RIVER AT BRIDGE ST AT GARY, IN",distinct,3033.0,,,,,discharge+gage_height+spec_cond,water_temp+diss_oxy,True,True,
617,USGS:413611087200901,USGS:413632087221900,,,,"CITY HALL SOUTHEAST FLUME AT GARY, IN","GRAND CALUMET RIVER AT BRIDGE ST AT GARY, IN",distinct,3039.57,,,,,discharge+gage_height+spec_cond,water_temp+diss_oxy,True,True,
618,USGS:04174514,USGS:04174518,,,,"MALLETTS CREEK AT DOYLE PARK AT ANN ARBOR, MI","MALLETTS CREEK AT ANN ARBOR, MI",distinct,3067.79,discharge,1886.0,0.3709,-0.0464,discharge,discharge+gage_height,True,True,
619,USGS:413704083335100,USGS:413745083314900,,,,Maumee River at Rossford Marina at Rossford OH,Maumee River at Fassett St at Toledo OH,distinct,3079.09,spec_cond,165.0,0.8988,-1.8854,water_temp+spec_cond,water_temp+spec_cond,True,True,
620,USGS:07103987,USGS:07103990,,,,"COTTONWOOD CK AT UNION BLVD, AT COLO SPRINGS, CO","COTTONWOOD CREEK AT MOUTH AT PIKEVIEW, CO",distinct,3284.03,discharge,3047.0,0.9735,-0.0382,discharge,discharge,True,True,
621,USGS:05536357,USGS:413651087285001,,,,"GRAND CALUMET RIVER AT HOHMAN AV AT HAMMOND, IN","GRAND CALUMET R AT INDPLS BLVD AT EAST CHICAGO, IN",distinct,3305.21,,,,,discharge,water_temp+diss_oxy,True,True,
622,USGS:07142019,USGS:07142020,,,,"CHEYENNE BOTTOMS DV NR GREAT BEND, KS","WALNUT C BLW CHEYENNE BTMS DV NR GREAT BEND, KS",distinct,3312.13,discharge,729.0,-0.0214,0.2322,discharge+gage_height,discharge,True,False,
623,USGS:01135100,USGS:01135150,,,,"POPE BROOK TRIBUTARY (W-9), NR NORTH DANVILLE, VT","POPE BROOK (SITE W-3) NEAR NORTH DANVILLE, VT",distinct,3363.52,discharge,1421.0,0.7088,-0.1129,discharge+gage_height+water_temp+spec_cond+turbidity_fnu,discharge,True,True,
624,USGS:393812105453803,USGS:393947105442501,,,,LEAVENWORTH CR DIEL SAMPLING SITE LV1 JUNE2012,LEAVENWORTH CR DIEL SAMPLING SITE LV2 JUNE2012,distinct,3416.43,spec_cond,3.0,,59.9271,water_temp+spec_cond+diss_oxy+ph,water_temp+spec_cond+diss_oxy+ph,True,True,
625,USGS:03292500,USGS:03292550,,,,"SOUTH FORK BEARGRASS CREEK AT LOUISVILLE, KY","S FK BEARGRASS CREEK AT E OAK ST AT LOUISVILLE, KY",distinct,3428.2,discharge,2570.0,0.962,-0.1054,discharge+gage_height+water_temp+spec_cond+diss_oxy+ph,discharge+gage_height+water_temp+spec_cond+diss_oxy+ph,True,True,
626,USGS:02020246,USGS:02020258,,,,"RAMSEYS DRAFT AT ROUTE 716 NEAR WEST AUGUSTA, VA","RAMSEYS DRAFT AT ROUTE 629 NEAR WEST AUGUSTA, VA",distinct,3565.31,spec_cond,1274.0,0.8849,-7.1042,gage_height+water_temp+spec_cond+turbidity_fnu+diss_oxy+ph,water_temp+spec_cond+turbidity_fnu+diss_oxy+ph,True,True,
627,USGS:01302025,USGS:01302027,,,,"HARLEM R AT ROBERTO CLEMENTE STATE PARK, BRONX NY",HARLEM R AT MILL POND PARK ALCOVE 1 AT BRONX NY,distinct,3593.7,spec_cond,239.0,0.9709,-4528.125,water_temp+spec_cond+turbidity_fnu,water_temp+spec_cond+turbidity_fnu,True,True,
628,USGS:03292474,USGS:03292475,,,,"GOOSE CREEK AT OLD WESTPORT RD NR ST MATTHEWS, KY","GOOSE CREEK AT US HWY 42 NEAR GLENVIEW ACRES, KY",distinct,3621.5,discharge,6335.0,0.7274,-0.0734,discharge+gage_height+water_temp+spec_cond+diss_oxy+ph,discharge+gage_height+water_temp+spec_cond+diss_oxy+ph,True,True,
629,USGS:06720255,USGS:06720460,,,,"UVALDA INTERCEPT BL 56TH AV AT ROCKY MTN ARS, CO","FIRST CR BEL BUCKLEY RD, AT ROCKY MTN ARSENAL, CO",distinct,3733.29,discharge,1096.0,0.7162,-0.0246,discharge,discharge,False,True,
630,USGS:01359525,USGS:01359528,,,,NORMANS KILL AT KARLSFELD NY,NORMANS KILL AT ALBANY NY,distinct,3756.67,,,,,gage_height,discharge,True,True,
631,USGS:05537980,USGS:05538010,,,,"DES PLAINES RIVER AT ROUTE 53 AT JOLIET, IL","DES PLAINES RIVER AT ROCKDALE, IL",distinct,3764.28,spec_cond,532.0,0.9652,1.3021,nitrate+discharge+gage_height+water_temp+spec_cond+turbidity_fnu+diss_oxy+ph+fchl+fpc+orthophosphate,water_temp+spec_cond+turbidity_fnu+diss_oxy+ph+fchl+fpc,True,True,
632,USGS:413913083314200,USGS:414032083293600,,,,Maumee River at Maritime Plaza at Toledo OH,Maumee River at Summit St at Toledo OH,distinct,3794.82,spec_cond,179.0,0.8735,-4.9167,water_temp+spec_cond,water_temp+spec_cond,True,True,
633,USGS:412325081415500,USGS:412453081395500,,,,West Creek at Ridgewood Road at Parma OH,West Creek at Brooklyn Heights OH,distinct,3890.45,discharge,4105.0,0.0246,-0.1365,discharge,discharge,True,True,
634,USGS:03123499,USGS:03292500,,,,"BRADLEY CREEK AT LOUISVILLE, KY","SOUTH FORK BEARGRASS CREEK AT LOUISVILLE, KY",distinct,3971.78,spec_cond,63.0,-0.0414,-143.7188,nitrate+water_temp+spec_cond+turbidity_fnu+diss_oxy+ph,discharge+gage_height+water_temp+spec_cond+diss_oxy+ph,True,True,
635,USGS:04168000,USGS:04168400,,,,"LOWER RIVER ROUGE AT INKSTER, MI","LOWER RIVER ROUGE AT DEARBORN, MI",distinct,3986.76,discharge,886.0,0.9918,-0.1104,discharge,nitrate+discharge+gage_height+water_temp+spec_cond+turbidity_fnu+diss_oxy+ph,True,True,
636,USGS:04073240,USGS:435857089325301,,,,"CHAFFEE CREEK AT I-39 NEAR COLOMA, WI","PLEASANT LAKE NEAR WESTFIELD, WI",distinct,4017.55,,,,,discharge,gage_height,True,False,
637,USGS:03298135,USGS:03298150,,,,"CHENOWETH RUN AT RUCKRIEGAL PARKWAY, KY","CHENOWETH RUN AT GELHAUS LANE NEAR FERN CREEK, KY",distinct,4103.92,discharge,6357.0,0.9421,-0.1566,discharge+gage_height+water_temp+spec_cond+diss_oxy+ph,discharge+gage_height+water_temp+spec_cond+diss_oxy+ph,True,True,
638,USGS:05424500,USGS:05426067,,,,"BEAVER LAKE NEAR HARTLAND, WI","BARK RIVER AT NAGAWICKA ROAD AT DELAFIELD, WI",distinct,4175.63,,,,,gage_height,discharge,False,True,
639,USGS:06727410,USGS:06727500,,,,"FOURMILE CREEK AT LOGAN MILL ROAD NEAR CRISMAN, CO","FOURMILE CREEK AT ORODELL, CO",distinct,4189.17,discharge,1633.0,0.032,0.0062,discharge,discharge,True,True,
640,USGS:413658083344200,USGS:413745083314900,,,,Maumee River nr Walbridge Park nr Holland OH,Maumee River at Fassett St at Toledo OH,distinct,4234.71,spec_cond,157.0,0.9038,-15.1667,water_temp+spec_cond,water_temp+spec_cond,False,True,
641,USGS:413704083335100,USGS:413849083315000,,,,Maumee River at Rossford Marina at Rossford OH,Maumee River at Boers-Boyer Way at Toledo OH,distinct,4287.18,spec_cond,149.0,0.4168,-9.3229,water_temp+spec_cond,water_temp+spec_cond,True,True,
642,USGS:01589180,USGS:01589197,,,,"GWYNNS FALLS AT GLYNDON, MD","GWYNNS FALLS NEAR DELIGHT, MD",distinct,4304.23,discharge,4174.0,0.9432,-0.0824,discharge,discharge,True,True,
643,USGS:06714800,USGS:393947105442501,,,,"LEAVENWORTH CREEK AT MOUTH NEAR GEORGETOWN, CO",LEAVENWORTH CR DIEL SAMPLING SITE LV2 JUNE2012,distinct,4349.74,,,,,discharge+gage_height,water_temp+spec_cond+diss_oxy+ph,True,True,
644,USGS:01421614,USGS:01421618,,,,TOWN BROOK TRIBUTARY SOUTHEAST OF HOBART NY,TOWN BROOK SOUTHEAST OF HOBART NY,distinct,4379.57,discharge,546.0,0.8542,-0.4914,discharge,discharge,True,True,
645,USGS:042085017,USGS:04208502,,,,East Br Big Creek at Brookpark Rd nr Parma OH,Big Creek at Cleveland OH,distinct,4521.26,discharge,1230.0,0.9653,-0.2839,discharge,discharge,True,True,
646,USGS:03352953,USGS:03353000,,,,"WHITE RIVER AT MICHIGAN STREET AT INDIANAPOLIS, IN","WHITE RIVER AT INDIANAPOLIS, IN",distinct,4544.58,discharge,6779.0,0.0802,-1.699,discharge,discharge+gage_height,True,True,
647,USGS:0110588364,USGS:011058837,,,,"QUASHNET R. 0.6 MI DS OF JOHNS POND NR MASHPEE, MA","QUASHNET RIVER AT WAQUOIT VILLAGE, MA",distinct,4591.35,discharge,950.0,0.8573,-0.2679,discharge+gage_height,discharge,True,True,
648,USGS:03293000,USGS:03293500,,,,"M FK BEARGRASS AT OLD CANNONS LN AT LOUISVILLE, KY","M FK BEARGRASS CR AT LEXINGTON RD AT LOUISVILLE,KY",distinct,4734.43,discharge,6581.0,0.9294,-0.0578,discharge+gage_height+water_temp+spec_cond+diss_oxy+ph,discharge+gage_height+water_temp+spec_cond+turbidity_fnu+diss_oxy+ph,True,True,
649,USGS:04092677,USGS:413611087201101,,,,"GRAND CALUMET RIVER AT INDUSTRIAL HWY AT GARY, IN","CITY HALL WEST FLUME AT GARY, IN",distinct,4764.39,discharge,282.0,-0.108,14.4653,discharge+gage_height+water_temp+diss_oxy,discharge+gage_height+spec_cond,True,True,
650,USGS:04092677,USGS:413611087201001,,,,"GRAND CALUMET RIVER AT INDUSTRIAL HWY AT GARY, IN","CITY HALL NORTH FLUME AT GARY, IN",distinct,4787.23,discharge,205.0,-0.0015,14.5147,discharge+gage_height+water_temp+diss_oxy,discharge+gage_height+spec_cond,True,True,
651,USGS:04092677,USGS:413611087201002,,,,"GRAND CALUMET RIVER AT INDUSTRIAL HWY AT GARY, IN","CITY HALL SOUTH FLUME AT GARY, IN",distinct,4787.23,discharge,247.0,-0.1195,14.4802,discharge+gage_height+water_temp+diss_oxy,discharge+gage_height+spec_cond,True,True,
652,USGS:04092677,USGS:413612087200901,,,,"GRAND CALUMET RIVER AT INDUSTRIAL HWY AT GARY, IN","CITY HALL NORTHEAST FLUME AT GARY, IN",distinct,4806.73,discharge,284.0,-0.0215,14.5061,discharge+gage_height+water_temp+diss_oxy,discharge+gage_height+spec_cond,True,True,
653,USGS:04092677,USGS:413611087200901,,,,"GRAND CALUMET RIVER AT INDUSTRIAL HWY AT GARY, IN","CITY HALL SOUTHEAST FLUME AT GARY, IN",distinct,4810.07,discharge,230.0,-0.0701,14.4982,discharge+gage_height+water_temp+diss_oxy,discharge+gage_height+spec_cond,True,True,
654,USGS:05059465,USGS:05059500,,,,"SHEYENNE RIVER DIV ON SHEYENNE ST AT W FARGO, ND","SHEYENNE RIVER AT WEST FARGO, ND",distinct,5220.82,discharge,183.0,0.9161,-12.4877,discharge+gage_height,discharge+gage_height,True,True,
655,USGS:413658083344200,USGS:413849083315000,,,,Maumee River nr Walbridge Park nr Holland OH,Maumee River at Boers-Boyer Way at Toledo OH,distinct,5245.77,spec_cond,137.0,0.4549,-24.125,water_temp+spec_cond,water_temp+spec_cond,False,True,
656,USGS:07103784,USGS:07103791,,,,"GOAT CAMP CREEK ABV RESERVOIR NO. 4 AT USAFA, CO","LEHMAN RUN BLW STADIUM BLVD AT USAFA, CO",distinct,5263.44,discharge,1712.0,0.2988,0.0,discharge,discharge,False,True,
657,USGS:04087120,USGS:04087142,,,,"MENOMONEE RIVER AT WAUWATOSA, WI","MENOMONEE RIVER AT 16TH STREET AT MILWAUKEE, WI",distinct,5468.01,discharge,4331.0,0.9006,-7.7579,discharge+gage_height,discharge+gage_height+water_temp+turbidity_fnu+turbidity_ntu,True,True,
658,USGS:04167000,USGS:04167150,,,,"MIDDLE RIVER ROUGE NEAR GARDEN CITY, MI","MIDDLE RIVER ROUGE AT DEARBORN HEIGHTS, MI",distinct,5559.22,discharge,803.0,0.6833,-0.1316,discharge,discharge+water_temp+spec_cond+turbidity_fnu+diss_oxy+ph,True,True,
659,USGS:05451070,USGS:05451080,,,,"South Fork Iowa River Headwaters nr Blairsburg, IA","South Fork Iowa River near Blairsburg, IA",distinct,5899.57,discharge,203.0,0.5702,-0.333,discharge,discharge+gage_height+water_temp+spec_cond+diss_oxy+ph,True,True,
660,USGS:03353460,USGS:03353500,,,,"EAGLE CREEK AT CLERMONT, IN","EAGLE CREEK AT INDIANAPOLIS, IN",distinct,6218.38,discharge,6799.0,0.9883,-0.1444,discharge,discharge,True,True,
661,USGS:05059460,USGS:05059500,,,,"SHEYENNE RIVER ON 32ND AVE E AT WEST FARGO, ND","SHEYENNE RIVER AT WEST FARGO, ND",distinct,6349.04,discharge,183.0,0.9182,-6.5129,discharge+gage_height,discharge+gage_height,True,True,
662,USGS:03352988,USGS:03353120,,,,"POGUES RUN AT VERMONT STREET AT INDIANAPOLIS, IN","PLEASANT RUN AT ARLINGTON AV AT INDIANAPOLIS, IN",distinct,6426.75,discharge,6801.0,0.8551,-0.0062,discharge,discharge,False,True,
663,USGS:06144395,USGS:06147950,,,,Middle C bl Middle C Re nr Govenlock Sask,Gaff Ditch near Merryflat Sask,distinct,6638.49,discharge,4500.0,0.1115,-0.0011,discharge,discharge,False,False,
664,USGS:03353451,USGS:03353500,,,,"EAGLE CREEK BELOW RESERVOIR AT INDIANAPOLIS, IN","EAGLE CREEK AT INDIANAPOLIS, IN",distinct,6722.5,discharge,3186.0,0.2737,-0.1699,discharge,discharge,True,True,
665,USGS:07374525,USGS:295124089542100,,,,"Mississippi River at Belle Chasse, LA","Caernarvon Outfall Channel at Caernarvon, LA",distinct,6785.07,discharge,260.0,0.553,10935.2468,discharge+gage_height+turbidity_fnu,discharge+gage_height+water_temp+spec_cond,True,False,
666,USGS:03353633,USGS:03353637,,,,"DERBYSHIRE CK ABOVE MCFARLAND RD AT SOUTHPORT, IN","LITTLE BUCK CREEK NEAR INDIANAPOLIS, IN",distinct,6919.76,,,,,water_temp,discharge,True,True,
667,USGS:06714800,USGS:393827105451601,,,,"LEAVENWORTH CREEK AT MOUTH NEAR GEORGETOWN, CO",LC-2023-S T3 LEAVENWORTH CK 2023M DS FR INJ,distinct,6947.88,,,,,discharge+gage_height,water_temp+spec_cond+diss_oxy+ph,True,True,
668,USGS:02011460,USGS:02011470,,,,"BACK CREEK NEAR SUNRISE, VA","BACK CREEK AT SUNRISE, VA",distinct,7207.47,discharge,6801.0,0.9368,-0.2549,discharge,discharge+water_temp,True,True,
669,USGS:06720460,USGS:06720480,,,,"FIRST CR BEL BUCKLEY RD, AT ROCKY MTN ARSENAL, CO","FIRST CR AB 96TH AVE, AT ROCKY MTN ARSENAL, CO",distinct,7412.06,discharge,1096.0,0.5824,0.0164,discharge,discharge,True,True,
670,USGS:06720255,USGS:06720480,,,,"UVALDA INTERCEPT BL 56TH AV AT ROCKY MTN ARS, CO","FIRST CR AB 96TH AVE, AT ROCKY MTN ARSENAL, CO",distinct,7634.01,discharge,1096.0,0.449,0.0006,discharge,discharge,False,True,
671,USGS:06714800,USGS:393812105453801,,,,"LEAVENWORTH CREEK AT MOUTH NEAR GEORGETOWN, CO",LC-1203-L LEAV CK LFT BK INF 1203M DS FR INJ WCX T,distinct,7639.42,,,,,discharge+gage_height,water_temp+spec_cond+ph,True,True,
672,USGS:06714800,USGS:393812105453803,,,,"LEAVENWORTH CREEK AT MOUTH NEAR GEORGETOWN, CO",LEAVENWORTH CR DIEL SAMPLING SITE LV1 JUNE2012,distinct,7640.11,,,,,discharge+gage_height,water_temp+spec_cond+diss_oxy+ph,True,True,
673,USGS:06714800,USGS:393810105453901,,,,"LEAVENWORTH CREEK AT MOUTH NEAR GEORGETOWN, CO",LC-1137-S T2 LEAVENWORTH CK 1137M DS FR INJ,distinct,7695.36,,,,,discharge+gage_height,water_temp+spec_cond+ph,True,True,
674,USGS:07287150,USGS:07287160,,,,"ABIACA CREEK NR SEVEN PINES, MS","ABIACA CREEK AT CRUGER, MS",distinct,7939.07,discharge,1368.0,0.9162,-0.0127,discharge+gage_height,discharge+gage_height,True,True,
675,USGS:04165710,USGS:422204083023901,,,,"DETROIT RIVER AT FORT WAYNE AT DETROIT, MI",COMBINED SEWER ACCESS SITE B AT RECOVERY PARK,distinct,8752.51,,,,,discharge+gage_height,water_temp+spec_cond,True,False,
676,USGS:04165710,USGS:422207083023601,,,,"DETROIT RIVER AT FORT WAYNE AT DETROIT, MI",COMBINED SEWER ACCESS SITE E AT RECOVERY PARK,distinct,8859.95,,,,,discharge+gage_height,water_temp+spec_cond,True,False,
677,USGS:05535000,USGS:05535070,,,,"SKOKIE RIVER AT LAKE FOREST, IL","SKOKIE RIVER NEAR HIGHLAND PARK, IL",distinct,9014.04,discharge,6798.0,0.9476,-0.1314,discharge+gage_height,discharge+gage_height,True,True,
678,USGS:05551675,USGS:05551700,,,,"BLACKBERRY CREEK NEAR MONTGOMERY, IL","BLACKBERRY CREEK NEAR YORKVILLE, IL",distinct,9089.93,discharge,6803.0,0.9476,-0.1897,discharge+gage_height,discharge+gage_height,True,True,
679,USGS:05401034,USGS:05401067,,,,"S.BR.TENMILE CREEK NEAR BANCROFT, WI","PLAINFIELD LAKE NEAR PLAINFIELD, WI",distinct,9596.48,,,,,discharge,gage_height,True,False,
680,USGS:06144350,USGS:06144395,,,,Middle Creek near Saskatchewan Boundary,Middle C bl Middle C Re nr Govenlock Sask,distinct,9619.33,discharge,4249.0,0.206,0.0119,discharge,discharge,False,False,
681,USGS:05401034,USGS:05401065,,,,"S.BR.TENMILE CREEK NEAR BANCROFT, WI","LONG LAKE NEAR PLAINFIELD, WI",distinct,10018.51,,,,,discharge,gage_height,True,False,
682,USGS:01349711,USGS:01349810,,,,WEST KILL BELOW HUNTER BROOK NEAR SPRUCETON NY,WEST KILL NEAR WEST KILL NY,distinct,10766.21,discharge,6800.0,0.9526,-0.8495,discharge,discharge,True,True,
683,USGS:05401034,USGS:05401063,,,,"S.BR.TENMILE CREEK NEAR BANCROFT, WI","LAKE HURON NEAR PLAINFIELD, WI",distinct,13468.85,,,,,discharge,gage_height,True,False,
684,USGS:06149200,USGS:06149400,,,,Richardson Ditch near Consul Sask,Nashlyn Canal near Consul Sask,distinct,14494.87,discharge,4846.0,-0.0115,0.0,discharge,discharge,False,False,
685,USGS:06144350,USGS:06147950,,,,Middle Creek near Saskatchewan Boundary,Gaff Ditch near Merryflat Sask,distinct,15737.54,discharge,4218.0,0.1038,0.0091,discharge,discharge,False,False,
686,USGS:06144270,USGS:06144395,,,,Spangler Ditch near Govenlock Sask,Middle C bl Middle C Re nr Govenlock Sask,distinct,28230.88,discharge,4751.0,0.2857,0.0,discharge,discharge,False,False,
687,USGS:06144270,USGS:06144350,,,,Spangler Ditch near Govenlock Sask,Middle Creek near Saskatchewan Boundary,distinct,31017.15,discharge,4343.0,-0.0315,-0.0119,discharge,discharge,False,False,
688,USGS:06144270,USGS:06147950,,,,Spangler Ditch near Govenlock Sask,Gaff Ditch near Merryflat Sask,distinct,31319.03,discharge,4599.0,0.1462,0.0,discharge,discharge,False,False,
689,IWQIS:WQS0032,USGS:05483600,merge,,,Middle Raccoon River at Panora (32),"Middle Raccoon River at Panora, IA",sequential,4.12,nitrate,0.0,,,nitrate+water_temp+spec_cond+turbidity_unknown+diss_oxy+ph,nitrate+discharge+gage_height,True,True,2015-11-10..2016-03-31
690,IWQIS:WQS0081,USGS:05481000,merge,isaac (build2),,Boone River at Webster City (81BRWC),"Boone River near Webster City, IA",sequential,22.4,nitrate,0.0,,,nitrate+water_temp+turbidity_unknown,nitrate+discharge+gage_height+water_temp,True,True,2017-09-30..2018-04-06
691,IWQIS:WQS0028,IWQIS:WQS9902,distinct,isaac (build2),,Des Moines River at Boone (28DMRB),WQS9902,sequential,24.65,nitrate,0.0,,,nitrate+water_temp+spec_cond+diss_oxy+ph+fchl,nitrate+water_temp+spec_cond+turbidity_unknown+diss_oxy+ph+fchl+orthophosphate,True,True,2016-10-17..2017-05-12
692,IWQIS:WQP0011,USGS:05455100,merge,isaac (build2),right on top of one another,Old Mans Creek at Iowa City (WQP11 OMCIC),"Old Mans Creek near Iowa City, IA",sequential,45.29,nitrate,0.0,,,nitrate,nitrate+discharge+gage_height+water_temp,True,True,2015-10-30..2025-05-06
693,IWQIS:WQS0024,USGS:05451210,merge,isaac (build2),,South Fork Iowa River at New Providence (24SFINP),"South Fork Iowa River NE of New Providence, IA",sequential,51.79,nitrate,0.0,,,nitrate+water_temp+spec_cond+turbidity_unknown+diss_oxy+ph+fchl,nitrate+discharge+gage_height+water_temp+spec_cond+turbidity_fnu+turbidity_ntu+diss_oxy+ph+fdom,True,True,2011-11-27..2015-04-17
694,IWQIS:WQS0029,IWQIS:WQS9902,distinct,isaac (build2),,Water supply well at Boone (29gwDMRB),WQS9902,sequential,245.04,nitrate,0.0,,,nitrate,nitrate+water_temp+spec_cond+turbidity_unknown+diss_oxy+ph+fchl+orthophosphate,True,True,2016-05-13..2017-05-12
695,IWQIS:WQP0004,IWQIS:WQP0014,distinct,isaac (build2),"one is in river, one is a in-field research project NOT in the river",Blind Inlet at Walcott (4BISC),In-Field Research Project at Walcott (WQP 14),sequential,835.37,nitrate,0.0,,,nitrate,nitrate+water_temp+turbidity_unknown,True,True,2025-06-11..2025-07-29
696,IWQIS:WQS0087,USGS:05465500,merge,isaac (build2),,Iowa River at Wapello (87IRW),"Iowa River at Wapello, IA",complementary,1.7,water_temp,0.0,,,water_temp+turbidity_unknown,nitrate+discharge+gage_height+water_temp+turbidity_fnu,True,True,2018-04-21..2018-11-13
697,IWQIS:WQP0014,IWQIS:WQP0015,merge,isaac (build2),,In-Field Research Project at Walcott (WQP 14),In-Field Research Project at Walcott (WQP 15),complementary,8.27,water_temp,345.0,0.9742,-0.1271,nitrate+water_temp+turbidity_unknown,water_temp+turbidity_unknown,True,True,
698,IWQIS:WQS0105,IWQIS:WQS0106,distinct,isaac (build2),,Benton County DOT Ditch 1 (105BCD1),Benton County DOT Ditch 2 (106BCD2),weak_evidence,197.54,water_temp,698.0,0.9126,-0.3564,water_temp+turbidity_unknown,water_temp+turbidity_unknown,True,True,
699,IWQIS:WQS0089,USGS:06817000,merge,isaac (build2),,Nodaway River at Clarinda (89NRC),"Nodaway River at Clarinda, IA",weak_evidence,441.5,water_temp,53.0,0.9223,0.4269,water_temp+turbidity_unknown,nitrate+discharge+gage_height+water_temp,True,True,
700,IWQIS:WQS0092,USGS:05482000,distinct,isaac (build2),,Des Moines River at Des Moines (92DMRDM),"Des Moines River at 2nd Avenue at Des Moines, IA",weak_evidence,1878.12,water_temp,494.0,0.9936,0.1911,water_temp+turbidity_unknown,nitrate+discharge+gage_height+water_temp,True,True,
701,IWQIS:WQS0082,USGS:05482500,distinct,isaac (build2),"IWQIS site has 22 days all exist in the USGS record, it will be caught and discarded by the filter",North Raccoon River at Jefferson (82NRRJ),"North Raccoon River near Jefferson, IA",dual_registration,8.12,nitrate,22.0,0.8871,0.0,nitrate+water_temp+turbidity_unknown,nitrate+discharge+gage_height+water_temp,True,True,
702,MPCA:48020005,USGS:05457000,merge,isaac (build2),same exact site,"Cedar River nr Austin, 540th Ave","CEDAR RIVER NEAR AUSTIN, MN",dual_registration,44.38,nitrate,592.0,0.9995,0.0,nitrate+water_temp+turbidity_unknown,nitrate+discharge+gage_height+turbidity_fnu,False,False,
703,USGS:412354086421005,USGS:412354086421006,distinct,isaac (build2),"is a well pair, doesn't matter anyways","KANKAKEE WELL FIELD SH-3 NEAR HANNA, IN","KANKAKEE WELL FIELD WT-3 NEAR HANNA, IN",distinct,0.0,nitrate,739.0,-0.3923,-6.36,nitrate,nitrate,True,True,
704,USGS:443320089212303,USGS:443320089212304,distinct,isaac (build2),"another well pair, one has zero one has high nitrate",PT-24/09E/13-1447,PT-24/09E/13-1573,distinct,0.95,nitrate,980.0,0.1504,-5.22,nitrate+water_temp+spec_cond+diss_oxy+ph,nitrate+water_temp+spec_cond+diss_oxy+ph,True,True,
705,USGS:401934089541701,USGS:401934089541702,distinct,isaac (build2),well pair,22N7W-29.1d1 (DP-1),22N7W-29.1d2 (SH-1),distinct,3.11,nitrate,1031.0,-0.0203,-1.9,nitrate,nitrate,True,True,
706,IWQIS:WQS0005,IWQIS:WQS9904,distinct,isaac (build2),"one of these is a WQS99*, will be tossed, 4 site days",English River at Kalona (5ENGK),WQS9904,distinct,11.19,nitrate,4.0,,1.76,nitrate+water_temp+spec_cond+turbidity_unknown+diss_oxy+ph+orthophosphate,nitrate+water_temp+diss_oxy+ph,True,True,
707,IWQIS:WQS0083,IWQIS:WQS0085,distinct,isaac (build2),one of these has 2 site days,Shell Rock River at Shell Rock (83 SRRSR),WQS0085,distinct,13.83,nitrate,1.0,,-0.04,nitrate+water_temp+turbidity_unknown,nitrate+water_temp+turbidity_unknown,True,True,
708,IWQIS:WQS0007,IWQIS:WQS9903,distinct,isaac (build2),another 2 site days site,Cedar River at Conesville (7CRC),WQS9903,distinct,20.01,nitrate,13.0,0.1563,0.15,nitrate+water_temp+spec_cond+turbidity_unknown+diss_oxy+ph+fchl,nitrate+water_temp+spec_cond+turbidity_unknown+diss_oxy+ph,True,True,
709,IWQIS:WQS0031,IWQIS:WQS9931,distinct,isaac (build2),,Groundwater / Spring at Elkader (31gwBSFH),Groundwater / Spring at Elkader (99qwBSFH),distinct,41.43,nitrate,3.0,,12.46,nitrate+water_temp+spec_cond+turbidity_unknown+diss_oxy+ph+fchl+orthophosphate,nitrate+orthophosphate,True,True,
710,IWQIS:WQP0006,IWQIS:WQP0007,distinct,,,Saturated Waterway 1 at Reinbeck,Saturated Waterway 2 at Reinbeck,distinct,157.21,nitrate,765.0,0.8377,1.08,nitrate,nitrate+water_temp+spec_cond+diss_oxy+ph+fchl,True,True,
711,IWQIS:WQS0028,IWQIS:WQS0029,distinct,isaac (build2),,Des Moines River at Boone (28DMRB),Water supply well at Boone (29gwDMRB),distinct,259.89,nitrate,75.0,0.344,1.42,nitrate+water_temp+spec_cond+diss_oxy+ph+fchl,nitrate,True,True,
712,IWQIS:WQP0002,IWQIS:WQS0001,distinct,,,WQP0002,Iowa River at Iowa City (1IAIC),distinct,507.88,nitrate,195.0,0.9257,-1.72,nitrate+orthophosphate,nitrate+water_temp+spec_cond+turbidity_unknown+diss_oxy+ph+fchl,False,True,
713,USGS:03340870,USGS:03340900,distinct,isaac (build2),,"CECIL M. HARDEN LAKE AT FERNDALE, IN","BIG RACCOON CREEK AT FERNDALE, IN",distinct,719.15,nitrate,202.0,0.9573,0.3,nitrate+water_temp+spec_cond+turbidity_fnu+diss_oxy+ph+fchl+fpc,nitrate+discharge+gage_height+water_temp+spec_cond+turbidity_fnu+diss_oxy+ph+fchl+fpc,False,True,
714,IWQIS:WQS0101,IWQIS:WQS0112,distinct,isaac (build2),"actual separation, same timeseries shape but B lower than A",Mud Creek at Benton County (101MCBC1),Mud Creek Wetland Outlet at Keystone (112 MCWO),distinct,817.53,nitrate,398.0,0.5708,5.105,nitrate,nitrate,True,True,
715,USGS:401913089534501,USGS:401934089541702,distinct,isaac (build2),I think a water treatment pair,22N7W-28.5a (IL Tree Nursery),22N7W-29.1d2 (SH-1),distinct,1000.45,nitrate,1013.0,-0.027,12.3,nitrate+water_temp+spec_cond+turbidity_fnu+diss_oxy+ph,nitrate,True,True,
716,USGS:401913089534501,USGS:401934089541701,distinct,isaac (build2),pretty sure one is a well,22N7W-28.5a (IL Tree Nursery),22N7W-29.1d1 (DP-1),distinct,1002.47,nitrate,1240.0,-0.3113,15.0,nitrate+water_temp+spec_cond+turbidity_fnu+diss_oxy+ph,nitrate,True,True,
717,USGS:05515500,USGS:412354086421005,distinct,isaac (build2),stream/well pair,"KANKAKEE RIVER AT DAVIS, IN","KANKAKEE WELL FIELD SH-3 NEAR HANNA, IN",distinct,1013.02,nitrate,1027.0,0.0872,-1.98,nitrate+discharge+gage_height+water_temp+spec_cond+turbidity_fnu+diss_oxy+ph+fchl+fpc,nitrate,True,True,
718,USGS:05515500,USGS:412354086421006,distinct,isaac (build2),"stream/well pair, same COMID as 16","KANKAKEE RIVER AT DAVIS, IN","KANKAKEE WELL FIELD WT-3 NEAR HANNA, IN",distinct,1013.02,nitrate,806.0,0.0741,-8.195,nitrate+discharge+gage_height+water_temp+spec_cond+turbidity_fnu+diss_oxy+ph+fchl+fpc,nitrate,True,True,
719,USGS:05579620,USGS:05579624,distinct,isaac (build2),actual separation,"KICKAPOO CREEK TRIBUTARY NEAR BLOOMINGTON, IL","KICKAPOO CR TRIB NR LONGFIELD RD NR BLOOMINGTON,IL",distinct,1131.43,nitrate,237.0,0.9932,0.48,nitrate+discharge+gage_height+water_temp+spec_cond,nitrate+water_temp+spec_cond,True,True,
720,USGS:03353415,USGS:03353420,distinct,isaac (build2),same exact site,"SCHOOL BRANCH AT MALONEY ROAD NEAR BROWNSBURG, IN","SCHOOL BRANCH AT CR750N AT BROWNSBURG, IN",distinct,1565.82,nitrate,2830.0,0.9371,-0.12,nitrate+discharge+gage_height+water_temp+spec_cond+turbidity_fnu+diss_oxy+ph+orthophosphate,nitrate+discharge+gage_height+water_temp+spec_cond+turbidity_fnu+diss_oxy+ph+orthophosphate,True,False,
721,IWQIS:WQP0008,IWQIS:WQP0009,distinct,,,Alleman Creek at Alleman (Saturated Buffer 1),Alleman Creek at Alleman (Saturated Buffer 2),distinct,2076.94,nitrate,408.0,0.5775,0.24,nitrate,nitrate,True,True,
722,USGS:07144100,USGS:375350097262800,distinct,isaac (build2),"genuinely different, one downstream of the other.","L ARKANSAS R NR SEDGWICK, KS","L ARKANSAS R UPSTREAM OF ASR FAC NR SEDGWICK, KS",distinct,2141.18,nitrate,3344.0,0.902,-0.1,nitrate+discharge+gage_height+water_temp+spec_cond+turbidity_fnu+diss_oxy+ph+fdom,nitrate+gage_height+water_temp+spec_cond+turbidity_fnu+diss_oxy+ph+fdom,True,True,
